tick,basin_frac,basin_level_ml,dc_total_draw_ml,community_received_ml,farm_total_received_ml,community_complaints,active_cap,total_dc_capacity_ml
0,0.8016507017822193,24049.52105346658,6.47153638248844,15.0,4.001622700429246,0,0,10.784229618943941
1,0.8033012033121528,24099.036099364585,6.473772991767517,15.0,4.010949603632825,0,0,10.784229618943941
2,0.8049510375346707,24148.53112604012,6.4772868823725,15.0,4.025602908457779,0,0,10.784229618943941
3,0.806599737592381,24197.99212777143,6.482077013061764,15.0,4.0455782728136445,0,0,10.784229618943941
4,0.808246836963969,24247.405108919073,6.488141964416211,15.0,4.0708697775688565,0,0,10.784229618943941
5,0.809891869602438,24296.75608807314,6.495479939259858,15.0,4.1014699283047245,0,0,10.784229618943941
6,0.8115343700732088,24346.031102196266,6.504088763192396,15.0,4.13736965753618,0,0,10.784229618943941
7,0.8131738736920384,24395.21621076115,6.513965885233497,15.0,4.1785583273986715,0,0,10.784229618943941
8,0.8148099166627152,24444.297499881457,6.525108378578736,15.0,4.225023732800391,0,0,10.784229618943941
9,0.816442036214493,24493.261086434788,6.5375129414668605,15.0,4.276752105038916,0,0,10.784229618943941
10,0.8180697707392187,24542.09312217656,6.5511758981581725,15.0,4.333728115881163,0,0,10.784229618943941
11,0.8196926599281176,24590.779797843526,6.566093200023736,15.0,4.395934882105474,0,0,10.784229618943941
12,0.8213102449081927,24639.30734724578,6.582260426745064,15.0,4.463353970504487,0,0,10.784229618943941
13,0.8229220683781981,24687.662051345946,6.599672787623963,15.0,4.535965403347284,0,0,10.784229618943941
14,0.8245276747441485,24735.830242324453,6.618325123002117,15.0,4.613747664299231,0,0,10.784229618943941
15,0.8261266102543197,24783.79830762959,6.638211905789999,15.0,4.696677704797731,0,0,10.784229618943941
16,0.8277184231337069,24831.552694011207,6.659327243104681,15.0,4.784730950882005,0,0,10.784229618943941
17,0.8293026637178941,24879.07991153682,6.681664878016008,15.0,4.877881310474896,0,0,10.784229618943941
18,0.8308788845862997,24926.36653758899,6.705218191400668,15.0,4.976101181114506,0,0,10.784229618943941
19,0.8324466406947572,24973.399220842715,6.7299802039035885,15.0,5.079361458133407,0,0,10.784229618943941
20,0.8340054895073911,25020.16468522173,6.755943578006053,15.0,5.187631543282978,0,0,10.784229618943941
21,0.8355549911277497,25066.64973383249,6.783100620199981,15.0,5.300879353800329,0,0,10.784229618943941
22,0.8370947084291566,25112.841252874696,6.811443283267671,15.0,5.419071331915117,0,0,10.784229618943941
23,0.8386242071842395,25158.726215527186,6.840963168666376,15.0,5.5421724547934375,0,0,10.784229618943941
24,0.8401430561936026,25204.29168580808,6.8716515290169555,15.0,5.670146244915832,0,0,10.784229618943941
25,0.8416508274135993,25249.52482240798,6.903499270695935,15.0,5.802954780886399,0,0,10.784229618943941
26,0.8431470960831712,25294.412882495137,6.936496956530117,15.0,5.940558708669677,0,0,10.784229618943941
27,0.8446314408497135,25338.943225491406,6.970634808593045,15.0,6.082917253252132,0,0,10.784229618943941
28,0.8461034438939318,25383.103316817953,7.005902711102399,15.0,6.229988230724662,0,0,10.784229618943941
29,0.8475626910536497,25426.88073160949,7.042290213417517,15.0,6.38172806078258,0,0,10.784229618943941
30,0.8490087719465351,25470.263158396054,7.079786533136161,15.0,6.538091779639428,0,0,10.784229618943941
31,0.8504412800917049,25513.238402751147,7.118380559289558,15.0,6.699033053350709,0,0,10.784229618943941
32,0.8518598130301739,25555.794390905216,7.158060855634831,15.0,6.864504191543617,0,0,10.784229618943941
33,0.8532639724441122,25597.919173323367,7.198815664043807,15.0,7.0344561615487535,0,0,10.784229618943941
34,0.8546533642748759,25639.600928246276,7.240632907987191,15.0,7.208838602929541,0,0,10.784229618943941
35,0.8560275988397742,25680.827965193224,7.28350019611311,15.0,7.387599842405107,0,0,10.784229618943941
36,0.8573862909475413,25721.58872842624,7.3274048259189435,15.0,7.570686909162227,0,0,10.784229618943941
37,0.8587290600124773,25761.87180037432,7.372333787515339,15.0,7.758045550551668,0,0,10.784229618943941
38,0.8600555301672232,25801.665905016696,7.418273767481331,15.0,7.949620248164461,0,0,10.784229618943941
39,0.861365330374139,25840.95991122417,7.4652111528093865,15.0,8.145354234283175,0,0,10.784229618943941
40,0.8626580945352499,25879.742836057496,7.513132034939243,15.0,8.345189508703445,0,0,10.784229618943941
41,0.863933461600729,25918.00384802187,7.562022213879309,15.0,8.54906685592066,0,0,10.784229618943941
42,0.8651910756758848,25955.732270276545,7.611867202414425,15.0,8.756925862676805,0,0,10.784229618943941
43,0.8664305861266194,25992.917583798582,7.6626522303987485,15.0,8.968704935862213,0,0,10.784229618943941
44,0.8676516476833299,26029.549430499897,7.7143622491324555,15.0,9.184341320766936,0,0,10.784229618943941
45,0.8688539205432187,26065.617616296564,7.766981935821001,15.0,9.403771119676303,0,0,10.784229618943941
46,0.8700370704709847,26101.11211412954,7.820495698115595,15.0,9.626929310805231,0,0,10.784229618943941
47,0.8712007688978639,26136.02306693592,7.874887678733546,15.0,9.853749767565521,0,0,10.784229618943941
48,0.8723446930189926,26170.34079056978,7.930141760157124,15.0,10.084165278160665,0,0,10.784229618943941
49,0.8734685258890597,26204.05577667179,7.98624156940952,15.0,10.318107565502089,0,0,10.784229618943941
50,0.8745719565162259,26237.158695486778,8.043170482906522,15.0,10.555507307441168,0,0,10.784229618943941
51,0.875654679954277,26269.64039862831,8.10091163138243,15.0,10.79629415731086,0,0,10.784229618943941
52,0.8767163973929856,26301.491921789566,8.159447904888802,15.0,11.040396764770946,0,0,10.784229618943941
53,0.8777568162466548,26332.704487399646,8.218761957864475,15.0,11.287742796950663,0,0,10.784229618943941
54,0.8787756502408189,26363.26950722457,8.278836214275454,15.0,11.538258959882521,0,0,10.784229618943941
55,0.8797726194970716,26393.178584912148,8.339652872823054,15.0,11.791871020220853,0,0,10.784229618943941
56,0.880747450616,26422.42351848,8.401193912218815,15.0,12.04850382723879,0,0,10.784229618943941
57,0.8816998767581996,26450.99630274599,8.463441096524603,15.0,12.308081335097018,0,0,10.784229618943941
58,0.8826296377233436,26478.889131700307,8.526375980556303,15.0,12.57052662537782,0,0,10.784229618943941
59,0.8835364800272865,26506.094400818594,8.589979915349527,15.0,12.835761929877656,0,0,10.784229618943941
60,0.8844201569771769,26532.604709315307,8.654234053685714,15.0,13.103708653651552,0,0,10.784229618943941
61,0.8852804287445575,26558.412862336725,8.719119355676957,15.0,13.374287398302483,0,0,10.784229618943941
62,0.8861170624364317,26583.511873092953,8.784616594407936,15.0,13.647417985508852,0,0,10.784229618943941
63,0.8869298321642751,26607.894964928255,8.850706361633268,15.0,13.923019480783028,0,0,10.784229618943941
64,0.8877185191109707,26631.55557332912,8.917369073528592,15.0,14.201010217453991,0,0,10.784229618943941
65,0.888482911595649,26654.487347869468,8.984584976493672,15.0,14.481307820866933,0,0,10.784229618943941
66,0.8892228051364143,26676.68415409243,9.052334153005821,15.0,14.763829232792647,0,0,10.784229618943941
67,0.8899380025109368,26698.140075328105,9.120596527521895,15.0,15.048490736039465,0,0,10.784229618943941
68,0.8906283138148935,26718.849414446806,9.1893518724271,15.0,15.335207979260481,0,0,10.784229618943941
69,0.8912935565182413,26738.80669554724,9.258579814028876,15.0,15.623896001948658,0,0,10.784229618943941
70,0.8919335555193044,26758.006665579134,9.32825983859407,15.0,15.914469259612485,0,0,10.784229618943941
71,0.8925481431966609,26776.444295899826,9.398371298427584,15.0,16.206841649124623,0,0,10.784229618943941
72,0.8931371594588122,26794.114783764366,9.468893417990737,15.0,16.500926534236147,0,0,10.784229618943941
73,0.8937004517916224,26811.01355374867,9.539805300057512,15.0,16.796636771248735,0,0,10.784229618943941
74,0.8942378753035107,26827.136259105322,9.611085931906851,15.0,17.0938847348372,0,0,10.784229618943941
75,0.8947492927683866,26842.478783051596,9.682714191549175,15.0,17.392582344014798,0,0,10.784229618943941
76,0.8952345746663121,26857.03723998936,9.754668853985283,15.0,17.692641088233515,0,0,10.784229618943941
77,0.8956935992218819,26870.807976656455,9.826928597495792,15.0,17.99397205361163,0,0,10.784229618943941
78,0.896126252440308,26883.78757320924,9.899472009959204,15.0,18.29648594928085,0,0,10.784229618943941
79,0.8965324281411987,26895.972844235963,9.97227759519679,15.0,18.600093133845107,0,0,10.784229618943941
80,0.8969120279900223,26907.360839700672,10.045323779342372,15.0,18.90470364194323,0,0,10.784229618943941
81,0.8972649615272457,26917.94884581737,10.118588917235122,15.0,19.21022721090764,0,0,10.784229618943941
82,0.8975911461951388,26927.734385854164,10.19205129883349,15.0,19.51657330751111,0,0,10.784229618943941
83,0.8978905073622395,26936.715220867187,10.265689155648364,15.0,19.823651154793737,0,0,10.784229618943941
84,0.8981629783454677,26944.88935036403,10.33948066719353,15.0,20.131369758962073,0,0,10.784229618943941
85,0.8984085004298847,26952.25501289654,10.413403967451572,15.0,20.439637936352604,0,0,10.784229618943941
86,0.8986270228860925,26958.810686582776,10.487437151353221,15.0,20.748364340451392,0,0,10.784229618943941
87,0.8988185029852659,26964.555089557976,10.561558281268324,15.0,21.05745748896204,0,0,10.784229618943941
88,0.898982906011813,26969.48718035439,10.635745393506422,15.0,21.366825790913865,0,0,10.784229618943941
89,0.8991202052736637,26973.60615820991,10.709976504825068,15.0,21.676377573802295,0,0,10.784229618943941
90,0.8992303821101776,26976.91146330533,10.784229618943941,15.0,21.986021110753374,0,0,10.784229618943941
91,0.8993134258976747,26979.40277693024,10.858482733062814,15.0,22.295664647704456,0,0,10.784229618943941
92,0.8993693340525828,26981.080021577483,10.932713844381462,15.0,22.605216430592883,0,0,10.784229618943941
93,0.8993981120322034,26981.943360966103,11.006900956619559,15.0,22.91458473254471,0,0,10.784229618943941
94,0.8993997733330945,26981.993199992834,11.081022086534661,15.0,23.22367788105536,0,0,10.784229618943941
95,0.899374339487071,26981.23018461213,11.15505527043631,15.0,23.53240428515414,0,0,10.784229618943941
96,0.8993218400548249,26979.655201644746,11.22897857069435,15.0,23.840672462544674,0,0,10.784229618943941
97,0.8992423126171653,26977.269378514957,11.302770082239519,15.0,24.14839106671301,0,0,10.784229618943941
98,0.8991358027638825,26974.074082916475,11.376407939054392,15.0,24.455468913995634,0,0,10.784229618943941
99,0.8990023640802395,26970.070922407183,11.449870320652762,15.0,24.76181501059911,0,0,10.784229618943941
100,0.898842058131092,26965.26174393276,11.52313545854551,15.0,25.067338579563515,0,0,10.784229618943941
101,0.898654954442647,26959.64863327941,11.596181642691096,15.0,25.371949087661644,0,0,10.784229618943941
102,0.8984411304818596,26953.233914455788,11.66898722792868,15.0,25.675556272225904,0,0,10.784229618943941
103,0.8982006716334787,26946.020149004362,11.741530640392092,15.0,25.97807016789512,0,0,10.784229618943941
104,0.897933671174745,26938.010135242348,11.8137903839026,15.0,26.27940113327324,0,0,10.784229618943941
105,0.8976402302477507,26929.206907432523,11.885745046338709,15.0,26.57945987749195,0,0,10.784229618943941
106,0.8973204578294702,26919.613734884108,11.957373305981031,15.0,26.87815748666955,0,0,10.784229618943941
107,0.8969744706994665,26909.234120983994,12.02865393783037,15.0,27.175405450258015,0,0,10.784229618943941
108,0.8966023934052875,26898.071802158625,12.099565819897148,15.0,27.4711156872706,0,0,10.784229618943941
109,0.89620435822556,26886.1307467668,12.1700879394603,15.0,27.765200572382128,0,0,10.784229618943941
110,0.8957805051307925,26873.415153923776,12.240199399293813,15.0,28.057572961894262,0,0,10.784229618943941
111,0.8953309817418987,26859.92945225696,12.309879423859007,15.0,28.34814621955809,0,0,10.784229618943941
112,0.8948559432864547,26845.67829859364,12.379107365460785,15.0,28.63683424224627,0,0,10.784229618943941
113,0.8943555525527013,26830.66657658104,12.447862710365989,15.0,28.923551485467286,0,0,10.784229618943941
114,0.8938299798413066,26814.899395239197,12.516125084882061,15.0,29.208212988714102,0,0,10.784229618943941
115,0.893279402914902,26798.382087447062,12.583874261394213,15.0,29.490734400639813,0,0,10.784229618943941
116,0.892704006945408,26781.120208362237,12.651090164359292,15.0,29.771032004052756,0,0,10.784229618943941
117,0.8921039844591623,26763.11953377487,12.717752876254615,15.0,30.04902274072372,0,0,10.784229618943941
118,0.8914795352798717,26744.38605839615,12.783842643479947,15.0,30.324624235997895,0,0,10.784229618943941
119,0.8908308664693992,26724.925994081976,12.849339882210927,15.0,30.597754823204266,0,0,10.784229618943941
120,0.8901581922664069,26704.745767992208,12.914225184202168,15.0,30.868333567855196,0,0,10.784229618943941
121,0.8894617340228731,26683.852020686194,12.978479322538355,15.0,31.136280291629095,0,0,10.784229618943941
122,0.8887417201385005,26662.251604155015,13.042083257331582,15.0,31.401515596128927,0,0,10.784229618943941
123,0.8879983859930366,26639.951579791097,13.10501814136328,15.0,31.663960886409733,0,0,10.784229618943941
124,0.8872319738765254,26616.959216295763,13.167265325669067,15.0,31.923538394267958,0,0,10.784229618943941
125,0.8864427329175121,26593.281987525363,13.22880636506483,15.0,32.180171201285894,0,0,10.784229618943941
126,0.8856309190092203,26568.92757027661,13.28962302361243,15.0,32.43378326162423,0,0,10.784229618943941
127,0.8847967947337259,26543.903842011776,13.34969728002341,15.0,32.68429942455609,0,0,10.784229618943941
128,0.8839406292841477,26518.218878524433,13.409011332999082,15.0,32.9316454567358,0,0,10.784229618943941
129,0.8830626983848805,26491.880951546416,13.467547606505452,15.0,33.175748064195886,0,0,10.784229618943941
130,0.8821632842098915,26464.898526296747,13.525288754981363,15.0,33.41653491406558,0,0,10.784229618943941
131,0.881242675299106,26437.28025897318,13.582217668478362,15.0,33.653934656004665,0,0,10.784229618943941
132,0.8803011664729069,26409.03499418721,13.63831747773076,15.0,33.887876943346086,0,0,10.784229618943941
133,0.8793390587447732,26380.171762343198,13.693571559154337,15.0,34.11829245394123,0,0,10.784229618943941
134,0.8783566592320833,26350.699776962498,13.74796353977229,15.0,34.345112910701516,0,0,10.784229618943941
135,0.8773542810651088,26320.628431953264,13.801477302066884,15.0,34.56827110183045,0,0,10.784229618943941
136,0.8763322432942281,26289.967298826843,13.854096988755426,15.0,34.78770090073981,0,0,10.784229618943941
137,0.8752908707953844,26258.726123861532,13.905807007489136,15.0,35.003337285644534,0,0,10.784229618943941
138,0.8742304941738184,26226.91482521455,13.956592035473458,15.0,35.215116358829945,0,0,10.784229618943941
139,0.8731514496661018,26194.543489983054,14.006437024008575,15.0,35.42297536558608,0,0,10.784229618943941
140,0.8720540790405047,26161.62237121514,14.055327202948641,15.0,35.62685271280331,0,0,10.784229618943941
141,0.8709387294957208,26128.161884871624,14.103248085078498,15.0,35.826687987223565,0,0,10.784229618943941
142,0.8698057535579858,26094.172606739576,14.150185470406555,15.0,36.02242197334229,0,0,10.784229618943941
143,0.8686555089766161,26059.665269298483,14.196125450372545,15.0,36.21399667095508,0,0,10.784229618943941
144,0.8674883586179998,26024.650758539992,14.24105441196894,15.0,36.40135531234452,0,0,10.784229618943941
145,0.8663046703580716,25989.140110742148,14.284959041774773,15.0,36.584442379101645,0,0,10.784229618943941
146,0.8651048169733034,25953.144509199105,14.327826329900693,15.0,36.76320361857721,0,0,10.784229618943941
147,0.8638891760302426,25916.67528090728,14.369643573844076,15.0,36.937586059957994,0,0,10.784229618943941
148,0.8626581297736304,25879.743893208914,14.410398382253053,15.0,37.10753802996313,0,0,10.784229618943941
149,0.8614120650131355,25842.361950394064,14.450078678598326,15.0,37.27300916815604,0,0,10.784229618943941
150,0.8601513730087326,25804.541190261978,14.488672704751721,15.0,37.43395044186732,0,0,10.784229618943941
151,0.8588764493547653,25766.29348064296,14.526169024470367,15.0,37.59031416072416,0,0,10.784229618943941
152,0.8575876938627216,25727.630815881646,14.562556526785485,15.0,37.74205399078208,0,0,10.784229618943941
153,0.8562855104427616,25688.56531328285,14.597824429294837,15.0,37.88912496825461,0,0,10.784229618943941
154,0.8549703069840306,25649.10920952092,14.631962281357765,15.0,38.03148351283707,0,0,10.784229618943941
155,0.8536424952337922,25609.274857013766,14.66495996719195,15.0,38.169087440620345,0,0,10.784229618943941
156,0.852302490675419,25569.074720262568,14.696807708870928,15.0,38.30189597659092,0,0,10.784229618943941
157,0.8509507124052754,25528.521372158262,14.727496069221507,15.0,38.42986976671332,0,0,10.784229618943941
158,0.8495875830085311,25487.627490255934,14.757015954620211,15.0,38.552970889591634,0,0,10.784229618943941
159,0.8482135284339396,25446.405853018186,14.785358617687903,15.0,38.67116286770642,0,0,10.784229618943941
160,0.8468289778676199,25404.869336028598,14.81251565988183,15.0,38.78441067822377,0,0,10.784229618943941
161,0.8454343636058804,25363.030908176414,14.838479033984296,15.0,38.892680763373335,0,0,10.784229618943941
162,0.8440301209271196,25320.903627813586,14.863241046487214,15.0,38.99594104039224,0,0,10.784229618943941
163,0.8426166879628432,25278.500638885296,14.886794359871876,15.0,39.09416091103185,0,0,10.784229618943941
164,0.8411945055678377,25235.83516703513,14.909131994783204,15.0,39.18731127062475,0,0,10.784229618943941
165,0.839764017189534,25192.92051568602,14.930247332097885,15.0,39.27536451670902,0,0,10.784229618943941
166,0.8383256687366054,25149.770062098163,14.950134114885765,15.0,39.358294557207515,0,0,10.784229618943941
167,0.8368799084468351,25106.397253405055,14.96878645026392,15.0,39.436076818159464,0,0,10.784229618943941
168,0.8354271867542935,25062.815602628805,14.98619881114282,15.0,39.508688251002255,0,0,10.784229618943941
169,0.8339679561558645,25019.038684675936,15.00236603786415,15.0,39.576107339401275,0,0,10.784229618943941
170,0.8325026710771618,24975.080132314855,15.017283339729712,15.0,39.63831410562558,0,0,10.784229618943941
171,0.831031787737872,24930.95363213616,15.030946296421023,15.0,39.69529011646783,0,0,10.784229618943941
172,0.8295557640165669,24886.672920497007,15.043350859309147,15.0,39.74701848870636,0,0,10.784229618943941
173,0.8280750593150248,24842.251779450744,15.054493352654388,15.0,39.79348389410808,0,0,10.784229618943941
174,0.8265901344220994,24797.704032662983,15.064370474695487,15.0,39.834672563970564,0,0,10.784229618943941
175,0.825101451377178,24753.043541315343,15.072979298628026,15.0,39.870572293202024,0,0,10.784229618943941
176,0.8236094733332698,24708.284199998096,15.080317273471673,15.0,39.901172443937895,0,0,10.784229618943941
177,0.8221146644197631,24663.439932592893,15.086382224826119,15.0,39.926463948693105,0,0,10.784229618943941
178,0.8206174896048938,24618.524688146812,15.091172355515386,15.0,39.94643931304897,0,0,10.784229618943941
179,0.8191184145579655,24573.552436738966,15.094686246120366,15.0,39.96109261787392,0,0,10.784229618943941
180,0.8176179055113618,24528.537165340855,15.096922855399443,15.0,39.970419521077496,0,0,10.784229618943941
181,0.8161164291223911,24483.492873671734,15.097881520597014,15.0,39.974417258897,0,0,10.784229618943941
182,0.8146144523350065,24438.433570050194,15.097561957639895,15.0,39.97308464671641,0,0,10.784229618943941
183,0.8131124422414395,24393.373267243187,15.095964261221482,15.0,39.9664220794175,0,0,10.784229618943941
184,0.8116108659437915,24348.325978313744,15.09308890477371,15.0,39.95443153126273,0,0,10.784229618943941
185,0.8101101904156203,24303.30571246861,15.088936740326746,15.0,39.9371165553103,0,0,10.784229618943941
186,0.8086108823635666,24258.326470907,15.083508998256528,15.0,39.91448228236129,0,0,10.784229618943941
187,0.8071134080890583,24213.40224267175,15.076807286920168,15.0,39.886535419439255,0,0,10.784229618943941
188,0.8056182333501354,24168.547000504062,15.068833592179377,15.0,39.85328424780281,0,0,10.784229618943941
189,0.8041258232234358,24123.774696703076,15.059590276811988,15.0,39.81473862049174,0,0,10.784229618943941
190,0.8026366419663837,24079.09925899151,15.049080079811834,15.0,39.77090995940729,0,0,10.784229618943941
191,0.8011511528796186,24034.534586388556,15.037306115577111,15.0,39.721811251927654,0,0,10.784229618943941
192,0.7996698181697108,23990.094545091324,15.024271872987528,15.0,39.667457047059486,0,0,10.784229618943941
193,0.7981930988121992,23945.792964365977,15.009981214370466,15.0,39.60786345112675,0,0,10.784229618943941
194,0.796721454414994,23901.64363244982,14.994438374356491,15.0,39.54304812299806,0,0,10.784229618943941
195,0.7952553430821849,23857.66029246555,14.97764795862454,15.0,39.47303026885396,0,0,10.784229618943941
196,0.7937952212782958,23813.856638348876,14.959614942537161,15.0,39.39783063649574,0,0,10.784229618943941
197,0.7923415436930235,23770.246310790702,14.940344669666205,15.0,39.31747150919743,0,0,10.784229618943941
198,0.7908947631065034,23726.842893195102,14.919842850209417,15.0,39.23197669910272,0,0,10.784229618943941
199,0.789455330255142,23683.659907654262,14.898115559298356,15.0,39.141371540168976,0,0,10.784229618943941
200,0.7880236936980533,23640.710810941597,14.875169235198236,15.0,39.045682880660216,0,0,10.784229618943941
201,0.7866002996841401,23598.008990524206,14.851010677400115,15.0,38.94493907519137,0,0,10.784229618943941
202,0.785185592019863,23555.56776059589,14.82564704460605,15.0,38.83916997632625,0,0,10.784229618943941
203,0.7837800119377291,23513.400358131872,14.799085852607828,15.0,38.728406925731505,0,0,10.784229618943941
204,0.7823839979655458,23471.519938966376,14.77133497205988,15.0,38.61268274488951,0,0,10.784229618943941
205,0.7809979857964762,23429.939573894284,14.74240262614702,15.0,38.49203172537257,0,0,10.784229618943941
206,0.7796224081599324,23388.672244797974,14.712297388147757,15.0,38.36648961868163,0,0,10.784229618943941
207,0.7782576946933504,23347.730840800512,14.681028178893834,15.0,38.23609362565234,0,0,10.784229618943941
208,0.7769042718148773,23307.12815444632,14.648604264126796,15.0,38.10088238543159,0,0,10.784229618943941
209,0.7755625625970158,23266.876877910476,14.615035251752357,15.0,37.960895964027955,0,0,10.784229618943941
210,0.774232986641258,23226.98959923774,14.580331088993358,15.0,37.81617584243927,0,0,10.784229618943941
211,0.7729159599537482,23187.478798612447,14.544502059442205,15.0,37.66676490436086,0,0,10.784229618943941
212,0.7716118948220122,23148.356844660368,14.507558780013605,15.0,37.51270742347823,0,0,10.784229618943941
213,0.7703211996927871,23109.635990783612,14.469512197798558,15.0,37.354049050347825,0,0,10.784229618943941
214,0.7690442790509894,23071.328371529682,14.430373586820483,15.0,37.1908367988697,0,0,10.784229618943941
215,0.7677815332998579,23033.445998995736,14.390154544694495,15.0,37.02311903235638,0,0,10.784229618943941
216,0.7665333586423051,22996.000759269155,14.348866989190771,15.0,36.850945449201745,0,0,10.784229618943941
217,0.7653001469635146,22959.004408905435,14.306523154703072,15.0,36.67436706815429,0,0,10.784229618943941
218,0.7640822857148156,22922.468571444468,14.263135588623403,15.0,36.49343621319919,0,0,10.784229618943941
219,0.7628801577988744,22886.404733966232,14.21871714762398,15.0,36.308206498053565,0,0,10.784229618943941
220,0.7616941414562307,22850.824243686922,14.173280993847497,15.0,36.1187328102796,0,0,10.784229618943941
221,0.7605246101532175,22815.738304596525,14.126840591006912,15.0,35.925071295020174,0,0,10.784229618943941
222,0.759371932471295,22781.15797413885,14.079409700395852,15.0,35.72727933836181,0,0,10.784229618943941
223,0.7582364719978312,22747.094159934935,14.031002376810845,15.0,35.52541555032997,0,0,10.784229618943941
224,0.7571185872183643,22713.55761655093,13.98163296438659,15.0,35.31953974752162,0,0,10.784229618943941
225,0.7560186314103746,22680.55894231124,13.93131609234546,15.0,35.10971293538029,0,0,10.784229618943941
226,0.7549369525386016,22648.108576158047,13.880066670662575,15.0,34.895997290118856,0,0,10.784229618943941
227,0.7538738931519334,22616.216794558004,13.82789988564763,15.0,34.67845614029537,0,0,10.784229618943941
228,0.7528297902819039,22584.893708457115,13.774831195444877,15.0,34.45715394804745,0,0,10.784229618943941
229,0.751804975342821,22554.14926028463,13.720876325452538,15.0,34.23215628999074,0,0,10.784229618943941
230,0.7507997740335629,22523.993221006887,13.666051263663034,15.0,34.0035298377872,0,0,10.784229618943941
231,0.749814506241066,22494.435187231982,13.610372255925395,15.0,33.77134233838874,0,0,10.784229618943941
232,0.7488494859455356,22465.484578366068,13.553855801131267,15.0,33.53566259396248,0,0,10.784229618943941
233,0.7479050211274061,22437.150633822184,13.496518646325924,15.0,33.29656044150306,0,0,10.784229618943941
234,0.7469814136760807,22409.442410282423,13.438377781745778,15.0,33.054106732138514,0,0,10.784229618943941
235,0.7460789593004749,22382.368779014247,13.379450435783786,15.0,32.808373310135494,0,0,10.784229618943941
236,0.745197947441391,22355.93842324173,13.319754069884311,15.0,32.55943299161031,0,0,10.784229618943941
237,0.744338661185751,22330.15983557253,13.259306373368924,15.0,32.30735954295191,0,0,10.784229618943941
238,0.7435013771827117,22305.04131548135,13.19812525819467,15.0,32.05222765896332,0,0,10.784229618943941
239,0.7426863655616878,22280.590966850632,13.136228853646372,15.0,31.794112940727977,0,0,10.784229618943941
240,0.7418938898523061,22256.81669556918,13.07363550096453,15.0,31.533091873207447,0,0,10.784229618943941
241,0.7411242069063168,22233.726207189502,13.010363747910418,15.0,31.26924180257734,0,0,10.784229618943941
242,0.7403775668214823,22211.327004644467,12.946432343269986,15.0,31.002640913307935,0,0,10.784229618943941
243,0.7396542128674678,22189.626386024032,12.881860231298178,15.0,30.733368204996435,0,0,10.784229618943941
244,0.7389543814137556,22168.63144241267,12.816666546105353,15.0,30.4615034689577,0,0,10.784229618943941
245,0.7382783018596034,22148.3490557881,12.75087060598743,15.0,30.187127264580347,0,0,10.784229618943941
246,0.7376261965660684,22128.78589698205,12.684491907701457,15.0,29.910320895455246,0,0,10.784229618943941
247,0.736998280790117,22109.94842370351,12.617550120688305,15.0,29.63116638528354,0,0,10.784229618943941
248,0.7363947626208396,22091.842878625186,12.55006508124419,15.0,29.349746453571235,0,0,10.784229618943941
249,0.7358158429177888,22074.475287533664,12.482056786642746,15.0,29.066144491117655,0,0,10.784229618943941
250,0.7352617152514613,22057.85145754384,12.4135453892094,15.0,28.780444535304888,0,0,10.784229618943941
251,0.7347325658459382,22041.976975378144,12.344551190349812,15.0,28.492731245195763,0,0,10.784229618943941
252,0.7342285735237024,22026.857205711072,12.275094634534117,15.0,28.2030898764475,0,0,10.784229618943941
253,0.7337499096526506,22012.497289579518,12.2051963032388,15.0,27.91160625604863,0,0,10.784229618943941
254,0.7332967380953125,21998.902142859373,12.134876908847957,15.0,27.6183667568866,0,0,10.784229618943941
255,0.732869215160295,21986.076454808852,12.064157288515759,15.0,27.323458272153655,0,0,10.784229618943941
256,0.7324674895559651,21974.024686678953,11.993058397991959,15.0,27.026968189598435,0,0,10.784229618943941
257,0.7320917023463834,21962.751070391503,11.92160130541227,15.0,26.728984365631227,0,0,10.784229618943941
258,0.7317419869095049,21952.259607285145,11.849807185055392,15.0,26.42959509929007,0,0,10.784229618943941
259,0.7314184688976548,21942.554066929646,11.777697311068623,15.0,26.128889106075917,0,0,10.784229618943941
260,0.731121266200297,21933.63798600891,11.70529305116389,15.0,25.82695549166435,0,0,10.784229618943941
261,0.7308504889090992,21925.514667272975,11.632615860286016,15.0,25.523883725501555,0,0,10.784229618943941
262,0.7306062392853107,21918.18717855932,11.559687274255158,15.0,25.219763614292688,0,0,10.784229618943941
263,0.730388611729461,21911.65835188383,11.486528903385281,15.0,24.914685275390138,0,0,10.784229618943941
264,0.730197692753386,21905.93078260158,11.413162426080564,15.0,24.608739110089857,0,0,10.784229618943941
265,0.7300335609545929,21901.006828637786,11.339609582411612,15.0,24.302015776843486,0,0,10.784229618943941
266,0.7298962869929704,21896.88860978911,11.265892167673403,15.0,23.9946061643943,0,0,10.784229618943941
267,0.7297859335698503,21893.57800709551,11.192032025926874,15.0,23.686601364844883,0,0,10.784229618943941
268,0.729702555409428,21891.076662282838,11.118051043526062,15.0,23.378092646664662,0,0,10.784229618943941
269,0.7296461992425458,21889.385977276375,11.04397114263269,15.0,23.06917142764499,0,0,10.784229618943941
270,0.729616903792847,21888.50711378541,10.969814274720168,15.0,22.75992924781012,0,0,14.784229618943941
271,0.7294799894484877,21884.39968345463,14.936911918432308,15.0,22.450457742291942,0,0,14.784229618943941
272,0.7293711071471198,21881.133214413596,14.835128746276705,15.0,22.140848614176477,0,0,14.784229618943941
273,0.7292902716674696,21878.70815002409,14.733330491611182,15.0,21.831193607330288,0,0,14.784229618943941
274,0.7292374894773841,21877.124684321523,14.63154731945558,15.0,21.521584479214816,0,0,14.784229618943941
275,0.7292127587319155,21876.382761957466,14.529809390360466,15.0,21.212112973696627,0,0,14.784229618943941
276,0.7292160692738677,21876.48207821603,14.428146851469926,15.0,20.902870793861766,0,0,14.784229618943941
277,0.7292474026368055,21877.422079104166,14.326589827588279,15.0,20.593949574842085,0,0,14.784229618943941
278,0.7293067320505278,21879.20196151583,14.22516841225349,15.0,20.285440856661864,0,0,14.784229618943941
279,0.7293940224489985,21881.820673469956,14.123912658819771,15.0,19.977436057112463,0,0,14.784229618943941
280,0.7295092304807391,21885.276914422175,14.022852571552145,15.0,19.67002644466327,0,0,14.784229618943941
281,0.7296523045216735,21889.569135650207,13.922018096735522,15.0,19.363303111416897,0,0,14.784229618943941
282,0.7298231846904257,21894.69554071277,13.821439113800981,15.0,19.05735694611662,0,0,14.784229618943941
283,0.7300218028660638,21900.654085981914,13.72114542647183,15.0,18.752278607214066,0,0,14.784229618943941
284,0.7302480827082861,21907.442481248585,13.621166753932146,15.0,18.4481584960052,0,0,14.784229618943941
285,0.7305019396800421,21915.05819040126,13.521532722020318,15.0,18.145086729842404,0,0,14.784229618943941
286,0.7307832810725821,21923.49843217746,13.422272854450283,15.0,17.84315311543083,0,0,14.784229618943941
287,0.7310920060329299,21932.760180987898,13.323416564062999,15.0,17.542447122216686,0,0,14.784229618943941
288,0.7314280055937673,21942.840167813018,13.224993144110801,15.0,17.24305785587552,0,0,14.784229618943941
289,0.7317911627057226,21953.73488117168,13.127031759577177,15.0,16.94507403190831,0,0,14.784229618943941
290,0.7321813522720566,21965.4405681617,13.029561438534543,15.0,16.64858394935311,0,0,14.784229618943941
291,0.7325984411857296,21977.953235571887,12.932611063542605,15.0,16.35367546462015,0,0,14.784229618943941
292,0.7330422883688451,21991.268651065355,12.836209363089834,15.0,16.060435965458126,0,0,14.784229618943941
293,0.733512744814454,22005.382344433623,12.740384903080594,15.0,15.768952345059255,0,0,14.784229618943941
294,0.7340096536307084,22020.28960892125,12.645166078370446,15.0,15.479310976310988,0,0,14.784229618943941
295,0.7345328500873516,22035.985502620548,12.55058110435214,15.0,15.191597686201867,0,0,14.784229618943941
296,0.7350821616645326,22052.464849935976,12.456658008594793,15.0,14.905897730389103,0,0,14.784229618943941
297,0.7356574081039255,22069.722243117765,12.3634246225387,15.0,14.622295767935519,0,0,14.784229618943941
298,0.7362584014621462,22087.752043864384,12.270908573248292,15.0,14.340875836223214,0,0,14.784229618943941
299,0.7368849461664417,22106.548384993253,12.179137275225635,15.0,14.0617213260515,0,0,14.784229618943941
300,0.7375368390726449,22126.10517217935,12.088137922286919,15.0,13.7849149569264,0,0,14.784229618943941
301,0.7382138695253685,22146.416085761055,11.997937479504348,15.0,13.510538752549042,0,0,14.784229618943941
302,0.7389158194204279,22167.47458261284,11.908562675215801,15.0,13.23867401651031,0,0,14.784229618943941
303,0.7396424632694703,22189.273898084106,11.82003999310466,15.0,12.969401308198815,0,0,14.784229618943941
304,0.7403935682667906,22211.807048003717,11.732395664352103,15.0,12.702800418929414,0,0,14.784229618943941
305,0.7411688943583183,22235.06683074955,11.645655659864262,15.0,12.438950348299304,0,0,14.784229618943941
306,0.7419681943127499,22259.045829382496,11.559845682576473,15.0,12.177929280778777,0,0,14.784229618943941
307,0.7427912137948086,22283.736413844257,11.474991159836934,15.0,11.91981456254343,0,0,14.784229618943941
308,0.7436376914406095,22309.130743218288,11.391117235872041,15.0,11.664682678554843,0,0,14.784229618943941
309,0.7445073589351083,22335.22076805325,11.308248764335612,15.0,11.412609229896432,0,0,14.784229618943941
310,0.745399941091607,22361.99823274821,11.22641030094422,15.0,11.16366891137125,0,0,14.784229618943941
311,0.7463151559332996,22389.454677998987,11.14562609620078,15.0,10.917935489368237,0,0,14.784229618943941
312,0.7472527147768264,22417.581443304793,11.065920088208623,15.0,10.675481780003688,0,0,14.784229618943941
313,0.7482123223178183,22446.36966953455,10.987315895578117,15.0,10.436379627544273,0,0,14.784229618943941
314,0.749193676718401,22475.81030155203,10.909836810427953,15.0,10.200699883118011,0,0,14.784229618943941
315,0.750196469696636,22505.89409089908,10.833505791483196,15.0,9.96851238371956,0,0,14.784229618943941
316,0.7512203866178723,22536.61159853617,10.75834545727212,15.0,9.73988593151601,0,0,14.784229618943941
317,0.7522651065879781,22567.95319763934,10.684378079423846,15.0,9.51488827345931,0,0,14.784229618943941
318,0.7533303025484295,22599.909076452885,10.611625576068771,15.0,9.293586081211389,0,0,14.784229618943941
319,0.7544156413732248,22632.469241196744,10.540109505343771,15.0,9.076044931387905,0,0,14.784229618943941
320,0.7555207839675969,22665.623519027908,10.469851059004043,15.0,8.862329286126464,0,0,14.784229618943941
321,0.7566453853684941,22699.361561054822,10.400871056143544,15.0,8.652502473985134,0,0,14.784229618943941
322,0.7577890948468006,22733.672845404017,10.333189937025825,15.0,8.44662667117678,0,0,14.784229618943941
323,0.7589515560112647,22768.546680337942,10.266827757027162,15.0,8.24476288314493,0,0,14.784229618943941
324,0.7601324069141059,22803.972207423176,10.20180418069371,15.0,8.046970926486573,0,0,14.784229618943941
325,0.7613312801582666,22839.938404747998,10.138138475914444,15.0,7.853309411227146,0,0,14.784229618943941
326,0.762547803006281,22876.43409018843,10.075849508211721,15.0,7.6638357234531975,0,0,14.784229618943941
327,0.7637815974907247,22913.447924721742,10.014955735150968,15.0,7.478606008307571,0,0,14.784229618943941
328,0.7650322805262146,22950.96841578644,9.95547520087135,15.0,7.297675153352468,0,0,14.784229618943941
329,0.7662994640229255,22988.983920687766,9.897425530738857,15.0,7.121096772305004,0,0,14.784229618943941
330,0.7675827550015891,23027.482650047674,9.840823926123573,15.0,6.948923189150374,0,0,14.784229618943941
331,0.7688817557099431,23066.45267129829,9.785687159302498,15.0,6.78120542263705,0,0,14.784229618943941
332,0.7701960637405929,23105.88191221779,9.732031568489603,15.0,6.617993171158929,0,0,14.784229618943941
333,0.7715252721502542,23145.758164507628,9.679873052994418,15.0,6.459334798028509,0,0,14.784229618943941
334,0.7728689695803387,23186.06908741016,9.629227068510763,15.0,6.30527731714589,0,0,14.784229618943941
335,0.7742267403788484,23226.80221136545,9.580108622536867,15.0,6.155866379067479,0,0,14.784229618943941
336,0.7755981647235428,23267.944941706286,9.532532269928339,15.0,6.011146257478794,0,0,14.784229618943941
337,0.7769828187463411,23309.484562390233,9.486512108585233,15.0,5.871159836075163,0,0,14.784229618943941
338,0.778380274658923,23351.40823976769,9.442061775274556,15.0,5.735948595854417,0,0,14.784229618943941
339,0.7797901008794921,23393.703026384763,9.399194441589382,15.0,5.605552602825115,0,0,14.784229618943941
340,0.781211862160663,23436.35586481989,9.357922810045835,15.0,5.4800104961341845,0,0,14.784229618943941
341,0.782645119718434,23479.35359155302,9.318259110319055,15.0,5.3593594766172385,0,0,14.784229618943941
342,0.7840894313622087,23522.68294086626,9.280215095619289,15.0,5.243635295775245,0,0,14.784229618943941
343,0.7855443516258261,23566.330548774786,9.243802039209143,15.0,5.132872245180501,0,0,14.784229618943941
344,0.787009431899563,23610.282956986888,9.209030731063097,15.0,5.027103146315375,0,0,14.784229618943941
345,0.7884842205630648,23654.526616891944,9.175911474670173,15.0,4.926359340846531,0,0,14.784229618943941
346,0.7899682631191725,23699.047893575174,9.144454083980818,15.0,4.8306706813377716,0,0,14.784229618943941
347,0.7914611023285985,23743.833069857952,9.114667880498796,15.0,4.740065522404029,0,0,14.784229618943941
348,0.7929622783454168,23788.868350362503,9.086561690519039,15.0,4.654570712309324,0,0,14.784229618943941
349,0.794471328853326,23834.13986559978,9.06014384251222,15.0,4.574211585011007,0,0,14.784229618943941
350,0.7959877892026426,23879.633676079276,9.035422164656847,15.0,4.499011952652796,0,0,14.784229618943941
351,0.7975111925479873,23925.33577643962,9.012403982519604,15.0,4.4289940985086975,0,0,14.784229618943941
352,0.7990410699866215,23971.232099598645,8.991096116884632,15.0,4.36417877038,0,0,14.784229618943941
353,0.8005769506973925,24017.308520921775,8.971504881732383,15.0,4.304585174447263,0,0,14.784229618943941
354,0.8021183620802489,24063.55086240747,8.953636082368643,15.0,4.250230969579096,0,0,14.784229618943941
355,0.8036648298962819,24109.944896888457,8.937495013704307,15.0,4.201132262099458,0,0,14.784229618943941
356,0.8052158784082519,24156.47635224756,8.923086458686369,15.0,4.157303601015013,0,0,14.784229618943941
357,0.8067710305215609,24203.130915646827,8.910414686880644,15.0,4.118757973703939,0,0,14.784229618943941
358,0.8083298079256246,24249.894237768738,8.8994834532066,15.0,4.085506802067498,0,0,14.784229618943941
359,0.8098917312356072,24296.751937068217,8.890295996824687,15.0,4.057559939145455,0,0,14.784229618943941
360,0.8114563201344731,24343.689604034193,8.88285504017651,15.0,4.034925666196441,0,0,14.784229618943941
361,0.813023093515315,24390.69280545945,8.877162788178119,15.0,4.017610690244022,0,0,14.784229618943941
362,0.8145915696239167,24437.7470887175,8.87322092756663,15.0,4.005620142089256,0,0,14.784229618943941
363,0.8161612662015066,24484.8379860452,8.871030626400406,15.0,3.9989575747903396,0,0,14.784229618943941
364,0.8177317006276623,24531.95101882987,8.870592533712964,15.0,3.9976249626097538,0,0,14.784229618943941
365,0.8193023900633205,24579.071701899615,8.871906779320616,15.0,4.001622700429246,0,0,14.784229618943941
366,0.8208728515938535,24626.185547815603,8.874972973784024,15.0,4.010949603632825,0,0,14.784229618943941
367,0.8224426023721664,24673.27807116499,8.879790208523596,15.0,4.025602908457779,0,0,14.784229618943941
368,0.8240111597617757,24720.33479285327,8.886357056088714,15.0,4.0455782728136445,0,0,14.784229618943941
369,0.8255780414798249,24767.34124439475,8.894671570580723,15.0,4.070869777568854,0,0,14.784229618943941
370,0.827142765739995,24814.28297219985,8.904731288229534,15.0,4.1014699283047245,0,0,14.784229618943941
371,0.8287048513952682,24861.145541858044,8.916533228123704,15.0,4.13736965753618,0,0,14.784229618943941
372,0.8302638180805022,24907.914542415067,8.930073893093732,15.0,4.1785583273986715,0,0,14.784229618943941
373,0.8318191863547734,24954.575590643202,8.945349270748357,15.0,4.225023732800391,0,0,14.784229618943941
374,0.8333704778434445,25001.114335303337,8.962354834663513,15.0,4.276752105038915,0,0,14.784229618943941
375,0.8349172153799181,25047.516461397543,8.981085545723596,15.0,4.333728115881163,0,0,14.784229618943941
376,0.8364589231470306,25093.76769441092,9.001535853614685,15.0,4.395934882105474,0,0,14.784229618943941
377,0.8379951268180482,25139.853804541446,9.02369969846919,15.0,4.4633539705044845,0,0,14.784229618943941
378,0.8395253536972191,25185.760610916575,9.04757051266155,15.0,4.535965403347284,0,0,14.784229618943941
379,0.8410491328598444,25231.473985795332,9.073141222754348,15.0,4.613747664299229,0,0,14.784229618943941
380,0.8425659952918222,25276.979858754665,9.100404251594318,15.0,4.696677704797731,0,0,14.784229618943941
381,0.8440754740286275,25322.264220858826,9.12935152055763,15.0,4.784730950882002,0,0,14.784229618943941
382,0.8455771042936838,25367.313128810514,9.15997445194376,15.0,4.877881310474893,0,0,14.784229618943941
383,0.8470704236360855,25412.112709082565,9.192263971517239,15.0,4.976101181114501,0,0,14.784229618943941
384,0.8485549720676332,25456.649162028996,9.226210511196557,15.0,5.079361458133411,0,0,14.784229618943941
385,0.8500302921991376,25500.908765974127,9.261804011889373,15.0,5.187631543282978,0,0,14.784229618943941
386,0.8514959293759538,25544.87788127861,9.299033926473266,15.0,5.3008793538003305,0,0,14.784229618943941
387,0.8529514318127053,25588.54295438116,9.337889222921056,15.0,5.419071331915117,0,0,14.784229618943941
388,0.8543963507271581,25631.890521814745,9.378358387569843,15.0,5.5421724547934375,0,0,14.784229618943941
389,0.8558302404732041,25674.907214196122,9.420429428532739,15.0,5.670146244915827,0,0,14.784229618943941
390,0.8572526586729156,25717.579760187466,9.464089879252345,15.0,5.802954780886396,0,0,14.784229618943941
391,0.8586631663476318,25759.894990428955,9.509326802194837,15.0,5.940558708669672,0,0,14.784229618943941
392,0.8600613280480378,25801.839841441135,9.556126792683663,15.0,6.082917253252132,0,0,14.784229618943941
393,0.861446711983197,25843.40135949591,9.604475982871607,15.0,6.229988230724652,0,0,14.784229618943941
394,0.8628188901485004,25884.566704455014,9.65436004585016,15.0,6.381728060782574,0,0,14.784229618943941
395,0.864177438452494,25925.32315357482,9.705764199894876,15.0,6.538091779639428,0,0,14.784229618943941
396,0.8655219368425453,25965.658105276358,9.758673212845514,15.0,6.6990330533507105,0,0,14.784229618943941
397,0.8668519694293149,26005.559082879445,9.813071406619667,15.0,6.864504191543615,0,0,14.784229618943941
398,0.8681671246099927,26045.013738299782,9.868942661858513,15.0,7.0344561615487535,0,0,14.784229618943941
399,0.8694669951902659,26084.009855707976,9.926270422703325,15.0,7.208838602929533,0,0,14.784229618943941
400,0.8707511785049779,26122.535355149335,9.985037701701332,15.0,7.387599842405107,0,0,14.784229618943941
401,0.8720192765374476,26160.57829612343,10.045227084839459,15.0,7.570686909162222,0,0,14.784229618943941
402,0.8732708960374108,26198.126881122324,10.106820736704496,15.0,7.758045550551664,0,0,14.784229618943941
403,0.8745056486375471,26235.169459126413,10.169800405768086,15.0,7.9496202481644485,0,0,14.784229618943941
404,0.8757231509685632,26271.6945290569,10.234147429795083,15.0,8.145354234283172,0,0,14.784229618943941
405,0.8769230247727928,26307.690743183786,10.299842741373542,15.0,8.345189508703445,0,0,14.784229618943941
406,0.8781048970162826,26343.146910488478,10.36686687356482,15.0,8.549066855920664,0,0,14.784229618943941
407,0.8792683999993297,26378.051999979893,10.435199965672046,15.0,8.756925862676802,0,0,14.784229618943941
408,0.8804131714654401,26412.395143963204,10.504821769125288,15.0,8.968704935862213,0,0,14.784229618943941
409,0.8815388547086723,26446.16564126017,10.575711653481616,15.0,9.18434132076693,0,0,14.784229618943941
410,0.8826450986793373,26479.352960380118,10.647848612538365,15.0,9.403771119676303,0,0,14.784229618943941
411,0.8837315580880218,26511.946742640655,10.721211270557724,15.0,9.62692931080522,0,0,14.784229618943941
412,0.8847978935079056,26543.93680523717,10.795777888600833,15.0,9.853749767565521,0,0,14.784229618943941
413,0.8858437714753404,26575.313144260213,10.871526370969475,15.0,10.084165278160652,0,0,14.784229618943941
414,0.8868688645886628,26606.06593765988,10.948434271753548,15.0,10.31810756550208,0,0,14.784229618943941
415,0.8878728516052099,26636.185548156296,11.026478801482238,15.0,10.555507307441164,0,0,14.784229618943941
416,0.8888554175365111,26665.662526095333,11.105636833877039,15.0,10.79629415731085,0,0,14.784229618943941
417,0.8898162537416258,26694.487612248773,11.1858849127046,15.0,11.040396764770943,0,0,14.784229618943941
418,0.8907550580185997,26722.65174055799,11.267199258727251,15.0,11.287742796950653,0,0,14.784229618943941
419,0.8916715346940148,26750.146040820444,11.34955577674937,15.0,11.538258959882512,0,0,14.784229618943941
420,0.8925653947106029,26776.961841318087,11.432930062757261,15.0,11.791871020220839,0,0,14.784229618943941
421,0.8934363557129004,26803.09067138701,11.51729741115062,15.0,12.048503827238779,0,0,14.784229618943941
422,0.8942841421309151,26828.524263927455,11.602632822063327,15.0,12.308081335097025,0,0,14.784229618943941
423,0.8951084852617853,26853.25455785356,11.688911008771422,15.0,12.57052662537782,0,0,14.784229618943941
424,0.8959091233494004,26877.273700482012,11.776106405186162,15.0,12.835761929877659,0,0,14.784229618943941
425,0.896685801661966,26900.57404985898,11.86419317342975,15.0,13.103708653651545,0,0,14.784229618943941
426,0.8974382725674862,26923.148177024585,11.953145211491696,15.0,13.374287398302489,0,0,14.784229618943941
427,0.898166295607142,26944.98886821426,12.042936160963373,15.0,13.647417985508849,0,0,14.784229618943941
428,0.8988696375665449,26966.089126996347,12.133539414848611,15.0,13.923019480783028,0,0,14.784229618943941
429,0.899548072544843,26986.442176345292,12.2249281254479,15.0,14.201010217453982,0,0,14.784229618943941
430,0.9002013820216608,27006.041460649823,12.317075212313963,15.0,14.481307820866927,0,0,14.784229618943941
431,0.9008293549218505,27024.880647655515,12.409953370276261,15.0,14.763829232792633,0,0,14.784229618943941
432,0.9014317876780393,27042.95363034118,12.50353507753212,15.0,15.048490736039458,0,0,14.784229618943941
433,0.9020084842909503,27060.254528728507,12.597792603802022,15.0,15.33520797926048,0,0,14.784229618943941
434,0.9025592563874807,27076.777691624422,12.692698018546679,15.0,15.62389600194865,0,0,14.784229618943941
435,0.9030839232765222,27092.517698295665,12.788223199243488,15.0,15.91446925961248,0,0,14.784229618943941
436,0.9035823120025022,27107.469360075065,12.884339839719797,15.0,16.206841649124613,0,0,14.784229618943941
437,0.9040542573966351,27121.627721899054,12.981019458540672,15.0,16.50092653423614,0,0,14.784229618943941
438,0.9044996021258657,27134.98806377597,13.078233407448534,15.0,16.796636771248714,0,0,14.784229618943941
439,0.9049181967394893,27147.545902184676,13.175952879852286,15.0,17.093884734837204,0,0,14.784229618943941
440,0.9053098997134379,27159.29699140314,13.27414891936327,15.0,17.392582344014777,0,0,14.784229618943941
441,0.905674577492217,27170.23732476651,13.372792428375764,15.0,17.692641088233515,0,0,14.784229618943941
442,0.9060121045284802,27180.363135854408,13.471854176689119,15.0,17.993972053611607,0,0,14.784229618943941
443,0.9063223633202327,27189.670899606983,13.571304810169412,15.0,18.296485949280846,0,0,14.784229618943941
444,0.9066052444456485,27198.157333369454,13.6711148594476,15.0,18.600093133845114,0,0,14.784229618943941
445,0.906860646595495,27205.819397864852,13.771254748652007,15.0,18.904703641943225,0,0,14.784229618943941
446,0.9070884766031537,27212.65429809461,13.871694804172273,15.0,19.21022721090764,0,0,14.784229618943941
447,0.9072886494722262,27218.659484166787,13.972405263452266,15.0,19.51657330751111,0,0,14.784229618943941
448,0.9074610884017217,27223.83265205165,14.0733562838094,15.0,19.823651154793737,0,0,14.784229618943941
449,0.9076057248088135,27228.171744264404,14.174517951277632,15.0,20.131369758962066,0,0,14.784229618943941
450,0.9077224983491632,27231.674950474895,14.275860289471655,15.0,20.4396379363526,0,0,14.784229618943941
451,0.9078113569348005,27234.340708044016,14.377353268469506,15.0,20.748364340451378,0,0,14.784229618943941
452,0.9078722567495591,27236.16770248677,14.478966813711116,15.0,21.05745748896203,0,0,14.784229618943941
453,0.9079051622620594,27237.154867861784,14.580670814910029,15.0,21.366825790913865,0,0,14.784229618943941
454,0.9079100462362384,27237.30138708715,14.68243513497573,15.0,21.676377573802284,0,0,14.784229618943941
455,0.907886889739419,27236.60669218257,14.784229618943945,15.0,21.986021110753384,0,0,14.784229618943941
456,0.907835682147921,27235.07046443763,14.886024102912147,15.0,22.29566464770444,0,0,14.784229618943941
457,0.9077564211502093,27232.69263450628,14.987788422977857,15.0,22.60521643059289,0,0,14.784229618943941
458,0.907649112747578,27229.47338242734,15.089492424176758,15.0,22.914584732544697,0,0,14.784229618943941
459,0.9075137712523729,27225.413137571188,15.191105969418375,15.0,23.223677881055366,0,0,14.784229618943941
460,0.90735041928375,27220.512578512502,15.292598948416224,15.0,23.532404285154136,0,0,14.784229618943941
461,0.9071590877609733,27214.7726328292,15.39394128661025,15.0,23.840672462544674,0,0,14.784229618943941
462,0.9069398158942525,27208.194476827575,15.495102954078481,15.0,24.148391066713003,0,0,14.784229618943941
463,0.9066926511731238,27200.779535193713,15.596053974435616,15.0,24.455468913995634,0,0,14.784229618943941
464,0.9064176493523786,27192.529480571357,15.696764433715611,15.0,24.761815010599115,0,0,14.784229618943941
465,0.9061148744355413,27183.44623306624,15.797204489235876,15.0,25.067338579563515,0,0,14.784229618943941
466,0.9057843986559047,27173.53195967714,15.897344378440286,15.0,25.371949087661644,0,0,14.784229618943941
467,0.9054263024551243,27162.78907365373,15.997154427718467,15.0,25.67555627222589,0,0,14.784229618943941
468,0.9050406744593832,27151.220233781496,16.096605061198755,15.0,25.97807016789512,0,0,14.784229618943941
469,0.9046276114531291,27138.828343593872,16.195666809512115,15.0,26.279401133273225,0,0,14.784229618943941
470,0.9041872183503954,27125.616550511862,16.294310318524605,15.0,26.579459877491942,0,0,14.784229618943941
471,0.9037196081637131,27111.588244911392,16.392506358035593,15.0,26.878157486669537,0,0,14.784229618943941
472,0.9032249019706223,27096.74705911867,16.490225830439343,15.0,27.17540545025801,0,0,14.784229618943941
473,0.902703228877795,27081.09686633385,16.587439779347203,15.0,27.47111568727058,0,0,14.784229618943941
474,0.9021547259827772,27064.641779483318,16.68411939816808,15.0,27.76520057238212,0,0,14.784229618943941
475,0.9015795383333647,27047.38615000094,16.780236038644397,15.0,28.057572961894273,0,0,14.784229618943941
476,0.9009778188846215,27029.334566538644,16.8757612193412,15.0,28.34814621955809,0,0,14.784229618943941
477,0.9003497284535567,27010.491853606698,16.970666634085866,15.0,28.636834242246273,0,0,14.784229618943941
478,0.8996954356714703,26990.863070144107,17.06492416035576,15.0,28.923551485467286,0,0,14.784229618943941
479,0.8990151169339845,26970.453508019535,17.15850586761162,15.0,29.208212988714106,0,0,14.784229618943941
480,0.8983089563487741,26949.26869046322,17.25138402557392,15.0,29.49073440063981,0,0,14.784229618943941
481,0.8975771456810105,26927.314370430315,17.343531112439983,15.0,29.771032004052763,0,0,14.784229618943941
482,0.8968198842965388,26904.596528896163,17.43491982303927,15.0,30.04902274072371,0,0,14.784229618943941
483,0.8960373791028001,26881.121373084003,17.525523076924507,15.0,30.324624235997895,0,0,14.784229618943941
484,0.8952298444875214,26856.895334625642,17.615314026396184,15.0,30.59775482320425,0,0,14.784229618943941
485,0.8943975022551873,26831.92506765562,17.704266064458132,15.0,30.868333567855196,0,0,14.784229618943941
486,0.8935405815613147,26806.21744683944,17.792352832701724,15.0,31.136280291629095,0,0,14.784229618943941
487,0.8926593188445493,26779.779565336477,17.87954822911646,15.0,31.401515596128924,0,0,14.784229618943941
488,0.8917539577566033,26752.618732698098,17.96582641582456,15.0,31.663960886409726,0,0,14.784229618943941
489,0.8908247490900565,26724.742472701695,18.051161826737257,15.0,31.92353839426795,0,0,14.784229618943941
490,0.889871950704041,26696.15852112123,18.135529175130618,15.0,32.18017120128589,0,0,14.784229618943941
491,0.8888958274478317,26666.87482343495,18.21890346113851,15.0,32.433783261624214,0,0,14.784229618943941
492,0.8878966510823659,26636.89953247098,18.30125997916063,15.0,32.68429942455609,0,0,14.784229618943941
493,0.8868747001997151,26606.241005991455,18.382574325183278,15.0,32.93164545673579,0,0,14.784229618943941
494,0.8858302601405311,26574.907804215934,18.46282240401084,15.0,33.175748064195886,0,0,14.784229618943941
495,0.8847636229094947,26542.908687284842,18.541980436405638,15.0,33.416534914065565,0,0,14.784229618943941
496,0.8836750870887873,26510.25261266362,18.62002496613433,15.0,33.653934656004665,0,0,14.784229618943941
497,0.8825649577496153,26476.948732488458,18.696932866918406,15.0,33.887876943346086,0,0,14.784229618943941
498,0.8814335463618105,26443.006390854316,18.77268134928705,15.0,34.11829245394122,0,0,14.784229618943941
499,0.8802811707015353,26408.43512104606,18.847247967330155,15.0,34.34511291070152,0,0,14.784229618943941
500,0.8791081547571181,26373.244642713544,18.920610625349518,15.0,34.56827110183043,0,0,14.784229618943941
501,0.877914828633049,26337.444858991472,18.992747584406267,15.0,34.787700900739814,0,0,14.784229618943941
502,0.8767015284521629,26301.045853564887,19.063637468762593,15.0,35.00333728564453,0,0,14.784229618943941
503,0.8754685962560388,26264.057887681163,19.133259272215835,15.0,35.215116358829945,0,0,14.784229618943941
504,0.8742163799036452,26226.491397109356,19.20159236432306,15.0,35.42297536558608,0,0,14.784229618943941
505,0.8729452329682625,26188.356989047876,19.268616496514337,15.0,35.6268527128033,0,0,14.784229618943941
506,0.8716555146327115,26149.665438981345,19.3343118080928,15.0,35.826687987223565,0,0,14.784229618943941
507,0.8703475895829195,26110.427687487583,19.398658832119793,15.0,36.022421973342276,0,0,14.784229618943941
508,0.8690218278998562,26070.654836995684,19.461638501183387,15.0,36.21399667095508,0,0,14.784229618943941
509,0.8676786049498705,26030.358148496114,19.523232153048422,15.0,36.40135531234451,0,0,14.784229618943941
510,0.866318301273462,25989.54903820386,19.583421536186552,15.0,36.584442379101645,0,0,14.784229618943941
511,0.8649413024725178,25948.239074175533,19.642188815184554,15.0,36.7632036185772,0,0,14.784229618943941
512,0.8635479990960507,25906.439972881522,19.699516576029367,15.0,36.937586059958,0,0,14.784229618943941
513,0.8621387865244714,25864.163595734142,19.755387831268216,15.0,37.107538029963116,0,0,14.784229618943941
514,0.8607140648524283,25821.42194557285,19.80978602504237,15.0,37.27300916815605,0,0,14.784229618943941
515,0.8592742387702508,25778.227163107524,19.862695037993007,15.0,37.43395044186731,0,0,14.784229618943941
516,0.8578197174440312,25734.591523320934,19.914099192037718,15.0,37.59031416072416,0,0,14.784229618943941
517,0.8563509143943796,25690.52743183139,19.963983255016277,15.0,37.7420539907821,0,0,14.784229618943941
518,0.8548682473738893,25646.04742121668,20.01233244520422,15.0,37.889124968254606,0,0,14.784229618943941
519,0.8533721382433472,25601.164147300417,20.05913243569304,15.0,38.03148351283707,0,0,14.784229618943941
520,0.8518630128467274,25555.89038540182,20.104369358635537,15.0,38.169087440620345,0,0,14.784229618943941
521,0.8503413008850046,25510.239026550138,20.148029809355144,15.0,38.30189597659092,0,0,14.784229618943941
522,0.8488074357888246,25464.223073664736,20.19010085031804,15.0,38.42986976671332,0,0,14.784229618943941
523,0.8472618545900688,25417.85563770206,20.230570014966823,15.0,38.552970889591634,0,0,14.784229618943941
524,0.8457049977923529,25371.149933770586,20.269425311414615,15.0,38.671162867706414,0,0,14.784229618943941
525,0.844137309240496,25324.11927721488,20.30665522599851,15.0,38.78441067822377,0,0,14.784229618943941
526,0.8425592359889996,25276.777079669988,20.342248726691327,15.0,38.892680763373335,0,0,14.784229618943941
527,0.8409712281695758,25229.136845087276,20.37619526637064,15.0,38.99594104039224,0,0,14.784229618943941
528,0.8393737388577639,25181.212165732915,20.408484785944125,15.0,39.094160911031864,0,0,14.784229618943941
529,0.8377672239386733,25133.0167181602,20.43910771733025,15.0,39.18731127062475,0,0,14.784229618943941
530,0.8361521419718965,25084.564259156894,20.468054986293566,15.0,39.27536451670902,0,0,14.784229618943941
531,0.8345289540556264,25035.868621668793,20.495318015133535,15.0,39.358294557207515,0,0,14.784229618943941
532,0.8328981236900241,24986.943710700725,20.52088872522633,15.0,39.436076818159464,0,0,14.784229618943941
533,0.8312601166398732,24937.803499196198,20.544759539418692,15.0,39.508688251002255,0,0,14.784229618943941
534,0.829615400796564,24888.462023896922,20.5669233842732,15.0,39.576107339401275,0,0,14.784229618943941
535,0.827964446039447,24838.933381183408,20.587373692164284,15.0,39.63831410562558,0,0,14.784229618943941
536,0.8263077240965969,24789.23172289791,20.60610440322437,15.0,39.69529011646783,0,0,14.784229618943941
537,0.8246457084050308,24739.371252150926,20.623109967139527,15.0,39.74701848870636,0,0,14.784229618943941
538,0.8229788739704174,24689.366219112522,20.638385344794152,15.0,39.79348389410808,0,0,14.784229618943941
539,0.8213076972263231,24639.230916789693,20.65192600976418,15.0,39.834672563970564,0,0,14.784229618943941
540,0.8196326558930341,24588.979676791023,20.663727949658345,15.0,39.870572293202024,0,0,18.784229618943943
541,0.8177677798228702,24533.033394686106,26.26725806114265,15.0,39.901172443937895,0,0,18.784229618943943
542,0.8158999229122319,24476.99768736696,26.277822138772216,15.0,39.926463948693105,0,0,18.784229618943943
543,0.8140295816524393,24420.88744957318,26.286165703213193,15.0,39.94643931304897,0,0,18.784229618943943
544,0.8121572532709789,24364.717598129366,26.292286282087353,15.0,39.96109261787392,0,0,18.784229618943943
545,0.810283435584164,24308.50306752492,26.296182061735095,15.0,39.970419521077496,0,0,18.784229618943943
546,0.8084086268496214,24252.258805488644,26.297851887752824,15.0,39.974417258897,0,0,18.784229618943943
547,0.806533325618647,24195.99976855941,26.29729526533506,15.0,39.97308464671641,0,0,18.784229618943943
548,0.8046580305884734,24139.740917654202,26.294512359421027,15.0,39.9664220794175,0,0,18.784229618943943
549,0.8027832404544962,24083.497213634888,26.28950399464582,15.0,39.95443153126273,0,0,18.784229618943943
550,0.8009094537624994,24027.283612874984,26.282271655096004,15.0,39.9371165553103,0,0,18.784229618943943
551,0.7990371687609253,23971.11506282776,26.272817483869872,15.0,39.91448228236129,0,0,18.784229618943943
552,0.797166883253233,23915.00649759699,26.2611442824424,15.0,39.886535419439255,0,0,18.784229618943943
553,0.7952990944503883,23858.97283351165,26.247255509835103,15.0,39.85328424780281,0,0,18.784229618943943
554,0.7934342988235296,23803.028964705885,26.231155281591043,15.0,39.81473862049174,0,0,18.784229618943943
555,0.7915729919568525,23747.189758705576,26.212848368555324,15.0,39.77090995940729,0,0,18.784229618943943
556,0.7897156684007579,23691.470052022738,26.192340195461366,15.0,39.72181125192765,0,0,18.784229618943943
557,0.7878628215253056,23635.884645759168,26.169636839323474,15.0,39.667457047059486,0,0,18.784229618943943
558,0.7860149433740184,23580.448301220553,26.144745027636034,15.0,39.60786345112675,0,0,18.784229618943943
559,0.7841725245180791,23525.175735542372,26.117672136380072,15.0,39.54304812299806,0,0,18.784229618943943
560,0.782336053910963,23470.081617328888,26.088426187837538,15.0,39.47303026885396,0,0,18.784229618943943
561,0.7805060187435513,23415.180562306537,26.057015848214167,15.0,39.39783063649574,0,0,18.784229618943943
562,0.7786829042997653,23360.487128992958,26.023450425071488,15.0,39.31747150919743,0,0,18.784229618943943
563,0.7768671938127666,23306.015814382998,25.98773986456876,15.0,39.23197669910272,0,0,18.784229618943943
564,0.7750593683217647,23251.781049652942,25.949894748515778,15.0,39.141371540168976,0,0,18.784229618943943
565,0.7732599065294745,23197.797195884235,25.909926291237188,15.0,39.045682880660216,0,0,18.784229618943943
566,0.7714692846602665,23144.078539807997,25.867846336249464,15.0,38.94493907519138,0,0,18.784229618943943
567,0.7696879763190513,23090.63928957154,25.823667352751432,15.0,38.83916997632625,0,0,18.784229618943943
568,0.7679164523509399,23037.493570528197,25.777402431929364,15.0,38.72840692573151,0,0,18.784229618943943
569,0.7661551807017227,22984.65542105168,25.72906528307778,15.0,38.61268274488951,0,0,18.784229618943943
570,0.7644046262792066,22932.138788376196,25.678670229537083,15.0,38.492031725372584,0,0,18.784229618943943
571,0.7626652508154529,22879.957524463585,25.62623220444925,15.0,38.36648961868163,0,0,18.784229618943943
572,0.7609375127299561,22828.125381898684,25.57176674633282,15.0,38.23609362565233,0,0,18.784229618943943
573,0.7592218669938047,22776.65600981414,25.515289994478508,15.0,38.100882385431596,0,0,18.784229618943943
574,0.7575187649948627,22725.56294984588,25.456818684166734,15.0,37.960895964027955,0,0,18.784229618943943
575,0.7558286544040143,22674.859632120428,25.396370141708672,15.0,37.81617584243927,0,0,18.784229618943943
576,0.7541519790425089,22624.559371275267,25.333962279312033,15.0,37.66676490436085,0,0,18.784229618943943
577,0.7524891787504476,22574.67536251343,25.26961358977332,15.0,37.51270742347823,0,0,18.784229618943943
578,0.7508406892564492,22525.220677693476,25.203343140998005,15.0,37.354049050347825,0,0,18.784229618943943
579,0.7492069420485338,22476.208261456013,25.135170570350287,15.0,37.1908367988697,0,0,18.784229618943943
580,0.7475883642462643,22427.650927387927,25.06511607883413,15.0,37.02311903235638,0,0,18.784229618943943
581,0.7459853784741811,22379.561354225432,24.993200425107283,15.0,36.850945449201745,0,0,18.784229618943943
582,0.7443984027365695,22331.952082097087,24.919444919330004,15.0,36.6743670681543,0,0,18.784229618943943
583,0.7428278502935964,22284.835508807893,24.843871416850423,15.0,36.493436213199175,0,0,18.784229618943943
584,0.7412741295388517,22238.223886165553,24.76650231172835,15.0,36.30820649805355,0,0,18.784229618943943
585,0.739737643878333,22192.12931634999,24.687360530099387,15.0,36.11873281027961,0,0,18.784229618943943
586,0.7382187916109073,22146.56374832722,24.60646952338145,15.0,35.925071295020196,0,0,18.784229618943943
587,0.736717965810287,22101.538974308613,24.523853261325584,15.0,35.72727933836181,0,0,18.784229618943943
588,0.7352355542085532,22057.066626256597,24.439536224913272,15.0,35.525415550329974,0,0,18.784229618943943
589,0.7337719390812626,22013.158172437878,24.3535433991021,15.0,35.31953974752163,0,0,18.784229618943943
590,0.7323274971341703,21969.82491402511,24.26590026542223,15.0,35.1097129353803,0,0,18.784229618943943
591,0.7309025993916051,21927.077981748153,24.176632794425654,15.0,34.895997290118856,0,0,18.784229618943943
592,0.7294976110865257,21884.92833259577,24.085767437990594,15.0,34.67845614029535,0,0,18.784229618943943
593,0.7281128915522947,21843.38674656884,23.9933311214832,15.0,34.45715394804744,0,0,18.784229618943943
594,0.726748794116201,21802.46382348603,23.89935123577899,15.0,34.23215628999074,0,0,18.784229618943943
595,0.7254056659947601,21762.1699798428,23.803855629146344,15.0,34.0035298377872,0,0,18.784229618943943
596,0.7240838481908276,21722.515445724828,23.706872598994465,15.0,33.771342338388735,0,0,18.784229618943943
597,0.7227836753925518,21683.510261776555,23.60843088348827,15.0,33.53566259396248,0,0,18.784229618943943
598,0.7215054758741988,21645.16427622596,23.5085596530326,15.0,33.29656044150307,0,0,18.784229618943943
599,0.7202495713988772,21607.487141966318,23.407288501628432,15.0,33.05410673213853,0,0,18.784229618943943
600,0.7190162771231942,21570.488313695823,23.304647438103537,15.0,32.808373310135494,0,0,18.784229618943943
601,0.7178059015038656,21534.17704511597,23.20066687722023,15.0,32.559432991610315,0,0,18.784229618943943
602,0.7166187462063158,21498.562386189475,23.09537763066277,15.0,32.30735954295193,0,0,18.784229618943943
603,0.7154551060152861,21463.653180458583,22.988810897907232,15.0,32.05222765896332,0,0,18.784229618943943
604,0.7143152687474845,21429.458062424535,22.880998256976454,15.0,31.794112940727977,0,0,18.784229618943943
605,0.713199515166299,21395.985454988968,22.771971655082716,15.0,31.53309187320746,0,0,18.784229618943943
606,0.7121081188986013,21363.243566958037,22.661763399161156,15.0,31.26924180257736,0,0,18.784229618943943
607,0.7110413463536659,21331.240390609975,22.550406146296467,15.0,31.002640913307932,0,0,18.784229618943943
608,0.7099994566442265,21299.983699326793,22.437932894045993,15.0,30.733368204996445,0,0,18.784229618943943
609,0.7089827015096957,21269.48104529087,22.324376970661714,15.0,30.461503468957694,0,0,18.784229618943943
610,0.7079913252415694,21239.73975724708,22.20977202521451,15.0,30.18712726458037,0,0,18.784229618943943
611,0.7070255646110369,21210.766938331108,22.094152017623045,15.0,29.910320895455246,0,0,18.784229618943943
612,0.7060856487988222,21182.569463964664,21.97755120859088,15.0,29.63116638528355,0,0,18.784229618943943
613,0.705171799327271,21155.15397981813,21.860004149454177,15.0,29.34974645357123,0,0,18.784229618943943
614,0.7042842299947103,21128.52689984131,21.74154567194344,15.0,29.066144491117655,0,0,18.784229618943943
615,0.7034231468120944,21102.694404362832,21.622210877862095,15.0,28.780444535304902,0,0,18.784229618943943
616,0.70258874794196,21077.6624382588,21.502035128685062,15.0,28.492731245195756,0,0,18.784229618943943
617,0.7017812236397062,21053.436709191184,21.381054035080464,15.0,28.203089876447496,0,0,18.784229618943943
618,0.701000756197217,21030.022685916512,21.2593034463573,15.0,27.911606256048632,0,0,18.784229618943943
619,0.7002475198888457,21007.425596665373,21.13681943984261,15.0,27.618366756886616,0,0,18.784229618943943
620,0.6995216809197725,20985.650427593177,21.013638310190924,15.0,27.32345827215364,0,0,18.784229618943943
621,0.6988233973767547,20964.70192130264,20.889796558629456,15.0,27.02696818959845,0,0,18.784229618943943
622,0.698152819181282,20944.58457543846,20.7653308821419,15.0,26.72898436563125,0,0,18.784229618943943
623,0.6975100880451521,20925.302641354563,20.640278162594395,15.0,26.42959509929009,0,0,18.784229618943943
624,0.6968953374284775,20906.860122854327,20.514675455806586,15.0,26.128889106075924,0,0,18.784229618943943
625,0.6963086925001395,20889.260775004186,20.38855998057123,15.0,25.82695549166433,0,0,18.784229618943943
626,0.695750270100697,20872.50810302091,20.261969107625468,15.0,25.523883725501577,0,0,18.784229618943943
627,0.6952201787077646,20856.605361232938,20.134940348576954,15.0,25.219763614292688,0,0,18.784229618943943
628,0.6947185184038681,20841.555552116042,20.007511344788536,15.0,24.91468527539014,0,0,18.784229618943943
629,0.6942453808467882,20827.361425403647,19.879719856224156,15.0,24.60873911008984,0,0,18.784229618943943
630,0.6938008492424003,20814.025477272007,19.751603750259868,15.0,24.30201577684348,0,0,18.784229618943943
631,0.6933849983200181,20801.549949600543,19.623200990462827,15.0,23.99460616439429,0,0,18.784229618943943
632,0.6929978943102509,20789.936829307528,19.494549625341918,15.0,23.6866013648449,0,0,18.784229618943943
633,0.6926395949253769,20779.187847761306,19.36568777707314,15.0,23.378092646664655,0,0,18.784229618943943
634,0.6923101493422424,20769.304480267274,19.23665363020323,15.0,23.069171427644996,0,0,18.784229618943943
635,0.6920095981876898,20760.287945630695,19.10748542033467,15.0,22.75992924781014,0,0,18.784229618943943
636,0.6917379735265183,20752.13920579555,18.978221422795713,15.0,22.45045774229193,0,0,18.784229618943943
637,0.691495298851983,20744.85896555949,18.84889994129861,15.0,22.14084861417647,0,0,18.784229618943943
638,0.6912815890788335,20738.447672365004,18.71955929658928,15.0,21.83119360733029,0,0,18.784229618943943
639,0.6910968505388934,20732.9055161668,18.590237815092173,15.0,21.52158447921483,0,0,18.784229618943943
640,0.690941080979185,20728.232429375552,18.460973817553217,15.0,21.212112973696627,0,0,18.784229618943943
641,0.6908142695625967,20724.428086877902,18.331805607684657,15.0,20.902870793861766,0,0,18.784229618943943
642,0.6907163968710937,20721.49190613281,18.202771460814745,15.0,20.593949574842107,0,0,18.784229618943943
643,0.6906474349114728,20719.423047344186,18.073909612545982,15.0,20.285440856661893,0,0,18.784229618943943
644,0.6906073471236569,20718.220413709707,17.945258247425063,15.0,19.97743605711247,0,0,18.784229618943943
645,0.6905960883915284,20717.88265174585,17.816855487628008,15.0,19.67002644466325,0,0,18.784229618943943
646,0.6906136050562985,20718.408151688956,17.68873938166372,15.0,19.363303111416887,0,0,18.784229618943943
647,0.6906598349324075,20719.795047972224,17.560947893099353,15.0,19.057356946116617,0,0,18.784229618943943
648,0.690734707325951,20722.04121977853,17.433518889310935,15.0,18.752278607214077,0,0,18.784229618943943
649,0.690838143055629,20725.14429166887,17.30649013026242,15.0,18.448158496005185,0,0,18.784229618943943
650,0.6909700544762083,20729.10163428625,17.179899257316645,15.0,18.1450867298424,0,0,18.784229618943943
651,0.691130345504494,20733.91036513482,17.053783782081304,15.0,17.843153115430837,0,0,18.784229618943943
652,0.6913189116478009,20739.567349434026,16.928181075293505,15.0,17.5424471222167,0,0,18.784229618943943
653,0.691535640034917,20746.06920104751,16.803128355745987,15.0,17.243057855875513,0,0,18.784229618943943
654,0.6917804094495497,20753.41228348649,16.678662679258434,15.0,16.945074031908312,0,0,18.784229618943943
655,0.6920530903662448,20761.592710987345,16.554820927696966,15.0,16.648583949353117,0,0,18.784229618943943
656,0.6923535449887677,20770.60634966303,16.431639798045282,15.0,16.353675464620146,0,0,18.784229618943943
657,0.6926816272909352,20780.448818728055,16.309155791530586,15.0,16.06043596545813,0,0,18.784229618943943
658,0.6930371830598865,20791.115491796594,16.187405202807426,15.0,15.768952345059262,0,0,18.784229618943943
659,0.6934200499417796,20802.60149825339,16.066424109202828,15.0,15.479310976311007,0,0,18.784229618943943
660,0.6938300574899003,20814.90172469701,15.946248360025795,15.0,15.191597686201861,0,0,18.784229618943943
661,0.6942670272151695,20828.010816455087,15.826913565944448,15.0,14.905897730389107,0,0,18.784229618943943
662,0.6947307726390327,20841.923179170983,15.7084550884337,15.0,14.622295767935503,0,0,18.784229618943943
663,0.6952210993487185,20856.632980461553,15.590908029297015,15.0,14.340875836223239,0,0,18.784229618943943
664,0.6957378050548461,20872.134151645383,15.474307220264846,15.0,14.061721326051511,0,0,18.784229618943943
665,0.6962806796513697,20888.420389541094,15.358687212673393,15.0,13.784914956926416,0,0,18.784229618943943
666,0.696849505277836,20905.48515833508,15.244082267226164,15.0,13.510538752549039,0,0,18.784229618943943
667,0.6974440563839411,20923.321691518235,15.130526343841899,15.0,13.238674016510316,0,0,18.784229618943943
668,0.6980640997963671,20941.922993891014,15.018053091591423,15.0,12.96940130819883,0,0,18.784229618943943
669,0.698709394787875,20961.28184363625,14.906695838726733,15.0,12.702800418929401,0,0,18.784229618943943
670,0.6993796931486381,20981.390794459145,14.79648758280517,15.0,12.438950348299304,0,0,18.784229618943943
671,0.7000747392597919,21002.242177793756,14.687460980911432,15.0,12.17792928077878,0,0,18.784229618943943
672,0.7007942701691791,21023.828105075372,14.579648339980656,15.0,11.91981456254344,0,0,18.784229618943943
673,0.7015380156692682,21046.140470078048,14.473081607225119,15.0,11.664682678554833,0,0,18.784229618943943
674,0.7023056983772225,21069.170951316675,14.367792360667659,15.0,11.412609229896441,0,0,18.784229618943943
675,0.7030970338170933,21092.9110145128,14.263811799784351,15.0,11.163668911371268,0,0,18.784229618943943
676,0.7039117305041172,21117.351915123516,14.161170736259464,15.0,10.917935489368258,0,0,18.784229618943943
677,0.7047494900310892,21142.484700932677,14.05989958485529,15.0,10.675481780003693,0,0,18.784229618943943
678,0.705610007156787,21168.30021470361,13.960028354399608,15.0,10.436379627544255,0,0,18.784229618943943
679,0.7064929698964207,21194.789096892622,13.861586638893424,15.0,10.200699883118027,0,0,18.784229618943943
680,0.7073980596140805,21221.941788422417,13.764603608741544,15.0,9.968512383719556,0,0,18.784229618943943
681,0.7083249511171555,21249.748533514667,13.669108002108898,15.0,9.73988593151601,0,0,18.784229618943943
682,0.7092733127526953,21278.19938258086,13.575128116404674,15.0,9.514888273459295,0,0,18.784229618943943
683,0.7102428065056858,21307.284195170574,13.482691799897284,15.0,9.29358608121138,0,0,18.784229618943943
684,0.7112330880992105,21336.992642976315,13.391826443462232,15.0,9.076044931387903,0,0,18.784229618943943
685,0.7122438070964672,21367.314212894016,13.302558972465668,15.0,8.862329286126478,0,0,18.784229618943943
686,0.7132746070046097,21398.23821013829,13.214915838785789,15.0,8.652502473985132,0,0,18.784229618943943
687,0.7143251253803845,21429.753761411535,13.128923012974614,15.0,8.446626671176784,0,0,18.784229618943943
688,0.7153949939375309,21461.849818125927,13.044605976562302,15.0,8.244762883144945,0,0,18.784229618943943
689,0.7164838386559116,21494.515159677347,12.96198971450644,15.0,8.04697092648657,0,0,18.784229618943943
690,0.7175912798923432,21527.738396770295,12.881098707788501,15.0,7.8533094112271495,0,0,18.784229618943943
691,0.7187169324930927,21561.50797479278,12.801956926159537,15.0,7.663835723453199,0,0,18.784229618943943
692,0.7198604059080069,21595.81217724021,12.724587821037463,15.0,7.478606008307583,0,0,18.784229618943943
693,0.7210213043062406,21630.639129187217,12.649014318557882,15.0,7.297675153352464,0,0,18.784229618943943
694,0.72219922669355,21665.9768008065,12.575258812780604,15.0,7.121096772305009,0,0,18.784229618943943
695,0.7233937670311159,21701.813010933478,12.503343159053754,15.0,6.948923189150377,0,0,18.784229618943943
696,0.724604514355862,21738.135430675862,12.433288667537605,15.0,6.781205422637069,0,0,18.784229618943943
697,0.7258310529022318,21774.931587066956,12.365116096889881,15.0,6.617993171158929,0,0,18.784229618943943
698,0.7270729622253891,21812.188866761673,12.298845648114565,15.0,6.459334798028518,0,0,18.784229618943943
699,0.7283298173258046,21849.894519774138,12.234496958575846,15.0,6.305277317145887,0,0,18.784229618943943
700,0.7296011887751929,21888.035663255785,12.172089096179212,15.0,6.155866379067482,0,0,18.784229618943943
701,0.7308866428437609,21926.599285312826,12.11164055372115,15.0,6.0111462574787975,0,0,18.784229618943943
702,0.7321857416287316,21965.57224886195,12.053169243409377,15.0,5.87115983607516,0,0,18.784229618943943
703,0.7334980431841043,22004.941295523127,11.99669249155506,15.0,5.7359485958544125,0,0,18.784229618943943
704,0.7348231016516117,22044.69304954835,11.942227033438636,15.0,5.605552602825117,0,0,18.784229618943943
705,0.7361604673928389,22084.81402178517,11.889789008350807,15.0,5.4800104961341845,0,0,18.784229618943943
706,0.7375096871224602,22125.290613673806,11.839393954810104,15.0,5.3593594766172385,0,0,18.784229618943943
707,0.7388703040425568,22166.109121276706,11.79105680595852,15.0,5.243635295775246,0,0,18.784229618943943
708,0.7402418579779769,22207.255739339307,11.744791885136456,15.0,5.132872245180508,0,0,18.784229618943943
709,0.7416238855126944,22248.716565380833,11.70061290163842,15.0,5.027103146315371,0,0,18.784229618943943
710,0.7430159201271304,22290.47760381391,11.658532946650698,15.0,4.926359340846533,0,0,18.784229618943943
711,0.7444174923363917,22332.52477009175,11.618564489372105,15.0,4.830670681337773,0,0,18.784229618943943
712,0.7458281298293902,22374.843894881706,11.580719373319123,15.0,4.740065522404036,0,0,18.784229618943943
713,0.7472473576087987,22417.42072826396,11.545008812816402,15.0,4.6545707123093205,0,0,18.784229618943943
714,0.7486746981318025,22460.240943954075,11.511443389673715,15.0,4.5742115850110086,0,0,18.784229618943943
715,0.750109671451606,22503.29014354818,11.48003305005035,15.0,4.499011952652799,0,0,18.784229618943943
716,0.7515517953596512,22546.553860789536,11.450787101507817,15.0,4.4289940985087,0,0,18.784229618943943
717,0.7530005855285065,22590.017565855193,11.423714210251848,15.0,4.364178770380002,0,0,18.784229618943943
718,0.754455555655383,22633.666669661492,11.398822398564413,15.0,4.3045851744472685,0,0,18.784229618943943
719,0.7559162176062376,22677.486528187128,11.376119042426513,15.0,4.250230969579094,0,0,18.784229618943943
720,0.7573820815604163,22721.46244681249,11.355610869332562,15.0,4.201132262099458,0,0,18.784229618943943
721,0.7588526561557993,22765.57968467398,11.337303956296841,15.0,4.157303601015013,0,0,18.784229618943943
722,0.7603274486344025,22809.823459032075,11.321203728052781,15.0,4.118757973703939,0,0,18.784229618943943
723,0.7618059649883916,22854.17894965175,11.307314955445484,15.0,4.0855068020674965,0,0,18.784229618943943
724,0.7632877101064678,22898.631303194034,11.295641754018014,15.0,4.057559939145455,0,0,18.784229618943943
725,0.7647721879205798,22943.165637617392,11.286187582791886,15.0,4.034925666196444,0,0,18.784229618943943
726,0.7662589015529195,22987.767046587585,11.278955243242065,15.0,4.0176106902440205,0,0,18.784229618943943
727,0.7677473534631578,23032.420603894734,11.273946878466857,15.0,4.005620142089256,0,0,18.784229618943943
728,0.769237045595876,23077.11136787628,11.271163972552825,15.0,3.9989575747903396,0,0,18.784229618943943
729,0.7707274795281509,23121.824385844528,11.270607350135059,15.0,3.9976249626097538,0,0,18.784229618943943
730,0.772218156617248,23166.544698517442,11.272277176152791,15.0,4.001622700429246,0,0,18.784229618943943
731,0.7737085781483806,23211.257344451416,11.27617295580053,15.0,4.010949603632825,0,0,18.784229618943943
732,0.7751982454824884,23255.94736447465,11.282293534674691,15.0,4.025602908457778,0,0,18.784229618943943
733,0.7766866602039969,23300.599806119906,11.290637099115665,15.0,4.0455782728136445,0,0,18.784229618943943
734,0.7781733242685073,23345.199728055217,11.301201176745238,15.0,4.070869777568854,0,0,18.784229618943943
735,0.7796577401503783,23389.732204511347,11.313982637199214,15.0,4.101469928304727,0,0,18.784229618943943
736,0.7811394109901537,23434.18232970461,11.32897769305501,15.0,4.137369657536178,0,0,18.784229618943943
737,0.7826178407417924,23478.535222253773,11.346181900953965,15.0,4.178558327398669,0,0,18.784229618943943
738,0.784092534319658,23522.77602958974,11.365590162917979,15.0,4.225023732800389,0,0,18.784229618943943
739,0.7855629977452225,23566.889932356677,11.387196727860166,15.0,4.276752105038916,0,0,18.784229618943943
740,0.7870287382934439,23610.862148803317,11.410995193289022,15.0,4.333728115881161,0,0,18.784229618943943
741,0.7884892646387701,23654.677939163103,11.436978507205632,15.0,4.395934882105468,0,0,18.784229618943943
742,0.7899440870007303,23698.322610021907,11.465138970193317,15.0,4.46335397050448,0,0,18.784229618943943
743,0.7913927172890667,23741.781518672,11.49546823769914,15.0,4.535965403347282,0,0,18.784229618943943
744,0.7928346692483668,23785.040077451,11.527957322506579,15.0,4.6137476642992254,0,0,18.784229618943943
745,0.794269458602151,23828.08375806453,11.562596597398636,15.0,4.696677704797723,0,0,18.784229618943943
746,0.7956966031963747,23870.89809589124,11.599375798010577,15.0,4.784730950881995,0,0,18.784229618943943
747,0.7971156231423,23913.468694269,11.638284025871513,15.0,4.8778813104748915,0,0,18.784229618943943
748,0.7985260409586978,23955.781228760934,11.679309751633811,15.0,4.976101181114499,0,0,18.784229618943943
749,0.7999273817133358,23997.821451400072,11.722440818489519,15.0,5.079361458133398,0,0,18.784229618943943
750,0.8013191731637106,24039.57519491132,11.767664445772686,15.0,5.187631543282964,0,0,18.784229618943943
751,0.8027009458969843,24081.02837690953,11.814967232746554,15.0,5.300879353800337,0,0,18.784229618943943
752,0.8040722334690807,24122.167004072424,11.864335162574438,15.0,5.419071331915108,0,0,18.784229618943943
753,0.8054325725429036,24162.977176287106,11.9157536064733,15.0,5.54217245479342,0,0,18.784229618943943
754,0.8067815030256322,24203.445090768968,11.969207328048524,15.0,5.6701462449158395,0,0,18.784229618943943
755,0.8081185682050586,24243.557046151756,12.024680487808757,15.0,5.802954780886401,0,0,18.784229618943943
756,0.8094433148849194,24283.299446547582,12.082156647859561,15.0,5.940558708669677,0,0,18.784229618943943
757,0.8107552935191891,24322.658805575673,12.141618776774273,15.0,6.082917253252114,0,0,18.784229618943943
758,0.8120540583452892,24361.621750358678,12.203049254640822,15.0,6.229988230724665,0,0,18.784229618943943
759,0.8133391675161783,24400.17502548535,12.266429878282807,15.0,6.38172806078258,0,0,18.784229618943943
760,0.81461018323128,24438.3054969384,12.331741866653587,15.0,6.538091779639425,0,0,18.784229618943943
761,0.8158666718662128,24476.00015598638,12.398965866401465,15.0,6.6990330533507,0,0,18.784229618943943
762,0.8171082041012828,24513.246123038483,12.468081957604506,15.0,6.864504191543622,0,0,18.784229618943943
763,0.8183343550487002,24550.030651461006,12.53906965967322,15.0,7.034456161548752,0,0,18.784229618943943
764,0.8195447043784827,24586.341131354482,12.61190793741946,15.0,7.20883860292953,0,0,18.784229618943943
765,0.8207388364430084,24622.165093290252,12.686575207289557,15.0,7.387599842405114,0,0,18.784229618943943
766,0.8219163404001808,24657.490212005425,12.763049343759977,15.0,7.570686909162227,0,0,18.784229618943943
767,0.823076810335171,24692.30431005513,12.841307685893652,15.0,7.758045550551664,0,0,18.784229618943943
768,0.8242198453806977,24726.595361420932,12.921327044054843,15.0,7.9496202481644485,0,0,18.784229618943943
769,0.8253450498358144,24760.351495074432,13.003083706780785,15.0,8.145354234283179,0,0,18.784229618943943
770,0.8264520332831629,24793.560998494886,13.086553447807843,15.0,8.34518950870344,0,0,18.784229618943943
771,0.827540410704663,24826.21232113989,13.171711533250328,15.0,8.549066855920648,0,0,18.784229618943943
772,0.8286098025956017,24858.29407786805,13.258532728929664,15.0,8.756925862676788,0,0,18.784229618943943
773,0.8296598350770878,24889.795052312635,13.346991307851829,15.0,8.96870493586221,0,0,18.784229618943943
774,0.8306901400068417,24920.70420020525,13.437061057830771,15.0,9.184341320766926,0,0,18.784229618943943
775,0.8317003550882827,24951.01065264848,13.528715289255723,15.0,9.40377111967629,0,0,18.784229618943943
776,0.8326901239778859,24980.703719336576,13.62192684299986,15.0,9.626929310805227,0,0,18.784229618943943
777,0.833659096390774,25009.77289172322,13.716668098468116,15.0,9.853749767565514,0,0,18.784229618943943
778,0.8346069282045151,25038.207846135454,13.812910981781824,15.0,10.084165278160647,0,0,18.784229618943943
779,0.8355332815610926,25065.99844683278,13.910626974097568,15.0,10.318107565502062,0,0,18.784229618943943
780,0.8364378249670206,25093.134749010616,14.009787120057949,15.0,10.555507307441161,0,0,18.784229618943943
781,0.837320233391572,25119.60700174716,14.11036203637165,15.0,10.796294157310845,0,0,18.784229618943943
782,0.8381801883630927,25145.405650892782,14.21232192052039,15.0,11.040396764770923,0,0,18.784229618943943
783,0.8390173780633713,25170.521341901138,14.315636559590022,15.0,11.287742796950637,0,0,18.784229618943943
784,0.8398314974200373,25194.944922601117,14.420275339223288,15.0,11.538258959882512,0,0,18.784229618943943
785,0.840622248196961,25218.667445908828,14.526207252691469,15.0,11.791871020220835,0,0,18.784229618943943
786,0.8413893390826274,25241.68017247882,14.63340091008242,15.0,12.04850382723876,0,0,18.784229618943943
787,0.8421324857764575,25263.974573293726,14.741824547602052,15.0,12.308081335097036,0,0,18.784229618943943
788,0.842851411073054,25285.542332191617,14.851446036986545,15.0,12.57052662537783,0,0,18.784229618943943
789,0.843545844944341,25306.37534833023,14.962232895022781,15.0,12.835761929877629,0,0,18.784229618943943
790,0.8442155246195818,25326.465738587456,15.074152293173775,15.0,13.103708653651514,0,0,18.784229618943943
791,0.8448601946632415,25345.805839897243,15.18717106730644,15.0,13.374287398302497,0,0,18.784229618943943
792,0.8454796070506787,25364.38821152036,15.301255727518818,15.0,13.647417985508858,0,0,18.784229618943943
793,0.846073521241641,25382.20563724923,15.416372468063953,15.0,13.923019480783024,0,0,18.784229618943943
794,0.8466417042515418,25399.251127546257,15.532487177367194,15.0,14.201010217453948,0,0,18.784229618943943
795,0.8471839307204989,25415.517921614966,15.649565448134261,15.0,14.481307820866938,0,0,18.784229618943943
796,0.847699982980113,25430.999489403388,15.767572587546708,15.0,14.763829232792645,0,0,18.784229618943943
797,0.8481896511179681,25445.689533539044,15.886473627542347,15.0,15.048490736039454,0,0,18.784229618943943
798,0.8486527330398331,25459.581991194995,16.00623333517695,15.0,15.335207979260488,0,0,18.784229618943943
799,0.8490890345295464,25472.671035886393,16.126816223064488,15.0,15.623896001948662,0,0,18.784229618943943
800,0.8494983693065663,25484.951079196988,16.248186559892904,15.0,15.914469259612474,0,0,18.784229618943943
801,0.8498805590811699,25496.416772435095,16.37030838101201,15.0,16.206841649124605,0,0,18.784229618943943
802,0.8502354336072846,25507.063008218538,16.493145499090613,15.0,16.500926534236157,0,0,18.784229618943943
803,0.8505628307329355,25516.884921988065,16.616661514839564,15.0,16.79663677124873,0,0,18.784229618943943
804,0.8508625964482942,25525.877893448825,16.74081982779771,15.0,17.093884734837186,0,0,18.784229618943943
805,0.8511345849313157,25534.03754793947,16.86558364717738,15.0,17.39258234401481,0,0,18.784229618943943
806,0.8513786585909484,25541.359757728453,16.990916002766244,15.0,17.69264108823351,0,0,18.784229618943943
807,0.8515946881079053,25547.84064323716,17.116779755882458,15.0,17.993972053611618,0,0,18.784229618943943
808,0.8517825524729842,25553.476574189524,17.243137610379613,15.0,18.29648594928083,0,0,18.784229618943943
809,0.8519421390229248,25558.264170687744,17.369952123698408,15.0,18.600093133845107,0,0,18.784229618943943
810,0.8520733434737944,25562.20030421383,17.49718571796164,15.0,18.90470364194322,0,0,22.784229618943943
811,0.8520509664223238,25561.528992669715,21.377906578046563,15.0,19.21022721090762,0,0,22.784229618943943
812,0.8519991156937551,25559.973470812653,21.533113192689807,15.0,19.516573307511088,0,0,22.784229618943943
813,0.8519177101480397,25557.531304441192,21.688690540131468,15.0,19.82365115479373,0,0,22.784229618943943
814,0.8518066774028593,25554.20032208578,21.844592519445836,15.0,20.13136975896206,0,0,22.784229618943943
815,0.8516659538550744,25549.97861565223,22.00077293351182,15.0,20.43963793635258,0,0,22.784229618943943
816,0.8514954846995707,25544.86454098712,22.157185502702085,15.0,20.74836434045139,0,0,22.784229618943943
817,0.8512952239454997,25538.85671836499,22.313783878596702,15.0,21.057457488962026,0,0,22.784229618943943
818,0.8510651344299065,25531.954032897196,22.47052165771723,15.0,21.366825790913847,0,0,22.784229618943943
819,0.850805187828742,25524.15563486226,22.627352395277047,15.0,21.676377573802263,0,0,22.784229618943943
820,0.850515364665256,25515.46093995768,22.784229618943954,15.0,21.9860211107534,0,0,22.784229618943943
821,0.8501956543157682,25505.869629473043,22.94110684261081,15.0,22.295664647704438,0,0,22.784229618943943
822,0.8498460550128166,25495.381650384497,23.09793758017063,15.0,22.605216430592854,0,0,22.784229618943943
823,0.8494665738456815,25483.997215370444,23.254675359291156,15.0,22.914584732544668,0,0,22.784229618943943
824,0.8490572267582841,25471.716802748524,23.411273735185805,15.0,23.223677881055373,0,0,22.784229618943943
825,0.8486180385444626,25458.54115633388,23.567686304376057,15.0,23.532404285154154,0,0,22.784229618943943
826,0.8481490428406249,25444.471285218748,23.72386671844202,15.0,23.84067246254464,0,0,22.784229618943943
827,0.8476502821157815,25429.508463473445,23.879768697756422,15.0,24.14839106671303,0,0,22.784229618943943
828,0.8471218076589607,25413.65422976882,24.035346045198068,15.0,24.455468913995645,0,0,22.784229618943943
829,0.8465636795640114,25396.91038692034,24.190552659841313,15.0,24.76181501059911,0,0,22.784229618943943
830,0.8459759667117948,25379.279001353843,24.3453425506166,15.0,25.06733857956351,0,0,22.784229618943943
831,0.845358746749775,25360.76240249325,24.499669849938677,15.0,25.371949087661655,0,0,22.784229618943943
832,0.8447121060690087,25341.36318207026,24.65348882729806,15.0,25.675556272225904,0,0,22.784229618943943
833,0.8440361397785472,25321.084193356415,24.806753902812083,15.0,25.978070167895115,0,0,22.784229618943943
834,0.8433309516772524,25299.92855031757,24.959419660731157,15.0,26.27940113327322,0,0,22.784229618943943
835,0.8425966542230396,25277.89962669119,25.11144086289641,15.0,26.579459877491956,0,0,22.784229618943943
836,0.8418333684995536,25255.00105498661,25.262772462144735,15.0,26.878157486669544,0,0,22.784229618943943
837,0.8410412241802889,25231.236725408668,25.413369615657288,15.0,27.175405450258005,0,0,22.784229618943943
838,0.840220359490165,25206.61078470495,25.563187698247336,15.0,27.47111568727061,0,0,22.784229618943943
839,0.8393709211645667,25181.127634937002,25.71218231558365,15.0,27.765200572382128,0,0,22.784229618943943
840,0.8384930644058641,25154.791932175925,25.860309317345553,15.0,28.05757296189425,0,0,22.784229618943943
841,0.8375869528374221,25127.608585122663,26.007524810305583,15.0,28.348146219558075,0,0,22.784229618943943
842,0.8366527584551156,25099.582753653467,26.15378517133602,15.0,28.63683424224627,0,0,22.784229618943943
843,0.8356906615763632,25070.719847290897,26.299047060335305,15.0,28.92355148546728,0,0,22.784229618943943
844,0.8347008507866955,25041.025523600867,26.443267433070723,15.0,29.208212988714088,0,0,22.784229618943943
845,0.8336835228838732,25010.505686516193,26.586403553933323,15.0,29.49073440063979,0,0,22.784229618943943
846,0.8326388828195709,24979.166484587127,26.72841300860136,15.0,29.771032004052756,0,0,22.784229618943943
847,0.8315671436386469,24947.014309159407,26.86925371660858,15.0,30.04902274072371,0,0,22.784229618943943
848,0.8304685264160119,24914.055792480358,27.008883943813622,15.0,30.324624235997874,0,0,22.784229618943943
849,0.8293432601911208,24880.297805733626,27.147262314766714,15.0,30.597754823204266,0,0,22.784229618943943
850,0.828191581900103,24845.74745700309,27.284347824970055,15.0,30.868333567855196,0,0,22.784229618943943
851,0.8270137363055529,24810.412089166584,27.42009985302845,15.0,31.136280291629078,0,0,22.784229618943943
852,0.8258099759240017,24774.299277720052,27.55447817268621,15.0,31.401515596128903,0,0,22.784229618943943
853,0.8245805609510917,24737.41682853275,27.687442964747117,15.0,31.663960886409726,0,0,22.784229618943943
854,0.8233257591844738,24699.772775534213,27.818954828873636,15.0,31.923538394267943,0,0,22.784229618943943
855,0.822045845944454,24661.375378333618,27.948974795262185,15.0,32.18017120128587,0,0,22.784229618943943
856,0.8207411039924096,24622.23311977229,28.07746433619066,15.0,32.4337832616242,0,0,22.784229618943943
857,0.8194118234470015,24582.354703410045,28.20438537743508,15.0,32.6842994245561,0,0,22.784229618943943
858,0.818058301698205,24541.74905094615,28.329700309551676,15.0,32.93164545673579,0,0,22.784229618943943
859,0.8166808433191872,24500.425299575618,28.453371999021602,15.0,33.17574806419586,0,0,22.784229618943943
860,0.8152797599760558,24458.392799281675,28.575363799254227,15.0,33.41653491406559,0,0,22.784229618943943
861,0.8138553703355046,24415.66111006514,28.695639561446278,15.0,33.65393465600467,0,0,22.784229618943943
862,0.8124079999703868,24372.239999111604,28.814163645293696,15.0,33.887876943346086,0,0,22.784229618943943
863,0.8109379812632399,24328.139437897196,28.93090092955246,15.0,34.1182924539412,0,0,22.784229618943943
864,0.809445653307794,24283.36959923382,29.045816822445897,15.0,34.34511291070153,0,0,22.784229618943943
865,0.8079313618084913,24237.94085425474,29.15887727191479,15.0,34.56827110183045,0,0,22.784229618943943
866,0.8063954589780455,24191.863769341366,29.270048775707945,15.0,34.78770090073981,0,0,22.784229618943943
867,0.8048383034330745,24145.149102992236,29.37929839130951,15.0,35.00333728564452,0,0,22.784229618943943
868,0.8032602600878342,24097.807802635027,29.48659374570059,15.0,35.215116358829945,0,0,22.784229618943943
869,0.8016617000460864,24049.85100138259,29.59190304495204,15.0,35.42297536558608,0,0,22.784229618943943
870,0.8000430004911326,24001.29001473398,29.695195083645736,15.0,35.6268527128033,0,0,22.784229618943943
871,0.7984045445740473,23952.13633722142,29.796439254121406,15.0,35.82668798722358,0,0,22.784229618943943
872,0.796746721300141,23902.40163900423,29.89560555554628,15.0,36.02242197334229,0,0,22.784229618943943
873,0.7950699254136903,23852.097762410707,29.99266460280507,15.0,36.21399667095507,0,0,22.784229618943943
874,0.793374557280966,23801.23671842898,30.08758763520738,15.0,36.40135531234451,0,0,22.784229618943943
875,0.7916610227715968,23749.830683147902,30.18034652501011,15.0,36.584442379101645,0,0,22.784229618943943
876,0.7899297331383003,23697.89199414901,30.27091378575228,15.0,36.76320361857721,0,0,22.784229618943943
877,0.7881811048950209,23645.433146850628,30.35926258039995,15.0,36.937586059957994,0,0,22.784229618943943
878,0.7864155596935073,23592.466790805218,30.44536672929854,15.0,37.107538029963116,0,0,22.784229618943943
879,0.7846335241983678,23539.005725951036,30.529200717930458,15.0,37.27300916815604,0,0,22.784229618943943
880,0.7828354299606408,23485.062898819226,30.610739704475577,15.0,37.43395044186731,0,0,22.784229618943943
881,0.7810217132899168,23430.651398697504,30.689959527172427,15.0,37.59031416072416,0,0,22.784229618943943
882,0.77919281512505,23375.7844537515,30.76683671147785,15.0,37.7420539907821,0,0,22.784229618943943
883,0.7773491809034991,23320.475427104975,30.841348477022983,15.0,37.889124968254606,0,0,22.784229618943943
884,0.7754912604293347,23264.73781288004,30.913472744363595,15.0,38.03148351283706,0,0,22.784229618943943
885,0.7736195077399519,23208.58523219856,30.98318814152271,15.0,38.16908744062034,0,0,22.784229618943943
886,0.7717343809715302,23152.031429145907,31.050474010323583,15.0,38.30189597659091,0,0,22.784229618943943
887,0.769836342223277,23095.09026669831,31.115310412511107,15.0,38.42986976671332,0,0,22.784229618943943
888,0.767925857420498,23037.77572261494,31.177678135660052,15.0,38.55297088959162,0,0,22.784229618943943
889,0.7660033961765337,22980.10188529601,31.237558698868042,15.0,38.67116286770641,0,0,22.784229618943943
890,0.7640694316536024,22922.082949608073,31.29493435823187,15.0,38.78441067822377,0,0,22.784229618943943
891,0.7621244404225922,22863.733212677766,31.349788112105394,15.0,38.892680763373335,0,0,22.784229618943943
892,0.760168902321843,22805.067069655288,31.402103706137495,15.0,38.995941040392225,0,0,22.784229618943943
893,0.7582033003149594,22746.099009448782,31.45186563808862,15.0,39.094160911031864,0,0,22.784229618943943
894,0.7562281203476992,22686.843610430973,31.499059162424352,15.0,39.18731127062475,0,0,22.784229618943943
895,0.7542438512039759,22627.315536119277,31.543670294684922,15.0,39.27536451670902,0,0,22.784229618943943
896,0.7522509843610226,22567.529530830678,31.585685815629063,15.0,39.358294557207515,0,0,22.784229618943943
897,0.7502500138437561,22507.500415312683,31.625093275151155,15.0,39.43607681815947,0,0,22.784229618943943
898,0.7482414360783868,22447.243082351604,31.66188099597044,15.0,39.50868825100226,0,0,22.784229618943943
899,0.746225749745317,22386.77249235951,31.696038077091305,15.0,39.576107339401275,0,0,22.784229618943943
900,0.7442034556313708,22326.103668941123,31.727554397033433,15.0,39.63831410562558,0,0,22.784229618943943
901,0.7421750564814006,22265.251694442017,31.756420616831065,15.0,39.69529011646783,0,0,22.784229618943943
902,0.7401410568493124,22204.23170547937,31.782628182800284,15.0,39.74701848870636,0,0,22.784229618943943
903,0.7381019629485563,22143.05888845669,31.80616932907368,15.0,39.79348389410808,0,0,22.784229618943943
904,0.7360582825021241,22081.748475063723,31.827037079901565,15.0,39.834672563970564,0,0,22.784229618943943
905,0.7340105245920997,22020.31573776299,31.845225251718997,15.0,39.870572293202024,0,0,22.784229618943943
906,0.731959199508808,21958.775985264238,31.860728454978137,15.0,39.901172443937895,0,0,22.784229618943943
907,0.7299048185996039,21897.144557988115,31.873542095745265,15.0,39.926463948693105,0,0,22.784229618943943
908,0.7278478941173496,21835.43682352049,31.883662377062095,15.0,39.94643931304897,0,0,22.784229618943943
909,0.7257889390686231,21773.668172058693,31.89108630007085,15.0,39.96109261787392,0,0,22.784229618943943
910,0.7237284670617027,21711.85401185108,31.89581166490292,15.0,39.970419521077496,0,0,22.784229618943943
911,0.7216669921543741,21650.009764631224,31.897837071330727,15.0,39.974417258897,0,0,22.784229618943943
912,0.7196050287016047,21588.15086104814,31.89716191918264,15.0,39.97308464671641,0,0,22.784229618943943
913,0.7175430912031278,21526.292736093834,31.8937864085208,15.0,39.9664220794175,0,0,22.784229618943943
914,0.7154816941509862,21464.450824529584,31.887711539581872,15.0,39.95443153126273,0,0,22.784229618943943
915,0.7134213518770766,21402.640556312297,31.87893911248063,15.0,39.9371165553103,0,0,22.784229618943943
916,0.7113625784007422,21340.877352022268,31.86747172667655,15.0,39.91448228236129,0,0,22.784229618943943
917,0.7093058872764578,21279.176618293735,31.853312780203524,15.0,39.886535419439255,0,0,22.784229618943943
918,0.7072517914416522,21217.553743249566,31.836466468662966,15.0,39.85328424780281,0,0,22.784229618943943
919,0.7052008030647138,21156.024091941414,31.81693778398057,15.0,39.81473862049174,0,0,22.784229618943943
920,0.7031534333932243,21094.60300179673,31.79473251292707,15.0,39.77090995940729,0,0,22.784229618943943
921,0.701110192602465,21033.30577807395,31.7698572354035,15.0,39.72181125192766,0,0,22.784229618943943
922,0.6990715896442405,20972.147689327216,31.742319322491447,15.0,39.667457047059486,0,0,22.784229618943943
923,0.6970381320960656,20911.143962881968,31.71212693426882,15.0,39.60786345112675,0,0,22.784229618943943
924,0.6950103260107592,20850.309780322776,31.679289017391863,15.0,39.54304812299806,0,0,22.784229618943943
925,0.6929886757664896,20789.660272994686,31.643815302444036,15.0,39.47303026885396,0,0,22.784229618943943
926,0.6909736839173166,20729.2105175195,31.605716301052663,15.0,39.39783063649574,0,0,22.784229618943943
927,0.6889658510442739,20668.975531328215,31.565003302774123,15.0,39.31747150919743,0,0,22.784229618943943
928,0.6869656756070359,20608.970268211076,31.52168837174844,15.0,39.23197669910273,0,0,22.784229618943943
929,0.6849736537962137,20549.20961388641,31.475784343124495,15.0,39.14137154016899,0,0,22.784229618943943
930,0.682990279386323,20489.708381589688,31.42730481925666,15.0,39.04568288066021,0,0,22.784229618943943
931,0.6810160435894674,20430.481307684022,31.37626416567413,15.0,38.94493907519137,0,0,22.784229618943943
932,0.679051434909783,20371.54304729349,31.322677506824128,15.0,38.83916997632626,0,0,22.784229618943943
933,0.6770969389986828,20312.908169960487,31.266560721590125,15.0,38.728406925731505,0,0,22.784229618943943
934,0.6751530385109487,20254.59115532846,31.207930438586722,15.0,38.6126827448895,0,0,22.784229618943943
935,0.6732202129617094,20196.606388851284,31.14680403123211,15.0,38.49203172537257,0,0,22.784229618943943
936,0.6712989385843507,20138.968157530522,31.083199612600005,15.0,38.366489618681655,0,0,22.784229618943943
937,0.6693896881893967,20081.6906456819,31.017136030052317,15.0,38.23609362565233,0,0,22.784229618943943
938,0.6674929310244061,20024.787930732182,30.94863285965436,15.0,38.10088238543158,0,0,22.784229618943943
939,0.6656091326349238,19968.273979047714,30.877710400373928,15.0,37.96089596402796,0,0,22.784229618943943
940,0.6637387547265302,19912.162641795905,30.80438966806633,15.0,37.81617584243927,0,0,22.784229618943943
941,0.661882255028027,19856.46765084081,30.728692389246948,15.0,37.66676490436086,0,0,22.784229618943943
942,0.660040087155803,19801.20261467409,30.65064099465318,15.0,37.51270742347823,0,0,22.784229618943943
943,0.6582127004794178,19746.381014382536,30.57025861259773,15.0,37.354049050347825,0,0,22.784229618943943
944,0.6564005399884436,19692.01619965331,30.487569062115185,15.0,37.1908367988697,0,0,22.784229618943943
945,0.6546040461606052,19638.121384818154,30.40259684590395,15.0,37.02311903235638,0,0,22.784229618943943
946,0.6528236548312566,19584.7096449377,30.31536714306554,15.0,36.850945449201745,0,0,22.784229618943943
947,0.6510597970642347,19531.79391192704,30.22590580164347,15.0,36.6743670681543,0,0,22.784229618943943
948,0.6493128990241245,19479.386970723735,30.13423933096394,15.0,36.493436213199175,0,0,22.784229618943943
949,0.6475833818499781,19427.501455499343,30.040394893780537,15.0,36.308206498053565,0,0,22.784229618943943
950,0.6458716615305218,19376.149845915654,29.944400298225332,15.0,36.11873281027961,0,0,22.784229618943943
951,0.6441781487808899,19325.344463426696,29.846283989568715,15.0,35.925071295020196,0,0,22.784229618943943
952,0.6425032489209208,19275.097467627624,29.74607504179046,15.0,35.72727933836181,0,0,22.784229618943943
953,0.640847361755052,19225.420852651558,29.643803148964487,15.0,35.525415550329974,0,0,22.784229618943943
954,0.6392108814538493,19176.32644361548,29.539498616459856,15.0,35.31953974752163,0,0,22.784229618943943
955,0.6375941964372057,19127.825893116173,29.4331923519606,15.0,35.10971293538029,0,0,22.784229618943943
956,0.6359976892592445,19079.930677777334,29.3249158563072,15.0,34.895997290118856,0,0,22.784229618943943
957,0.6344217364949593,19032.652094848778,29.214701214162094,15.0,34.67845614029538,0,0,22.784229618943943
958,0.6328667086286276,18986.00125885883,29.10258108450238,15.0,34.45715394804746,0,0,22.784229618943943
959,0.6313329699440284,18939.989098320853,28.988588690942223,15.0,34.23215628999074,0,0,22.784229618943943
960,0.6298208784164961,18894.626352494884,28.872757811888,15.0,34.0035298377872,0,0,22.784229618943943
961,0.6283307856068459,18849.923568205377,28.755122770529013,15.0,33.77134233838876,0,0,22.784229618943943
962,0.6268630365571974,18805.891096715925,28.635718424666784,15.0,33.5356625939625,0,0,22.784229618943943
963,0.6254179696887326,18762.53909066198,28.51458015638592,15.0,33.29656044150305,0,0,22.784229618943943
964,0.6239959167014132,18719.877501042396,28.391743861569765,15.0,33.054106732138536,0,0,22.784229618943943
965,0.6225972024756914,18677.916074270743,28.267245939263432,15.0,32.80837331013552,0,0,22.784229618943943
966,0.6212221449762407,18636.66434928722,28.141123280888173,15.0,32.559432991610294,0,0,22.784229618943943
967,0.6198710551577361,18596.131654732082,28.01341325930968,15.0,32.3073595429519,0,0,22.784229618943943
968,0.6185442368727112,18556.327106181336,27.884153717763535,15.0,32.05222765896335,0,0,22.784229618943943
969,0.6172419867815208,18517.259603445622,27.753382958641513,15.0,31.794112940728006,0,0,22.784229618943943
970,0.6159645942644332,18478.937827932994,27.621139732141803,15.0,31.533091873207432,0,0,22.784229618943943
971,0.6147123413358813,18441.370240076438,27.48746322478651,15.0,31.269241802577334,0,0,22.784229618943943
972,0.6134855025608955,18404.565076826864,27.35239304780971,15.0,31.002640913307935,0,0,22.784229618943943
973,0.6122843449737436,18368.53034921231,27.21596922541991,15.0,30.733368204996474,0,0,22.784229618943943
974,0.6111091279988037,18333.27383996411,27.078232182939896,15.0,30.461503468957698,0,0,22.784229618943943
975,0.6099601033736901,18298.803101210702,26.939222734828032,15.0,30.187127264580347,0,0,22.784229618943943
976,0.608837515074659,18265.12545223977,26.798982072583836,15.0,29.91032089545525,0,0,22.784229618943943
977,0.6077415992443125,18232.247977329374,26.65755175254216,15.0,29.631166385283525,0,0,22.784229618943943
978,0.6066725841216245,18200.177523648734,26.514973683559173,15.0,29.349746453571235,0,0,22.784229618943943
979,0.6056306899743087,18168.92069922926,26.371290114593787,15.0,29.066144491117655,0,0,22.784229618943943
980,0.6046161290335486,18138.483871006458,26.226543622188444,15.0,28.780444535304902,0,0,22.784229618943943
981,0.6036291054311087,18108.87316293326,26.080777097852696,15.0,28.492731245195756,0,0,22.784229618943943
982,0.6026698151388458,18080.094454165373,25.934033735353637,15.0,28.2030898764475,0,0,22.784229618943943
983,0.6017384459106382,18052.153377319144,25.78635701791655,15.0,27.911606256048636,0,0,22.784229618943943
984,0.6008351772267503,18025.055316802507,25.637790705339935,15.0,27.618366756886616,0,0,22.784229618943943
985,0.5999601802406492,17998.805407219475,25.48837882102851,15.0,27.323458272153644,0,0,22.784229618943943
986,0.5991136177282874,17973.40853184862,25.338165638948205,15.0,27.02696818959845,0,0,22.784229618943943
987,0.5982956440398692,17948.869321196078,25.187195670506718,15.0,26.728984365631252,0,0,22.784229618943943
988,0.5975064050541137,17925.19215162341,25.035513651363882,15.0,26.42959509929007,0,0,22.784229618943943
989,0.5967460381350269,17902.381144050807,24.88316452817557,15.0,26.12888910607593,0,0,22.784229618943943
990,0.5960146720911987,17880.440162735962,24.73019344527492,15.0,25.826955491664364,0,0,22.784229618943943
991,0.5953124271376339,17859.372814129016,24.576645731295194,15.0,25.523883725501584,0,0,22.784229618943943
992,0.5946394148601293,17839.18244580388,24.422566885737858,15.0,25.219763614292688,0,0,22.784229618943943
993,0.5939957381822095,17819.872145466285,24.26800256549017,15.0,24.91468527539015,0,0,22.784229618943943
994,0.5933814913346273,17801.444740038816,24.11299857129597,15.0,24.60873911008988,0,0,22.784229618943943
995,0.5927967598274417,17783.90279482325,23.957600834184017,15.0,24.30201577684351,0,0,22.784229618943943
996,0.5922416204246796,17767.24861274039,23.80185540185754,15.0,23.9946061643943,0,0,22.784229618943943
997,0.5917161411215889,17751.484233647665,23.645808425049445,15.0,23.686601364844904,0,0,22.784229618943943
998,0.591220381124489,17736.61143373467,23.489506143846704,15.0,23.378092646664694,0,0,22.784229618943943
999,0.5907543908332284,17722.631724996852,23.332994873988483,15.0,23.069171427644964,0,0,22.784229618943943
1000,0.5903182118262488,17709.546354787464,23.176320993141925,15.0,22.75992924781014,0,0,22.784229618943943
1001,0.5899118768482652,17697.356305447956,23.019530927159146,15.0,22.450457742291967,0,0,22.784229618943943
1002,0.5895354098005625,17686.062294016876,22.862671136320525,15.0,22.140848614176505,0,0,22.784229618943943
1003,0.5891888257339137,17675.66477201741,22.705788101567368,15.0,21.831193607330263,0,0,22.784229618943943
1004,0.5888721308441192,17666.163925323573,22.548928310728748,15.0,21.521584479214802,0,0,22.784229618943943
1005,0.588585322470171,17657.55967410513,22.392138244745986,15.0,21.212112973696662,0,0,22.784229618943943
1006,0.5883283890950421,17649.851672851266,22.23546436389941,15.0,20.902870793861805,0,0,22.784229618943943
1007,0.5881013103490983,17643.03931047295,22.078953094041193,15.0,20.593949574842078,0,0,22.784229618943943
1008,0.5879040570161344,17637.12171048403,21.922650812838455,15.0,20.285440856661864,0,0,22.784229618943943
1009,0.5877365910420315,17632.097731260943,21.766603836030356,15.0,19.97743605711247,0,0,22.784229618943943
1010,0.5875988655460338,17627.965966381013,21.61085840370388,15.0,19.670026444663254,0,0,22.784229618943943
1011,0.5874908248346395,17624.724745039188,21.45546066659192,15.0,19.36330311141689,0,0,22.784229618943943
1012,0.5874124044181053,17622.372132543158,21.30045667239773,15.0,19.05735694611662,0,0,22.784229618943943
1013,0.5873635310295541,17620.905930886624,21.14589235215004,15.0,18.75227860721408,0,0,22.784229618943943
1014,0.5873441226466878,17620.323679400633,20.9918135065927,15.0,18.448158496005192,0,0,22.784229618943943
1015,0.5873540885160905,17620.622655482715,20.838265792612972,15.0,18.145086729842408,0,0,22.784229618943943
1016,0.5873933291801219,17621.799875403656,20.685294709712327,15.0,17.843153115430844,0,0,22.784229618943943
1017,0.5874617365063878,17623.852095191633,20.532945586524015,15.0,17.542447122216704,0,0,22.784229618943943
1018,0.5875591937197827,17626.77581159348,20.381263567381176,15.0,17.24305785587552,0,0,22.784229618943943
1019,0.5876855754370928,17630.56726311278,20.230293598939692,15.0,16.94507403190832,0,0,22.784229618943943
1020,0.5878407477041492,17635.222431124475,20.080080416859385,15.0,16.648583949353124,0,0,22.784229618943943
1021,0.5880245680355219,17640.73704106566,19.930668532547944,15.0,16.35367546462012,0,0,22.784229618943943
1022,0.5882368854567415,17647.106563702244,19.78210221997133,15.0,16.060435965458105,0,0,22.784229618943943
1023,0.5884775405490352,17654.326216471058,19.63442550253424,15.0,15.76895234505924,0,0,22.784229618943943
1024,0.5887463654965672,17662.39096489702,19.487682140035215,15.0,15.47931097631104,0,0,22.784229618943943
1025,0.5890431841361656,17671.29552408497,19.341915615699456,15.0,15.191597686201867,0,0,22.784229618943943
1026,0.5893678120095232,17681.034360285696,19.197169123294103,15.0,14.905897730389112,0,0,22.784229618943943
1027,0.5897200564178565,17691.601692535696,19.05348555432872,15.0,14.622295767935533,0,0,22.784229618943943
1028,0.5900997164790073,17702.991494370217,18.910907485345735,15.0,14.340875836223244,0,0,22.784229618943943
1029,0.5905065831869669,17715.19749560901,18.769477165304043,15.0,14.061721326051487,0,0,22.784229618943943
1030,0.590940439473811,17728.21318421433,18.629236503059847,15.0,13.784914956926391,0,0,22.784229618943943
1031,0.5914010602740198,17742.031808220596,18.490227054947983,15.0,13.510538752549042,0,0,22.784229618943943
1032,0.5918882125911709,17756.646377735127,18.352490012467996,15.0,13.238674016510316,0,0,22.784229618943943
1033,0.5924016555669807,17772.049667009418,18.216066190078184,15.0,12.969401308198831,0,0,22.784229618943943
1034,0.592941140552676,17788.23421658028,18.080996013101384,15.0,12.702800418929433,0,0,22.784229618943943
1035,0.5935064111826743,17805.19233548023,17.947319505746094,15.0,12.438950348299333,0,0,22.784229618943943
1036,0.5940972034505503,17822.91610351651,17.81507627924638,15.0,12.177929280778757,0,0,22.784229618943943
1037,0.594713245787266,17841.39737361798,17.68430552012436,15.0,11.919814562543417,0,0,22.784229618943943
1038,0.5953542591416434,17860.627774249304,17.5550459785782,15.0,11.664682678554836,0,0,22.784229618943943
1039,0.5960199570630532,17880.5987118916,17.427335956999706,15.0,11.412609229896447,0,0,22.784229618943943
1040,0.596710045786296,17901.30137358888,17.30121329862448,15.0,11.163668911371268,0,0,22.784229618943943
1041,0.5974242243186514,17922.72672955954,17.176715376318146,15.0,10.917935489368258,0,0,22.784229618943943
1042,0.5981621845290684,17944.865535872053,17.053879081501968,15.0,10.675481780003722,0,0,22.784229618943943
1043,0.5989236112394721,17967.708337184165,16.932740813221105,15.0,10.43637962754426,0,0,22.784229618943943
1044,0.599708182318157,17991.245469544712,16.813336467358877,15.0,10.200699883118004,0,0,22.784229618943943
1045,0.6005155687752416,18015.46706325725,16.69570142599989,15.0,9.96851238371956,0,0,22.784229618943943
1046,0.6013454348601555,18040.363045804665,16.57987054694567,15.0,9.739885931516014,0,0,22.784229618943943
1047,0.6021974381611293,18065.923144833876,16.465878153385525,15.0,9.51488827345932,0,0,22.784229618943943
1048,0.6030712297066586,18092.13689119976,16.35375802372581,15.0,9.293586081211407,0,0,22.784229618943943
1049,0.6039664540689127,18118.99362206738,16.243543381580707,15.0,9.07604493138793,0,0,22.784229618943943
1050,0.6048827494690541,18146.48248407162,16.1352668859273,15.0,8.862329286126503,0,0,22.784229618943943
1051,0.6058197478844417,18174.59243653325,16.028960621428038,15.0,8.652502473985134,0,0,22.784229618943943
1052,0.6067770751576849,18203.312254730547,15.924656088923403,15.0,8.446626671176785,0,0,22.784229618943943
1053,0.6077543511075134,18232.6305332254,15.822384196097435,15.0,8.244762883144947,0,0,22.784229618943943
1054,0.6087511896414336,18262.535689243006,15.722175248319164,15.0,8.04697092648655,0,0,22.784229618943943
1055,0.6097671988701361,18293.01596610408,15.62405893966255,15.0,7.8533094112271336,0,0,22.784229618943943
1056,0.6108019812236206,18324.05943670862,15.528064344107365,15.0,7.6638357234532215,0,0,22.784229618943943
1057,0.6118551335690053,18355.65400707016,15.434219906923964,15.0,7.4786060083076045,0,0,22.784229618943943
1058,0.6129262473299828,18387.787419899483,15.342553436244419,15.0,7.297675153352467,0,0,22.784229618943943
1059,0.6140149086078908,18420.447258236723,15.25309209482235,15.0,7.121096772305011,0,0,22.784229618943943
1060,0.615120698304359,18453.62094913077,15.16586239198394,15.0,6.9489231891503795,0,0,22.784229618943943
1061,0.6162431922454973,18487.295767364918,15.08089017577269,15.0,6.781205422637038,0,0,22.784229618943943
1062,0.617381961307587,18521.458839227613,14.998200625290151,15.0,6.617993171158918,0,0,22.784229618943943
1063,0.6185365715442404,18556.09714632721,14.917818243234699,15.0,6.459334798028504,0,0,22.784229618943943
1064,0.619706584314987,18591.19752944961,14.83976684864093,15.0,6.30527731714589,0,0,22.784229618943943
1065,0.620891556415254,18626.74669245762,14.764069569821558,15.0,6.155866379067485,0,0,22.784229618943943
1066,0.6220910402076956,18662.731206230867,14.690748837513961,15.0,6.011146257478799,0,0,22.784229618943943
1067,0.6233045837548388,18699.137512645164,14.61982637823353,15.0,5.871159836075174,0,0,22.784229618943943
1068,0.6245317309530021,18735.95192859006,14.551323207835573,15.0,5.735948595854427,0,0,22.784229618943943
1069,0.6257720216674478,18773.160650023434,14.485259625287885,15.0,5.6055526028251075,0,0,22.784229618943943
1070,0.6270249918687316,18810.74975606195,14.421655206655773,15.0,5.480010496134175,0,0,22.784229618943943
1071,0.6282901737702031,18848.705213106095,14.360528799301157,15.0,5.359359476617241,0,0,22.784229618943943
1072,0.6295670959666219,18887.012878998656,14.301898516297754,15.0,5.243635295775246,0,0,22.784229618943943
1073,0.6308552835738442,18925.65850721533,14.245781731063767,15.0,5.132872245180511,0,0,22.784229618943943
1074,0.6321542583695426,18964.62775108628,14.192195072213753,15.0,5.027103146315383,0,0,22.784229618943943
1075,0.6334635389349125,19003.906168047375,14.141154418631231,15.0,4.926359340846546,0,0,22.784229618943943
1076,0.6347826407973274,19043.47922391982,14.092674894763388,15.0,4.830670681337766,0,0,22.784229618943943
1077,0.6361110765738986,19083.33229721696,14.046770866139445,15.0,4.740065522404025,0,0,22.784229618943943
1078,0.6374483561158972,19123.450683476916,14.003455935113763,15.0,4.654570712309322,0,0,22.784229618943943
1079,0.6387939866539957,19163.81959961987,13.962742936835216,15.0,4.5742115850110086,0,0,22.784229618943943
1080,0.640147472944286,19204.42418832858,13.924643935443854,15.0,4.499011952652799,0,0,26.784229618943943
1081,0.641427037977732,19242.81113933196,16.32755333948424,15.0,4.428994098508703,0,0,26.784229618943943
1082,0.6427136536070294,19281.40960821088,16.288950396986287,15.0,4.3641787703800095,0,0,26.784229618943943
1083,0.6440068025661172,19320.204076983515,16.25345743222847,15.0,4.304585174447261,0,0,26.784229618943943
1084,0.6453059656529677,19359.178969589033,16.221084962542257,15.0,4.250230969579094,0,0,26.784229618943943
1085,0.6466106218834379,19398.318656503136,16.191842580589075,15.0,4.201132262099458,0,0,26.784229618943943
1086,0.6479202486456469,19437.607459369407,16.16573895151779,15.0,4.157303601015013,0,0,26.784229618943943
1087,0.6492343218548385,19477.029655645158,16.142781810397054,15.0,4.118757973703936,0,0,26.784229618943943
1088,0.6505523161086784,19516.56948326035,16.12297795992325,15.0,4.085506802067498,0,0,26.784229618943943
1089,0.6518737048429416,19556.21114528825,16.106333268404672,15.0,4.057559939145458,0,0,26.784229618943943
1090,0.6531979604875459,19595.938814626377,16.09285266802263,15.0,4.034925666196447,0,0,26.784229618943943
1091,0.6545245546228815,19635.736638686445,16.08254015336996,15.0,4.0176106902440205,0,0,26.784229618943943
1092,0.6558529581363931,19675.588744091794,16.075398780267314,15.0,4.005620142089256,0,0,26.784229618943943
1093,0.6571826413793679,19715.479241381036,16.071430664857665,15.0,3.9989575747903396,0,0,26.784229618943943
1094,0.6585130743238813,19755.39222971644,16.070636982979252,15.0,3.9976249626097538,0,0,26.784229618943943
1095,0.6598437267198564,19795.31180159569,16.07301796981714,15.0,4.001622700429246,0,0,26.784229618943943
1096,0.6611740682521876,19835.22204756563,16.078572919833544,15.0,4.010949603632825,0,0,26.784229618943943
1097,0.6625035686978853,19875.10706093656,16.087300186976886,15.0,4.025602908457775,0,0,26.784229618943943
1098,0.6638316980831921,19914.95094249576,16.09919718516957,15.0,4.045578272813643,0,0,26.784229618943943
1099,0.6651579268406248,19954.737805218745,16.114260389074264,15.0,4.070869777568854,0,0,26.784229618943943
1100,0.6664817259658978,19994.451778976934,16.132485335138565,15.0,4.101469928304722,0,0,26.784229618943943
1101,0.6678025671746778,20034.077015240335,16.153866622917626,15.0,4.137369657536178,0,0,26.784229618943943
1102,0.6691199230591259,20073.59769177378,16.17839791667444,15.0,4.1785583273986715,0,0,26.784229618943943
1103,0.6704332672441802,20112.998017325404,16.206071947257225,15.0,4.225023732800393,0,0,26.784229618943943
1104,0.6717420745435316,20152.26223630595,16.23688051425347,15.0,4.276752105038916,0,0,26.784229618943943
1105,0.6730458211152486,20191.374633457457,16.270814488419873,15.0,4.333728115881161,0,0,26.784229618943943
1106,0.674343984617002,20230.31953851006,16.307863814387527,15.0,4.395934882105468,0,0,26.784229618943943
1107,0.6756360443608471,20269.081330825415,16.34801751364157,15.0,4.4633539705044765,0,0,26.784229618943943
1108,0.6769214814675144,20307.64444402543,16.391263687774313,15.0,4.535965403347271,0,0,26.784229618943943
1109,0.6781997790201644,20345.99337060493,16.43758952201105,15.0,4.613747664299233,0,0,26.784229618943943
1110,0.6794704222175616,20384.11266652685,16.486981289007275,15.0,4.696677704797732,0,0,26.784229618943943
1111,0.6807328985266218,20421.986955798653,16.539424352916484,15.0,4.784730950882002,0,0,26.784229618943943
1112,0.6819866978342852,20459.600935028557,16.59490317372702,15.0,4.8778813104748915,0,0,26.784229618943943
1113,0.6832313125986753,20496.939377960258,16.653401311866954,15.0,4.976101181114499,0,0,26.784229618943943
1114,0.6844662379994936,20533.98713998481,16.714901433075447,15.0,5.079361458133395,0,0,26.784229618943943
1115,0.6856909720876097,20570.72916262829,16.779385313539322,15.0,5.187631543282964,0,0,26.784229618943943
1116,0.6869050159337985,20607.150478013955,16.846833845293123,15.0,5.300879353800333,0,0,26.784229618943943
1117,0.6881078737765848,20643.236213297543,16.917227041881212,15.0,5.419071331915117,0,0,26.784229618943943
1118,0.6892990531691473,20678.971595074418,16.990544044280238,15.0,5.542172454793432,0,0,26.784229618943943
1119,0.6904780651252416,20714.341953757248,17.066763127080083,15.0,5.670146244915825,0,0,26.784229618943943
1120,0.6916444242640974,20749.332727922923,17.14586170492157,15.0,5.802954780886384,0,0,26.784229618943943
1121,0.6927976489542473,20783.92946862742,17.227816339188998,15.0,5.940558708669659,0,0,26.784229618943943
1122,0.6939372614562442,20818.117843687327,17.312602744955505,15.0,6.082917253252111,0,0,26.784229618943943
1123,0.6950627880642265,20851.883641926794,17.40019579817923,15.0,6.229988230724633,0,0,26.784229618943943
1124,0.6961737592462867,20885.2127773886,17.490569543148094,15.0,6.381728060782576,0,0,26.784229618943943
1125,0.6972697097836043,20918.09129350813,17.583697200171017,15.0,6.538091779639421,0,0,26.784229618943943
1126,0.6983501789083,20950.505367249,17.67955117351337,15.0,6.699033053350696,0,0,26.784229618943943
1127,0.699414710439971,20982.44131319913,17.778103059574182,15.0,6.864504191543637,0,0,26.784229618943943
1128,0.7004628529208675,21013.885587626024,17.879323655302645,15.0,7.034456161548766,0,0,26.784229618943943
1129,0.7014941597496689,21044.824792490068,17.98318296685172,15.0,7.208838602929511,0,0,26.784229618943943
1130,0.7025081893138221,21075.245679414664,18.08965021846598,15.0,7.387599842405075,0,0,26.784229618943943
1131,0.7035045051204,21105.135153612,18.198693861601008,15.0,7.570686909162225,0,0,26.784229618943943
1132,0.7044826759254441,21134.480277763323,18.310281584271962,15.0,7.758045550551662,0,0,26.784229618943943
1133,0.7054422758617517,21163.26827585255,18.42438032062836,15.0,7.949620248164443,0,0,26.784229618943943
1134,0.7063828845650694,21191.48653695208,18.54095626075217,15.0,8.145354234283154,0,0,26.784229618943943
1135,0.7073040872986556,21219.122618959667,18.65997486067645,15.0,8.34518950870346,0,0,26.784229618943943
1136,0.7082054750761767,21246.1642522853,18.78140085262136,15.0,8.549066855920666,0,0,26.784229618943943
1137,0.7090866447828982,21272.599343486945,18.90519825544492,15.0,8.756925862676805,0,0,26.784229618943943
1138,0.7099471992951359,21298.41597885408,19.03133038530491,15.0,8.96870493586221,0,0,26.784229618943943
1139,0.7107867475979333,21323.602427937996,19.15975986652909,15.0,9.184341320766919,0,0,26.784229618943943
1140,0.7116049049009263,21348.14714702779,19.29044864269045,15.0,9.403771119676287,0,0,26.784229618943943
1141,0.7124012927523666,21372.038782571,19.423357987884106,15.0,9.626929310805203,0,0,26.784229618943943
1142,0.7131755391512636,21395.26617453791,19.5584485182027,15.0,9.853749767565533,0,0,26.784229618943943
1143,0.7139272786576172,21417.818359728517,19.695680203406546,15.0,10.084165278160668,0,0,26.784229618943943
1144,0.7146561525007051,21439.684575021154,19.83501237878564,15.0,10.318107565502086,0,0,26.784229618943943
1145,0.7153618086853948,21460.854260561842,19.97640375720938,15.0,10.555507307441161,0,0,26.784229618943943
1146,0.7160439020964466,21481.3170628934,20.11981244136087,15.0,10.796294157310845,0,0,26.784229618943943
1147,0.7167020946007797,21501.06283802339,20.265195936151983,15.0,11.040396764770918,0,0,26.784229618943943
1148,0.7173360551476674,21520.08165443002,20.41251116131557,15.0,11.287742796950635,0,0,26.784229618943943
1149,0.717945459866835,21538.36379600505,20.561714464171132,15.0,11.53825895988253,0,0,26.784229618943943
1150,0.7185299921644297,21555.899764932892,20.712761632559904,15.0,11.79187102022086,0,0,26.784229618943943
1151,0.719089342816834,21572.68028450502,20.865607907946046,15.0,12.048503827238786,0,0,26.784229618943943
1152,0.7196232100622949,21588.696301868848,21.020207998679478,15.0,12.308081335097008,0,0,26.784229618943943
1153,0.7201312996903435,21603.938990710307,21.17651609341677,15.0,12.570526625377802,0,0,26.784229618943943
1154,0.720613325128975,21618.39975386925,21.334485874696043,15.0,12.835761929877627,0,0,26.784229618943943
1155,0.7210690075295662,21632.070225886986,21.494070532661837,15.0,13.103708653651509,0,0,26.784229618943943
1156,0.7214980758495048,21644.942275485144,21.655222778935883,15.0,13.374287398302435,0,0,26.784229618943943
1157,0.721900266932505,21657.00800797515,21.817894860629693,15.0,13.647417985508856,0,0,26.784229618943943
1158,0.7222753255865862,21668.25976759759,21.982038574494638,15.0,13.923019480783019,0,0,26.784229618943943
1159,0.7226230046596925,21678.690139790775,22.14760528120582,15.0,14.201010217453973,0,0,26.784229618943943
1160,0.7229430651129282,21688.291953387845,22.31454591977486,15.0,14.481307820866965,0,0,26.784229618943943
1161,0.7232352760913908,21697.058282741724,22.482811022087574,15.0,14.76382923279261,0,0,26.784229618943943
1162,0.7234994149925786,21704.98244977736,22.652350727562784,15.0,15.04849073603942,0,0,26.784229618943943
1163,0.723735267532352,21712.05802597056,22.82311479792676,15.0,15.335207979260426,0,0,26.784229618943943
1164,0.7239426278084308,21718.278834252924,22.995052632100098,15.0,15.623896001948657,0,0,26.784229618943943
1165,0.7241212983614074,21723.63895084222,23.168113281191737,15.0,15.91446925961247,0,0,26.784229618943943
1166,0.7242710902332582,21728.132706997745,23.34224546359644,15.0,16.2068416491246,0,0,26.784229618943943
1167,0.7243918230233363,21731.754690700087,23.51739758019047,15.0,16.500926534236115,0,0,26.784229618943943
1168,0.7244833249418278,21734.49974825483,23.693517729621625,15.0,16.796636771248753,0,0,26.784229618943943
1169,0.7245454328606568,21736.362985819702,23.870553723688584,15.0,17.09388473483721,0,0,26.784229618943943
1170,0.724577992361824,21737.33977085472,24.04845310280558,15.0,17.392582344014805,0,0,26.784229618943943
1171,0.7245808577831641,21737.42573349492,24.227163151547202,15.0,17.692641088233508,0,0,26.784229618943943
1172,0.724553892261508,21736.61676784524,24.406630914269126,15.0,17.993972053611614,0,0,26.784229618943943
1173,0.7244969677732396,21734.909033197186,24.586803210800024,15.0,18.29648594928082,0,0,26.784229618943943
1174,0.7244099651722302,21732.298955166905,24.767626652200008,15.0,18.60009313384507,0,0,26.784229618943943
1175,0.7242927742251458,21728.783226754374,24.949047656580927,15.0,18.90470364194325,0,0,26.784229618943943
1176,0.7241452936441107,21724.358809323323,25.13101246498373,15.0,19.210227210907647,0,0,26.784229618943943
1177,0.7239674311167215,21719.022933501645,25.313467157308597,15.0,19.51657330751111,0,0,26.784229618943943
1178,0.7237591033334007,21712.77310000202,25.496357668292504,15.0,19.823651154793726,0,0,26.784229618943943
1179,0.7235202360120843,21705.607080362526,25.67962980352994,15.0,20.13136975896206,0,0,26.784229618943943
1180,0.7232507639202319,21697.52291760696,25.8632292555319,15.0,20.439637936352575,0,0,26.784229618943943
1181,0.7229506308941577,21688.51892682473,26.04710161981835,15.0,20.748364340451353,0,0,26.784229618943943
1182,0.722619789855672,21678.59369567016,26.23119241103951,15.0,21.057457488962054,0,0,26.784229618943943
1183,0.722258202826032,21667.74608478096,26.415447079120852,15.0,21.36682579091387,0,0,26.784229618943943
1184,0.7218658409371959,21655.975228115876,26.599811025427723,15.0,21.67637757380229,0,0,26.784229618943943
1185,0.7214426844403765,21643.280533211295,26.784229618943932,15.0,21.98602111075336,0,0,26.784229618943943
1186,0.7209887227118937,21629.66168135681,26.968648212460145,15.0,22.295664647704434,0,0,26.784229618943943
1187,0.7205039542563223,21615.11862768967,27.15301215876702,15.0,22.605216430592847,0,0,26.784229618943943
1188,0.7199883867069352,21599.651601208057,27.33726682684836,15.0,22.914584732544668,0,0,26.784229618943943
1189,0.7194420368234419,21583.261104703255,27.52135761806952,15.0,23.22367788105537,0,0,26.784229618943943
1190,0.718864930487021,21565.94791461063,27.705229982355974,15.0,23.53240428515415,0,0,26.784229618943943
1191,0.7182571026926527,21547.713080779584,27.888829434357934,15.0,23.840672462544667,0,0,26.784229618943943
1192,0.717618597538748,21528.55792616244,28.072101569595368,15.0,24.148391066712996,0,0,26.784229618943943
1193,0.7169494682140812,21508.484046422436,28.25499208057927,15.0,24.455468913995606,0,0,26.784229618943943
1194,0.7162497769820297,21487.493309460893,28.43744677290414,15.0,24.76181501059907,0,0,26.784229618943943
1195,0.7155195951621236,21465.58785486371,28.619411581306945,15.0,25.067338579563472,0,0,26.784229618943943
1196,0.714759003108912,21442.77009326736,28.800832585687825,15.0,25.37194908766159,0,0,26.784229618943943
1197,0.7139680901881528,21419.042705644584,28.981656027087844,15.0,25.675556272225897,0,0,26.784229618943943
1198,0.713146954750331,21394.40864250993,29.16182832361875,15.0,25.978070167895112,0,0,26.784229618943943
1199,0.712295704101516,21368.87112304548,29.34129608634067,15.0,26.27940113327322,0,0,26.784229618943943
1200,0.7114144544715638,21342.433634146913,29.52000613508233,15.0,26.579459877491985,0,0,26.784229618943943
1201,0.710503330979676,21315.09992939028,29.69790551419932,15.0,26.878157486669572,0,0,26.784229618943943
1202,0.7095624675973243,21286.87402791973,29.874941508266275,15.0,27.175405450258026,0,0,26.784229618943943
1203,0.7085920071085521,21257.760213256563,30.051061657697364,15.0,27.47111568727054,0,0,26.784229618943943
1204,0.7075921010676636,21227.763032029907,30.226213774291434,15.0,27.765200572382124,0,0,26.784229618943943
1205,0.706562909754316,21196.88729262948,30.400345956696132,15.0,28.05757296189425,0,0,26.784229618943943
1206,0.7055046021260246,21165.138063780738,30.57340660578777,15.0,28.348146219558068,0,0,26.784229618943943
1207,0.7044173557680972,21132.520673042916,30.745344439961077,15.0,28.63683424224624,0,0,26.784229618943943
1208,0.7033013568410119,21099.040705230356,30.916108510325085,15.0,28.923551485467303,0,0,26.784229618943943
1209,0.7021568000252532,21064.704000757596,31.085648215800298,15.0,29.208212988714116,0,0,26.784229618943943
1210,0.7009838884636248,21029.516653908744,31.253913318113042,15.0,29.49073440063982,0,0,26.784229618943943
1211,0.6997828337010532,20993.485011031597,31.420853956682045,15.0,29.77103200405275,0,0,26.784229618943943
1212,0.698553855621903,20956.61566865709,31.586420663393234,15.0,30.049022740723707,0,0,26.784229618943943
1213,0.6972971823848199,20918.915471544595,31.75056437725818,15.0,30.324624235997874,0,0,26.784229618943943
1214,0.6960130503551226,20880.391510653677,31.913236458951957,15.0,30.597754823204234,0,0,26.784229618943943
1215,0.6947017040347628,20841.051121042885,32.074388705226035,15.0,30.868333567855217,0,0,26.784229618943943
1216,0.6933633959898738,20800.901879696215,32.23397336319183,15.0,31.136280291629102,0,0,26.784229618943943
1217,0.6919983867759298,20759.951603277896,32.39194314447111,15.0,31.401515596128927,0,0,26.784229618943943
1218,0.6906069448605378,20718.208345816132,32.5482512392084,15.0,31.66396088640972,0,0,26.784229618943943
1219,0.6891893465438842,20675.680396316526,32.70285132994182,15.0,31.923538394267943,0,0,26.784229618943943
1220,0.6877458758768621,20632.376276305862,32.85569760532797,15.0,32.18017120128587,0,0,26.784229618943943
1221,0.6862768245769001,20588.304737307004,33.00674477371674,15.0,32.43378326162419,0,0,26.784229618943943
1222,0.6847824919415207,20543.474758245622,33.1559480765723,15.0,32.684299424556094,0,0,26.784229618943943
1223,0.6832631847596514,20497.89554278954,33.303263301735896,15.0,32.93164545673581,0,0,26.784229618943943
1224,0.6817192172207168,20451.576516621506,33.44864679652701,15.0,33.175748064195886,0,0,26.784229618943943
1225,0.680150910821538,20404.52732464614,33.592055480678496,15.0,33.416534914065565,0,0,26.784229618943943
1226,0.678558594271065,20356.75782813195,33.73344685910223,15.0,33.653934656004644,0,0,26.784229618943943
1227,0.6769426033929742,20308.278101789227,33.872779034481326,15.0,33.88787694334606,0,0,26.784229618943943
1228,0.6753032810261561,20259.098430784685,34.01001071968517,15.0,34.118292453941194,0,0,26.784229618943943
1229,0.6736409769231251,20209.229307693753,34.145101250003734,15.0,34.34511291070149,0,0,26.784229618943943
1230,0.6719560476463796,20158.68142939139,34.27801059519743,15.0,34.56827110183045,0,0,26.784229618943943
1231,0.6702488564627455,20107.465693882365,34.40869937135878,15.0,34.78770090073981,0,0,26.784229618943943
1232,0.6685197732357321,20055.59319707196,34.53712885258297,15.0,35.00333728564452,0,0,26.784229618943943
1233,0.6667691743159336,20003.07522947801,34.66326098244298,15.0,35.21511635882997,0,0,26.784229618943943
1234,0.6649974424295086,19949.92327288526,34.78705838526654,15.0,35.42297536558611,0,0,26.784229618943943
1235,0.6632049665647693,19896.14899694308,34.90848437721142,15.0,35.62685271280327,0,0,26.784229618943943
1236,0.6613921418569169,19841.764255707505,35.027502977135676,15.0,35.826687987223536,0,0,26.784229618943943
1237,0.6595593694709535,19786.781084128605,35.14407891725951,15.0,36.02242197334229,0,0,26.784229618943943
1238,0.6577070564828089,19731.211694484267,35.25817765361592,15.0,36.21399667095507,0,0,26.784229618943943
1239,0.6558356157587154,19675.06847276146,35.369765376286864,15.0,36.40135531234451,0,0,26.784229618943943
1240,0.6539454658328657,19618.363974985972,35.478809019421874,15.0,36.58444237910162,0,0,26.784229618943943
1241,0.6520370307833931,19561.110923501794,35.58527627103615,15.0,36.76320361857722,0,0,26.784229618943943
1242,0.6501107401067076,19503.322203201227,35.68913558258525,15.0,36.937586059958,0,0,26.784229618943943
1243,0.6481670285902268,19445.010857706802,35.790356178313715,15.0,37.10753802996313,0,0,26.784229618943943
1244,0.6462063361835392,19386.190085506176,35.888908064374505,15.0,37.27300916815604,0,0,26.784229618943943
1245,0.6442291078680376,19326.873236041127,35.98476203771686,15.0,37.43395044186731,0,0,26.784229618943943
1246,0.6422357935250612,19267.073805751836,36.07788969473978,15.0,37.59031416072416,0,0,26.784229618943943
1247,0.6402268478025867,19206.8054340776,36.16826343970863,15.0,37.74205399078207,0,0,26.784229618943943
1248,0.6382027299805054,19146.081899415163,36.255856492932374,15.0,37.88912496825463,0,0,26.784229618943943
1249,0.6361639038345297,19084.917115035892,36.34064289869888,15.0,38.03148351283708,0,0,26.784229618943943
1250,0.6341108374987655,19023.325124962965,36.42259753296631,15.0,38.169087440620345,0,0,26.784229618943943
1251,0.6320440033269943,18961.32009980983,36.50169611080779,15.0,38.301895976590906,0,0,26.784229618943943
1252,0.6299638777527045,18898.916332581135,36.577915193607645,15.0,38.42986976671331,0,0,26.784229618943943
1253,0.627870941147914,18836.12823443742,36.65123219600667,15.0,38.55297088959162,0,0,26.784229618943943
1254,0.6257656776808255,18772.970330424763,36.72162539259476,15.0,38.6711628677064,0,0,26.784229618943943
1255,0.6236485751723568,18709.457255170706,36.78907392434856,15.0,38.78441067822378,0,0,26.784229618943943
1256,0.6215201249515897,18645.60374854769,36.85355780481243,15.0,38.892680763373335,0,0,26.784229618943943
1257,0.6193808217101776,18581.42465130533,36.91505792602092,15.0,38.99594104039224,0,0,26.784229618943943
1258,0.6172311633557583,18516.93490067275,36.97355606416086,15.0,39.09416091103185,0,0,26.784229618943943
1259,0.6150716508644131,18452.149525932393,37.029034884971395,15.0,39.18731127062474,0,0,26.784229618943943
1260,0.6129027881322167,18387.0836439665,37.081477948880604,15.0,39.27536451670902,0,0,26.784229618943943
1261,0.6107250818259219,18321.752454777656,37.13086971587683,15.0,39.358294557207515,0,0,26.784229618943943
1262,0.6085390412328233,18256.1712369847,37.17719555011355,15.0,39.43607681815946,0,0,26.784229618943943
1263,0.606345178109845,18190.35534329535,37.220441724246314,15.0,39.50868825100226,0,0,26.784229618943943
1264,0.6041440065318948,18124.320195956843,37.26059542350035,15.0,39.57610733940127,0,0,26.784229618943943
1265,0.6019360427395342,18058.081282186024,37.297644749468006,15.0,39.63831410562558,0,0,26.784229618943943
1266,0.5997218049860038,17991.654149580114,37.331578723634415,15.0,39.69529011646784,0,0,26.784229618943943
1267,0.5975018133836546,17925.05440150964,37.36238729063066,15.0,39.74701848870635,0,0,26.784229618943943
1268,0.5952765897498272,17858.297692494816,37.390061321213445,15.0,39.79348389410808,0,0,26.784229618943943
1269,0.5930466574522261,17791.39972356678,37.41459261497025,15.0,39.83467256397056,0,0,26.784229618943943
1270,0.590812541253834,17724.37623761502,37.435973902749325,15.0,39.870572293202024,0,0,26.784229618943943
1271,0.5885747671574143,17657.24301472243,37.45419884881362,15.0,39.901172443937895,0,0,26.784229618943943
1272,0.5863338622496446,17590.015867489336,37.469262052718314,15.0,39.926463948693105,0,0,26.784229618943943
1273,0.5840903545449286,17522.71063634786,37.481159050910996,15.0,39.94643931304897,0,0,26.784229618943943
1274,0.5818447728289359,17455.343184868078,37.489886318054346,15.0,39.96109261787392,0,0,26.784229618943943
1275,0.5795976465019099,17387.929395057297,37.49544126807074,15.0,39.970419521077496,0,0,26.784229618943943
1276,0.5773495054217955,17320.485162653866,37.497822254908634,15.0,39.974417258897,0,0,26.784229618943943
1277,0.5751008797472311,17253.026392416934,37.49702857303022,15.0,39.97308464671641,0,0,26.784229618943943
1278,0.572852299780451,17185.56899341353,37.49306045762057,15.0,39.9664220794175,0,0,26.784229618943943
1279,0.5706042958101448,17118.128874304344,37.48591908451793,15.0,39.95443153126273,0,0,26.784229618943943
1280,0.5683573979543224,17050.72193862967,37.475606569865256,15.0,39.9371165553103,0,0,26.784229618943943
1281,0.5661121360032279,16983.364080096835,37.46212596948321,15.0,39.91448228236129,0,0,26.784229618943943
1282,0.5638690392623513,16916.07117787054,37.44548127796463,15.0,39.88653541943925,0,0,26.784229618943943
1283,0.5616286363955848,16848.859091867544,37.425677427490825,15.0,39.85328424780281,0,0,26.784229618943943
1284,0.5593914552685666,16781.743658057,37.4027202863701,15.0,39.81473862049174,0,0,26.784229618943943
1285,0.5571580227922648,16714.740683767945,37.37661665729881,15.0,39.77090995940729,0,0,26.784229618943943
1286,0.5549288647668407,16647.86594300522,37.34737427534563,15.0,39.72181125192766,0,0,26.784229618943943
1287,0.5527045057258438,16581.135171775317,37.31500180565942,15.0,39.667457047059486,0,0,26.784229618943943
1288,0.5504854687807812,16514.564063423437,37.2795088409016,15.0,39.60786345112675,0,0,26.784229618943943
1289,0.5482722754661078,16448.168263983232,37.240905898403646,15.0,39.543048122998044,0,0,26.784229618943943
1290,0.5460654455846846,16381.963367540538,37.19920441705054,15.0,39.47303026885396,0,0,26.784229618943943
1291,0.5438654970537503,16315.96491161251,37.15441675389117,15.0,39.39783063649575,0,0,26.784229618943943
1292,0.5416729457514508,16250.188372543524,37.106556180476765,15.0,39.31747150919743,0,0,26.784229618943943
1293,0.5394883053639734,16184.649160919203,37.05563687892811,15.0,39.23197669910273,0,0,26.784229618943943
1294,0.537312087233331,16119.36261699993,37.00167393773321,15.0,39.14137154016899,0,0,26.784229618943943
1295,0.5351448002058395,16054.344006175186,36.94468334727615,15.0,39.04568288066023,0,0,26.784229618943943
1296,0.5329869504813366,15989.608514440099,36.88468199509881,15.0,38.94493907519137,0,0,26.784229618943943
1297,0.5308390414631832,15925.171243895496,36.821687660896814,15.0,38.83916997632625,0,0,26.784229618943943
1298,0.5287015736090945,15861.047208272836,36.7557190112509,15.0,38.72840692573152,0,0,26.784229618943943
1299,0.5265750442828434,15797.251328485303,36.686795594095685,15.0,38.612682744889526,0,0,26.784229618943943
1300,0.524459947606881,15733.79842820643,36.61493783292715,15.0,38.492031725372584,0,0,26.784229618943943
1301,0.5223567743159173,15670.703229477518,36.54016702075075,15.0,38.366489618681655,0,0,26.784229618943943
1302,0.520266011611506,15607.98034834518,36.46250531377183,15.0,38.23609362565236,0,0,26.784229618943943
1303,0.5181881430176761,15545.644290530285,36.38197572483021,15.0,38.10088238543158,0,0,26.784229618943943
1304,0.5161236482376537,15483.70944712961,36.298602116581115,15.0,37.96089596402796,0,0,26.784229618943943
1305,0.5140730030117147,15422.19009035144,36.21240919442399,15.0,37.81617584243928,0,0,26.784229618943943
1306,0.5120366789762135,15361.100369286407,36.12342249918187,15.0,37.666764904360875,0,0,26.784229618943943
1307,0.5100151435238272,15300.454305714813,36.03166839953303,15.0,37.51270742347822,0,0,26.784229618943943
1308,0.5080088596650554,15240.265789951662,35.937174084197444,15.0,37.35404905034781,0,0,26.784229618943943
1309,0.5060182858910224,15180.548576730673,35.8399675538801,15.0,37.190836798869725,0,0,26.784229618943943
1310,0.5040438760376149,15121.316281128447,35.74007761297377,15.0,37.02311903235638,0,0,26.784229618943943
1311,0.5020860791510011,15062.582374530033,35.6375338610238,15.0,36.85094544920175,0,0,26.784229618943943
1312,0.5001453393545687,15004.36018063706,35.532366683956944,15.0,36.6743670681543,0,0,26.784229618943943
1313,0.49822209571732134,14946.66287151964,35.42460724507746,15.0,36.4934362131992,0,0,26.784229618943943
1314,0.4963167821237731,14889.503463713194,35.314287475832714,15.0,36.308206498053536,0,0,26.784229618943943
1315,0.4944298271453793,14832.89481436138,35.20144006635126,15.0,36.11873281027959,0,0,26.784229618943943
1316,0.49256165391354123,14776.849617406237,35.08609845575597,15.0,35.92507129502017,0,0,26.784229618943943
1317,0.4907126799942233,14721.3803998267,34.968296822255326,15.0,35.727279338361825,0,0,26.784229618943943
1318,0.48888331726421946,14666.499517926584,34.848070073015705,15.0,35.52541555032998,0,0,26.784229618943943
1319,0.4870739717891049,14612.219153673146,34.72545383381761,15.0,35.31953974752163,0,0,26.784229618943943
1320,0.4852850437029101,14558.551311087303,34.600484438498995,15.0,35.109712935380315,0,0,26.784229618943943
1321,0.48351692708955274,14505.507812686583,34.47319891818873,15.0,34.89599729011884,0,0,26.784229618943943
1322,0.48177000986606183,14453.100295981854,34.34363499033357,15.0,34.67845614029535,0,0,26.784229618943943
1323,0.4800446736676296,14401.340210028888,34.211831047521535,15.0,34.45715394804745,0,0,26.784229618943943
1324,0.4783412937345249,14350.238812035746,34.07782614610545,15.0,34.232156289990755,0,0,26.784229618943943
1325,0.4766602388009013,14299.80716402704,33.94165999462966,15.0,34.00352983778721,0,0,26.784229618943943
1326,0.4750018709855332,14250.056129565995,33.80337294206356,15.0,33.77134233838876,0,0,26.784229618943943
1327,0.47336654568451214,14200.996370535364,33.663005965845294,15.0,33.5356625939625,0,0,26.784229618943943
1328,0.4717546114659355,14152.638343978066,33.52060065973926,15.0,33.29656044150305,0,0,26.784229618943943
1329,0.47016640996661807,14104.992298998543,33.37619922151108,15.0,33.054106732138514,0,0,26.784229618943943
1330,0.46860227579085767,14058.06827372573,33.22984444042329,15.0,32.808373310135494,0,0,26.784229618943943
1331,0.46706253641128476,14011.876092338543,33.08157968455615,15.0,32.55943299161033,0,0,26.784229618943943
1332,0.46554751207182526,13966.425362154758,32.93144888795662,15.0,32.30735954295193,0,0,26.784229618943943
1333,0.4640575156928052,13921.725470784155,32.77949653761982,15.0,32.05222765896336,0,0,26.784229618943943
1334,0.4625928527782258,13877.785583346775,32.62576766030656,15.0,31.79411294072802,0,0,26.784229618943943
1335,0.4611538213252363,13834.614639757088,32.47030780920093,15.0,31.533091873207486,0,0,26.784229618943943
1336,0.4597407117358303,13792.22135207491,32.31316305041188,15.0,31.269241802577337,0,0,26.784229618943943
1337,0.45835380673079407,13750.614201923821,32.15437994932296,15.0,31.002640913307943,0,0,26.784229618943943
1338,0.45699338126592975,13709.801437977892,31.9940055567938,15.0,30.733368204996452,0,0,26.784229618943943
1339,0.45565970245058046,13669.791073517414,31.832087395218068,15.0,30.461503468957673,0,0,26.784229618943943
1340,0.4543530294684798,13630.590884054393,31.66867344444159,15.0,30.187127264580383,0,0,26.784229618943943
1341,0.45307361350094993,13592.208405028498,31.503812127544656,15.0,29.910320895455285,0,0,26.784229618943943
1342,0.45182169765247165,13554.650929574149,31.33755229649348,15.0,29.631166385283585,0,0,26.784229618943943
1343,0.45059751687864674,13517.925506359403,31.16994321766417,15.0,29.349746453571235,0,0,26.784229618943943
1344,0.449401297916576,13482.03893749728,31.00103455724414,15.0,29.066144491117665,0,0,26.784229618943943
1345,0.4482332592176717,13446.997776530152,30.830876366514786,15.0,28.78044453530491,0,0,26.784229618943943
1346,0.4470936108829262,13412.808326487786,30.65951906702034,15.0,28.49273124519579,0,0,26.784229618943943
1347,0.44598255460065406,13379.476638019622,30.4870134356268,15.0,28.20308987644748,0,0,26.784229618943943
1348,0.4449002835867277,13347.00850760183,30.313410589475787,15.0,27.91160625604861,0,0,26.784229618943943
1349,0.4438469825273232,13315.409475819695,30.13876197083724,15.0,27.61836675688659,0,0,26.784229618943943
1350,0.4428228275241941,13284.684825725823,29.9631193318661,15.0,27.32345827215365,0,0,30.784229618943943
1351,0.44167970707314436,13250.39121219433,34.234903799585695,15.0,27.026968189598456,0,0,30.784229618943943
1352,0.4405669423988352,13217.008271965056,34.03092524723635,15.0,26.728984365631256,0,0,30.784229618943943
1353,0.43948468771382826,13184.540631414848,33.8259846289029,15.0,26.429595099290104,0,0,30.784229618943943
1354,0.4384330881899169,13152.992645697506,33.62014267291351,15.0,26.128889106075903,0,0,30.784229618943943
1355,0.43741227991510845,13122.368397453254,33.41346037468225,15.0,25.826955491664332,0,0,30.784229618943943
1356,0.43642238985329895,13092.671695598969,33.205998978634625,15.0,25.523883725501552,0,0,30.784229618943943
1357,0.43546353580665037,13063.90607419951,32.99781996005966,15.0,25.219763614292695,0,0,30.784229618943943
1358,0.4345358263806837,13036.074791420511,32.78898500689343,15.0,24.914685275390156,0,0,30.784229618943943
1359,0.4336393609520967,13009.180828562901,32.579556001439585,15.0,24.608739110089886,0,0,30.784229618943943
1360,0.4327742296393163,12983.226889179488,32.369595002032284,15.0,24.30201577684352,0,0,30.784229618943943
1361,0.4319405132757947,12958.21539827384,32.15916422464695,15.0,23.994606164394273,0,0,30.784229618943943
1362,0.4311382833860566,12934.148501581698,31.948326024464464,15.0,23.686601364844876,0,0,30.784229618943943
1363,0.4303676021645052,12911.028064935155,31.73714287739377,15.0,23.378092646664665,0,0,30.784229618943943
1364,0.4296285224569922,12888.855673709766,31.525677361559044,15.0,23.069171427645003,0,0,30.784229618943943
1365,0.42892108774515875,12867.632632354762,31.313992138756426,15.0,22.759929247810142,0,0,30.784229618943943
1366,0.42824533213355087,12847.359964006526,31.102149935885983,15.0,22.450457742291974,0,0,30.784229618943943
1367,0.42760128033951345,12828.038410185403,30.89021352636434,15.0,22.140848614176505,0,0,30.784229618943943
1368,0.42698894768586604,12809.66843057598,30.678245711523612,15.0,21.831193607330334,0,0,30.784229618943943
1369,0.42640834009636225,12792.250202890868,30.466309302001925,15.0,21.52158447921481,0,0,30.784229618943943
1370,0.4258594540939346,12775.783622818039,30.254467099131475,15.0,21.212112973696634,0,0,30.784229618943943
1371,0.4253422768017248,12760.268304051744,30.04278187632886,15.0,20.902870793861776,0,0,30.784229618943943
1372,0.4248567859468992,12745.703578406976,29.831316360494135,15.0,20.593949574842114,0,0,30.784229618943943
1373,0.4244029498672491,12732.088496017472,29.62013321342344,15.0,20.285440856661907,0,0,30.784229618943943
1374,0.42398072752057253,12719.421825617175,29.409295013240957,15.0,19.97743605711251,0,0,30.784229618943943
1375,0.42359006849683645,12707.702054905094,29.198864235855662,15.0,19.67002644466332,0,0,30.784229618943943
1376,0.42323091303311383,12696.927390993415,28.988903236448326,15.0,19.363303111416894,0,0,30.784229618943943
1377,0.42290319203129284,12687.095760938786,28.779474230994477,15.0,19.057356946116627,0,0,30.784229618943943
1378,0.42260682707855257,12678.204812356576,28.570639277828246,15.0,18.75227860721409,0,0,30.784229618943943
1379,0.42234173047059753,12670.251914117925,28.36246025925328,15.0,18.448158496005227,0,0,30.784229618943943
1380,0.4221078052376471,12663.234157129415,28.154998863205606,15.0,18.14508672984238,0,0,30.784229618943943
1381,0.4219049451731697,12657.14835519509,27.948316564974352,15.0,17.843153115430813,0,0,30.784229618943943
1382,0.42173303486535346,12651.991045960604,27.74247460898505,15.0,17.542447122216743,0,0,30.784229618943943
1383,0.42159194973130604,12647.758491939181,27.53753399065156,15.0,17.243057855875524,0,0,30.784229618943943
1384,0.42148155605397064,12644.44668161912,27.333555438302206,15.0,16.94507403190832,0,0,30.784229618943943
1385,0.4214017110217496,12642.051330652488,27.13059939518422,15.0,16.648583949353124,0,0,30.784229618943943
1386,0.4213522627708223,12640.567883124668,26.92872600155334,15.0,16.35367546462019,0,0,30.784229618943943
1387,0.42133305043014574,12639.991512904373,26.727995076852828,15.0,16.060435965458108,0,0,30.784229618943943
1388,0.42134390416912443,12640.317125073732,26.528466101987895,15.0,15.768952345059244,0,0,30.784229618943943
1389,0.42138464524793434,12641.53935743803,26.330198201699933,15.0,15.479310976310988,0,0,30.784229618943943
1390,0.4214550860704878,12643.652582114635,26.13325012704677,15.0,15.19159768620187,0,0,30.784229618943943
1391,0.4215550302400221,12646.650907200663,25.937680237993415,15.0,14.905897730389114,0,0,30.784229618943943
1392,0.42168427261729585,12650.528178518876,25.74354648611874,15.0,14.622295767935537,0,0,30.784229618943943
1393,0.4218425993813767,12655.2779814413,25.55090639744317,15.0,14.340875836223248,0,0,30.784229618943943
1394,0.42202978809300057,12660.893642790017,25.359817055382496,15.0,14.06172132605155,0,0,30.784229618943943
1395,0.42224560776048553,12667.368232814566,25.170335083832782,15.0,13.784914956926396,0,0,30.784229618943943
1396,0.4224898189081796,12674.694567245388,24.982516630391622,15.0,13.510538752549046,0,0,30.784229618943943
1397,0.4227621736474223,12682.865209422669,24.796417349720194,15.0,13.238674016510323,0,0,30.784229618943943
1398,0.4230624157499997,12691.87247249999,24.612092387051703,15.0,12.969401308198837,0,0,30.784229618943943
1399,0.4233902807240702,12701.708421722105,24.429596361850663,15.0,12.702800418929435,0,0,30.784229618943943
1400,0.4237454958925393,12712.364876776179,24.248983351627913,15.0,12.43895034829934,0,0,30.784229618943943
1401,0.4241277804738596,12723.833414215787,24.070306875916295,15.0,12.177929280778763,0,0,30.784229618943943
1402,0.42453684566523237,12736.105369956971,23.893619880411833,15.0,11.919814562543468,0,0,30.784229618943943
1403,0.4249723947281863,12749.17184184559,23.718974721284365,15.0,11.66468267855484,0,0,30.784229618943943
1404,0.4254341230765073,12763.023692295219,23.546423149663795,15.0,11.412609229896448,0,0,30.784229618943943
1405,0.42592171836649406,12777.651550994822,23.37601629630473,15.0,11.163668911371275,0,0,30.784229618943943
1406,0.4264348605895121,12793.045817685363,23.207804656435503,15.0,10.917935489368265,0,0,30.784229618943943
1407,0.42697322216681943,12809.196665004583,23.041838074795276,15.0,10.675481780003675,0,0,30.784229618943943
1408,0.4275364680466351,12826.094041399052,22.87816573086414,15.0,10.436379627544312,0,0,30.784229618943943
1409,0.42812425580342217,12843.727674102665,22.716836124289806,15.0,10.20069988311801,0,0,30.784229618943943
1410,0.42873623573935615,12862.087072180684,22.557897060516616,15.0,9.968512383719613,0,0,30.784229618943943
1411,0.4293720509879474,12881.161529638423,22.40139563661922,15.0,9.739885931516017,0,0,30.784229618943943
1412,0.4300313376197891,12900.940128593673,22.24737822734717,15.0,9.514888273459277,0,0,30.784229618943943
1413,0.4307137247503967,12921.411742511902,22.095890471382848,15.0,9.293586081211409,0,0,30.784229618943943
1414,0.4314188346501096,12942.565039503288,21.946977257817633,15.0,9.076044931387933,0,0,30.784229618943943
1415,0.4321462828560201,12964.388485680602,21.80068271285052,15.0,8.862329286126462,0,0,30.784229618943943
1416,0.4328956782858983,12986.87034857695,21.65705018671256,15.0,8.652502473985182,0,0,30.784229618943943
1417,0.4336666233540783,13009.99870062235,21.51612224082098,15.0,8.44662667117679,0,0,30.784229618943943
1418,0.43445871408927117,13033.761422678135,21.377940635167672,15.0,8.244762883144908,0,0,30.784229618943943
1419,0.4352715402542706,13058.146207628119,21.242546315944665,15.0,8.046970926486592,0,0,30.784229618943943
1420,0.43610468546751485,13083.140564025445,21.109979403410666,15.0,7.8533094112271336,0,0,30.784229618943943
1421,0.4369577273264696,13108.731819794088,20.980279180003,15.0,7.663835723453224,0,0,30.784229618943943
1422,0.4378302375327951,13134.907125983853,20.853484078696923,15.0,7.478606008307569,0,0,30.784229618943943
1423,0.43872178201926004,13161.653460577802,20.729631671617486,15.0,7.297675153352467,0,0,30.784229618943943
1424,0.43963192107836524,13188.957632350957,20.608758658905867,15.0,7.121096772305048,0,0,30.784229618943943
1425,0.4405602094926382,13216.806284779146,20.490900857844306,15.0,6.948923189150384,0,0,30.784229618943943
1426,0.4415061966665609,13245.185899996826,20.376093192242884,15.0,6.781205422637038,0,0,30.784229618943943
1427,0.4424694267600907,13274.08280280272,20.26436968209073,15.0,6.617993171158954,0,0,30.784229618943943
1428,0.44344943882373594,13303.483164712079,20.15576343347498,15.0,6.459334798028507,0,0,30.784229618943943
1429,0.444445766935145,13333.37300805435,20.050306628771104,15.0,6.30527731714589,0,0,30.784229618943943
1430,0.44545794033716907,13363.738210115072,19.948030517106247,15.0,6.155866379067486,0,0,30.784229618943943
1431,0.4464854835773578,13394.564507320734,19.848965405099587,15.0,6.011146257478799,0,0,30.784229618943943
1432,0.4475279166488461,13425.837499465384,19.75314064788182,15.0,5.871159836075176,0,0,30.784229618943943
1433,0.44858475513259055,13457.542653977716,19.660584640396586,15.0,5.735948595854429,0,0,30.784229618943943
1434,0.4496555103409131,13489.665310227394,19.57132480898639,15.0,5.6055526028251075,0,0,30.784229618943943
1435,0.45073968946230997,13522.1906838693,19.485387603265732,15.0,5.480010496134204,0,0,30.784229618943943
1436,0.45183679570748214,13555.103871224464,19.40279848828326,15.0,5.359359476617241,0,0,30.784229618943943
1437,0.45294632845654487,13588.389853696346,19.323581936976222,15.0,5.243635295775249,0,0,30.784229618943943
1438,0.4540677834073721,13622.033502221162,19.247761422918387,15.0,5.132872245180511,0,0,30.784229618943943
1439,0.455200652725032,13656.019581750961,19.17535941336441,15.0,5.027103146315385,0,0,30.784229618943943
1440,0.4563444251922699,13690.332755768097,19.106397362592272,15.0,4.926359340846527,0,0,30.784229618943943
1441,0.457498586360992,13724.95759082976,19.040895705545974,15.0,4.830670681337786,0,0,30.784229618943943
1442,0.4586626187047084,13759.878561141253,18.9788738517801,15.0,4.740065522404029,0,0,30.784229618943943
1443,0.45983600177188716,13795.080053156615,18.9203501797085,15.0,4.654570712309339,0,0,30.784229618943943
1444,0.46101821234017476,13830.546370205242,18.86534203115821,15.0,4.5742115850110086,0,0,30.784229618943943
1445,0.46220872457143886,13866.261737143166,18.813865706230843,15.0,4.4990119526527845,0,0,30.784229618943943
1446,0.46340701016758523,13902.210305027556,18.765936458472453,15.0,4.428994098508703,0,0,30.784229618943943
1447,0.4646125385271037,13938.376155813112,18.721568490353505,15.0,4.3641787703800095,0,0,30.784229618943943
1448,0.4658247769022972,13974.743307068915,18.680774949060496,15.0,4.304585174447263,0,0,30.784229618943943
1449,0.46704319055714594,14011.295716714378,18.643567922600138,15.0,4.250230969579105,0,0,30.784229618943943
1450,0.4682672429257617,14048.017287772851,18.60995843621733,15.0,4.20113226209946,0,0,30.784229618943943
1451,0.46949639577138363,14084.891873141509,18.579956449128254,15.0,4.1573036010150055,0,0,30.784229618943943
1452,0.4707301093458695,14121.903280376086,18.55357085156919,15.0,4.118757973703944,0,0,30.784229618943943
1453,0.47196784254963464,14159.03527648904,18.530809462162132,15.0,4.085506802067494,0,0,30.784229618943943
1454,0.4732090530919915,14196.271592759746,18.511679025598,15.0,4.057559939145458,0,0,30.784229618943943
1455,0.474453197651842,14233.59592955526,18.496185210638,15.0,4.034925666196441,0,0,30.784229618943943
1456,0.4756997320386754,14270.991961160262,18.484332608433903,15.0,4.0176106902440205,0,0,30.784229618943943
1457,0.47694811135382364,14308.443340614709,18.47612473116754,15.0,4.005620142089259,0,0,30.784229618943943
1458,0.4781977901519266,14345.933704557798,18.471564011010084,15.0,3.9989575747903396,0,0,30.784229618943943
1459,0.4794482226025593,14383.44667807678,18.470651799401345,15.0,3.9976249626097538,0,0,30.784229618943943
1460,0.4806988626519733,14420.965879559199,18.473388366649313,15.0,4.001622700429246,0,0,30.784229618943943
1461,0.48194916418490397,14458.47492554712,18.479772901850048,15.0,4.010949603632825,0,0,30.784229618943943
1462,0.48319858118639675,14495.957435591903,18.489803513127985,15.0,4.025602908457779,0,0,30.784229618943943
1463,0.4844465679036025,14533.397037108076,18.50347722819652,15.0,4.045578272813643,0,0,30.784229618943943
1464,0.48569257900749646,14570.777370224894,18.520789995238776,15.0,4.070869777568854,0,0,30.784229618943943
1465,0.48693606975447057,14608.082092634117,18.54173668410824,15.0,4.101469928304722,0,0,30.784229618943943
1466,0.4881764961477529,14645.294884432586,18.56631108784893,15.0,4.1373696575361745,0,0,30.784229618943943
1467,0.4894133150986057,14682.39945295817,18.594505924534676,15.0,4.1785583273986715,0,0,30.784229618943943
1468,0.49064598458725434,14719.37953761763,18.626312839426838,15.0,4.225023732800381,0,0,30.784229618943943
1469,0.4918739638234992,14756.218914704976,18.661722407450124,15.0,4.276752105038916,0,0,30.784229618943943
1470,0.4930967134069639,14792.901402208918,18.700724135985297,15.0,4.333728115881161,0,0,30.784229618943943
1471,0.494313695486931,14829.41086460793,18.743306467978478,15.0,4.395934882105468,0,0,30.784229618943943
1472,0.4955243739217186,14865.731217651559,18.789456785365697,15.0,4.4633539705044765,0,0,30.784229618943943
1473,0.4967282144375512,14901.846433126537,18.83916141281191,15.0,4.535965403347286,0,0,30.784229618943943
1474,0.4979246847868761,14937.740543606284,18.892405621763267,15.0,4.613747664299217,0,0,30.784229618943943
1475,0.49911325490608005,14973.3976471824,18.949173634811594,15.0,4.696677704797731,0,0,30.784229618943943
1476,0.5002933970725584,15008.801912176752,19.00944863036942,15.0,4.784730950881983,0,0,30.784229618943943
1477,0.5014645860610909,15043.937581832726,19.073212747654775,15.0,4.8778813104748915,0,0,30.784229618943943
1478,0.502626299299477,15078.78897898431,19.14044709198352,15.0,4.976101181114499,0,0,30.784229618943943
1479,0.5037780170233856,15113.34051070157,19.211131740368415,15.0,5.079361458133393,0,0,30.784229618943943
1480,0.5049192224303723,15147.57667291117,19.28524574742264,15.0,5.187631543282961,0,0,30.784229618943943
1481,0.5060494018330188,15181.482054990563,19.36276715156641,15.0,5.300879353800333,0,0,30.784229618943943
1482,0.50716804481115,15215.041344334499,19.44367298153458,15.0,5.419071331915093,0,0,30.784229618943943
1483,0.5082746443630823,15248.239330892471,19.5279392631837,15.0,5.5421724547934295,0,0,30.784229618943943
1484,0.5093686970558596,15281.060911675788,19.61554102659588,15.0,5.670146244915849,0,0,30.784229618943943
1485,0.5104497031744303,15313.491095232908,19.706452313477975,15.0,5.802954780886381,0,0,30.784229618943943
1486,0.5115171668697247,15345.51500609174,19.800646184853736,15.0,5.940558708669687,0,0,30.784229618943943
1487,0.5125705963055853,15377.117889167559,19.89809472904612,15.0,6.082917253252109,0,0,30.784229618943943
1488,0.5136095038045086,15408.285114135258,19.998769069948438,15.0,6.229988230724631,0,0,30.784229618943943
1489,0.5146334059921543,15439.002179764631,20.10263937558074,15.0,6.381728060782574,0,0,30.784229618943943
1490,0.51564182394058,15469.2547182174,20.20967486692971,15.0,6.538091779639387,0,0,30.784229618943943
1491,0.5166342833101571,15499.028499304713,20.319843827069324,15.0,6.699033053350694,0,0,30.784229618943943
1492,0.5176103144901287,15528.30943470386,20.43311361055902,15.0,6.864504191543632,0,0,30.784229618943943
1493,0.5185694527377647,15557.08358213294,20.54945065311733,15.0,7.03445616154873,0,0,30.784229618943943
1494,0.5195112383160756,15585.33714948227,20.668820481567884,15.0,7.208838602929545,0,0,30.784229618943943
1495,0.5204352166300426,15613.056498901276,20.791187724054218,15.0,7.387599842405111,0,0,30.784229618943943
1496,0.5213409383613231,15640.228150839692,20.91651612052153,15.0,7.570686909162222,0,0,30.784229618943943
1497,0.5222279596013942,15666.838788041827,21.044768533461113,15.0,7.758045550551657,0,0,30.784229618943943
1498,0.5230958419830924,15692.875259492772,21.17590695891509,15.0,7.949620248164402,0,0,30.784229618943943
1499,0.5239441528105105,15718.324584315316,21.30989253773787,15.0,8.14535423428315,0,0,30.784229618943943
1500,0.5247724651872157,15743.17395561647,21.446685567110748,15.0,8.345189508703456,0,0,30.784229618943943
1501,0.5255803581427473,15767.410744282419,21.58624551230684,15.0,8.549066855920621,0,0,30.784229618943943
1502,0.5263674167573601,15791.022502720803,21.72853101870254,15.0,8.756925862676802,0,0,30.784229618943943
1503,0.5271332322849737,15813.99696854921,21.873499924031442,15.0,8.968704935862206,0,0,30.784229618943943
1504,0.5278774022742927,15836.32206822878,22.02110927087825,15.0,9.184341320766919,0,0,30.784229618943943
1505,0.5285995306880619,15857.985920641857,22.171315319407807,15.0,9.403771119676282,0,0,30.784229618943943
1506,0.5292992280204208,15878.976840612624,22.32407356032627,15.0,9.626929310805245,0,0,30.784229618943943
1507,0.5299761114123223,15899.283342369668,22.479338728069955,15.0,9.853749767565485,0,0,30.784229618943943
1508,0.5306298047649821,15918.894142949463,22.637064814218895,15.0,10.084165278160665,0,0,30.784229618943943
1509,0.5312599388513252,15937.798165539756,22.797205081129697,15.0,10.318107565502128,0,0,30.784229618943943
1510,0.5318661514253956,15955.98454276187,22.959712075785095,15.0,10.555507307441154,0,0,30.784229618943943
1511,0.5324480873296976,15973.44261989093,23.124537643855476,15.0,10.79629415731084,0,0,30.784229618943943
1512,0.5330053986004368,15990.161958013105,23.291632943967773,15.0,11.040396764770916,0,0,30.784229618943943
1513,0.5335377445706291,16006.132337118872,23.460948462178344,15.0,11.28774279695063,0,0,30.784229618943943
1514,0.5340447919710476,16021.343759131429,23.632434026645054,15.0,11.53825895988253,0,0,30.784229618943943
1515,0.5345262150289779,16035.786450869338,23.806038822494077,15.0,11.791871020220801,0,0,30.784229618943943
1516,0.5349816955647511,16049.450866942532,23.981711406877853,15.0,12.048503827238779,0,0,30.784229618943943
1517,0.5354109230860276,16062.327692580826,24.159399724218233,15.0,12.308081335097057,0,0,30.784229618943943
1518,0.5358135948798023,16074.40784639407,24.339051121631883,15.0,12.570526625377797,0,0,30.784229618943943
1519,0.5361894161021059,16085.682483063176,24.520612364532706,15.0,12.835761929877675,0,0,30.784229618943943
1520,0.5365380998653723,16096.142995961167,24.704029652405904,15.0,13.103708653651559,0,0,30.784229618943943
1521,0.5368593673234503,16105.78101970351,24.889248634750615,15.0,13.374287398302432,0,0,30.784229618943943
1522,0.5371529477542321,16114.588432626962,25.07621442718513,15.0,13.64741798550885,0,0,30.784229618943943
1523,0.5374185786398729,16122.557359196186,25.264871627709937,15.0,13.92301948078296,0,0,30.784229618943943
1524,0.5376560057445818,16129.680172337454,25.45516433312513,15.0,14.201010217453968,0,0,30.784229618943943
1525,0.5378649831899567,16135.949495698702,25.647036155595156,15.0,14.48130782086696,0,0,30.784229618943943
1526,0.5380452735278438,16141.358205835313,25.84043023935801,15.0,14.76382923279261,0,0,30.784229618943943
1527,0.538196647810698,16145.89943432094,26.035289277573046,15.0,15.048490736039476,0,0,30.784229618943943
1528,0.5383188856594256,16149.566569782768,26.231555529301716,15.0,15.335207979260485,0,0,30.784229618943943
1529,0.5384117753286871,16152.353259860613,26.4291708366179,15.0,15.623896001948653,0,0,30.784229618943943
1530,0.538475113769642,16154.253413089258,26.62807664184115,15.0,15.914469259612469,0,0,30.784229618943943
1531,0.5385087066901163,16155.26120070349,26.828214004888693,15.0,16.20684164912466,0,0,30.784229618943943
1532,0.538512368612176,16155.371058365281,27.0295236207404,15.0,16.500926534236115,0,0,30.784229618943943
1533,0.5384859229270877,16154.577687812633,27.231945837012653,15.0,16.79663677124875,0,0,30.784229618943943
1534,0.5384292019476519,16152.876058429556,27.43542067163397,15.0,17.093884734837147,0,0,30.784229618943943
1535,0.538342046957892,16150.26140873676,27.639887830619678,15.0,17.392582344014798,0,0,30.784229618943943
1536,0.5382243082600856,16146.729247802568,27.845286725937676,15.0,17.6926410882335,0,0,30.784229618943943
1537,0.5380758452191231,16142.275356573695,28.051556493462456,15.0,17.993972053611607,0,0,30.784229618943943
1538,0.5378965263041809,16136.895789125427,28.258636011010232,15.0,18.29648594928082,0,0,30.784229618943943
1539,0.5376862291276966,16130.586873830896,28.466463916450852,15.0,18.600093133845128,0,0,30.784229618943943
1540,0.5374448404816353,16123.345214449058,28.674978625890517,15.0,18.904703641943183,0,0,30.784229618943943
1541,0.5371722563710356,16115.167691131068,28.884118351920876,15.0,19.210227210907643,0,0,30.784229618943943
1542,0.5368683820448256,16106.051461344769,29.09382112192737,15.0,19.51657330751111,0,0,30.784229618943943
1543,0.5365331320238994,16095.993960716984,29.304024796453536,15.0,19.823651154793723,0,0,30.784229618943943
1544,0.5361664301264468,16084.992903793405,29.51466708761404,15.0,20.13136975896205,0,0,30.784229618943943
1545,0.5357682094905272,16073.046284715816,29.725685577551978,15.0,20.43963793635257,0,0,30.784229618943943
1546,0.5353384125938824,16060.152377816472,29.93701773693463,15.0,20.74836434045135,0,0,30.784229618943943
1547,0.5348769912709819,16046.309738129457,30.1486009434823,15.0,21.05745748896205,0,0,30.784229618943943
1548,0.5343839067272952,16031.517201818855,30.360372500524413,15.0,21.366825790913808,0,0,30.784229618943943
1549,0.5338591295507873,16015.773886523619,30.572269655578385,15.0,21.676377573802284,0,0,30.784229618943943
1550,0.5333026397206344,15999.079191619034,30.784229618943975,15.0,21.986021110753423,0,0,30.784229618943943
1551,0.5327144266131566,15981.432798394699,30.996189582309473,15.0,22.295664647704427,0,0,30.784229618943943
1552,0.5320944890049654,15962.83467014896,31.208086737363402,15.0,22.60521643059284,0,0,30.784229618943943
1553,0.5314428350733265,15943.285052199793,31.419858294405604,15.0,22.914584732544725,0,0,30.784229618943943
1554,0.5307594823937369,15922.784471812107,31.631441500953184,15.0,23.223677881055302,0,0,30.784229618943943
1555,0.5300444579347168,15901.333738041503,31.84277366033588,15.0,23.53240428515414,0,0,30.784229618943943
1556,0.529297798049818,15878.93394149454,32.05379215027378,15.0,23.840672462544596,0,0,30.784229618943943
1557,0.5285195484668519,15855.586454005557,32.264434441434325,15.0,24.148391066712993,0,0,30.784229618943943
1558,0.527709764274339,15831.29292823017,32.47463811596054,15.0,24.45546891399567,0,0,30.784229618943943
1559,0.5268685099051854,15806.05529715556,32.68434088596698,15.0,24.76181501059907,0,0,30.784229618943943
1560,0.5259958591175895,15779.875773527685,32.89348061199735,15.0,25.06733857956353,0,0,30.784229618943943
1561,0.5250918949731863,15752.756849195588,33.10199532143705,15.0,25.371949087661648,0,0,30.784229618943943
1562,0.5241567098124341,15724.701294373022,33.30982322687758,15.0,25.675556272225833,0,0,30.784229618943943
1563,0.5231904052272521,15695.712156817563,33.51690274442541,15.0,25.978070167895105,0,0,30.784229618943943
1564,0.5221930920309167,15665.7927609275,33.72317251195023,15.0,26.279401133273275,0,0,30.784229618943943
1565,0.5211648902252248,15634.946706756744,33.92857140726819,15.0,26.579459877491914,0,0,30.784229618943943
1566,0.5201059289649352,15603.177868948056,34.13303856625389,15.0,26.87815748666957,0,0,30.784229618943943
1567,0.5190163465194967,15570.4903955849,34.336513400875205,15.0,27.17540545025797,0,0,30.784229618943943
1568,0.5178962902320761,15536.888706962282,34.538935617147466,15.0,27.4711156872706,0,0,30.784229618943943
1569,0.5167459164758973,15502.37749427692,34.74024523299921,15.0,27.76520057238212,0,0,30.784229618943943
1570,0.5155653906079047,15466.961718237142,34.9403825960467,15.0,28.05757296189425,0,0,30.784229618943943
1571,0.5143548869197639,15430.646607592918,35.139288401269965,15.0,28.34814621955806,0,0,30.784229618943943
1572,0.5131145885862157,15393.437657586472,35.33690370858619,15.0,28.636834242246294,0,0,30.784229618943943
1573,0.5118446876107974,15355.340628323922,35.53316996031482,15.0,28.92355148546724,0,0,30.784229618943943
1574,0.5105453847689478,15316.361543068435,35.72802899852985,15.0,29.208212988714106,0,0,30.784229618943943
1575,0.5092168895485134,15276.506686455403,35.92142308229275,15.0,29.490734400639813,0,0,30.784229618943943
1576,0.5078594200876725,15235.782602630175,36.11329490476274,15.0,29.77103200405275,0,0,30.784229618943943
1577,0.5064732031102961,15194.196093308883,36.303587610177885,15.0,30.0490227407237,0,0,30.784229618943943
1578,0.5050584738587648,15151.754215762943,36.492244810702736,15.0,30.324624235997867,0,0,30.784229618943943
1579,0.5036154760242614,15108.46428072784,36.67921060313721,15.0,30.597754823204234,0,0,30.784229618943943
1580,0.5021444616745597,15064.333850236791,36.86442958548199,15.0,30.868333567855213,0,0,30.784229618943943
1581,0.500645691179332,15019.37073537996,37.047846873355155,15.0,31.136280291629042,0,0,30.784229618943943
1582,0.4991194331329952,14973.582993989858,37.22940811625598,15.0,31.401515596128924,0,0,30.784229618943943
1583,0.4975659642751212,14926.978928253635,37.4090595136697,15.0,31.663960886409768,0,0,30.784229618943943
1584,0.49598556940843197,14879.56708225296,37.586747831010015,15.0,31.923538394267936,0,0,30.784229618943943
1585,0.49437854131440767,14831.35623943223,37.76242041539375,15.0,32.180171201285866,0,0,30.784229618943943
1586,0.4927451806665282,14782.355419995847,37.93602521124285,15.0,32.43378326162424,0,0,30.784229618943943
1587,0.49108579594117757,14732.573878235327,38.107510775709486,15.0,32.684299424556045,0,0,30.784229618943943
1588,0.4894007033262355,14682.021099787064,38.276826293920095,15.0,32.93164545673581,0,0,30.784229618943943
1589,0.48769022662738415,14630.706798821524,38.44392159403235,15.0,33.17574806419583,0,0,30.784229618943943
1590,0.4859546971721577,14578.640915164731,38.60874716210277,15.0,33.416534914065565,0,0,30.784229618943943
1591,0.4841944537117628,14525.833611352884,38.77125415675823,15.0,33.653934656004694,0,0,30.784229618943943
1592,0.4824098423206991,14472.295269620974,38.93139442366896,15.0,33.88787694334606,0,0,30.784229618943943
1593,0.48060121629421004,14418.036488826301,39.089120509817874,15.0,34.118292453941194,0,0,30.784229618943943
1594,0.4787689360435938,14363.068081307812,39.244385677561624,15.0,34.34511291070152,0,0,30.784229618943943
1595,0.47691336898940545,14307.401069682164,39.397143918480026,15.0,34.5682711018304,0,0,30.784229618943943
1596,0.475034889452583,14251.04668357749,39.54734996700962,15.0,34.78770090073981,0,0,30.784229618943943
1597,0.4731338785435271,14194.016356305814,39.69495931385646,15.0,35.00333728564456,0,0,30.784229618943943
1598,0.47121072404917064,14136.321721475118,39.83992821918533,15.0,35.21511635882992,0,0,30.784229618943943
1599,0.4692658203180684,14077.974609542052,39.98221372558103,15.0,35.42297536558611,0,0,30.784229618943943
1600,0.4672995681435437,14018.98704430631,40.121773670777124,15.0,35.62685271280327,0,0,30.784229618943943
1601,0.46531237464492403,13959.371239347722,40.25856670015,15.0,35.82668798722358,0,0,30.784229618943943
1602,0.46330465314690356,13899.139594407106,40.39255227897275,15.0,36.02242197334228,0,0,30.784229618943943
1603,0.46127682305706535,13838.304691711961,40.523690704426734,15.0,36.213996670955034,0,0,30.784229618943943
1604,0.4592293097416024,13776.879292248073,40.65194311736634,15.0,36.401355312344506,0,0,30.784229618943943
1605,0.45716254439927234,13714.87633197817,40.77727151383367,15.0,36.58444237910166,0,0,30.784229618943943
1606,0.4550769639336236,13652.308918008708,40.89963875631999,15.0,36.76320361857719,0,0,30.784229618943943
1607,0.4529730108235318,13589.190324705954,41.01900858477054,15.0,36.937586059958,0,0,30.784229618943943
1608,0.4508511329920838,13525.533989762514,41.135345627328874,15.0,37.10753802996313,0,0,30.784229618943943
1609,0.44871178367384806,13461.353510215442,41.24861541081855,15.0,37.27300916815604,0,0,30.784229618943943
1610,0.4465554212805717,13396.66263841715,41.35878437095814,15.0,37.43395044186731,0,0,30.784229618943943
1611,0.4443825092653431,13331.475277960293,41.46581986230713,15.0,37.59031416072416,0,0,30.784229618943943
1612,0.44219351598526085,13265.805479557826,41.56969016793941,15.0,37.74205399078207,0,0,30.784229618943943
1613,0.43998891456264944,13199.667436879483,41.67036450884176,15.0,37.88912496825462,0,0,30.784229618943943
1614,0.43776918274486265,13133.07548234588,41.76781305303414,15.0,38.03148351283705,0,0,30.784229618943943
1615,0.435534802762717,13066.04408288151,41.8620069244099,15.0,38.169087440620345,0,0,30.784229618943943
1616,0.43328626118759633,12998.58783562789,41.952918211292015,15.0,38.301895976590906,0,0,30.784229618943943
1617,0.43102404878726996,12930.7214636181,42.04051997470417,15.0,38.429869766713296,0,0,30.784229618943943
1618,0.428748660380468,12862.459811414039,42.124786256353275,15.0,38.55297088959162,0,0,30.784229618943943
1619,0.4264605946902552,12793.817840707656,42.205692086321484,15.0,38.67116286770643,0,0,30.784229618943943
1620,0.42416035419624937,12724.810625887481,42.28321349046522,15.0,38.78441067822375,0,0,34.78422961894394
1621,0.42166498599596847,12649.949579879054,47.861097190226495,15.0,38.892680763373335,0,0,34.78422961894394
1622,0.4191581524732308,12574.744574196924,47.940966365787766,15.0,38.99594104039221,0,0,34.78422961894394
1623,0.41664038142374005,12499.211442712201,48.01693691630535,15.0,39.09416091103185,0,0,34.78422961894394
1624,0.414112203884225,12423.36611652675,48.0889863300655,15.0,39.18731127062475,0,0,34.78422961894394
1625,0.4115741539750821,12347.224619252464,48.15709325727197,15.0,39.275364516709004,0,0,34.78422961894394
1626,0.4090267687421041,12270.803062263123,48.22123751637236,15.0,39.358294557207515,0,0,34.78422961894394
1627,0.4064705879973414,12194.117639920243,48.28140010003839,15.0,39.436076818159464,0,0,34.78422961894394
1628,0.40390615415914466,12117.18462477434,48.33756318079804,15.0,39.50868825100225,0,0,34.78422961894394
1629,0.40133401209143393,12040.020362743018,48.38971011631845,15.0,39.57610733940127,0,0,34.78422961894394
1630,0.39794096918124233,11938.22907543727,48.43782545433717,15.0,39.6383141056256,1,0,34.78422961894394
1631,0.3945111206678998,11835.333620036994,49.48015209551662,15.0,39.69529011646783,2,0,34.78422961894394
1632,0.3910225623361521,11730.676870084564,51.18521434916745,15.0,39.74701848870636,3,0,34.78422961894394
1633,0.38747458774672594,11624.237632401779,52.91709559870129,15.0,39.793483894108064,4,0,34.78422961894394
1634,0.38386649200886813,11515.994760266043,54.67576438431168,15.0,39.834672563970564,5,0,34.78422961894394
1635,0.3801975722059442,11405.927166178326,56.46117480672422,15.0,39.870572293202024,6,0,34.78422961894394
1636,0.37646712783210634,11294.01383496319,58.273266191205316,15.0,39.90117244393789,7,0,34.78422961894394
1637,0.3726744612398811,11180.233837196434,60.11196275647928,15.0,39.926463948693105,8,0,34.78422961894394
1638,0.3688188780985095,11064.566342955284,61.97717328922519,15.0,39.94643931304897,9,0,34.78422961894394
1639,0.3648996878628459,10946.990635885377,63.86879082484029,15.0,39.961092617873916,10,0,34.78422961894394
1640,0.3609162042526014,10827.486127578042,65.78669233517532,15.0,39.970419521077496,11,0,34.78422961894394
1641,0.35686774574169,10706.0323722507,67.73073842396386,15.0,39.974417258897,12,0,34.78422961894394
1642,0.35275363605741467,10582.60908172244,69.70077303068365,15.0,39.97308464671641,13,0,34.78422961894394
1643,0.34857320468920333,10457.1961406761,71.69662314360191,15.0,39.9664220794175,14,0,34.78422961894394
1644,0.3444319932854439,10332.959798563317,73.71809852277163,15.0,36.76825516534157,15,0,34.78422961894394
1645,0.34034048567843606,10210.214570353082,75.7133021567196,15.0,33.282215426040196,16,0,34.78422961894394
1646,0.3362980977664932,10088.942932994796,77.67664396148119,15.0,29.845930882755795,17,0,34.78422961894394
1647,0.33230425245074713,9969.127573522414,79.6079375663955,15.0,26.459377629542047,18,0,34.78422961894394
1648,0.32835837954745867,9850.75138642376,81.50700773642504,15.0,23.122523145843928,19,0,34.78422961894394
1649,0.32445991570138305,9733.797471041491,83.37369039696885,15.0,19.835326240116274,20,0,34.78422961894394
1650,0.3206083043001792,9618.249129005377,85.20783265315583,15.0,16.59773699934206,21,0,34.78422961894394
1651,0.31680299538985135,9504.08986169554,87.00929280369846,15.0,13.409696744366059,22,0,34.78422961894394
1652,0.31304344559121117,9391.303367736335,88.7779403493873,15.0,10.27113799095919,23,0,34.78422961894394
1653,0.3093291180173502,9279.873540520506,90.51365599630745,15.0,7.1819844165285645,24,0,34.78422961894394
1654,0.30565948219211064,9169.78446576332,92.21633165385715,15.0,4.142150832388921,25,0,34.78422961894394
1655,0.302034013969544,9061.02041908632,93.88587042765006,15.0,1.1515431615097782,26,0,34.78422961894394
1656,0.29845219545434676,8953.565863630403,93.73224502903585,15.0,0.0,27,0,34.78422961894394
1657,0.2949135149232625,8847.405447697874,92.44279036356485,15.0,0.0,28,0,34.78422961894394
1658,0.2914174667474395,8742.524002423186,91.1688653723745,15.0,0.0,29,0,34.78422961894394
1659,0.28796355131573464,8638.90653947204,89.91028802907823,15.0,0.0,30,0,34.78422961894394
1660,0.28455127495895116,8536.538248768535,88.66687847366447,15.0,0.0,31,0,34.78422961894394
1661,0.28118014987500245,8435.404496250074,87.43845898522244,15.0,0.0,32,0,34.78422961894394
1662,0.27784969405499016,8335.490821649704,86.2248539550009,15.0,0.0,33,0,34.78422961894394
1663,0.2745594312101875,8236.782936305624,85.02588985979645,15.0,0.0,34,0,34.78422961894394
1664,0.27130889069991765,8139.266720997529,83.84139523566749,15.0,0.0,35,0,34.78422961894394
1665,0.2680976074603177,8042.92822380953,82.67120065197035,15.0,0.0,36,0,34.78422961894394
1666,0.26492512193397805,7947.753658019342,81.51513868571436,15.0,0.0,37,0,34.78422961894394
1667,0.2617909800004488,7853.729400013464,80.3730438962321,15.0,0.0,38,0,34.78422961894394
1668,0.25869473290760236,7760.841987228071,79.24475280016159,15.0,0.0,39,0,34.78422961894394
1669,0.25563593720384437,7669.078116115331,78.13010384673686,15.0,0.0,40,0,34.78422961894394
1670,0.2526141546711627,7578.424640134882,77.02893739338398,15.0,0.0,41,0,34.78422961894394
1671,0.24962895225900633,7488.86856777019,75.94109568161859,15.0,0.0,42,0,34.78422961894394
1672,0.24667990201898396,7400.3970605695185,74.8664228132423,15.0,0.0,43,0,34.78422961894394
1673,0.24376658104037516,7312.9974312112545,73.80476472683424,15.0,0.0,44,0,34.78422961894394
1674,0.24088857138644357,7226.657141593307,72.75596917453507,15.0,0.0,45,0,34.78422961894394
1675,0.23804546003154473,7141.363800946342,71.71988569911969,15.0,0.0,46,0,34.78422961894394
1676,0.23523683879901922,7057.1051639705765,70.6963656113561,15.0,0.0,47,0,34.78422961894394
1677,0.2324623042998629,6973.869128995887,69.68526196764691,15.0,0.0,48,0,34.78422961894394
1678,0.22972145787216597,6891.643736164979,68.68642954795065,15.0,0.0,49,0,34.78422961894394
1679,0.22701390552131237,6810.417165639371,67.69972483397974,15.0,0.0,50,0,34.78422961894394
1680,0.2243392578609313,6730.17773582794,66.72500598767246,15.0,0.0,51,0,34.78422961894394
1681,0.22169713005459285,6650.913901637786,65.76213282993528,15.0,0.0,52,0,34.78422961894394
1682,0.21908714175823954,6572.614252747187,64.81096681965343,15.0,0.0,53,0,34.78422961894394
1683,0.21650891706334605,6495.267511900382,63.87137103296624,15.0,0.0,54,0,34.78422961894394
1684,0.21396208444079906,6418.862533223972,62.943210142804574,15.0,0.0,55,0,34.78422961894394
1685,0.21144627668548951,6343.388300564686,62.026350398687676,15.0,0.0,56,0,34.78422961894394
1686,0.20896113086160964,6268.833925848289,61.12065960677623,15.0,0.0,57,0,34.78422961894394
1687,0.20650628824864684,6195.188647459405,60.226007110179474,15.0,0.0,58,0,34.78422961894394
1688,0.2040813942880674,6122.441828642022,59.34226376951285,15.0,0.0,59,0,34.78422961894394
1689,0.2016860985306822,6050.582955920466,58.46930194370427,15.0,0.0,60,0,34.78422961894394
1690,0.19932005458468685,5979.601637540605,57.60699547104559,15.0,0.0,61,0,34.78422961894394
1691,0.1969829200643696,5909.487601931088,56.75521965048726,15.0,0.0,62,0,34.78422961894394
1692,0.19467435653947912,5840.230696184373,55.91385122317305,15.0,0.0,63,0,34.78422961894394
1693,0.19239402948524528,5771.820884557358,55.08276835421247,15.0,0.0,64,0,34.78422961894394
1694,0.19014160823304585,5704.248246991376,54.261850614688306,15.0,0.0,65,0,34.78422961894394
1695,0.1879167659217122,5637.502977651366,53.4509789638965,15.0,0.0,66,0,34.78422961894394
1696,0.1857191794494666,5571.575383483998,52.65003573181639,15.0,0.0,67,0,34.78422961894394
1697,0.1835485294264849,5506.455882794547,51.85890460180798,15.0,0.0,68,0,34.78422961894394
1698,0.18140450012807702,5442.135003842311,51.077470593534564,15.0,0.0,69,0,34.78422961894394
1699,0.17928677944847954,5378.603383454386,50.30562004610774,15.0,0.0,70,0,34.78422961894394
1700,0.17719505885525233,5315.85176565757,49.54324060145263,15.0,0.0,71,0,34.78422961894394
1701,0.175129033344274,5253.871000328219,48.790221187890836,15.0,0.0,72,0,34.78422961894394
1702,0.1730884013953286,5192.652041859858,48.04645200393863,15.0,0.0,73,0,34.78422961894394
1703,0.1710728649282778,5132.185947848334,47.31182450231831,15.0,0.0,74,0,34.78422961894394
1704,0.1690821292598113,5072.463877794339,46.58623137418001,15.0,0.0,75,0,34.78422961894394
1705,0.16711590306077026,5013.477091823108,45.86956653353208,15.0,0.0,76,0,34.78422961894394
1706,0.16517389831403623,4955.216949421087,45.161725101877295,15.0,0.0,77,0,34.78422961894394
1707,0.16325583027298018,4897.674908189406,44.46260339305304,15.0,0.0,78,0,34.78422961894394
1708,0.16136141742046525,4840.842522613958,43.77209889827288,15.0,0.0,79,0,34.78422961894394
1709,0.15949038142839672,4784.711442851902,43.0901102713675,15.0,0.0,80,0,34.78422961894394
1710,0.15764244711781375,4729.273413534413,42.41653731422282,15.0,0.0,81,0,34.78422961894394
1711,0.15581734241951642,4674.520272585492,41.75128096241296,15.0,0.0,82,0,34.78422961894394
1712,0.15401479833522205,4620.443950056661,41.09424327102591,15.0,0.0,83,0,34.78422961894394
1713,0.1522345488992456,4567.036466977368,40.44532740067993,15.0,0.0,84,0,34.78422961894394
1714,0.15047633114069728,4514.289934220918,39.80443760372842,15.0,0.0,85,0,34.78422961894394
1715,0.14873988504619245,4462.196551385774,39.17147921065102,15.0,0.0,86,0,34.78422961894394
1716,0.14702495352306763,4410.748605692029,38.546358616629284,15.0,0.0,87,0,34.78422961894394
1717,0.14533128236309678,4359.938470892904,37.92898326830435,15.0,0.0,88,0,34.78422961894394
1718,0.14365862020670292,4309.758606201088,37.31926165071485,15.0,0.0,89,0,34.78422961894394
1719,0.14200671850765856,4260.201555229757,36.71710327441306,15.0,0.0,90,0,34.78422961894394
1720,0.14037533149827017,4211.259944948105,36.12241866275709,15.0,0.0,91,0,34.78422961894394
1721,0.1387642161550407,4162.926484651221,35.53511933937726,15.0,0.0,92,0,34.78422961894394
1722,0.13717313216480503,4115.193964944151,34.955117815814646,15.0,0.0,93,0,34.78422961894394
1723,0.13560184189133284,4068.0552567399855,34.38232757932981,15.0,0.0,94,0,34.78422961894394
1724,0.1340501103423934,4021.5033102718016,33.81666308087983,15.0,0.0,95,0,34.78422961894394
1725,0.13251770513727712,3975.531154118313,33.25803972326162,15.0,0.0,96,0,34.78422961894394
1726,0.13100439647476878,3930.131894243063,32.70637384941976,15.0,0.0,97,0,34.78422961894394
1727,0.12950995710156682,3885.2987130470046,32.16158273091676,15.0,0.0,98,0,34.78422961894394
1728,0.1280341622811439,3841.0248684343164,31.62358455656405,15.0,0.0,99,0,34.78422961894394
1729,0.12657678976304318,3797.3036928912957,31.0922984212118,15.0,0.0,100,0,34.78422961894394
1730,0.12513761975260596,3754.1285925781785,30.56764431469555,15.0,0.0,101,0,34.78422961894394
1731,0.12371643488112459,3711.4930464337376,30.049543110938146,15.0,0.0,102,0,34.78422961894394
1732,0.12231302017641678,3669.3906052925036,29.53791655720485,15.0,0.0,103,0,34.78422961894394
1733,0.1209271630338155,3627.814891014465,29.03268726351004,15.0,0.0,104,0,34.78422961894394
1734,0.11955865318756989,3586.7595956270966,28.533778692173584,15.0,0.0,105,0,34.78422961894394
1735,0.11820728268265239,3546.2184804795716,28.04111514752516,15.0,0.0,106,0,34.78422961894394
1736,0.11687284584696706,3506.1853754090116,27.55462176575486,15.0,0.0,107,0,34.78422961894394
1737,0.1155551392639544,3466.654177918632,27.07422450490814,15.0,0.0,108,0,34.78422961894394
1738,0.11425396174558791,3427.6188523676374,26.59985013502358,15.0,0.0,109,0,34.78422961894394
1739,0.11296911430575762,3389.0734291727285,26.131426228411648,15.0,0.0,110,0,34.78422961894394
1740,0.11170040013403593,3351.0120040210777,25.668881150072743,15.0,0.0,111,0,34.78422961894394
1741,0.11044762456982113,3313.428737094634,25.21214404825293,15.0,0.0,112,0,34.78422961894394
1742,0.10921059507685409,3276.3178523056226,24.76114484513561,15.0,0.0,113,0,34.78422961894394
1743,0.10798912121810322,3239.6736365430966,24.31581422766747,15.0,0.0,114,0,34.78422961894394
1744,0.10678301463101365,3203.4904389304097,23.87608363851716,15.0,0.0,115,0,34.78422961894394
1745,0.10559208900311573,3167.762670093472,23.441885267164917,15.0,0.0,116,0,34.78422961894394
1746,0.10441616004798848,3132.4848014396543,23.013152041121664,15.0,0.0,117,0,34.78422961894394
1747,0.10325504548157381,3097.6513644472143,22.589817617275855,15.0,0.0,118,0,34.78422961894394
1748,0.10210856499883675,3063.2569499651026,22.17181637336657,15.0,0.0,119,0,34.78422961894394
1749,0.10097654025076763,3029.296207523029,21.759083399581236,15.0,0.0,120,0,34.78422961894394
1750,0.0998587948217216,2995.763844651648,21.35155449027635,15.0,0.0,121,0,34.78422961894394
1751,0.09875515420709152,2962.654626212746,20.94916613581978,15.0,0.0,122,0,34.78422961894394
1752,0.09766544579130977,2929.9633737392933,20.551855514552948,15.0,0.0,123,0,34.78422961894394
1753,0.09658949882617472,2897.684964785242,20.15956048487152,15.0,0.0,124,0,34.78422961894394
1754,0.09552714440949782,2865.8143322849346,19.772219577422902,15.0,0.0,125,0,34.78422961894394
1755,0.09447821546406693,2834.346463922008,19.389771987419216,15.0,0.0,126,0,34.78422961894394
1756,0.09344254671692213,2803.276401507664,19.012157567064094,15.0,0.0,127,0,34.78422961894394
1757,0.0924199746789395,2772.5992403681853,18.63931681809197,15.0,0.0,128,0,34.78422961894394
1758,0.09141033762471905,2742.3101287415716,18.271190884418225,15.0,0.0,129,0,34.78422961894394
1759,0.09041347557277268,2712.4042671831803,17.907721544898862,15.0,0.0,130,0,34.78422961894394
1760,0.08942923026600824,2682.8769079802473,17.548851206198165,15.0,0.0,131,0,34.78422961894394
1761,0.08845744515250574,2653.7233545751724,17.194522895762965,15.0,0.0,132,0,34.78422961894394
1762,0.08749796536658153,2624.938960997446,16.84468025490207,15.0,0.0,133,0,34.78422961894394
1763,0.08655063771013684,2596.519131304105,16.499267531969352,15.0,0.0,134,0,34.78422961894394
1764,0.08561531063428668,2568.4593190286005,16.158229575649266,15.0,0.0,135,0,34.78422961894394
1765,0.08469183422126524,2540.755026637957,15.821511828343205,15.0,0.0,136,0,34.78422961894394
1766,0.0837800601666039,2513.401804998117,15.489060319655486,15.0,0.0,137,0,34.78422961894394
1767,0.08287984176157821,2486.3952528473465,15.160821659977405,15.0,0.0,138,0,34.78422961894394
1768,0.08199103387592004,2459.731016277601,14.836743034168158,15.0,0.0,139,0,34.78422961894394
1769,0.08111349294079098,2433.4047882237296,14.516772195331212,15.0,0.0,140,0,34.78422961894394
1770,0.08024707693201362,2407.4123079604087,14.200857458684755,15.0,0.0,141,0,34.78422961894394
1771,0.0793916453535567,2381.749360606701,13.888947695524905,15.0,0.0,142,0,34.78422961894394
1772,0.07854705922127071,2356.4117766381214,13.580992327280413,15.0,0.0,143,0,34.78422961894394
1773,0.07771318104687026,2331.395431406108,13.276941319657457,15.0,0.0,144,0,34.78422961894394
1774,0.07688987482215952,2306.6962446647854,12.976745176873298,15.0,0.0,145,0,34.78422961894394
1775,0.07607700600349736,2282.3101801049206,12.680354935977425,15.0,0.0,146,0,34.78422961894394
1776,0.0752744414964985,2258.233244894955,12.38772216125905,15.0,0.0,147,0,34.78422961894394
1777,0.07448204964096727,2234.4614892290183,12.09879893873946,15.0,0.0,148,0,34.78422961894394
1778,0.07369970019606037,2210.991005881811,11.81353787074822,15.0,0.0,149,0,34.78422961894394
1779,0.07292726432567528,2187.8179297702586,11.53189207058173,15.0,0.0,150,0,34.78422961894394
1780,0.07216461458406101,2164.93843752183,11.253815157243103,15.0,0.0,151,0,34.78422961894394
1781,0.07141162490164735,2142.3487470494206,10.979261250261963,15.0,0.0,152,0,34.78422961894394
1782,0.07066817057108993,2120.0451171326977,10.708184964593048,15.0,0.0,153,0,34.78422961894394
1783,0.069934128233527,2098.0238470058102,10.440541405592374,15.0,0.0,154,0,34.78422961894394
1784,0.06920937586504537,2076.2812759513613,10.176286164069722,15.0,0.0,155,0,34.78422961894394
1785,0.06849379276335144,2054.813782900543,9.915375311416337,15.0,0.0,156,0,34.78422961894394
1786,0.06778725953464472,2033.6177860393416,9.657765394806518,15.0,0.0,157,0,34.78422961894394
1787,0.06708965808069027,2012.689742420708,9.4034134324721,15.0,0.0,158,0,34.78422961894394
1788,0.06640087158608685,1992.0261475826055,9.152276909048496,15.0,0.0,159,0,34.78422961894394
1789,0.06572078450572776,1971.6235351718326,8.904313770991266,15.0,0.0,160,0,34.78422961894394
1790,0.065049282552451,1951.4784765735299,8.659482422061991,15.0,0.0,161,0,34.78422961894394
1791,0.06438625268487586,1931.5875805462756,8.417741718882358,15.0,0.0,162,0,34.78422961894394
1792,0.06373158309542258,1911.9474928626776,8.179050966555309,15.0,0.0,163,0,34.78422961894394
1793,0.06308516319851228,1892.5548959553685,7.943369914352133,15.0,0.0,164,0,34.78422961894394
1794,0.06244688361894377,1873.4065085683133,7.710658751464422,15.0,0.0,165,0,34.78422961894394
1795,0.061816636180444605,1854.4990854133382,7.480878102819759,15.0,0.0,166,0,34.78422961894394
1796,0.06119431389439301,1835.8294168317902,7.253989024960061,15.0,0.0,167,0,34.78422961894394
1797,0.060579810948707964,1817.394328461239,7.029953001981482,15.0,0.0,168,0,34.78422961894394
1798,0.059973022696904445,1799.1906809071334,6.80873194153487,15.0,0.0,169,0,34.78422961894394
1799,0.05937384564731074,1781.2153694193223,6.5902881708856,15.0,0.0,170,0,34.78422961894394
1800,0.05878217745244518,1763.4653235733556,6.374584433031867,15.0,0.0,171,0,34.78422961894394
1801,0.05819791689854929,1745.9375069564787,6.161583882880269,15.0,0.0,172,0,34.78422961894394
1802,0.057620963895274414,1728.6289168582325,5.9512500834777455,15.0,0.0,173,0,34.78422961894394
1803,0.05705121946551932,1711.5365839655794,5.74354700229879,15.0,0.0,174,0,34.78422961894394
1804,0.05648858573541555,1694.6575720624664,5.538439007586955,15.0,0.0,175,0,34.78422961894394
1805,0.055932965924458185,1677.9889777337455,5.335890864749597,15.0,0.0,176,0,34.78422961894394
1806,0.055384264335778935,1661.527930073368,5.135867732804947,15.0,0.0,177,0,34.78422961894394
1807,0.05484238634655906,1645.2715903967717,4.938335160880417,15.0,0.0,178,0,34.78422961894394
1808,0.05430723839857931,1629.2171519573792,4.7432590847612595,15.0,0.0,179,0,34.78422961894394
1809,0.05377872798890435,1613.3618396671307,4.550605823488549,15.0,0.0,180,0,34.78422961894394
1810,0.05325676366069885,1597.7029098209655,4.360342076005569,15.0,0.0,181,0,34.78422961894394
1811,0.052741254994172745,1582.2376498251824,4.172434917851586,15.0,0.0,182,0,34.78422961894394
1812,0.05223211259765316,1566.9633779295948,3.9868517979021902,15.0,0.0,183,0,34.78422961894394
1813,0.05172924809878017,1551.8774429634052,3.803560535155139,15.0,0.0,184,0,34.78422961894394
1814,0.051232574135824216,1536.9772240747266,3.622529315560861,15.0,0.0,185,0,34.78422961894394
1815,0.05074200434912231,1522.2601304736693,3.4437266888967204,15.0,0.0,186,0,34.78422961894394
1816,0.05025745337263085,1507.7236011789255,3.267121565684033,15.0,0.0,187,0,34.78422961894394
1817,0.04977883682559236,1493.3651047677708,3.0926832141471046,15.0,0.0,188,0,34.78422961894394
