tick,basin_frac,basin_level_ml,dc_total_draw_ml,community_received_ml,farm_total_received_ml,community_complaints,active_cap,total_dc_capacity_ml
0,0.8017901426775591,24053.704280326772,4.6631843740194245,15.0,1.6267478487062883,0,0,7.770774677397353
1,0.8035802904458597,24107.40871337579,4.664796003905211,15.0,1.630539440482266,0,0,7.770774677397353
2,0.8053700935169302,24161.102805507908,4.6673280023044645,15.0,1.636496331944791,0,0,7.770774677397353
3,0.8071592022049406,24214.77606614822,4.670779618931412,15.0,1.6446167579383617,0,0,7.770774677397353
4,0.8089472670298216,24268.418010894646,4.675149830997555,15.0,1.6548983122055025,0,0,7.770774677397353
5,0.8107339388208221,24322.018164624664,4.680437343514743,15.0,1.6673379480997914,0,0,7.770774677397353
6,0.8125188688199783,24375.56606459935,4.6866405896789045,15.0,1.6819319794886436,0,0,7.770774677397353
7,0.8143017087854562,24429.051263563684,4.69375773133432,15.0,1.6986760818455935,0,0,7.770774677397353
8,0.8160821110947439,24482.46333284232,4.7017866595183175,15.0,1.7175652935317438,0,0,7.770774677397353
9,0.81785972884766,24535.7918654298,4.710724995086201,15.0,1.7385940172660113,0,0,7.770774677397353
10,0.8196342159691471,24589.02647907441,4.720570089416232,15.0,1.7617560217837158,0,0,7.770774677397353
11,0.821405227311821,24642.15681935463,4.73131902519449,15.0,1.7870444436830408,0,0,7.770774677397353
12,0.8231724187582464,24695.172562747393,4.74296861727932,15.0,1.8144517894588108,0,0,7.770774677397353
13,0.8249354473229054,24748.06341968716,4.75551541364517,15.0,1.8439699377229712,0,0,7.770774677397353
14,0.8266939712538318,24800.819137614955,4.768955696405495,15.0,1.8755901416111382,0,0,7.770774677397353
15,0.8284476501338798,24853.429504016392,4.783285482914446,15.0,1.9093030313744808,0,0,7.770774677397353
16,0.8301961449815964,24905.884349447893,4.798500526947021,15.0,1.9450986171561773,0,0,7.770774677397353
17,0.8319391183516697,24958.17355055009,4.814596319957304,15.0,1.9829662919516293,0,0,7.770774677397353
18,0.8336762344349202,25010.287033047607,4.831568092414449,15.0,2.0228948347515434,0,0,7.770774677397353
19,0.8354071591578095,25062.214774734286,4.849410815216,15.0,2.064872413866959,0,0,7.770774677397353
20,0.8371315602814325,25113.946808442975,4.868119201178111,15.0,2.108886590435234,0,0,7.770774677397353
21,0.8388491074999676,25165.473224999027,4.887687706602261,15.0,2.1549243221059475,0,0,7.770774677397353
22,0.8405594725385529,25216.784176156587,4.90811053291797,15.0,2.202971966905631,0,0,7.770774677397353
23,0.8422623292505619,25267.869877516856,4.929381628401042,15.0,2.253015287280176,0,0,7.770774677397353
24,0.8439573537142467,25318.7206114274,4.951494689966814,15.0,2.3050394543137314,0,0,7.770774677397353
25,0.8456442243287241,25369.326729861725,4.9744431650379095,15.0,2.359029052122834,0,0,7.770774677397353
26,0.8473226219092722,25419.678657278168,4.998220253485891,15.0,2.4149680824244593,0,0,7.770774677397353
27,0.848992229781912,25469.76689345736,5.022818909646304,15.0,2.4728399692766674,0,0,7.770774677397353
28,0.8506527338772445,25519.582016317334,5.048231844406445,15.0,2.532627563990408,0,0,7.770774677397353
29,0.8523038228235165,25569.114684705495,5.074451527365286,15.0,2.5943131502110424,0,0,7.770774677397353
30,0.8539451880388867,25618.355641166603,5.101470189064902,15.0,2.6578784491680896,0,0,7.770774677397353
31,0.8555765238228651,25667.29571468595,5.129279823292721,15.0,2.723304625091619,0,0,7.770774677397353
32,0.8571975274468985,25715.925823406953,5.157872189453936,15.0,2.790572290793691,0,0,7.770774677397353
33,0.8588078992440757,25764.23697732227,5.1872388150133855,15.0,2.859661513413204,0,0,7.770774677397353
34,0.8604073426979257,25812.22028093777,5.21737099800613,15.0,2.9305518203224272,0,0,7.770774677397353
35,0.8619955645302809,25859.866935908427,5.248259809616041,15.0,3.0032222051934836,0,0,7.770774677397353
36,0.8635722747881827,25907.16824364548,5.2798960968216075,15.0,3.0776511342229846,0,0,7.770774677397353
37,0.8651371869298002,25954.115607894008,5.312270485108159,15.0,3.1538165525129482,0,0,7.770774677397353
38,0.8666900179093393,26000.70053728018,5.345373381245754,15.0,3.2316958906061517,0,0,7.770774677397353
39,0.8682304882609146,26046.914647827438,5.379194976131844,15.0,3.3112660711739426,0,0,7.770774677397353
40,0.8697583221813617,26092.749665440853,5.413725247697936,15.0,3.3925035158545547,0,0,7.770774677397353
41,0.8712732476119637,26138.19742835891,5.448953963879342,15.0,3.475384152239883,0,0,7.770774677397353
42,0.8727749963190673,26183.24988957202,5.484870685647158,15.0,3.559883421008653,0,0,7.770774677397353
43,0.8742633039735671,26227.899119207013,5.521464770101578,15.0,3.6459762832038867,0,0,7.770774677397353
44,0.8757379102292316,26272.13730687695,5.558725373625614,15.0,3.73363722765248,0,0,7.770774677397353
45,0.8771985587998495,26315.956763995488,5.596641455098291,15.0,3.822840278524712,0,0,7.770774677397353
46,0.878644997535173,26359.34992605519,5.635201779166373,15.0,3.913559003031455,0,0,7.770774677397353
47,0.8800769784956346,26402.309354869038,5.674394919573638,15.0,4.0057665192567615,0,0,7.770774677397353
48,0.8814942580258182,26444.827740774545,5.714209262546728,15.0,4.0994355041235755,0,0,7.770774677397353
49,0.8828965968266581,26486.89790479974,5.754633010236556,15.0,4.194538201490137,0,0,7.770774677397353
50,0.8842837600263497,26528.51280079049,5.795654184214262,15.0,4.291046430374735,0,0,7.770774677397353
51,0.8856555172499463,26569.66551749839,5.83726062902069,15.0,4.38893159330633,0,0,7.770774677397353
52,0.8870116426876246,26610.349280628736,5.879440015768305,15.0,4.488164684798612,0,0,7.770774677397353
53,0.8883519151615964,26650.55745484789,5.922179845794504,15.0,4.588716299944945,0,0,7.770774677397353
54,0.8896761181916493,26690.283545749477,5.9654674543652515,15.0,4.690556643131683,0,0,7.770774677397353
55,0.8909840400592934,26729.521201778804,6.009290014427904,15.0,4.7936555368672416,0,0,7.770774677397353
56,0.8922754738704994,26768.26421611498,6.053634540412147,15.0,4.897982430724351,0,0,7.770774677397353
57,0.8935502176170039,26806.50652851012,6.098487892077897,15.0,5.003506410392804,0,0,7.770774677397353
58,0.8948080742361708,26844.242227085124,6.143836778409043,15.0,5.11019620684003,0,0,7.770774677397353
59,0.8960488516693836,26881.46555008151,6.1896677615518545,15.0,5.218020205576787,0,0,7.770774677397353
60,0.8972723629189578,26918.170887568736,6.235967260796913,15.0,5.326946456025217,0,0,7.770774677397353
61,0.8984784261035514,26954.352783106544,6.282721556603368,15.0,5.4369426809864905,0,0,7.770774677397353
62,0.8996668645120607,26990.00593536182,6.32991679466433,15.0,5.547976286205239,0,0,7.770774677397353
63,0.9008375066559832,27025.125199679496,6.377538990012206,15.0,5.6600143700279375,0,0,7.770774677397353
64,0.9019901863202342,27059.705589607027,6.425574031162743,15.0,5.773023733152366,0,0,7.770774677397353
65,0.9031247426123993,27093.742278371978,6.474007684296566,15.0,5.8869708884652905,0,0,7.770774677397353
66,0.90424102001041,27127.230600312298,6.52282559747697,15.0,6.001822070965408,0,0,7.770774677397353
67,0.9053388684086289,27160.166052258865,6.5720133049027005,15.0,6.117543247768656,0,0,7.770774677397353
68,0.9064181431623288,27192.544294869866,6.621556231194491,15.0,6.234100128192878,0,0,7.770774677397353
69,0.9074787051305548,27224.361153916645,6.671439695714056,15.0,6.351458173918901,0,0,7.770774677397353
70,0.9085204207173535,27255.612621520606,6.721648916914287,15.0,6.469582609224984,0,0,7.770774677397353
71,0.9095431619113613,27286.29485734084,6.772169016719337,15.0,6.588438431291609,0,0,7.770774677397353
72,0.9105468063237366,27316.4041897121,6.82298502493332,15.0,6.70799042057358,0,0,7.770774677397353
73,0.9115312372244266,27345.9371167328,6.874081883676306,15.0,6.82820315123633,0,0,7.770774677397353
74,0.9124963435767566,27374.890307302696,6.925444451846285,15.0,6.94904100165336,0,0,7.770774677397353
75,0.9134420200703323,27403.260602109967,6.977057509605817,15.0,7.0704681649616985,0,0,7.770774677397353
76,0.9143681671522462,27431.045014567386,7.028905762891984,15.0,7.192448659672243,0,0,7.770774677397353
77,0.9152746910565769,27458.240731697308,7.080973847948362,15.0,7.314946340331854,0,0,7.770774677397353
78,0.916161503832174,27484.84511496522,7.133246335877628,15.0,7.43792490823404,0,0,7.770774677397353
79,0.91702852336872,27510.8557010616,7.185707737213472,15.0,7.561347922175035,0,0,7.770774677397353
80,0.917875673421061,27536.27020263183,7.238342506510473,15.0,7.685178809252118,0,0,7.770774677397353
81,0.9187028836318005,27561.086508954017,7.291135046950535,15.0,7.809380875700964,0,0,7.770774677397353
82,0.9195100895521475,27585.302686564424,7.344069714964569,15.0,7.933917317768781,0,0,7.770774677397353
83,0.9202972326610133,27608.9169798304,7.397130824868019,15.0,8.05875123262007,0,0,7.770774677397353
84,0.9210642603823538,27631.927811470614,7.450302653508868,15.0,8.183845629271719,0,0,7.770774677397353
85,0.9218111261007482,27654.33378302245,7.503569444926749,15.0,8.309163439554249,0,0,7.770774677397353
86,0.9225377891752125,27676.133675256373,7.556915415021772,15.0,8.434667529095888,0,0,7.770774677397353
87,0.9232442149512415,27697.326448537246,7.610324756231697,15.0,8.560320708326309,0,0,7.770774677397353
88,0.9239303747710789,27717.911243132367,7.6637816422160565,15.0,8.686085743496681,0,0,7.770774677397353
89,0.9245962459822085,27737.887379466254,7.7172702325458395,15.0,8.811925367712862,0,0,7.770774677397353
90,0.9252418119440664,27757.254358321992,7.770774677397353,15.0,8.937802291978345,0,0,7.770774677397353
91,0.9258670620329726,27776.01186098918,7.824279122248866,15.0,9.06367921624383,0,0,7.770774677397353
92,0.9264719916452786,27794.159749358358,7.877767712578648,15.0,9.189518840460007,0,0,7.770774677397353
93,0.9270566021987315,27811.698065961948,7.931224598563008,15.0,9.315283875630382,0,0,7.770774677397353
94,0.9276209011320545,27828.627033961635,7.984633939772932,15.0,9.440937054860802,0,0,7.770774677397353
95,0.9281649019027416,27844.94705708225,8.037979909867955,15.0,9.56644114440244,0,0,7.770774677397353
96,0.9286886239830711,27860.65871949213,8.091246701285836,15.0,9.69175895468497,0,0,7.770774677397353
97,0.9291920928543344,27875.76278563003,8.144418529926686,15.0,9.81685335133662,0,0,7.770774677397353
98,0.9296753399992861,27890.260199978584,8.197479639830135,15.0,9.941687266187909,0,0,7.770774677397353
99,0.9301384028928148,27904.152086784445,8.25041430784417,15.0,10.066223708255727,0,0,7.770774677397353
100,0.930581324990838,27917.43974972514,8.303206848284232,15.0,10.190425774704568,0,0,7.770774677397353
101,0.9310041557174261,27930.124671522783,8.355841617581234,15.0,10.314256661781656,0,0,7.770774677397353
102,0.931406950450156,27942.20851350468,8.408303018917078,15.0,10.43767967572265,0,0,7.770774677397353
103,0.9317897705037023,27953.69311511107,8.460575506846345,15.0,10.560658243624836,0,0,7.770774677397353
104,0.9321526831116681,27964.580493350044,8.512643591902721,15.0,10.68315592428445,0,0,7.770774677397353
105,0.9324957614066622,27974.872842199868,8.564491845188888,15.0,10.80513641899499,0,0,7.770774677397353
106,0.9328190843986284,27984.572531958853,8.61610490294842,15.0,10.92656358230333,0,0,7.770774677397353
107,0.9331227369514329,27993.682108542987,8.6674674711184,15.0,11.04740143272036,0,0,7.770774677397353
108,0.9334068097577181,28002.20429273154,8.718564329861385,15.0,11.16761416338311,0,0,7.770774677397353
109,0.9336713993120273,28010.14197936082,8.769380338075369,15.0,11.287166152665083,0,0,7.770774677397353
110,0.9339166078822122,28017.498236466367,8.819900437880419,15.0,11.406021974731708,0,0,7.770774677397353
111,0.9341425434791284,28024.276304373852,8.870109659080649,15.0,11.524146410037789,0,0,7.770774677397353
112,0.9343493198246291,28030.479594738874,8.919993123600214,15.0,11.641504455763812,0,0,7.770774677397353
113,0.9345370563178675,28036.111689536025,8.969536049892005,15.0,11.758061336188034,0,0,7.770774677397353
114,0.9347058779999157,28041.17633999747,9.018723757317735,15.0,11.873782512991282,0,0,7.770774677397353
115,0.9348559155167127,28045.67746550138,9.067541670498139,15.0,11.9886336954914,0,0,7.770774677397353
116,0.934987305080351,28049.61915241053,9.115975323631963,15.0,12.102580850804323,0,0,7.770774677397353
117,0.9351001884287143,28053.00565286143,9.164010364782499,15.0,12.215590213928753,0,0,7.770774677397353
118,0.935194712783477,28055.84138350431,9.211632560130376,15.0,12.327628297751449,0,0,7.770774677397353
119,0.9352710308064797,28058.13092419439,9.258827798191339,15.0,12.4386619029702,0,0,7.770774677397353
120,0.9353293005544917,28059.87901663475,9.305582093997792,15.0,12.548658127931473,0,0,7.770774677397353
121,0.935369685432376,28061.09056297128,9.35188159324285,15.0,12.657584378379902,0,0,7.770774677397353
122,0.9353923541446687,28061.77062434006,9.397712576385663,15.0,12.76540837711666,0,0,7.770774677397353
123,0.9353974806455878,28061.924419367635,9.443061462716807,15.0,12.872098173563886,0,0,7.770774677397353
124,0.9353852440874875,28061.557322624623,9.48791481438256,15.0,12.977622153232339,0,0,7.770774677397353
125,0.9353558287677707,28060.67486303312,9.532259340366801,15.0,13.081949047089449,0,0,7.770774677397353
126,0.9353094240742783,28059.28272222835,9.576081900429454,15.0,13.185047940825006,0,0,7.770774677397353
127,0.9352462244291694,28057.386732875082,9.619369509000203,15.0,13.286888284011743,0,0,7.770774677397353
128,0.9351664292313097,28054.99287693929,9.6621093390264,15.0,13.387439899158078,0,0,7.770774677397353
129,0.9350702427971851,28052.107283915553,9.704288725774015,15.0,13.486672990650359,0,0,7.770774677397353
130,0.934957874300359,28048.73622901077,9.745895170580443,15.0,13.584558153581956,0,0,7.770774677397353
131,0.9348295377094888,28044.886131284664,9.78691634455815,15.0,13.681066382466554,0,0,7.770774677397353
132,0.9346854517249229,28040.563551747688,9.827340092247976,15.0,13.776169079833114,0,0,7.770774677397353
133,0.934525839713895,28035.77519141685,9.867154435221067,15.0,13.86983806469993,0,0,7.770774677397353
134,0.9343509296443357,28030.52788933007,9.906347575628333,15.0,13.962045580925235,0,0,7.770774677397353
135,0.9341609540173201,28024.828620519605,9.944907899696416,15.0,14.052764305431978,0,0,7.770774677397353
136,0.9339561497981737,28018.68449394521,9.98282398116909,15.0,14.141967356304209,0,0,7.770774677397353
137,0.9337367583462529,28012.10275038759,10.020084584693128,15.0,14.229628300752804,0,0,7.770774677397353
138,0.9335030253434271,28005.090760302814,10.056678669147548,15.0,14.315721162948037,0,0,7.770774677397353
139,0.9332552007212761,27997.656021638282,10.092595390915363,15.0,14.400220431716807,0,0,7.770774677397353
140,0.9329935385870307,27989.80615761092,10.12782410709677,15.0,14.483101068102137,0,0,7.770774677397353
141,0.9327182971482754,27981.54891444826,10.162354378662862,15.0,14.564338512782747,0,0,7.770774677397353
142,0.9324297386364354,27972.892159093062,10.196175973548954,15.0,14.64390869335054,0,0,7.770774677397353
143,0.9321281292290723,27963.843876872168,10.229278869686546,15.0,14.72178803144374,0,0,7.770774677397353
144,0.9318137389710095,27954.412169130286,10.2616532579731,15.0,14.797953449733704,0,0,7.770774677397353
145,0.9314868416943125,27944.605250829376,10.293289545178665,15.0,14.872382378763206,0,0,7.770774677397353
146,0.9311477149371463,27934.43144811439,10.324178356788575,15.0,14.94505276363426,0,0,7.770774677397353
147,0.9307966398615346,27923.89919584604,10.35431053978132,15.0,15.015943070543486,0,0,7.770774677397353
148,0.9304339011700462,27913.017035101388,10.38367716534077,15.0,15.085032293162996,0,0,7.770774677397353
149,0.9300597870214308,27901.793610642922,10.412269531501986,15.0,15.15229995886507,0,0,7.770774677397353
150,0.9296745889452313,27890.23766835694,10.440079165729802,15.0,15.217726134788599,0,0,7.770774677397353
151,0.9292786017553979,27878.358052661937,10.467097827429418,15.0,15.281291433745647,0,0,7.770774677397353
152,0.9288721234629279,27866.163703887836,10.49331751038826,15.0,15.342977019966284,0,0,7.770774677397353
153,0.9284554551875586,27853.66365562676,10.518730445148401,15.0,15.402764614680022,0,0,7.770774677397353
154,0.9280289010685394,27840.867032056183,10.543329101308814,15.0,15.460636501532228,0,0,7.770774677397353
155,0.9275927681745084,27827.783045235254,10.567106189756796,15.0,15.516575531833855,0,0,7.770774677397353
156,0.9271473664125015,27814.420992375046,10.590054664827893,15.0,15.570565129642961,0,0,7.770774677397353
157,0.9266930084361201,27800.790253083604,10.612167726393665,15.0,15.622589296676514,0,0,7.770774677397353
158,0.9262300095528853,27786.90028658656,10.633438821876736,15.0,15.672632617051057,0,0,7.770774677397353
159,0.9257586876308055,27772.760628924163,10.653861648192445,15.0,15.720680261850744,0,0,7.770774677397353
160,0.9252793630041847,27758.38089012554,10.673430153616595,15.0,15.766717993521453,0,0,7.770774677397353
161,0.9247923583787014,27743.770751361044,10.692138539578707,15.0,15.810732170089729,0,0,7.770774677397353
162,0.9242979987357837,27728.93996207351,10.709981262380257,15.0,15.852709749205147,0,0,7.770774677397353
163,0.9237966112363094,27713.898337089282,10.7269530348374,15.0,15.89263829200506,0,0,7.770774677397353
164,0.9232885251236624,27698.655753709874,10.743048827847685,15.0,15.930505966800514,0,0,7.770774677397353
165,0.9227740716261703,27683.22214878511,10.75826387188026,15.0,15.966301552582209,0,0,7.770774677397353
166,0.9222535838589538,27667.607515768614,10.77259365838921,15.0,16.000014442345552,0,0,7.770774677397353
167,0.9217273967252182,27651.821901756546,10.786033941149535,15.0,16.03163464623372,0,0,7.770774677397353
168,0.9211958468170143,27635.87540451043,10.798580737515387,15.0,16.06115279449788,0,0,7.770774677397353
169,0.9206592723154984,27619.778169464953,10.810230329600216,15.0,16.08856014027365,0,0,7.770774677397353
170,0.9201180128907226,27603.540386721677,10.820979265378472,15.0,16.113848562172976,0,0,7.770774677397353
171,0.9195724096009823,27587.17228802947,10.830824359708505,15.0,16.137010566690677,0,0,7.770774677397353
172,0.9190228047917544,27570.68414375263,10.839762695276388,15.0,16.158039290424945,0,0,7.770774677397353
173,0.918469541994252,27554.08625982756,10.847791623460386,15.0,16.176928502111096,0,0,7.770774677397353
174,0.9179129658236294,27537.38897470888,10.854908765115802,15.0,16.193672604468045,0,0,7.770774677397353
175,0.9173534218768644,27520.60265630593,10.86111201127996,15.0,16.208266635856898,0,0,7.770774677397353
176,0.9167912566303515,27503.737698910547,10.86639952379715,15.0,16.22070627175119,0,0,7.770774677397353
177,0.9162268173372327,27486.80452011698,10.870769735863293,15.0,16.23098782601833,0,0,7.770774677397353
178,0.9156604519244989,27469.813557734964,10.874221352490242,15.0,16.239108252011896,0,0,7.770774677397353
179,0.9150925088898916,27452.775266696746,10.876753350889494,15.0,16.245065143474424,0,0,7.770774677397353
180,0.9145233371986362,27435.700115959087,10.878364980775281,15.0,16.2488567352504,0,0,7.770774677397353
181,0.9139532861800355,27418.598585401065,10.879055764586886,15.0,16.250481903809362,0,0,7.770774677397353
182,0.9133827054239557,27401.481162718672,10.878825497630157,15.0,16.24994016757878,0,0,7.770774677397353
183,0.9128119446772359,27384.358340317078,10.877674248138161,15.0,16.247231687086803,0,0,7.770774677397353
184,0.9122413537400502,27367.240612201505,10.875602357250973,15.0,16.242357264914645,0,0,7.770774677397353
185,0.9116712823622545,27350.138470867634,10.872610438914574,15.0,16.2353183454588,0,0,7.770774677397353
186,0.911102080139748,27333.062404192442,10.868699379698938,15.0,16.226117014503014,0,0,7.770774677397353
187,0.9105340964108806,27316.02289232642,10.863870338535317,15.0,16.214755998600232,0,0,7.770774677397353
188,0.9099676801529359,27299.030404588077,10.858124746372834,15.0,16.20123866426465,0,0,7.770774677397353
189,0.9094031798787222,27282.095396361667,10.851464305754439,15.0,16.185569016974167,0,0,7.770774677397353
190,0.9088409435333007,27265.228305999022,10.843890990312437,15.0,16.167751699983448,0,0,7.770774677397353
191,0.9082813183908814,27248.439551726442,10.835407044183635,15.0,16.14779199294805,0,0,7.770774677397353
192,0.9077246509519183,27231.73952855755,10.826014981344368,15.0,16.125695810359936,0,0,7.770774677397353
193,0.9071712868404347,27215.13860521304,10.815717584865558,15.0,16.101469699794876,0,0,7.770774677397353
194,0.9066215707016059,27198.647121048176,10.804517906088016,15.0,16.07512083997228,0,0,7.770774677397353
195,0.9060758460996347,27182.27538298904,10.79241926371827,15.0,16.046657038627956,0,0,7.770774677397353
196,0.9055344554159451,27166.033662478352,10.779425242845166,15.0,16.016086730200552,0,0,7.770774677397353
197,0.9049977397477277,27149.932192431832,10.765539693877521,15.0,15.983418973332213,0,0,7.770774677397353
198,0.9044660388068653,27133.981164205958,10.750766731403175,15.0,15.948663448184327,0,0,7.770774677397353
199,0.9039396908192682,27118.190724578046,10.73511073296973,15.0,15.911830453569081,0,0,7.770774677397353
200,0.9034190324246517,27102.57097273955,10.718576337787404,15.0,15.872930903897702,0,0,7.770774677397353
201,0.9029043985767817,27087.131957303453,10.701168445354336,15.0,15.831976325946275,0,0,7.770774677397353
202,0.902396122444221,27071.88367332663,10.682892214004745,15.0,15.788978855440124,0,0,7.770774677397353
203,0.9018945353116037,27056.836059348112,10.663753059380413,15.0,15.74395123345772,0,0,7.770774677397353
204,0.9013999664814694,27041.998994444082,10.643756652825914,15.0,15.696906802655231,0,0,7.770774677397353
205,0.9009127431766829,27027.382295300486,10.622908919708065,15.0,15.647859503312805,0,0,7.770774677397353
206,0.9004331904434714,27012.995713304143,10.60121603766012,15.0,15.596823869203767,0,0,7.770774677397353
207,0.8999616310551062,26998.848931653185,10.578684434751203,15.0,15.543815023287937,0,0,7.770774677397353
208,0.8994983854162579,26984.95156248774,10.555320787581527,15.0,15.488848673230393,0,0,7.770774677397353
209,0.899043771468054,26971.313144041622,10.531132019303975,15.0,15.43194110674692,0,0,7.770774677397353
210,0.8985981045938656,26957.943137815968,10.506125297572627,15.0,15.37310918677764,0,0,7.770774677397353
211,0.8981616975258524,26944.850925775572,10.480308032418819,15.0,15.31237034649013,0,0,7.770774677397353
212,0.897734860252294,26932.04580756882,10.453687874055397,15.0,15.249742584113623,0,0,7.770774677397353
213,0.8973178999257332,26919.536997771997,10.426272710609801,15.0,15.18524445760573,0,0,7.770774677397353
214,0.8969111207719604,26907.333623158815,10.39807066578662,15.0,15.118895079153319,0,0,7.770774677397353
215,0.896514823999865,26895.44471999595,10.369090096460386,15.0,15.050714109509155,0,0,7.770774677397353
216,0.8961293077121799,26883.879231365398,10.339339590199248,15.0,14.980721752166017,0,0,7.770774677397353
217,0.8957548668171481,26872.646004514445,10.308827962720274,15.0,14.908938747369941,0,0,7.770774677397353
218,0.8953917929411349,26861.753788234048,10.277564255277182,15.0,14.835386365974458,0,0,7.770774677397353
219,0.8950403743422123,26851.21123026637,10.245557731981215,15.0,14.760086403137556,0,0,7.770774677397353
220,0.8947008958247422,26841.026874742267,10.212817877055983,15.0,14.683061171863336,0,0,7.770774677397353
221,0.8943736386549828,26831.209159649483,10.179354392027083,15.0,14.604333496390165,0,0,7.770774677397353
222,0.894058880477743,26821.766414332287,10.145177192847331,15.0,14.523926705427368,0,0,7.770774677397353
223,0.8937568952341106,26812.706857023317,10.110296406958447,15.0,14.441864625242427,0,0,7.770774677397353
224,0.8934679530802776,26804.038592408328,10.074722370290079,15.0,14.358171572600744,0,0,7.770774677397353
225,0.8931923203074869,26795.769609224604,10.038465624197043,15.0,14.272872347560064,0,0,7.770774677397353
226,0.8929302592631245,26787.907777893735,10.001536912335693,15.0,14.185992226121673,0,0,7.770774677397353
227,0.8926820282729805,26780.460848189414,9.963947177480339,15.0,14.097556952740582,0,0,7.770774677397353
228,0.8924478815647013,26773.43644694104,9.92570755828067,15.0,14.007592732696882,0,0,7.770774677397353
229,0.8922280691924568,26766.842075773704,9.886829385961136,15.0,13.916126224330554,0,0,7.770774677397353
230,0.8920228369628436,26760.685108885307,9.847324180963252,15.0,13.823184531142042,0,0,7.770774677397353
231,0.8918324263620474,26754.972790861422,9.807203649531854,15.0,13.728795193760883,0,0,7.770774677397353
232,0.8916570744842856,26749.712234528568,9.766479680246277,15.0,13.632986181784828,0,0,7.770774677397353
233,0.8914970139615507,26744.91041884652,9.725164340497512,15.0,13.535785885491858,0,0,7.770774677397353
234,0.8913524728946769,26740.574186840306,9.683269872912387,15.0,13.437223107427517,0,0,7.770774677397353
235,0.8912236747857484,26736.710243572452,9.640808691725805,15.0,13.337327053870103,0,0,7.770774677397353
236,0.8911108384718717,26733.32515415615,9.59779337910214,15.0,13.23612732617622,0,0,7.770774677397353
237,0.8910141780603286,26730.425341809856,9.554236681406863,15.0,13.133653912009251,0,0,7.770774677397353
238,0.8909339028651317,26728.017085953954,9.510151505429539,15.0,13.029937176453375,0,0,7.770774677397353
239,0.890870217345001,26726.106520350033,9.465550914559241,15.0,12.925007853015725,0,0,7.770774677397353
240,0.8908233210427774,26724.69963128332,9.420448124913605,15.0,12.818897034519395,0,0,7.770774677397353
241,0.890793408526294,26723.802255788818,9.3748565014226,15.0,12.711636163889967,0,0,7.770774677397353
242,0.8907806693307219,26723.420079921656,9.328789553868218,15.0,12.603257024838285,0,0,7.770774677397353
243,0.8907852879024065,26723.558637072194,9.28226093288122,15.0,12.493791732442261,0,0,7.770774677397353
244,0.8908074435442123,26724.223306326367,9.235284425896179,15.0,12.383272723630494,0,0,7.770774677397353
245,0.8908473103623912,26725.419310871734,9.187873953065948,15.0,12.271732747570487,0,0,7.770774677397353
246,0.8909050572149912,26727.151716449738,9.140043563136828,15.0,12.159204855964376,0,0,7.770774677397353
247,0.890980847661821,26729.42542985463,9.091807429285623,15.0,12.04572239325499,0,0,7.770774677397353
248,0.8910748399159819,26732.245197479457,9.04317984491981,15.0,11.93131898674519,0,0,7.770774677397353
249,0.8911871867969874,26735.61560390962,8.99417521944211,15.0,11.816028536633347,0,0,7.770774677397353
250,0.8913180356854787,26739.541070564363,8.944808073980653,15.0,11.699885205968005,0,0,7.770774677397353
251,0.8914675284795535,26744.025854386604,8.895093037086074,15.0,11.582923410524618,0,0,7.770774677397353
252,0.891635801552717,26749.07404658151,8.84504484039674,15.0,11.465177808607415,0,0,7.770774677397353
253,0.8918229857134731,26754.689571404193,8.794678314273463,15.0,11.346683290779403,0,0,7.770774677397353
254,0.8920292061665618,26760.876184996854,8.74400838340493,15.0,11.227474969523538,0,0,7.770774677397353
255,0.8922545824758593,26767.63747427578,8.6930500623852,15.0,11.107588168838134,0,0,7.770774677397353
256,0.8924992285289479,26774.976855868437,8.641818451264562,15.0,10.987058413769592,0,0,7.770774677397353
257,0.892763252503369,26782.89757510107,8.590328731075068,15.0,10.865921419885602,0,0,7.770774677397353
258,0.8930467568345677,26791.40270503703,8.538596159332046,15.0,10.744213082691797,0,0,7.770774677397353
259,0.893349838185539,26800.495145566172,8.486636065512979,15.0,10.62196946699516,0,0,7.770774677397353
260,0.8936725874181846,26810.177622545536,8.43446384651506,15.0,10.499226796217265,0,0,7.770774677397353
261,0.8940150895663878,26820.452686991634,8.382094962092747,15.0,10.376021441660463,0,0,7.770774677397353
262,0.8943774238108173,26831.32271432452,8.329544930276706,15.0,10.252389911730297,0,0,7.770774677397353
263,0.8947596634554638,26842.789903663914,8.276829322775486,15.0,10.128368841117275,0,0,7.770774677397353
264,0.8951618759059177,26854.85627717753,8.223963760361286,15.0,10.003994979941215,0,0,7.770774677397353
265,0.8955841226493962,26867.52367948189,8.170963908241184,15.0,9.879305182861385,0,0,7.770774677397353
266,0.8960264592365237,26880.79377709571,8.117845471415192,15.0,9.754336398155692,0,0,7.770774677397353
267,0.8964889352648695,26894.668057946084,8.064624190022528,15.0,9.629125656772082,0,0,7.770774677397353
268,0.8969715943642522,26909.147830927566,8.011315834677484,15.0,9.50371006135551,0,0,7.770774677397353
269,0.897474474183811,26924.23422551433,7.957936201796237,15.0,9.37812677525358,0,0,7.770774677397353
270,0.8979976063808491,26939.928191425475,7.904501108916031,15.0,9.252413011504279,0,0,11.770774677397352
271,0.8984063062946412,26952.18918883924,11.892335894371527,15.0,9.126606021808925,0,0,11.770774677397352
272,0.8988362218329118,26965.086654987354,11.81129908580768,15.0,9.000743085493706,0,0,11.770774677397352
273,0.8992873667643112,26978.621002929336,11.730250268987032,15.0,8.874861498462991,0,0,11.770774677397352
274,0.8997597485667623,26992.79245700287,11.649213460423182,15.0,8.748998562147769,0,0,11.770774677397352
275,0.9002533684252448,27007.601052757345,11.568212673071425,15.0,8.623191572452413,0,0,11.770774677397352
276,0.9007682212314441,27023.046636943323,11.4872719092132,15.0,8.49747780870311,0,0,11.770774677397352
277,0.9013042955852648,27039.128867557945,11.406415153343678,15.0,8.371894522601178,0,0,11.770774677397352
278,0.9018615737982093,27055.84721394628,11.325666365064658,15.0,8.246478927184606,0,0,11.770774677397352
279,0.9024400318986183,27073.20095695855,11.245049471984805,15.0,8.121268185801004,0,0,11.770774677397352
280,0.9030396396387753,27091.18918916326,11.164588362629395,15.0,7.9962994010953095,0,0,11.770774677397352
281,0.9036603605038689,27109.810815116067,11.084306879361622,15.0,7.871609604015481,0,0,11.770774677397352
282,0.9043021517228131,27129.064551684394,11.004228811317596,15.0,7.747235742839418,0,0,11.770774677397352
283,0.9049649642809214,27148.948928427642,10.924377887357103,15.0,7.6232146722263945,0,0,11.770774677397352
284,0.9056487429344308,27169.462288032923,10.844777769032238,15.0,7.499583142296229,0,0,11.770774677397352
285,0.9063534262268715,27190.602786806146,10.765452043575971,15.0,7.376377787739426,0,0,11.770774677397352
286,0.9070789465072784,27212.368395218353,10.686424216912748,15.0,7.253635116961531,0,0,11.770774677397352
287,0.907825229950237,27234.75689850711,10.607717706693164,15.0,7.131391501264897,0,0,11.770774677397352
288,0.9085921965777596,27257.76589733279,10.529355835354824,15.0,7.009683164071086,0,0,11.770774677397352
289,0.9093797602829846,27281.392808489538,10.451361823211395,15.0,6.888546170187096,0,0,11.770774677397352
290,0.9101878288556917,27305.634865670752,10.373758781571922,15.0,6.768016415118563,0,0,11.770774677397352
291,0.911016304009626,27330.489120288777,10.296569705892455,15.0,6.648129614433153,0,0,11.770774677397352
292,0.9118650814116217,27355.95244234865,10.219817468961994,15.0,6.528921293177289,0,0,11.770774677397352
293,0.9127340507125195,27382.021521375584,10.143524814124792,15.0,6.410426775349277,0,0,11.770774677397352
294,0.913623095579864,27408.69286739592,10.067714348541005,15.0,6.292681173432074,0,0,11.770774677397352
295,0.9145320937323764,27435.962811971294,9.992408536487709,15.0,6.1757193779886865,0,0,11.770774677397352
296,0.9154609169761893,27463.82750928568,9.917629692702253,15.0,6.059576047323343,0,0,11.770774677397352
297,0.9164094312428321,27492.282937284963,9.843399975769902,15.0,5.944285597211503,0,0,11.770774677397352
298,0.9173774966289597,27521.324898868792,9.769741381557797,15.0,5.829882190701699,0,0,11.770774677397352
299,0.9183649674378084,27550.94902313425,9.696675736697083,15.0,5.716399727992315,0,0,11.770774677397352
300,0.9193716922223686,27581.150766671057,9.624224692115222,15.0,5.603871836386203,0,0,11.770774677397352
301,0.9203975138302625,27611.925414907873,9.552409716620344,15.0,5.492331860326195,0,0,11.770774677397352
302,0.9214422694503109,27643.268083509327,9.48125209053958,15.0,5.381812851514427,0,0,11.770774677397352
303,0.9225057906607788,27675.173719823364,9.410772899413248,15.0,5.2723475591184075,0,0,11.770774677397352
304,0.9235879034792815,27707.637104378446,9.340993027746741,15.0,5.163968420066726,0,0,11.770774677397352
305,0.9246884284143394,27740.652852430183,9.271933152822008,15.0,5.056707549437297,0,0,11.770774677397352
306,0.9258071805185658,27774.215415556973,9.203613738570425,15.0,4.950596730940967,0,0,11.770774677397352
307,0.92694396944347,27808.3190833041,9.136055029508887,15.0,4.845667407503319,0,0,11.770774677397352
308,0.9280985994958623,27842.95798487587,9.069277044740923,15.0,4.741950671947441,0,0,11.770774677397352
309,0.9292708696958418,27878.126090875256,9.00329957202461,15.0,4.6394772577804675,0,0,11.770774677397352
310,0.9304605738363513,27913.817215090538,8.938142161909024,15.0,4.538277530086586,0,0,11.770774677397352
311,0.9316675005442804,27950.02501632841,8.873824121940993,15.0,4.438381476529173,0,0,11.770774677397352
312,0.9328914333431008,27986.743000293023,8.810364510943858,15.0,4.339818698464832,0,0,11.770774677397352
313,0.9341321507170119,28023.96452151036,8.747782133369927,15.0,4.242618402171862,0,0,11.770774677397352
314,0.9353894261765819,28061.682785297457,8.686095533728315,15.0,4.146809390195809,0,0,11.770774677397352
315,0.9366630283258603,28099.89084977581,8.625322991089801,15.0,4.05242005281465,0,0,11.770774677397352
316,0.9379527209309463,28138.58162792839,8.565482513670345,15.0,3.9594783596261394,0,0,11.770774677397352
317,0.9392582629899897,28177.74788969969,8.506591833494873,15.0,3.868011851259813,0,0,11.770774677397352
318,0.9405794088046052,28217.382264138156,8.448668401142884,15.0,3.7780476312161113,0,0,11.770774677397352
319,0.9419159080526778,28257.477241580335,8.391729380577475,15.0,3.689612357835019,0,0,11.770774677397352
320,0.9432675058625389,28298.02517587617,8.335791644059281,15.0,3.6027322363966254,0,0,11.770774677397352
321,0.9446339428884903,28339.01828665471,8.280871767146873,15.0,3.517433011355946,0,0,11.770774677397352
322,0.9460149553876537,28380.44866162961,8.226986023785047,15.0,3.433739958714265,0,0,11.770774677397352
323,0.9474102752981232,28422.308258943696,8.174150381482507,15.0,3.3516778785293213,0,0,11.770774677397352
324,0.9488196303183988,28464.588909551963,8.122380496580359,15.0,3.271271087566526,0,0,11.770774677397352
325,0.9502427439880741,28507.28231964222,8.07169170961278,15.0,3.192543412093354,0,0,11.770774677397352
326,0.9516793357697579,28550.38007309274,8.022099040761306,15.0,3.1155181808191377,0,0,11.770774677397352
327,0.953129121132204,28593.873633966123,7.973617185404011,15.0,3.0402182179822352,0,0,11.770774677397352
328,0.9545918116346233,28637.754349038696,7.926260509760968,15.0,2.9666658365867504,0,0,11.770774677397352
329,0.9560671150121546,28682.013450364637,7.880043046637203,15.0,2.8948828317906736,0,0,11.770774677397352
330,0.9575547352624703,28726.64205787411,7.834978491264501,15.0,2.824890474447538,0,0,11.770774677397352
331,0.9590543727334874,28771.63118200462,7.791080197243184,15.0,2.7567095048033714,0,0,11.770774677397352
332,0.960565724212161,28816.97172636483,7.748361172585182,15.0,2.69036012635096,0,0,11.770774677397352
333,0.9620884830143329,28862.654490429988,7.706834075859447,15.0,2.625861999843064,0,0,11.770774677397352
334,0.963622339075609,28908.67017226827,7.666511212440972,15.0,2.5632342374665593,0,0,11.770774677397352
335,0.9651669790432373,28955.00937129712,7.62740453086442,15.0,2.5024953971790502,0,0,11.770774677397352
336,0.9667220863689624,29001.66259106887,7.589525619283542,15.0,2.4436634772097707,0,0,11.770774677397352
337,0.9682873414028238,29048.620242084715,7.552885702037324,15.0,2.386755910726299,0,0,11.770774677397352
338,0.9698624214878769,29095.872644636307,7.517495636324009,15.0,2.3317895606687546,0,0,11.770774677397352
339,0.971447001055802,29143.41003167406,7.483365908983839,15.0,2.2787807147529255,0,0,11.770774677397352
340,0.9730407517233776,29191.22255170133,7.450506633391613,15.0,2.2277450806438885,0,0,11.770774677397352
341,0.9746433423897877,29239.30027169363,7.418927546459843,15.0,2.178697781301459,0,0,11.770774677397352
342,0.9762544393347338,29287.633180042012,7.388638005753525,15.0,2.1316533504989703,0,0,11.770774677397352
343,0.9778737063173232,29336.211189519694,7.359646986717269,15.0,2.0866257285165637,0,0,11.770774677397352
344,0.9795008046757049,29385.024140271147,7.331963080015697,15.0,2.043628258010414,0,0,11.770774677397352
345,0.9811353934274225,29434.061802822675,7.305594488987827,15.0,2.002673680058988,0,0,11.770774677397352
346,0.982777129370454,29483.31388111362,7.280549027216265,15.0,1.963774130387609,0,0,11.770774677397352
347,0.9844256671849104,29532.770015547314,7.2568341162118575,15.0,1.926941135772363,0,0,11.770774677397352
348,0.9860806595353618,29582.419786060855,7.234456783214545,15.0,1.892185610624479,0,0,11.770774677397352
349,0.9877417571737596,29632.252715212788,7.213423659111037,15.0,1.859517853756139,0,0,11.770774677397352
350,0.9894086090429265,29682.258271287796,7.19374097646994,15.0,1.828947545328735,0,0,11.770774677397352
351,0.9910808623805829,29732.425871417487,7.175414567694902,15.0,1.800483743984414,0,0,11.770774677397352
352,0.9927581628238773,29782.744884716318,7.158449863296363,15.0,1.7741348841618123,0,0,11.770774677397352
353,0.9944401545143917,29833.20463543175,7.1428518902823654,15.0,1.749908773596753,0,0,11.770774677397352
354,0.9961264802035904,29883.79440610771,7.128625270668944,15.0,1.7278125910086373,0,0,11.770774677397352
355,0.9978167813586806,29934.503440760418,7.115774220110526,15.0,1.7078528839732408,0,0,11.770774677397352
356,0.999510698268853,29985.32094806559,7.104302546650739,15.0,1.6900355669825236,0,0,11.770774677397352
357,1.0,30000.0,7.094213649594009,15.0,1.6743659196920384,0,0,11.770774677397352
358,1.0,30000.0,7.085510518498271,15.0,1.66084858535646,0,0,11.770774677397352
359,1.0,30000.0,7.078195732289097,15.0,1.6494875694536748,0,0,11.770774677397352
360,1.0,30000.0,7.072271458495505,15.0,1.6402862384978878,0,0,11.770774677397352
361,1.0,30000.0,7.067739452607679,15.0,1.6332473190420438,0,0,11.770774677397352
362,1.0,30000.0,7.0646010575567715,15.0,1.6283728968698878,0,0,11.770774677397352
363,1.0,30000.0,7.062857203316967,15.0,1.6256644163779086,0,0,11.770774677397352
364,1.0,30000.0,7.062508406629915,15.0,1.6251226801473302,0,0,11.770774677397352
365,1.0,30000.0,7.063554770851599,15.0,1.6267478487062883,0,0,11.770774677397352
366,1.0,30000.0,7.0659959859217185,15.0,1.630539440482266,0,0,11.770774677397352
367,1.0,30000.0,7.069831328455562,15.0,1.636496331944791,0,0,11.770774677397352
368,1.0,30000.0,7.075059661958363,15.0,1.6446167579383617,0,0,11.770774677397352
369,1.0,30000.0,7.081679437162069,15.0,1.6548983122055017,0,0,11.770774677397352
370,1.0,30000.0,7.089688692484421,15.0,1.6673379480997914,0,0,11.770774677397352
371,1.0,30000.0,7.099085054610213,15.0,1.6819319794886436,0,0,11.770774677397352
372,1.0,30000.0,7.109865739194555,15.0,1.6986760818455935,0,0,11.770774677397352
373,1.0,30000.0,7.122027551687939,15.0,1.7175652935317438,0,0,11.770774677397352
374,1.0,30000.0,7.135566888282853,15.0,1.7385940172660104,0,0,11.770774677397352
375,1.0,30000.0,7.150479736981657,15.0,1.7617560217837158,0,0,11.770774677397352
376,1.0,30000.0,7.166761678785439,15.0,1.7870444436830408,0,0,11.770774677397352
377,1.0,30000.0,7.184407889003446,15.0,1.8144517894588095,0,0,11.770774677397352
378,1.0,30000.0,7.203413138682758,15.0,1.8439699377229712,0,0,11.770774677397352
379,1.0,30000.0,7.223771796157727,15.0,1.8755901416111374,0,0,11.770774677397352
380,1.0,30000.0,7.245477828718765,15.0,1.9093030313744808,0,0,11.770774677397352
381,1.0,30000.0,7.268524804399972,15.0,1.9450986171561762,0,0,11.770774677397352
382,1.0,30000.0,7.292905893885058,15.0,1.9829662919516282,0,0,11.770774677397352
383,1.0,30000.0,7.318613872531021,15.0,2.022894834751541,0,0,11.770774677397352
384,1.0,30000.0,7.345641122508969,15.0,2.06487241386696,0,0,11.770774677397352
385,1.0,30000.0,7.37397963506143,15.0,2.108886590435234,0,0,11.770774677397352
386,1.0,30000.0,7.403621012875546,15.0,2.1549243221059484,0,0,11.770774677397352
387,1.0,30000.0,7.434556472571354,15.0,2.202971966905631,0,0,11.770774677397352
388,1.0,30000.0,7.466776847304508,15.0,2.253015287280176,0,0,11.770774677397352
389,1.0,30000.0,7.500272589482596,15.0,2.305039454313729,0,0,11.770774677397352
390,1.0,30000.0,7.535033773594318,15.0,2.3590290521228328,0,0,11.770774677397352
391,1.0,30000.0,7.571050099150612,15.0,2.4149680824244575,0,0,11.770774677397352
392,1.0,30000.0,7.608310893736922,15.0,2.4728399692766674,0,0,11.770774677397352
393,1.0,30000.0,7.646805116175654,15.0,2.532627563990404,0,0,11.770774677397352
394,1.0,30000.0,7.68652135979793,15.0,2.59431315021104,0,0,11.770774677397352
395,1.0,30000.0,7.727447855823617,15.0,2.6578784491680896,0,0,11.770774677397352
396,1.0,30000.0,7.769572476848676,15.0,2.72330462509162,0,0,11.770774677397352
397,1.0,30000.0,7.812882740438771,15.0,2.79057229079369,0,0,11.770774677397352
398,1.0,30000.0,7.8573658128280925,15.0,2.859661513413204,0,0,11.770774677397352
399,1.0,30000.0,7.903008512722265,15.0,2.9305518203224246,0,0,11.770774677397352
400,1.0,30000.0,7.949797315204263,15.0,3.0032222051934836,0,0,11.770774677397352
401,1.0,30000.0,7.997718355742123,15.0,3.0776511342229824,0,0,11.770774677397352
402,1.0,30000.0,8.046757434297316,15.0,3.153816552512946,0,0,11.770774677397352
403,1.0,30000.0,8.09690001953251,15.0,3.2316958906061464,0,0,11.770774677397352
404,1.0,30000.0,8.148131253117542,15.0,3.3112660711739403,0,0,11.770774677397352
405,1.0,30000.0,8.200435954132235,15.0,3.3925035158545547,0,0,11.770774677397352
406,1.0,30000.0,8.253798623564855,15.0,3.475384152239884,0,0,11.770774677397352
407,1.0,30000.0,8.308203448904779,15.0,3.559883421008651,0,0,11.770774677397352
408,1.0,30000.0,8.363634308828118,15.0,3.645976283203888,0,0,11.770774677397352
409,1.0,30000.0,8.420074777974772,15.0,3.733637227652477,0,0,11.770774677397352
410,1.0,30000.0,8.477508131815656,15.0,3.822840278524712,0,0,11.770774677397352
411,1.0,30000.0,8.535917351608504,15.0,3.913559003031451,0,0,11.770774677397352
412,1.0,30000.0,8.595285129440926,15.0,4.00576651925676,0,0,11.770774677397352
413,1.0,30000.0,8.65559387335908,15.0,4.09943550412357,0,0,11.770774677397352
414,1.0,30000.0,8.716825712580583,15.0,4.1945382014901345,0,0,11.770774677397352
415,1.0,30000.0,8.778962502789978,15.0,4.291046430374733,0,0,11.770774677397352
416,1.0,30000.0,8.8419858315153,15.0,4.388931593306326,0,0,11.770774677397352
417,1.0,30000.0,8.905877023584102,15.0,4.48816468479861,0,0,11.770774677397352
418,1.0,30000.0,8.970617146657279,15.0,4.588716299944942,0,0,11.770774677397352
419,1.0,30000.0,9.036187016839168,15.0,4.690556643131679,0,0,11.770774677397352
420,1.0,30000.0,9.102567204362112,15.0,4.793655536867235,0,0,11.770774677397352
421,1.0,30000.0,9.169738039343953,15.0,4.897982430724346,0,0,11.770774677397352
422,1.0,30000.0,9.237679617616621,15.0,5.003506410392807,0,0,11.770774677397352
423,1.0,30000.0,9.306371806624163,15.0,5.11019620684003,0,0,11.770774677397352
424,1.0,30000.0,9.375794251388488,15.0,5.218020205576789,0,0,11.770774677397352
425,1.0,30000.0,9.44592638054095,15.0,5.326946456025215,0,0,11.770774677397352
426,1.0,30000.0,9.516747412418107,15.0,5.436942680986492,0,0,11.770774677397352
427,1.0,30000.0,9.588236361219767,15.0,5.5479762862052375,0,0,11.770774677397352
428,1.0,30000.0,9.660372043227548,15.0,5.6600143700279375,0,0,11.770774677397352
429,1.0,30000.0,9.73313308308205,15.0,5.773023733152362,0,0,11.770774677397352
430,1.0,30000.0,9.80649792011686,15.0,5.886970888465289,0,0,11.770774677397352
431,1.0,30000.0,9.88044481474741,15.0,6.001822070965402,0,0,11.770774677397352
432,1.0,30000.0,9.954951854912927,15.0,6.117543247768653,0,0,11.770774677397352
433,1.0,30000.0,10.029996962569413,15.0,6.234100128192877,0,0,11.770774677397352
434,1.0,30000.0,10.10555790023186,15.0,6.351458173918897,0,0,11.770774677397352
435,1.0,30000.0,10.181612277563705,15.0,6.469582609224982,0,0,11.770774677397352
436,1.0,30000.0,10.25813755801155,15.0,6.588438431291603,0,0,11.770774677397352
437,1.0,30000.0,10.335111065483257,15.0,6.7079904205735765,0,0,11.770774677397352
438,1.0,30000.0,10.412509991067328,15.0,6.828203151236323,0,0,11.770774677397352
439,1.0,30000.0,10.490311399791718,15.0,6.949041001653363,0,0,11.770774677397352
440,1.0,30000.0,10.568492237419914,15.0,7.0704681649616905,0,0,11.770774677397352
441,1.0,30000.0,10.647029337282465,15.0,7.192448659672243,0,0,11.770774677397352
442,1.0,30000.0,10.725899427141691,15.0,7.314946340331845,0,0,11.770774677397352
443,1.0,30000.0,10.805079136087837,15.0,7.43792490823404,0,0,11.770774677397352
444,1.0,30000.0,10.884545001464282,15.0,7.561347922175036,0,0,11.770774677397352
445,1.0,30000.0,10.964273475820107,15.0,7.6851788092521165,0,0,11.770774677397352
446,1.0,30000.0,11.044240933887686,15.0,7.809380875700965,0,0,11.770774677397352
447,1.0,30000.0,11.124423679583344,15.0,7.933917317768779,0,0,11.770774677397352
448,1.0,30000.0,11.204797953029054,15.0,8.05875123262007,0,0,11.770774677397352
449,1.0,30000.0,11.28533993759297,15.0,8.183845629271715,0,0,11.770774677397352
450,1.0,30000.0,11.366025766946834,15.0,8.309163439554247,0,0,11.770774677397352
451,1.0,30000.0,11.446831532138056,15.0,8.434667529095883,0,0,11.770774677397352
452,1.0,30000.0,11.52773328867449,15.0,8.560320708326303,0,0,11.770774677397352
453,1.0,30000.0,11.608707063619665,15.0,8.686085743496681,0,0,11.770774677397352
454,1.0,30000.0,11.689728862696501,15.0,8.811925367712856,0,0,11.770774677397352
455,1.0,30000.0,11.770774677397355,15.0,8.937802291978349,0,0,11.770774677397352
456,1.0,30000.0,11.851820492098199,15.0,9.063679216243823,0,0,11.770774677397352
457,1.0,30000.0,11.932842291175044,15.0,9.18951884046001,0,0,11.770774677397352
458,1.0,30000.0,12.01381606612021,15.0,9.315283875630378,0,0,11.770774677397352
459,1.0,30000.0,12.094717822656646,15.0,9.440937054860804,0,0,11.770774677397352
460,1.0,30000.0,12.17552358784787,15.0,9.56644114440244,0,0,11.770774677397352
461,1.0,30000.0,12.256209417201735,15.0,9.69175895468497,0,0,11.770774677397352
462,1.0,30000.0,12.33675140176565,15.0,9.816853351336615,0,0,11.770774677397352
463,1.0,30000.0,12.41712567521136,15.0,9.941687266187909,0,0,11.770774677397352
464,1.0,30000.0,12.497308420907022,15.0,10.066223708255727,0,0,11.770774677397352
465,1.0,30000.0,12.577275878974596,15.0,10.190425774704568,0,0,11.770774677397352
466,1.0,30000.0,12.657004353330425,15.0,10.314256661781656,0,0,11.770774677397352
467,1.0,30000.0,12.736470218706867,15.0,10.437679675722647,0,0,11.770774677397352
468,1.0,30000.0,12.815649927653007,15.0,10.560658243624836,0,0,11.770774677397352
469,1.0,30000.0,12.894520017512239,15.0,10.683155924284442,0,0,11.770774677397352
470,1.0,30000.0,12.973057117374786,15.0,10.80513641899499,0,0,11.770774677397352
471,1.0,30000.0,13.051237955002984,15.0,10.926563582303324,0,0,11.770774677397352
472,1.0,30000.0,13.129039363727372,15.0,11.047401432720356,0,0,11.770774677397352
473,1.0,30000.0,13.206438289311443,15.0,11.167614163383103,0,0,11.770774677397352
474,1.0,30000.0,13.283411796783149,15.0,11.28716615266508,0,0,11.770774677397352
475,1.0,30000.0,13.359937077231002,15.0,11.406021974731711,0,0,11.770774677397352
476,1.0,30000.0,13.435991454562844,15.0,11.524146410037789,0,0,11.770774677397352
477,1.0,30000.0,13.511552392225294,15.0,11.641504455763815,0,0,11.770774677397352
478,1.0,30000.0,13.586597499881776,15.0,11.758061336188034,0,0,11.770774677397352
479,1.0,30000.0,13.661104540047292,15.0,11.873782512991284,0,0,11.770774677397352
480,0.999994453857991,29999.83361573973,13.735051434677846,15.0,11.988633695491398,0,0,11.770774677397352
481,0.9999694287233601,29999.082861700805,13.808416271712652,15.0,12.102580850804326,0,0,11.770774677397352
482,0.9999250731734973,29997.75219520492,13.881177311567155,15.0,12.215590213928749,0,0,11.770774677397352
483,0.9998615415138119,29995.846245414356,13.953312993574935,15.0,12.327628297751449,0,0,11.770774677397352
484,0.9997789937320083,29993.36981196025,14.024801942376598,15.0,12.438661902970193,0,0,11.770774677397352
485,0.9996775954506785,29990.327863520353,14.095622974253754,15.0,12.548658127931473,0,0,11.770774677397352
486,0.999557517878224,29986.72553634672,14.16575510340622,15.0,12.657584378379902,0,0,11.770774677397352
487,0.9994189377581237,29982.568132743712,14.23517754817054,15.0,12.765408377116659,0,0,11.770774677397352
488,0.9992620373165608,29977.861119496825,14.303869737178086,15.0,12.872098173563884,0,0,11.770774677397352
489,0.9990870042084248,29972.610126252745,14.371811315450747,15.0,12.977622153232335,0,0,11.770774677397352
490,0.9988940314617057,29966.820943851173,14.43898215043259,15.0,13.081949047089447,0,0,11.770774677397352
491,0.9986833174202958,29960.499522608876,14.505362337955532,15.0,13.185047940825001,0,0,11.770774677397352
492,0.9984550656852157,29953.65197055647,14.570932208137425,15.0,13.286888284011745,0,0,11.770774677397352
493,0.9982094850542831,29946.284551628494,14.6356723312106,15.0,13.387439899158071,0,0,11.770774677397352
494,0.9979467894602416,29938.40368380725,14.699563523279403,15.0,13.48667299065036,0,0,11.770774677397352
495,0.997667197907368,29930.01593722104,14.762586852004722,15.0,13.584558153581948,0,0,11.770774677397352
496,0.9973709344065759,29921.128032197277,14.82472364221412,15.0,13.681066382466554,0,0,11.770774677397352
497,0.9970582279090371,29911.746837271112,14.885955481435623,15.0,13.776169079833117,0,0,11.770774677397352
498,0.9967293122383382,29901.879367150144,14.94626422535378,15.0,13.869838064699929,0,0,11.770774677397352
499,0.9963844260211936,29891.532780635807,15.0056320031862,15.0,13.962045580925237,0,0,11.770774677397352
500,0.9960238126167353,29880.71437850206,15.06404122297905,15.0,14.052764305431975,0,0,11.770774677397352
501,0.9956477200444004,29869.431601332013,15.121474576819933,15.0,14.14196735630421,0,0,11.770774677397352
502,0.9952564009104373,29857.692027313118,15.177915045966586,15.0,14.2296283007528,0,0,11.770774677397352
503,0.9948501123330534,29845.503369991602,15.233345905889925,15.0,14.315721162948037,0,0,11.770774677397352
504,0.9944291158662252,29832.873475986755,15.287750731229849,15.0,14.400220431716804,0,0,11.770774677397352
505,0.9939936774221942,29819.810322665828,15.341113400662469,15.0,14.483101068102133,0,0,11.770774677397352
506,0.9935440671926717,29806.32201578015,15.393418101677163,15.0,14.564338512782747,0,0,11.770774677397352
507,0.9930805595687747,29792.41678706324,15.444649335262191,15.0,14.643908693350536,0,0,11.770774677397352
508,0.9926034330597179,29778.102991791537,15.494791920497391,15.0,14.721788031443747,0,0,11.770774677397352
509,0.9921129702102859,29763.389106308576,15.543830999052581,15.0,14.7979534497337,0,0,11.770774677397352
510,0.9916094575171085,29748.283725513254,15.591752039590443,15.0,14.87238237876321,0,0,11.770774677397352
511,0.991093185343766,29732.79556031298,15.638540842072436,15.0,14.945052763634258,0,0,11.770774677397352
512,0.9905644478347483,29716.933435042447,15.684183541966611,15.0,15.015943070543488,0,0,11.770774677397352
513,0.9900235428282926,29700.70628484878,15.72866661435593,15.0,15.085032293162993,0,0,11.770774677397352
514,0.9894707717681291,29684.123153043874,15.771976877946031,15.0,15.152299958865072,0,0,11.770774677397352
515,0.9889064396141549,29667.193188424648,15.814101498971088,15.0,15.217726134788599,0,0,11.770774677397352
516,0.9883308547520693,29649.925642562077,15.855027994996773,15.0,15.281291433745647,0,0,11.770774677397352
517,0.9877443289019916,29632.329867059747,15.894744238619051,15.0,15.342977019966284,0,0,11.770774677397352
518,0.987147177026092,29614.41531078276,15.933238461057783,15.0,15.40276461468002,0,0,11.770774677397352
519,0.9865397172352617,29596.19151705785,15.970499255644091,15.0,15.460636501532228,0,0,11.770774677397352
520,0.9859222706948492,29577.668120845476,16.006515581200386,15.0,15.516575531833855,0,0,11.770774677397352
521,0.9852951615294928,29558.854845884784,16.04127676531211,15.0,15.570565129642961,0,0,11.770774677397352
522,0.9846587167270748,29539.761501812245,16.0747725074902,15.0,15.622589296676514,0,0,11.770774677397352
523,0.9840132660418285,29520.397981254853,16.10699288222335,15.0,15.672632617051057,0,0,11.770774677397352
524,0.9833591418966243,29500.77425689873,16.137928341919157,15.0,15.72068026185074,0,0,11.770774677397352
525,0.9826966792844664,29480.900378533992,16.167569719733272,15.0,15.766717993521453,0,0,11.770774677397352
526,0.9820262156692263,29460.78647007679,16.195908232285735,15.0,15.810732170089729,0,0,11.770774677397352
527,0.9813480908856458,29440.442726569374,16.222935482263683,15.0,15.852709749205143,0,0,11.770774677397352
528,0.9806626470386357,29419.879411159072,16.248643460909648,15.0,15.892638292005064,0,0,11.770774677397352
529,0.979970228401904,29399.106852057117,16.27302455039473,15.0,15.930505966800514,0,0,11.770774677397352
530,0.9792711813159385,29378.135439478156,16.29607152607594,15.0,15.966301552582209,0,0,11.770774677397352
531,0.9785658540853803,29356.97562256141,16.317777558636976,15.0,16.000014442345552,0,0,11.770774677397352
532,0.9778545968758128,29335.637906274384,16.33813621611195,15.0,16.03163464623372,0,0,11.770774677397352
533,0.9771377616099997,29314.13284829999,16.35714146579126,15.0,16.06115279449788,0,0,11.770774677397352
534,0.9764157018636035,29292.471055908103,16.37478767600927,15.0,16.08856014027365,0,0,11.770774677397352
535,0.975688772760413,29270.66318281239,16.391069617813045,15.0,16.113848562172976,0,0,11.770774677397352
536,0.9749573308671126,29248.71992601338,16.40598246651185,15.0,16.137010566690677,0,0,11.770774677397352
537,0.9742217340876237,29226.65202262871,16.419521803106765,15.0,16.158039290424945,0,0,11.770774677397352
538,0.9734823415570499,29204.4702467115,16.431683615600154,15.0,16.176928502111096,0,0,11.770774677397352
539,0.9727395135352583,29182.18540605775,16.442464300184493,15.0,16.193672604468045,0,0,11.770774677397352
540,0.9719936113001257,29159.808339003772,16.45186066231028,15.0,16.208266635856894,0,0,15.770774677397352
541,0.9710585480273572,29131.756440820718,22.053340311468123,15.0,16.22070627175119,0,0,15.770774677397352
542,0.9701210607371069,29103.631822113206,22.062209649809393,15.0,16.23098782601833,0,0,15.770774677397352
543,0.9691815288794496,29075.44586638349,22.06921470018805,15.0,16.239108252011896,0,0,15.770774677397352
544,0.9682403325103102,29047.209975309306,22.07435338685648,15.0,16.245065143474424,0,0,15.770774677397352
545,0.9672978521788437,29018.93556536531,22.07762418711093,15.0,16.2488567352504,0,0,15.770774677397352
546,0.966354468814671,28990.63406444013,22.079026131742694,15.0,16.250481903809362,0,0,15.770774677397352
547,0.9654105636150014,28962.316908450044,22.078558805325322,15.0,16.24994016757878,0,0,15.770774677397352
548,0.9644665179316751,28933.995537950253,22.076222346337705,15.0,16.247231687086803,0,0,15.770774677397352
549,0.9635227131581603,28905.68139474481,22.07201744712308,15.0,16.242357264914645,0,0,15.770774677397352
550,0.962579530616539,28877.38591849617,22.06594535368383,15.0,16.2353183454588,0,0,15.770774677397352
551,0.9616373514445121,28849.120543335364,22.058007865312284,15.0,16.226117014503014,0,0,15.770774677397352
552,0.9606965564824606,28820.896694473817,22.04820733405755,15.0,16.214755998600232,0,0,15.770774677397352
553,0.959757526160594,28792.72578481782,22.03654666402856,15.0,16.20123866426465,0,0,15.770774677397352
554,0.9588206403862211,28764.619211586632,22.023029310533495,15.0,16.185569016974167,0,0,15.770774677397352
555,0.9578862784311749,28736.588352935247,22.00765927905593,15.0,16.167751699983448,0,0,15.770774677397352
556,0.956954818819426,28708.64456458278,21.990441124067885,15.0,16.14779199294805,0,0,15.770774677397352
557,0.9560266392149185,28680.799176447556,21.97137994768031,15.0,16.12569581035994,0,0,15.770774677397352
558,0.9551021163096594,28653.06348928978,21.950481398131124,15.0,16.101469699794876,0,0,15.770774677397352
559,0.9541816257120964,28625.44877136289,21.927751668111593,15.0,16.07512083997228,0,0,15.770774677397352
560,0.953265541835818,28597.96625507454,21.903197492931266,15.0,16.046657038627956,0,0,15.770774677397352
561,0.952354237788606,28570.627133658178,21.87682614852217,15.0,16.016086730200552,0,0,15.770774677397352
562,0.9514480852618751,28543.44255785625,21.848645449282802,15.0,15.983418973332213,0,0,15.770774677397352
563,0.9505474544205339,28516.423632616017,21.81866374576252,15.0,15.948663448184327,0,0,15.770774677397352
564,0.9496527137932963,28489.58141379889,21.786889922187154,15.0,15.911830453569081,0,0,15.770774677397352
565,0.9487642301634786,28462.926904904358,21.753333393826352,15.0,15.872930903897702,0,0,15.770774677397352
566,0.9478823684603136,28436.471053809408,21.718004104203683,15.0,15.831976325946279,0,0,15.770774677397352
567,0.9470074916508145,28410.224749524437,21.680912522150127,15.0,15.788978855440124,0,0,15.770774677397352
568,0.94613996063222,28384.198818966597,21.642069638701948,15.0,15.743951233457722,0,0,15.770774677397352
569,0.9452801341250517,28358.40402375155,21.60148696384381,15.0,15.696906802655231,0,0,15.770774677397352
570,0.9444283685668189,28332.851057004566,21.55917652309813,15.0,15.647859503312809,0,0,15.770774677397352
571,0.9435850180063974,28307.55054019192,21.51515085396161,15.0,15.596823869203767,0,0,15.770774677397352
572,0.9427504339991176,28282.51301997353,21.46942300219019,15.0,15.543815023287934,0,0,15.770774677397352
573,0.9419249655025911,28257.74896507773,21.42200651793324,15.0,15.488848673230397,0,0,15.770774677397352
574,0.9411089587733067,28233.2687631992,21.372915451718352,15.0,15.43194110674692,0,0,15.770774677397352
575,0.9403027572640277,28209.08271792083,21.32216435028794,15.0,15.37310918677764,0,0,15.770774677397352
576,0.9395067015220188,28185.201045660564,21.269768252288646,15.0,15.31237034649013,0,0,15.770774677397352
577,0.938721129088135,28161.633872644048,21.215742683815115,15.0,15.249742584113623,0,0,15.770774677397352
578,0.9379463743968008,28138.391231904025,21.160103653809248,15.0,15.185244457605734,0,0,15.770774677397352
579,0.9371827686769104,28115.483060307313,21.102867649316423,15.0,15.118895079153319,0,0,15.770774677397352
580,0.936430639853677,28092.91919561031,21.044051630600023,15.0,15.050714109509153,0,0,15.770774677397352
581,0.9356903124514613,28070.70937354384,20.98367302611576,15.0,14.980721752166017,0,0,15.770774677397352
582,0.9349621074976087,28048.86322492826,20.921749727347205,15.0,14.908938747369945,0,0,15.770774677397352
583,0.9342463424273212,28027.390272819637,20.858300083504204,15.0,14.835386365974452,0,0,15.770774677397352
584,0.9335433309895952,28006.299929687855,20.793342896085584,15.0,14.760086403137555,0,0,15.770774677397352
585,0.9328533831542499,27985.6014946275,20.726897413307874,15.0,14.683061171863338,0,0,15.770774677397352
586,0.932176805020078,27965.30415060234,20.658983324401618,15.0,14.60433349639017,0,0,15.770774677397352
587,0.9315138987241405,27945.416961724215,20.589620753777066,15.0,14.523926705427364,0,0,15.770774677397352
588,0.9308649623522379,27925.94887056714,20.518830255060873,15.0,14.441864625242427,0,0,15.770774677397352
589,0.9302302898505812,27906.908695517435,20.446632805005592,15.0,14.358171572600748,0,0,15.770774677397352
590,0.9296101709386878,27888.305128160635,20.373049797273808,15.0,14.272872347560073,0,0,15.770774677397352
591,0.9290048910235333,27870.146730706,20.298103036098773,15.0,14.185992226121673,0,0,15.770774677397352
592,0.928414731114978,27852.44193344934,20.221814729823304,15.0,14.097556952740577,0,0,15.770774677397352
593,0.9278399677424976,27835.199032274926,20.144207484318997,15.0,14.007592732696878,0,0,15.770774677397352
594,0.9272808728732422,27818.426186197266,20.065304296287586,15.0,13.916126224330554,0,0,15.770774677397352
595,0.9267377138314462,27802.131414943386,19.98512854644656,15.0,13.823184531142044,0,0,15.770774677397352
596,0.9262107532192144,27786.322596576432,19.903703992600924,15.0,13.72879519376088,0,0,15.770774677397352
597,0.9257002488387074,27771.007465161223,19.821054762603282,15.0,13.632986181784828,0,0,15.770774677397352
598,0.9252064536157489,27756.19360847247,19.73720534720419,15.0,13.535785885491862,0,0,15.770774677397352
599,0.9247296155248791,27741.88846574637,19.65218059279504,15.0,13.437223107427522,0,0,15.770774677397352
600,0.9242699775158734,27728.0993254762,19.566005694045558,15.0,13.337327053870103,0,0,15.770774677397352
601,0.923827777441752,27714.833323252562,19.478706186438053,15.0,13.236127326176224,0,0,15.770774677397352
602,0.9234032479882991,27702.097439648973,19.39030793870071,15.0,13.133653912009258,0,0,15.770774677397352
603,0.9229966166051119,27689.898498153358,19.3008371451421,15.0,13.029937176453375,0,0,15.770774677397352
604,0.9226081054382036,27678.243163146108,19.210320317889327,15.0,12.925007853015726,0,0,15.770774677397352
605,0.922237931264176,27667.13793792528,19.118784279031793,15.0,12.8188970345194,0,0,15.770774677397352
606,0.9218863054259842,27656.589162779524,19.026256152673337,15.0,12.711636163889974,0,0,15.770774677397352
607,0.9215534337703112,27646.603013109336,18.9327633568947,15.0,12.603257024838282,0,0,15.770774677397352
608,0.9212395165865709,27637.185497597126,18.838333595629035,15.0,12.493791732442265,0,0,15.770774677397352
609,0.920944748547558,27628.34245642674,18.74299485045254,15.0,12.38327272363049,0,0,15.770774677397352
610,0.9206693186517627,27620.07955955288,18.64677537229303,15.0,12.271732747570496,0,0,15.770774677397352
611,0.9204134101673654,27612.40230502096,18.549703673058417,15.0,12.159204855964376,0,0,15.770774677397352
612,0.9201772005779316,27605.316017337947,18.451808517188198,15.0,12.045722393254994,0,0,15.770774677397352
613,0.9199608615298188,27598.825845894564,18.353118913129798,15.0,11.931318986745186,0,0,15.770774677397352
614,0.9197645587813142,27592.936763439426,18.253664104742803,15.0,11.81602853663335,0,0,15.770774677397352
615,0.9195884521535173,27587.653564605516,18.153473562633344,15.0,11.699885205968013,0,0,15.770774677397352
616,0.9194326954829807,27582.980864489422,18.052576975421324,15.0,11.582923410524614,0,0,15.770774677397352
617,0.9192974365761261,27578.923097283783,17.951004240943085,15.0,11.465177808607411,0,0,15.770774677397352
618,0.9191828171654449,27575.484514963347,17.848785457391962,15.0,11.346683290779406,0,0,15.770774677397352
619,0.9190889728675005,27572.669186025014,17.74595091439958,15.0,11.227474969523541,0,0,15.770774677397352
620,0.9190160331427422,27570.480994282265,17.642531084060366,15.0,11.107588168838127,0,0,15.770774677397352
621,0.9189641212571428,27568.923637714284,17.53855661190206,15.0,10.987058413769596,0,0,15.770774677397352
622,0.9189333542456729,27568.000627370187,17.434058307804698,15.0,10.86592141988561,0,0,15.770774677397352
623,0.9189238428776203,27567.71528632861,17.32906713687105,15.0,10.744213082691806,0,0,15.770774677397352
624,0.9189356916237671,27568.070748713013,17.22361421025094,15.0,10.621969466995164,0,0,15.770774677397352
625,0.9189689986254322,27569.069958762968,17.1177307759224,15.0,10.499226796217258,0,0,15.770774677397352
626,0.9190238556653909,27570.715669961726,17.0114482094322,15.0,10.37602144166047,0,0,15.770774677397352
627,0.9191003481406764,27573.010444220294,16.9047980045985,15.0,10.252389911730297,0,0,15.770774677397352
628,0.9191985550372761,27575.956651118282,16.797811764178743,15.0,10.128368841117275,0,0,15.770774677397352
629,0.9193185489067252,27579.556467201754,16.69052119050488,15.0,10.003994979941204,0,0,15.770774677397352
630,0.9194603958446087,27583.811875338262,16.58295807608944,15.0,9.87930518286138,0,0,15.770774677397352
631,0.9196241554709765,27588.724664129295,16.475154294204614,15.0,9.75433639815569,0,0,15.770774677397352
632,0.9198098809126751,27594.296427380254,16.36714178943757,15.0,9.629125656772091,0,0,15.770774677397352
633,0.9200176187876064,27600.52856362819,16.258952568224565,15.0,9.503710061355509,0,0,15.770774677397352
634,0.9202474091909129,27607.422275727386,16.150618689366773,15.0,9.378126775253584,0,0,15.770774677397352
635,0.9204992856830972,27614.978570492916,16.04217225453053,15.0,9.252413011504284,0,0,15.770774677397352
636,0.9207732752800772,27623.198258402317,15.933645398734933,15.0,9.126606021808922,0,0,15.770774677397352
637,0.9210693984451804,27632.081953355413,15.82507028082958,15.0,9.000743085493703,0,0,15.770774677397352
638,0.9213876690830807,27641.63007249242,15.71647907396513,15.0,8.874861498462995,0,0,15.770774677397352
639,0.9217280945356772,27651.842836070315,15.607903956059774,15.0,8.748998562147776,0,0,15.770774677397352
640,0.92209067557992,27662.7202673976,15.499377100264176,15.0,8.62319157245241,0,0,15.770774677397352
641,0.9224754064275789,27674.262192827366,15.390930665427934,15.0,8.49747780870311,0,0,15.770774677397352
642,0.9228822747269587,27686.46824180876,15.282596786570144,15.0,8.371894522601186,0,0,15.770774677397352
643,0.9233112615665601,27699.3378469968,15.174407565357148,15.0,8.246478927184619,0,0,15.770774677397352
644,0.9237623414806823,27712.87024442047,15.066395060590096,15.0,8.121268185801005,0,0,15.770774677397352
645,0.9242354824569701,27727.064473709102,14.958591278705258,15.0,7.996299401095302,0,0,15.770774677397352
646,0.9247306459458995,27741.919378376984,14.851028164289819,15.0,7.871609604015477,0,0,15.770774677397352
647,0.9252477868722003,27757.43360616601,14.743737590615968,15.0,7.747235742839417,0,0,15.770774677397352
648,0.9257868536482139,27773.60560944642,14.636751350196207,15.0,7.6232146722264,0,0,15.770774677397352
649,0.9263477881891788,27790.433645675366,14.530101145362512,15.0,7.499583142296226,0,0,15.770774677397352
650,0.9269305259304431,27807.915777913295,14.423818578872298,15.0,7.376377787739425,0,0,15.770774677397352
651,0.9275349958465957,27826.04987539787,14.317935144543771,15.0,7.253635116961533,0,0,15.770774677397352
652,0.9281611204725132,27844.833614175397,14.212482217923672,15.0,7.131391501264902,0,0,15.770774677397352
653,0.9288088159263147,27864.264477789442,14.107491046990011,15.0,7.009683164071085,0,0,15.770774677397352
654,0.9294779919342171,27884.339758026512,14.002992742892651,15.0,6.888546170187098,0,0,15.770774677397352
655,0.9301685518572855,27905.056555718566,13.899018270734343,15.0,6.768016415118568,0,0,15.770774677397352
656,0.9308803927200696,27926.411781602088,13.79559844039513,15.0,6.648129614433152,0,0,15.770774677397352
657,0.9316134052411175,27948.402157233522,13.692763897402747,15.0,6.528921293177289,0,0,15.770774677397352
658,0.9323674738653577,27971.02421596073,13.590545113851622,15.0,6.410426775349281,0,0,15.770774677397352
659,0.9331424767983411,27994.27430395023,13.488972379373383,15.0,6.292681173432082,0,0,15.770774677397352
660,0.9339382860423311,28018.148581269932,13.388075792161365,15.0,6.175719377988685,0,0,15.770774677397352
661,0.9347547674342321,28042.643023026965,13.287885250051906,15.0,6.059576047323345,0,0,15.770774677397352
662,0.9355917806853452,28067.753420560355,13.188430441664902,15.0,5.944285597211497,0,0,15.770774677397352
663,0.9364491794229378,28093.475382688135,13.089740837606518,15.0,5.82988219070171,0,0,15.770774677397352
664,0.9373268112336185,28119.804337008554,12.991845681736294,15.0,5.716399727992319,0,0,15.770774677397352
665,0.9382245177084992,28146.735531254977,12.894773982501695,15.0,5.60387183638621,0,0,15.770774677397352
666,0.9391421344901356,28174.26403470407,12.79855450434216,15.0,5.4923318603261935,0,0,15.770774677397352
667,0.9400794913212299,28202.3847396369,12.703215759165678,15.0,5.381812851514429,0,0,15.770774677397352
668,0.9410364120950817,28231.09236285245,12.60878599790001,15.0,5.272347559118412,0,0,15.770774677397352
669,0.9420127149077719,28260.381447233158,12.515293202121374,15.0,5.163968420066721,0,0,15.770774677397352
670,0.9430082121120652,28290.246363361955,12.422765075762916,15.0,5.056707549437297,0,0,15.770774677397352
671,0.9440227103730138,28320.681311190412,12.331229036905384,15.0,4.950596730940969,0,0,15.770774677397352
672,0.9450560107252466,28351.680321757398,12.240712209652608,15.0,4.845667407503322,0,0,15.770774677397352
673,0.9461079086319271,28383.23725895781,12.151241416094,15.0,4.741950671947437,0,0,15.770774677397352
674,0.9471781940453622,28415.345821360865,12.062843168356654,15.0,4.639477257780472,0,0,15.770774677397352
675,0.9482666514692436,28447.99954407731,11.975543660749153,15.0,4.538277530086592,0,0,15.770774677397352
676,0.9493730600225042,28481.191800675126,11.889368761999677,15.0,4.438381476529183,0,0,15.770774677397352
677,0.9504971935047697,28514.91580514309,11.804344007590524,15.0,4.339818698464834,0,0,15.770774677397352
678,0.9516388204633868,28549.164613901605,11.720494592191422,15.0,4.242618402171856,0,0,15.770774677397352
679,0.9527977042620078,28583.931127860236,11.637845362193787,15.0,4.146809390195816,0,0,15.770774677397352
680,0.953973603150711,28619.20809452133,11.556420808348147,15.0,4.052420052814648,0,0,15.770774677397352
681,0.9551662703376358,28654.988110129074,11.476245058507121,15.0,3.9594783596261394,0,0,15.770774677397352
682,0.9563754540621132,28691.263621863396,11.397341870475703,15.0,3.8680118512598076,0,0,15.770774677397352
683,0.9576008976692677,28728.02693007803,11.319734624971396,15.0,3.7780476312161078,0,0,15.770774677397352
684,0.9588423396860697,28765.27019058209,11.243446318695936,15.0,3.689612357835018,0,0,15.770774677397352
685,0.9600995138988154,28802.985416964464,11.168499557520907,15.0,3.602732236396631,0,0,15.770774677397352
686,0.961372149432012,28841.16448296036,11.094916549789119,15.0,3.517433011355945,0,0,15.770774677397352
687,0.9626599708286436,28879.79912485931,11.022719099733834,15.0,3.433739958714266,0,0,15.770774677397352
688,0.9639626981317954,28918.88094395386,10.951928601017645,15.0,3.3516778785293275,0,0,15.770774677397352
689,0.9652800469676104,28958.401409028313,10.882566030393091,15.0,3.2712710875665243,0,0,15.770774677397352
690,0.9666117286295566,28998.351858886697,10.814651941486837,15.0,3.192543412093355,0,0,15.770774677397352
691,0.9679574501639756,29038.723504919268,10.748206458709124,15.0,3.1155181808191386,0,0,15.770774677397352
692,0.9693169144568923,29079.507433706767,10.683249271290505,15.0,3.0402182179822406,0,0,15.770774677397352
693,0.9706898203220551,29120.694609661652,10.6197996274475,15.0,2.9666658365867487,0,0,15.770774677397352
694,0.972075862590185,29162.27587770555,10.55787632867895,15.0,2.8948828317906754,0,0,15.770774677397352
695,0.9734747321994031,29204.24196598209,10.497497724194682,15.0,2.824890474447539,0,0,15.770774677397352
696,0.9748861162868123,29246.58348860437,10.438681705478288,15.0,2.7567095048033794,0,0,15.770774677397352
697,0.976309698281206,29289.290948436177,10.38144570098546,15.0,2.69036012635096,0,0,15.770774677397352
698,0.9777451579968739,29332.354739906215,10.325806670979592,15.0,2.6258619998430683,0,0,15.770774677397352
699,0.9791921717284809,29375.76515185443,10.271781102506056,15.0,2.5632342374665584,0,0,15.770774677397352
700,0.980650412346988,29419.51237040964,10.219385004506766,15.0,2.5024953971790516,0,0,15.770774677397352
701,0.9821195493965865,29463.586481897597,10.168633903076353,15.0,2.443663477209772,0,0,15.770774677397352
702,0.9835992491926207,29507.977475778618,10.119542836861468,15.0,2.386755910726297,0,0,15.770774677397352
703,0.9850891749204643,29552.67524761393,10.07212635260451,15.0,2.331789560668753,0,0,15.770774677397352
704,0.9865889867353277,29597.669602059832,10.026398500833094,15.0,2.2787807147529264,0,0,15.770774677397352
705,0.9880983418629599,29642.950255888794,9.982372831696583,15.0,2.2277450806438885,0,0,15.770774677397352
706,0.9896168947012203,29688.506841036608,9.940062390950892,15.0,2.178697781301459,0,0,15.770774677397352
707,0.9911442969224884,29734.32890767465,9.899479716092758,15.0,2.131653350498971,0,0,15.770774677397352
708,0.9926801975768803,29780.40592730641,9.860636832644582,15.0,2.086625728516567,0,0,15.770774677397352
709,0.9942242431962428,29826.727295887285,9.823545250591023,15.0,2.043628258010412,0,0,15.770774677397352
710,0.9957760778988944,29873.282336966833,9.788215960968355,15.0,2.002673680058989,0,0,15.770774677397352
711,0.9973353434950796,29920.060304852388,9.754659432607554,15.0,1.96377413038761,0,0,15.770774677397352
712,0.9989016795931088,29967.050387793264,9.722885609032184,15.0,1.926941135772366,0,0,15.770774677397352
713,1.0,30000.0,9.692903905511908,15.0,1.8921856106244772,0,0,15.770774677397352
714,1.0,30000.0,9.664723206272534,15.0,1.8595178537561399,0,0,15.770774677397352
715,1.0,30000.0,9.638351861863443,15.0,1.828947545328736,0,0,15.770774677397352
716,1.0,30000.0,9.613797686683114,15.0,1.8004837439844148,0,0,15.770774677397352
717,1.0,30000.0,9.59106795666358,15.0,1.7741348841618132,0,0,15.770774677397352
718,1.0,30000.0,9.570169407114395,15.0,1.7499087735967547,0,0,15.770774677397352
719,1.0,30000.0,9.551108230726813,15.0,1.7278125910086364,0,0,15.770774677397352
720,1.0,30000.0,9.533890075738782,15.0,1.7078528839732408,0,0,15.770774677397352
721,1.0,30000.0,9.518520044261212,15.0,1.6900355669825236,0,0,15.770774677397352
722,1.0,30000.0,9.505002690766146,15.0,1.6743659196920384,0,0,15.770774677397352
723,1.0,30000.0,9.493342020737156,15.0,1.660848585356459,0,0,15.770774677397352
724,1.0,30000.0,9.483541489482425,15.0,1.6494875694536748,0,0,15.770774677397352
725,1.0,30000.0,9.475604001110879,15.0,1.6402862384978887,0,0,15.770774677397352
726,1.0,30000.0,9.469531907671625,15.0,1.633247319042043,0,0,15.770774677397352
727,1.0,30000.0,9.465327008457,15.0,1.6283728968698878,0,0,15.770774677397352
728,1.0,30000.0,9.462990549469387,15.0,1.6256644163779086,0,0,15.770774677397352
729,1.0,30000.0,9.462523223052012,15.0,1.6251226801473302,0,0,15.770774677397352
730,1.0,30000.0,9.463925167683774,15.0,1.6267478487062883,0,0,15.770774677397352
731,1.0,30000.0,9.467195967938224,15.0,1.630539440482266,0,0,15.770774677397352
732,1.0,30000.0,9.472334654606657,15.0,1.63649633194479,0,0,15.770774677397352
733,1.0,30000.0,9.479339704985314,15.0,1.6446167579383617,0,0,15.770774677397352
734,1.0,30000.0,9.48820904332658,15.0,1.6548983122055017,0,0,15.770774677397352
735,1.0,30000.0,9.498940041454098,15.0,1.6673379480997923,0,0,15.770774677397352
736,1.0,30000.0,9.511529519541519,15.0,1.6819319794886425,0,0,15.770774677397352
737,1.0,30000.0,9.525973747054788,15.0,1.6986760818455924,0,0,15.770774677397352
738,1.0,30000.0,9.54226844385756,15.0,1.7175652935317427,0,0,15.770774677397352
739,1.0,30000.0,9.560408781479506,15.0,1.7385940172660113,0,0,15.770774677397352
740,1.0,30000.0,9.580389384547082,15.0,1.7617560217837147,0,0,15.770774677397352
741,1.0,30000.0,9.602204332376386,15.0,1.7870444436830388,0,0,15.770774677397352
742,1.0,30000.0,9.625847160727574,15.0,1.8144517894588077,0,0,15.770774677397352
743,1.0,30000.0,9.651310863720347,15.0,1.8439699377229704,0,0,15.770774677397352
744,1.0,30000.0,9.678587895909956,15.0,1.8755901416111365,0,0,15.770774677397352
745,1.0,30000.0,9.707670174523082,15.0,1.9093030313744777,0,0,15.770774677397352
746,1.0,30000.0,9.738549081852918,15.0,1.9450986171561735,0,0,15.770774677397352
747,1.0,30000.0,9.771215467812809,15.0,1.9829662919516273,0,0,15.770774677397352
748,1.0,30000.0,9.805659652647591,15.0,2.0228948347515403,0,0,15.770774677397352
749,1.0,30000.0,9.84187142980193,15.0,2.064872413866955,0,0,15.770774677397352
750,1.0,30000.0,9.879840068944745,15.0,2.1088865904352283,0,0,15.770774677397352
751,1.0,30000.0,9.919554319148833,15.0,2.15492432210595,0,0,15.770774677397352
752,1.0,30000.0,9.961002412224737,15.0,2.2029719669056265,0,0,15.770774677397352
753,1.0,30000.0,10.004172066207968,15.0,2.2530152872801694,0,0,15.770774677397352
754,1.0,30000.0,10.04905048899838,15.0,2.305039454313734,0,0,15.770774677397352
755,1.0,30000.0,10.095624382150731,15.0,2.359029052122835,0,0,15.770774677397352
756,1.0,30000.0,10.143879944815335,15.0,2.4149680824244593,0,0,15.770774677397352
757,1.0,30000.0,10.193802877827533,15.0,2.4728399692766594,0,0,15.770774677397352
758,1.0,30000.0,10.245378387944868,15.0,2.532627563990409,0,0,15.770774677397352
759,1.0,30000.0,10.298591192230576,15.0,2.5943131502110424,0,0,15.770774677397352
760,1.0,30000.0,10.35342552258233,15.0,2.657878449168088,0,0,15.770774677397352
761,1.0,30000.0,10.40986513040463,15.0,2.7233046250916164,0,0,15.770774677397352
762,1.0,30000.0,10.467893291423609,15.0,2.790572290793693,0,0,15.770774677397352
763,1.0,30000.0,10.5274928106428,15.0,2.859661513413203,0,0,15.770774677397352
764,1.0,30000.0,10.5886460274384,15.0,2.9305518203224232,0,0,15.770774677397352
765,1.0,30000.0,10.651334820792489,15.0,3.0032222051934863,0,0,15.770774677397352
766,1.0,30000.0,10.715540614662642,15.0,3.0776511342229846,0,0,15.770774677397352
767,1.0,30000.0,10.781244383486472,15.0,3.153816552512946,0,0,15.770774677397352
768,1.0,30000.0,10.848426657819266,15.0,3.2316958906061464,0,0,15.770774677397352
769,1.0,30000.0,10.917067530103242,15.0,3.311266071173944,0,0,15.770774677397352
770,1.0,30000.0,10.987146660566536,15.0,3.3925035158545525,0,0,15.770774677397352
771,1.0,30000.0,11.058643283250362,15.0,3.4753841522398776,0,0,15.770774677397352
772,1.0,30000.0,11.131536212162397,15.0,3.5598834210086463,0,0,15.770774677397352
773,1.0,30000.0,11.205803847554657,15.0,3.645976283203886,0,0,15.770774677397352
774,1.0,30000.0,11.281424182323931,15.0,3.7336372276524763,0,0,15.770774677397352
775,1.0,30000.0,11.358374808533014,15.0,3.8228402785247066,0,0,15.770774677397352
776,1.0,30000.0,11.436632924050638,15.0,3.913559003031454,0,0,15.770774677397352
777,1.0,30000.0,11.516175339308209,15.0,4.005766519256758,0,0,15.770774677397352
778,1.0,30000.0,11.59697848417143,15.0,4.099435504123568,0,0,15.770774677397352
779,1.0,30000.0,11.679018414924606,15.0,4.194538201490127,0,0,15.770774677397352
780,1.0,30000.0,11.762270821365691,15.0,4.291046430374731,0,0,15.770774677397352
781,1.0,30000.0,11.84671103400991,15.0,4.388931593306324,0,0,15.770774677397352
782,1.0,30000.0,11.932314031399894,15.0,4.488164684798604,0,0,15.770774677397352
783,1.0,30000.0,12.019054447520052,15.0,4.5887162999449345,0,0,15.770774677397352
784,1.0,30000.0,12.106906579313085,15.0,4.690556643131679,0,0,15.770774677397352
785,1.0,30000.0,12.195844394296321,15.0,4.793655536867234,0,0,15.770774677397352
786,1.0,30000.0,12.285841538275754,15.0,4.89798243072434,0,0,15.770774677397352
787,1.0,30000.0,12.376871343155345,15.0,5.003506410392811,0,0,15.770774677397352
788,1.0,30000.0,12.468906834839286,15.0,5.110196206840033,0,0,15.770774677397352
789,1.0,30000.0,12.561920741225112,15.0,5.218020205576776,0,0,15.770774677397352
790,1.0,30000.0,12.655885500284974,15.0,5.326946456025203,0,0,15.770774677397352
791,1.0,30000.0,12.750773268232848,15.0,5.436942680986497,0,0,15.770774677397352
792,1.0,30000.0,12.84655592777521,15.0,5.547976286205241,0,0,15.770774677397352
793,1.0,30000.0,12.94320509644289,15.0,5.660014370027936,0,0,15.770774677397352
794,1.0,30000.0,13.040692135001349,15.0,5.773023733152348,0,0,15.770774677397352
795,1.0,30000.0,13.138988155937156,15.0,5.886970888465292,0,0,15.770774677397352
796,1.0,30000.0,13.238064032017856,15.0,6.0018220709654075,0,0,15.770774677397352
797,1.0,30000.0,13.337890404923154,15.0,6.117543247768651,0,0,15.770774677397352
798,1.0,30000.0,13.43843769394434,15.0,6.234100128192881,0,0,15.770774677397352
799,1.0,30000.0,13.539676104749669,15.0,6.3514581739189016,0,0,15.770774677397352
800,1.0,30000.0,13.641575638213123,15.0,6.46958260922498,0,0,15.770774677397352
801,1.0,30000.0,13.744106099303764,15.0,6.588438431291602,0,0,15.770774677397352
802,1.0,30000.0,13.847237106033198,15.0,6.707990420573583,0,0,15.770774677397352
803,1.0,30000.0,13.950938098458355,15.0,6.828203151236329,0,0,15.770774677397352
804,1.0,30000.0,14.055178347737144,15.0,6.949041001653355,0,0,15.770774677397352
805,1.0,30000.0,14.159926965234021,15.0,7.070468164961702,0,0,15.770774677397352
806,1.0,30000.0,14.265152911672944,15.0,7.192448659672241,0,0,15.770774677397352
807,1.0,30000.0,14.370825006335027,15.0,7.314946340331851,0,0,15.770774677397352
808,1.0,30000.0,14.476911936298038,15.0,7.437924908234031,0,0,15.770774677397352
809,1.0,30000.0,14.583382265715091,15.0,7.561347922175035,0,0,15.770774677397352
810,1.0,30000.0,14.690204445129742,15.0,7.685178809252116,0,0,19.770774677397355
811,1.0,30000.0,18.55045270776198,15.0,7.809380875700958,0,0,19.770774677397355
812,1.0,30000.0,18.68513160882089,15.0,7.9339173177687705,0,0,19.770774677397355
813,1.0,30000.0,18.820132209351122,15.0,8.058751232620068,0,0,19.770774677397355
814,1.0,30000.0,18.955414505761173,15.0,8.183845629271715,0,0,19.770774677397355
815,1.0,30000.0,19.090938410986993,15.0,8.309163439554238,0,0,19.770774677397355
816,1.0,30000.0,19.226663766370635,15.0,8.434667529095888,0,0,19.770774677397355
817,1.0,30000.0,19.362550353560074,15.0,8.560320708326303,0,0,19.770774677397355
818,1.0,30000.0,19.498557906426868,15.0,8.686085743496674,0,0,19.770774677397355
819,1.0,30000.0,19.63464612299782,15.0,8.811925367712847,0,0,19.770774677397355
820,1.0,30000.0,19.770774677397362,15.0,8.937802291978354,0,0,19.770774677397355
821,1.0,30000.0,19.906903231796864,15.0,9.063679216243823,0,0,19.770774677397355
822,1.0,30000.0,20.042991448367815,15.0,9.189518840459996,0,0,19.770774677397355
823,1.0,30000.0,20.178999001234608,15.0,9.315283875630367,0,0,19.770774677397355
824,1.0,30000.0,20.314885588424076,15.0,9.440937054860807,0,0,19.770774677397355
825,1.0,30000.0,20.450610943807703,15.0,9.566441144402443,0,0,19.770774677397355
826,1.0,30000.0,20.58613484903351,15.0,9.691758954684957,0,0,19.770774677397355
827,1.0,30000.0,20.72141714544359,15.0,9.816853351336627,0,0,19.770774677397355
828,1.0,30000.0,20.85641774597381,15.0,9.941687266187913,0,0,19.770774677397355
829,1.0,30000.0,20.99109664703272,15.0,10.066223708255727,0,0,19.770774677397355
830,1.0,30000.0,21.12541394035532,15.0,10.190425774704568,0,0,19.770774677397355
831,0.9999927144530131,29999.781433590393,21.25932982482881,15.0,10.314256661781661,0,0,19.770774677397355
832,0.999962692465764,29998.88077397292,21.392804618286455,15.0,10.43767967572265,0,0,19.770774677397355
833,0.9999100050772296,29997.30015231689,21.525798769266338,15.0,10.560658243624832,0,0,19.770774677397355
834,0.9998347300426345,29995.041901279033,21.658272868731277,15.0,10.68315592428444,0,0,19.770774677397355
835,0.9997369518104099,29992.108554312297,21.79018766174659,15.0,10.805136418994994,0,0,19.770774677397355
836,0.9996167614971706,29988.502844915118,21.921504059112124,15.0,10.926563582303327,0,0,19.770774677397355
837,0.9994742568607142,29984.227705821428,22.05218314894532,15.0,11.047401432720354,0,0,19.770774677397355
838,0.9993095422710544,29979.286268131633,22.182186208211576,15.0,11.167614163383114,0,0,19.770774677397355
839,0.9991227286794928,29973.681860384786,22.311474714198717,15.0,11.287166152665083,0,0,19.770774677397355
840,0.9989139335857428,29967.418007572283,22.44001035593216,15.0,11.406021974731704,0,0,19.770774677397355
841,0.9986832810031107,29960.49843009332,22.567755045527228,15.0,11.524146410037782,0,0,19.770774677397355
842,0.998430901421749,29952.927042652467,22.694670929475446,15.0,11.641504455763812,0,0,19.770774677397355
843,0.9981569317699883,29944.70795309965,22.82072039986132,15.0,11.758061336188032,0,0,19.770774677397355
844,0.9978615153737636,29935.845461212906,22.945866105506397,15.0,11.873782512991276,0,0,19.770774677397355
845,0.9975448019141426,29926.344057424278,23.070070963037253,15.0,11.98863369549139,0,0,19.770774677397355
846,0.9972069473829729,29916.208421489187,23.193298167874033,15.0,12.102580850804323,0,0,19.770774677397355
847,0.9968481140366577,29905.44342109973,23.315511205136467,15.0,12.215590213928749,0,0,19.770774677397355
848,0.996468470348076,29894.054110442277,23.436673860464055,15.0,12.327628297751442,0,0,19.770774677397355
849,0.99606819095666,29882.0457286998,23.556750230747127,15.0,12.4386619029702,0,0,19.770774677397355
850,0.9956474566166463,29869.42369849939,23.675704734765677,15.0,12.548658127931471,0,0,19.770774677397355
851,0.9952064541435145,29856.193624305433,23.793502123732946,15.0,12.657584378379898,0,0,19.770774677397355
852,0.9947453763586286,29842.361290758858,23.91010749174029,15.0,12.76540837711665,0,0,19.770774677397355
853,0.9942644220321016,29827.932660963048,24.025486286100644,15.0,12.872098173563884,0,0,19.770774677397355
854,0.9937637958238944,29812.913874716833,24.13960431758713,15.0,12.977622153232332,0,0,19.770774677397355
855,0.9932437082231711,29797.31124669513,24.252427770564157,15.0,13.081949047089442,0,0,19.770774677397355
856,0.9927043754859262,29781.131264577783,24.363923213007688,15.0,13.185047940824994,0,0,19.770774677397355
857,0.9921460195709035,29764.380587127107,24.474057606411876,15.0,13.286888284011752,0,0,19.770774677397355
858,0.9915688680738254,29747.066042214763,24.582798315578998,15.0,13.387439899158071,0,0,19.770774677397355
859,0.9909731541599504,29729.19462479851,24.690113118290167,15.0,13.486672990650348,0,0,19.770774677397355
860,0.9903591164949818,29710.773494849454,24.795970214853305,15.0,13.584558153581963,0,0,19.770774677397355
861,0.9897269991743459,29691.80997523038,24.900338237526064,15.0,13.681066382466557,0,0,19.770774677397355
862,0.9890770516508613,29672.31154952584,25.003186259810914,15.0,13.776169079833114,0,0,19.770774677397355
863,0.9884095286608202,29652.285859824606,25.104483805619193,15.0,13.869838064699918,0,0,19.770774677397355
864,0.9877246901485051,29631.74070445515,25.204200858301938,15.0,13.962045580925242,0,0,19.770774677397355
865,0.9870228011891612,29610.684035674836,25.302307869544325,15.0,14.052764305431978,0,0,19.770774677397355
866,0.9863041319104495,29589.123957313484,25.39877576812161,15.0,14.141967356304209,0,0,19.770774677397355
867,0.9855689574124014,29567.06872237204,25.493575968513504,15.0,14.2296283007528,0,0,19.770774677397355
868,0.9848175576859013,29544.52673057704,25.58668037937468,15.0,14.315721162948037,0,0,19.770774677397355
869,0.9840502175297188,29521.506525891564,25.678061411858828,15.0,14.400220431716807,0,0,19.770774677397355
870,0.9832672264661169,29498.016793983505,25.767691987793867,15.0,14.483101068102133,0,0,19.770774677397355
871,0.98246887865506,29474.066359651802,25.85554554770577,15.0,14.56433851278275,0,0,19.770774677397355
872,0.9816554728070489,29449.664184211466,25.941596058688678,15.0,14.64390869335054,0,0,19.770774677397355
873,0.9808273120946047,29424.81936283814,26.025818022119076,15.0,14.72178803144374,0,0,19.770774677397355
874,0.979984704062434,29399.54112187302,26.10818648121154,15.0,14.7979534497337,0,0,19.770774677397355
875,0.9791279605362958,29373.838816088875,26.188677028414,15.0,14.87238237876321,0,0,19.770774677397355
876,0.9782573975306011,29347.721925918035,26.267265812640165,15.0,14.94505276363426,0,0,19.770774677397355
877,0.977373335154771,29321.20005464313,26.343929546337197,15.0,15.015943070543484,0,0,19.770774677397355
878,0.976476097518381,29294.28292555143,26.41864551238626,15.0,15.085032293162993,0,0,19.770774677397355
879,0.9755660126351212,29266.980379053635,26.491391570834118,15.0,15.15229995886507,0,0,19.770774677397355
880,0.9746434123255976,29239.302369767927,26.562146165453658,15.0,15.217726134788599,0,0,19.770774677397355
881,0.9737086321190075,29211.258963570224,26.630888330131484,15.0,15.281291433745643,0,0,19.770774677397355
882,0.9727620111537144,29182.860334611432,26.697597695080624,15.0,15.342977019966284,0,0,19.770774677397355
883,0.9718038920767542,29154.116762302627,26.76225449287655,15.0,15.40276461468002,0,0,19.770774677397355
884,0.9708346209423016,29125.038628269045,26.824839564314647,15.0,15.460636501532228,0,0,19.770774677397355
885,0.9698545471091261,29095.636413273784,26.885334364087562,15.0,15.516575531833851,0,0,19.770774677397355
886,0.9688640231370708,29065.920694112123,26.943720966280544,15.0,15.570565129642958,0,0,19.770774677397355
887,0.9678634046825797,29035.902140477392,26.999982069683266,15.0,15.622589296676514,0,0,19.770774677397355
888,0.9668530503933103,29005.591511799306,27.054101002916582,15.0,15.672632617051054,0,0,19.770774677397355
889,0.9658333218018577,28974.99965405573,27.106061729372584,15.0,15.720680261850738,0,0,19.770774677397355
890,0.9648045832186252,28944.137496558757,27.15584885196664,15.0,15.766717993521453,0,0,19.770774677397355
891,0.9637672016238714,28913.01604871614,27.2034476176998,15.0,15.810732170089729,0,0,19.770774677397355
892,0.9627215465589652,28881.646396768956,27.248843922030538,15.0,15.852709749205143,0,0,19.770774677397355
893,0.9616679900168836,28850.03970050651,27.292024313054142,15.0,15.892638292005064,0,0,19.770774677397355
894,0.960606906331982,28818.20718995946,27.332975995488834,15.0,15.930505966800515,0,0,19.770774677397355
895,0.9595386720690702,28786.160162072105,27.3716868344673,15.0,15.966301552582205,0,0,19.770774677397355
896,0.9584636659118289,28753.909977354866,27.40814535913251,15.0,16.00001444234555,0,0,19.770774677397355
897,0.957382268550597,28721.46805651791,27.44234076603677,15.0,16.03163464623372,0,0,19.770774677397355
898,0.9562948625695655,28688.845877086966,27.47426292234301,15.0,16.06115279449788,0,0,19.770774677397355
899,0.9552018323334088,28656.054970002264,27.503902368827372,15.0,16.08856014027365,0,0,19.770774677397355
900,0.9541035638733895,28623.106916201683,27.531250322682197,15.0,16.113848562172972,0,0,19.770774677397355
901,0.9530004447729689,28590.013343189064,27.556298680118548,15.0,16.13701056669068,0,0,19.770774677397355
902,0.9518928640529578,28556.785921588733,27.57904001876752,15.0,16.158039290424945,0,0,19.770774677397355
903,0.9507812120562413,28523.43636168724,27.59946759987968,15.0,16.176928502111096,0,0,19.770774677397355
904,0.9496658803321117,28489.976409963354,27.617575370321877,15.0,16.193672604468045,0,0,19.770774677397355
905,0.9485472615202439,28456.417845607317,27.633357964370934,15.0,16.208266635856898,0,0,19.770774677397355
906,0.9474257492343475,28422.772477030427,27.64681070530361,15.0,16.22070627175119,0,0,19.770774677397355
907,0.9463017379455314,28389.052138365943,27.657929606782442,15.0,16.23098782601833,0,0,19.770774677397355
908,0.9451756228654127,28355.26868596238,27.666711374036954,15.0,16.239108252011896,0,0,19.770774677397355
909,0.944047799829007,28321.43399487021,27.673153404839976,15.0,16.245065143474424,0,0,19.770774677397355
910,0.942918665177435,28287.55995532305,27.67725379027876,15.0,16.2488567352504,0,0,19.770774677397355
911,0.9417886156404764,28253.658469214293,27.6790113153206,15.0,16.250481903809362,0,0,19.770774677397355
912,0.940658048219012,28219.74144657036,27.6784254591729,15.0,16.24994016757878,0,0,19.770774677397355
913,0.9395273600673822,28185.820802021466,27.675496395437477,15.0,16.247231687086803,0,0,19.770774677397355
914,0.9383969483757029,28151.908451271087,27.670224992059136,15.0,16.242357264914645,0,0,19.770774677397355
915,0.9372672102521687,28118.016307565063,27.66261281106846,15.0,16.2353183454588,0,0,19.770774677397355
916,0.9361385426053818,28084.156278161452,27.65266210811896,15.0,16.226117014503014,0,0,19.770774677397355
917,0.9350113420267381,28050.340260802142,27.640375831818673,15.0,16.214755998600232,0,0,19.770774677397355
918,0.9338860046729106,28016.580140187318,27.625757622856423,15.0,16.20123866426465,0,0,19.770774677397355
919,0.9327629261484579,27982.88778445374,27.608811812923022,15.0,16.185569016974167,0,0,19.770774677397355
920,0.9316425013885994,27949.27504165798,27.589543423427674,15.0,16.167751699983448,0,0,19.770774677397355
921,0.9305251245421858,27915.753736265575,27.567958164010022,15.0,16.147791992948054,0,0,19.770774677397355
922,0.929411188854906,27882.33566564718,27.544062430848285,15.0,16.125695810359936,0,0,19.770774677397355
923,0.9283010865527591,27849.032596582772,27.517863304763914,15.0,16.101469699794876,0,0,19.770774677397355
924,0.9271952087258291,27815.856261774872,27.489368549123384,15.0,16.07512083997228,0,0,19.770774677397355
925,0.9260939452123972,27782.818356371914,27.458586607537768,15.0,16.04665703862796,0,0,19.770774677397355
926,0.9249976844834238,27749.930534502713,27.425526601360673,15.0,16.01608673020055,0,0,19.770774677397355
927,0.9239068135274362,27717.204405823086,27.39019832698544,15.0,15.983418973332213,0,0,19.770774677397355
928,0.9228217177358556,27684.65153207567,27.3526122529422,15.0,15.94866344818433,0,0,19.770774677397355
929,0.9217427807887977,27652.283423663932,27.31277951679587,15.0,15.911830453569088,0,0,19.770774677397355
930,0.9206703845413794,27620.11153624138,27.270711921845827,15.0,15.8729309038977,0,0,19.770774677397355
931,0.9196049089105669,27588.147267317006,27.22642193362835,15.0,15.831976325946275,0,0,19.770774677397355
932,0.9185467317625988,27556.401952877965,27.179922676222823,15.0,15.788978855440128,0,0,19.770774677397355
933,0.9174962288010154,27524.886864030464,27.131227928362712,15.0,15.743951233457718,0,0,19.770774677397355
934,0.9164537734553303,27493.61320365991,27.08035211935276,15.0,15.696906802655228,0,0,19.770774677397355
935,0.9154197367703742,27462.592103111227,27.027310324793156,15.0,15.647859503312805,0,0,19.770774677397355
936,0.9143944872963478,27431.834618890432,26.972118262112367,15.0,15.59682386920377,0,0,19.770774677397355
937,0.9133783909796107,27401.35172938832,26.914792285909687,15.0,15.543815023287934,0,0,19.770774677397355
938,0.9123718110542448,27371.154331627346,26.85534938310909,15.0,15.48884867323039,0,0,19.770774677397355
939,0.9113751079344202,27341.25323803261,26.793807167925547,15.0,15.431941106746923,0,0,19.770774677397355
940,0.9103886391075959,27311.65917322788,26.7301838766456,15.0,15.37310918677764,0,0,19.770774677397355
941,0.9094127590285893,27282.38277085768,26.66449836222356,15.0,15.31237034649013,0,0,19.770774677397355
942,0.9084478190145429,27253.434570436286,26.596770088694974,15.0,15.249742584113623,0,0,19.770774677397355
943,0.9074941671408221,27224.82501422466,26.52701912540897,15.0,15.185244457605734,0,0,19.770774677397355
944,0.9065521481378728,27196.564444136184,26.45526614108132,15.0,15.118895079153315,0,0,19.770774677397355
945,0.9056221032890703,27168.66309867211,26.381532397669847,15.0,15.050714109509155,0,0,19.770774677397355
946,0.9047043703295894,27141.131109887683,26.305839744074017,15.0,14.980721752166017,0,0,19.770774677397355
947,0.9037992833463264,27113.978500389792,26.228210609660675,15.0,14.908938747369945,0,0,19.770774677397355
948,0.9029071726789019,27087.215180367057,26.14866799761772,15.0,14.835386365974452,0,0,19.770774677397355
949,0.9020283648217741,27060.850944653223,26.06723547813777,15.0,14.760086403137556,0,0,19.770774677397355
950,0.9011631823274915,27034.895469824743,25.983937181433816,15.0,14.683061171863338,0,0,19.770774677397355
951,0.9003119437111132,27009.358311333395,25.898797790588887,15.0,14.60433349639017,0,0,19.770774677397355
952,0.8994749633558269,26984.248900674807,25.81184253424194,15.0,14.523926705427368,0,0,19.770774677397355
953,0.8986525514197894,26959.57654259368,25.723097179112088,15.0,14.441864625242427,0,0,19.770774677397355
954,0.8978450137442207,26935.35041232662,25.632588022363347,15.0,14.358171572600748,0,0,19.770774677397355
955,0.897052651762776,26911.579552883282,25.540341883812182,15.0,14.272872347560064,0,0,19.770774677397355
956,0.8962757624122256,26888.272872366768,25.446386097980316,15.0,14.185992226121677,0,0,19.770774677397355
957,0.8955146380444644,26865.439141333933,25.3507485059948,15.0,14.097556952740586,0,0,19.770774677397355
958,0.8947695663398834,26843.0869901965,25.25345744733817,15.0,14.007592732696885,0,0,19.770774677397355
959,0.8940408302221226,26821.224906663676,25.154541751450818,15.0,13.916126224330554,0,0,19.770774677397355
960,0.8933287077742351,26799.861233227053,25.05403072918822,15.0,13.823184531142047,0,0,19.770774677397355
961,0.8926334721562855,26779.004164688566,24.951954164135472,15.0,13.728795193760888,0,0,19.770774677397355
962,0.891955391524406,26758.661745732177,24.848342303781795,15.0,13.63298618178484,0,0,19.770774677397355
963,0.8912947289513358,26738.841868540072,24.74322585055751,15.0,13.535785885491851,0,0,19.770774677397355
964,0.8906517423484677,26719.55227045403,24.63663595273637,15.0,13.437223107427524,0,0,19.770774677397355
965,0.8900266843894233,26700.8005316827,24.52860419520545,15.0,13.337327053870114,0,0,19.770774677397355
966,0.8894198024351798,26682.594073055396,24.419162590106,15.0,13.236127326176213,0,0,19.770774677397355
967,0.888831338460772,26664.94015382316,24.30834356734762,15.0,13.133653912009247,0,0,19.770774677397355
968,0.8882615289835897,26647.84586950769,24.1961799649984,15.0,13.029937176453386,0,0,19.770774677397355
969,0.8877106049932925,26631.318149798775,24.082705019554382,15.0,12.925007853015739,0,0,19.770774677397355
970,0.8871787918833629,26615.363756500887,23.967952356090876,15.0,12.81889703451939,0,0,19.770774677397355
971,0.8866663093843169,26599.989281529506,23.85195597829869,15.0,12.711636163889963,0,0,19.770774677397355
972,0.8861733714985934,26585.201144957802,23.734750258407942,15.0,12.603257024838285,0,0,19.770774677397355
973,0.8857001864371405,26571.005593114216,23.616369927002953,15.0,12.493791732442276,0,0,19.770774677397355
974,0.8852469565577185,26557.408696731552,23.496850062730722,15.0,12.383272723630492,0,0,19.770774677397355
975,0.8848138783049359,26544.416349148076,23.37622608190655,15.0,12.271732747570487,0,0,19.770774677397355
976,0.88440114215204,26532.0342645612,23.25453372801921,15.0,12.159204855964376,0,0,19.770774677397355
977,0.8840089325444745,26520.267976334235,23.131809061139478,15.0,12.045722393254987,0,0,19.770774677397355
978,0.8836374278452248,26509.122835356746,23.008088447234794,15.0,11.93131898674519,0,0,19.770774677397355
979,0.8832868002819653,26498.60400845896,22.883408547393152,15.0,11.81602853663335,0,0,19.770774677397355
980,0.8829572158960239,26488.71647688072,22.757806306959697,15.0,11.699885205968013,0,0,19.770774677397355
981,0.882648834493182,26479.46503479546,22.63131894458896,15.0,11.582923410524614,0,0,19.770774677397355
982,0.8823618095963182,26470.854287889546,22.503983941216262,15.0,11.465177808607415,0,0,19.770774677397355
983,0.8820962883999183,26462.88865199755,22.375839028951212,15.0,11.346683290779406,0,0,19.770774677397355
984,0.8818524117264572,26455.57235179372,22.246922179896906,15.0,11.227474969523541,0,0,19.770774677397355
985,0.8816303139846711,26448.90941954013,22.11727159489795,15.0,11.10758816883813,0,0,19.770774677397355
986,0.8814301231297278,26442.903693891833,21.986925692220808,15.0,10.9870584137696,0,0,19.770774677397355
987,0.8812519606253124,26437.55881875937,21.855923096169516,15.0,10.865921419885613,0,0,19.770774677397355
988,0.8810959414076341,26432.878242229024,21.72430262564054,15.0,10.744213082691797,0,0,19.770774677397355
989,0.8809621738513685,26428.865215541056,21.592103282619924,15.0,10.621969466995164,0,0,19.770774677397355
990,0.8808507597375436,26425.522792126307,21.45936424062609,15.0,10.499226796217272,0,0,19.770774677397355
991,0.8807617942233799,26422.853826701397,21.32612483310192,15.0,10.376021441660473,0,0,19.770774677397355
992,0.8806953658140934,26420.8609744228,21.192424541759408,15.0,10.252389911730297,0,0,19.770774677397355
993,0.8806515563366696,26419.546690100087,21.058302984880374,15.0,10.128368841117279,0,0,19.770774677397355
994,0.8806304409156162,26418.913227468485,20.923799905576693,15.0,10.003994979941222,0,0,19.770774677397355
995,0.8806320879507024,26418.962638521072,20.788955160013586,15.0,9.879305182861394,0,0,19.770774677397355
996,0.8806565590966903,26419.69677290071,20.653808705599328,15.0,9.754336398155692,0,0,19.770774677397355
997,0.8807039092450654,26421.11727735196,20.518400589145095,15.0,9.629125656772093,0,0,19.770774677397355
998,0.8807741865077708,26423.225595233125,20.382770934998124,15.0,9.503710061355525,0,0,19.770774677397355
999,0.8808674322029512,26426.022966088534,20.24695993315203,15.0,9.378126775253573,0,0,19.770774677397355
1000,0.8809836808427085,26429.510425281256,20.111007827337787,15.0,9.252413011504284,0,0,19.770774677397355
1001,0.8811229601228764,26433.68880368629,19.974954903098364,15.0,9.126606021808936,0,0,19.770774677397355
1002,0.8812852909148121,26438.558727444364,19.838841475851495,15.0,9.000743085493717,0,0,19.770774677397355
1003,0.8814706872592131,26444.120617776392,19.70270787894322,15.0,8.87486149846298,0,0,19.770774677397355
1004,0.881679156361955,26450.37469085865,19.566594451696353,15.0,8.748998562147765,0,0,19.770774677397355
1005,0.881910698591958,26457.32095775874,19.430541527456946,15.0,8.623191572452425,0,0,19.770774677397355
1006,0.8821653074810764,26464.959224432292,19.294589421642684,15.0,8.497477808703124,0,0,19.770774677397355
1007,0.8824429697260154,26473.28909178046,19.158778419796594,15.0,8.371894522601174,0,0,19.770774677397355
1008,0.8827436651922737,26482.30995576821,19.02314876564962,15.0,8.246478927184606,0,0,19.770774677397355
1009,0.883067366920109,26492.02100760327,18.887740649195386,15.0,8.121268185801007,0,0,19.770774677397355
1010,0.8834140411325276,26502.42123397583,18.752594194781132,15.0,7.996299401095304,0,0,19.770774677397355
1011,0.8837836472452928,26513.509417358782,18.61774944921802,15.0,7.871609604015479,0,0,19.770774677397355
1012,0.8841761378789503,26525.28413636851,18.483246369914344,15.0,7.74723574283942,0,0,19.770774677397355
1013,0.8845914588728693,26537.74376618608,18.34912481303531,15.0,7.623214672226402,0,0,19.770774677397355
1014,0.88502954930129,26550.886479038698,18.215424521692793,15.0,7.499583142296228,0,0,19.770774677397355
1015,0.8854903414913776,26564.710244741327,18.082185114168627,15.0,7.376377787739427,0,0,19.770774677397355
1016,0.8859737610432759,26579.212831298275,17.949446072174794,15.0,7.253635116961535,0,0,19.770774677397355
1017,0.8864797268521524,26594.39180556457,17.817246729154178,15.0,7.131391501264904,0,0,19.770774677397355
1018,0.8870081511322326,26610.24453396698,17.685626258625202,15.0,7.009683164071086,0,0,19.770774677397355
1019,0.8875589394428122,26626.768183284366,17.554623662573906,15.0,6.8885461701871,0,0,19.770774677397355
1020,0.8881319907162418,26643.959721487256,17.42427775989676,15.0,6.768016415118568,0,0,19.770774677397355
1021,0.8887271972878759,26661.815918636275,17.294627174897798,15.0,6.648129614433142,0,0,19.770774677397355
1022,0.8893444449279756,26680.333347839267,17.16571032584349,15.0,6.528921293177278,0,0,19.770774677397355
1023,0.8899836128755582,26699.508386266745,17.037565413578438,15.0,6.410426775349272,0,0,19.770774677397355
1024,0.8906445738741805,26719.337216225416,16.91023041020577,15.0,6.292681173432095,0,0,19.770774677397355
1025,0.8913271942096481,26739.815826289443,16.783743047835024,15.0,6.1757193779886865,0,0,19.770774677397355
1026,0.8920313337496376,26760.94001248913,16.658140807401562,15.0,6.059576047323348,0,0,19.770774677397355
1027,0.8927568459852208,26782.705379556624,16.53346090755992,15.0,5.944285597211509,0,0,19.770774677397355
1028,0.8935035780742785,26805.107342228355,16.409740293655236,15.0,5.829882190701712,0,0,19.770774677397355
1029,0.8942713708867912,26828.141126603736,16.287015626775492,15.0,5.716399727992309,0,0,19.770774677397355
1030,0.8950600590519924,26851.80177155977,16.165323272888152,15.0,5.603871836386199,0,0,19.770774677397355
1031,0.8958694710073714,26876.08413022114,16.04469929206398,15.0,5.492331860326195,0,0,19.770774677397355
1032,0.8966994290495114,26900.982871485343,15.925179427791777,15.0,5.381812851514431,0,0,19.770774677397355
1033,0.8975497493867469,26926.492481602407,15.806799096386772,15.0,5.272347559118413,0,0,19.770774677397355
1034,0.8984202421936245,26952.607265808736,15.689593376496022,15.0,5.163968420066734,0,0,19.770774677397355
1035,0.8993107116671532,26979.321350014594,15.573596998703836,15.0,5.0567075494373075,0,0,19.770774677397355
1036,0.9002209560848238,27006.628682544713,15.458844335240336,15.0,4.950596730940959,0,0,19.770774677397355
1037,0.9011507678643851,27034.523035931554,15.345369389796318,15.0,4.845667407503312,0,0,19.770774677397355
1038,0.9020999336253539,27062.998008760616,15.233205787447083,15.0,4.741950671947437,0,0,19.770774677397355
1039,0.9030682342522447,27092.04702756734,15.122386764688702,15.0,4.639477257780474,0,0,19.770774677397355
1040,0.9040554449594981,27121.663348784943,15.01294515958928,15.0,4.538277530086594,0,0,19.770774677397355
1041,0.90506133535809,27151.8400607427,14.904913402058357,15.0,4.438381476529183,0,0,19.770774677397355
1042,0.9060856695238007,27182.57008571402,14.798323504237201,15.0,4.339818698464845,0,0,19.770774677397355
1043,0.9071282060671237,27213.846182013713,14.693207051012918,15.0,4.242618402171857,0,0,19.770774677397355
1044,0.9081886982047961,27245.660946143882,14.589595190659242,15.0,4.1468093901958065,0,0,19.770774677397355
1045,0.9092668938329238,27278.006814987715,14.487518625606494,15.0,4.05242005281465,0,0,19.770774677397355
1046,0.9103625356016873,27310.87606805062,14.387007603343896,15.0,3.9594783596261403,0,0,19.770774677397355
1047,0.9114753609915986,27344.26082974796,14.288091907456552,15.0,3.868011851259818,0,0,19.770774677397355
1048,0.9126051023912921,27378.153071738765,14.190800848799924,15.0,3.7780476312161184,0,0,19.770774677397355
1049,0.9137514871768235,27412.544615304705,14.09516325681441,15.0,3.6896123578350286,0,0,19.770774677397355
1050,0.914914237792454,27447.427133773617,14.001207470982537,15.0,3.6027322363966414,0,0,19.770774677397355
1051,0.9160930718328958,27482.792154986873,13.90896133243137,15.0,3.517433011355946,0,0,19.770774677397355
1052,0.9172877021269957,27518.631063809873,13.818452175682623,15.0,3.4337399587142667,0,0,19.770774677397355
1053,0.9184978368228297,27554.93510468489,13.729706820552778,15.0,3.3516778785293284,0,0,19.770774677397355
1054,0.9197231794741842,27591.695384225528,13.642751564205817,15.0,3.2712710875665163,0,0,19.770774677397355
1055,0.9209634291284013,27628.90287385204,13.557612173360887,15.0,3.1925434120933494,0,0,19.770774677397355
1056,0.9222182804155553,27666.54841246666,13.474313876656948,15.0,3.1155181808191474,0,0,19.770774677397355
1057,0.9234874236389423,27704.62270916827,13.392881357177005,15.0,3.0402182179822494,0,0,19.770774677397355
1058,0.9247705448668491,27743.11634600547,13.313338745134038,15.0,2.9666658365867495,0,0,19.770774677397355
1059,0.9260673260255776,27782.01978076733,13.235709610720695,15.0,2.8948828317906763,0,0,19.770774677397355
1060,0.927377444993698,27821.32334981094,13.160016957124867,15.0,2.82489047444754,0,0,19.770774677397355
1061,0.9287005756974994,27861.017270924982,13.086283213713376,15.0,2.7567095048033665,0,0,19.770774677397355
1062,0.930036388207613,27901.09164622839,13.01453022938573,15.0,2.6903601263509547,0,0,19.770774677397355
1063,0.9313845488367769,27941.53646510331,12.94477926609973,15.0,2.625861999843062,0,0,19.770774677397355
1064,0.9327447202387154,27982.34160716146,12.87705099257114,15.0,2.5632342374665593,0,0,19.770774677397355
1065,0.9341165615081009,28023.496845243026,12.81136547814911,15.0,2.5024953971790524,0,0,19.770774677397355
1066,0.935499728281573,28064.99184844719,12.747742186869164,15.0,2.443663477209773,0,0,19.770774677397355
1067,0.9368938728397794,28106.816185193384,12.686199971685621,15.0,2.386755910726303,0,0,19.770774677397355
1068,0.9382986442104139,28148.959326312415,12.626757068885025,15.0,2.331789560668759,0,0,19.770774677397355
1069,0.9397136882722156,28191.410648166468,12.569431092682345,15.0,2.278780714752923,0,0,19.770774677397355
1070,0.9411386478599042,28234.159435797126,12.514239030001551,15.0,2.227745080643884,0,0,19.770774677397355
1071,0.942573162870015,28277.19488610045,12.461197235441945,15.0,2.17869778130146,0,0,19.770774677397355
1072,0.9440168703676051,28320.506111028153,12.410321426431992,15.0,2.131653350498971,0,0,19.770774677397355
1073,0.9454694046937994,28364.082140813982,12.361626678571893,15.0,2.0866257285165677,0,0,19.770774677397355
1074,0.9469303975741429,28407.911927224286,12.315127421166354,15.0,2.043628258010417,0,0,19.770774677397355
1075,0.9483994782277283,28451.98434683185,12.270837432948884,15.0,2.0026736800589937,0,0,19.770774677397355
1076,0.949876273477067,28496.28820431201,12.228769837998836,15.0,1.9637741303876073,0,0,19.770774677397355
1077,0.9513604078586688,28540.812235760066,12.188937101852506,15.0,1.926941135772362,0,0,19.770774677397355
1078,0.9528515037343004,28585.545112029013,12.15135102780927,15.0,1.892185610624478,0,0,19.770774677397355
1079,0.9543491814028874,28630.475442086623,12.116022753434034,15.0,1.8595178537561399,0,0,19.770774677397355
1080,0.9558530592130281,28675.591776390844,12.082962747256946,15.0,1.828947545328736,0,0,23.770774677397355
1081,0.9572814742387857,28718.44422716357,14.490563924659538,15.0,1.8004837439844161,0,0,23.770774677397355
1082,0.9587155128727433,28761.4653861823,14.456304143398016,15.0,1.7741348841618163,0,0,23.770774677397355
1083,0.9601547728115745,28804.643184347235,14.42480444077845,15.0,1.749908773596752,0,0,23.770774677397355
1084,0.9615988502047674,28847.965506143024,14.396074150842557,15.0,1.7278125910086364,0,0,23.770774677397355
1085,0.9630473397742949,28891.42019322885,14.370121786995295,15.0,1.7078528839732408,0,0,23.770774677397355
1086,0.9644998349347063,28934.995048041186,14.346955039482157,15.0,1.6900355669825236,0,0,23.770774677397355
1087,0.9659559279136078,28978.677837408235,14.326580773110418,15.0,1.6743659196920375,0,0,23.770774677397355
1088,0.967415209872495,29022.45629617485,14.309005025214924,15.0,1.66084858535646,0,0,23.770774677397355
1089,0.9688772710278991,29066.318130836975,14.294233003869081,15.0,1.6494875694536757,0,0,23.770774677397355
1090,0.9703417007728161,29110.251023184483,14.282269086341625,15.0,1.6402862384978896,0,0,23.770774677397355
1091,0.9718080877983774,29154.242633951322,14.273116817799517,15.0,1.633247319042043,0,0,23.770774677397355
1092,0.97327602021573,29198.2806064719,14.266778910257457,15.0,1.6283728968698878,0,0,23.770774677397355
1093,0.9747450856780879,29242.35257034264,14.263257241774225,15.0,1.6256644163779086,0,0,23.770774677397355
1094,0.9762148715029195,29286.446145087586,14.262552855896203,15.0,1.6251226801473302,0,0,23.770774677397355
1095,0.9776849647942343,29330.548943827027,14.264665961348124,15.0,1.6267478487062883,0,0,23.770774677397355
1096,0.9791549525649327,29374.64857694798,14.269595931971239,15.0,1.630539440482266,0,0,23.770774677397355
1097,0.9806244218591831,29418.732655775493,14.277341306908852,15.0,1.6364963319447892,0,0,23.770774677397355
1098,0.98209295987479,29462.788796243698,14.287899791039216,15.0,1.6446167579383606,0,0,23.770774677397355
1099,0.9835601540855156,29506.804622565465,14.301268255655609,15.0,1.6548983122055017,0,0,23.770774677397355
1100,0.9850255923633202,29550.767770899605,14.317442739393451,15.0,1.6673379480997903,0,0,23.770774677397355
1101,0.9864888631004854,29594.665893014564,14.336418449404135,15.0,1.6819319794886425,0,0,23.770774677397355
1102,0.987949555331582,29638.48665994746,14.358189762775263,15.0,1.6986760818455935,0,0,23.770774677397355
1103,0.989407258855247,29682.217765657413,14.382750228196807,15.0,1.7175652935317447,0,0,23.770774677397355
1104,0.9908615643557369,29725.84693067211,14.41009256787281,15.0,1.7385940172660113,0,0,23.770774677397355
1105,0.9923120635242153,29769.36190572646,14.440208679677932,15.0,1.7617560217837147,0,0,23.770774677397355
1106,0.9937583491797438,29812.750475392313,14.473089639558284,15.0,1.7870444436830388,0,0,23.770774677397355
1107,0.9952000153899393,29856.00046169818,14.508725704175827,15.0,1.8144517894588068,0,0,23.770774677397355
1108,0.99663665759126,29899.099727737797,14.547106313795519,15.0,1.8439699377229664,0,0,23.770774677397355
1109,0.998067872708886,29942.03618126658,14.588220095414425,15.0,1.8755901416111393,0,0,23.770774677397355
1110,0.99949325927616,29984.7977782848,14.632054866131723,15.0,1.9093030313744817,0,0,23.770774677397355
1111,1.0,30000.0,14.678597636758825,15.0,1.9450986171561762,0,0,23.770774677397355
1112,1.0,30000.0,14.727834615668318,15.0,1.9829662919516273,0,0,23.770774677397355
1113,1.0,30000.0,14.779751212880736,15.0,2.0228948347515403,0,0,23.770774677397355
1114,1.0,30000.0,14.834332044387862,15.0,2.0648724138669543,0,0,23.770774677397355
1115,1.0,30000.0,14.891560936711382,15.0,2.1088865904352283,0,0,23.770774677397355
1116,1.0,30000.0,14.951420931695402,15.0,2.1549243221059493,0,0,23.770774677397355
1117,1.0,30000.0,15.01389429153151,15.0,2.202971966905631,0,0,23.770774677397355
1118,1.0,30000.0,15.078962504014903,15.0,2.2530152872801743,0,0,23.770774677397355
1119,1.0,30000.0,15.14660628802994,15.0,2.3050394543137283,0,0,23.770774677397355
1120,1.0,30000.0,15.216805599263543,15.0,2.3590290521228283,0,0,23.770774677397355
1121,1.0,30000.0,15.289539636144772,15.0,2.414968082424452,0,0,23.770774677397355
1122,1.0,30000.0,15.364786846008766,15.0,2.4728399692766585,0,0,23.770774677397355
1123,1.0,30000.0,15.442524931483277,15.0,2.5326275639903963,0,0,23.770774677397355
1124,1.0,30000.0,15.522730857095864,15.0,2.594313150211041,0,0,23.770774677397355
1125,1.0,30000.0,15.60538085609976,15.0,2.657878449168087,0,0,23.770774677397355
1126,1.0,30000.0,15.690450437516535,15.0,2.7233046250916146,0,0,23.770774677397355
1127,1.0,30000.0,15.777914393393285,15.0,2.790572290793699,0,0,23.770774677397355
1128,1.0,30000.0,15.867746806272223,15.0,2.859661513413209,0,0,23.770774677397355
1129,1.0,30000.0,15.959921056870662,15.0,2.9305518203224157,0,0,23.770774677397355
1130,1.0,30000.0,16.054409831968915,15.0,3.0032222051934707,0,0,23.770774677397355
1131,1.0,30000.0,16.151185132503674,15.0,3.0776511342229833,0,0,23.770774677397355
1132,1.0,30000.0,16.250218281864782,15.0,3.1538165525129447,0,0,23.770774677397355
1133,1.0,30000.0,16.35147993439278,15.0,3.2316958906061446,0,0,23.770774677397355
1134,1.0,30000.0,16.454940084074632,15.0,3.3112660711739337,0,0,23.770774677397355
1135,1.0,30000.0,16.560568073435142,15.0,3.3925035158545604,0,0,23.770774677397355
1136,1.0,30000.0,16.66833260262139,15.0,3.4753841522398847,0,0,23.770774677397355
1137,1.0,30000.0,16.77820173867765,15.0,3.559883421008653,0,0,23.770774677397355
1138,1.0,30000.0,16.890142925007737,15.0,3.645976283203886,0,0,23.770774677397355
1139,1.0,30000.0,17.00412299102225,15.0,3.7336372276524745,0,0,23.770774677397355
1140,1.0,30000.0,17.120108161967742,15.0,3.8228402785247053,0,0,23.770774677397355
1141,1.0,30000.0,17.23806406893489,15.0,3.9135590030314438,0,0,23.770774677397355
1142,1.0,30000.0,17.35795575904279,15.0,4.005766519256766,0,0,23.770774677397355
1143,1.0,30000.0,17.47974770579615,15.0,4.099435504123577,0,0,23.770774677397355
1144,1.0,30000.0,17.603403819612673,15.0,4.194538201490136,0,0,23.770774677397355
1145,1.0,30000.0,17.72888745851712,15.0,4.291046430374731,0,0,23.770774677397355
1146,1.0,30000.0,17.85616143899913,15.0,4.388931593306324,0,0,23.770774677397355
1147,1.0,30000.0,17.985188047031485,15.0,4.488164684798602,0,0,23.770774677397355
1148,1.0,30000.0,18.1159290492456,15.0,4.5887162999449345,0,0,23.770774677397355
1149,1.0,30000.0,18.24834570426093,15.0,4.690556643131687,0,0,23.770774677397355
1150,1.0,30000.0,18.382398774164752,15.0,4.793655536867243,0,0,23.770774677397355
1151,1.0,30000.0,18.51804853613938,15.0,4.897982430724349,0,0,23.770774677397355
1152,1.0,30000.0,18.655254794232775,15.0,5.003506410392799,0,0,23.770774677397355
1153,1.0,30000.0,18.793976891269512,15.0,5.110196206840021,0,0,23.770774677397355
1154,1.0,30000.0,18.93417372089837,15.0,5.218020205576774,0,0,23.770774677397355
1155,1.0,30000.0,19.07580373977304,15.0,5.3269464560252,0,0,23.770774677397355
1156,1.0,30000.0,19.218824979862298,15.0,5.436942680986472,0,0,23.770774677397355
1157,1.0,30000.0,19.363195060886085,15.0,5.54797628620524,0,0,23.770774677397355
1158,1.0,30000.0,19.508871202873575,15.0,5.660014370027934,0,0,23.770774677397355
1159,1.0,30000.0,19.655810238839972,15.0,5.773023733152359,0,0,23.770774677397355
1160,1.0,30000.0,19.803968627577753,15.0,5.886970888465303,0,0,23.770774677397355
1161,1.0,30000.0,19.953302466558725,15.0,6.001822070965393,0,0,23.770774677397355
1162,1.0,30000.0,20.10376750494359,15.0,6.117543247768638,0,0,23.770774677397355
1163,1.0,30000.0,20.255319156694156,15.0,6.234100128192855,0,0,23.770774677397355
1164,1.0,30000.0,20.407912513785277,15.0,6.3514581739189,0,0,23.770774677397355
1165,1.0,30000.0,20.561502359511955,15.0,6.469582609224978,0,0,23.770774677397355
1166,1.0,30000.0,20.716043181888196,15.0,6.5884384312916,0,0,23.770774677397355
1167,1.0,30000.0,20.871489187133058,15.0,6.707990420573568,0,0,23.770774677397355
1168,1.0,30000.0,21.02779431324042,15.0,6.828203151236338,0,0,23.770774677397355
1169,1.0,30000.0,21.184912243628016,15.0,6.949041001653367,0,0,23.770774677397355
1170,1.0,30000.0,21.34279642086222,15.0,7.0704681649617,0,0,23.770774677397355
1171,1.0,30000.0,21.501400060453904,15.0,7.192448659672239,0,0,23.770774677397355
1172,1.0,30000.0,21.660676164721696,15.0,7.314946340331849,0,0,23.770774677397355
1173,1.0,30000.0,21.82057753671845,15.0,7.437924908234029,0,0,23.770774677397355
1174,1.0,30000.0,21.98105679421669,15.0,7.56134792217502,0,0,23.770774677397355
1175,1.0,30000.0,22.142066383749025,15.0,7.685178809252127,0,0,23.770774677397355
1176,1.0,30000.0,22.30355859469914,15.0,7.809380875700968,0,0,23.770774677397355
1177,1.0,30000.0,22.465485573439675,15.0,7.933917317768781,0,0,23.770774677397355
1178,1.0,30000.0,22.627799337512158,15.0,8.058751232620065,0,0,23.770774677397355
1179,1.0,30000.0,22.790451789845278,15.0,8.183845629271712,0,0,23.770774677397355
1180,1.0,30000.0,22.953394733007077,15.0,8.309163439554238,0,0,23.770774677397355
1181,1.0,30000.0,23.116579883486903,15.0,8.434667529095872,0,0,23.770774677397355
1182,1.0,30000.0,23.27995888600288,15.0,8.560320708326312,0,0,23.770774677397355
1183,1.0,30000.0,23.44348332783049,15.0,8.686085743496687,0,0,23.770774677397355
1184,1.0,30000.0,23.607104753148498,15.0,8.81192536771286,0,0,23.770774677397355
1185,1.0,30000.0,23.77077467739735,15.0,8.93780229197834,0,0,23.770774677397355
1186,1.0,30000.0,23.9344446016462,15.0,9.06367921624382,0,0,23.770774677397355
1187,1.0,30000.0,24.098066026964208,15.0,9.189518840459995,0,0,23.770774677397355
1188,1.0,30000.0,24.261590468791812,15.0,9.315283875630367,0,0,23.770774677397355
1189,1.0,30000.0,24.42496947130779,15.0,9.440937054860806,0,0,23.770774677397355
1190,0.9999923282802898,29999.769848408694,24.588154621787616,15.0,9.566441144402443,0,0,23.770774677397355
1191,0.9999607219984971,29998.821659954912,24.75109756494942,15.0,9.691758954684964,0,0,23.770774677397355
1192,0.9999052131535153,29997.15639460546,24.91375001728254,15.0,9.816853351336615,0,0,23.770774677397355
1193,0.9998258408270828,29994.775224812485,25.076063781355018,15.0,9.941687266187898,0,0,23.770774677397355
1194,0.9997226511722032,29991.679535166095,25.23799076009555,15.0,10.066223708255711,0,0,23.770774677397355
1195,0.9995956973994677,29987.87092198403,25.399482971045668,15.0,10.190425774704552,0,0,23.770774677397355
1196,0.9994450397612892,29983.351192838676,25.56049256057797,15.0,10.314256661781634,0,0,23.770774677397355
1197,0.999270745534047,29978.122366021413,25.72097181807624,15.0,10.437679675722649,0,0,23.770774677397355
1198,0.9990728889981525,29972.186669944575,25.880873190073,15.0,10.56065824362483,0,0,23.770774677397355
1199,0.9988515514160371,29965.546542481112,26.040149294340793,15.0,10.68315592428444,0,0,23.770774677397355
1200,0.9986068210080731,29958.20463024219,26.198752933932507,15.0,10.805136418995005,0,0,23.770774677397355
1201,0.9983387929264319,29950.163787792957,26.35663711116671,15.0,10.92656358230334,0,0,23.770774677397355
1202,0.9980475692268885,29941.427076806656,26.513755041554305,15.0,11.047401432720365,0,0,23.770774677397355
1203,0.9977332588385804,29931.99776515741,26.670060167661607,15.0,11.167614163383085,0,0,23.770774677397355
1204,0.9973959775317286,29921.879325951857,26.8255061729065,15.0,11.28716615266508,0,0,23.770774677397355
1205,0.9970358478833334,29911.075436500003,26.980046995282738,15.0,11.406021974731704,0,0,23.770774677397355
1206,0.9966529992408519,29899.589977225558,27.133636841009416,15.0,11.52414641003778,0,0,23.770774677397355
1207,0.9962475676838694,29887.42703051608,27.286230198100508,15.0,11.641504455763801,0,0,23.770774677397355
1208,0.9958196959837757,29874.59087951327,27.437781849851103,15.0,11.758061336188042,0,0,23.770774677397355
1209,0.99536953356146,29861.086006843798,27.58824688823597,15.0,11.873782512991287,0,0,23.770774677397355
1210,0.994897236443033,29846.917093290987,27.73758072721697,15.0,11.988633695491403,0,0,23.770774677397355
1211,0.9944029672135939,29832.089016407816,27.885739115954717,15.0,12.102580850804323,0,0,23.770774677397355
1212,0.9938868949690526,29816.606849071577,28.03267815192112,15.0,12.215590213928746,0,0,23.770774677397355
1213,0.9933491952660226,29800.475857980677,28.17835429390861,15.0,12.327628297751442,0,0,23.770774677397355
1214,0.9927900500698004,29783.701502094013,28.32272437493237,15.0,12.438661902970185,0,0,23.770774677397355
1215,0.992209647700445,29766.28943101335,28.465745615021657,15.0,12.54865812793148,0,0,23.770774677397355
1216,0.9916081827769743,29748.245483309227,28.60737563389632,15.0,12.657584378379909,0,0,23.770774677397355
1217,0.9909858561596956,29729.575684790867,28.747572463525188,15.0,12.76540837711666,0,0,23.770774677397355
1218,0.9903428748906865,29710.286246720596,28.886294560561925,15.0,12.872098173563883,0,0,23.770774677397355
1219,0.9896794521324437,29690.38356397331,29.023500818655315,15.0,12.977622153232332,0,0,23.770774677397355
1220,0.9889958071047182,29669.874213141546,29.159150580629944,15.0,13.081949047089438,0,0,23.770774677397355
1221,0.9882921650195557,29648.764950586672,29.293203650533766,15.0,13.185047940824994,0,0,23.770774677397355
1222,0.9875687570145619,29627.062710436858,29.425620305549092,15.0,13.286888284011749,0,0,23.770774677397355
1223,0.986825820084411,29604.77460253233,29.556361307763215,15.0,13.387439899158078,0,0,23.770774677397355
1224,0.986063597010619,29581.90791031857,29.68538791579557,15.0,13.486672990650359,0,0,23.770774677397355
1225,0.9852823362896028,29558.470088688086,29.812661896277575,15.0,13.584558153581948,0,0,23.770774677397355
1226,0.9844822920590451,29534.468761771353,29.93814553518202,15.0,13.681066382466543,0,0,23.770774677397355
1227,0.9836637240225875,29509.911720677625,30.06180164899855,15.0,13.776169079833105,0,0,23.770774677397355
1228,0.9828268973728752,29484.806921186257,30.183593595751905,15.0,13.869838064699914,0,0,23.770774677397355
1229,0.9819720827129749,29459.162481389245,30.303485285859782,15.0,13.96204558092522,0,0,23.770774677397355
1230,0.9810995559761883,29432.98667928565,30.42144119282696,15.0,14.052764305431978,0,0,23.770774677397355
1231,0.9802095983442882,29406.287950328646,30.537426363772447,15.0,14.141967356304209,0,0,23.770774677397355
1232,0.9793024961641976,29379.07488492593,30.651406429786963,15.0,14.2296283007528,0,0,23.770774677397355
1233,0.9783785408631395,29351.356225894186,30.763347616117066,15.0,14.315721162948048,0,0,23.770774677397355
1234,0.9774380288622799,29323.140865868398,30.873216752173327,15.0,14.400220431716816,0,0,23.770774677397355
1235,0.9764812614888924,29294.437844666772,30.980981281359554,15.0,14.483101068102123,0,0,23.770774677397355
1236,0.9755085448870685,29265.256346612055,31.086609270720043,15.0,14.564338512782733,0,0,23.770774677397355
1237,0.9745201899270002,29235.605697810006,31.190069420401915,15.0,14.64390869335054,0,0,23.770774677397355
1238,0.9735165121128623,29205.495363385868,31.291331072929918,15.0,14.721788031443737,0,0,23.770774677397355
1239,0.9724978314893222,29174.934944679666,31.390364222291023,15.0,14.7979534497337,0,0,23.770774677397355
1240,0.9714644725467038,29143.93417640111,31.487139522825764,15.0,14.872382378763199,0,0,23.770774677397355
1241,0.970416764124833,29112.50292374499,31.581628297924034,15.0,14.94505276363427,0,0,23.770774677397355
1242,0.9693550393155966,29080.6511794679,31.67380254852249,15.0,15.015943070543488,0,0,23.770774677397355
1243,0.9682796353642394,29048.389060927184,31.763634961401433,15.0,15.085032293162996,0,0,23.770774677397355
1244,0.9671908935694316,29015.726807082945,31.85109891727816,15.0,15.152299958865068,0,0,23.770774677397355
1245,0.9660891591821331,28982.674775463995,31.93616849869494,15.0,15.217726134788599,0,0,23.770774677397355
1246,0.9649747813032907,28949.243439098722,32.01881849769883,15.0,15.281291433745643,0,0,23.770774677397355
1247,0.9638481127803901,28915.4433834117,32.099024423311405,15.0,15.342977019966277,0,0,23.770774677397355
1248,0.9627095101028995,28881.285303086985,32.176762508785934,15.0,15.402764614680027,0,0,23.770774677397355
1249,0.9615593332966357,28846.77999889907,32.25200971864993,15.0,15.460636501532232,0,0,23.770774677397355
1250,0.9603979458170788,28811.938374512363,32.32474375553116,15.0,15.516575531833855,0,0,23.770774677397355
1251,0.9592257144416739,28776.77143325022,32.39494306676476,15.0,15.570565129642956,0,0,23.770774677397355
1252,0.9580430091611464,28741.29027483439,32.4625868507798,15.0,15.622589296676512,0,0,23.770774677397355
1253,0.9568502030698655,28705.506092095962,32.5276550632632,15.0,15.672632617051054,0,0,23.770774677397355
1254,0.9556476722552886,28669.43016765866,32.5901284230993,15.0,15.720680261850736,0,0,23.770774677397355
1255,0.954435795686519,28633.07387059557,32.649988418083325,15.0,15.766717993521457,0,0,23.770774677397355
1256,0.9532149551020082,28596.448653060244,32.70721731040684,15.0,15.810732170089732,0,0,23.770774677397355
1257,0.9519855348964392,28559.56604689318,32.76179814191397,15.0,15.852709749205143,0,0,23.770774677397355
1258,0.950747922006822,28522.43766020466,32.81371473912638,15.0,15.89263829200506,0,0,23.770774677397355
1259,0.9495025057978356,28485.075173935067,32.86295171803588,15.0,15.93050596680051,0,0,23.770774677397355
1260,0.9482496779464507,28447.49033839352,32.90949448866298,15.0,15.966301552582205,0,0,23.770774677397355
1261,0.9469898323258678,28409.694969776032,32.953329259380276,15.0,16.00001444234555,0,0,23.770774677397355
1262,0.9457233648888038,28371.700946664114,32.99444304099917,15.0,16.031634646233716,0,0,23.770774677397355
1263,0.944450673550163,28333.52020650489,33.03282365061888,15.0,16.06115279449788,0,0,23.770774677397355
1264,0.943172158069126,28295.16474207378,33.068459715236415,15.0,16.08856014027365,0,0,23.770774677397355
1265,0.9418882199306922,28256.646597920764,33.10134067511677,15.0,16.113848562172972,0,0,23.770774677397355
1266,0.9405992622267114,28217.977866801342,33.1314567869219,15.0,16.137010566690684,0,0,23.770774677397355
1267,0.9393056895364393,28179.17068609318,33.1587991265979,15.0,16.158039290424945,0,0,23.770774677397355
1268,0.9380079078066517,28140.23723419955,33.18335959201944,15.0,16.176928502111096,0,0,23.770774677397355
1269,0.9367063242313532,28101.189726940596,33.20513090539057,15.0,16.193672604468045,0,0,23.770774677397355
1270,0.9354013471311177,28062.04041393353,33.224106615401254,15.0,16.208266635856898,0,0,23.770774677397355
1271,0.9340933858320934,28022.801574962803,33.2402810991391,15.0,16.22070627175119,0,0,23.770774677397355
1272,0.9327828505447116,27983.485516341345,33.25364956375549,15.0,16.23098782601833,0,0,23.770774677397355
1273,0.931470152242131,27944.10456726393,33.26420804788585,15.0,16.239108252011896,0,0,23.770774677397355
1274,0.9301557025384594,27904.67107615378,33.27195342282347,15.0,16.245065143474424,0,0,23.770774677397355
1275,0.9288399135667816,27865.19740700345,33.27688339344658,15.0,16.2488567352504,0,0,23.770774677397355
1276,0.9275231978570372,27825.695935711115,33.2789964988985,15.0,16.250481903809362,0,0,23.770774677397355
1277,0.9262059682137778,27786.179046413334,33.278292113020484,15.0,16.24994016757878,0,0,23.770774677397355
1278,0.9248886375938448,27746.659127815343,33.274770444537246,15.0,16.247231687086803,0,0,23.770774677397355
1279,0.923571618984001,27707.148569520028,33.26843253699519,15.0,16.242357264914645,0,0,23.770774677397355
1280,0.9222553252785539,27667.659758356618,33.25928026845309,15.0,16.2353183454588,0,0,23.770774677397355
1281,0.9209401691570067,27628.2050747102,33.24731635092563,15.0,16.226117014503014,0,0,23.770774677397355
1282,0.919626562961771,27588.796888853132,33.23254432957978,15.0,16.21475599860023,0,0,23.770774677397355
1283,0.9183149185759827,27549.44755727948,33.21496858168429,15.0,16.20123866426465,0,0,23.770774677397355
1284,0.9170056473014504,27510.169419043512,33.19459431531255,15.0,16.185569016974167,0,0,23.770774677397355
1285,0.9156991597367794,27470.97479210338,33.17142756779942,15.0,16.16775169998345,0,0,23.770774677397355
1286,0.9143958656557011,27431.875969671033,33.14547520395215,15.0,16.147791992948054,0,0,23.770774677397355
1287,0.913096173885649,27392.88521656947,33.11674491401626,15.0,16.12569581035994,0,0,23.770774677397355
1288,0.9118004921866142,27354.014765598426,33.085245211396696,15.0,16.101469699794876,0,0,23.770774677397355
1289,0.9105092271303171,27315.276813909513,33.05098543013517,15.0,16.075120839972275,0,0,23.770774677397355
1290,0.9092227839797317,27276.68351939195,33.01397572214427,15.0,16.046657038627956,0,0,23.770774677397355
1291,0.9079415665689969,27238.24699706991,32.974227054199176,15.0,16.016086730200556,0,0,23.770774677397355
1292,0.9066659771837525,27199.979315512577,32.93175120468808,15.0,15.983418973332215,0,0,23.770774677397355
1293,0.9053964164419328,27161.892493257983,32.886560760121874,15.0,15.94866344818433,0,0,23.770774677397355
1294,0.9041332831750546,27123.99849525164,32.838669111404585,15.0,15.911830453569088,0,0,23.770774677397355
1295,0.9028769743100356,27086.309229301067,32.788090449865315,15.0,15.872930903897707,0,0,23.770774677397355
1296,0.9016278847515756,27048.83654254727,32.73483976305303,15.0,15.831976325946275,0,0,23.770774677397355
1297,0.9003864072651384,27011.592217954152,32.67893283029551,15.0,15.788978855440126,0,0,23.770774677397355
1298,0.8991529323605664,26974.587970816992,32.62038621802349,15.0,15.743951233457723,0,0,23.770774677397355
1299,0.8979278481763642,26937.835445290926,32.559217274861716,15.0,15.696906802655235,0,0,23.770774677397355
1300,0.896711540364685,26901.346210940552,32.495444126488195,15.0,15.647859503312809,0,0,23.770774677397355
1301,0.8955043919770534,26865.131759311604,32.42908567026311,15.0,15.59682386920377,0,0,23.770774677397355
1302,0.894306783350859,26829.20350052577,32.3601615696292,15.0,15.543815023287946,0,0,23.770774677397355
1303,0.8931190919966541,26793.572759899624,32.288692248284946,15.0,15.48884867323039,0,0,23.770774677397355
1304,0.8919416924862893,26758.25077458868,32.21469888413274,15.0,15.431941106746923,0,0,23.770774677397355
1305,0.8907749563419198,26723.248690257595,32.13820340300326,15.0,15.373109186777643,0,0,23.770774677397355
1306,0.8896192519259153,26688.57755777746,32.05922847215849,15.0,15.312370346490138,0,0,23.770774677397355
1307,0.8884749443317062,26654.248329951184,31.977797493574826,15.0,15.24974258411362,0,0,23.770774677397355
1308,0.8873423952755988,26620.271858267963,31.893934597008688,15.0,15.185244457605727,0,0,23.770774677397355
1309,0.8862219629895908,26586.658889687722,31.80766463284624,15.0,15.11889507915333,0,0,23.770774677397355
1310,0.8851140021152193,26553.42006345658,31.719013164739668,15.0,15.050714109509155,0,0,23.770774677397355
1311,0.884018863598473,26520.56590795419,31.62800646203227,15.0,14.98072175216602,0,0,23.770774677397355
1312,0.8829368945857995,26488.106837573985,31.534671491974144,15.0,14.908938747369945,0,0,23.770774677397355
1313,0.8818684383212377,26456.053149637133,31.439035911731242,15.0,14.835386365974461,0,0,23.770774677397355
1314,0.8808138340447083,26424.415021341247,31.341128060189952,15.0,14.76008640313755,0,0,23.770774677397355
1315,0.879773416891488,26393.20250674464,31.24097694955975,15.0,14.68306117186333,0,0,23.770774677397355
1316,0.8787475177929036,26362.425533787107,31.138612256776142,15.0,14.604333496390161,0,0,23.770774677397355
1317,0.8777364633782684,26332.093901348053,31.034064314706807,15.0,14.52392670542737,0,0,23.770774677397355
1318,0.8767405758780958,26302.217276342875,30.927364103163306,15.0,14.441864625242431,0,0,23.770774677397355
1319,0.8757601730286152,26272.805190858457,30.8185432397211,15.0,14.358171572600753,0,0,23.770774677397355
1320,0.8747955679776193,26243.86703932858,30.707633970350578,15.0,14.272872347560075,0,0,23.770774677397355
1321,0.8738470691916728,26215.412075750184,30.594669159861844,15.0,14.18599222612167,0,0,23.770774677397355
1322,0.8729149803647059,26187.44941094118,30.479682282166277,15.0,14.097556952740579,0,0,23.770774677397355
1323,0.8719996003280243,26159.988009840727,30.362707410357327,15.0,14.007592732696878,0,0,23.770774677397355
1324,0.871101222961758,26133.03668885274,30.243779206614047,15.0,13.916126224330558,0,0,23.770774677397355
1325,0.8702201371077791,26106.604113233374,30.12293291192988,15.0,13.823184531142049,0,0,23.770774677397355
1326,0.8693566264841117,26080.698794523352,30.000204335670016,15.0,13.728795193760892,0,0,23.770774677397355
1327,0.8685109696008595,26055.329088025785,29.8756298449603,15.0,13.63298618178484,0,0,23.770774677397355
1328,0.8676834396776775,26030.503190330324,29.74924635391085,15.0,13.535785885491855,0,0,23.770774677397355
1329,0.8668743045628114,26006.229136884343,29.621091312677684,15.0,13.437223107427517,0,0,23.770774677397355
1330,0.8660838266537283,25982.51479961185,29.491202696365313,15.0,13.337327053870105,0,0,23.770774677397355
1331,0.8653122628193625,25959.367884580875,29.359618993773974,15.0,13.236127326176227,0,0,23.770774677397355
1332,0.8645598643239998,25936.795929719992,29.226379195994557,15.0,13.13365391200926,0,0,23.770774677397355
1333,0.8638268767528221,25914.806302584664,29.091522784854686,15.0,13.029937176453387,0,0,23.770774677397355
1334,0.8631135399391362,25893.406198174085,28.955089721219426,15.0,12.92500785301574,0,0,23.770774677397355
1335,0.8624200878933045,25872.602636799136,28.817120433150002,15.0,12.818897034519411,0,0,23.770774677397355
1336,0.8617467487334043,25852.40246200213,28.67765580392406,15.0,12.711636163889965,0,0,23.770774677397355
1337,0.8610937446176304,25832.812338528915,28.536737159921188,15.0,12.603257024838285,0,0,23.770774677397355
1338,0.8604612916784652,25813.838750353956,28.394406258376847,15.0,12.493791732442268,0,0,23.770774677397355
1339,0.8598495999586337,25795.487998759014,28.250705275008894,15.0,12.383272723630482,0,0,23.770774677397355
1340,0.8592588733488642,25777.766200465925,28.105676791520107,15.0,12.2717327475705,0,0,23.770774677397355
1341,0.8586893095274696,25760.679285824088,27.959363782980024,15.0,12.15920485596439,0,0,23.770774677397355
1342,0.8581410999017723,25744.232997053172,27.811809605090794,15.0,12.045722393255012,0,0,23.770774677397355
1343,0.8576144295513859,25728.432886541577,27.66305798133979,15.0,11.93131898674519,0,0,23.770774677397355
1344,0.8571094771733713,25713.284315201137,27.513152990043505,15.0,11.816028536633354,0,0,23.770774677397355
1345,0.8566264150292857,25698.792450878573,27.362139051286043,15.0,11.699885205968014,0,0,23.770774677397355
1346,0.8561654088941381,25684.962266824143,27.210060913756603,15.0,11.58292341052463,0,0,23.770774677397355
1347,0.8557266180072652,25671.79854021796,27.056963641489425,15.0,11.465177808607404,0,0,23.770774677397355
1348,0.8553101950251468,25659.305850754405,26.90289260051045,15.0,11.3466832907794,0,0,23.770774677397355
1349,0.8549162859761692,25647.488579285076,26.74789344539421,15.0,11.227474969523534,0,0,23.770774677397355
1350,0.8545450302173551,25636.350906520653,26.59201210573554,15.0,11.10758816883813,0,0,27.770774677397355
1351,0.8540482814237239,25621.448442711717,30.8836638528583,15.0,10.9870584137696,0,0,27.770774677397355
1352,0.8535753279334175,25607.259838002527,30.699652672899145,15.0,10.865921419885614,0,0,27.770774677397355
1353,0.853126293016488,25593.78879049464,30.514773603179552,15.0,10.74421308269181,0,0,27.770774677397355
1354,0.8527012928553979,25581.038785661935,30.329081427357867,15.0,10.621969466995154,0,0,27.770774677397355
1355,0.8523004365105926,25569.01309531778,30.14263117003342,15.0,10.49922679621726,0,0,27.770774677397355
1356,0.8519238258881844,25557.71477664553,29.95547808044136,15.0,10.37602144166046,0,0,27.770774677397355
1357,0.8515715557097538,25547.146671292616,29.767677616081208,15.0,10.252389911730301,0,0,27.770774677397355
1358,0.8512437134842833,25537.3114045285,29.579285426283633,15.0,10.128368841117279,0,0,27.770774677397355
1359,0.8509403794822251,25528.211384466755,29.390357335720303,15.0,10.003994979941222,0,0,27.770774677397355
1360,0.8506616267117165,25519.848801351494,29.200949327861853,15.0,9.879305182861396,0,0,27.770774677397355
1361,0.8504075208969447,25512.22562690834,29.01111752838874,15.0,9.754336398155683,0,0,27.770774677397355
1362,0.8501781204586726,25505.34361376018,28.82091818856012,15.0,9.62912565677208,0,0,27.770774677397355
1363,0.8499734764969264,25499.204294907795,28.630407668545192,15.0,9.503710061355513,0,0,27.770774677397355
1364,0.8497936327758545,25493.808983275634,28.43964242072259,15.0,9.378126775253588,0,0,27.770774677397355
1365,0.8496386257107581,25489.15877132274,28.248678972952288,15.0,9.252413011504288,0,0,27.770774677397355
1366,0.8495084843573018,25485.254530719052,28.0575739118252,15.0,9.126606021808938,0,0,27.770774677397355
1367,0.8494032304029027,25482.09691208708,27.866383865895312,15.0,9.000743085493717,0,0,27.770774677397355
1368,0.8493228781603048,25479.686344809146,27.675165488899456,15.0,8.874861498463009,0,0,27.770774677397355
1369,0.8492674345633378,25478.023036900133,27.483975442969527,15.0,8.748998562147765,0,0,27.770774677397355
1370,0.8492368991648612,25477.106974945837,27.292870381842434,15.0,8.623191572452413,0,0,27.770774677397355
1371,0.8492312641368986,25476.93792410696,27.101906934072137,15.0,8.497477808703115,0,0,27.770774677397355
1372,0.8492505142729558,25477.515428188675,26.911141686249533,15.0,8.371894522601188,0,0,27.770774677397355
1373,0.849294626992528,25478.83880977584,26.720631166234604,15.0,8.246478927184622,0,0,27.770774677397355
1374,0.8493635723477897,25480.90717043369,26.530431826405987,15.0,8.121268185801021,0,0,27.770774677397355
1375,0.8494573130324699,25483.719390974096,26.34060002693291,15.0,7.99629940109533,0,0,27.770774677397355
1376,0.8495758043929064,25487.27413178719,26.151192019074422,15.0,7.87160960401548,0,0,27.770774677397355
1377,0.8497189944412775,25491.569833238325,25.962263928511092,15.0,7.74723574283942,0,0,27.770774677397355
1378,0.8498868238710072,25496.604716130216,25.773871738713517,15.0,7.6232146722264025,0,0,27.770774677397355
1379,0.8500792260743392,25502.376782230174,25.58607127435337,15.0,7.499583142296242,0,0,27.770774677397355
1380,0.8502961271620737,25508.883814862213,25.398918184761264,15.0,7.3763777877394165,0,0,27.770774677397355
1381,0.8505374459854633,25516.1233795639,25.21246792743682,15.0,7.253635116961524,0,0,27.770774677397355
1382,0.8508030941602578,25524.092824807733,25.02677575161521,15.0,7.131391501264918,0,0,27.770774677397355
1383,0.8510929760928957,25532.78928278687,24.84189668189558,15.0,7.009683164071088,0,0,27.770774677397355
1384,0.8514069890088298,25542.209670264896,24.65788550193642,15.0,6.888546170187102,0,0,27.770774677397355
1385,0.851745022982982,25552.35068948946,24.4747967382216,15.0,6.76801641511857,0,0,27.770774677397355
1386,0.8521069609723159,25563.208829169474,24.292684643903186,15.0,6.648129614433168,0,0,27.770774677397355
1387,0.8524926788505196,25574.780365515588,24.11160318272499,15.0,6.52892129317728,0,0,27.770774677397355
1388,0.8529020454447872,25587.061363343615,23.93160601303209,15.0,6.410426775349274,0,0,27.770774677397355
1389,0.8533349225746873,25600.047677240622,23.752746471870495,15.0,6.292681173432073,0,0,27.770774677397355
1390,0.85379116509311,25613.7349527933,23.57507755918234,15.0,6.175719377988688,0,0,27.770774677397355
1391,0.8542706209292762,25628.118627878284,23.398651922100875,15.0,6.059576047323349,0,0,27.770774677397355
1392,0.8547731311337996,25643.193934013987,23.22352183934994,15.0,5.944285597211511,0,0,27.770774677397355
1393,0.8552985299257874,25658.95589777362,23.049739205752672,15.0,5.8298821907017135,0,0,27.770774677397355
1394,0.8558466447419641,25675.399342258923,22.877355516853942,15.0,5.716399727992335,0,0,27.770774677397355
1395,0.8564172962878062,25692.518888634186,22.706421853661084,15.0,5.603871836386201,0,0,27.770774677397355
1396,0.8570102985906705,25710.308957720114,22.53698886750762,15.0,5.492331860326196,0,0,27.770774677397355
1397,0.8576254590549022,25728.763771647064,22.369106765043973,15.0,5.381812851514432,0,0,27.770774677397355
1398,0.8582625785189051,25747.877355567154,22.202825293360295,15.0,5.2723475591184155,0,0,27.770774677397355
1399,0.8589214513141579,25767.643539424735,22.0381937252453,15.0,5.163968420066735,0,0,27.770774677397355
1400,0.859601865326157,25788.05595978471,21.875260844585654,15.0,5.05670754943731,0,0,27.770774677397355
1401,0.860303602057272,25809.108061718158,21.71407493191025,15.0,4.950596730940961,0,0,27.770774677397355
1402,0.8610264366914904,25830.79310074471,21.554683750083786,15.0,4.845667407503334,0,0,27.770774677397355
1403,0.8617701381610356,25853.104144831068,21.39713453015325,15.0,4.741950671947439,0,0,27.770774677397355
1404,0.8625344692148375,25876.034076445125,21.241473957352788,15.0,4.639477257780475,0,0,27.770774677397355
1405,0.8633191864888349,25899.575594665046,21.08774815726953,15.0,4.538277530086596,0,0,27.770774677397355
1406,0.8641240405780896,25923.721217342685,20.936002682175715,15.0,4.438381476529185,0,0,27.770774677397355
1407,0.8649487761106903,25948.46328332071,20.78628249753051,15.0,4.339818698464827,0,0,27.770774677397355
1408,0.8657931318234253,25973.79395470276,20.63863196865595,15.0,4.242618402171878,0,0,27.770774677397355
1409,0.8666568406391999,25999.705219175998,20.49309484759017,15.0,4.146809390195808,0,0,27.770774677397355
1410,0.8675396297461772,26026.188892385315,20.349714260123218,15.0,4.0524200528146705,0,0,27.770774677397355
1411,0.8684412206786183,26053.236620358548,20.208532693017446,15.0,3.959478359626142,0,0,27.770774677397355
1412,0.8693613293993976,26080.839881981927,20.0695919814182,15.0,3.8680118512597996,0,0,27.770774677397355
1413,0.8702996663841692,26108.989991525075,19.932933296456962,15.0,3.7780476312161193,0,0,27.770774677397355
1414,0.8712559367071594,26137.67810121478,19.798597133051338,15.0,3.68961235783503,0,0,27.770774677397355
1415,0.872229840128559,26166.89520385677,19.66662329790576,15.0,3.6027322363966245,0,0,27.770774677397355
1416,0.8732210711834913,26196.63213550474,19.537050897715886,15.0,3.5174330113559646,0,0,27.770774677397355
1417,0.874229319272528,26226.87957817584,19.4099183275802,15.0,3.433739958714269,0,0,27.770774677397355
1418,0.8752542687537263,26257.628062611788,19.28526325962302,15.0,3.3516778785293124,0,0,27.770774677397355
1419,0.8762955990361601,26288.8679710848,19.163122631831314,15.0,3.271271087566534,0,0,27.770774677397355
1420,0.8773529846749188,26320.589540247565,19.043532637109003,15.0,3.1925434120933494,0,0,27.770774677397355
1421,0.8784260954675429,26352.78286402629,18.92652871255258,15.0,3.115518180819148,0,0,27.770774677397355
1422,0.8795145965518709,26385.437896556126,18.812145528949962,15.0,3.0402182179822343,0,0,27.770774677397355
1423,0.8806181485052651,26418.544455157953,18.700416980507107,15.0,2.9666658365867495,0,0,27.770774677397355
1424,0.881736407445191,26452.09222335573,18.59137617480421,15.0,2.8948828317906914,0,0,27.770774677397355
1425,0.882869025131116,26486.07075393348,18.485055422985234,15.0,2.824890474447542,0,0,27.770774677397355
1426,0.8840156490677017,26520.46947203105,18.381486230183572,15.0,2.7567095048033665,0,0,27.770774677397355
1427,0.8851759226092553,26555.277678277656,18.280699286186305,15.0,2.6903601263509698,0,0,27.770774677397355
1428,0.8863494850654111,26590.484551962334,18.18272445634001,15.0,2.625861999843063,0,0,27.770774677397355
1429,0.8875359718080118,26626.079154240353,18.08759077270131,15.0,2.5632342374665593,0,0,27.770774677397355
1430,0.8887350143791545,26662.050431374635,17.9953264254338,15.0,2.502495397179054,0,0,27.770774677397355
1431,0.8899462406003738,26698.387218011212,17.90595875445479,15.0,2.443663477209773,0,0,27.770774677397355
1432,0.8911692746829254,26735.07824048776,17.819514241333916,15.0,2.386755910726304,0,0,27.770774677397355
1433,0.892403737339141,26772.11212017423,17.73601850144604,15.0,2.33178956066876,0,0,27.770774677397355
1434,0.8936492458948195,26809.477376844585,17.655496276380852,15.0,2.278780714752923,0,0,27.770774677397355
1435,0.8949054144026211,26847.162432078632,17.57797142661151,15.0,2.227745080643896,0,0,27.770774677397355
1436,0.8961718537564324,26885.15561269297,17.503466924424046,15.0,2.17869778130146,0,0,27.770774677397355
1437,0.8974481718066665,26923.445154199995,17.43200484711046,15.0,2.1316533504989725,0,0,27.770774677397355
1438,0.8987339734764657,26962.01920429397,17.363606370426513,15.0,2.0866257285165677,0,0,27.770774677397355
1439,0.9000288608787708,27000.865826363122,17.298291762317014,15.0,2.043628258010418,0,0,27.770774677397355
1440,0.9013324334342242,27039.973003026727,17.236080376909925,15.0,2.0026736800589857,0,0,27.770774677397355
1441,0.9026442879898703,27079.32863969611,17.17699064878142,15.0,1.963774130387615,0,0,27.770774677397355
1442,0.9039640189386174,27118.920568158523,17.12104008749316,15.0,1.926941135772363,0,0,27.770774677397355
1443,0.9052912183394292,27158.736550182875,17.068245272404006,15.0,1.8921856106244848,0,0,27.770774677397355
1444,0.9066254760382054,27198.764281146163,17.01862184775703,15.0,1.8595178537561399,0,0,27.770774677397355
1445,0.9079663797893199,27238.991393679597,16.97218451804394,15.0,1.82894754532873,0,0,27.770774677397355
1446,0.9093135153777778,27279.405461333336,16.92894704364775,15.0,1.8004837439844161,0,0,27.770774677397355
1447,0.9106664667419565,27319.994002258696,16.888922236765232,15.0,1.7741348841618163,0,0,27.770774677397355
1448,0.9120248160968933,27360.7444829068,16.85212195761048,15.0,1.749908773596753,0,0,27.770774677397355
1449,0.9133881440580844,27401.644321742533,16.818557110900436,15.0,1.7278125910086413,0,0,27.770774677397355
1450,0.9147560297657575,27442.680892972727,16.78823764262355,15.0,1.707852883973242,0,0,27.770774677397355
1451,0.9161280510095818,27483.841530287456,16.761172537092623,15.0,1.6900355669825204,0,0,27.770774677397355
1452,0.9175037843537778,27525.113530613333,16.73736981428256,15.0,1.6743659196920404,0,0,27.770774677397355
1453,0.9188828052625903,27566.48415787771,16.716836527453804,15.0,1.660848585356458,0,0,27.770774677397355
1454,0.9202646882260881,27607.94064678264,16.699578761062412,15.0,1.6494875694536757,0,0,27.770774677397355
1455,0.9216490068862512,27649.470206587535,16.685601628956995,15.0,1.6402862384978878,0,0,27.770774677397355
1456,0.9230353341633104,27691.06002489931,16.674909272863463,15.0,1.633247319042043,0,0,27.770774677397355
1457,0.9244232423822996,27732.697271468987,16.667504861157685,15.0,1.6283728968698887,0,0,27.770774677397355
1458,0.9258123033997857,27774.369101993572,16.663390587926642,15.0,1.6256644163779086,0,0,27.770774677397355
1459,0.9272020887307365,27816.062661922097,16.6625676723183,15.0,1.6251226801473302,0,0,27.770774677397355
1460,0.9285921696754903,27857.765090264707,16.6650363581803,15.0,1.6267478487062883,0,0,27.770774677397355
1461,0.9299821174467882,27899.463523403643,16.670795913987746,15.0,1.630539440482266,0,0,27.770774677397355
1462,0.9313715032968335,27941.145098905006,16.67984463305995,15.0,1.636496331944791,0,0,27.770774677397355
1463,0.9327598986443395,27982.796959330186,16.692179834066167,15.0,1.6446167579383606,0,0,27.770774677397355
1464,0.9341468752015262,28024.406256045786,16.707797861820122,15.0,1.6548983122055017,0,0,27.770774677397355
1465,0.9355320051010318,28065.960153030956,16.72669408836313,15.0,1.6673379480997903,0,0,27.770774677397355
1466,0.9369148610226994,28107.445830680983,16.74886291433544,15.0,1.6819319794886416,0,0,27.770774677397355
1467,0.9382950163202006,28148.85048960602,16.7742977706355,15.0,1.6986760818455935,0,0,27.770774677397355
1468,0.93967204514746,28190.161354423803,16.80299112036642,15.0,1.7175652935317398,0,0,27.770774677397355
1469,0.9410455225848434,28231.365677545302,16.834934461069466,15.0,1.7385940172660113,0,0,27.770774677397355
1470,0.9424150247650696,28272.450742952085,16.870118327243354,15.0,1.7617560217837147,0,0,27.770774677397355
1471,0.9437801289988117,28313.40386996435,16.908532293149232,15.0,1.7870444436830388,0,0,27.770774677397355
1472,0.9451404138999497,28354.212416998493,16.950164975899952,15.0,1.8144517894588068,0,0,27.770774677397355
1473,0.9464954595104358,28394.863785313075,16.99500403883312,15.0,1.8439699377229721,0,0,27.770774677397355
1474,0.9478448474247368,28435.345422742106,17.043036195166646,15.0,1.8755901416111325,0,0,27.770774677397355
1475,0.9491881609138174,28475.644827414522,17.09424721193604,15.0,1.9093030313744808,0,0,27.770774677397355
1476,0.9505249850486253,28515.749551458757,17.148621914211763,15.0,1.9450986171561684,0,0,27.770774677397355
1477,0.9518549068230439,28555.647204691315,17.20614418959607,15.0,1.9829662919516273,0,0,27.770774677397355
1478,0.953177515276275,28595.32545828825,17.266796992997303,15.0,2.0228948347515403,0,0,27.770774677397355
1479,0.9544924016146155,28634.772048438463,17.33056235168083,15.0,2.0648724138669534,0,0,27.770774677397355
1480,0.9557991593325912,28673.974779977736,17.3974213705947,15.0,2.108886590435227,0,0,27.770774677397355
1481,0.9570973843334141,28712.921530002423,17.46735423796869,15.0,2.1549243221059493,0,0,27.770774677397355
1482,0.9583866750487239,28751.600251461718,17.540340231184878,15.0,2.202971966905621,0,0,27.770774677397355
1483,0.9596666325575822,28789.998976727467,17.616357722918366,15.0,2.2530152872801734,0,0,27.770774677397355
1484,0.9609368607046811,28828.105821140434,17.695384187545738,15.0,2.305039454313738,0,0,27.770774677397355
1485,0.9621969662177325,28865.908986531977,17.77739620781995,15.0,2.359029052122827,0,0,27.770774677397355
1486,0.9634465588240032,28903.396764720095,17.86236948180951,15.0,2.414968082424463,0,0,27.770774677397355
1487,0.9646852513659612,28940.557540978836,17.950278830099382,15.0,2.4728399692766576,0,0,27.770774677397355
1488,0.9659126599159988,28977.379797479964,18.041098203252485,15.0,2.532627563990395,0,0,27.770774677397355
1489,0.9671284038901986,29013.85211670596,18.13480068952851,15.0,2.59431315021104,0,0,27.770774677397355
1490,0.9683321061611091,29049.963184833272,18.231358522858454,15.0,2.6578784491680727,0,0,27.770774677397355
1491,0.9695233931694948,29085.701795084842,18.330743091072485,15.0,2.7233046250916138,0,0,27.770774677397355
1492,0.9707018950350306,29121.05685105092,18.432924944378122,15.0,2.790572290793697,0,0,27.770774677397355
1493,0.9718672456659054,29156.017369977162,18.53787380408691,15.0,2.8596615134131937,0,0,27.770774677397355
1494,0.9730190828673027,29190.57248601908,18.64555857158682,15.0,2.930551820322429,0,0,27.770774677397355
1495,0.9741570484487264,29224.711453461794,18.755947337557153,15.0,3.0032222051934845,0,0,27.770774677397355
1496,0.9752807883301414,29258.42364990424,18.86900739142419,15.0,3.0776511342229824,0,0,27.770774677397355
1497,0.9763899526468941,29291.698579406824,18.984705231053933,15.0,3.153816552512943,0,0,27.770774677397355
1498,0.9774841958533854,29324.52587560156,19.103006572679515,15.0,3.2316958906061277,0,0,27.770774677397355
1499,0.9785631768254631,29356.895304763893,19.223876361060327,15.0,3.311266071173933,0,0,27.770774677397355
1500,0.9796265589615045,29388.796768845135,19.34727877986944,15.0,3.3925035158545596,0,0,27.770774677397355
1501,0.9806740102821588,29420.220308464766,19.473177262306876,15.0,3.475384152239867,0,0,27.770774677397355
1502,0.9817052035287196,29451.156105861588,19.601534501935273,15.0,3.559883421008652,0,0,27.770774677397355
1503,0.9827198162600983,29481.594487802948,19.732312463734274,15.0,3.6459762832038836,0,0,27.770774677397355
1504,0.9837175309483712,29511.525928451138,19.86547239537141,15.0,3.733637227652473,0,0,27.770774677397355
1505,0.9846980350728697,29540.941052186092,20.0009748386851,15.0,3.822840278524703,0,0,27.770774677397355
1506,0.9856610212127861,29569.830636383584,20.138779641377045,15.0,3.9135590030314606,0,0,27.770774677397355
1507,0.9866061871382699,29598.185614148097,20.278845968910048,15.0,4.005766519256746,0,0,27.770774677397355
1508,0.9875332358999848,29625.99707699954,20.421132316608503,15.0,4.0994355041235755,0,0,27.770774677397355
1509,0.9884418759171005,29653.256277513017,20.56559652195673,15.0,4.194538201490154,0,0,27.770774677397355
1510,0.9893318210636962,29679.954631910885,20.712195777092838,15.0,4.291046430374729,0,0,27.770774677397355
1511,0.9902027907535438,29706.083722606312,20.86088664149374,15.0,4.388931593306322,0,0,27.770774677397355
1512,0.9910545100232527,29731.63530069758,21.01162505484728,15.0,4.488164684798601,0,0,27.770774677397355
1513,0.9918867096137475,29756.601288412425,21.164366350108374,15.0,4.588716299944933,0,0,27.770774677397355
1514,0.9926991260500547,29780.97378150164,21.31906526673485,15.0,4.690556643131686,0,0,27.770774677397355
1515,0.9934915017193765,29804.745051581296,21.47567596409893,15.0,4.79365553686722,0,0,27.770774677397355
1516,0.9942635849474271,29827.907548422812,21.634152035071185,15.0,4.897982430724348,0,0,27.770774677397355
1517,0.9950151300730086,29850.453902190256,21.794446519771526,15.0,5.00350641039282,0,0,27.770774677397355
1518,0.9957458975208062,29872.376925624187,21.956511919484626,15.0,5.110196206840019,0,0,27.770774677397355
1519,0.9964556538723798,29893.66961617139,22.12030021073503,15.0,5.218020205576794,0,0,27.770774677397355
1520,0.99714417193533,29914.3251580599,22.285762859517103,15.0,5.3269464560252215,0,0,27.770774677397355
1521,0.9978112308106211,29934.33692431863,22.452850835677026,15.0,5.43694268098647,0,0,27.770774677397355
1522,0.9984566159580377,29953.69847874113,22.62151462744152,15.0,5.547976286205238,0,0,27.770774677397355
1523,0.9990801192597577,29972.40357779273,22.791704256088877,15.0,5.66001437002791,0,0,27.770774677397355
1524,0.9996815390820222,29990.446172460666,22.96336929075928,15.0,5.773023733152357,0,0,27.770774677397355
1525,1.0,30000.0,23.13645886339805,15.0,5.886970888465301,0,0,27.770774677397355
1526,1.0,30000.0,23.31092168382916,15.0,6.001822070965392,0,0,27.770774677397355
1527,1.0,30000.0,23.486706054953853,15.0,6.11754324776866,0,0,27.770774677397355
1528,1.0,30000.0,23.663759888069105,15.0,6.234100128192879,0,0,27.770774677397355
1529,1.0,30000.0,23.84203071830308,15.0,6.351458173918898,0,0,27.770774677397355
1530,1.0,30000.0,24.02146572016137,15.0,6.469582609224977,0,0,27.770774677397355
1531,1.0,30000.0,24.202011723180444,15.0,6.588438431291623,0,0,27.770774677397355
1532,1.0,30000.0,24.383615227682988,15.0,6.707990420573567,0,0,27.770774677397355
1533,1.0,30000.0,24.566222420631448,15.0,6.8282031512363375,0,0,27.770774677397355
1534,1.0,30000.0,24.74977919157341,15.0,6.949041001653339,0,0,27.770774677397355
1535,1.0,30000.0,24.93423114867632,15.0,7.0704681649616985,0,0,27.770774677397355
1536,1.0,30000.0,25.119523634844377,15.0,7.1924486596722375,0,0,27.770774677397355
1537,1.0,30000.0,25.305601743915027,15.0,7.314946340331847,0,0,27.770774677397355
1538,1.0,30000.0,25.492410336928657,15.0,7.437924908234029,0,0,27.770774677397355
1539,1.0,30000.0,25.679894058467532,15.0,7.5613479221750435,0,0,27.770774677397355
1540,1.0,30000.0,25.867997353058623,15.0,7.685178809252099,0,0,27.770774677397355
1541,1.0,30000.0,26.05666448163629,15.0,7.809380875700966,0,0,27.770774677397355
1542,1.0,30000.0,26.245839538058448,15.0,7.933917317768779,0,0,27.770774677397355
1543,1.0,30000.0,26.43546646567319,15.0,8.058751232620065,0,0,27.770774677397355
1544,1.0,30000.0,26.625489073929376,15.0,8.18384562927171,0,0,27.770774677397355
1545,1.0,30000.0,26.815851055027156,15.0,8.309163439554236,0,0,27.770774677397355
1546,1.0,30000.0,27.006496000603185,15.0,8.43466752909587,0,0,27.770774677397355
1547,1.0,30000.0,27.197367418445673,15.0,8.560320708326312,0,0,27.770774677397355
1548,1.0,30000.0,27.388408749234053,15.0,8.686085743496658,0,0,27.770774677397355
1549,1.0,30000.0,27.57956338329916,15.0,8.811925367712856,0,0,27.770774677397355
1550,0.9999788992951912,29999.366978855738,27.770774677397384,15.0,8.937802291978365,0,0,27.770774677397355
1551,0.9999328924891226,29997.986774673678,27.961985971495523,15.0,9.06367921624382,0,0,27.770774677397355
1552,0.9998619763383292,29995.859290149874,28.15314060556059,15.0,9.189518840459993,0,0,27.770774677397355
1553,0.9997661549805226,29992.984649415677,28.344181936349052,15.0,9.315283875630389,0,0,27.770774677397355
1554,0.9996454399333649,29989.363198000945,28.53505335419146,15.0,9.440937054860779,0,0,27.770774677397355
1555,0.9994998500910554,29984.99550273166,28.725698299767526,15.0,9.56644114440244,0,0,27.770774677397355
1556,0.9993294117187322,29979.882351561966,28.91606028086527,15.0,9.691758954684937,0,0,27.770774677397355
1557,0.999134158444689,29974.02475334067,29.106082889121495,15.0,9.816853351336611,0,0,27.770774677397355
1558,0.9989141312504105,29967.423937512314,29.295709816736277,15.0,9.941687266187923,0,0,27.770774677397355
1559,0.9986693784584286,29960.08135375286,29.484884873158396,15.0,10.066223708255711,0,0,27.770774677397355
1560,0.9983999557180034,29951.998671540103,29.673552001736063,15.0,10.190425774704575,0,0,27.770774677397355
1561,0.9981059259886333,29943.177779659,29.86165529632719,15.0,10.31425666178166,0,0,27.770774677397355
1562,0.9977873595213982,29933.620785641946,30.04913901786599,15.0,10.437679675722624,0,0,27.770774677397355
1563,0.9974443338381433,29923.3300151443,30.23594761087966,15.0,10.560658243624829,0,0,27.770774677397355
1564,0.9970769337085076,29912.308011255227,30.422025719950348,15.0,10.683155924284465,0,0,27.770774677397355
1565,0.996685251124804,29900.55753374412,30.607318206118364,15.0,10.805136418994978,0,0,27.770774677397355
1566,0.9962693852747609,29888.08155824283,30.79177016322128,15.0,10.926563582303338,0,0,27.770774677397355
1567,0.9958294425121307,29874.88327536392,30.975326934163242,15.0,11.047401432720338,0,0,27.770774677397355
1568,0.9953655363251742,29860.966089755228,31.1579341271117,15.0,11.16761416338311,0,0,27.770774677397355
1569,0.9948777873030321,29846.333619090965,31.339537631614277,15.0,11.28716615266508,0,0,27.770774677397355
1570,0.9943663230999921,29830.989692999763,31.520083634633313,15.0,11.4060219747317,0,0,27.770774677397355
1571,0.9938312783976612,29814.938351929835,31.699518636491607,15.0,11.524146410037778,0,0,27.770774677397355
1572,0.9932727948650577,29798.18384595173,31.87778946672562,15.0,11.641504455763823,0,0,27.770774677397355
1573,0.9926910211166311,29780.730633498933,32.05484329984084,15.0,11.758061336188018,0,0,27.770774677397355
1574,0.9920861126682243,29762.58338004673,32.230627670965525,15.0,11.873782512991284,0,0,27.770774677397355
1575,0.9914582318909914,29743.74695672974,32.40509049139668,15.0,11.9886336954914,0,0,27.770774677397355
1576,0.9908075479632831,29724.22643889849,32.57818006403541,15.0,12.10258085080432,0,0,27.770774677397355
1577,0.9901342368205156,29704.027104615467,32.74984509870577,15.0,12.215590213928744,0,0,27.770774677397355
1578,0.9894384811030374,29683.154433091124,32.92003472735317,15.0,12.327628297751438,0,0,27.770774677397355
1579,0.9887204701020091,29661.614103060274,33.08869851911762,15.0,12.438661902970185,0,0,27.770774677397355
1580,0.9879803997033118,29639.411991099354,33.25578649527762,15.0,12.548658127931478,0,0,27.770774677397355
1581,0.9872184723295023,29616.55416988507,33.42124914405966,15.0,12.65758437837988,0,0,27.770774677397355
1582,0.9864348968798308,29593.046906394924,33.58503743531006,15.0,12.765408377116659,0,0,27.770774677397355
1583,0.9856298886683397,29568.89666005019,33.74710283502323,15.0,12.872098173563902,0,0,27.770774677397355
1584,0.9848036693600613,29544.11008080184,33.9073973197235,15.0,12.977622153232332,0,0,27.770774677397355
1585,0.9839564669053334,29518.694007160004,34.06587339069572,15.0,13.081949047089438,0,0,27.770774677397355
1586,0.9830885154722534,29492.6554641676,34.22248408805987,15.0,13.185047940825012,0,0,27.770774677397355
1587,0.9822000553772883,29466.00166131865,34.37718300468628,15.0,13.286888284011727,0,0,27.770774677397355
1588,0.9812913330140646,29438.73999042194,34.52992429994741,15.0,13.387439899158078,0,0,27.770774677397355
1589,0.9803626007803559,29410.878023410674,34.68066271330092,15.0,13.486672990650334,0,0,27.770774677397355
1590,0.9794141170032923,29382.423510098768,34.82935357770185,15.0,13.584558153581948,0,0,27.770774677397355
1591,0.9784461458628126,29353.38437588438,34.97595283283802,15.0,13.681066382466565,0,0,27.770774677397355
1592,0.9774589573133822,29323.768719401465,35.12041703818619,15.0,13.776169079833103,0,0,27.770774677397355
1593,0.9764528270039988,29293.584810119966,35.262703385884606,15.0,13.869838064699914,0,0,27.770774677397355
1594,0.9754280361965133,29262.841085895398,35.40276971341767,15.0,13.962045580925237,0,0,27.770774677397355
1595,0.9743848716822839,29231.54615046852,35.54057451610956,15.0,14.052764305431957,0,0,27.770774677397355
1596,0.9733236256971955,29199.708770915866,35.676076959423284,15.0,14.141967356304207,0,0,27.770774677397355
1597,0.9722445958350625,29167.337875051875,35.80923689106044,15.0,14.229628300752815,0,0,27.770774677397355
1598,0.9711480849594464,29134.44254878339,35.94001485285942,15.0,14.315721162948027,0,0,27.770774677397355
1599,0.9700344011139096,29101.032033417287,36.06837209248782,15.0,14.400220431716816,0,0,27.770774677397355
1600,0.9689038574307365,29067.115722922095,36.194270574925255,15.0,14.483101068102119,0,0,27.770774677397355
1601,0.9677567720381455,29032.703161144364,36.31767299373436,15.0,14.564338512782749,0,0,27.770774677397355
1602,0.9665934679660201,28997.8040389806,36.43854278211516,15.0,14.64390869335054,0,0,27.770774677397355
1603,0.9654142730501886,28962.428191505656,36.55684412374074,15.0,14.721788031443722,0,0,27.770774677397355
1604,0.9642195198352792,28926.585595058375,36.672541963370506,15.0,14.797953449733697,0,0,27.770774677397355
1605,0.9630095454761802,28890.286364285406,36.785602017237565,15.0,14.872382378763213,0,0,27.770774677397355
1606,0.9617846916381333,28853.540749144,36.89599078320787,15.0,14.945052763634253,0,0,27.770774677397355
1607,0.9605453043954908,28816.359131864723,37.00367555070778,15.0,15.015943070543488,0,0,27.770774677397355
1608,0.9592917341291665,28778.752023874993,37.10862441041659,15.0,15.085032293162996,0,0,27.770774677397355
1609,0.9580243354228103,28740.73006268431,37.210806263722205,15.0,15.152299958865068,0,0,27.770774677397355
1610,0.9567434669577373,28702.304008732117,37.31019083193622,15.0,15.217726134788595,0,0,27.770774677397355
1611,0.9554494914066426,28663.484742199278,37.406748665266186,15.0,15.281291433745643,0,0,27.770774677397355
1612,0.9541427753261341,28624.283259784024,37.50045115154219,15.0,15.342977019966277,0,0,27.770774677397355
1613,0.9528236890481133,28584.7106714434,37.59127052469532,15.0,15.402764614680024,0,0,27.770774677397355
1614,0.9514926065700383,28544.77819710115,37.67917987298519,15.0,15.460636501532221,0,0,27.770774677397355
1615,0.9501499054441,28504.497163323,37.76415314697474,15.0,15.516575531833855,0,0,27.770774677397355
1616,0.9487959666653457,28463.878999960372,37.84616516724898,15.0,15.570565129642956,0,0,27.770774677397355
1617,0.9474311745587817,28422.93523676345,37.92519163187633,15.0,15.62258929667651,0,0,27.770774677397355
1618,0.9460559166654892,28381.677499964673,38.001209123609804,15.0,15.672632617051054,0,0,27.770774677397355
1619,0.9446705836277881,28340.117508833642,38.074195116826026,15.0,15.720680261850745,0,0,27.770774677397355
1620,0.9432755690734813,28298.26707220444,38.14412798419998,15.0,15.766717993521446,0,0,31.770774677397352
1621,0.9416878105094567,28250.6343152837,43.7147566958209,15.0,15.810732170089732,0,0,31.770774677397352
1622,0.9400908600225621,28202.725800676864,43.7877065816808,15.0,15.852709749205136,0,0,31.770774677397352
1623,0.9384851344378734,28154.554033136203,43.85709559127088,15.0,15.89263829200506,0,0,31.770774677397352
1624,0.9368710531807171,28106.131595421513,43.92290316312999,15.0,15.930505966800517,0,0,31.770774677397352
1625,0.9352490381523858,28057.471144571573,43.98510979705434,15.0,15.966301552582205,0,0,31.770774677397352
1626,0.9336195136051197,28008.58540815359,44.043697059875804,15.0,16.00001444234555,0,0,31.770774677397352
1627,0.9319829060163917,27959.48718049175,44.098647590924,15.0,16.03163464623372,0,0,31.770774677397352
1628,0.9303396439625325,27910.189318875975,44.14994510717061,15.0,16.061152794497872,0,0,31.770774677397352
1629,0.9286901579917348,27860.704739752044,44.19757440805452,15.0,16.08856014027365,0,0,31.770774677397352
1630,0.927034880496472,27811.04641489416,44.241521379985926,15.0,16.11384856217298,0,0,31.770774677397352
1631,0.9253742455853711,27761.227367561132,44.28177300052858,15.0,16.137010566690677,0,0,31.770774677397352
1632,0.923708688954577,27711.26066863731,44.31831734225866,15.0,16.158039290424945,0,0,31.770774677397352
1633,0.9220386477586466,27661.1594327594,44.35114357629897,15.0,16.176928502111092,0,0,31.770774677397352
1634,0.9203645604810102,27610.936814430308,44.38024197552795,15.0,16.193672604468045,0,0,31.770774677397352
1635,0.9186868668040393,27560.60600412118,44.405603917461896,15.0,16.208266635856894,0,0,31.770774677397352
1636,0.9170060074787594,27510.180224362783,44.42722188681006,15.0,16.220706271751187,0,0,31.770774677397352
1637,0.9153224241942459,27459.67272582738,44.445089477701586,15.0,16.23098782601833,0,0,31.770774677397352
1638,0.9136365594467423,27409.096783402267,44.45920139558366,15.0,16.2391082520119,0,0,31.770774677397352
1639,0.9119488564085383,27358.465692256148,44.46955345879045,15.0,16.24506514347442,0,0,31.770774677397352
1640,0.9102597587966493,27307.79276389948,44.47614259978223,15.0,16.2488567352504,0,0,31.770774677397352
1641,0.908569710741333,27257.09132223999,44.47896686605431,15.0,16.250481903809362,0,0,31.770774677397352
1642,0.9068791566544837,27206.37469963451,44.47802542071564,15.0,16.24994016757878,0,0,31.770774677397352
1643,0.905188541097944,27155.65623293832,44.47331854273679,15.0,16.247231687086803,0,0,31.770774677397352
1644,0.903498308651771,27104.94925955313,44.4648476268673,15.0,16.242357264914645,0,0,31.770774677397352
1645,0.9018089037824984,27054.267113474954,44.45261518322234,15.0,16.2353183454588,0,0,31.770774677397352
1646,0.9001207707114307,27003.62312134292,44.43662483653897,15.0,16.226117014503014,0,0,31.770774677397352
1647,0.8984343532830109,26953.030598490328,44.41688132510202,15.0,16.214755998600232,0,0,31.770774677397352
1648,0.8967500948333006,26902.502844999017,44.39339049934001,15.0,16.20123866426465,0,0,31.770774677397352
1649,0.895068438058609,26852.05314175827,44.366159320091604,15.0,16.185569016974167,0,0,31.770774677397352
1650,0.8933898248843132,26801.694746529396,44.33519585654291,15.0,16.16775169998345,0,0,31.770774677397352
1651,0.8917146963339054,26751.440890017162,44.300509283836405,15.0,16.147791992948054,0,0,31.770774677397352
1652,0.8900434923983088,26701.304771949264,44.2621098803522,15.0,16.125695810359936,0,0,31.770774677397352
1653,0.8883766519054985,26651.299557164955,44.22000902466227,15.0,16.101469699794883,0,0,31.770774677397352
1654,0.8867146123904673,26601.43837171402,44.17421919215875,15.0,16.07512083997228,0,0,31.770774677397352
1655,0.8850578099655748,26551.734298967243,44.12475395135727,15.0,16.046657038627963,0,0,31.770774677397352
1656,0.8834066791913175,26502.200375739525,44.07162795987618,15.0,16.016086730200556,0,0,31.770774677397352
1657,0.8817616529475596,26452.849588426787,44.014856960093354,15.0,15.983418973332215,0,0,31.770774677397352
1658,0.8801231623052611,26403.694869157833,43.95445777448122,15.0,15.94866344818433,0,0,31.770774677397352
1659,0.8784916363987423,26354.74909196227,43.89044830062201,15.0,15.911830453569088,0,0,31.770774677397352
1660,0.876867502298522,26306.02506895566,43.82284750590425,15.0,15.872930903897702,0,0,31.770774677397352
1661,0.875251184884767,26257.53554654301,43.75167542190239,15.0,15.831976325946284,0,0,31.770774677397352
1662,0.8736431067213917,26209.29320164175,43.67695313844089,15.0,15.788978855440126,0,0,31.770774677397352
1663,0.8720436879308423,26161.310637925268,43.598702797345005,15.0,15.743951233457715,0,0,31.770774677397352
1664,0.8704533460696062,26113.600382088185,43.51694758587962,15.0,15.696906802655235,0,0,31.770774677397352
1665,0.8688724960044806,26066.17488013442,43.43171172987824,15.0,15.647859503312802,0,0,31.770774677397352
1666,0.867301549789639,26019.04649368917,43.343020486564605,15.0,15.596823869203774,0,0,31.770774677397352
1667,0.8657409165445299,25972.227496335898,43.250900137068186,15.0,15.543815023287946,0,0,31.770774677397352
1668,0.8641910023326466,25925.730069979396,43.15537797863665,15.0,15.488848673230393,0,0,31.770774677397352
1669,0.8626522100412013,25879.56630123604,43.05648231654713,15.0,15.431941106746935,0,0,31.770774677397352
1670,0.8611249392617413,25833.748177852238,42.95424245571858,15.0,15.373109186777643,0,0,31.770774677397352
1671,0.8596095861717411,25788.287585152233,42.8486886920283,15.0,15.312370346490127,0,0,31.770774677397352
1672,0.8581065434172067,25743.1963025162,42.739852303334565,15.0,15.249742584113633,0,0,31.770774677397352
1673,0.8566161999963259,25698.485999889777,42.62776554020813,15.0,15.18524445760573,0,0,31.770774677397352
1674,0.8551389411442002,25654.168234326007,42.51246161637602,15.0,15.118895079153315,0,0,31.770774677397352
1675,0.8536751482186908,25610.254446560724,42.393974698879305,15.0,15.050714109509157,0,0,31.770774677397352
1676,0.8522251985874141,25566.755957622423,42.27233989794879,15.0,14.980721752166021,0,0,31.770774677397352
1677,0.8507894655159197,25523.68396547759,42.147593256601105,15.0,14.908938747369962,0,0,31.770774677397352
1678,0.8493683180570838,25481.049541712513,42.019771739958266,15.0,14.835386365974465,0,0,31.770774677397352
1679,0.8479621209417507,25438.863628252522,41.88891322429432,15.0,14.76008640313755,0,0,31.770774677397352
1680,0.8465712344706554,25397.137034119663,41.755056485811664,15.0,14.68306117186335,0,0,31.770774677397352
1681,0.8451960144076585,25355.880432229755,41.61824118915067,15.0,14.604333496390165,0,0,31.770774677397352
1682,0.8438368118743257,25315.10435622977,41.478507875636545,15.0,14.52392670542737,0,0,31.770774677397352
1683,0.842493973245883,25274.81919737649,41.335897951265736,15.0,14.441864625242431,0,0,31.770774677397352
1684,0.8411678400485786,25235.03520145736,41.19045367443661,15.0,14.358171572600753,0,0,31.770774677397352
1685,0.8398587488584801,25195.762465754404,41.04221814342731,15.0,14.272872347560059,0,0,31.770774677397352
1686,0.8385670312017415,25157.010936052244,40.89123528362495,15.0,14.185992226121687,0,0,31.770774677397352
1687,0.8372930134563632,25118.790403690895,40.737549834509245,15.0,14.09755695274058,0,0,31.770774677397352
1688,0.8360370167554801,25081.110502664404,40.58120733639569,15.0,14.0075927326969,0,0,31.770774677397352
1689,0.834799356892203,25043.980706766088,40.42225411694049,15.0,13.916126224330558,0,0,31.770774677397352
1690,0.8335803442260413,25007.41032678124,40.260737277413185,15.0,13.823184531142049,0,0,31.770774677397352
1691,0.8323802835909383,24971.40850772815,40.096704678739094,15.0,13.728795193760892,0,0,31.770774677397352
1692,0.8311994742049409,24935.984226148226,39.93020492731731,15.0,13.632986181784842,0,0,31.770774677397352
1693,0.8300382095815353,24901.14628744606,39.761287360617516,15.0,13.535785885491855,0,0,31.770774677397352
1694,0.8288967774426732,24866.903323280196,39.59000203256037,15.0,13.437223107427535,0,0,31.770774677397352
1695,0.8277754596335128,24833.263789005385,39.41639969868507,15.0,13.337327053870107,0,0,31.770774677397352
1696,0.8266745320389025,24800.235961167076,39.24053180110985,15.0,13.236127326176206,0,0,31.770774677397352
1697,0.82559426450163,24767.8279350489,39.0624504532884,15.0,13.133653912009262,0,0,31.770774677397352
1698,0.8245349207424619,24736.047622273858,38.88220842456722,15.0,13.029937176453366,0,0,31.770774677397352
1699,0.8234967582819982,24704.902748459946,38.69985912454952,15.0,12.92500785301574,0,0,31.770774677397352
1700,0.8224800283643627,24674.40085093088,38.5154565872682,15.0,12.818897034519416,0,0,31.770774677397352
1701,0.8214849758827542,24644.549276482623,38.32905545517479,15.0,12.711636163889967,0,0,31.770774677397352
1702,0.8205118393068793,24615.35517920638,38.140710962947715,15.0,12.60325702483831,0,0,31.770774677397352
1703,0.8195608506122891,24586.825518368674,37.95047892112466,15.0,12.493791732442268,0,0,31.770774677397352
1704,0.8186322352116393,24558.967056349178,37.75841569956525,15.0,12.383272723630482,0,0,31.770774677397352
1705,0.8177262118878954,24531.78635663686,37.56457821074718,15.0,12.2717327475705,0,0,31.770774677397352
1706,0.8168429927295033,24505.2897818851,37.36902389290157,15.0,12.159204855964369,0,0,31.770774677397352
1707,0.8159827830675428,24479.483492026284,37.17181069299334,15.0,12.04572239325499,0,0,31.770774677397352
1708,0.8151457814148826,24454.37344244648,36.97299704954978,15.0,11.93131898674519,0,0,31.770774677397352
1709,0.814332179407358,24429.96538222074,36.7726418753442,15.0,11.816028536633354,0,0,31.770774677397352
1710,0.8135421617469841,24406.264852409524,36.57080453993877,15.0,11.699885205968037,0,0,31.770774677397352
1711,0.8127759061472253,24383.27718441676,36.36754485209186,15.0,11.58292341052463,0,0,31.770774677397352
1712,0.8120335832803341,24361.007498410025,36.162923042035764,15.0,11.465177808607407,0,0,31.770774677397352
1713,0.8113153567267783,24339.46070180335,35.956999743628984,15.0,11.346683290779422,0,0,31.770774677397352
1714,0.8106213829267676,24318.641487803026,35.749835976388866,15.0,11.227474969523534,0,0,31.770774677397352
1715,0.8099518111338975,24298.554334016924,35.54149312741071,15.0,11.107588168838134,0,0,31.770774677397352
1716,0.8093067833709222,24279.203501127668,35.332032933177054,15.0,10.987058413769603,0,0,31.770774677397352
1717,0.8086864343876703,24260.59303163011,35.12151746126396,15.0,10.865921419885614,0,0,31.770774677397352
1718,0.8080908916211151,24242.726748633453,34.91000909194901,15.0,10.744213082691786,0,0,31.770774677397352
1719,0.8075202751576126,24225.608254728377,34.69757049972689,15.0,10.62196946699518,0,0,31.770774677397352
1720,0.8069746976973172,24209.240930919517,34.4842646347371,15.0,10.499226796217261,0,0,31.770774677397352
1721,0.8064542645207866,24193.627935623597,34.27015470411112,15.0,10.376021441660487,0,0,31.770774677397352
1722,0.805959073457784,24178.77220373352,34.05530415324211,15.0,10.252389911730301,0,0,31.770774677397352
1723,0.8054892148582901,24164.6764457487,33.83977664698526,15.0,10.128368841117283,0,0,31.770774677397352
1724,0.8050447715657295,24151.343146971885,33.6236360507921,15.0,10.003994979941226,0,0,31.770774677397352
1725,0.8046258188924234,24138.7745667727,33.406946411785995,15.0,9.879305182861398,0,0,31.770774677397352
1726,0.8042324245972717,24126.972737918153,33.18977193978345,15.0,9.754336398155683,0,0,31.770774677397352
1727,0.8038646488656762,24115.939465970285,32.972176988267684,15.0,9.629125656772109,0,0,31.770774677397352
1728,0.8035225442917042,24105.676328751128,32.75422603531873,15.0,9.503710061355514,0,0,31.770774677397352
1729,0.8032061558625061,24096.18467587518,32.53598366450781,15.0,9.378126775253564,0,0,31.770774677397352
1730,0.8029155209449828,24087.465628349484,32.31751454575954,15.0,9.252413011504288,0,0,31.770774677397352
1731,0.8026506692747143,24079.52007824143,32.09888341618861,15.0,9.12660602180894,0,0,31.770774677397352
1732,0.8024116229471479,24072.348688414437,31.880155060917218,15.0,9.00074308549372,0,0,31.770774677397352
1733,0.802198396411051,24065.95189233153,31.661394293877557,15.0,8.87486149846301,0,0,31.770774677397352
1734,0.8020109964642292,24060.32989392688,31.44266593860612,15.0,8.748998562147767,0,0,31.770774677397352
1735,0.801849422251513,24055.48266754539,31.224034809035235,15.0,8.623191572452441,0,0,31.770774677397352
1736,0.80171366526501,24051.409957950298,31.005565690286872,15.0,8.497477808703117,0,0,31.770774677397352
1737,0.8016037093466263,24048.11128039879,30.78732331947595,15.0,8.371894522601165,0,0,31.770774677397352
1738,0.8015195306928553,24045.58592078566,30.56937236652709,15.0,8.246478927184622,0,0,31.770774677397352
1739,0.8014610978618302,24043.832935854905,30.351777415011238,15.0,8.121268185800997,0,0,31.770774677397352
1740,0.8014283717826413,24042.851153479238,30.134602943008744,15.0,7.996299401095308,0,0,31.770774677397352
1741,0.8014213057669135,24042.639173007406,29.917913304002674,15.0,7.871609604015507,0,0,31.770774677397352
1742,0.8014398455226414,24043.19536567924,29.70177270780947,15.0,7.747235742839422,0,0,31.770774677397352
1743,0.8014839291702763,24044.51787510829,29.486245201552663,15.0,7.62321467222643,0,0,31.770774677397352
1744,0.8015534872610639,24046.604617831916,29.27139465068365,15.0,7.499583142296244,0,0,31.770774677397352
1745,0.8016484427976219,24049.45328392866,29.057284720057588,15.0,7.376377787739418,0,0,31.770774677397352
1746,0.8017687112567571,24053.06133770271,28.84397885506788,15.0,7.253635116961551,0,0,31.770774677397352
1747,0.8019142006145105,24057.426018435315,28.631540262845675,15.0,7.131391501264895,0,0,31.770774677397352
1748,0.8020848113734272,24062.544341202818,28.42003189353077,15.0,7.00968316407109,0,0,31.770774677397352
1749,0.8022804365920386,24068.41309776116,28.20951642161768,15.0,6.888546170187103,0,0,31.770774677397352
1750,0.8025009619165521,24075.028857496563,28.000056227384018,15.0,6.768016415118572,0,0,31.770774677397352
1751,0.8027462656147358,24082.387968442075,27.791713378405827,15.0,6.648129614433145,0,0,31.770774677397352
1752,0.8030162186119916,24090.486558359746,27.584549611165787,15.0,6.528921293177307,0,0,31.770774677397352
1753,0.8033106845296014,24099.320535888044,27.378626312758918,15.0,6.410426775349276,0,0,31.770774677397352
1754,0.8036295197251405,24108.885591754217,27.174004502702864,15.0,6.292681173432074,0,0,31.770774677397352
1755,0.8039725733350408,24119.177200051225,26.970744814855998,15.0,6.175719377988689,0,0,31.770774677397352
1756,0.8043396873192954,24130.19061957886,26.76890747945053,15.0,6.05957604732335,0,0,31.770774677397352
1757,0.804730696508289,24141.92089524867,26.56855230524495,15.0,5.944285597211513,0,0,31.770774677397352
1758,0.8051454286517419,24154.362859552257,26.369738661801392,15.0,5.829882190701715,0,0,31.770774677397352
1759,0.8055837044697506,24167.511134092518,26.17252546189312,15.0,5.716399727992313,0,0,31.770774677397352
1760,0.8060453377059131,24181.360131177393,25.976971144047592,15.0,5.603871836386226,0,0,31.770774677397352
1761,0.8065301351825199,24195.9040554756,25.78313365522944,15.0,5.492331860326198,0,0,31.770774677397352
1762,0.8070378968577975,24211.136905733925,25.591070433670026,15.0,5.381812851514411,0,0,31.770774677397352
1763,0.8075684158851844,24227.05247655553,25.400838391847056,15.0,5.2723475591184155,0,0,31.770774677397352
1764,0.8081214786746246,24243.644360238737,25.21249389961994,15.0,5.163968420066737,0,0,31.770774677397352
1765,0.8086968649558591,24260.905948675772,25.026092767526528,15.0,5.056707549437289,0,0,31.770774677397352
1766,0.8092943478436962,24278.830435310887,24.84169023024525,15.0,4.950596730940984,0,0,31.770774677397352
1767,0.8099136939052431,24297.410817157295,24.65934093022747,15.0,4.845667407503315,0,0,31.770774677397352
1768,0.8105546632290765,24316.639896872297,24.47909890150637,15.0,4.741950671947462,0,0,31.770774677397352
1769,0.8112170094963341,24336.510284890024,24.301017553684837,15.0,4.639477257780476,0,0,31.770774677397352
1770,0.8119004800537036,24357.014401611108,24.125149656109624,15.0,4.538277530086576,0,0,31.770774677397352
1771,0.8126048159882897,24378.14447964869,23.95154732223439,15.0,4.4383814765291865,0,0,31.770774677397352
1772,0.8133297522043356,24399.892566130067,23.780261994177174,15.0,4.339818698464827,0,0,31.770774677397352
1773,0.8140750175017766,24422.250525053296,23.611344427477416,15.0,4.2426184021718605,0,0,31.770774677397352
1774,0.8148403346566022,24445.210039698068,23.444844676055666,15.0,4.146809390195829,0,0,31.770774677397352
1775,0.8156254205030042,24468.762615090127,23.28081207738154,15.0,4.052420052814652,0,0,31.770774677397352
1776,0.8164299860172841,24492.899580518522,23.119295237854192,15.0,3.9594783596261243,0,0,31.770774677397352
1777,0.8172537364034973,24517.61209210492,22.960342018399068,15.0,3.868011851259821,0,0,31.770774677397352
1778,0.818096371180808,24542.89113542424,22.803999520285444,15.0,3.7780476312161024,0,0,31.770774677397352
1779,0.8189575842725275,24568.727528175827,22.650314071169806,15.0,3.689612357835031,0,0,31.770774677397352
1780,0.8198370640968118,24595.111922904354,22.49933121136738,15.0,3.6027322363966254,0,0,31.770774677397352
1781,0.8207344936589894,24622.034809769684,22.35109568035811,15.0,3.5174330113559478,0,0,31.770774677397352
1782,0.8216495506454945,24649.486519364837,22.205651403529018,15.0,3.4337399587142867,0,0,31.770774677397352
1783,0.822581907519375,24677.45722558125,22.06304147915818,15.0,3.3516778785293315,0,0,31.770774677397352
1784,0.8235312316173484,24705.93694852045,21.923308165644023,15.0,3.2712710875665194,0,0,31.770774677397352
1785,0.824497185248378,24734.91555745134,21.786492868983085,15.0,3.1925434120933667,0,0,31.770774677397352
1786,0.8254794257937371,24764.382773812114,21.652636130500376,15.0,3.1155181808191337,0,0,31.770774677397352
1787,0.8264776058085356,24794.32817425607,21.521777614836456,15.0,3.040218217982236,0,0,31.770774677397352
1788,0.8274913731246736,24824.741193740207,21.39395609819364,15.0,2.9666658365867518,0,0,31.770774677397352
1789,0.8285203709551979,24855.61112865594,21.269209456845935,15.0,2.894882831790677,0,0,31.770774677397352
1790,0.8295642380000253,24886.92714000076,21.147574655915413,15.0,2.824890474447542,0,0,31.770774677397352
1791,0.8306226085530033,24918.678256590098,21.029087738418696,15.0,2.756709504803382,0,0,31.770774677397352
1792,0.8316951126102768,24950.853378308304,20.913783814586562,15.0,2.690360126350956,0,0,31.770774677397352
1793,0.8327813759799287,24983.441279397863,20.80169705146018,15.0,2.625861999843078,0,0,31.770774677397352
1794,0.8338810203928606,25016.430611785818,20.6928606627664,15.0,2.56323423746656,0,0,31.770774677397352
1795,0.834993663614882,25049.80990844646,20.58730689907614,15.0,2.5024953971790547,0,0,31.770774677397352
1796,0.8361189195599747,25083.567586799243,20.485067038247607,15.0,2.443663477209774,0,0,31.770774677397352
1797,0.8372563984046989,25117.691952140965,20.386171376158064,15.0,2.386755910726305,0,0,31.770774677397352
1798,0.8384057067037052,25152.171201111156,20.29064921772652,15.0,2.33178956066875,0,0,31.770774677397352
1799,0.8395664475063219,25186.99342518966,20.198528868230124,15.0,2.2787807147529344,0,0,31.770774677397352
1800,0.8407382204741801,25222.146614225403,20.10983762491646,15.0,2.2277450806438863,0,0,31.770774677397352
1801,0.8419206219998417,25257.618659995253,20.024601768915115,15.0,2.178697781301471,0,0,31.770774677397352
1802,0.843113245326398,25293.39735979194,19.9428465574497,15.0,2.1316533504989725,0,0,31.770774677397352
1803,0.8443156806679996,25329.470420039986,19.864596216353807,15.0,2.086625728516559,0,0,31.770774677397352
1804,0.8455275153312853,25365.825459938562,19.789873932892338,15.0,2.043628258010418,0,0,31.770774677397352
1805,0.8467483338376729,25402.450015130187,19.71870184889046,15.0,2.0026736800589937,0,0,31.770774677397352
1806,0.8479777180464725,25439.331541394175,19.6511010541727,15.0,1.9637741303876082,0,0,31.770774677397352
1807,0.8492152472787924,25476.45741836377,19.587091580313498,15.0,1.9269411357723707,0,0,31.770774677397352
1808,0.8504604984421942,25513.814953265824,19.526692394701357,15.0,1.892185610624479,0,0,31.770774677397352
1809,0.8517130461560649,25551.39138468195,19.469921394918515,15.0,1.859517853756135,0,0,31.770774677397352
1810,0.8529724628776664,25589.17388632999,19.41679540343745,15.0,1.828947545328738,0,0,31.770774677397352
1811,0.8542383190288247,25627.14957086474,19.36733016263595,15.0,1.8004837439844112,0,0,31.770774677397352
1812,0.8555101831232245,25665.305493696735,19.32154033013245,15.0,1.7741348841618163,0,0,31.770774677397352
1813,0.8567876218942668,25703.628656828005,19.279439474442505,15.0,1.749908773596753,0,0,31.770774677397352
1814,0.8580702004234558,25742.106012703676,19.2410400709583,15.0,1.7278125910086373,0,0,31.770774677397352
1815,0.8593574822692748,25780.724468078242,19.20635349825181,15.0,1.7078528839732456,0,0,31.770774677397352
1816,0.860649029596512,25819.47088789536,19.175390034703103,15.0,1.6900355669825244,0,0,31.770774677397352
1817,0.8619444033060022,25858.332099180065,19.14815885545469,15.0,1.6743659196920375,0,0,31.770774677397352
1818,0.86324316316474,25897.294894942203,19.124668029692693,15.0,1.66084858535646,0,0,31.770774677397352
1819,0.8645448679363313,25936.34603808994,19.104924518255732,15.0,1.6494875694536737,0,0,31.770774677397352
1820,0.8658490755117406,25975.47226535222,19.088934171572365,15.0,1.6402862384978878,0,0,31.770774677397352
1821,0.8671553430402976,26014.66029120893,19.076701727927407,15.0,1.6332473190420438,0,0,31.770774677397352
1822,0.8684632270609235,26053.896811827704,19.068230812057912,15.0,1.6283728968698878,0,0,31.770774677397352
1823,0.8697722836335379,26093.168509006136,19.063523934079065,15.0,1.6256644163779086,0,0,31.770774677397352
1824,0.8710820684706081,26132.46205411824,19.062582488740393,15.0,1.6251226801473302,0,0,31.770774677397352
1825,0.8723921370688006,26171.76411206402,19.065406755012475,15.0,1.6267478487062883,0,0,31.770774677397352
1826,0.8737020448406979,26211.061345220936,19.07199589600425,15.0,1.630539440482265,0,0,31.770774677397352
1827,0.8750113472465382,26250.340417396146,19.08234795921105,15.0,1.636496331944791,0,0,31.770774677397352
1828,0.8763195999259432,26289.587997778297,19.096459877093118,15.0,1.6446167579383606,0,0,31.770774677397352
1829,0.8776263588295912,26328.790764887734,19.114327467984634,15.0,1.6548983122055017,0,0,31.770774677397352
1830,0.8789311803507978,26367.935410523933,19.1359454373328,15.0,1.6673379480997903,0,0,31.770774677397352
1831,0.8802336214569677,26407.008643709032,19.161307379266752,15.0,1.6819319794886445,0,0,31.770774677397352
1832,0.8815332398208735,26445.997194626205,19.190405778495727,15.0,1.6986760818455897,0,0,31.770774677397352
1833,0.8828295939517274,26484.887818551822,19.223232012536045,15.0,1.7175652935317438,0,0,31.770774677397352
1834,0.8841222433260042,26523.667299780125,19.25977635426611,15.0,1.7385940172660064,0,0,31.770774677397352
1835,0.8854107485179781,26562.322455539343,19.30002797480878,15.0,1.7617560217837136,0,0,31.770774677397352
1836,0.8866946713299337,26600.840139898013,19.343974946740186,15.0,1.7870444436830437,0,0,31.770774677397352
1837,0.8879735749220143,26639.20724766043,19.391604247624073,15.0,1.814451789458806,0,0,31.770774677397352
1838,0.8892470239416658,26677.410718249972,19.442901763870694,15.0,1.8439699377229664,0,0,31.770774677397352
1839,0.8905145846526418,26715.437539579252,19.49785229491889,15.0,1.8755901416111393,0,0,31.770774677397352
1840,0.8917758250635287,26753.27475190586,19.556439557740347,15.0,1.9093030313744728,0,0,31.770774677397352
1841,0.8930303150557548,26790.909451672644,19.618646191664723,15.0,1.9450986171561762,0,0,31.770774677397352
1842,0.8942776265110424,26828.328795331272,19.684453763523837,15.0,1.9829662919516342,0,0,31.770774677397352
1843,0.8955173334382697,26865.52000314809,19.75384277311387,15.0,2.022894834751539,0,0,31.770774677397352
1844,0.8967490120997003,26902.470362991007,19.826792658973808,15.0,2.064872413866962,0,0,31.770774677397352
1845,0.8979722411365465,26939.167234096396,19.903281804478013,15.0,2.108886590435226,0,0,31.770774677397352
1846,0.8991866016938269,26975.598050814806,19.983287544241957,15.0,2.1549243221059386,0,0,31.770774677397352
1847,0.9003916775444816,27011.750326334448,20.066786170838277,15.0,2.20297196690563,0,0,31.770774677397352
1848,0.9015870552127098,27047.611656381294,20.153752941821814,15.0,2.2530152872801623,0,0,31.770774677397352
1849,0.9027723240964916,27083.169722894745,20.2441620870615,15.0,2.3050394543137274,0,0,31.770774677397352
1850,0.9039470765892577,27118.41229767773,20.337986816376382,15.0,2.359029052122838,0,0,31.770774677397352
1851,0.9051109082006729,27153.327246020184,20.43519932747421,15.0,2.4149680824244513,0,0,31.770774677397352
1852,0.9062634176764945,27187.902530294836,20.535770814190016,15.0,2.472839969276669,0,0,31.770774677397352
1853,0.9074042071174732,27222.126213524196,20.63967147502171,15.0,2.532627563990407,0,0,31.770774677397352
1854,0.9085328820972587,27255.98646291776,20.74687052196115,15.0,2.5943131502110393,0,0,31.770774677397352
1855,0.9096490517792772,27289.471553378316,20.857336189617186,15.0,2.657878449168086,0,0,31.770774677397352
1856,0.9107523290325443,27322.56987097633,20.97103574462842,15.0,2.7233046250915987,0,0,31.770774677397352
1857,0.9118423305463808,27355.269916391422,21.087935495362927,15.0,2.790572290793683,0,0,31.770774677397352
1858,0.9129186769439951,27387.56030831985,21.208000801901637,15.0,2.859661513413208,0,0,31.770774677397352
1859,0.9139809928949018,27419.429786847053,21.33119608630293,15.0,2.9305518203224135,0,0,31.770774677397352
1860,0.9150289072261393,27450.86721678418,21.457484843145373,15.0,3.0032222051934836,0,0,31.770774677397352
1861,0.916062053032257,27481.86159096771,21.586829650344708,15.0,3.0776511342229815,0,0,31.770774677397352
1862,0.9170800677840367,27512.402033521103,21.719192180243088,15.0,3.153816552512942,0,0,31.770774677397352
1863,0.9180825934359184,27542.477803077552,21.854533210966295,15.0,3.231695890606143,0,0,31.770774677397352
1864,0.9190692765320966,27572.078295962896,21.99281263804605,15.0,3.3112660711739483,0,0,31.770774677397352
1865,0.9200397683112568,27601.193049337704,22.13398948630371,15.0,3.392503515854541,0,0,31.770774677397352
1866,0.9209937248099216,27629.811744297647,22.278021921992412,15.0,3.475384152239883,0,0,31.770774677397352
1867,0.9219308069643737,27657.92420893121,22.42486726519286,15.0,3.5598834210086334,0,0,31.770774677397352
1868,0.9228506807111281,27685.520421333844,22.57448200246081,15.0,3.645976283203882,0,0,31.770774677397352
1869,0.9237530170859228,27712.590512577684,22.72682179972056,15.0,3.7336372276524723,0,0,31.770774677397352
1870,0.9246374923211973,27739.12476963592,22.88184151540246,15.0,3.822840278524703,0,0,31.770774677397352
1871,0.9255037879420324,27765.11363826097,23.039495213819148,15.0,3.913559003031441,0,0,31.770774677397352
1872,0.9263515908605204,27790.547725815613,23.199736178777368,15.0,4.005766519256764,0,0,31.770774677397352
1873,0.9271805934685414,27815.417804056244,23.36251692742082,15.0,4.099435504123555,0,0,31.770774677397352
1874,0.9279904937289125,27839.714811867376,23.527789224300726,15.0,4.194538201490134,0,0,31.770774677397352
1875,0.928780995264889,27863.42985794667,23.695504095668582,15.0,4.291046430374749,0,0,31.770774677397352
1876,0.9295518074479867,27886.5542234396,23.865611843988347,15.0,4.38893159330632,0,0,31.770774677397352
1877,0.9303026454841018,27909.079364523055,24.03806206266311,15.0,4.48816468479862,0,0,31.770774677397352
1878,0.9310332304979011,27930.996914937034,24.21280365097115,15.0,4.588716299944931,0,0,31.770774677397352
1879,0.9317432896154592,27952.298688463776,24.38978482920873,15.0,4.690556643131663,0,0,31.770774677397352
1880,0.9324325560451167,27972.9766813535,24.56895315403317,15.0,4.79365553686724,0,0,31.770774677397352
1881,0.9331007691565362,27993.023074696084,24.750255534002953,15.0,4.8979824307243245,0,0,31.770774677397352
1882,0.933747674557933,28012.43023673799,24.933638245310206,15.0,5.003506410392795,0,0,31.770774677397352
1883,0.9343730241714568,28031.190725143704,25.11904694769978,15.0,5.110196206840039,0,0,31.770774677397352
1884,0.9349765763067024,28049.297289201073,25.306426700571627,15.0,5.218020205576771,0,0,31.770774677397352
1885,0.9355580957323278,28066.742871969836,25.49572197926114,15.0,5.326946456025221,0,0,31.770774677397352
1886,0.9361173537457584,28083.520612372755,25.686876691491797,15.0,5.4369426809864905,0,0,31.770774677397352
1887,0.9366541282409565,28099.623847228697,25.879834193996956,15.0,5.5479762862052375,0,0,31.770774677397352
1888,0.9371682037742362,28115.046113227083,26.07453730930425,15.0,5.660014370027931,0,0,31.770774677397352
1889,0.9376593716281033,28129.7811488431,26.27092834267855,15.0,5.773023733152334,0,0,31.770774677397352
1890,0.9381274298731043,28143.822896193127,26.4689490992183,15.0,5.886970888465276,0,0,35.770774677397355
1891,0.9384602627870852,28153.807883612553,30.026160118370083,15.0,6.001822070965414,0,0,35.770774677397355
1892,0.9387687588569683,28163.062765709048,30.25258315497426,15.0,6.117543247768634,0,0,35.770774677397355
1893,0.9390527307733475,28171.581923200425,30.48064135081895,15.0,6.234100128192877,0,0,35.770774677397355
1894,0.9393119984938526,28179.35995481558,30.710267127338682,15.0,6.351458173918896,0,0,35.770774677397355
1895,0.9395463892964998,28186.391678894994,30.941392441460202,15.0,6.469582609224975,0,0,35.770774677397355
1896,0.9397557378308727,28192.672134926182,31.17394880576483,15.0,6.588438431291596,0,0,35.770774677397355
1897,0.9399398861671198,28198.196585013593,31.4078673087829,15.0,6.707990420573589,0,0,35.770774677397355
1898,0.9400986838427519,28202.960515282557,31.643078635413442,15.0,6.828203151236311,0,0,35.770774677397355
1899,0.9402319879072278,28206.959637216834,31.879513087464304,15.0,6.949041001653363,0,0,35.770774677397355
1900,0.9403396629643135,28210.189888929406,32.11710060430447,15.0,7.070468164961671,0,0,35.770774677397355
1901,0.940421581212203,28212.64743636609,32.35577078362533,15.0,7.192448659672236,0,0,35.770774677397355
1902,0.9404776224813884,28214.328674441655,32.59545290230169,15.0,7.314946340331845,0,0,35.770774677397355
1903,0.9405076742702698,28215.230228108096,32.836075937349065,15.0,7.437924908234027,0,0,35.770774677397355
1904,0.9405116317784905,28215.348953354714,33.0775685869691,15.0,7.561347922175015,0,0,35.770774677397355
1905,0.9404893979379926,28214.681938139776,33.31985929167793,15.0,7.685178809252124,0,0,35.770774677397355
1906,0.9404408834417801,28213.226503253405,33.56287625551054,15.0,7.809380875700938,0,0,35.770774677397355
1907,0.9403660067703827,28210.98020311148,33.80654746729599,15.0,7.933917317768778,0,0,35.770774677397355
1908,0.940264694216011,28207.94082648033,34.0508007219953,15.0,8.058751232620088,0,0,35.770774677397355
1909,0.9401368799043985,28204.106397131956,34.29556364209758,15.0,8.183845629271708,0,0,35.770774677397355
1910,0.9399825058143217,28199.47517442965,34.54076369906732,15.0,8.309163439554235,0,0,35.770774677397355
1911,0.939801521794792,28194.04565384376,34.78632823483575,15.0,8.434667529095869,0,0,35.770774677397355
1912,0.9395938855799179,28187.816567397535,35.03218448333121,15.0,8.560320708326284,0,0,35.770774677397355
1913,0.9393595628014278,28180.786884042835,35.2782595920413,15.0,8.68608574349668,0,0,35.770774677397355
1914,0.9390985269988555,28172.955809965668,35.524480643600434,15.0,8.81192536771283,0,0,35.770774677397355
1915,0.9388107596273803,28164.322788821406,35.77077467739734,15.0,8.937802291978336,0,0,35.770774677397355
1916,0.9384962500633216,28154.887501899648,36.017068711194234,15.0,9.063679216243841,0,0,35.770774677397355
1917,0.9381549956072883,28144.64986821865,36.263289762753374,15.0,9.18951884045999,0,0,35.770774677397355
1918,0.937787001484978,28133.61004454934,36.50936487146346,15.0,9.315283875630389,0,0,35.770774677397355
1919,0.9373922808456281,28121.768425368842,36.75522111995892,15.0,9.440937054860802,0,0,35.770774677397355
1920,0.9369708547581199,28109.1256427436,37.0007856557273,15.0,9.566441144402411,0,0,35.770774677397355
1921,0.9365227522047357,28095.68256614207,37.2459857126971,15.0,9.691758954684964,0,0,35.770774677397355
1922,0.9360480100725699,28081.440302177096,37.49074863279937,15.0,9.816853351336583,0,0,35.770774677397355
1923,0.9355466731425993,28066.40019427798,37.735001887498676,15.0,9.941687266187895,0,0,35.770774677397355
1924,0.9350187940764133,28050.5638222924,37.97867309928414,15.0,10.066223708255734,0,0,35.770774677397355
1925,0.9344644334006088,28033.933002018264,38.22169006311674,15.0,10.190425774704547,0,0,35.770774677397355
1926,0.9338836594888553,28016.50978466566,38.463980767825575,15.0,10.314256661781656,0,0,35.770774677397355
1927,0.9332765485416342,27998.296456249027,38.7054734174456,15.0,10.437679675722647,0,0,35.770774677397355
1928,0.9326431845636589,27979.29553690977,38.94609645249298,15.0,10.560658243624827,0,0,35.770774677397355
1929,0.9319836593389825,27959.509780169476,39.18577857116934,15.0,10.683155924284437,0,0,35.770774677397355
1930,0.9312980724037999,27938.942172114,39.4244487504902,15.0,10.805136418995001,0,0,35.770774677397355
1931,0.9305865310169533,27917.5959305086,39.662036267330365,15.0,10.92656358230331,0,0,35.770774677397355
1932,0.9298491501281492,27895.474503844474,39.89847071938122,15.0,11.047401432720362,0,0,35.770774677397355
1933,0.929086052343896,27872.581570316877,40.13368204601177,15.0,11.167614163383085,0,0,35.770774677397355
1934,0.9282973678911733,27848.9210367352,40.367600549029845,15.0,11.287166152665076,0,0,35.770774677397355
1935,0.9274832345788432,27824.497037365294,40.60015691333447,15.0,11.406021974731699,0,0,35.770774677397355
1936,0.9266437977568135,27799.313932704405,40.831282227455986,15.0,11.524146410037776,0,0,35.770774677397355
1937,0.9257792102729684,27773.37630818905,41.06090800397572,15.0,11.641504455763796,0,0,35.770774677397355
1938,0.9248896324278758,27746.688972836273,41.28896619982041,15.0,11.758061336188037,0,0,35.770774677397355
1939,0.923975231927287,27719.256957818612,41.51538923642458,15.0,11.873782512991259,0,0,35.770774677397355
1940,0.9230361838324421,27691.085514973263,41.740110019756074,15.0,11.988633695491398,0,0,35.770774677397355
1941,0.922072670508195,27662.18011524585,41.963061960196825,15.0,12.10258085080434,0,0,35.770774677397355
1942,0.9210848815689753,27632.546447069257,42.18417899227508,15.0,12.215590213928742,0,0,35.770774677397355
1943,0.9200730138226009,27602.190414678025,42.40339559424228,15.0,12.327628297751437,0,0,35.770774677397355
1944,0.9190372712119602,27571.118136358808,42.62064680748814,15.0,12.438661902970184,0,0,35.770774677397355
1945,0.9179778647545792,27539.335942637375,42.83586825578949,15.0,12.548658127931454,0,0,35.770774677397355
1946,0.9168950124800921,27506.850374402762,43.048996164386416,15.0,12.657584378379902,0,0,35.770774677397355
1947,0.915788939365635,27473.66818096905,43.25996737887977,15.0,12.765408377116636,0,0,35.770774677397355
1948,0.9146598772691799,27439.796318075394,43.46871938394575,15.0,12.87209817356388,0,0,35.770774677397355
1949,0.9135080648608302,27405.241945824906,43.67519032185992,15.0,12.977622153232351,0,0,35.770774677397355
1950,0.9123337475520981,27370.012426562942,43.87931901082729,15.0,13.081949047089434,0,0,35.770774677397355
1951,0.9111371774231829,27334.11532269549,44.081044963112035,15.0,13.185047940825012,0,0,35.770774677397355
1952,0.9099186131482754,27297.55839444826,44.2803084029608,15.0,13.286888284011766,0,0,35.770774677397355
1953,0.908678319918906,27260.34959756718,44.47705028431581,15.0,13.387439899158075,0,0,35.770774677397355
1954,0.9074165693653634,27222.497080960904,44.67121230831176,15.0,13.486672990650375,0,0,35.770774677397355
1955,0.9061336394762051,27184.00918428615,44.86273694055041,15.0,13.584558153581948,0,0,35.770774677397355
1956,0.9048298145158816,27144.89443547645,45.051567428149966,15.0,13.681066382466561,0,0,35.770774677397355
1957,0.9035053849405054,27105.16154821516,45.23764781656147,15.0,13.776169079833103,0,0,35.770774677397355
1958,0.9021606473117799,27064.819419353396,45.42092296614999,15.0,13.869838064699895,0,0,35.770774677397355
1959,0.9007959042091237,27023.87712627371,45.60133856853337,15.0,13.962045580925217,0,0,35.770774677397355
1960,0.8994114641400089,26982.343924200268,45.77884116267486,15.0,14.052764305431975,0,0,35.770774677397355
1961,0.8980076414485437,26940.229243456313,45.95337815072492,15.0,14.141967356304187,0,0,35.770774677397355
1962,0.8965847562223259,26897.542686669778,46.12489781360733,15.0,14.229628300752795,0,0,35.770774677397355
1963,0.8951431341975936,26854.294025927808,46.2933493263442,15.0,14.315721162948044,0,0,35.770774677397355
1964,0.8936831066627026,26810.493199881075,46.458682773116756,15.0,14.400220431716797,0,0,35.770774677397355
1965,0.8922050103599585,26766.150310798756,46.62084916205667,15.0,14.483101068102137,0,0,35.770774677397355
1966,0.8907091873858332,26721.275621574994,46.77980043976294,15.0,14.564338512782731,0,0,35.770774677397355
1967,0.8891959850895934,26675.879552687802,46.93548950554163,15.0,14.643908693350536,0,0,35.770774677397355
1968,0.8876657559703744,26629.972679111233,47.087870225362465,15.0,14.721788031443754,0,0,35.770774677397355
1969,0.8861188575727265,26583.565727181795,47.236897445529465,15.0,14.797953449733697,0,0,35.770774677397355
1970,0.8845556523806668,26536.669571420003,47.38252700606112,15.0,14.872382378763213,0,0,35.770774677397355
1971,0.8829765077102676,26489.295231308028,47.52471575377559,15.0,14.945052763634251,0,0,35.770774677397355
1972,0.8813817956008128,26441.453868024382,47.663421555078365,15.0,15.015943070543488,0,0,35.770774677397355
1973,0.879771892704554,26393.156781136622,47.7986033084469,15.0,15.085032293162982,0,0,35.770774677397355
1974,0.8781471801751016,26344.41540525305,47.930220956610285,15.0,15.152299958865068,0,0,35.770774677397355
1975,0.8765080435544792,26295.241306634376,48.05823549841876,15.0,15.217726134788581,0,0,35.770774677397355
1976,0.8748548726588801,26245.6461797664,48.18260900040089,15.0,15.281291433745642,0,0,35.770774677397355
1977,0.8731880614631562,26195.641843894686,48.30330460800374,15.0,15.342977019966263,0,0,35.770774677397355
1978,0.8715080079840747,26145.24023952224,48.42028655651406,15.0,15.402764614680013,0,0,35.770774677397355
1979,0.8698151141623773,26094.45342487132,48.53352018165575,15.0,15.460636501532228,0,0,35.770774677397355
1980,0.8681097857436761,26043.293572310286,48.64297192986189,15.0,15.516575531833844,0,0,35.770774677397355
1981,0.8663924321582229,25991.772964746688,48.74860936821741,15.0,15.570565129642956,0,0,35.770774677397355
1982,0.8646634663995856,25939.90399198757,48.85040119406941,15.0,15.622589296676521,0,0,35.770774677397355
1983,0.86292330490227,25887.6991470681,48.94831724430303,15.0,15.672632617051054,0,0,35.770774677397355
1984,0.8611723674183205,25835.171022549614,49.04232850427945,15.0,15.720680261850744,0,0,35.770774677397355
1985,0.8594110768929392,25782.332306788176,49.132407116433384,15.0,15.766717993521468,0,0,35.770774677397355
1986,0.8576398593391577,25729.19578017473,49.218526388527934,15.0,15.810732170089729,0,0,35.770774677397355
1987,0.8558591437116004,25675.774311348014,49.30066080156426,15.0,15.852709749205154,0,0,35.770774677397355
1988,0.8540693617793761,25622.08085338128,49.37878601734312,15.0,15.892638292005058,0,0,35.770774677397355
1989,0.8522709479981349,25568.128439944045,49.45287888567701,15.0,15.9305059668005,0,0,35.770774677397355
1990,0.8504643393813303,25513.930181439908,49.52291745125001,15.0,15.966301552582202,0,0,35.770774677397355
1991,0.8486499753707225,25459.499261121677,49.58888096012356,15.0,16.000014442345538,0,0,35.770774677397355
1992,0.8468282977061624,25404.84893118487,49.650749865886404,15.0,16.031634646233716,0,0,35.770774677397355
1993,0.844999750294694,25349.99250884082,49.7085058354465,15.0,16.06115279449788,0,0,35.770774677397355
1994,0.843164779079016,25294.94337237048,49.76213175446356,15.0,16.088560140273643,0,0,35.770774677397355
1995,0.8413238319053387,25239.71495716016,49.81161173242049,15.0,16.113848562172972,0,0,35.770774677397355
1996,0.8394773583906775,25184.320751720326,49.856931107331945,15.0,16.137010566690684,0,0,35.770774677397355
1997,0.8376258097896225,25128.774293688675,49.89807645008903,15.0,16.158039290424945,0,0,35.770774677397355
1998,0.8357696388606207,25073.089165818623,49.93503556843874,15.0,16.176928502111096,0,0,35.770774677397355
1999,0.8339092997318154,25017.278991954463,49.96779751059663,15.0,16.19367260446804,0,0,35.770774677397355
2000,0.8320452477664768,24961.357432994304,49.99635256849222,15.0,16.208266635856894,0,0,35.770774677397355
2001,0.8301779394280691,24905.33818284207,50.020692280645555,15.0,16.22070627175119,0,0,35.770774677397355
2002,0.8283078321449899,24849.234964349696,50.040809434674635,15.0,16.23098782601833,0,0,35.770774677397355
2003,0.8264353841750246,24793.061525250738,50.056698069432564,15.0,16.2391082520119,0,0,35.770774677397355
2004,0.8245610544695545,24736.831634086637,50.06835347677395,15.0,16.24506514347442,0,0,35.770774677397355
2005,0.8226853025375601,24680.559076126803,50.075772202950056,15.0,16.2488567352504,0,0,35.770774677397355
2006,0.8208085883094579,24624.257649283736,50.078952049632214,15.0,16.250481903809362,0,0,35.770774677397355
2007,0.8189313720008137,24567.94116002441,50.07789207456322,15.0,16.24994016757878,0,0,35.770774677397355
2008,0.8170541139759706,24511.62341927912,50.07259259183657,15.0,16.247231687086803,0,0,35.770774677397355
2009,0.8151772746116331,24455.318238348995,50.06305517180335,15.0,16.242357264914645,0,0,35.770774677397355
2010,0.8133013141604477,24399.039424813433,50.04928264060697,15.0,16.235318345458804,0,0,35.770774677397355
2011,0.8114266926146197,24342.80077843859,50.031279079345644,15.0,16.226117014503014,0,0,35.770774677397355
2012,0.809553869569608,24286.616087088238,50.00904982286313,15.0,16.214755998600232,0,0,35.770774677397355
2013,0.8076833040879366,24230.4991226381,49.98260145816788,15.0,16.201238664264654,0,0,35.770774677397355
2014,0.8058154545631654,24174.46363689496,49.95194182248113,15.0,16.185569016974167,0,0,35.770774677397355
2015,0.8039507785840573,24118.523357521717,49.917080000914645,15.0,16.167751699983448,0,0,35.770774677397355
2016,0.8020897327989847,24062.69198396954,49.878026323778535,15.0,16.147791992948054,0,0,35.770774677397355
2017,0.8002327727806158,24006.983183418473,49.834792363520165,15.0,16.125695810359936,0,0,35.770774677397355
2018,0.7983803528909177,23951.410586727532,49.787390931295036,15.0,16.101469699794873,0,0,35.770774677397355
2019,0.7965329261465196,23895.987784395587,49.735836073170546,15.0,16.07512083997228,0,0,35.770774677397355
2020,0.7946909440844735,23840.728322534203,49.68014306596374,15.0,16.046657038627952,0,0,35.770774677397355
2021,0.7928548566284549,23785.64569885365,49.620328412714684,15.0,16.016086730200556,0,0,35.770774677397355
2022,0.7910251119554403,23730.75335866321,49.55640983779601,15.0,15.983418973332222,0,0,35.770774677397355
2023,0.7892021563629026,23676.064690887077,49.48840628166091,15.0,15.94866344818433,0,0,35.770774677397355
2024,0.7873864341365635,23621.593024096906,49.41633789523075,15.0,15.911830453569095,0,0,35.770774677397355
2025,0.7855783874187425,23567.351622562277,49.34022603392374,15.0,15.872930903897709,0,0,35.770774677397355
2026,0.7837784560773402,23513.353682320205,49.26009325132705,15.0,15.831976325946275,0,0,35.770774677397355
2027,0.7819870775754957,23459.61232726487,49.17596329251359,15.0,15.788978855440135,0,0,35.770774677397355
2028,0.7802046868419575,23406.140605258726,49.08786108700579,15.0,15.743951233457723,0,0,35.770774677397355
2029,0.7784317161422044,23352.951484266134,48.99581274138855,15.0,15.696906802655226,0,0,35.770774677397355
2030,0.7766685949503558,23300.057848510674,48.89984553157329,15.0,15.647859503312812,0,0,35.770774677397355
2031,0.7749157498219091,23247.472494657275,48.799987894715336,15.0,15.596823869203764,0,0,35.770774677397355
2032,0.7731736042673428,23195.208128020284,48.696269420787644,15.0,15.543815023287927,0,0,35.770774677397355
2033,0.7714425786266202,23143.27735879861,48.5887208438125,15.0,15.488848673230393,0,0,35.770774677397355
2034,0.7697230899446347,23091.69269833904,48.47737403275428,15.0,15.431941106746912,0,0,35.770774677397355
2035,0.7680155518476294,23040.46655542888,48.362261982076234,15.0,15.373109186777643,0,0,35.770774677397355
2036,0.7663203744206313,22989.61123261894,48.24341880196321,15.0,15.312370346490127,0,0,35.770774677397355
2037,0.7646379640859342,22939.138922578026,48.120879708214424,15.0,15.249742584113633,0,0,35.770774677397355
2038,0.7629687234826669,22889.061704480006,47.99468101180786,15.0,15.18524445760573,0,0,35.770774677397355
2039,0.7613130513474823,22839.39154042447,47.86486010814096,15.0,15.118895079153331,0,0,35.770774677397355
2040,0.7596713423964039,22790.140271892116,47.731455465949125,15.0,15.050714109509158,0,0,35.770774677397355
2041,0.7580439872078618,22741.319616235854,47.594506615907065,15.0,14.980721752166037,0,0,35.770774677397355
2042,0.756431372106957,22692.94116320871,47.45405413891454,15.0,14.90893874736995,0,0,35.770774677397355
2043,0.754833879050984,22645.01637152952,47.31013965407175,15.0,14.835386365974449,0,0,35.770774677397355
2044,0.7532518855162492,22597.556565487477,47.16280580634653,15.0,14.760086403137569,0,0,35.770774677397355
2045,0.7516857643862164,22550.572931586492,47.012096253937585,15.0,14.683061171863335,0,0,35.770774677397355
2046,0.7501358838410132,22504.076515230394,46.85805565533797,15.0,14.604333496390183,0,0,35.770774677397355
2047,0.7486026072483315,22458.078217449944,46.70072965610141,15.0,14.52392670542737,0,0,35.770774677397355
2048,0.7470862930557538,22412.588791672613,46.54016487531692,15.0,14.441864625242413,0,0,35.770774677397355
2049,0.7455872946845373,22367.61884053612,46.37640889179437,15.0,14.358171572600753,0,0,35.770774677397355
2050,0.7441059604248876,22323.178812746628,46.209510229965694,15.0,14.272872347560059,0,0,35.770774677397355
2051,0.7426426333327529,22279.278999982587,46.03951834550642,15.0,14.185992226121652,0,0,35.770774677397355
2052,0.7411976511281689,22235.92953384507,45.86648361068073,15.0,14.097556952740582,0,0,35.770774677397355
2053,0.7397713460951854,22193.14038285556,45.69045729941486,15.0,14.0075927326969,0,0,35.770774677397355
2054,0.7383640449834027,22150.92134950208,45.51149157210372,15.0,13.916126224330561,0,0,35.770774677397355
2055,0.7369760689111496,22109.28206733449,45.32963946015488,15.0,13.823184531142068,0,0,35.770774677397355
2056,0.7356077332703289,22068.231998109866,45.14495485027363,15.0,13.728795193760893,0,0,35.770774677397355
2057,0.7342593476329589,22027.780428988764,44.95749246849586,15.0,13.632986181784863,0,0,35.770774677397355
2058,0.7329312156594415,21987.936469783246,44.767307863970885,15.0,13.535785885491878,0,0,35.770774677397355
2059,0.7316236350085813,21948.70905025744,44.57445739250166,15.0,13.437223107427517,0,0,35.770774677397355
2060,0.7303368972493823,21910.10691748147,44.378998199844986,15.0,13.337327053870126,0,0,35.770774677397355
2061,0.7290712877746498,21872.138633239494,44.180988204777854,15.0,13.236127326176227,0,0,35.770774677397355
2062,0.7278270857164224,21834.812571492672,43.98048608193528,15.0,13.133653912009242,0,0,35.770774677397355
2063,0.7266045638632592,21798.136915897776,43.777551244423535,15.0,13.029937176453391,0,0,35.770774677397355
2064,0.7254039885794067,21762.1196573822,43.572243826214525,15.0,12.925007853015721,0,0,35.770774677397355
2065,0.7242256197258692,21726.768591776075,43.36462466432721,15.0,12.818897034519374,0,0,35.770774677397355
2066,0.7230697105834064,21692.091317502192,43.15475528080016,15.0,12.711636163889969,0,0,35.770774677397355
2067,0.7219365077774813,21658.09523332444,42.942697864460875,15.0,12.603257024838268,0,0,35.770774677397355
2068,0.7208262512051785,21624.787536155356,42.72851525249857,15.0,12.493791732442272,0,0,35.770774677397355
2069,0.7197391739641193,21592.17521892358,42.51227091184344,15.0,12.383272723630483,0,0,35.770774677397355
2070,0.7186755022833884,21560.265068501652,42.29402892036072,15.0,12.271732747570503,0,0,35.770774677397355
2071,0.7176354554564977,21529.06366369493,42.07385394786236,15.0,12.15920485596437,0,0,35.770774677397355
2072,0.7166192457764053,21498.57737329216,41.85181123694467,15.0,12.045722393255012,0,0,35.770774677397355
2073,0.7156270784726083,21468.812354178248,41.627966583654775,15.0,11.931318986745193,0,0,35.770774677397355
2074,0.7146591516503286,21439.774549509857,41.402386317994605,15.0,11.816028536633379,0,0,35.770774677397355
2075,0.7137156562318105,21411.469686954315,41.175137284265084,15.0,11.699885205968018,0,0,35.770774677397355
2076,0.7127967758997461,21383.903276992383,40.94628682125945,15.0,11.582923410524607,0,0,35.770774677397355
2077,0.711902687042846,21357.08061128538,40.71590274230899,15.0,11.465177808607432,0,0,35.770774677397355
2078,0.7110335587035715,21331.006761107146,40.48405331518819,15.0,11.3466832907794,0,0,35.770774677397355
2079,0.7101895525280442,21305.686575841326,40.250807241886235,15.0,11.227474969523563,0,0,35.770774677397355
2080,0.7093708227181462,21281.12468154439,40.0162336382483,15.0,11.107588168838134,0,0,35.770774677397355
2081,0.7085775159858272,21257.325479574814,39.78040201349575,15.0,10.987058413769578,0,0,35.770774677397355
2082,0.7078097715096298,21234.29314528889,39.54338224962878,15.0,10.86592141988562,0,0,35.770774677397355
2083,0.7070677208934488,21212.031626803466,39.305244580718515,15.0,10.744213082691788,0,0,35.770774677397355
2084,0.7063514881275341,21190.544643826022,39.06605957209578,15.0,10.621969466995132,0,0,35.770774677397355
2085,0.7056611895517486,21169.83568655246,38.82589809944078,15.0,10.499226796217265,0,0,35.770774677397355
2086,0.7049969338210957,21149.90801463287,38.58483132778086,15.0,10.376021441660491,0,0,35.770774677397355
2087,0.7043588218735211,21130.764656205632,38.342930690403016,15.0,10.252389911730303,0,0,35.770774677397355
2088,0.7037469469000037,21112.40840700011,38.100267867686945,15.0,10.128368841117311,0,0,35.770774677397355
2089,0.7031613943169408,21094.841829508223,37.85691476586391,15.0,10.003994979941226,0,0,35.770774677397355
2090,0.7026022417408371,21078.06725222511,37.61294349571017,15.0,9.879305182861426,0,0,35.770774677397355
2091,0.7020695589653057,21062.08676895917,37.368426351178215,15.0,9.75433639815571,0,0,35.770774677397355
2092,0.7015634079403864,21046.90223821159,37.12343578797516,15.0,9.629125656772086,0,0,35.770774677397355
2093,0.7010838427541887,21032.51528262566,36.87804440209233,15.0,9.503710061355543,0,0,35.770774677397355
2094,0.7006309096168643,21018.92728850593,36.632324908293135,15.0,9.378126775253591,0,0,35.770774677397355
2095,0.7002046468469141,21006.139405407423,36.386350118566746,15.0,9.252413011504267,0,0,35.770774677397355
2096,0.6998050848598335,20994.152545795005,36.14019292055203,15.0,9.126606021808941,0,0,35.770774677397355
2097,0.6994322461590997,20982.96738477299,35.89392625593907,15.0,9.0007430854937,0,0,35.770774677397355
2098,0.6990861453295035,20972.584359885106,35.64762309885557,15.0,8.87486149846296,0,0,35.770774677397355
2099,0.6987667890328274,20963.00367098482,35.40135643424271,15.0,8.748998562147769,0,0,35.770774677397355
2100,0.6984741760058714,20954.225280176142,35.155199236227894,15.0,8.623191572452392,0,0,35.770774677397355
2101,0.6982082970608278,20946.248911824834,34.90922444650161,15.0,8.497477808703119,0,0,35.770774677397355
2102,0.6979691350880033,20939.0740526401,34.66350495270241,15.0,8.371894522601167,0,0,35.770774677397355
2103,0.6977566650608892,20932.699951826675,34.41811356681958,15.0,8.246478927184624,0,0,35.770774677397355
2104,0.6975708540435771,20927.125621307314,34.17312300361663,15.0,8.12126818580105,0,0,35.770774677397355
2105,0.6974116612005189,20922.349836015568,33.92860585908467,15.0,7.996299401095335,0,0,35.770774677397355
2106,0.6972790378086269,20918.371134258807,33.684634588930834,15.0,7.871609604015483,0,0,35.770774677397355
2107,0.6971729272717114,20915.187818151342,33.4412814871079,15.0,7.74723574283945,0,0,35.770774677397355
2108,0.6970932651372519,20912.797954117555,33.19861866439173,15.0,7.623214672226406,0,0,35.770774677397355
2109,0.6970399791154951,20911.199373464853,32.956718027013885,15.0,7.49958314229622,0,0,35.770774677397355
2110,0.6970129891008766,20910.389673026297,32.71565125535396,15.0,7.376377787739445,0,0,35.770774677397355
2111,0.6970122071957573,20910.36621587272,32.475489782698865,15.0,7.253635116961528,0,0,35.770774677397355
2112,0.6970375377364698,20911.126132094094,32.23630477407623,15.0,7.131391501264922,0,0,35.770774677397355
2113,0.6970888773216654,20912.66631964996,31.99816710516596,15.0,7.009683164071092,0,0,35.770774677397355
2114,0.6971661148429541,20914.983445288624,31.761147341298887,15.0,6.88854617018708,0,0,35.770774677397355
2115,0.6972691315178289,20918.073945534867,31.525315716546437,15.0,6.768016415118575,0,0,35.770774677397355
2116,0.6973978009248625,20921.934027745876,31.290742112908504,15.0,6.648129614433147,0,0,35.770774677397355
2117,0.6975519890411702,20926.559671235107,31.05749603960654,15.0,6.528921293177309,0,0,35.770774677397355
2118,0.6977315542821226,20931.94662846368,30.825646612485748,15.0,6.4104267753492765,0,0,35.770774677397355
2119,0.6979363475433008,20938.090426299023,30.59526253353529,15.0,6.292681173432101,0,0,35.770774677397355
2120,0.6981662122446786,20944.986367340356,30.36641207052966,15.0,6.17571937798869,0,0,35.770774677397355
2121,0.6984209843770214,20952.629531310642,30.139163036800237,15.0,6.059576047323375,0,0,35.770774677397355
2122,0.6987004925504852,20961.014776514556,29.91358277113996,15.0,5.944285597211515,0,0,35.770774677397355
2123,0.6990045580454032,20970.136741362094,29.689738117850155,15.0,5.82988219070174,0,0,35.770774677397355
2124,0.6993329948652439,20979.989845957316,29.467695406932375,15.0,5.7163997279923375,0,0,35.770774677397355
2125,0.6996856097917268,20990.568293751803,29.24752043443402,15.0,5.603871836386206,0,0,35.770774677397355
2126,0.7000622024420763,21001.86607326229,29.029278442951306,15.0,5.492331860326223,0,0,35.770774677397355
2127,0.7004625653283996,21013.876959851987,28.813034102296168,15.0,5.381812851514436,0,0,35.770774677397355
2128,0.7008864839191701,21026.594517575104,28.59885149033378,15.0,5.272347559118395,0,0,35.770774677397355
2129,0.7013337367027979,21040.012101083936,28.386794073994583,15.0,5.163968420066739,0,0,35.770774677397355
2130,0.7018040952532676,21054.122857598028,28.176924690467438,15.0,5.05670754943729,0,0,35.770774677397355
2131,0.702297324297827,21068.91972893481,27.969305528580126,15.0,4.9505967309409415,0,0,35.770774677397355
2132,0.7028131817867025,21084.395453601075,27.76399811037119,15.0,4.845667407503317,0,0,35.770774677397355
2133,0.7033514189648242,21100.542568944726,27.56106327285937,15.0,4.741950671947421,0,0,35.770774677397355
2134,0.7039117804455374,21117.35341336612,27.360561150016885,15.0,4.639477257780477,0,0,35.770774677397355
2135,0.7044940042862787,21134.820128588362,27.16255115494975,15.0,4.538277530086578,0,0,35.770774677397355
2136,0.7050978220661961,21152.934661985884,26.967091962293075,15.0,4.438381476529187,0,0,35.770774677397355
2137,0.7057229589656873,21171.688768970616,26.77424149082392,15.0,4.339818698464869,0,0,35.770774677397355
2138,0.7063691338478342,21191.074015435024,26.584056886298953,15.0,4.242618402171882,0,0,35.770774677397355
2139,0.707036059341711,21211.08178025133,26.3965945045211,15.0,4.14680939019581,0,0,35.770774677397355
2140,0.7077234419275377,21231.70325782613,26.211909894639927,15.0,4.052420052814672,0,0,35.770774677397355
2141,0.7084309820236563,21252.92946070969,26.030057782691003,15.0,3.9594783596261447,0,0,35.770774677397355
2142,0.7091583740753036,21274.751222259107,25.85109205537987,15.0,3.868011851259803,0,0,35.770774677397355
2143,0.7099053066451533,21297.1591993546,25.675065744114,15.0,3.778047631216122,0,0,35.770774677397355
2144,0.7106714625056022,21320.143875168065,25.50203100928823,15.0,3.6896123578350144,0,0,35.770774677397355
2145,0.711456518732771,21343.69556198313,25.332039124829034,15.0,3.602732236396645,0,0,35.770774677397355
2146,0.7122601468021938,21367.804404065817,25.165140463000363,15.0,3.5174330113559495,0,0,35.770774677397355
2147,0.7130820126861674,21392.460380585024,25.001384479477746,15.0,3.433739958714253,0,0,35.770774677397355
2148,0.71392177695273,21417.6533085819,24.840819698693316,15.0,3.3516778785293315,0,0,35.770774677397355
2149,0.7147790948662429,21443.372845987287,24.683493699456754,15.0,3.2712710875665207,0,0,35.770774677397355
2150,0.7156536164895434,21469.6084946863,24.529453100857143,15.0,3.192543412093368,0,0,35.770774677397355
2151,0.7165449867876377,21496.34960362913,24.378743548448195,15.0,3.1155181808191355,0,0,35.770774677397355
2152,0.7174528457329066,21523.585371987196,24.231409700722974,15.0,3.040218217982252,0,0,35.770774677397355
2153,0.7183768284117883,21551.30485235365,24.08749521588018,15.0,2.9666658365867526,0,0,35.770774677397355
2154,0.7193165651329113,21579.49695398734,23.94704273888771,15.0,2.894882831790694,0,0,35.770774677397355
2155,0.720271681536641,21608.15044609923,23.810093888845596,15.0,2.8248904744475434,0,0,35.770774677397355
2156,0.721241798706011,21637.25396118033,23.676689246653822,15.0,2.756709504803397,0,0,35.770774677397355
2157,0.7222265332790045,21666.795998370137,23.546868342986865,15.0,2.6903601263509707,0,0,35.770774677397355
2158,0.7232254975621524,21696.764926864573,23.4206696465803,15.0,2.6258619998430652,0,0,35.770774677397355
2159,0.7242382996454154,21727.148989362464,23.29813055283151,15.0,2.563234237466574,0,0,35.770774677397355
2160,0.7252645435183154,21757.93630554946,23.179287372718484,15.0,2.5024953971790547,0,0,39.770774677397355
2161,0.7262178589111553,21786.53576733466,25.643283605833204,15.0,2.443663477209763,0,0,39.770774677397355
2162,0.7271842272802245,21815.526818406735,25.519485645806363,15.0,2.386755910726306,0,0,39.770774677397355
2163,0.7281632268648122,21844.896805944365,25.399910650287534,15.0,2.33178956066875,0,0,39.770774677397355
2164,0.7291544321613057,21874.632964839173,25.284594051928593,15.0,2.278780714752914,0,0,39.770774677397355
2165,0.7301574140492768,21904.722421478305,25.1735700215264,15.0,2.227745080643887,0,0,39.770774677397355
2166,0.731171739918639,21935.15219755917,25.066871457897182,15.0,2.1786977813014525,0,0,39.770774677397355
2167,0.7321969737978392,21965.909213935178,24.964529978128162,15.0,2.1316533504989734,0,0,39.770774677397355
2168,0.7332326764830456,21996.980294491368,24.866575908208468,15.0,2.086625728516579,0,0,39.770774677397355
2169,0.7342784056682932,22028.352170048795,24.773038274043,15.0,2.0436282580104193,0,0,39.770774677397355
2170,0.7353337160765485,22060.011482296457,24.683944792851534,15.0,2.0026736800590026,0,0,39.770774677397355
2171,0.7363981595916554,22091.944787749664,24.59932186495529,15.0,1.9637741303876162,0,0,39.770774677397355
2172,0.7374712853911205,22124.138561733616,24.51919456595414,15.0,1.9269411357723638,0,0,39.770774677397355
2173,0.7385526400797026,22156.579202391076,24.443586639296097,15.0,1.892185610624486,0,0,39.770774677397355
2174,0.7396417678237626,22189.253034712878,24.372520489241527,15.0,1.8595178537561408,0,0,39.770774677397355
2175,0.7407382104863377,22222.146314590133,24.306017174224447,15.0,1.8289475453287323,0,0,39.770774677397355
2176,0.7418415077628969,22255.245232886908,24.24409640061238,15.0,1.800483743984417,0,0,39.770774677397355
2177,0.742951197317739,22288.53591953217,24.186776516866875,15.0,1.774134884161811,0,0,39.770774677397355
2178,0.7440668149209926,22322.004447629777,24.134074508106572,15.0,1.7499087735967578,0,0,39.770774677397355
2179,0.7451878945861778,22355.636837585334,24.086005991074046,15.0,1.7278125910086373,0,0,39.770774677397355
2180,0.7463139687082881,22389.419061248645,24.042585209508307,15.0,1.7078528839732368,0,0,39.770774677397355
2181,0.7474445682023514,22423.33704607054,24.003825029924048,15.0,1.6900355669825244,0,0,39.770774677397355
2182,0.74857922264243,22457.3766792729,23.969736937798967,15.0,1.6743659196920384,0,0,39.770774677397355
2183,0.7497174604010186,22491.52381203056,23.94033103417046,15.0,1.660848585356461,0,0,39.770774677397355
2184,0.750858808788797,22525.76426366391,23.91561603264239,15.0,1.6494875694536737,0,0,39.770774677397355
2185,0.7520027941946985,22560.083825840957,23.895599256803116,15.0,1.6402862384978896,0,0,39.770774677397355
2186,0.7531489422262513,22594.46826678754,23.8802866380553,15.0,1.6332473190420438,0,0,39.770774677397355
2187,0.7542967778501505,22628.903335504514,23.86968271385837,15.0,1.6283728968698887,0,0,39.770774677397355
2188,0.7554458255330213,22663.37476599064,23.863790626383903,15.0,1.6256644163779086,0,0,39.770774677397355
2189,0.75659560938233,22697.8682814699,23.862612121584586,15.0,1.6251226801473302,0,0,39.770774677397355
2190,0.7577456532874004,22732.369598622012,23.86614754867682,15.0,1.6267478487062883,0,0,39.770774677397355
2191,0.7588954810604966,22766.864431814898,23.874395860037264,15.0,1.630539440482266,0,0,39.770774677397355
2192,0.760044616577927,22801.33849733781,23.88735461151324,15.0,1.6364963319447892,0,0,39.770774677397355
2193,0.7611925839211302,22835.777517633906,23.90501996314702,15.0,1.6446167579383606,0,0,39.770774677397355
2194,0.7623389075177004,22870.16722553101,23.927386680313667,15.0,1.6548983122055034,0,0,39.770774677397355
2195,0.7634831122823091,22904.493368469273,23.954448135272155,15.0,1.6673379480997894,0,0,39.770774677397355
2196,0.7646247237574837,22938.74171272451,23.98619630912937,15.0,1.6819319794886445,0,0,39.770774677397355
2197,0.7657632682541988,22972.898047625964,24.022621794216207,15.0,1.6986760818455973,0,0,39.770774677397355
2198,0.7668982729922413,23006.94818976724,24.06371379687529,15.0,1.7175652935317427,0,0,39.770774677397355
2199,0.768029266240305,23040.87798720915,24.10946014065943,15.0,1.7385940172660144,0,0,39.770774677397355
2200,0.7691557774557746,23074.673323673236,24.15984726993963,15.0,1.7617560217837136,0,0,39.770774677397355
2201,0.7702773374241575,23108.320122724726,24.214860253922062,15.0,1.7870444436830328,0,0,39.770774677397355
2202,0.7713934783981232,23141.804351943698,24.274482791072327,15.0,1.814451789458806,0,0,39.770774677397355
2203,0.7725037342361055,23175.112027083167,24.338697213945856,15.0,1.8439699377229595,0,0,39.770774677397355
2204,0.7736076405404314,23208.22921621294,24.407484494423336,15.0,1.8755901416111316,0,0,39.770774677397355
2205,0.7747047347949314,23241.142043847944,24.48082424934899,15.0,1.9093030313744799,0,0,39.770774677397355
2206,0.775794556501994,23273.83669505982,24.55869474657061,15.0,1.9450986171561675,0,0,39.770774677397355
2207,0.7768766473190198,23306.299419570594,24.641072911379332,15.0,1.9829662919516262,0,0,39.770774677397355
2208,0.7779505511942394,23338.51653582718,24.72793433334703,15.0,2.022894834751547,0,0,39.770774677397355
2209,0.7790158145018505,23370.474435055516,24.819253273559724,15.0,2.064872413866952,0,0,39.770774677397355
2210,0.7800719861764379,23402.15958529314,24.91500267224467,15.0,2.108886590435235,0,0,39.770774677397355
2211,0.7811186178466334,23433.558535399003,25.01515415678852,15.0,2.1549243221059378,0,0,39.770774677397355
2212,0.782155263967978,23464.65791903934,25.119678050145044,15.0,2.2029719669056287,0,0,39.770774677397355
2213,0.7831814819549459,23495.444458648377,25.228543379628782,15.0,2.2530152872801823,0,0,39.770774677397355
2214,0.7841968323120933,23525.904969362797,25.34171788609306,15.0,2.305039454313726,0,0,39.770774677397355
2215,0.7852008787642889,23556.026362928667,25.4591680334892,15.0,2.359029052122837,0,0,39.770774677397355
2216,0.7861931883859931,23585.795651579792,25.580859018803647,15.0,2.4149680824244504,0,0,39.770774677397355
2217,0.7871733317295421,23615.19995188626,25.70675478237125,15.0,2.4728399692766683,0,0,39.770774677397355
2218,0.7881408829524028,23644.226488572083,25.836818018560102,15.0,2.5326275639903937,0,0,39.770774677397355
2219,0.7890954199433595,23672.862598300784,25.97101018682644,15.0,2.594313150211038,0,0,39.770774677397355
2220,0.790036524447594,23701.09573342782,26.10929152313458,15.0,2.657878449168071,0,0,39.770774677397355
2221,0.790963782190624,23728.91346571872,26.251621051740347,15.0,2.7233046250916115,0,0,39.770774677397355
2222,0.7918767830010613,23756.30349003184,26.397956597332563,15.0,2.790572290793668,0,0,39.770774677397355
2223,0.7927751209321547,23783.25362796464,26.548254797531015,15.0,2.859661513413192,0,0,39.770774677397355
2224,0.7936583943820803,23809.75183146241,26.702471115735225,15.0,2.9305518203224272,0,0,39.770774677397355
2225,0.7945262062129455,23835.786186388363,26.86055985432178,15.0,3.0032222051934676,0,0,39.770774677397355
2226,0.7953781638684684,23861.34491605405,27.022474168185738,15.0,3.0776511342229806,0,0,39.770774677397355
2227,0.7962138794903022,23886.416384709068,27.18816607862143,15.0,3.153816552512957,0,0,39.770774677397355
2228,0.7970329700329648,23910.989100988943,27.357586487539805,15.0,3.231695890606142,0,0,39.770774677397355
2229,0.7978350573773438,23935.051721320317,27.530685192017447,15.0,3.3112660711739466,0,0,39.770774677397355
2230,0.7986197684427419,23958.593053282257,27.707410899172377,15.0,3.392503515854574,0,0,39.770774677397355
2231,0.7993867352974277,23981.60205892283,27.887711241363434,15.0,3.4753841522398816,0,0,39.770774677397355
2232,0.8001355952676625,24004.067858029877,28.071532791708098,15.0,3.5598834210086325,0,0,39.770774677397355
2233,0.8008659910451686,24025.97973135506,28.258821079913886,15.0,3.645976283203881,0,0,39.770774677397355
2234,0.8015775707930067,24047.3271237902,28.44952060841884,15.0,3.7336372276524523,0,0,39.770774677397355
2235,0.8022699882498333,24068.099647495,28.643574868837185,15.0,3.8228402785247013,0,0,39.770774677397355
2236,0.8029429028325055,24088.287084975163,28.84092635870336,15.0,3.9135590030314202,0,0,39.770774677397355
2237,0.8035959797370025,24107.879392110073,29.041516598511897,15.0,4.005766519256743,0,0,39.770774677397355
2238,0.8042288900376361,24126.86670112908,29.245286149045562,15.0,4.099435504123573,0,0,39.770774677397355
2239,0.8048413107845176,24145.239323535527,29.452174628988736,15.0,4.194538201490113,0,0,39.770774677397355
2240,0.8054329250992556,24162.987752977668,29.66212073281997,15.0,4.2910464303747275,0,0,39.770774677397355
2241,0.8060034222688537,24180.10266806561,29.875062248977606,15.0,4.3889315933063395,0,0,39.770774677397355
2242,0.806552497837781,24196.57493513343,30.09093607829466,15.0,4.488164684798598,0,0,39.770774677397355
2243,0.8070798536981895,24212.395610945685,30.30967825269674,15.0,4.58871629994495,0,0,39.770774677397355
2244,0.8075851981782494,24227.55594534748,30.531223954156555,15.0,4.690556643131661,0,0,39.770774677397355
2245,0.8080682461285779,24242.047383857334,30.75550753390159,15.0,4.793655536867238,0,0,39.770774677397355
2246,0.8085287190067353,24255.861570202058,30.982462531866645,15.0,4.897982430724366,0,0,39.770774677397355
2247,0.8089663449597628,24268.990348792886,31.21202169638764,15.0,5.003506410392793,0,0,39.770774677397355
2248,0.809380858904739,24281.42576714217,31.444117004130018,15.0,5.110196206840039,0,0,39.770774677397355
2249,0.8097720026073287,24293.160078219862,31.678679680244883,15.0,5.218020205576769,0,0,39.770774677397355
2250,0.8101395247583044,24304.185742749134,31.91564021874921,15.0,5.326946456025219,0,0,39.770774677397355
2251,0.8104831810480141,24314.495431440424,32.154928403121225,15.0,5.436942680986467,0,0,39.770774677397355
2252,0.8108027342387751,24324.082027163255,32.39647332710783,15.0,5.547976286205236,0,0,39.770774677397355
2253,0.8110979542351736,24332.93862705521,32.64020341573488,15.0,5.6600143700279055,0,0,39.770774677397355
2254,0.8113686181522461,24341.058544567386,32.8860464465172,15.0,5.773023733152353,0,0,39.770774677397355
2255,0.8116145103815258,24348.435311445774,33.133929570858825,15.0,5.8869708884652505,0,0,39.770774677397355
2256,0.811835422654931,24355.06267964793,33.38377933564047,15.0,6.001822070965389,0,0,39.770774677397355
2257,0.8120311541064805,24360.934623194415,33.63552170498453,15.0,6.1175432477686575,0,0,39.770774677397355
2258,0.8122015113318138,24366.045339954417,33.889082082193816,15.0,6.234100128192852,0,0,39.770774677397355
2259,0.8123463084455018,24370.389253365054,34.14438533185648,15.0,6.351458173918895,0,0,39.770774677397355
2260,0.8124653671361273,24373.96101408382,34.40135580210967,15.0,6.4695826092249975,0,0,39.770774677397355
2261,0.8125585167191238,24376.755501573716,34.659917347057046,15.0,6.5884384312915945,0,0,39.770774677397355
2262,0.8126255941873526,24378.767825620576,34.91999334933284,15.0,6.707990420573588,0,0,39.770774677397355
2263,0.8126664442594049,24379.993327782147,35.18150674280457,15.0,6.828203151236359,0,0,39.770774677397355
2264,0.8126809194256159,24380.42758276848,35.44438003540973,15.0,6.94904100165336,0,0,39.770774677397355
2265,0.8126688799917746,24380.06639975324,35.70853533211856,15.0,7.070468164961669,0,0,39.770774677397355
2266,0.8126301941205177,24378.905823615532,35.973894358015805,15.0,7.192448659672235,0,0,39.770774677397355
2267,0.8125647378703968,24376.942136111906,36.240378481494965,15.0,7.314946340331818,0,0,39.770774677397355
2268,0.8124723952326046,24374.171856978137,36.50790873755927,15.0,7.437924908234025,0,0,39.770774677397355
2269,0.8123530581653503,24370.591744960508,36.77640585121985,15.0,7.561347922174989,0,0,39.770774677397355
2270,0.8122066266258754,24366.198798776262,37.04579026098751,15.0,7.685178809252097,0,0,39.770774677397355
2271,0.8120330086000984,24360.990258002952,37.31598214244773,15.0,7.809380875700963,0,0,39.770774677397355
2272,0.8118321201298803,24354.96360389641,37.58690143191471,15.0,7.93391731776875,0,0,39.770774677397355
2273,0.8116038853379032,24348.116560137096,37.85846785015629,15.0,8.058751232620061,0,0,39.770774677397355
2274,0.8113482364501546,24340.447093504637,38.13060092618173,15.0,8.183845629271733,0,0,39.770774677397355
2275,0.8110651138160102,24331.953414480307,38.4032200210874,15.0,8.309163439554231,0,0,39.770774677397355
2276,0.8107544659259099,24322.6339777773,38.67624435195209,15.0,8.434667529095893,0,0,39.770774677397355
2277,0.8104162494266209,24312.487482798628,38.94959301577411,15.0,8.560320708326334,0,0,39.770774677397355
2278,0.8100504291340841,24301.512874022523,39.223185013444905,15.0,8.68608574349668,0,0,39.770774677397355
2279,0.8096569780438401,24289.709341315203,39.496939273751195,15.0,8.81192536771288,0,0,39.770774677397355
2280,0.8092358773390314,24277.07632017094,39.77077467739733,15.0,8.937802291978336,0,0,39.770774677397355
2281,0.8087871163959778,24263.613491879332,40.04461008104357,15.0,9.06367921624384,0,0,39.770774677397355
2282,0.8083106927873247,24249.32078361974,40.31836434134975,15.0,9.189518840459987,0,0,39.770774677397355
2283,0.8078066122827623,24234.19836848287,40.59195633902055,15.0,9.315283875630335,0,0,39.770774677397355
2284,0.8072748888473162,24218.246665419487,40.86530500284257,15.0,9.440937054860774,0,0,39.770774677397355
2285,0.8067155446372087,24201.46633911626,41.13832933370726,15.0,9.566441144402436,0,0,39.770774677397355
2286,0.8061286099932938,24183.858299798816,41.410948428612926,15.0,9.691758954684936,0,0,39.770774677397355
2287,0.8055141234320669,24165.423702962005,41.683081504638366,15.0,9.816853351336608,0,0,39.770774677397355
2288,0.8048721316342503,24146.16394902751,41.95464792287995,15.0,9.94168726618792,0,0,39.770774677397355
2289,0.8042026894309621,24126.080682928863,42.225567212346924,15.0,10.066223708255706,0,0,39.770774677397355
2290,0.803505859787468,24105.17579362404,42.49575909380715,15.0,10.190425774704574,0,0,39.770774677397355
2291,0.8027817137845229,24083.451413535688,42.765143503574706,15.0,10.314256661781629,0,0,39.770774677397355
2292,0.8020303305973088,24060.909917919264,43.03364061723539,15.0,10.437679675722645,0,0,39.770774677397355
2293,0.8012517974719733,24037.553924159198,43.30117087329969,15.0,10.56065824362485,0,0,39.770774677397355
2294,0.8004462096997764,24013.386290993294,43.567654996778856,15.0,10.683155924284435,0,0,39.770774677397355
2295,0.7996136705888544,23988.41011766563,43.833014022676096,15.0,10.805136418995,0,0,39.770774677397355
2296,0.7987542914336059,23962.628743008176,44.09716931938493,15.0,10.92656358230331,0,0,39.770774677397355
2297,0.7978681914817146,23936.04574445144,44.360042611990195,15.0,11.047401432720362,0,0,39.770774677397355
2298,0.7969554978988131,23908.664936964393,44.62155600546183,15.0,11.167614163383082,0,0,39.770774677397355
2299,0.7960163457308004,23880.49037192401,44.88163200773762,15.0,11.287166152665076,0,0,39.770774677397355
2300,0.7950508778638251,23851.526335914754,45.140193552684984,15.0,11.406021974731672,0,0,39.770774677397355
2301,0.794059244981946,23821.77734945838,45.39716402293817,15.0,11.524146410037776,0,0,39.770774677397355
2302,0.79304160552248,23791.248165674402,45.652467272600745,15.0,11.641504455763771,0,0,39.770774677397355
2303,0.7919981256290545,23759.943768871635,45.90602764981013,15.0,11.758061336188014,0,0,39.770774677397355
2304,0.7909289791023748,23727.869373071244,46.15777001915419,15.0,11.873782512991282,0,0,39.770774677397355
2305,0.7898343473487239,23695.030420461717,46.40761978393573,15.0,11.988633695491373,0,0,39.770774677397355
2306,0.7887144193262074,23661.432579786222,46.65550290827746,15.0,12.102580850804316,0,0,39.770774677397355
2307,0.7875693914887614,23627.081744662843,46.90134593905979,15.0,12.215590213928765,0,0,39.770774677397355
2308,0.7863994677279388,23591.984031838165,47.145076027686834,15.0,12.327628297751435,0,0,39.770774677397355
2309,0.7852048593124921,23556.14577937476,47.38662095167344,15.0,12.438661902970203,0,0,39.770774677397355
2310,0.7839857848257691,23519.573544773073,47.62590913604555,15.0,12.548658127931498,0,0,39.770774677397355
2311,0.7827424701009432,23482.274103028296,47.862869674549785,15.0,12.657584378379902,0,0,39.770774677397355
2312,0.7814751481540931,23444.254444622795,48.09743235066475,15.0,12.765408377116678,0,0,39.770774677397355
2313,0.780184059115156,23405.52177345468,48.32952765840702,15.0,12.872098173563879,0,0,39.770774677397355
2314,0.7788694501567707,23366.08350470312,48.559086822928116,15.0,12.97762215323235,0,0,39.770774677397355
2315,0.7775315754210363,23325.94726263109,48.786041820893075,15.0,13.081949047089434,0,0,39.770774677397355
2316,0.7761706959442036,23285.12087832611,49.01032540063802,15.0,13.185047940824969,0,0,39.770774677397355
2317,0.7747870795793249,23243.612387379748,49.23187110209793,15.0,13.286888284011724,0,0,39.770774677397355
2318,0.7733810009168827,23201.43002750648,49.45061327650001,15.0,13.387439899158075,0,0,39.770774677397355
2319,0.7719527412034234,23158.582236102702,49.66648710581707,15.0,13.486672990650334,0,0,39.770774677397355
2320,0.7705025882582174,23115.077647746522,49.8794286219747,15.0,13.584558153581945,0,0,39.770774677397355
2321,0.7690308363879722,23070.925091639165,50.089374725805925,15.0,13.681066382466561,0,0,39.770774677397355
2322,0.7675377862996229,23026.133588988687,50.2962632057491,15.0,13.7761690798331,0,0,39.770774677397355
2323,0.7660237450112264,22980.71235033679,50.50003275628278,15.0,13.86983806469993,0,0,39.770774677397355
2324,0.7644890257609849,22934.670772829548,50.70062299609123,15.0,13.962045580925217,0,0,39.770774677397355
2325,0.7629339479144274,22888.01843743282,50.897974485957484,15.0,14.052764305431975,0,0,39.770774677397355
2326,0.7613588368697738,22840.765106093215,51.09202874637584,15.0,14.141967356304221,0,0,39.770774677397355
2327,0.7597640239615135,22792.920718845406,51.28272827488079,15.0,14.229628300752795,0,0,39.770774677397355
2328,0.7581498463622232,22744.495390866694,51.47001656308658,15.0,14.315721162948044,0,0,39.770774677397355
2329,0.7565166469826549,22695.499409479646,51.65383811343124,15.0,14.400220431716793,0,0,39.770774677397355
2330,0.7548647743701253,22645.94323110376,51.83413845562237,15.0,14.483101068102137,0,0,39.770774677397355
2331,0.7531945826052328,22595.837478156984,52.010864162777224,15.0,14.564338512782731,0,0,39.770774677397355
2332,0.7515064311969359,22545.19293590808,52.18396286725486,15.0,14.643908693350536,0,0,39.770774677397355
2333,0.7498006849760234,22494.0205492807,52.35338327617325,15.0,14.721788031443719,0,0,39.770774677397355
2334,0.7480777139870061,22442.331419610182,52.519075186608944,15.0,14.797953449733697,0,0,39.770774677397355
2335,0.746337893378466,22390.13680135398,52.680989500472826,15.0,14.87238237876318,0,0,39.770774677397355
2336,0.7445816032918907,22337.448098756722,52.83907823905945,15.0,14.945052763634251,0,0,39.770774677397355
2337,0.7428092287490298,22284.27686247089,52.99329455726366,15.0,15.015943070543486,0,0,39.770774677397355
2338,0.7410211595378039,22230.634786134116,53.14359275746206,15.0,15.085032293162982,0,0,39.770774677397355
2339,0.7392177900968033,22176.5337029041,53.28992830305433,15.0,15.152299958865067,0,0,39.770774677397355
2340,0.7373995193984061,22121.985581952184,53.432257831660095,15.0,15.217726134788606,0,0,39.770774677397355
2341,0.7355667508305548,22067.002524916643,53.57053916796825,15.0,15.28129143374564,0,0,39.770774677397355
2342,0.7337198920772232,22011.596762316698,53.70473133623457,15.0,15.342977019966288,0,0,39.770774677397355
2343,0.7318593549976116,21955.780649928347,53.83479457242348,15.0,15.402764614680034,0,0,39.770774677397355
2344,0.7299855555041029,21899.56666512309,53.96069033599103,15.0,15.460636501532228,0,0,39.770774677397355
2345,0.7280989134390203,21842.96740317061,54.08238132130553,15.0,15.516575531833865,0,0,39.770774677397355
2346,0.7261998524502176,21785.995573506527,54.199831468701625,15.0,15.570565129642956,0,0,39.770774677397355
2347,0.7242887998655437,21728.66399596631,54.3130059751659,15.0,15.622589296676498,0,0,39.770774677397355
2348,0.7223661865662165,21670.985596986495,54.42187130464964,15.0,15.672632617051054,0,0,39.770774677397355
2349,0.7204324468591428,21612.973405774283,54.52639519800613,15.0,15.720680261850724,0,0,39.770774677397355
2350,0.7184880183482242,21554.640550446726,54.626546682550014,15.0,15.766717993521446,0,0,39.770774677397355
2351,0.7165333418046858,21496.000254140574,54.72229608123496,15.0,15.810732170089729,0,0,39.770774677397355
2352,0.7145688610364658,21437.065831093973,54.81361502144765,15.0,15.852709749205136,0,0,39.770774677397355
2353,0.7125950227567055,21377.850682701166,54.900476443415364,15.0,15.892638292005058,0,0,39.770774677397355
2354,0.7106122764513794,21318.36829354138,54.98285460822409,15.0,15.930505966800517,0,0,39.770774677397355
2355,0.7086210742461018,21258.632227383052,55.06072510544569,15.0,15.966301552582202,0,0,39.770774677397355
2356,0.7066218707721525,21198.656123164576,55.134064860371346,15.0,16.000014442345552,0,0,39.770774677397355
2357,0.7046151230317603,21138.45369095281,55.20285214084881,15.0,16.031634646233712,0,0,39.770774677397355
2358,0.7026012902626828,21078.038707880485,55.267066563722366,15.0,16.06115279449788,0,0,39.770774677397355
2359,0.7005808338021245,21017.425014063738,55.32668910087263,15.0,16.088560140273653,0,0,39.770774677397355
2360,0.6985542169500328,20956.626508500984,55.381702084855064,15.0,16.113848562172972,0,0,39.770774677397355
2361,0.6965219048318116,20895.657144954348,55.43208921413529,15.0,16.137010566690684,0,0,39.770774677397355
2362,0.6944843642604955,20834.530927814867,55.477835557919406,15.0,16.15803929042494,0,0,39.770774677397355
2363,0.6924420635984226,20773.261907952678,55.51892756057851,15.0,16.176928502111096,0,0,39.770774677397355
2364,0.6903954726184484,20711.86417855345,55.55535304566533,15.0,16.19367260446804,0,0,39.770774677397355
2365,0.688345062364742,20650.35187094226,55.58710121952254,15.0,16.208266635856894,0,0,39.770774677397355
2366,0.6862913050132063,20588.73915039619,55.61416267448104,15.0,16.220706271751187,0,0,39.770774677397355
2367,0.6842346737315614,20527.04021194684,55.636529391647684,15.0,16.23098782601833,0,0,39.770774677397355
2368,0.6821756425391344,20465.269276174033,55.65419474328146,15.0,16.239108252011896,0,0,39.770774677397355
2369,0.6801146861663984,20403.44058499195,55.66715349475744,15.0,16.24506514347442,0,0,39.770774677397355
2370,0.6780522799142983,20341.56839742895,55.67540180611788,15.0,16.2488567352504,0,0,39.770774677397355
2371,0.6759888995134101,20279.666985402302,55.67893723321012,15.0,16.250481903809362,0,0,39.770774677397355
2372,0.6739250209829709,20217.75062948913,55.67775872841081,15.0,16.24994016757878,0,0,39.770774677397355
2373,0.6718611204898246,20155.833614694737,55.67186664093634,15.0,16.247231687086803,0,0,39.770774677397355
2374,0.6697976742073225,20093.930226219676,55.6612627167394,15.0,16.242357264914645,0,0,39.770774677397355
2375,0.6677351581742244,20032.05474522673,55.64595009799159,15.0,16.2353183454588,0,0,39.770774677397355
2376,0.6656740481536362,19970.221444609084,55.62593332215231,15.0,16.22611701450301,0,0,39.770774677397355
2377,0.6636148194920324,19908.44458476097,55.60121832062424,15.0,16.214755998600232,0,0,39.770774677397355
2378,0.6615579469784002,19846.738409352005,55.57181241699573,15.0,16.201238664264647,0,0,39.770774677397355
2379,0.6595039047035492,19785.11714110648,55.53772432487066,15.0,16.185569016974167,0,0,39.770774677397355
2380,0.6574531659196288,19723.594977588862,55.49896414528641,15.0,16.167751699983455,0,0,39.770774677397355
2381,0.6554062028998915,19662.186086996746,55.455543363720665,15.0,16.147791992948054,0,0,39.770774677397355
2382,0.6533634867987504,19600.904603962514,55.40747484668816,15.0,16.125695810359943,0,0,39.770774677397355
2383,0.6513254875121647,19539.76462536494,55.35477283792784,15.0,16.101469699794883,0,0,39.770774677397355
2384,0.6492926735383995,19478.780206151983,55.29745295418233,15.0,16.07512083997228,0,0,39.770774677397355
2385,0.6472655118391998,19417.965355175995,55.235532180570274,15.0,16.046657038627963,0,0,39.770774677397355
2386,0.6452444677014201,19357.334031042603,55.16902886555319,15.0,16.016086730200556,0,0,39.770774677397355
2387,0.6432300045991487,19296.900137974462,55.09796271549862,15.0,15.98341897333221,0,0,39.770774677397355
2388,0.6412225840563716,19236.67752169115,55.02235478884058,15.0,15.94866344818433,0,0,39.770774677397355
2389,0.6392226655102122,19176.679965306368,54.942227489839425,15.0,15.911830453569081,0,0,39.770774677397355
2390,0.6372307061747906,19116.92118524372,54.85760456194321,15.0,15.872930903897709,0,0,39.770774677397355
2391,0.6352471609057407,19057.414827172222,54.76851108075172,15.0,15.831976325946279,0,0,39.770774677397355
2392,0.6332724820654272,18998.174461962815,54.67497344658625,15.0,15.788978855440119,0,0,39.770774677397355
2393,0.6313071193889003,18939.21358166701,54.577019376666556,15.0,15.743951233457723,0,0,39.770774677397355
2394,0.6293515198506302,18880.545595518906,54.474677896897504,15.0,15.696906802655226,0,0,39.770774677397355
2395,0.6274061275320584,18822.18382596175,54.36797933326832,15.0,15.647859503312812,0,0,39.770774677397355
2396,0.6254713834900067,18764.1415047002,54.25695530286608,15.0,15.596823869203764,0,0,39.770774677397355
2397,0.623547725625983,18706.43176877949,54.141638704507194,15.0,15.54381502328795,0,0,39.770774677397355
2398,0.6216355885564212,18649.067656692638,54.02206370898837,15.0,15.488848673230393,0,0,39.770774677397355
2399,0.6197354034838954,18592.062104516863,53.89826574896152,15.0,15.431941106746935,0,0,39.770774677397355
2400,0.6178475980693449,18535.427942080347,53.7702815084339,15.0,15.373109186777643,0,0,39.770774677397355
2401,0.615972596305349,18479.17788916047,53.638148911898185,15.0,15.312370346490152,0,0,39.770774677397355
2402,0.6141108183904892,18423.324551714675,53.50190711309429,15.0,15.249742584113633,0,0,39.770774677397355
2403,0.6122626806048351,18367.880418145054,53.36159648340758,15.0,15.18524445760573,0,0,39.770774677397355
2404,0.6104285951865919,18312.857855597755,53.21725859990586,15.0,15.118895079153331,0,0,39.770774677397355
2405,0.6086089702099444,18258.269106298332,53.06893623301895,15.0,15.050714109509158,0,0,39.770774677397355
2406,0.6068042094641372,18204.126283924114,52.916673333865276,15.0,14.980721752166007,0,0,39.770774677397355
2407,0.6050147123338218,18150.441370014654,52.76051502122802,15.0,14.90893874736995,0,0,39.770774677397355
2408,0.6032408736807117,18097.22621042135,52.600507568185265,15.0,14.83538636597445,0,0,39.770774677397355
2409,0.6014830837265752,18044.492511797256,52.43669838839866,15.0,14.760086403137537,0,0,39.770774677397355
2410,0.5997417279376048,17992.251838128144,52.26913602206352,15.0,14.683061171863335,0,0,39.770774677397355
2411,0.5980171869101953,17940.51560730586,52.09787012152524,15.0,14.604333496390183,0,0,39.770774677397355
2412,0.5963098362581649,17889.295087744948,51.922951436566294,15.0,14.523926705427373,0,0,39.770774677397355
2413,0.5946200465014522,17838.601395043566,51.74443179936821,15.0,14.441864625242449,0,0,39.770774677397355
2414,0.5929481829563238,17788.445488689715,51.56236410915213,15.0,14.358171572600757,0,0,39.770774677397355
2415,0.5912946056271228,17738.838168813683,51.376802316504154,15.0,14.272872347560096,0,0,39.770774677397355
2416,0.5896596690995921,17689.790072987762,51.18780140738804,15.0,14.18599222612169,0,0,39.770774677397355
2417,0.5880437224358023,17641.31167307407,50.995417386852225,15.0,14.097556952740582,0,0,39.770774677397355
2418,0.5864471090707181,17593.413272121543,50.79970726243403,15.0,14.007592732696903,0,0,39.770774677397355
2419,0.5848701667104301,17546.105001312902,50.60072902726696,15.0,13.916126224330561,0,0,39.770774677397355
2420,0.5833132272320858,17499.396816962573,50.39854164289646,15.0,13.823184531142033,0,0,39.770774677397355
2421,0.581776616585547,17453.29849756641,50.19320502180817,15.0,13.728795193760895,0,0,39.770774677397355
2422,0.5802606546968043,17407.81964090413,49.98478000967428,15.0,13.632986181784823,0,0,39.770774677397355
2423,0.5787656553731753,17362.969661195257,49.77332836732424,15.0,13.535785885491878,0,0,39.770774677397355
2424,0.577291926210317,17318.75778630951,49.55891275244299,15.0,13.43722310742752,0,0,39.770774677397355
2425,0.5758397685010792,17275.193055032378,49.341596701004775,15.0,13.337327053870087,0,0,39.770774677397355
2426,0.5744094771462244,17232.284314386732,49.12144460844581,15.0,13.23612732617623,0,0,39.770774677397355
2427,0.573001340567042,17190.04021701126,48.898521710582195,15.0,13.133653912009242,0,0,39.770774677397355
2428,0.5716156406198836,17148.469218596507,48.67289406427983,15.0,13.029937176453391,0,0,39.770774677397355
2429,0.5702526525126422,17107.579575379266,48.444628527879566,15.0,12.925007853015723,0,0,39.770774677397355
2430,0.5689126447232028,17067.379341696083,48.2137927413864,15.0,12.818897034519416,0,0,43.770774677397355
2431,0.5674350222590318,17023.050667770953,52.806154932050895,15.0,12.71163616388997,0,0,43.770774677397355
2432,0.5659816869930058,16979.450609790172,52.54667166748746,15.0,12.603257024838314,0,0,43.770774677397355
2433,0.5645528946652781,16936.586839958345,52.28458791524638,15.0,12.493791732442272,0,0,43.770774677397355
2434,0.5631488937434004,16894.466812302013,52.01998133639991,15.0,12.38327272363053,0,0,43.770774677397355
2435,0.5617699253486952,16853.097760460856,51.75293033958779,15.0,12.271732747570503,0,0,43.770774677397355
2436,0.5604162231848072,16812.486695544216,51.48351405778396,15.0,12.15920485596437,0,0,43.770774677397355
2437,0.5590880134684514,16772.64040405354,51.21181232484726,15.0,12.045722393255016,0,0,43.770774677397355
2438,0.5577855148623808,16733.565445871423,50.93790565186478,15.0,11.931318986745197,0,0,43.770774677397355
2439,0.5565089384105911,16695.268152317734,50.661875203295196,15.0,11.816028536633334,0,0,43.770774677397355
2440,0.5552584874757845,16657.754624273537,50.383802772917775,15.0,11.69988520596802,0,0,43.770774677397355
2441,0.554034357679109,16621.03073037327,50.1037707595947,15.0,11.582923410524609,0,0,43.770774677397355
2442,0.5528367368421907,16585.10210526572,49.82186214285523,15.0,11.465177808607386,0,0,43.770774677397355
2443,0.551665804931479,16549.97414794437,49.5381604583067,15.0,11.346683290779403,0,0,43.770774677397355
2444,0.5505217340049184,16515.652020147554,49.252749772880904,15.0,11.227474969523563,0,0,43.770774677397355
2445,0.5494046881609645,16482.140644828938,48.96571465992348,15.0,11.107588168838138,0,0,43.770774677397355
2446,0.5483148234899575,16449.444704698726,48.67714017413337,15.0,10.98705841376963,0,0,43.770774677397355
2447,0.5472522880278692,16417.568640836074,48.38711182635841,15.0,10.86592141988562,0,0,43.770774677397355
2448,0.5462172217124369,16386.51665137311,48.09571555825763,15.0,10.74421308269184,0,0,43.770774677397355
2449,0.5452097563416975,16356.292690250928,47.803037716833856,15.0,10.621969466995184,0,0,43.770774677397355
2450,0.5442300155349319,16326.900466047957,47.50916502884813,15.0,10.499226796217265,0,0,43.770774677397355
2451,0.5432781146960342,16298.343440881026,47.21418457512031,15.0,10.376021441660491,0,0,43.770774677397355
2452,0.5423541609793155,16270.624829379467,46.918183764724816,15.0,10.252389911730305,0,0,43.770774677397355
2453,0.5414582532577515,16243.747597732545,46.621250309090094,15.0,10.128368841117261,0,0,43.770774677397355
2454,0.5405904820936839,16217.714462810516,46.323472196007515,15.0,10.003994979941226,0,0,43.770774677397355
2455,0.5397509297119853,16192.52789135956,46.02493766355833,15.0,9.879305182861376,0,0,43.770774677397355
2456,0.5389396699756943,16168.190099270829,45.72573517396765,15.0,9.754336398155711,0,0,43.770774677397355
2457,0.5381567683641278,16144.703050923834,45.4259533873902,15.0,9.629125656772088,0,0,43.770774677397355
2458,0.5374022819534785,16122.068458604355,45.12568113563931,15.0,9.503710061355493,0,0,43.770774677397355
2459,0.5366762593999017,16100.287781997053,44.82500739586368,15.0,9.378126775253595,0,0,43.770774677397355
2460,0.5359787409250977,16079.36222775293,44.52402126418124,15.0,9.252413011504267,0,0,43.770774677397355
2461,0.5353097583043929,16059.292749131786,44.22281192927887,15.0,9.126606021808943,0,0,43.770774677397355
2462,0.5346693348573243,16040.080045719727,43.921468645982884,15.0,9.0007430854937,0,0,43.770774677397355
2463,0.5340574854407295,16021.724563221884,43.62008070881188,15.0,8.874861498463014,0,0,43.770774677397355
2464,0.5334742164443441,16004.226493330323,43.31873742551589,15.0,8.748998562147772,0,0,43.770774677397355
2465,0.5329195257889086,15987.585773667257,43.01752809061352,15.0,8.623191572452445,0,0,43.770774677397355
2466,0.5323934029267839,15971.802087803519,42.71654195893108,15.0,8.49747780870312,0,0,43.770774677397355
2467,0.5318958288450777,15956.87486535233,42.415868219155456,15.0,8.37189452260122,0,0,43.770774677397355
2468,0.5314267760712774,15942.803282138324,42.11559596740456,15.0,8.246478927184626,0,0,43.770774677397355
2469,0.5309862086813918,15929.586260441753,41.81581418082711,15.0,8.121268185801,0,0,43.770774677397355
2470,0.5305740823105952,15917.222469317858,41.51661169123643,15.0,7.996299401095335,0,0,43.770774677397355
2471,0.5301903441663747,15905.71032499124,41.21807715878724,15.0,7.871609604015486,0,0,43.770774677397355
2472,0.5298349330441726,15895.047991325178,40.92029904570454,15.0,7.7472357428394005,0,0,43.770774677397355
2473,0.5295077793455238,15885.233380365715,40.62336559006994,15.0,7.623214672226408,0,0,43.770774677397355
2474,0.5292088050986784,15876.264152960352,40.32736477967444,15.0,7.499583142296222,0,0,43.770774677397355
2475,0.5289379239817067,15868.137719451202,40.03238432594663,15.0,7.376377787739447,0,0,43.770774677397355
2476,0.5286950413480787,15860.85124044236,39.73851163796091,15.0,7.253635116961529,0,0,43.770774677397355
2477,0.5284800542547091,15854.401627641273,39.44583379653726,15.0,7.131391501264924,0,0,43.770774677397355
2478,0.5282928514924623,15848.78554477387,39.15443752843635,15.0,7.0096831640710935,0,0,43.770774677397355
2479,0.5281333136191056,15843.99940857317,38.86440918066151,15.0,6.888546170187132,0,0,43.770774677397355
2480,0.5280013129947028,15840.039389841084,38.57583469487128,15.0,6.768016415118577,0,0,43.770774677397355
2481,0.5278967138194364,15836.90141458309,38.28879958191398,15.0,6.6481296144331985,0,0,43.770774677397355
2482,0.527819372173848,15834.58116521544,38.00338889648806,15.0,6.52892129317731,0,0,43.770774677397355
2483,0.5277691360614853,15833.07408184456,37.7196872119394,15.0,6.410426775349277,0,0,43.770774677397355
2484,0.5277458454539412,15832.375363618235,37.43777859520005,15.0,6.292681173432102,0,0,43.770774677397355
2485,0.527749332338274,15832.479970148222,37.15774658187698,15.0,6.175719377988692,0,0,43.770774677397355
2486,0.5277794207667936,15833.38262300381,36.879674151499444,15.0,6.05957604732333,0,0,43.770774677397355
2487,0.5278359269091979,15835.077807275937,36.603643702929986,15.0,5.9442855972115165,0,0,43.770774677397355
2488,0.5279186591070459,15837.559773211378,36.329737029947495,15.0,5.829882190701695,0,0,43.770774677397355
2489,0.5280274179305509,15840.822537916525,36.0580352970108,15.0,5.716399727992339,0,0,43.770774677397355
2490,0.5281619962376747,15844.85988713024,35.788619015206955,15.0,5.603871836386206,0,0,43.770774677397355
2491,0.5283221792355094,15849.665377065281,35.521568018394845,15.0,5.492331860326178,0,0,43.770774677397355
2492,0.5285077445439244,15855.23233631773,35.25696143954837,15.0,5.381812851514438,0,0,43.770774677397355
2493,0.5287184622614625,15861.553867843875,34.994877687307294,15.0,5.272347559118397,0,0,43.770774677397355
2494,0.5289540950334652,15868.622851003958,34.73539442274386,15.0,5.163968420066741,0,0,43.770774677397355
2495,0.5292143981224057,15876.43194367217,34.47858853634936,15.0,5.056707549437337,0,0,43.770774677397355
2496,0.5294991194804094,15884.973584412282,34.22453612525015,15.0,4.950596730940987,0,0,43.770774677397355
2497,0.529807999823942,15894.239994718258,33.973312470658634,15.0,4.845667407503319,0,0,43.770774677397355
2498,0.5301407727106401,15904.223181319203,33.72499201556563,15.0,4.741950671947465,0,0,43.770774677397355
2499,0.5304971646182643,15914.91493854793,33.479648342680974,15.0,4.639477257780479,0,0,43.770774677397355
2500,0.5308768950257498,15926.306850772493,33.23735415263009,15.0,4.538277530086621,0,0,43.770774677397355
2501,0.5312796764963299,15938.390294889898,32.99818124241044,15.0,4.438381476529189,0,0,43.770774677397355
2502,0.5317052147627112,15951.156442881334,32.76220048411717,15.0,4.33981869846483,0,0,43.770774677397355
2503,0.53215320881427,15964.596264428099,32.52948180394196,15.0,4.242618402171884,0,0,43.770774677397355
2504,0.532623350986249,15978.700529587471,32.30009416145204,15.0,4.146809390195812,0,0,43.770774677397355
2505,0.5331153270509251,15993.459811527755,32.07410552915654,15.0,4.052420052814636,0,0,43.770774677397355
2506,0.5336288163107213,16008.864489321639,31.851582872364553,15.0,3.9594783596261456,0,0,43.770774677397355
2507,0.5341634916932364,16024.904750797094,31.632592129341543,15.0,3.868011851259804,0,0,43.770774677397355
2508,0.5347190198481643,16041.57059544493,31.417198191771043,15.0,3.7780476312161246,0,0,43.770774677397355
2509,0.5352950612460721,16058.85183738216,31.20546488552516,15.0,3.689612357835016,0,0,43.770774677397355
2510,0.5358912702790101,16076.738108370302,30.99745495175229,15.0,3.602732236396645,0,0,43.770774677397355
2511,0.5365072953629235,16095.218860887704,30.79323002828486,15.0,3.517433011355951,0,0,43.770774677397355
2512,0.5371427790418337,16114.283371255011,30.5928506313754,15.0,3.4337399587142894,0,0,43.770774677397355
2513,0.5377973580937606,16133.920742812817,30.396376137763582,15.0,3.3516778785293333,0,0,43.770774677397355
2514,0.5384706636383527,16154.119909150582,30.203864767082305,15.0,3.271271087566554,0,0,43.770774677397355
2515,0.5391623212461949,16174.869637385847,30.01537356460527,15.0,3.192543412093369,0,0,43.770774677397355
2516,0.5398719510497595,16196.158531492783,29.830958384343823,15.0,3.1155181808191363,0,0,43.770774677397355
2517,0.5405991678559692,16217.975035679074,29.650673872495965,15.0,3.040218217982253,0,0,43.770774677397355
2518,0.5413435812603384,16240.307437810152,29.474573451253253,15.0,2.9666658365867535,0,0,43.770774677397355
2519,0.5421047957626586,16263.143872879757,29.30270930297114,15.0,2.8948828317906656,0,0,43.770774677397355
2520,0.5428824108841929,16286.472326525787,29.135132354705966,15.0,2.8248904744475443,0,0,43.770774677397355
2521,0.5436760212863474,16310.28063859042,28.97189226312397,15.0,2.7567095048033705,0,0,43.770774677397355
2522,0.5444852168907809,16334.556506723427,28.813037399787422,15.0,2.6903601263509715,0,0,43.770774677397355
2523,0.5453095830009208,16359.287490027626,28.658614836820583,15.0,2.6258619998430666,0,0,43.770774677397355
2524,0.5461487004248462,16384.461012745385,28.50867033296163,15.0,2.563234237466549,0,0,43.770774677397355
2525,0.5470021455995032,16410.0643679851,28.363248320003176,15.0,2.5024953971790556,0,0,43.770774677397355
2526,0.5478694907162167,16436.084721486503,28.22239188962601,15.0,2.443663477209764,0,0,43.770774677397355
2527,0.5487503038474584,16462.509115423753,28.08614278063051,15.0,2.3867559107263068,0,0,43.770774677397355
2528,0.5496441490748367,16489.3244722451,27.954541366568094,15.0,2.3317895606687733,0,0,43.770774677397355
2529,0.5505505866182687,16516.51759854806,27.827626643777894,15.0,2.2787807147529366,0,0,43.770774677397355
2530,0.5514691729662963,16544.07518898889,27.705436219831373,15.0,2.227745080643887,0,0,43.770774677397355
2531,0.5523994610075088,16571.983830225265,27.58800630238828,15.0,2.178697781301473,0,0,43.770774677397355
2532,0.553341000163031,16600.23000489093,27.475371688467398,15.0,2.1316533504989743,0,0,43.770774677397355
2533,0.5542933365200399,16628.800095601197,27.36756575413574,15.0,2.086625728516561,0,0,43.770774677397355
2534,0.5552560129662683,16657.680388988047,27.264620444618327,15.0,2.04362825801042,0,0,43.770774677397355
2535,0.5562285693254576,16686.85707976373,27.166566264832028,15.0,2.002673680058988,0,0,43.770774677397355
2536,0.557210542493718,16716.316274811543,27.073432270346583,15.0,1.963774130387617,0,0,43.770774677397355
2537,0.5582014665767558,16746.043997302677,26.985246058774468,15.0,1.9269411357723651,0,0,43.770774677397355
2538,0.559200873027928,16776.026190837838,26.902033761593433,15.0,1.8921856106244732,0,0,43.770774677397355
2539,0.5602082907870827,16806.24872361248,26.823820036403024,15.0,1.8595178537561416,0,0,43.770774677397355
2540,0.5612232464201447,16836.69739260434,26.75062805961795,15.0,1.8289475453287323,0,0,43.770774677397355
2541,0.5622452642594042,16867.357927782126,26.682479519600598,15.0,1.800483743984418,0,0,43.770774677397355
2542,0.5632738665444673,16898.21599633402,26.61939461023409,15.0,1.7741348841618123,0,0,43.770774677397355
2543,0.5643085735638266,16929.257206914797,26.561392024938606,15.0,1.7499087735967587,0,0,43.770774677397355
2544,0.5653489037970099,16960.467113910297,26.50848895113192,15.0,1.7278125910086382,0,0,43.770774677397355
2545,0.566394374057266,16991.83122171798,26.46070106513658,15.0,1.7078528839732456,0,0,43.770774677397355
2546,0.5674444996347423,17023.33498904227,26.41804252753452,15.0,1.6900355669825253,0,0,43.770774677397355
2547,0.5684987944401152,17054.963833203456,26.380525978971114,15.0,1.6743659196920433,0,0,43.770774677397355
2548,0.5695567711486292,17086.703134458876,26.348162536409344,15.0,1.660848585356461,0,0,43.770774677397355
2549,0.5706179413445012,17118.538240335034,26.320961789835714,15.0,1.6494875694536737,0,0,43.770774677397355
2550,0.5716818156656488,17150.454469969463,26.29893179941849,15.0,1.6402862384978896,0,0,43.770774677397355
2551,0.5727479039486995,17182.437118460984,26.282079093119247,15.0,1.6332473190420438,0,0,43.770774677397355
2552,0.5738157153742354,17214.47146122706,26.270408664758598,15.0,1.6283728968698865,0,0,43.770774677397355
2553,0.5748847586122346,17246.54275836704,26.26392397253632,15.0,1.6256644163779086,0,0,43.770774677397355
2554,0.5759545419676625,17278.636259029874,26.262626938006683,15.0,1.6251226801473302,0,0,43.770774677397355
2555,0.5770245735261718,17310.737205785153,26.266517945508998,15.0,1.6267478487062883,0,0,43.770774677397355
2556,0.5780943612998674,17342.830838996022,26.275595842053768,15.0,1.630539440482266,0,0,43.770774677397355
2557,0.5791634133730926,17374.90240119278,26.289857937664344,15.0,1.636496331944791,0,0,43.770774677397355
2558,0.580231238048195,17406.93714144585,26.30930000617397,15.0,1.6446167579383606,0,0,43.770774677397355
2559,0.5812973439912265,17438.920319736793,26.333916286478164,15.0,1.6548983122054985,0,0,43.770774677397355
2560,0.5823612403775361,17470.837211326085,26.36369948424183,15.0,1.6673379480997894,0,0,43.770774677397355
2561,0.583422437037213,17502.67311111639,26.398640774060663,15.0,1.6819319794886387,0,0,43.770774677397355
2562,0.5844804446003328,17534.413338009985,26.43872980207643,15.0,1.6986760818455897,0,0,43.770774677397355
2563,0.5855347746419697,17566.043239259092,26.48395468904491,15.0,1.7175652935317427,0,0,43.770774677397355
2564,0.5865849398269268,17597.548194807805,26.534302033856058,15.0,1.7385940172660055,0,0,43.770774677397355
2565,0.5876304540541443,17628.913621624328,26.589756917505053,15.0,1.7617560217837127,0,0,43.770774677397355
2566,0.5886708326007409,17660.124978022228,26.650302907513037,15.0,1.7870444436830437,0,0,43.770774677397355
2567,0.5897055922656491,17691.167767969473,26.71592206279645,15.0,1.814451789458806,0,0,43.770774677397355
2568,0.5907342515127969,17722.027545383906,26.78659493898347,15.0,1.8439699377229712,0,0,43.770774677397355
2569,0.5917563306137976,17752.68991841393,26.862300594175565,15.0,1.8755901416111307,0,0,43.770774677397355
2570,0.5927713517901042,17783.140553703128,26.94301659515331,15.0,1.9093030313744788,0,0,43.770774677397355
2571,0.593778839354585,17813.36518063755,27.028719024023587,15.0,1.9450986171561824,0,0,43.770774677397355
2572,0.5947783198524799,17843.349595574397,27.119382485307085,15.0,1.9829662919516253,0,0,43.770774677397355
2573,0.5957693222016954,17873.079666050864,27.214980113463604,15.0,2.022894834751546,0,0,43.770774677397355
2574,0.5967513778323968,17902.541334971906,27.315483580852693,15.0,2.064872413866952,0,0,43.770774677397355
2575,0.5977240208258549,17931.720624775644,27.42086310612799,15.0,2.108886590435234,0,0,43.770774677397355
2576,0.5986867880525079,17960.603641575235,27.5310874630618,15.0,2.1549243221059378,0,0,43.770774677397355
2577,0.5996392193091973,17989.176579275918,27.64612398979843,15.0,2.2029719669056287,0,0,43.770774677397355
2578,0.6005808574555351,18017.425723666052,27.765938598532195,15.0,2.2530152872801605,0,0,43.770774677397355
2579,0.6015112485493652,18045.337456480956,27.89049578560884,15.0,2.305039454313725,0,0,43.770774677397355
2580,0.6024299419812758,18072.898259438272,28.01975864204556,15.0,2.359029052122813,0,0,43.770774677397355
2581,0.6033364906081244,18100.094718243734,28.153688864468364,15.0,2.4149680824244495,0,0,43.770774677397355
2582,0.6042304508855371,18126.913526566113,28.292246766461865,15.0,2.4728399692766674,0,0,43.770774677397355
2583,0.6051113829993389,18153.341489980165,28.43539129032931,15.0,2.532627563990393,0,0,43.770774677397355
2584,0.605978850995881,18179.36552987643,28.58308001925908,15.0,2.594313150211038,0,0,43.770774677397355
2585,0.6068324229112237,18204.97268733671,28.73526918989335,15.0,2.6578784491680967,0,0,43.770774677397355
2586,0.6076716708991352,18230.150126974055,28.8919137052963,15.0,2.7233046250916115,0,0,43.770774677397355
2587,0.608496171357873,18254.88514073619,29.052967148317457,15.0,2.790572290793695,0,0,43.770774677397355
2588,0.6093055050557058,18279.165151671175,29.21838179534579,15.0,2.8596615134132195,0,0,43.770774677397355
2589,0.6100992572551409,18302.977717654227,29.388108630451363,15.0,2.9305518203224263,0,0,43.770774677397355
2590,0.6108770178358197,18326.31053507459,29.562097359910002,15.0,3.0032222051934667,0,0,43.770774677397355
2591,0.6116383814160452,18349.151442481358,29.740296427106248,15.0,3.0776511342229793,0,0,43.770774677397355
2592,0.6123829474729061,18371.488424187184,29.92265302781051,15.0,3.1538165525129243,0,0,43.770774677397355
2593,0.6131103204609591,18393.309613828773,30.10911312582656,15.0,3.231695890606141,0,0,43.770774677397355
2594,0.6138201099294387,18414.60329788316,30.29962146900307,15.0,3.311266071173913,0,0,43.770774677397355
2595,0.6145119306379556,18435.357919138667,30.494121605606594,15.0,3.392503515854539,0,0,43.770774677397355
2596,0.6151854026706518,18455.562080119555,30.69255590104894,15.0,3.4753841522398807,0,0,43.770774677397355
2597,0.6158401515487781,18475.204546463345,30.894865554965712,15.0,3.5598834210086308,0,0,43.770774677397355
2598,0.61647580834166,18494.2742502498,31.100990618640417,15.0,3.64597628320388,0,0,43.770774677397355
2599,0.6170920097760197,18512.760293280593,31.310870012768078,15.0,3.733637227652488,0,0,43.770774677397355
2600,0.6176883983436224,18530.651950308675,31.524441545554538,15.0,3.8228402785246995,0,0,43.770774677397355
2601,0.6182646224072132,18547.938672216398,31.741641931145573,15.0,3.9135590030314567,0,0,43.770774677397355
2602,0.6188203363047147,18564.61008914144,31.96240680837917,15.0,4.005766519256742,0,0,43.770774677397355
2603,0.6193552004516544,18580.656013549633,32.18667075985791,15.0,4.099435504123571,0,0,43.770774677397355
2604,0.6198688814417911,18596.066443253734,32.414367331332855,15.0,4.19453820149015,0,0,43.770774677397355
2605,0.6203610521459101,18610.831564377302,32.64542905139569,15.0,4.291046430374726,0,0,43.770774677397355
2606,0.6208313918087583,18624.94175426275,32.87978745147222,15.0,4.388931593306338,0,0,43.770774677397355
2607,0.6212795861440918,18638.387584322754,33.11737308611045,15.0,4.488164684798598,0,0,43.770774677397355
2608,0.6217053274278049,18651.159822834146,33.358115553559514,15.0,4.588716299944949,0,0,43.770774677397355
2609,0.6221083145891156,18663.24943767347,33.60194351663046,15.0,4.690556643131661,0,0,43.770774677397355
2610,0.6224882532997795,18674.647598993386,33.848784723835806,15.0,4.793655536867238,0,0,43.770774677397355
2611,0.6228448560613058,18685.345681839175,34.09856603079835,15.0,4.897982430724322,0,0,43.770774677397355
2612,0.6231778422901488,18695.335268704464,34.35121342192636,15.0,5.0035064103927915,0,0,43.770774677397355
2613,0.6234869384008511,18704.608152025532,34.60665203234503,15.0,5.110196206839992,0,0,43.770774677397355
2614,0.623771877887113,18713.15633661339,34.86480617008151,15.0,5.218020205576767,0,0,43.770774677397355
2615,0.6240324014007639,18720.972042022917,35.125599338493245,15.0,5.326946456025217,0,0,43.770774677397355
2616,0.6242682568286131,18728.047704858393,35.388954258935954,15.0,5.436942680986466,0,0,43.770774677397355
2617,0.6244791993671557,18734.37598101467,35.65479289366326,15.0,5.547976286205234,0,0,43.770774677397355
2618,0.6246649915951137,18739.94974785341,35.92303646895033,15.0,5.660014370027952,0,0,43.770774677397355
2619,0.6248254035437889,18744.76210631367,36.1936054984365,15.0,5.773023733152352,0,0,43.770774677397355
2620,0.6249602127652079,18748.806382956234,36.46641980667921,15.0,5.886970888465296,0,0,43.770774677397355
2621,0.6250692043980373,18752.076131941118,36.74139855291102,15.0,6.001822070965435,0,0,43.770774677397355
2622,0.6251521712312531,18754.565136937592,37.018460254994764,15.0,6.117543247768656,0,0,43.770774677397355
2623,0.6252089137655407,18756.26741296622,37.29752281356873,15.0,6.23410012819285,0,0,43.770774677397355
2624,0.6252392402724113,18757.17720817234,37.578503536374285,15.0,6.3514581739188944,0,0,43.770774677397355
2625,0.6252429668510152,18757.289005530456,37.86131916275897,15.0,6.469582609224947,0,0,43.770774677397355
2626,0.6252199174826354,18756.59752447906,38.145885888349255,15.0,6.5884384312915945,0,0,43.770774677397355
2627,0.6251699240828457,18755.09772248537,38.43211938988266,15.0,6.707990420573537,0,0,43.770774677397355
2628,0.6250928265513184,18752.784796539552,38.719934850195486,15.0,6.828203151236307,0,0,43.770774677397355
2629,0.6249884728192646,18749.65418457794,39.00924698335516,15.0,6.949041001653359,0,0,43.770774677397355
2630,0.6248567188944961,18745.701566834883,39.29997005993265,15.0,7.070468164961667,0,0,43.770774677397355
2631,0.6246974289040929,18740.922867122787,39.59201793240628,15.0,7.192448659672233,0,0,43.770774677397355
2632,0.6245104751346656,18735.314254039968,39.88530406068841,15.0,7.3149463403318675,0,0,43.770774677397355
2633,0.6242957380701997,18728.87214210599,40.179741537769466,15.0,7.437924908234023,0,0,43.770774677397355
2634,0.6240531064274702,18721.593192824108,40.47524311547076,15.0,7.561347922175038,0,0,43.770774677397355
2635,0.6237824771890184,18713.47431567055,40.77172123029713,15.0,7.685178809252095,0,0,43.770774677397355
2636,0.6234837556336769,18704.512669010306,41.06908802938488,15.0,7.8093808757009615,0,0,43.770774677397355
2637,0.6231568553646382,18694.705660939144,41.367255396533594,15.0,7.9339173177688,0,0,43.770774677397355
2638,0.6228016983350557,18684.05095005167,41.66613497831732,15.0,8.05875123262006,0,0,43.770774677397355
2639,0.622418214871171,18672.54644613513,41.96563821026583,15.0,8.183845629271731,0,0,43.770774677397355
2640,0.6220063436929595,18660.190310788785,42.26567634310747,15.0,8.30916343955423,0,0,43.770774677397355
2641,0.6215660319322888,18646.980957968663,42.56616046906837,15.0,8.434667529095892,0,0,43.770774677397355
2642,0.621097235148585,18632.91705445755,42.86700154821678,15.0,8.56032070832628,0,0,43.770774677397355
2643,0.6205999173420014,18617.99752026004,43.16811043484851,15.0,8.686085743496678,0,0,43.770774677397355
2644,0.6200740509640857,18602.22152892257,43.469397903901736,15.0,8.811925367712826,0,0,43.770774677397355
2645,0.6195196169259437,18585.58850777831,43.77077467739733,15.0,8.937802291978333,0,0,43.770774677397355
2646,0.6189366046038951,18568.098138116853,44.07215145089279,15.0,9.063679216243788,0,0,43.770774677397355
2647,0.6183250118426222,18549.750355278666,44.37343891994614,15.0,9.189518840459986,0,0,43.770774677397355
2648,0.617684844955808,18530.54534867424,44.67454780657786,15.0,9.315283875630385,0,0,43.770774677397355
2649,0.6170161187242659,18510.483561727975,44.97538888572627,15.0,9.440937054860772,0,0,43.770774677397355
2650,0.616318856391559,18489.56569174677,45.275873011687175,15.0,9.566441144402436,0,0,43.770774677397355
2651,0.6155930896571138,18467.792689713413,45.57591114452893,15.0,9.691758954684985,0,0,43.770774677397355
2652,0.6148388586668255,18445.165760004766,45.87541437647734,15.0,9.816853351336608,0,0,43.770774677397355
2653,0.6140562120011629,18421.686360034888,46.17429395826117,15.0,9.941687266187916,0,0,43.770774677397355
2654,0.6132452066607728,18397.35619982318,46.47246132540977,15.0,10.066223708255704,0,0,43.770774677397355
2655,0.6124059080495889,18372.17724148767,46.76982812449751,15.0,10.190425774704572,0,0,43.770774677397355
2656,0.6115383899554523,18346.15169866357,47.06630623932388,15.0,10.314256661781627,0,0,43.770774677397355
2657,0.6106427345282452,18319.28203584736,47.36180781702517,15.0,10.437679675722642,0,0,43.770774677397355
2658,0.6097190322555496,18291.57096766649,47.65624529410624,15.0,10.5606582436248,0,0,43.770774677397355
2659,0.6087673819358326,18263.021458074978,47.94953142238836,15.0,10.683155924284433,0,0,43.770774677397355
2660,0.6077878906491709,18233.63671947513,48.24157929486187,15.0,10.805136418994948,0,0,43.770774677397355
2661,0.6067806737255207,18203.42021176562,48.532302371439485,15.0,10.926563582303308,0,0,43.770774677397355
2662,0.6057458547105425,18172.375641316277,48.82161450459917,15.0,11.04740143272036,0,0,43.770774677397355
2663,0.6046835653289927,18140.50695986978,49.109429964911875,15.0,11.167614163383082,0,0,43.770774677397355
2664,0.6035939454456897,18107.81836337069,49.3956634664454,15.0,11.287166152665073,0,0,43.770774677397355
2665,0.6024771430240695,18074.314290722086,49.68023019203568,15.0,11.406021974731718,0,0,43.770774677397355
2666,0.601333314082341,18039.99942247023,49.96304581842036,15.0,11.524146410037773,0,0,43.770774677397355
2667,0.6001626226472542,18004.878679417627,50.24402654122592,15.0,11.641504455763815,0,0,43.770774677397355
2668,0.5989652407054956,17968.95722116487,50.52308909979989,15.0,11.75806133618801,0,0,43.770774677397355
2669,0.597741348152725,17932.24044458175,50.800150801883746,15.0,11.87378251299128,0,0,43.770774677397355
2670,0.596491132740268,17894.73398220804,51.07512954811554,15.0,11.98863369549142,0,0,43.770774677397355
2671,0.5952147900194822,17856.443700584467,51.34794385635815,15.0,12.102580850804316,0,0,43.770774677397355
2672,0.5939125232838102,17817.375698514305,51.61851288584444,15.0,12.215590213928765,0,0,43.770774677397355
2673,0.5925845435085395,17777.536305256184,51.88675646113139,15.0,12.327628297751435,0,0,43.770774677397355
2674,0.5912310692882865,17736.932078648595,52.15259509585859,15.0,12.438661902970157,0,0,43.770774677397355
2675,0.5898523267722217,17695.56980316665,52.4159500163014,15.0,12.54865812793145,0,0,43.770774677397355
2676,0.588448549597057,17653.45648791171,52.676743184713146,15.0,12.657584378379898,0,0,43.770774677397355
2677,0.5870199788178141,17610.599364534424,52.93489732244951,15.0,12.765408377116632,0,0,43.770774677397355
2678,0.5855668628363949,17567.005885091847,53.190335932868294,15.0,12.872098173563877,0,0,43.770774677397355
2679,0.584089457327974,17522.68371983922,53.4429833239962,15.0,12.977622153232305,0,0,43.770774677397355
2680,0.5825880251652374,17477.640754957123,53.692764630958855,15.0,13.081949047089433,0,0,43.770774677397355
2681,0.5810628363404873,17431.88509021462,53.939605838164184,15.0,13.185047940825008,0,0,43.770774677397355
2682,0.5795141678856373,17385.42503656912,54.18343380123514,15.0,13.28688828401172,0,0,43.770774677397355
2683,0.5779423037901223,17338.26911370367,54.42417626868421,15.0,13.387439899158075,0,0,43.770774677397355
2684,0.5763475349167462,17290.426047502384,54.661761903322535,15.0,13.486672990650373,0,0,43.770774677397355
2685,0.5747301589154927,17241.90476746478,54.89612030339897,15.0,13.584558153581945,0,0,43.770774677397355
2686,0.5730904801353257,17192.71440405977,55.1271820234619,15.0,13.681066382466561,0,0,43.770774677397355
2687,0.5714288095340034,17142.864286020103,55.35487859493675,15.0,13.7761690798331,0,0,43.770774677397355
2688,0.5697454645859358,17092.363937578073,55.57914254641548,15.0,13.86983806469993,0,0,43.770774677397355
2689,0.5680407691881091,17041.223075643273,55.79990742364909,15.0,13.962045580925214,0,0,43.770774677397355
2690,0.5663150535641087,16989.451606923263,56.017107809240116,15.0,14.052764305431971,0,0,43.770774677397355
2691,0.5645686541662669,16937.059624988007,56.23067934202658,15.0,14.141967356304185,0,0,43.770774677397355
2692,0.5628019135759641,16884.057407278924,56.44055873615424,15.0,14.229628300752793,0,0,43.770774677397355
2693,0.5610151804021156,16830.455412063468,56.646683799828864,15.0,14.315721162948009,0,0,43.770774677397355
2694,0.5592088091778702,16776.264275336107,56.84899345374573,15.0,14.400220431716791,0,0,43.770774677397355
2695,0.5573831602555551,16721.494807666655,57.047427749188074,15.0,14.483101068102133,0,0,43.770774677397355
2696,0.5555385996998956,16666.157990996868,57.24192788579152,15.0,14.564338512782728,0,0,43.770774677397355
2697,0.5536754991795416,16610.26497538625,57.4324362289681,15.0,14.643908693350536,0,0,43.770774677397355
2698,0.5517942358569352,16553.827075708057,57.618896326984085,15.0,14.721788031443719,0,0,43.770774677397355
2699,0.5498951922765487,16496.85576829646,57.80125292768842,15.0,14.797953449733695,0,0,43.770774677397355
2700,0.5479787562515283,16439.362687545847,57.97945199488466,15.0,14.87238237876321,0,0,47.770774677397355
2701,0.5458681753326007,16376.04525997802,63.46780320962725,15.0,14.94505276363428,0,0,47.770774677397355
2702,0.5437404759229273,16312.214277687817,63.65304056163425,15.0,15.015943070543484,0,0,47.770774677397355
2703,0.5415960740817671,16247.882222453014,63.83357165549237,15.0,15.085032293162982,0,0,47.770774677397355
2704,0.5394353908176703,16183.06172453011,64.00934299594242,15.0,15.152299958865065,0,0,47.770774677397355
2705,0.5372588519637237,16117.765558911711,64.18030249814267,15.0,15.217726134788606,0,0,47.770774677397355
2706,0.5350668880513679,16052.006641541037,64.34639950310294,15.0,15.28129143374564,0,0,47.770774677397355
2707,0.532859934182821,15985.79802548463,64.50758479269615,15.0,15.342977019966288,0,0,47.770774677397355
2708,0.5306384299021487,15919.152897064461,64.66381060424219,15.0,15.40276461468001,0,0,47.770774677397355
2709,0.5284028190650178,15852.084571950534,64.81503064466152,15.0,15.460636501532207,0,0,47.770774677397355
2710,0.5261535497071723,15784.606491215169,64.96120010419266,15.0,15.516575531833842,0,0,47.770774677397355
2711,0.5238910739116707,15716.73221735012,65.10227566967005,15.0,15.570565129642954,0,0,47.770774677397355
2712,0.5216158476749237,15648.475430247712,65.23821553735901,15.0,15.622589296676518,0,0,47.770774677397355
2713,0.5193283307715734,15579.849923147201,65.36897942534293,15.0,15.672632617051073,0,0,47.770774677397355
2714,0.5170289866182511,15510.869598547535,65.49452858545953,15.0,15.720680261850724,0,0,47.770774677397355
2715,0.5147182821362581,15441.548464087744,65.61482581478337,15.0,15.766717993521446,0,0,47.770774677397355
2716,0.5123966876132059,15371.900628396177,65.72983546664902,15.0,15.810732170089729,0,0,47.770774677397355
2717,0.5100646765636602,15301.940296909806,65.83952346121455,15.0,15.852709749205154,0,0,47.770774677397355
2718,0.5077227255888286,15231.681767664857,65.94385729555984,15.0,15.892638292005056,0,0,47.770774677397355
2719,0.5053713142353325,15161.139427059978,66.04280605331815,15.0,15.9305059668005,0,0,47.770774677397355
2720,0.5030109248531084,15090.327745593253,66.13634041383705,15.0,15.966301552582202,0,0,47.770774677397355
2721,0.500642042452476,15019.26127357428,66.22443266086688,15.0,16.000014442345552,0,0,47.770774677397355
2722,0.49826515456041975,14947.954636812592,66.30705669077363,15.0,16.031634646233712,0,0,47.770774677397355
2723,0.49588075107612384,14876.422532283716,66.38418802027411,15.0,16.06115279449788,0,0,47.770774677397355
2724,0.49348932412580493,14804.679723774148,66.45580379369073,15.0,16.08856014027365,0,0,47.770774677397355
2725,0.4910913679168842,14732.741037506525,66.5218827897242,15.0,16.113848562172958,0,0,47.770774677397355
2726,0.4886873785915428,14660.621357746284,66.58240542774196,15.0,16.137010566690673,0,0,47.770774677397355
2727,0.4862778540797047,14588.335622391141,66.63735377358016,15.0,16.15803929042494,0,0,47.770774677397355
2728,0.4838632939514891,14515.898818544672,66.68671154485804,15.0,16.176928502111096,0,0,47.770774677397355
2729,0.4814441992691769,14443.325978075307,66.73046411580273,15.0,16.19367260446805,0,0,47.770774677397355
2730,0.4790210724387353,14370.63217316206,66.76859852158317,15.0,16.20826663585689,0,0,47.770774677397355
2731,0.47659441706094396,14297.83251182832,66.80110346215201,15.0,16.220706271751187,0,0,47.770774677397355
2732,0.4741647377821674,14224.942133465021,66.82796930559378,15.0,16.23098782601833,0,0,47.770774677397355
2733,0.47173254014481714,14151.976204344513,66.84918809097928,15.0,16.2391082520119,0,0,47.770774677397355
2734,0.46929833043754865,14078.94991312646,66.86475353072443,15.0,16.245065143474427,0,0,47.770774677397355
2735,0.46686261554523734,14005.87846635712,66.87466101245353,15.0,16.2488567352504,0,0,47.770774677397355
2736,0.4644259027987773,13932.77708396332,66.87890760036592,15.0,16.250481903809362,0,0,47.770774677397355
2737,0.4619886998247484,13859.660994742451,66.87749203610596,15.0,16.24994016757878,0,0,47.770774677397355
2738,0.4595515143949953,13786.54543184986,66.8704147391359,15.0,16.247231687086803,0,0,47.770774677397355
2739,0.45711485427616433,13713.44562828493,66.8576778066115,15.0,16.242357264914645,0,0,47.770774677397355
2740,0.4546792270792404,13640.376812377212,66.83928501276085,15.0,16.2353183454588,0,0,47.770774677397355
2741,0.45224514010913164,13567.35420327395,66.81524180776566,15.0,16.226117014503014,0,0,47.770774677397355
2742,0.4498131002143438,13494.393006430313,66.7855553161465,15.0,16.214755998600236,0,0,47.770774677397355
2743,0.4473836136367897,13421.508409103692,66.75023433465147,15.0,16.201238664264654,0,0,47.770774677397355
2744,0.4449571858617796,13348.715575853388,66.7092893296497,15.0,16.185569016974167,0,0,47.770774677397355
2745,0.4425343214682342,13276.029644047025,66.66273243402988,15.0,16.167751699983448,0,0,47.770774677397355
2746,0.4401155239791674,13203.465719375023,66.6105774436049,15.0,16.147791992948047,0,0,47.770774677397355
2747,0.43770129571248184,13131.038871374456,66.55283981302411,15.0,16.125695810359943,0,0,47.770774677397355
2748,0.4352921376321206,13058.764128963618,66.48953665119342,15.0,16.101469699794883,0,0,47.770774677397355
2749,0.4328885491996212,12986.656475988637,66.42068671620592,15.0,16.07512083997228,0,0,47.770774677397355
2750,0.4304910282261145,12914.730846783435,66.34631040978324,15.0,16.046657038627952,0,0,47.770774677397355
2751,0.4281000707248121,12843.002121744363,66.26642977123021,15.0,16.016086730200556,0,0,47.770774677397355
2752,0.4257161707640272,12771.485122920816,66.18106847090394,15.0,15.983418973332224,0,0,47.770774677397355
2753,0.42333982032077144,12700.194609623144,66.09025180319993,15.0,15.948663448184334,0,0,47.770774677397355
2754,0.42097150913497156,12629.145274049146,65.99400667905685,15.0,15.911830453569081,0,0,47.770774677397355
2755,0.41861172456434864,12558.351736930459,65.89236161798216,15.0,15.872930903897709,0,0,47.770774677397355
2756,0.4162609514400038,12487.828543200114,65.78534673960107,15.0,15.831976325946279,0,0,47.770774677397355
2757,0.41391967192275214,12417.590157682564,65.67299375473164,15.0,15.788978855440119,0,0,47.770774677397355
2758,0.41158836536024795,12347.65096080744,65.55533595598814,15.0,15.743951233457743,0,0,47.770774677397355
2759,0.40926750814494406,12278.025244348322,65.43240820791544,15.0,15.696906802655247,0,0,47.770774677397355
2760,0.40695757357292595,12208.727207187778,65.30424693665839,15.0,15.647859503312812,0,0,47.770774677397355
2761,0.40465903170366424,12139.770951109927,65.17089011916758,15.0,15.596823869203764,0,0,47.770774677397355
2762,0.40237234922072596,12071.170476621779,65.03237727194613,15.0,15.543815023287927,0,0,47.770774677397355
2763,0.3992383406174659,11977.150218523977,64.88874943934013,15.0,15.488848673230418,1,0,47.770774677397355
2764,0.39609504541036683,11882.851362311005,65.23314784022307,15.0,15.431941106746937,2,0,47.770774677397355
2765,0.3928915109162328,11786.745327486984,67.10838705017703,15.0,15.373109186777647,3,0,47.770774677397355
2766,0.38962701805878625,11688.810541763587,69.00743869383189,15.0,15.312370346490127,4,0,47.770774677397355
2767,0.3863008554568075,11589.025663704224,70.93005108782008,15.0,15.249742584113612,5,0,47.770774677397355
2768,0.38291232006466114,11487.369601939834,72.87595267535501,15.0,15.18524445760573,6,0,47.770774677397355
2769,0.3794607178189216,11383.821534567647,74.84485184962257,15.0,15.118895079153331,7,0,47.770774677397355
2770,0.3759453642902507,11278.360928707521,76.83643680277343,15.0,15.050714109509158,8,0,47.770774677397355
2771,0.3723655853396414,11170.967560189243,78.85037540170197,15.0,14.980721752166037,9,0,47.770774677397355
2772,0.36872071777810167,11061.62153334305,80.88631509177836,15.0,14.90893874736995,10,0,47.770774677397355
2773,0.3650101100288146,10950.303300864438,82.9438828296806,15.0,14.835386365974452,11,0,47.770774677397355
2774,0.3612331227907743,10836.993683723229,85.02268504644331,15.0,14.760086403137569,12,0,47.770774677397355
2775,0.35738912970285985,10721.673891085795,87.12230764181118,15.0,14.683061171863368,13,0,47.770774677397355
2776,0.3534775180072745,10604.325540218235,89.24231601095113,15.0,14.604333496390183,14,0,47.770774677397355
2777,0.34949768921124413,10484.930676337324,91.3822551045381,15.0,14.523926705427373,15,0,47.770774677397355
2778,0.34544905974583523,10363.471792375058,93.54164952318482,15.0,14.441864625242417,16,0,47.770774677397355
2779,0.3413549454110984,10240.648362332951,95.72000364714313,15.0,13.641657861357558,17,0,47.770774677397355
2780,0.3373104233241453,10119.312699724358,97.90206278396373,15.0,9.985717564031688,18,0,47.770774677397355
2781,0.33331490774060146,9999.447232218045,100.02865725825644,15.0,6.403095138435859,19,0,47.770774677397355
2782,0.3293678198050908,9881.034594152723,102.10009451280979,15.0,2.893272273806744,20,0,47.770774677397355
2783,0.325468587465834,9764.05762397502,103.57241512983268,15.0,0.0,21,0,47.770774677397355
2784,0.3216166453903156,9648.499361709468,102.16869148770026,15.0,0.0,22,0,47.770774677397355
2785,0.3178114348820047,9534.34304646014,100.7819923405136,15.0,0.0,23,0,47.770774677397355
2786,0.31405240379811966,9421.57211394359,99.41211655752168,15.0,0.0,24,0,47.770774677397355
2787,0.31033900646842416,9310.170194052725,98.05886536732308,15.0,0.0,25,0,47.770774677397355
2788,0.306670703615043,9200.12110845129,96.72204232863271,15.0,0.0,26,0,47.770774677397355
2789,0.30304696227328604,9091.408868198581,95.40145330141549,15.0,0.0,27,0,47.770774677397355
2790,0.29946725571346955,8984.017671404086,94.09690641838297,15.0,0.0,28,0,47.770774677397355
2791,0.2959310633637229,8877.931900911686,92.80821205684904,15.0,0.0,29,0,47.770774677397355
2792,0.2924378707337701,8773.136122013102,91.53518281094024,15.0,0.0,30,0,47.770774677397355
2793,0.2889871693396748,8669.615080190244,90.27763346415723,15.0,0.0,31,0,47.770774677397355
2794,0.2855784566295381,8567.353698886143,89.03538096228294,15.0,0.0,32,0,47.770774677397355
2795,0.2822112359101382,8466.337077304146,87.80824438663372,15.0,0.0,33,0,47.770774677397355
2796,0.2788850162745012,8366.550488235036,86.59604492764976,15.0,0.0,34,0,47.770774677397355
2797,0.2755993125303931,8267.979375911793,85.39860585882045,15.0,0.0,35,0,47.770774677397355
2798,0.2723536451297215,8170.609353891645,84.21575251094153,15.0,0.0,36,0,47.770774677397355
2799,0.2691475400988377,8074.42620296513,83.04731224669973,15.0,0.0,37,0,47.770774677397355
2800,0.2659805289697283,7979.415869091848,81.89311443558157,15.0,0.0,38,0,47.770774677397355
2801,0.26285214871208673,7885.564461362602,80.75299042910218,15.0,0.0,39,0,47.770774677397355
2802,0.25976194166625405,7792.858249987622,79.62677353635122,15.0,0.0,40,0,47.770774677397355
2803,0.25670945547701984,7701.283664310596,78.51429899985148,15.0,0.0,41,0,47.770774677397355
2804,0.2536942430282727,7610.82729084818,77.41540397172713,15.0,0.0,42,0,47.770774677397355
2805,0.2507158623784912,7521.475871354736,76.32992749017815,15.0,0.0,43,0,47.770774677397355
2806,0.24777387669706574,7433.216300911972,75.25771045625683,15.0,0.0,44,0,47.770774677397355
2807,0.24486785420144078,7346.035626043224,74.19859561094367,15.0,0.0,45,0,47.770774677397355
2808,0.24199736809506972,7259.921042852092,73.15242751251867,15.0,0.0,46,0,47.770774677397355
2809,0.23916199650617154,7174.859895185146,72.11905251422512,15.0,0.0,47,0,47.770774677397355
2810,0.23636132242728106,7090.839672818432,71.09831874222175,15.0,0.0,48,0,47.770774677397355
2811,0.23359493365558315,7007.848009667495,70.09007607382118,15.0,0.0,49,0,47.770774677397355
2812,0.23086242273402213,6925.872682020664,69.09417611600993,15.0,0.0,50,0,47.770774677397355
2813,0.22816338689317717,6844.901606795315,68.11047218424798,15.0,0.0,51,0,47.770774677397355
2814,0.2254974279938951,6764.922839816853,67.13881928154379,15.0,0.0,52,0,47.770774677397355
2815,0.22286415247067184,6685.924574120156,66.17907407780224,15.0,0.0,53,0,47.770774677397355
2816,0.22026317127577355,6607.895138273207,65.23109488944188,15.0,0.0,54,0,47.770774677397355
2817,0.2176940998240891,6530.822994722673,64.29474165927849,15.0,0.0,55,0,47.770774677397355
2818,0.21515655793870553,6454.696738161166,63.369875936672074,15.0,0.0,56,0,47.770774677397355
2819,0.2126501697971976,6379.505093915928,62.45636085793399,15.0,0.0,57,0,47.770774677397355
2820,0.2101745638786237,6305.236916358711,61.554061126991144,15.0,0.0,58,0,47.770774677397355
2821,0.20772937291121918,6231.881187336576,60.662842996304526,15.0,0.0,59,0,47.770774677397355
2822,0.20531423382077982,6159.427014623395,59.78257424803891,15.0,0.0,60,0,47.770774677397355
2823,0.20292878767972633,6087.86363039179,58.913124175480746,15.0,0.0,61,0,47.770774677397355
2824,0.2005726796568426,6017.180389705279,58.0543635647015,15.0,0.0,62,0,47.770774677397355
2825,0.19824555896767979,5947.366769030394,57.20616467646334,15.0,0.0,63,0,47.770774677397355
2826,0.19594707882561754,5878.4123647685265,56.36840122836473,15.0,0.0,64,0,47.770774677397355
2827,0.19367689639357585,5810.306891807276,55.54094837722232,15.0,0.0,65,0,47.770774677397355
2828,0.19143467273636866,5743.04018209106,54.7236827016873,15.0,0.0,66,0,47.770774677397355
2829,0.18922007277369243,5676.602183210773,53.91648218509271,15.0,0.0,67,0,47.770774677397355
2830,0.18703276523374146,5610.982957012244,53.119226198529276,15.0,0.0,68,0,47.770774677397355
2831,0.18487242260744305,5546.172678223292,52.33179548414692,15.0,0.0,69,0,47.770774677397355
2832,0.18273872110330466,5482.16163309914,51.554072138679494,15.0,0.0,70,0,47.770774677397355
2833,0.18063134060286595,5418.940218085979,50.78593959718968,15.0,0.0,71,0,47.770774677397355
2834,0.1785499646167483,5356.498938502449,50.027282617031744,15.0,0.0,72,0,47.770774677397355
2835,0.1764942802412947,5294.8284072388415,49.27798726202939,15.0,0.0,73,0,47.770774677397355
2836,0.17446397811579284,5233.919343473785,48.5379408868661,15.0,0.0,74,0,47.770774677397355
2837,0.17245875238027414,5173.762571408224,47.807032121685424,15.0,0.0,75,0,47.770774677397355
2838,0.17047830063388225,5114.3490190164675,47.08515085689869,15.0,0.0,76,0,47.770774677397355
2839,0.16852232389380334,5055.6697168141,46.372188228197615,15.0,0.0,77,0,47.770774677397355
2840,0.16659052655475193,4997.7157966425575,45.6680366017692,15.0,0.0,78,0,47.770774677397355
2841,0.16468261634900502,4940.478490470151,44.97258955971069,15.0,0.0,79,0,47.770774677397355
2842,0.16279830430697814,4883.949129209344,44.28574188564181,15.0,0.0,80,0,47.770774677397355
2843,0.16093730471833623,4828.119141550087,43.60738955051213,15.0,0.0,81,0,47.770774677397355
2844,0.1590993350936331,4772.980052808994,42.93742969860104,15.0,0.0,82,0,47.770774677397355
2845,0.1572841161264727,4718.523483794181,42.27576063370793,15.0,0.0,83,0,47.770774677397355
2846,0.15549137165618562,4664.741149685568,41.62228180553017,15.0,0.0,84,0,47.770774677397355
2847,0.15372082863101474,4611.624858930442,40.97689379622682,15.0,0.0,85,0,47.770774677397355
2848,0.15197221707180325,4559.166512154097,40.33949830716531,15.0,0.0,86,0,47.770774677397355
2849,0.15024527003617877,4507.358101085363,39.70999814584917,15.0,0.0,87,0,47.770774677397355
2850,0.14853972358322776,4456.191707496832,39.08829721302436,15.0,0.0,88,0,47.770774677397355
2851,0.14685531673865304,4405.659502159591,38.47430048996199,15.0,0.0,89,0,47.770774677397355
2852,0.14519179146040964,4355.753743812289,37.8679140259151,15.0,0.0,90,0,47.770774677397355
2853,0.14354889260481157,4306.466778144347,37.26904492574747,15.0,0.0,91,0,47.770774677397355
2854,0.14192636789310406,4257.791036793122,36.67760133773217,15.0,0.0,92,0,47.770774677397355
2855,0.14032396787849563,4209.719036354869,36.09349244151746,15.0,0.0,93,0,47.770774677397355
2856,0.1387414459136433,4162.243377409299,35.51662843625843,15.0,0.0,94,0,47.770774677397355
2857,0.13717855811858543,4115.356743557562,34.946920528911576,15.0,0.0,95,0,47.770774677397355
2858,0.13563506334911668,4069.0519004735,34.38428092269075,15.0,0.0,96,0,47.770774677397355
2859,0.13411072316559877,4023.321694967963,33.828622805682,15.0,0.0,97,0,47.770774677397355
2860,0.1326053018022016,3978.1590540660477,33.27986033961555,15.0,0.0,98,0,47.770774677397355
2861,0.131118566136569,3933.55698409707,32.73790864879257,15.0,0.0,99,0,47.770774677397355
2862,0.12965028565990375,3889.5085697971126,32.202683809164846,15.0,0.0,100,0,47.770774677397355
2863,0.12820023244746567,3846.00697342397,31.67410283756535,15.0,0.0,101,0,47.770774677397355
2864,0.12676818112947807,3803.045433884342,31.15208368108764,15.0,0.0,102,0,47.770774677397355
2865,0.12535390886243647,3760.617265873094,30.636545206612105,15.0,0.0,103,0,47.770774677397355
2866,0.12395719530081446,3718.715859024434,30.12740719047713,15.0,0.0,104,0,47.770774677397355
2867,0.12257782256916139,3677.3346770748417,29.62459030829321,15.0,0.0,105,0,47.770774677397355
2868,0.12121557523458625,3636.4672570375874,29.128016124898103,15.0,0.0,106,0,47.770774677397355
2869,0.1198702402796229,3596.107208388687,28.637607084451048,15.0,0.0,107,0,47.770774677397355
2870,0.11854160707547118,3556.2482122641354,28.153286500664244,15.0,0.0,108,0,47.770774677397355
2871,0.11722946735560864,3516.8840206682594,27.674978547169623,15.0,0.0,109,0,47.770774677397355
2872,0.1159336151897681,3478.008455693043,27.20260824801911,15.0,0.0,110,0,47.770774677397355
2873,0.11465384695827557,3439.6154087482673,26.736101468316512,15.0,0.0,111,0,47.770774677397355
2874,0.11338996132674392,3401.6988398023177,26.275384904979212,15.0,0.0,112,0,47.770774677397355
2875,0.11214175922111681,3364.2527766335043,25.820386077627816,15.0,0.0,113,0,47.770774677397355
2876,0.11090904380305847,3327.271314091754,25.37103331960205,15.0,0.0,114,0,47.770774677397355
2877,0.10969162044568409,3290.748613370523,24.927255769101052,15.0,0.0,115,0,47.770774677397355
2878,0.10848929670962605,3254.6789012887816,24.488983360446277,15.0,0.0,116,0,47.770774677397355
2879,0.10730188231943122,3219.0564695829366,24.056146815465382,15.0,0.0,117,0,47.770774677397355
2880,0.10612918914028466,3183.8756742085397,23.628677634995242,15.0,0.0,118,0,47.770774677397355
2881,0.10497103115505473,3149.130934651642,23.20650809050247,15.0,0.0,119,0,47.770774677397355
2882,0.10382722444165535,3114.8167332496605,22.789571215819706,15.0,0.0,120,0,47.770774677397355
2883,0.10269758715072036,3080.927614521611,22.377800798995928,15.0,0.0,121,0,47.770774677397355
2884,0.10158193948358567,3047.45818450757,21.97113137425933,15.0,0.0,122,0,47.770774677397355
2885,0.10048010367057461,3014.403110117238,21.569498214090842,15.0,0.0,123,0,47.770774677397355
2886,0.09939190394958197,2981.757118487459,21.17283732140686,15.0,0.0,124,0,47.770774677397355
2887,0.09831716654495223,2949.514996348567,20.78108542184951,15.0,0.0,125,0,47.770774677397355
2888,0.09725571964664757,2917.6715893994274,20.394179956182803,15.0,0.0,126,0,47.770774677397355
2889,0.09620739338970145,2886.2218016910438,20.01205907279313,15.0,0.0,127,0,47.770774677397355
2890,0.0951720198339532,2855.160595018596,19.634661620292526,15.0,0.0,128,0,47.770774677397355
2891,0.09414943294405947,2824.4829883217844,19.261927140223154,15.0,0.0,129,0,47.770774677397355
2892,0.09313946856977845,2794.1840570933537,18.893795859861413,15.0,0.0,130,0,47.770774677397355
2893,0.09214196442652209,2764.2589327956625,18.530208685120243,15.0,0.0,131,0,47.770774677397355
2894,0.09115676007617297,2734.702802285189,18.171107193547954,15.0,0.0,132,0,47.770774677397355
2895,0.09018369690816107,2705.510907244832,17.81643362742227,15.0,0.0,133,0,47.770774677397355
2896,0.08922261812079658,2676.6785436238974,17.46613088693799,15.0,0.0,134,0,47.770774677397355
2897,0.08827336870285474,2648.2010610856423,17.12014252348677,15.0,0.0,135,0,47.770774677397355
2898,0.08733579541540869,2620.0738624622604,16.778412733027707,15.0,0.0,136,0,47.770774677397355
2899,0.08640974677390624,2592.2924032171873,16.44088634954712,15.0,0.0,137,0,47.770774677397355
2900,0.08549507303048698,2564.8521909146093,16.107508838606247,15.0,0.0,138,0,47.770774677397355
2901,0.08459162615653537,2537.748784696061,15.778226290975311,15.0,0.0,139,0,47.770774677397355
2902,0.08369925982546642,2510.9777947639923,15.452985416352735,15.0,0.0,140,0,47.770774677397355
2903,0.08281782939573978,2484.5348818721936,15.131733537167907,15.0,0.0,141,0,47.770774677397355
2904,0.08194719189409891,2458.415756822967,14.814418582466324,15.0,0.0,142,0,47.770774677397355
2905,0.08108720599903108,2432.616179970932,14.500989081875606,15.0,0.0,143,0,47.770774677397355
2906,0.08023773202444498,2407.1319607333494,14.191394159651185,15.0,0.0,144,0,47.770774677397355
2907,0.07939863190356213,2381.9589571068636,13.885583528800192,15.0,0.0,145,0,47.770774677397355
2908,0.07856976917301822,2357.0930751905466,13.583507485282363,15.0,0.0,146,0,47.770774677397355
2909,0.0777510089571714,2332.530268715142,13.28511690228656,15.0,0.0,147,0,47.770774677397355
2910,0.07694221795261333,2308.2665385784,12.990363224581706,15.0,0.0,148,0,47.770774677397355
2911,0.07614326441287997,2284.297932386399,12.6991984629408,15.0,0.0,149,0,47.770774677397355
2912,0.07535401813335849,2260.6205440007548,12.411575188636794,15.0,0.0,150,0,47.770774677397355
2913,0.07457435043638684,2237.230513091605,12.127446528009056,15.0,0.0,151,0,47.770774677397355
2914,0.07380413415654262,2214.1240246962784,11.846766157099264,15.0,0.0,152,0,47.770774677397355
2915,0.07304324362611803,2191.2973087835408,11.569488296355342,15.0,0.0,153,0,47.770774677397355
2916,0.07229155466077741,2168.7466398233223,11.29556770540249,15.0,0.0,154,0,47.770774677397355
2917,0.07154894454539426,2146.468336361828,11.024959677879867,15.0,0.0,155,0,47.770774677397355
2918,0.07081529202006434,2124.4587606019304,10.757620036341933,15.0,0.0,156,0,47.770774677397355
2919,0.07009047726629189,2102.7143179887566,10.493505127223166,15.0,0.0,157,0,47.770774677397355
2920,0.06937438189334556,2081.2314568003667,10.232571815865079,15.0,0.0,158,0,47.770774677397355
2921,0.0686668889247811,2060.006667743433,9.974777481604402,15.0,0.0,159,0,47.770774677397355
2922,0.06796788278512766,2039.03648355383,9.720080012921194,15.0,0.0,160,0,47.770774677397355
2923,0.06727724928673477,2018.3174786020434,9.468437802645962,15.0,0.0,161,0,47.770774677397355
2924,0.06659487561677667,1997.8462685033003,9.219809743224518,15.0,0.0,162,0,47.770774677397355
2925,0.06592065032441141,1977.6195097323425,8.974155222039602,15.0,0.0,163,0,47.770774677397355
2926,0.06525446330809158,1957.6338992427472,8.731434116788112,15.0,0.0,164,0,47.770774677397355
2927,0.06459620580302367,1937.88617409071,8.491606790912968,15.0,0.0,165,0,47.770774677397355
2928,0.06394577036877352,1918.3731110632057,8.254634089088523,15.0,0.0,166,0,47.770774677397355
2929,0.06330305087701464,1899.0915263104391,8.020477332758468,15.0,0.0,167,0,47.770774677397355
2930,0.0626679424994168,1880.0382749825042,7.789098315725269,15.0,0.0,168,0,47.770774677397355
2931,0.062040341695672296,1861.210250870169,7.56045929979005,15.0,0.0,169,0,47.770774677397355
2932,0.06142014620165673,1842.6043860497018,7.334523010442027,15.0,0.0,170,0,47.770774677397355
2933,0.06080725501772207,1824.2176505316622,7.111252632596422,15.0,0.0,171,0,47.770774677397355
2934,0.0602015683971191,1806.047051913573,6.8906118063799475,15.0,0.0,172,0,47.770774677397355
2935,0.05960298783454654,1788.0896350363962,6.672564622962874,15.0,0.0,173,0,47.770774677397355
2936,0.05901141605482464,1770.3424816447393,6.457075620436754,15.0,0.0,174,0,47.770774677397355
2937,0.058426757001690255,1752.8027100507077,6.244109779736874,15.0,0.0,175,0,47.770774677397355
2938,0.05784891582671111,1735.4674748013333,6.033632520608491,15.0,0.0,176,0,47.770774677397355
2939,0.05727779887831684,1718.3339663495053,5.825609697615999,15.0,0.0,177,0,47.770774677397355
2940,0.05671331369094422,1701.3994107283265,5.620007596194064,15.0,0.0,178,0,47.770774677397355
2941,0.056155368974294156,1684.6610692288248,5.41679292873992,15.0,0.0,179,0,47.770774677397355
2942,0.05560387460269827,1668.116238080948,5.215932830745898,15.0,0.0,180,0,47.770774677397355
2943,0.05505874160459247,1651.7622481377741,5.017394856971379,15.0,0.0,181,0,47.770774677397355
2944,0.054519882152095404,1635.5964645628621,4.821146977653289,15.0,0.0,182,0,47.770774677397355
2945,0.0539872095506894,1619.616286520682,4.627157574754347,15.0,0.0,183,0,47.770774677397355
2946,0.05346063822900172,1603.8191468700516,4.435395438248186,15.0,0.0,184,0,47.770774677397355
2947,0.0529400837286839,1588.202511860517,4.245829762440618,15.0,0.0,185,0,47.770774677397355
2948,0.05242546269438698,1572.7638808316094,4.0584301423262055,15.0,0.0,186,0,47.770774677397355
2949,0.05191669286383057,1557.500785914917,3.8731665699793147,15.0,0.0,187,0,47.770774677397355
2950,0.0514136930579635,1542.410791738905,3.690009430979004,15.0,0.0,188,0,47.770774677397355
2951,0.05091638317121416,1527.4914951364249,3.508929500866859,15.0,0.0,189,0,47.770774677397355
2952,0.05042468416182834,1512.7405248548503,3.3298979416370997,15.0,0.0,190,0,47.770774677397355
2953,0.04993851804229265,1498.1555412687794,3.1528862982582027,15.0,0.0,191,0,47.770774677397355
