tick,basin_frac,basin_level_ml,dc_total_draw_ml,community_received_ml,farm_total_received_ml,community_complaints,active_cap,total_dc_capacity_ml
0,0.8016942630125093,24050.82789037528,5.206836521939785,15.0,3.959485652278133,0,0,8.6767217739585
1,0.8033883436161169,24101.650308483506,5.2086360418978455,15.0,3.9687143432816083,0,0,8.6767217739585
2,0.8050817849456805,24152.453548370417,5.211463230505736,15.0,3.9832133489491452,0,0,8.6767217739585
3,0.8067741303254894,24203.22390976468,5.215317250006456,15.0,4.002978372912446,0,0,8.6767217739585
4,0.8084649234045856,24253.947702137568,5.220196958370852,15.0,4.028003558368349,0,0,8.6767217739585
5,0.8101537082919916,24304.61124875975,5.2261009096360205,15.0,4.058281489814314,0,0,8.6767217739585
6,0.8118400296918007,24355.200890754022,5.233027354333787,15.0,4.093803195245805,0,0,8.6767217739585
7,0.8135234330380904,24405.702991142713,5.240974240009099,15.0,4.1345581488148815,0,0,8.6767217739585
8,0.8152034646296207,24456.10393888862,5.2499392118282255,15.0,4.180534273949233,0,0,8.6767217739585
9,0.8168796717642749,24506.39015292825,5.259919613276537,15.0,4.23171794693074,0,0,8.6767217739585
10,0.818551602873206,24556.54808619618,5.2709124869456865,15.0,4.288094000932462,0,0,8.6767217739585
11,0.820218807654645,24606.564229639353,5.282914575409964,15.0,4.349645730512902,0,0,8.6767217739585
12,0.8218808372073365,24656.425116220096,5.2959223221915295,15.0,4.416354896566197,0,0,8.6767217739585
13,0.8235372441635564,24706.117324906692,5.30993187281428,15.0,4.488201731726736,0,0,8.6767217739585
14,0.8251875828216776,24755.62748465033,5.324939075946019,15.0,4.565164946226682,0,0,8.6767217739585
15,0.8268314092782407,24804.942278347222,5.340939484628572,15.0,4.647221734204576,0,0,8.6767217739585
16,0.8284682815594923,24854.048446784767,5.357928357595533,15.0,4.734347780463212,0,0,8.6767217739585
17,0.8300977597523508,24902.932792570522,5.37590066067719,15.0,4.826517267674746,0,0,8.6767217739585
18,0.8317194061347628,24951.582184042883,5.394851068292265,15.0,4.92370288403094,0,0,8.6767217739585
19,0.8333327853054094,24999.983559162283,5.414773965026002,15.0,5.0258758313362275,0,0,8.6767217739585
20,0.8349374643127251,25048.123929381753,5.435663447294123,15.0,5.133005833541252,0,0,8.6767217739585
21,0.8365330127831901,25095.990383495704,5.457513325092204,15.0,5.245061145714302,0,0,8.6767217739585
22,0.8381190030488604,25143.570091465812,5.480317123829891,15.0,5.362008563448033,0,0,8.6767217739585
23,0.8396950102740938,25190.850308222813,5.504068086249475,15.0,5.483813432698636,0,0,8.6767217739585
24,0.8412606125814386,25237.818377443156,5.528759174428199,15.0,5.610439660054585,0,0,8.6767217739585
25,0.8428153911766448,25284.461735299345,5.554383071863764,15.0,5.741849723431903,0,0,8.6767217739585
26,0.8443589304727621,25330.767914182863,5.580932185642346,15.0,5.878004683192741,0,0,8.6767217739585
27,0.8458908182132869,25376.724546398607,5.608398648688557,15.0,6.018864193684065,0,0,8.6767217739585
28,0.847410645594323,25422.31936782969,5.636774322096624,15.0,6.164386515192922,0,0,8.6767217739585
29,0.848918007385719,25467.54022157157,5.666050797542116,15.0,6.314528526314809,0,0,8.6767217739585
30,0.8504125020511468,25512.375061534403,5.696219399773522,15.0,6.469245736731507,0,0,8.6767217739585
31,0.8518937318670853,25556.81195601256,5.727271189182907,15.0,6.628492300394498,0,0,8.6767217739585
32,0.8533613030406748,25600.839091220245,5.759196964454917,15.0,6.792221029110145,0,0,8.6767217739585
33,0.8548148258264058,25644.444774792173,5.7919872652933275,15.0,6.9603834065225785,0,0,8.6767217739585
34,0.8562539146416095,25687.617439248286,5.825632375224325,15.0,7.132929602490128,0,0,8.6767217739585
35,0.8576781881807142,25730.345645421425,5.860122324475715,15.0,7.309808487851068,0,0,8.6767217739585
36,0.8590872695282338,25772.618085847014,5.895446892931183,15.0,7.490967649574321,0,0,8.6767217739585
37,0.8604807862704571,25814.423588113714,5.931595613158725,15.0,7.676353406290525,0,0,8.6767217739585
38,0.8618583706058008,25855.751118174026,5.968557773512389,15.0,7.865910824199017,0,0,8.6767217739585
39,0.8632196594537979,25896.589783613937,6.006322421306351,15.0,8.059583733345882,0,0,8.6767217739585
40,0.8645642945626858,25936.928836880576,6.04487836606044,15.0,8.257314744268335,0,0,8.6767217739585
41,0.8658919226155646,25976.757678466936,6.084214182816125,15.0,8.459045265000462,0,0,8.6767217739585
42,0.8672021953350916,26016.065860052746,6.12431821552196,15.0,8.664715518435264,0,0,8.6767217739585
43,0.8684947695866839,26054.84308760052,6.165178580487539,15.0,8.87426456003792,0,0,8.6767217739585
44,0.8697693074801974,26093.079224405923,6.206783169904886,15.0,9.087630295904969,0,0,8.6767217739585
45,0.8710254764700495,26130.764294101486,6.249119655436255,15.0,9.304749501164057,0,0,8.6767217739585
46,0.8722629494537603,26167.88848361281,6.292175491867287,15.0,9.52555783870886,0,0,8.6767217739585
47,0.8734814048688799,26204.442146066398,6.335937920824426,15.0,9.749989878263516,0,0,8.6767217739585
48,0.8746805267882749,26240.415803648248,6.380393974555502,15.0,9.977979115771074,0,0,8.6767217739585
49,0.8758600050137433,26275.8001504123,6.425530479772354,15.0,10.209457993100049,0,0,8.6767217739585
50,0.8770195351679339,26310.586055038017,6.4713340615543595,15.0,10.44435791806336,0,0,8.6767217739585
51,0.8781588187845396,26344.764563536188,6.517791147311716,15.0,10.68260928474369,0,0,8.6767217739585
52,0.8792775633967392,26378.326901902175,6.564887970807288,15.0,10.924141494119205,0,0,8.6767217739585
53,0.8803754826238618,26411.264478715853,6.612610576235838,15.0,11.168882974983571,0,0,8.6767217739585
54,0.8814522962562474,26443.568887687423,6.660944822359442,15.0,11.41676120515406,0,0,8.6767217739585
55,0.8825077303382795,26475.231910148384,6.709876386697835,15.0,11.66770273296142,0,0,8.6767217739585
56,0.8835415172495636,26506.24551748691,6.759390769772473,15.0,11.921633199015199,0,0,8.6767217739585
57,0.8845533957842292,26536.601873526877,6.809473299403043,15.0,12.178477358238037,0,0,8.6767217739585
58,0.8855431112283305,26566.293336849914,6.860109135055147,15.0,12.438159102162405,0,0,8.6767217739585
59,0.8865104154353236,26595.31246305971,6.91128327223787,15.0,12.70060148148319,0,0,8.6767217739585
60,0.8874550668995983,26623.652006987948,6.962980546949936,15.0,12.965726728859426,0,0,8.6767217739585
61,0.8883768308280404,26651.304924841214,7.015185640173129,15.0,13.233456281958443,0,0,8.6767217739585
62,0.889275479209607,26678.26437628821,7.067883082411649,15.0,13.503710806735583,0,0,8.6767217739585
63,0.8901507908828903,26704.52372648671,7.121057258276057,15.0,13.776410220942584,0,0,8.6767217739585
64,0.891002551601653,26730.07654804959,7.174692411110453,15.0,14.051473717857682,0,0,8.6767217739585
65,0.8918305540983136,26754.916622949408,7.228772647661509,15.0,14.328819790230384,0,0,8.6767217739585
66,0.8926345981453648,26779.037944360945,7.283281942787988,15.0,14.608366254433825,0,0,8.6767217739585
67,0.8934144906147052,26802.434718441156,7.338204144209337,15.0,14.890030274817555,0,0,8.6767217739585
68,0.8941700455348667,26825.101366046,7.3935229772919575,15.0,15.173728388253531,0,0,8.6767217739585
69,0.8949010841461225,26847.032524383674,7.449222049871728,15.0,15.459376528868031,0,0,8.6767217739585
70,0.8956074349534571,26868.22304860371,7.50528485711136,15.0,15.746890052952203,0,0,8.6767217739585
71,0.8962889337773841,26888.668013321523,7.561694786391133,15.0,16.036183764043805,0,0,8.6767217739585
72,0.8969454238025962,26908.362714077888,7.618435122231574,15.0,16.327171938172775,0,0,8.6767217739585
73,0.8975767556244331,26927.30266873299,7.67548905124662,15.0,16.619768349263083,0,0,8.6767217739585
74,0.8981827872931527,26945.48361879458,7.732839667125775,15.0,16.91388629468337,0,0,8.6767217739585
75,0.8987633843559946,26962.901530679836,7.790469975643832,15.0,17.20943862093882,0,0,8.6767217739585
76,0.8993184198970208,26979.552596910624,7.848362899696609,15.0,17.50633774949663,0,0,8.6767217739585
77,0.8998477745747242,26995.433237241727,7.906501284361277,15.0,17.80449570273739,0,0,8.6767217739585
78,0.9003513366573915,27010.540099721748,7.9648679019797335,15.0,18.103824130024798,0,0,8.6767217739585
79,0.9008290020562122,27024.870061686364,8.023445457263522,15.0,18.40423433388579,0,0,8.6767217739585
80,0.9012806743561215,27038.420230683645,8.082216592418805,15.0,18.705637296293588,0,0,8.6767217739585
81,0.9017062648443717,27051.18794533115,8.14116389228985,15.0,19.007943705045626,0,0,8.6767217739585
82,0.902105692536818,27063.17077610454,8.20026988951952,15.0,19.311063980228678,0,0,8.6767217739585
83,0.9024788842019171,27074.366526057514,8.259517069725222,15.0,19.61490830076334,0,0,8.6767217739585
84,0.9028257743824267,27084.773231472802,8.318887876688803,15.0,19.919386631019936,0,0,8.6767217739585
85,0.9031463054148021,27094.389162444062,8.378364717558835,15.0,20.224408747498035,0,0,8.6767217739585
86,0.9034404274462825,27103.212823388476,8.43792996806375,15.0,20.529884265561606,0,0,8.6767217739585
87,0.9037080984496649,27111.24295348995,8.4975659777343,15.0,20.835722666221944,0,0,8.6767217739585
88,0.9039492842357564,27118.47852707269,8.55725507513377,15.0,21.141833322960398,0,0,8.6767217739585
89,0.9041639584635053,27124.91875390516,8.616979573094408,15.0,21.448125528582977,0,0,8.6767217739585
90,0.9043521026478073,27130.563079434218,8.6767217739585,15.0,21.754508522098817,0,0,8.6767217739585
91,0.904513706164982,27135.41118494946,8.736463974822593,15.0,22.060891515614657,0,0,8.6767217739585
92,0.9046487662559218,27139.462987677656,8.796188472783228,15.0,22.367183721237232,0,0,8.6767217739585
93,0.9047572880269094,27142.71864080728,8.855877570182699,15.0,22.673294377975687,0,0,8.6767217739585
94,0.9048392844481037,27145.17853344311,8.915513579853249,15.0,22.97913277863603,0,0,8.6767217739585
95,0.904894776349698,27146.84329049094,8.975078830358164,15.0,23.284608296699595,0,0,8.6767217739585
96,0.9049237924157463,27147.713772472387,9.034555671228196,15.0,23.589630413177694,0,0,8.6767217739585
97,0.9049263691756642,27147.791075269924,9.093926478191777,15.0,23.894108743434295,0,0,8.6767217739585
98,0.9049025509934043,27147.07652980213,9.15317365839748,15.0,24.197953063968953,0,0,8.6767217739585
99,0.9048523900543103,27145.57170162931,9.212279655627151,15.0,24.501073339152008,0,0,8.6767217739585
100,0.9047759463496531,27143.27839048959,9.271226955498197,15.0,24.80337974790404,0,0,8.6767217739585
101,0.9046732876588544,27140.19862976563,9.32999809065348,15.0,25.104782710311845,0,0,8.6767217739585
102,0.9045444895294018,27136.334685882055,9.388575645937268,15.0,25.405192914172837,0,0,8.6767217739585
103,0.9043896352544633,27131.6890576339,9.446942263555725,15.0,25.704521341460236,0,0,8.6767217739585
104,0.9042088158482047,27126.26447544614,9.505080648220392,15.0,26.002679294701004,0,0,8.6767217739585
105,0.9040021300188205,27120.063900564615,9.562973572273169,15.0,26.29957842325881,0,0,8.6767217739585
106,0.9037696841392848,27113.090524178544,9.620603880791226,15.0,26.595130749514265,0,0,8.6767217739585
107,0.9035115922158306,27105.347766474915,9.677954496670381,15.0,26.889248694934548,0,0,8.6767217739585
108,0.9032279758541668,27096.839275625003,9.735008425685427,15.0,27.181845106024852,0,0,8.6767217739585
109,0.9029189642234448,27087.56892670334,9.791748761525868,15.0,27.47283328015383,0,0,8.6767217739585
110,0.9025846940179817,27077.540820539452,9.84815869080564,15.0,27.76212699124543,0,0,8.6767217739585
111,0.902225309416756,27066.75928250268,9.904221498045274,15.0,28.0496405153296,0,0,8.6767217739585
112,0.9018409620406832,27055.228861220497,9.959920570625043,15.0,28.335288655944105,0,0,8.6767217739585
113,0.9014318109076881,27042.954327230644,10.015239403707664,15.0,28.61898676938008,0,0,8.6767217739585
114,0.9009980223855836,27029.940671567507,10.070161605129012,15.0,28.90065078976381,0,0,8.6767217739585
115,0.9005397701427728,27016.193104283182,10.124670900255492,15.0,29.18019725396725,0,0,8.6767217739585
116,0.9000572350967875,27001.717052903623,10.178751136806548,15.0,29.45754332633995,0,0,8.6767217739585
117,0.899550605360678,26986.51816082034,10.232386289640942,15.0,29.732606823255047,0,0,8.6767217739585
118,0.8990200761872711,26970.602285618133,10.285560465505352,15.0,30.00530623746205,0,0,8.6767217739585
119,0.898465849911313,26953.97549733939,10.338257907743873,15.0,30.275560762239188,0,0,8.6767217739585
120,0.8978881358895124,26936.644076685374,10.390463000967065,15.0,30.543290315338204,0,0,8.6767217739585
121,0.8972871504385045,26918.614513155135,10.44216027567913,15.0,30.808415562714444,0,0,8.6767217739585
122,0.8966631167707506,26899.89350312252,10.493334412861854,15.0,31.070857942035225,0,0,8.6767217739585
123,0.8960162649283967,26880.4879478519,10.543970248513956,15.0,31.330539685959593,0,0,8.6767217739585
124,0.8953468317151059,26860.404951453176,10.594052778144528,15.0,31.587383845182433,0,0,8.6767217739585
125,0.8946550606258892,26839.651818776674,10.643567161219165,15.0,31.84131431123621,0,0,8.6767217739585
126,0.893941201774952,26818.236053248558,10.69249872555756,15.0,32.092255839043574,0,0,8.6767217739585
127,0.8932055118215803,26796.165354647408,10.740832971681165,15.0,32.34013406921406,0,0,8.6767217739585
128,0.8924482538940871,26773.447616822614,10.788555577109713,15.0,32.58487555007842,0,0,8.6767217739585
129,0.8916696975118414,26750.09092535524,10.835652400605285,15.0,32.82640775945394,0,0,8.6767217739585
130,0.8908701185054041,26726.103555162124,10.88210948636264,15.0,33.06465912613427,0,0,8.6767217739585
131,0.8900497989347933,26701.4939680438,10.927913068144647,15.0,33.29955905109759,0,0,8.6767217739585
132,0.8892090270059039,26676.270810177117,10.973049573361498,15.0,33.53103792842656,0,0,8.6767217739585
133,0.8883480969851058,26650.442909553174,11.017505627092575,15.0,33.75902716593412,0,0,8.6767217739585
134,0.887467309112047,26624.01927336141,11.061268056049713,15.0,33.98345920548877,0,0,8.6767217739585
135,0.8865669695106853,26597.00908532056,11.104323892480746,15.0,34.20426754303357,0,0,8.6767217739585
136,0.8856473900985776,26569.42170295733,11.146660378012113,15.0,34.42138674829266,0,0,8.6767217739585
137,0.8847088884944522,26541.266654833566,11.188264967429461,15.0,34.634752484159705,0,0,8.6767217739585
138,0.8837517879240909,26512.55363772273,11.229125332395041,15.0,34.84430152576237,0,0,8.6767217739585
139,0.882776417124551,26483.29251373653,11.269229365100877,15.0,35.049971779197165,0,0,8.6767217739585
140,0.8817831102467528,26453.493307402583,11.30856518185656,15.0,35.251702299929306,0,0,8.6767217739585
141,0.8807722067564635,26423.166202693905,11.34712112661065,15.0,35.449433310851745,0,0,8.6767217739585
142,0.8797440513337067,26392.321540011202,11.384885774404612,15.0,35.64310621999862,0,0,8.6767217739585
143,0.8786989937706258,26360.969813118772,11.421847934758276,15.0,35.8326636379071,0,0,8.6767217739585
144,0.8776373888678328,26329.121666034986,11.45799665498582,15.0,36.01804939462331,0,0,8.6767217739585
145,0.8765595963292744,26296.787889878233,11.493321223441285,15.0,36.19920855634656,0,0,8.6767217739585
146,0.8754659806556423,26263.979419669267,11.527811172692676,15.0,36.3760874417075,0,0,8.6767217739585
147,0.8743569110363649,26230.707331090947,11.561456282623674,15.0,36.54863363767505,0,0,8.6767217739585
148,0.8732327612402082,26196.982837206247,11.594246583462084,15.0,36.71679601508748,0,0,8.6767217739585
149,0.8720939095045205,26162.817285135614,11.626172358734093,15.0,36.880524743803136,0,0,8.6767217739585
150,0.8709407384231513,26128.22215269454,11.657224148143479,15.0,37.039771307466125,0,0,8.6767217739585
151,0.8697736348330818,26093.209044992454,11.687392750374883,15.0,37.19448851788282,0,0,8.6767217739585
152,0.868592989699796,26057.789690993883,11.716669225820375,15.0,37.34463052900471,0,0,8.6767217739585
153,0.8673991980014297,26021.975940042892,11.745044899228443,15.0,37.49015285051357,0,0,8.6767217739585
154,0.8661926586117293,25985.77975835188,11.772511362274653,15.0,37.63101236100489,0,0,8.6767217739585
155,0.8649737741818574,25949.213225455722,11.799060476053237,15.0,37.767167320765736,0,0,8.6767217739585
156,0.8637429510210785,25912.288530632355,11.8246843734888,15.0,37.89857738414305,0,0,8.6767217739585
157,0.8625005989763606,25875.017969290817,11.849375461667526,15.0,38.025203611498995,0,0,8.6767217739585
158,0.8612471313109288,25837.413939327864,11.873126424087111,15.0,38.147008480749605,0,0,8.6767217739585
159,0.8599829645818067,25799.4889374542,11.895930222824797,15.0,38.26395589848333,0,0,8.6767217739585
160,0.8587085185163812,25761.255555491436,11.917780100622878,15.0,38.37601121065637,0,0,8.6767217739585
161,0.8574242158880285,25722.726476640855,11.938669582891,15.0,38.483141212861405,0,0,8.6767217739585
162,0.8561304823908371,25683.914471725115,11.958592479624736,15.0,38.58531416016669,0,0,8.6767217739585
163,0.8548277465134655,25644.832395403966,11.97754288723981,15.0,38.68249977652289,0,0,8.6767217739585
164,0.8535164394121717,25605.49318236515,11.995515190321468,15.0,38.774669263734424,0,0,8.6767217739585
165,0.8521969947830522,25565.909843491565,12.012504063288429,15.0,38.861795309993056,0,0,8.6767217739585
166,0.8508698487335288,25526.095462005862,12.028504471970981,15.0,38.94385209797095,0,0,8.6767217739585
167,0.8495354396531202,25486.063189593606,12.043511675102721,15.0,39.020815312470894,0,0,8.6767217739585
168,0.8481942080835382,25445.826242506144,12.057521225725472,15.0,39.09266214763143,0,0,8.6767217739585
169,0.846846596588145,25405.39789764435,12.070528972507038,15.0,39.15937131368473,0,0,8.6767217739585
170,0.845493049620813,25364.79148862439,12.082531060971315,15.0,39.220923043265174,0,0,8.6767217739585
171,0.8441340133942224,25324.020401826674,12.093523934640464,15.0,39.27729909726689,0,0,8.6767217739585
172,0.8427699357476399,25283.0980724292,12.103504336088776,15.0,39.3284827702484,0,0,8.6767217739585
173,0.8414012660142135,25242.037980426405,12.112469307907903,15.0,39.374458895382745,0,0,8.6767217739585
174,0.8400284548878258,25200.853646634776,12.120416193583214,15.0,39.41521384895183,0,0,8.6767217739585
175,0.8386519542895433,25159.5586286863,12.12734263828098,15.0,39.45073555438332,0,0,8.6767217739585
176,0.837272217233703,25118.16651701109,12.13324658954615,15.0,39.48101348582929,0,0,8.6767217739585
177,0.8358896976936737,25076.69093081021,12.138126297910546,15.0,39.50603867128518,0,0,8.6767217739585
178,0.8345048504673345,25035.145514020034,12.141980317411265,15.0,39.525803695248484,0,0,8.6767217739585
179,0.8331181310423083,24993.543931269247,12.144807506019156,15.0,39.54030270091603,0,0,8.6767217739585
180,0.8317299954609906,24951.899863829716,12.146607025977216,15.0,39.5495313919195,0,0,8.6767217739585
181,0.8303409001854147,24910.227005562443,12.147378344048848,15.0,39.5534870335986,0,0,8.6767217739585
182,0.8289513019619924,24868.539058859773,12.147121231675857,15.0,39.55216845381132,0,0,8.6767217739585
183,0.8275616576861693,24826.84973058508,12.14583576504619,15.0,39.54557604328133,0,0,8.6767217739585
184,0.8261724242670373,24785.17272801112,12.143522325071356,15.0,39.533711755482116,0,0,8.6767217739585
185,0.824784058491943,24743.52175475829,12.14018159727354,15.0,39.51657910605822,0,0,8.6767217739585
186,0.8233970168911311,24701.910506733933,12.135814571582491,15.0,39.49418317178342,0,0,8.6767217739585
187,0.8220117556024649,24660.352668073945,12.130422542042169,15.0,39.46653058905639,0,0,8.6767217739585
188,0.8206287302362626,24618.861907087878,12.124007106427296,15.0,39.43362955193417,0,0,8.6767217739585
189,0.8192483957402907,24577.451872208723,12.116570165769904,15.0,39.39548980970413,0,0,8.6767217739585
190,0.8178712062649528,24536.136187948585,12.108113923796008,15.0,39.352122663995004,0,0,8.6767217739585
191,0.8164976150287145,24494.928450861436,12.098640886272609,15.0,39.303540965428034,0,0,8.6767217739585
192,0.815128074183806,24453.842225514178,12.088153860265166,15.0,39.249759109808956,0,0,8.6767217739585
193,0.8137630346822387,24412.89104046716,12.076655953305817,15.0,39.19079303386231,0,0,8.6767217739585
194,0.8124029461421791,24372.088384265375,12.064150572472538,15.0,39.126660210508994,0,0,8.6767217739585
195,0.8110482567147171,24331.447701441513,12.05064142337956,15.0,39.05737964368866,0,0,8.6767217739585
196,0.8096994129510688,24290.982388532066,12.036132509079307,15.0,38.98297186272845,0,0,8.6767217739585
197,0.808356859670254,24250.70579010762,12.020628128876215,15.0,38.90345891625972,0,0,8.6767217739585
198,0.8070210398272865,24210.631194818594,12.004132877052756,15.0,38.81886436568455,0,0,8.6767217739585
199,0.8056923943819174,24170.77183145752,11.986651641508033,15.0,38.72921327819395,0,0,8.6767217739585
200,0.8043713621679689,24131.140865039066,11.968189602309419,15.0,38.63453221934,0,0,8.6767217739585
201,0.8030583797632982,24091.751392898947,11.94875223015757,15.0,38.5348492451638,0,0,8.6767217739585
202,0.8017538813604306,24052.61644081292,11.928345284765351,15.0,38.43019389388195,0,0,8.6767217739585
203,0.8004582986378984,24013.748959136952,11.906974813151095,15.0,38.32059717713366,0,0,8.6767217739585
204,0.7991720606323255,23975.161818969766,11.884647147846756,15.0,38.20609157079143,0,0,8.6767217739585
205,0.7978955936112945,23936.867808338833,11.861368905021436,15.0,38.086711005337605,0,0,8.6767217739585
206,0.7966293209470341,23898.87962841102,11.837146982520865,15.0,37.962490855810216,0,0,8.6767217739585
207,0.7953736629909653,23861.20988972896,11.811988557823437,15.0,37.83346793132044,0,0,8.6767217739585
208,0.7941290369491423,23823.871108474268,11.78590108591335,15.0,37.699680464145345,0,0,8.6767217739585
209,0.7928958567586244,23786.87570275873,11.758892297071544,15.0,37.561168098398824,0,0,8.6767217739585
210,0.7916745329648186,23750.235988944558,11.730970194585055,15.0,37.4179718782842,0,0,8.6767217739585
211,0.7904654725998255,23713.964177994763,11.702143052375453,15.0,37.270134235931906,0,0,8.6767217739585
212,0.7892690790618268,23678.072371854803,11.672419412547118,15.0,37.11769897882597,0,0,8.6767217739585
213,0.7880857519955505,23642.572559866516,11.641808082856018,15.0,36.96071127682291,0,0,8.6767217739585
214,0.786915887173847,23607.476615215408,11.610318134099789,15.0,36.7992176487669,0,0,8.6767217739585
215,0.7857598763804126,23572.79629141238,11.577958897429856,15.0,36.63326594870523,0,0,8.6767217739585
216,0.7846181072936965,23538.543218810897,11.544739961586412,15.0,36.46290535170817,0,0,8.6767217739585
217,0.7834909633720227,23504.72890116068,11.510671170057071,15.0,36.2881863392973,0,0,8.6767217739585
218,0.782378823739963,23471.36471219889,11.47576261816003,15.0,36.10916068448674,0,0,8.6767217739585
219,0.7812820630759946,23438.461892279836,11.440024650052603,15.0,35.925881436441685,0,0,8.6767217739585
220,0.7802010515014742,23406.03154504423,11.40346785566603,15.0,35.73840290475884,0,0,8.6767217739585
221,0.779136154470964,23374.084634128918,11.366103067567446,15.0,35.54678064337327,0,0,8.6767217739585
222,0.7780877326639384,23342.63197991815,11.327941357749964,15.0,35.35107143409654,0,0,8.6767217739585
223,0.777056141877908,23311.684256337237,11.288994034351798,15.0,35.151333269791124,0,0,8.6767217739585
224,0.7760417329229883,23281.251987689648,11.249272638305428,15.0,34.94762533718582,0,0,8.6767217739585
225,0.7750448515179477,23251.34554553843,11.208788939917753,15.0,34.74000799933741,0,0,8.6767217739585
226,0.774065838187763,23221.97514563289,11.167554935382322,15.0,34.52854277774388,0,0,8.6767217739585
227,0.773105028162715,23193.15084488145,11.125582843224578,15.0,34.31329233411415,0,0,8.6767217739585
228,0.7721627512790523,23164.88253837157,11.08288510068126,15.0,34.09432045180017,0,0,8.6767217739585
229,0.7712393318812538,23137.179956437616,11.039474360014978,15.0,33.87169201689647,0,0,8.6767217739585
230,0.7703350887259183,23110.052661777547,10.995363484765068,15.0,33.64547299901302,0,0,8.6767217739585
231,0.7694503348873097,23083.510046619293,10.950565545935861,15.0,33.41573043172703,0,0,8.6767217739585
232,0.7685853776645876,23057.561329937627,10.90509381812345,15.0,33.18253239271944,0,0,8.6767217739585
233,0.7677405184907463,23032.21555472239,10.858961775582143,15.0,32.945947983602025,0,0,8.6767217739585
234,0.7669160528432947,23007.48158529884,10.81218308823176,15.0,32.70604730944112,0,0,8.6767217739585
235,0.7661122701566997,22983.368104700992,10.764771617606929,15.0,32.46290145798396,0,0,8.6767217739585
236,0.7653294537366209,22959.883612098627,10.716741412749617,15.0,32.216582478593864,0,0,8.6767217739585
237,0.7645678806759602,22937.036420278804,10.668106706046101,15.0,31.967163360900393,0,0,8.6767217739585
238,0.7638278217727534,22914.834653182603,10.618881909009604,15.0,31.714718013171048,0,0,8.6767217739585
239,0.7631095414499279,22893.286243497838,10.56908160800984,15.0,31.459321240410578,0,0,8.6767217739585
240,0.7624132976769471,22872.398930308413,10.518720559950777,15.0,31.201048722194663,0,0,8.6767217739585
241,0.7617393418933693,22852.18025680108,10.467813687897834,15.0,30.939976990244414,0,0,8.6767217739585
242,0.7610879189343406,22832.63756803022,10.416376076655864,15.0,30.67618340574841,0,0,8.6767217739585
243,0.7604592669580447,22813.77800874134,10.364422968299188,15.0,30.409746136438862,0,0,8.6767217739585
244,0.7598536173751318,22795.608521253955,10.311969757655053,15.0,30.140744133428868,0,0,8.6767217739585
245,0.7592711947801466,22778.135843404398,10.259031987741807,15.0,29.869257107817447,0,0,8.6767217739585
246,0.7587122168849757,22761.36650654927,10.205625345163167,15.0,29.595365507069463,0,0,8.6767217739585
247,0.7581768944543354,22745.306833630064,10.151765655459938,15.0,29.319150491177275,0,0,8.6767217739585
248,0.7576654312433174,22729.962937299522,10.097468878420564,15.0,29.040693908611303,0,0,8.6767217739585
249,0.7571780239370114,22715.340718110343,10.042751103351907,15.0,28.760078272066544,0,0,8.6767217739585
250,0.7567148620922236,22701.445862766708,9.98762854431162,15.0,28.4773867340123,0,0,8.6767217739585
251,0.7562761280813067,22688.283842439203,9.932117535303593,15.0,28.192703062052267,0,0,8.6767217739585
252,0.7558619970381191,22675.859911143572,9.876234525437823,15.0,27.906111614102432,0,0,8.6767217739585
253,0.7554726368061285,22664.179104183855,9.819996074056181,15.0,27.61769731339397,0,0,8.6767217739585
254,0.755108207888677,22653.24623666031,9.763418845825544,15.0,27.32754562330866,0,0,8.6767217739585
255,0.7547688634014202,22643.065902042606,9.706519605799665,15.0,27.035742522054278,0,0,8.6767217739585
256,0.7544547490269553,22633.64247080866,9.64931521445135,15.0,26.742374477187326,0,0,8.6767217739585
257,0.7541660029716529,22624.980089149587,9.591822622676338,15.0,26.447528419990938,0,0,8.6767217739585
258,0.7539027559247029,22617.082677741088,9.534058866770357,15.0,26.151291719715136,0,0,8.6767217739585
259,0.7536651310193888,22609.953930581665,9.476041063380924,15.0,25.853752157687524,0,0,8.6767217739585
260,0.7534532437966007,22603.597313898023,9.417786404435313,15.0,25.554997901301768,0,0,8.6767217739585
261,0.7532672021705978,22598.016065117936,9.359312152046206,15.0,25.255117477891673,0,0,8.6767217739585
262,0.7531071063970312,22593.213191910934,9.300635633396567,15.0,24.954199748498645,0,0,8.6767217739585
263,0.7529730490432357,22589.191471297072,9.241774235605211,15.0,24.65233388154025,0,0,8.6767217739585
264,0.7528651149608009,22585.953448824028,9.182745400574639,15.0,24.349609326387657,0,0,8.6767217739585
265,0.7527833812604269,22583.501437812807,9.123566619822613,15.0,24.046115786859893,0,0,8.6767217739585
266,0.7527279172890753,22581.83751867226,9.06425542929906,15.0,23.74194319464264,0,0,8.6767217739585
267,0.75269878460942,22580.963538282598,9.004829404189763,15.0,23.437181682639547,0,0,8.6767217739585
268,0.7526960369816047,22580.881109448143,8.94530615370849,15.0,23.131921558263937,0,0,8.6767217739585
269,0.7527197203473134,22581.5916104194,8.885703315878972,15.0,22.826253276678706,0,0,8.6767217739585
270,0.7527698728161555,22583.096184484664,8.82603855230839,15.0,22.52026741399255,0,0,12.676721773958501
271,0.7527118143375623,22581.35443012687,12.807639047317279,15.0,22.214054640420287,0,0,12.676721773958501
272,0.752681195585899,22580.43586757697,12.720365175905394,15.0,21.907705693415355,0,0,12.676721773958501
273,0.7526780312521203,22580.340937563607,12.633078372011612,15.0,21.601311350782293,0,0,12.676721773958501
274,0.7527023278918444,22581.069836755334,12.545804500599726,15.0,21.294962403777355,0,0,12.676721773958501
275,0.7527540839234109,22582.622517702326,12.45856942280136,15.0,20.98874963020509,0,0,12.676721773958501
276,0.7528332896283483,22584.99868885045,12.37139898825276,15.0,20.682763767518935,0,0,12.676721773958501
277,0.752939927154255,22588.19781462765,12.284319027434968,15.0,20.377095485933687,0,0,12.676721773958501
278,0.7530739705200884,22592.219115602653,12.197355344019718,15.0,20.07183536155808,0,0,12.676721773958501
279,0.7532353856238645,22597.061568715933,12.110533707223233,15.0,19.767073849555004,0,0,12.676721773958501
280,0.7534241302527621,22602.723907582862,12.02387984417026,15.0,19.462901257337755,0,0,12.676721773958501
281,0.7536401540956323,22609.20462286897,11.937419432270566,15.0,19.159407717809984,0,0,12.676721773958501
282,0.7538833987579061,22616.501962737184,11.851178091610167,15.0,18.85668316265739,0,0,12.676721773958501
283,0.7541537977788986,22624.613933366956,11.765181377359536,15.0,18.554817295698985,0,0,12.676721773958501
284,0.7544512766515019,22633.538299545056,11.679454772201073,15.0,18.25389956630596,0,0,12.676721773958501
285,0.7547757528442641,22643.272585327923,11.594023678778015,15.0,17.954019142895866,0,0,12.676721773958501
286,0.7551271358258442,22653.814074775328,11.508913412167098,15.0,17.65526488651011,0,0,12.676721773958501
287,0.7555053270918395,22665.159812755184,11.424149192377149,15.0,17.3577253244825,0,0,12.676721773958501
288,0.7559102201939735,22677.306605819205,11.33975613687585,15.0,17.061488624206696,0,0,12.676721773958501
289,0.7563417007716398,22690.251023149194,11.255759253146902,15.0,16.7666425670103,0,0,12.676721773958501
290,0.7567996465857892,22703.989397573678,11.172183431279754,15.0,16.473274522143363,0,0,12.676721773958501
291,0.7572839275551516,22718.517826654548,11.089053436594137,15.0,16.181471420888975,0,0,12.676721773958501
292,0.7577944057947819,22733.832173843457,11.006393902301571,15.0,15.891319730803673,0,0,12.676721773958501
293,0.7583309356569188,22749.928069707563,10.924229322206006,15.0,15.602905430095205,0,0,12.676721773958501
294,0.7588933637741427,22766.80091322428,10.842584043445779,15.0,15.316313982145369,0,0,12.676721773958501
295,0.7594815291048223,22784.44587314467,10.761482259279036,15.0,15.031630310185339,0,0,12.676721773958501
296,0.7600952629808344,22802.85788942503,10.68094800191475,15.0,14.74893877213109,0,0,12.676721773958501
297,0.760734389157544,22822.03167472632,10.601005135391443,15.0,14.468323135586338,0,0,12.676721773958501
298,0.7613987238660295,22841.961715980884,10.521677348505776,15.0,14.189866553020362,0,0,12.676721773958501
299,0.762088075867537,22862.642276026112,10.44298814779304,15.0,13.91365153712817,0,0,12.676721773958501
300,0.7628022465101493,22884.06739530448,10.364960850561658,15.0,13.63975993638018,0,0,12.676721773958501
301,0.7635410297876496,22906.230893629487,10.287618577983764,15.0,13.368272910768763,0,0,12.676721773958501
302,0.7643042124005663,22929.12637201699,10.210984248243909,15.0,13.099270907758765,0,0,12.676721773958501
303,0.7650915738193788,22952.747214581363,10.135080569747899,15.0,12.832833638449223,0,0,12.676721773958501
304,0.7659028863498637,22977.08659049591,10.059930034393803,15.0,12.569040053953225,0,0,12.676721773958501
305,0.7667379152005666,23002.137456016997,9.985554910907132,15.0,12.307968322002978,0,0,12.676721773958501
306,0.7675964185523757,23027.89255657127,9.911977238242121,15.0,12.049695803787058,0,0,12.676721773958501
307,0.7684781476301777,23054.344428905333,9.839218819051117,15.0,11.794299031026588,0,0,12.676721773958501
308,0.7693828467765756,23081.48540329727,9.76730121322398,15.0,11.541853683297244,0,0,12.676721773958501
309,0.7703102535276453,23109.30760582936,9.696245731499426,15.0,11.292434565603767,0,0,12.676721773958501
310,0.7712600986907091,23137.802960721274,9.626073429150196,15.0,11.046115586213663,0,0,12.676721773958501
311,0.7722321064241039,23166.963192723117,9.556805099743915,15.0,10.80296973475651,0,0,12.676721773958501
312,0.7732259943189187,23196.77982956756,9.48846126898152,15.0,10.563069060595609,0,0,12.676721773958501
313,0.7742414734826782,23227.244204480347,9.42106218861505,15.0,10.326484651478196,0,0,12.676721773958501
314,0.7752782486249484,23258.347458748452,9.354627830446603,15.0,10.093286612470607,0,0,12.676721773958501
315,0.7763360181448371,23290.080544345114,9.289177880410278,15.0,9.86354404518462,0,0,12.676721773958501
316,0.7774144742203649,23322.43422661095,9.2247317327388,15.0,9.637325027301173,0,0,12.676721773958501
317,0.7785133028996797,23355.39908699039,9.16130848421658,15.0,9.414696592397469,0,0,12.676721773958501
318,0.779632184194087,23388.96552582261,9.09892692852094,15.0,9.195724710083493,0,0,12.676721773958501
319,0.7807707921728698,23423.123765186094,9.037605550653142,15.0,8.980474266453768,0,0,12.676721773958501
320,0.7819287950598688,23457.863851796064,8.977362521460867,15.0,8.769009044860221,0,0,12.676721773958501
321,0.7831058553317948,23493.175659953842,8.918215692253822,15.0,8.561391707011818,0,0,12.676721773958501
322,0.7843016298182439,23529.04889454732,8.86018258951399,15.0,8.357683774406507,0,0,12.676721773958501
323,0.7855157698033871,23565.473094101613,8.803280409702168,15.0,8.157945610101091,0,0,12.676721773958501
324,0.7867479211293013,23602.43763387904,8.747526014162291,15.0,7.96223640082437,0,0,12.676721773958501
325,0.7879977243009147,23639.93172902744,8.69293592412503,15.0,7.770614139438784,0,0,12.676721773958501
326,0.7892648145925323,23677.94443777597,8.639526315812214,15.0,7.58313560775595,0,0,12.676721773958501
327,0.7905488221559128,23716.464664677384,8.587313015643458,15.0,7.3998563597109,0,0,12.676721773958501
328,0.7918493721298618,23755.481163895856,8.536311495546466,15.0,7.220830704900341,0,0,12.676721773958501
329,0.7931660847513121,23794.982542539365,8.486536868372335,15.0,7.046111692489466,0,0,12.676721773958501
330,0.7944985754678546,23834.95726403564,8.438003883417329,15.0,6.875751095492416,0,0,12.676721773958501
331,0.7958464550516904,23875.393651550712,8.390726922052309,15.0,6.709799395430737,0,0,12.676721773958501
332,0.7972093297149673,23916.27989144902,8.34471999346126,15.0,6.548305767374721,0,0,12.676721773958501
333,0.7985868012264673,23957.60403679402,8.299996730490024,15.0,6.391318065371656,0,0,12.676721773958501
334,0.7999784670296112,23999.354010888335,8.256570385606633,15.0,6.238882808265729,0,0,12.676721773958501
335,0.8013839203617448,24041.517610852345,8.214453826974289,15.0,6.091045165913434,0,0,12.676721773958501
336,0.8028027503746717,24084.08251124015,8.173659534638267,15.0,5.94784894579881,0,0,12.676721773958501
337,0.8042345422563959,24127.036267691878,8.134199596827797,15.0,5.809336580052289,0,0,12.676721773958501
338,0.8056788773540404,24170.36632062121,8.09608570637407,15.0,5.6755491128771975,0,0,12.676721773958501
339,0.8071353332979022,24214.059998937068,8.05932915724539,15.0,5.546526188387416,0,0,12.676721773958501
340,0.8086034841266104,24258.104523798313,8.023940841200538,15.0,5.422306038860028,0,0,12.676721773958501
341,0.8100829004133471,24302.487012400412,7.989931244561294,15.0,5.30292547340621,0,0,12.676721773958501
342,0.8115731493930959,24347.194481792878,7.957310445105139,15.0,5.188419867063972,0,0,12.676721773958501
343,0.81307379509088,24392.2138527264,7.926088109078959,15.0,5.078823150315689,0,0,12.676721773958501
344,0.8145843984509503,24437.53195352851,7.896273488334757,15.0,4.974167799033838,0,0,12.676721773958501
345,0.816104517466888,24483.135524006637,7.867875417588107,15.0,4.874484824857637,0,0,12.676721773958501
346,0.8176337073125794,24529.011219377382,7.840902311800256,15.0,4.779803766003683,0,0,12.676721773958501
347,0.8191715204740289,24575.145614220866,7.815362163684572,15.0,4.690152678513087,0,0,12.676721773958501
348,0.8207175068819657,24621.52520645897,7.791262541338146,15.0,4.605558127937914,0,0,12.676721773958501
349,0.82227121404521,24668.1364213563,7.768610585999191,15.0,4.526045181469184,0,0,12.676721773958501
350,0.8238321871847556,24714.965615542667,7.747413009930944,15.0,4.451637400508979,0,0,12.676721773958501
351,0.8253999693685306,24761.999081055917,7.727676094432673,15.0,4.382356833688643,0,0,12.676721773958501
352,0.8269741016467964,24809.223049403892,7.7094056879784,15.0,4.318224010335319,0,0,12.676721773958501
353,0.8285541231881444,24856.62369564433,7.6926072044838625,15.0,4.259257934388675,0,0,12.676721773958501
354,0.83013957141605,24904.1871424815,7.677285621702265,15.0,4.205476078769601,0,0,12.676721773958501
355,0.8317299821459447,24951.89946437834,7.6634454797492495,15.0,4.156894380202623,0,0,12.676721773958501
356,0.8333248897227631,24999.746691682893,7.651090879757571,15.0,4.113527234493507,0,0,12.676721773958501
357,0.8349238271589273,25047.71481476782,7.640225482661842,15.0,4.075387492263465,0,0,12.676721773958501
358,0.836526326272725,25095.78978818175,7.630852508113717,15.0,4.042486455141249,0,0,12.676721773958501
359,0.838131917827042,25143.95753481126,7.6229747335278395,15.0,4.0148338724142105,0,0,12.676721773958501
360,0.8397401316684069,25192.203950052208,7.616594493258835,15.0,3.9924379381394095,0,0,12.676721773958501
361,0.8413504968663088,25240.514905989265,7.6117136779095915,15.0,3.9753052887155174,0,0,12.676721773958501
362,0.8429625418527428,25288.876255582283,7.608333733771038,15.0,3.9634410009163066,0,0,12.676721773958501
363,0.8445757945619464,25337.273836858392,7.606455662393562,15.0,3.9568485903863064,0,0,12.676721773958501
364,0.8461897825702831,25385.693477108493,7.606080020290249,15.0,3.9555300105990323,0,0,12.676721773958501
365,0.8478040332362313,25434.12099708694,7.6072069187719595,15.0,3.959485652278133,0,0,12.676721773958501
366,0.8494180738404382,25482.542215213147,7.609836023914352,15.0,3.9687143432816083,0,0,12.676721773958501
367,0.851031431725797,25530.942951773908,7.613966556656833,15.0,3.9832133489491452,0,0,12.676721773958501
368,0.8526436344375049,25579.309033125148,7.619597293033407,15.0,4.002978372912446,0,0,12.676721773958501
369,0.8542542098630623,25627.62629589187,7.626726564535365,15.0,4.028003558368345,0,0,12.676721773958501
370,0.8558626863721696,25675.880591165085,7.635352258605697,15.0,4.058281489814314,0,0,12.676721773958501
371,0.8574685929564809,25724.057788694427,7.6454718192650954,15.0,4.093803195245805,0,0,12.676721773958501
372,0.8590714593691753,25772.143781075258,7.657082247869335,15.0,4.1345581488148815,0,0,12.676721773958501
373,0.8606708162642999,25820.124487928995,7.670180103997847,15.0,4.180534273949233,0,0,12.676721773958501
374,0.8622661953358476,25867.985860075427,7.68476150647319,15.0,4.231717946930736,0,0,12.676721773958501
375,0.8638571294565265,25915.713883695793,7.700822134511111,15.0,4.288094000932462,0,0,12.676721773958501
376,0.8654431528161791,25963.294584485375,7.7183572290009135,15.0,4.349645730512902,0,0,12.676721773958501
377,0.8670238010598132,26010.714031794396,7.737361593915655,15.0,4.416354896566196,0,0,12.676721773958501
378,0.8685986114251986,26057.958342755956,7.7578295978518685,15.0,4.488201731726736,0,0,12.676721773958501
379,0.8701671228799945,26105.013686399838,7.77975517569825,15.0,4.56516494622668,0,0,12.676721773958501
380,0.8717288762583643,26151.866287750927,7.803131830432891,15.0,4.647221734204576,0,0,12.676721773958501
381,0.8732834143970338,26198.502431911016,7.827952635048484,15.0,4.734347780463208,0,0,12.676721773958501
382,0.8748302822707614,26244.90846812284,7.854210234604944,15.0,4.826517267674744,0,0,12.676721773958501
383,0.8763690271271695,26291.070813815084,7.881896848408837,15.0,4.923702884030934,0,0,12.676721773958501
384,0.8778991986209064,26336.97595862719,7.911004272318971,15.0,5.025875831336231,0,0,12.676721773958501
385,0.8794203489470925,26382.610468412775,7.941523881177443,15.0,5.133005833541252,0,0,12.676721773958501
386,0.8809320329740151,26427.960989220453,7.973446631365489,15.0,5.245061145714304,0,0,12.676721773958501
387,0.8824338083750303,26473.01425125091,8.006763063483275,15.0,5.362008563448033,0,0,12.676721773958501
388,0.8839252357596336,26517.757072789005,8.041463305152941,15.0,5.483813432698636,0,0,12.676721773958501
389,0.8854058788036611,26562.176364109833,8.077537073943981,15.0,5.610439660054579,0,0,12.676721773958501
390,0.8868753043785822,26606.259131357467,8.114973680420174,15.0,5.7418497234318995,0,0,12.676721773958501
391,0.888333082679844,26649.99248039532,8.153762031307068,15.0,5.878004683192737,0,0,12.676721773958501
392,0.8897787873542325,26693.363620626977,8.193890632779176,15.0,6.018864193684065,0,0,12.676721773958501
393,0.8912119956262097,26736.35986878629,8.235347593865834,15.0,6.164386515192911,0,0,12.676721773958501
394,0.8926322884231912,26778.968652695738,8.27812062997476,15.0,6.314528526314804,0,0,12.676721773958501
395,0.8940392504997271,26821.177514991814,8.322197066532235,15.0,6.469245736731507,0,0,12.676721773958501
396,0.8954324705605472,26862.974116816415,8.367563842738862,15.0,6.6284923003945,0,0,12.676721773958501
397,0.8968115413824371,26904.346241473115,8.414207515439752,15.0,6.792221029110143,0,0,12.676721773958501
398,0.8981760599349076,26945.28179804723,8.462114263108035,15.0,6.9603834065225785,0,0,12.676721773958501
399,0.8995256274996207,26985.768824988623,8.511269889940461,15.0,7.13292960249012,0,0,12.676721773958501
400,0.9008598497885392,27025.795493656176,8.561659830063936,15.0,7.309808487851068,0,0,12.676721773958501
401,0.9021783370607614,27065.350111822845,8.613269151851698,15.0,7.490967649574316,0,0,12.676721773958501
402,0.9034807042380119,27104.421127140355,8.666082562347881,15.0,7.676353406290521,0,0,12.676721773958501
403,0.904766571018746,27142.99713056238,8.720084411799146,15.0,7.865910824199005,0,0,12.676721773958501
404,0.9060355619908436,27181.066859725306,8.775258698292049,15.0,8.059583733345875,0,0,12.676721773958501
405,0.9072873067428503,27218.61920228551,8.83158907249474,15.0,8.257314744268335,0,0,12.676721773958501
406,0.9085214399737395,27255.643199212183,8.889058842501637,15.0,8.459045265000466,0,0,12.676721773958501
407,0.9097376016011578,27292.128048034734,8.947650978779581,15.0,8.664715518435258,0,0,12.676721773958501
408,0.9109354368681261,27328.06310604378,9.007348119214079,15.0,8.874264560037922,0,0,12.676721773958501
409,0.9121145964481612,27363.437893444836,9.068132574254046,15.0,9.087630295904962,0,0,12.676721773958501
410,0.9132747365487893,27398.24209646368,9.12998633215362,15.0,9.304749501164057,0,0,12.676721773958501
411,0.9144155190134187,27432.46557040256,9.192891064309418,15.0,9.525557838708849,0,0,12.676721773958501
412,0.9155366114215429,27466.098342646284,9.256828130691714,15.0,9.749989878263513,0,0,12.676721773958501
413,0.9166376871872441,27499.130615617323,9.321778585367854,15.0,9.977979115771063,0,0,12.676721773958501
414,0.9177184256559677,27531.55276967903,9.387723182116382,15.0,10.209457993100042,0,0,12.676721773958501
415,0.9187785121995392,27563.355365986175,9.454642380130075,15.0,10.444357918063357,0,0,12.676721773958501
416,0.919817638309395,27594.52914928185,9.522516349806324,15.0,10.68260928474368,0,0,12.676721773958501
417,0.9208355016880008,27625.065050640023,9.591324978623085,15.0,10.924141494119201,0,0,12.676721773958501
418,0.9218318063384279,27654.954190152836,9.661047877098612,15.0,11.16888297498356,0,0,12.676721773958501
419,0.9228062626520643,27684.18787956193,9.731664384833358,15.0,11.416761205154053,0,0,12.676721773958501
420,0.9237585874944321,27712.75762483296,9.803153576632043,15.0,11.667702732961406,0,0,12.676721773958501
421,0.9246885042890852,27740.655128672555,9.87549426870428,15.0,11.921633199015186,0,0,12.676721773958501
422,0.9255957430995662,27767.872292986984,9.948665024941768,15.0,12.178477358238045,0,0,12.676721773958501
423,0.9264800407093935,27794.401221281805,10.022644163270268,15.0,12.438159102162405,0,0,12.676721773958501
424,0.9273411407000588,27820.234221001763,10.097409762074504,15.0,12.700601481483194,0,0,12.676721773958501
425,0.9281787935270086,27845.36380581026,10.17293966669397,15.0,12.965726728859423,0,0,12.676721773958501
426,0.9289927565935904,27869.78269780771,10.249211495987868,15.0,13.233456281958446,0,0,12.676721773958501
427,0.9297827943229384,27893.483829688153,10.326202648967087,15.0,13.503710806735576,0,0,12.676721773958501
428,0.9305486782277813,27916.46034683344,10.4038903114914,15.0,13.776410220942584,0,0,12.676721773958501
429,0.9312901869781466,27938.705609344397,10.48225146302976,15.0,14.051473717857675,0,0,12.676721773958501
430,0.9320071064669465,27960.213194008396,10.561262883481803,15.0,14.328819790230378,0,0,12.676721773958501
431,0.9326992298734221,27980.976896202665,10.640901160058428,15.0,14.608366254433811,0,0,12.676721773958501
432,0.9333663577244289,28000.990731732865,10.721142694219562,15.0,14.890030274817548,0,0,12.676721773958501
433,0.9340082979535446,28020.248938606335,10.80196370866688,15.0,15.17372838825353,0,0,12.676721773958501
434,0.934624865957983,28038.74597873949,10.883340254389532,15.0,15.459376528868022,0,0,12.676721773958501
435,0.935215884653296,28056.47653959888,10.965248217760777,15.0,15.746890052952198,0,0,12.676721773958501
436,0.9357811845258467,28073.4355357754,11.047663327683345,15.0,16.036183764043795,0,0,12.676721773958501
437,0.9363206036830405,28089.618110491214,11.130561162781511,15.0,16.32717193817277,0,0,12.676721773958501
438,0.9368339879012976,28105.019637038928,11.213917158637642,15.0,16.61976834926307,0,0,12.676721773958501
439,0.9373211906717522,28119.635720152568,11.29770661507121,15.0,16.913886294683373,0,0,12.676721773958501
440,0.937782073243667,28133.46219731001,11.381904703457929,15.0,17.209438620938805,0,0,12.676721773958501
441,0.938216504665547,28146.49513996641,11.466486474087088,15.0,17.506337749496634,0,0,12.676721773958501
442,0.938624361823944,28158.73085471832,11.551426863554607,15.0,17.804495702737373,0,0,12.676721773958501
443,0.9390055294799378,28170.16588439813,11.636700702189943,15.0,18.10382413002479,0,0,12.676721773958501
444,0.9393599003032832,28180.797009098496,11.722282721514333,15.0,18.404234333885796,0,0,12.676721773958501
445,0.9396873749042155,28190.621247126466,11.80814756172844,15.0,18.70563729629358,0,0,12.676721773958501
446,0.9399878618629011,28199.63585588703,11.894269779227002,15.0,19.007943705045626,0,0,12.676721773958501
447,0.9402612777565268,28207.838332695803,11.980623854138294,15.0,19.311063980228674,0,0,12.676721773958501
448,0.9405075471840206,28215.226415520618,12.067184197886258,15.0,19.61490830076334,0,0,12.676721773958501
449,0.940726602788394,28221.79808365182,12.153925160772905,15.0,19.919386631019925,0,0,12.676721773958501
450,0.940918385276702,28227.55155830106,12.24082103957892,15.0,20.224408747498032,0,0,12.676721773958501
451,0.941082843437612,28232.48530312836,12.327846085180035,15.0,20.52988426556159,0,0,12.676721773958501
452,0.9412199341565798,28236.598024697392,12.414974510177094,15.0,20.835722666221933,0,0,12.676721773958501
453,0.9413296224286243,28239.888672858728,12.50218049653738,15.0,21.141833322960398,0,0,12.676721773958501
454,0.9414118813687015,28242.356441061045,12.58943820324507,15.0,21.448125528582963,0,0,12.676721773958501
455,0.94146669221967,28244.000766590103,12.676721773958503,15.0,21.754508522098824,0,0,12.676721773958501
456,0.9414940443578499,28244.821330735496,12.764005344671926,15.0,22.060891515614646,0,0,12.676721773958501
457,0.9414939352961699,28244.818058885096,12.851263051379625,15.0,22.36718372123724,0,0,12.676721773958501
458,0.9414663706849054,28243.99112054716,12.9384690377399,15.0,22.673294377975672,0,0,12.676721773958501
459,0.9414113643100036,28242.34092930011,13.025597462736965,15.0,22.979132778636036,0,0,12.676721773958501
460,0.9413289380889986,28239.86814266996,13.11262250833808,15.0,23.28460829669959,0,0,12.676721773958501
461,0.9412191220645163,28236.57366193549,13.199518387144094,15.0,23.589630413177694,0,0,12.676721773958501
462,0.941081954395373,28232.45863186119,13.286259350030743,15.0,23.894108743434284,0,0,12.676721773958501
463,0.9409174813452672,28227.524440358015,13.372819693778704,15.0,24.197953063968953,0,0,12.676721773958501
464,0.940725757269071,28221.77271807213,13.45917376869,15.0,24.501073339152015,0,0,12.676721773958501
465,0.940506844596724,28215.20533790172,13.54529598618856,15.0,24.80337974790404,0,0,12.676721773958501
466,0.9402608138147337,28207.82441444201,13.63116082640267,15.0,25.104782710311845,0,0,12.676721773958501
467,0.9399877434452881,28199.632303358645,13.716742845727055,15.0,25.40519291417283,0,0,12.676721773958501
468,0.9396877200229894,28190.63160068968,13.802016684362387,15.0,25.704521341460236,0,0,12.676721773958501
469,0.9393608380692104,28180.82514207631,13.88695707382991,15.0,26.00267929470099,0,0,12.676721773958501
470,0.9390072000640867,28170.2160019226,13.971538844459067,15.0,26.299578423258808,0,0,12.676721773958501
471,0.9386269164161491,28158.807492484473,14.055736932845788,15.0,26.595130749514247,0,0,12.676721773958501
472,0.9382201054296078,28146.603162888234,14.139526389279354,15.0,26.889248694934544,0,0,12.676721773958501
473,0.9377868932692958,28133.606798078872,14.222882385135485,15.0,27.181845106024834,0,0,12.676721773958501
474,0.9373274139232834,28119.822417698502,14.305780220233649,15.0,27.47283328015382,0,0,12.676721773958501
475,0.9368418091631754,28105.254274895262,14.388195330156226,15.0,27.762126991245438,0,0,12.676721773958501
476,0.9363302285021002,28089.906855063007,14.470103293527469,15.0,28.0496405153296,0,0,12.676721773958501
477,0.9357928291504066,28073.7848745122,14.551479839250122,15.0,28.335288655944108,0,0,12.676721773958501
478,0.9352297759690785,28056.893279072356,14.632300853697435,15.0,28.61898676938008,0,0,12.676721773958501
479,0.9346412414208829,28039.23724262649,14.712542387858571,15.0,28.900650789763812,0,0,12.676721773958501
480,0.9340274055192662,28020.822165577985,14.7921806644352,15.0,29.180197253967243,0,0,12.676721773958501
481,0.9333884557750115,28001.653673250345,14.871192084887237,15.0,29.457543326339955,0,0,12.676721773958501
482,0.9327245871406757,27981.737614220274,14.949553236425599,15.0,29.73260682325504,0,0,12.676721773958501
483,0.9320360019528208,27961.080058584623,15.02724089894991,15.0,30.00530623746205,0,0,12.676721773958501
484,0.9313229098720565,27939.687296161694,15.104232051929133,15.0,30.275560762239177,0,0,12.676721773958501
485,0.9305855278209141,27917.56583462742,15.180503881223029,15.0,30.543290315338204,0,0,12.676721773958501
486,0.9298240799195673,27894.72239758702,15.2560337858425,15.0,30.808415562714444,0,0,12.676721773958501
487,0.9290387974194206,27871.16392258262,15.330799384646733,15.0,31.070857942035218,0,0,12.676721773958501
488,0.9282299186345846,27846.897559037538,15.404778522975237,15.0,31.33053968595959,0,0,12.676721773958501
489,0.9273976888712582,27821.930666137745,15.477949279212716,15.0,31.587383845182423,0,0,12.676721773958501
490,0.9265423603550391,27796.270810651175,15.550289971284954,15.0,31.841314311236207,0,0,12.676721773958501
491,0.9256641921561845,27769.925764685533,15.621779163083637,15.0,32.09225583904356,0,0,12.676721773958501
492,0.9247634501128416,27742.903503385245,15.692395670818387,15.0,32.340134069214066,0,0,12.676721773958501
493,0.9238404067522755,27715.212202568266,15.762118569293913,15.0,32.58487555007841,0,0,12.676721773958501
494,0.922895341210113,27686.86023630339,15.830927198110674,15.0,32.82640775945394,0,0,12.676721773958501
495,0.9219285391476282,27657.856174428845,15.89880116778692,15.0,33.06465912613426,0,0,12.676721773958501
496,0.9209402926670955,27628.208780012865,15.965720365800617,15.0,33.29955905109759,0,0,12.676721773958501
497,0.919930900225233,27597.927006756992,16.031664962549144,15.0,33.53103792842656,0,0,12.676721773958501
498,0.918900666544764,27567.01999634292,16.096615417225287,15.0,33.759027165934114,0,0,12.676721773958501
499,0.9178499025241199,27535.497075723597,16.16055248360758,15.0,33.98345920548877,0,0,12.676721773958501
500,0.9167789251453154,27503.367754359464,16.22345721576338,15.0,34.204267543033566,0,0,12.676721773958501
501,0.9156880573800195,27470.641721400585,16.285310973662956,15.0,34.42138674829266,0,0,12.676721773958501
502,0.9145776280938516,27437.328842815547,16.346095428702917,15.0,34.634752484159705,0,0,12.676721773958501
503,0.9134479719489323,27403.43915846797,16.405792569137418,15.0,34.84430152576237,0,0,12.676721773958501
504,0.9122994293047153,27368.98287914146,16.464384705415362,15.0,35.04997177919716,0,0,12.676721773958501
505,0.9111323461171315,27333.970383513944,16.52185447542226,15.0,35.251702299929285,0,0,12.676721773958501
506,0.9099470738360752,27298.412215082255,16.57818484962495,15.0,35.449433310851745,0,0,12.676721773958501
507,0.9087439693012613,27262.31907903784,16.63335913611785,15.0,35.64310621999861,0,0,12.676721773958501
508,0.9075233946364868,27225.701839094603,16.687360985569118,15.0,35.83266363790712,0,0,12.676721773958501
509,0.9062857171423245,27188.571514269737,16.7401743960653,15.0,36.018049394623304,0,0,12.676721773958501
510,0.9050313091872857,27150.93927561857,16.791783717853065,15.0,36.19920855634657,0,0,12.676721773958501
511,0.9037605480974774,27112.816442924322,16.842173657976534,15.0,36.3760874417075,0,0,12.676721773958501
512,0.9024738160447939,27074.214481343817,16.891329284808965,15.0,36.54863363767505,0,0,12.676721773958501
513,0.9011714999336701,27035.144998010102,16.939236032477247,15.0,36.71679601508747,0,0,12.676721773958501
514,0.8998539912864342,26995.619738593025,16.985879705178142,15.0,36.880524743803136,0,0,12.676721773958501
515,0.8985216861272902,26955.650583818708,17.031246481384763,15.0,37.039771307466125,0,0,12.676721773958501
516,0.8971749848649685,26915.249545949056,17.075322917942238,15.0,37.19448851788282,0,0,12.676721773958501
517,0.8958142921740752,26874.428765222256,17.118095954051167,15.0,37.34463052900472,0,0,12.676721773958501
518,0.8944400168751785,26833.200506255354,17.159552915137827,15.0,37.49015285051356,0,0,12.676721773958501
519,0.8930525718136668,26791.577154410006,17.19968151660993,15.0,37.63101236100489,0,0,12.676721773958501
520,0.8916523737374135,26749.571212122402,17.238469867496825,15.0,37.767167320765736,0,0,12.676721773958501
521,0.8902398431732851,26707.19529519855,17.27590647397302,15.0,37.89857738414305,0,0,12.676721773958501
522,0.8888154043025306,26664.462129075917,17.311980242764058,15.0,38.025203611498995,0,0,12.676721773958501
523,0.8873794848350872,26621.384545052617,17.346680484433723,15.0,38.147008480749605,0,0,12.676721773958501
524,0.8859325158828409,26577.97547648523,17.37999691655151,15.0,38.263955898483324,0,0,12.676721773958501
525,0.8844749318318783,26534.24795495635,17.411919666739557,15.0,38.37601121065637,0,0,12.676721773958501
526,0.8830071702137687,26490.215106413063,17.44243927559803,15.0,38.483141212861405,0,0,12.676721773958501
527,0.8815296715759147,26445.89014727744,17.47154669950816,15.0,38.58531416016669,0,0,12.676721773958501
528,0.8800428793510074,26401.286380530222,17.499233313312057,15.0,38.682499776522896,0,0,12.676721773958501
529,0.8785472397256286,26356.417191768858,17.525490912868513,15.0,38.774669263734424,0,0,12.676721773958501
530,0.8770432015080359,26311.296045241077,17.55031171748411,15.0,38.861795309993056,0,0,12.676721773958501
531,0.8755312159951708,26265.936479855125,17.57368837221875,15.0,38.94385209797095,0,0,12.676721773958501
532,0.8740117368389302,26220.352105167905,17.595613950065133,15.0,39.020815312470894,0,0,12.676721773958501
533,0.8724852199117389,26174.556597352166,17.616081954001345,15.0,39.09266214763143,0,0,12.676721773958501
534,0.8709521231714654,26128.563695143963,17.635086318916088,15.0,39.15937131368473,0,0,12.676721773958501
535,0.8694129065257189,26082.387195771567,17.65262141340589,15.0,39.220923043265174,0,0,12.676721773958501
536,0.8678680316955683,26036.04095086705,17.668682041443812,15.0,39.27729909726689,0,0,12.676721773958501
537,0.8663179620787248,25989.538862361744,17.683263443919156,15.0,39.3284827702484,0,0,12.676721773958501
538,0.8647631626122271,25942.894878366813,17.69636130004767,15.0,39.374458895382745,0,0,12.676721773958501
539,0.8632040996346705,25896.122989040115,17.707971728651906,15.0,39.41521384895183,0,0,12.676721773958501
540,0.8616412407480203,25849.23722244061,17.7180912893113,15.0,39.450735554383314,0,0,16.6767217739585
541,0.8598886056659243,25796.658169977727,23.320187377217124,15.0,39.48101348582929,0,0,16.6767217739585
542,0.8581330381287634,25743.991143862902,23.329566211856644,15.0,39.50603867128518,0,0,16.6767217739585
543,0.8563750244575009,25691.250733725028,23.33697366510907,15.0,39.525803695248484,0,0,16.6767217739585
544,0.8546150516979424,25638.451550938273,23.34240754198614,15.0,39.54030270091603,0,0,16.6767217739585
545,0.8528536074764135,25585.608224292406,23.34586623231287,15.0,39.5495313919195,0,0,16.6767217739585
546,0.8510911798552658,25532.735395657975,23.347348711204656,15.0,39.5534870335986,0,0,16.6767217739585
547,0.8493282571882537,25479.84771564761,23.34685453937102,15.0,39.55216845381132,0,0,16.6767217739585
548,0.847565327975824,25426.959839274718,23.344383863245735,15.0,39.54557604328133,0,0,16.6767217739585
549,0.8458028807203628,25374.086421610886,23.339937414943464,15.0,39.533711755482116,0,0,16.6767217739585
550,0.8440414037814429,25321.242113443288,23.333516512042795,15.0,39.51657910605822,0,0,16.6767217739585
551,0.8422813852311106,25268.441556933318,23.32512305719584,15.0,39.49418317178342,0,0,16.6767217739585
552,0.8405233127092602,25215.699381277806,23.3147595375644,15.0,39.46653058905639,0,0,16.6767217739585
553,0.838767673279136,25163.030198374083,23.302429024083022,15.0,39.43362955193417,0,0,16.6767217739585
554,0.8370149532830049,25110.448598490148,23.288135170548955,15.0,39.39548980970413,0,0,16.6767217739585
555,0.8352656381980421,25057.969145941264,23.2718822125395,15.0,39.352122663995004,0,0,16.6767217739585
556,0.8335202124924743,25005.60637477423,23.25367496615686,15.0,39.303540965428034,0,0,16.6767217739585
557,0.8317791594820211,24953.374784460633,23.23351882660111,15.0,39.24975910980896,0,0,16.6767217739585
558,0.8300429611866783,24901.28883560035,23.211419766571385,15.0,39.19079303386231,0,0,16.6767217739585
559,0.8283120981878848,24849.36294563654,23.18738433449612,15.0,39.126660210508994,0,0,16.6767217739585
560,0.8265870494861156,24797.611484583467,23.161419652592556,15.0,39.05737964368866,0,0,16.6767217739585
561,0.8248682923589448,24746.048770768342,23.133533414756315,15.0,38.98297186272845,0,0,16.6767217739585
562,0.8231563022196163,24694.68906658849,23.103733884281496,15.0,38.90345891625972,0,0,16.6767217739585
563,0.8214515524761702,24643.546574285105,23.0720298914121,15.0,38.81886436568455,0,0,16.6767217739585
564,0.8197545143911604,24592.635431734812,23.03843083072546,15.0,38.72921327819395,0,0,16.6767217739585
565,0.8180656569420105,24541.969708260316,23.00294665834837,15.0,38.63453221934,0,0,16.6767217739585
566,0.8163854466820448,24491.563400461346,22.96558788900692,15.0,38.5348492451638,0,0,16.6767217739585
567,0.814714347602239,24441.43042806717,22.926365592910734,15.0,38.43019389388195,0,0,16.6767217739585
568,0.8130528209937296,24391.584629811885,22.88529139247263,15.0,38.32059717713366,0,0,16.6767217739585
569,0.8114013253111227,24342.039759333682,22.842377458864654,15.0,38.20609157079143,0,0,16.6767217739585
570,0.8097603160366453,24292.80948109936,22.7976365084115,15.0,38.08671100533762,0,0,16.6767217739585
571,0.808130245545175,24243.907366355248,22.751081798822355,15.0,37.962490855810216,0,0,16.6767217739585
572,0.8065115629701917,24195.34688910575,22.702727125262424,15.0,37.833467931320435,0,0,16.6767217739585
573,0.8049047140706902,24147.141422120705,22.652586816265064,15.0,37.69968046414535,0,0,16.6767217739585
574,0.8033101410990918,24099.304232972754,22.60067572948592,15.0,37.561168098398824,0,0,16.6767217739585
575,0.8017282826701956,24051.848480105866,22.54700924730037,15.0,37.4179718782842,0,0,16.6767217739585
576,0.8001595736312067,24004.787208936203,22.491603272245282,15.0,37.2701342359319,0,0,16.6767217739585
577,0.7986044449328829,23958.133347986484,22.434474222306832,15.0,37.11769897882597,0,0,16.6767217739585
578,0.7970633235018333,23911.899705055,22.375639026055467,15.0,36.96071127682292,0,0,16.6767217739585
579,0.795536632114012,23866.09896342036,22.315115117629595,15.0,36.7992176487669,0,0,16.6767217739585
580,0.7940247892694398,23820.743678083192,22.252920431569493,15.0,36.633265948705215,0,0,16.6767217739585
581,0.7925282090681931,23775.846272045794,22.189073397502924,15.0,36.46290535170817,0,0,16.6767217739585
582,0.7910473010876984,23731.41903263095,22.123592934684005,15.0,36.28818633929731,0,0,16.6767217739585
583,0.7895824702613644,23687.47410784093,22.05649844638705,15.0,36.109160684486724,0,0,16.6767217739585
584,0.7881341167585925,23644.023502757773,21.987809814156975,15.0,35.925881436441685,0,0,16.6767217739585
585,0.786702635866197,23601.079075985912,21.91754739191792,15.0,35.73840290475886,0,0,16.6767217739585
586,0.7852884178712742,23558.652536138226,21.845731999941982,15.0,35.54678064337328,0,0,16.6767217739585
587,0.783891847945551,23516.75543836653,21.7723849186797,15.0,35.35107143409653,0,0,16.6767217739585
588,0.7825133060312505,23475.399180937515,21.697527882454228,15.0,35.15133326979113,0,0,16.6767217739585
589,0.781153166728507,23434.59500185521,21.62118307302094,15.0,34.947625337185826,0,0,16.6767217739585
590,0.7798117991843638,23394.353975530914,21.54337311299452,15.0,34.740007999337436,0,0,16.6767217739585
591,0.7784895669833871,23354.687009501613,21.464121059145402,15.0,34.52854277774388,0,0,16.6767217739585
592,0.7771868280399278,23315.604841197834,21.383450395567543,15.0,34.31329233411414,0,0,16.6767217739585
593,0.7759039344920639,23277.118034761916,21.301385026719586,15.0,34.094320451800165,0,0,16.6767217739585
594,0.7746412325972545,23239.236977917633,21.21794927034143,15.0,33.87169201689647,0,0,16.6767217739585
595,0.773399062629736,23201.97187889208,21.13316785024838,15.0,33.64547299901302,0,0,16.6767217739585
596,0.772177758779692,23165.332763390757,21.04706588900493,15.0,33.41573043172703,0,0,16.6767217739585
597,0.7709776490542245,23129.329471626734,20.959668900480455,15.0,33.18253239271944,0,0,16.6767217739585
598,0.7697990551801596,23093.971655404788,20.87100278228882,15.0,32.94594798360203,0,0,16.6767217739585
599,0.7686422925087119,23059.268775261356,20.781093808114413,15.0,32.70604730944113,0,0,16.6767217739585
600,0.7675076699220397,23025.23009766119,20.68996861992668,15.0,32.46290145798396,0,0,16.6767217739585
601,0.7663954897417163,22991.86469225149,20.59765422008553,15.0,32.216582478593864,0,0,16.6767217739585
602,0.7653060476391458,22959.181429174372,20.50417796333995,15.0,31.96716336090041,0,0,16.6767217739585
603,0.7642396325479486,22927.188976438458,20.409567548722165,15.0,31.714718013171048,0,0,16.6767217739585
604,0.7631965265783455,22895.895797350364,20.313851011339924,15.0,31.459321240410585,0,0,16.6767217739585
605,0.7621770049335608,22865.31014800682,20.217056714068967,15.0,31.20104872219467,0,0,16.6767217739585
606,0.7611813358282745,22835.440074848237,20.119213339148573,15.0,30.93997699024443,0,0,16.6767217739585
607,0.760209780409145,22806.29341227435,20.020349879682346,15.0,30.67618340574841,0,0,16.6767217739585
608,0.7592625926774241,22777.877780322724,19.920495631047,15.0,30.409746136438876,0,0,16.6767217739585
609,0.7583400194136928,22750.200582410784,19.819680182211414,15.0,30.14074413342886,0,0,16.6767217739585
610,0.7574423001047333,22723.269003142,19.71793340696889,15.0,29.869257107817475,0,0,16.6767217739585
611,0.756569666872565,22697.09000617695,19.615285455084756,15.0,29.595365507069463,0,0,16.6767217739585
612,0.7557223444056613,22671.67033216984,19.511766743362514,15.0,29.319150491177286,0,0,16.6767217739585
613,0.7549005498923697,22647.016496771088,19.407407946630556,15.0,29.040693908611296,0,0,16.6767217739585
614,0.7541044929565536,22623.134788696607,19.3022399886526,15.0,28.76007827206655,0,0,16.6767217739585
615,0.7533343755954773,22600.03126786432,19.196294032964314,15.0,28.477386734012313,0,0,16.6767217739585
616,0.7525903921199493,22577.71176359848,19.089601473638847,15.0,28.19270306205226,0,0,16.6767217739585
617,0.7518727290967434,22556.181872902303,18.98219392598417,15.0,27.90611161410243,0,0,16.6767217739585
618,0.7511815652933156,22535.446958799468,18.87410321717468,15.0,27.61769731339397,0,0,16.6767217739585
619,0.750517071624831,22515.51214874493,18.765361376820195,15.0,27.327545623308673,0,0,16.6767217739585
620,0.7498794111035183,22496.38233310555,18.656000627474832,15.0,27.03574252205427,0,0,16.6767217739585
621,0.7492687387903655,22478.062163710965,18.54605337508885,15.0,26.74237447718734,0,0,16.6767217739585
622,0.748685201749172,22460.55605247516,18.43555219940597,15.0,26.447528419990952,0,0,16.6767217739585
623,0.7481289390029707,22443.86817008912,18.32452984430936,15.0,26.15129171971516,0,0,16.6767217739585
624,0.7476000814928321,22428.00244478496,18.213019208118887,15.0,25.85375215768753,0,0,16.6767217739585
625,0.7470987520390636,22412.96256117191,18.101053333842653,15.0,25.55499790130175,0,0,16.6767217739585
626,0.7466250653048161,22398.751959144483,17.98866539938566,15.0,25.255117477891694,0,0,16.6767217739585
627,0.7461791277621054,22385.373832863163,17.875888707718364,15.0,24.954199748498645,0,0,16.6767217739585
628,0.7457610376602632,22372.8311298079,17.762756677008465,15.0,24.652333881540258,0,0,16.6767217739585
629,0.7453708849968237,22361.12654990471,17.64930283071823,15.0,24.34960932638764,0,0,16.6767217739585
630,0.7450087514908548,22350.262544725643,17.535560787670867,15.0,24.04611578685988,0,0,16.6767217739585
631,0.7446747105587435,22340.241316762305,17.421564252088483,15.0,23.741943194642637,0,0,16.6767217739585
632,0.744368827292441,22331.06481877323,17.307347003604807,15.0,23.43718168263957,0,0,16.6767217739585
633,0.7440911584401743,22322.734753205226,17.19294288725557,15.0,23.131921558263933,0,0,16.6767217739585
634,0.7438417523896305,22315.252571688914,17.07838580344951,15.0,22.826253276678713,0,0,16.6767217739585
635,0.7436206491536188,22308.619474608564,16.96370969792289,15.0,22.52026741399256,0,0,16.6767217739585
636,0.7434278803582135,22302.836410746404,16.848948551680685,15.0,22.21405464042028,0,0,16.6767217739585
637,0.7432634692333827,22297.90407700148,16.734136370927295,15.0,21.907705693415352,0,0,16.6767217739585
638,0.7431274306061048,22293.82291818314,16.61930717698971,15.0,21.601311350782296,0,0,16.6767217739585
639,0.7430197708959744,22290.59312687923,16.504494996236318,15.0,21.29496240377737,0,0,16.6767217739585
640,0.742940488113301,22288.21464339903,16.389733849994112,15.0,20.988749630205085,0,0,16.6767217739585
641,0.742889571859698,22286.68715579094,16.275057744467496,15.0,20.682763767518935,0,0,16.6767217739585
642,0.7428670033311637,22286.010099934912,16.160500660661434,15.0,20.37709548593371,0,0,16.6767217739585
643,0.742872755323654,22286.182659709622,16.04609654431221,15.0,20.071835361558108,0,0,16.6767217739585
644,0.7429067922411432,22287.203767234296,15.931879295828523,15.0,19.767073849555008,0,0,16.6767217739585
645,0.7429690701061715,22289.072103185146,15.817882760246123,15.0,19.46290125733773,0,0,16.6767217739585
646,0.7430595365728774,22291.786097186323,15.704140717198761,15.0,19.159407717809977,0,0,16.6767217739585
647,0.7431781309425081,22295.34392827524,15.590686870908538,15.0,18.85668316265739,0,0,16.6767217739585
648,0.7433247841814058,22299.743525442173,15.477554840198643,15.0,18.554817295698996,0,0,16.6767217739585
649,0.7434994189414648,22304.982568243944,15.364778148531347,15.0,18.253899566305954,0,0,16.6767217739585
650,0.7437019495830504,22311.05848749151,15.25239021407434,15.0,17.954019142895866,0,0,16.6767217739585
651,0.7439322822003762,22317.968466011287,15.140424339798122,15.0,17.655264886510118,0,0,16.6767217739585
652,0.7441903146493305,22325.709439479913,15.028913703607657,15.0,17.357725324482516,0,0,16.6767217739585
653,0.7444759365777432,22334.2780973323,14.917891348511038,15.0,17.06148862420669,0,0,16.6767217739585
654,0.744789029458087,22343.67088374261,14.807390172828159,15.0,16.766642567010308,0,0,16.6767217739585
655,0.7451294666225976,22353.883998677928,14.697442920442175,15.0,16.473274522143377,0,0,16.6767217739585
656,0.7454971133008098,22364.913399024295,14.588082171096811,15.0,16.181471420888972,0,0,16.6767217739585
657,0.7458918266594922,22376.754799784765,14.479340330742325,15.0,15.891319730803673,0,0,16.6767217739585
658,0.7463134558449716,22389.403675349145,14.371249621932837,15.0,15.602905430095214,0,0,16.6767217739585
659,0.7467618420278344,22402.85526083503,14.263842074278157,15.0,15.316313982145386,0,0,16.6767217739585
660,0.7472368184499915,22417.104553499743,14.157149514952692,15.0,15.031630310185333,0,0,16.6767217739585
661,0.747738210474092,22432.14631422276,14.051203559264403,15.0,14.748938772131096,0,0,16.6767217739585
662,0.7482658356352716,22447.97506905815,13.946035601286443,15.0,14.468323135586322,0,0,16.6767217739585
663,0.7488195036952221,22464.585110856664,13.8416768045545,15.0,14.189866553020387,0,0,16.6767217739585
664,0.7493990166985618,22481.970500956853,13.73815809283225,15.0,13.913651537128178,0,0,16.6767217739585
665,0.7500041690314946,22500.125070944836,13.63551014094813,15.0,13.639759936380198,0,0,16.6767217739585
666,0.7506347474827374,22519.042424482122,13.533763365705582,15.0,13.368272910768757,0,0,16.6767217739585
667,0.7512905313067001,22538.715939201003,13.432947916870006,15.0,13.09927090775877,0,0,16.6767217739585
668,0.7519712922888964,22559.13876866689,13.33309366823466,15.0,12.832833638449237,0,0,16.6767217739585
669,0.7526767948135688,22580.303844407063,13.234230208768434,15.0,12.569040053953213,0,0,16.6767217739585
670,0.753406795933507,22602.20387800521,13.13638683384804,15.0,12.307968322002978,0,0,16.6767217739585
671,0.7541610454420382,22624.831363261146,13.03959253657708,15.0,12.049695803787063,0,0,16.6767217739585
672,0.7549392859471687,22648.178578415063,12.943875999194839,15.0,11.794299031026597,0,0,16.6767217739585
673,0.7557412529478548,22672.237588435644,12.849265584577058,15.0,11.541853683297234,0,0,16.6767217739585
674,0.75656667491238,22697.0002473714,12.755789327831472,15.0,11.292434565603777,0,0,16.6767217739585
675,0.7574152733588159,22722.458200764475,12.663474927990325,15.0,11.04611558621368,0,0,16.6767217739585
676,0.758286762937542,22748.60288812626,12.572349739802599,15.0,10.802969734756532,0,0,16.6767217739585
677,0.7591808515158018,22775.425545474056,12.482440765628187,15.0,10.563069060595613,0,0,16.6767217739585
678,0.7600972402642673,22802.917207928018,12.393774647436542,15.0,10.326484651478182,0,0,16.6767217739585
679,0.7610356237455886,22831.068712367658,12.306377658912075,15.0,10.09328661247062,0,0,16.6767217739585
680,0.7619956900049021,22859.87070014706,12.220275697668626,15.0,9.863544045184614,0,0,16.6767217739585
681,0.7629771206622687,22889.313619868062,12.135494277575575,15.0,9.637325027301173,0,0,16.6767217739585
682,0.7639795910070175,22919.387730210525,12.052058521197408,15.0,9.414696592397458,0,0,16.6767217739585
683,0.7650027700939638,22950.083102818913,11.969993152349453,15.0,9.195724710083484,0,0,16.6767217739585
684,0.766046320841476,22981.38962524428,11.889322488771603,15.0,8.980474266453765,0,0,16.6767217739585
685,0.7671099001313596,23013.29700394079,11.810070434922492,15.0,8.769009044860233,0,0,16.6767217739585
686,0.7681931589105309,23045.794767315925,11.732260474896067,15.0,8.561391707011815,0,0,16.6767217739585
687,0.7692957422944484,23078.872268833453,11.655915665462778,15.0,8.35768377440651,0,0,16.6767217739585
688,0.7704172896722737,23112.518690168214,11.581058629237306,15.0,8.157945610101105,0,0,16.6767217739585
689,0.7715574348137275,23146.723044411825,11.507711547975024,15.0,7.962236400824365,0,0,16.6767217739585
690,0.7727158059776118,23181.474179328354,11.435896155999085,15.0,7.770614139438788,0,0,16.6767217739585
691,0.7738920260219644,23216.760780658933,11.365633733760031,15.0,7.583135607755953,0,0,16.6767217739585
692,0.7750857125158155,23252.571375474465,11.296945101529953,15.0,7.3998563597109115,0,0,16.6767217739585
693,0.7762964778525084,23288.894335575253,11.229850613232998,15.0,7.220830704900337,0,0,16.6767217739585
694,0.7775239293645573,23325.717880936718,11.164370150414083,15.0,7.04611169248947,0,0,16.6767217739585
695,0.7787676694400021,23363.03008320006,11.10052311634751,15.0,6.875751095492419,0,0,16.6767217739585
696,0.7800272956402301,23400.8188692069,11.038328430287415,15.0,6.709799395430756,0,0,16.6767217739585
697,0.781302400819227,23439.07202457681,10.977804521861538,15.0,6.548305767374721,0,0,16.6767217739585
698,0.782592573244223,23477.77719732669,10.918969325610169,15.0,6.3913180653716655,0,0,16.6767217739585
699,0.783897396717698,23516.92190153094,10.861840275671717,15.0,6.238882808265727,0,0,16.6767217739585
700,0.7852164507007101,23556.493521021304,10.806434300616633,15.0,6.091045165913437,0,0,16.6767217739585
701,0.7865493104375105,23596.479313125317,10.752767818431078,15.0,5.947848945798812,0,0,16.6767217739585
702,0.7878955470814074,23636.86641244222,10.70085673165194,15.0,5.8093365800522845,0,0,16.6767217739585
703,0.7892547278218425,23677.641834655275,10.650716422654572,15.0,5.675549112877193,0,0,16.6767217739585
704,0.7906264160126427,23718.79248037928,10.602361749094644,15.0,5.546526188387418,0,0,16.6767217739585
705,0.7920101713014073,23760.30513904222,10.555807039505508,15.0,5.422306038860028,0,0,16.6767217739585
706,0.7934055497599941,23802.166492799824,10.511066089052346,15.0,5.30292547340621,0,0,16.6767217739585
707,0.7948121040160651,23844.36312048195,10.468152155444372,15.0,5.188419867063974,0,0,16.6767217739585
708,0.7962293833856514,23886.881501569544,10.427077955006272,15.0,5.078823150315696,0,0,16.6767217739585
709,0.7976569340067027,23929.70802020108,10.387855658910082,15.0,4.974167799033833,0,0,16.6767217739585
710,0.7990942989735743,23972.82896920723,10.350496889568634,15.0,4.874484824857639,0,0,16.6767217739585
711,0.8005410184724194,24016.230554172584,10.315012717191543,15.0,4.779803766003685,0,0,16.6767217739585
712,0.8019966299174416,24059.898897523246,10.281413656504899,15.0,4.690152678513094,0,0,16.6767217739585
713,0.8034606680879685,24103.820042639054,10.249709663635509,15.0,4.605558127937909,0,0,16.6767217739585
714,0.8049326652663075,24147.979957989224,10.219910133160688,15.0,4.526045181469188,0,0,16.6767217739585
715,0.8064121513763399,24192.364541290197,10.192023895324448,15.0,4.451637400508981,0,0,16.6767217739585
716,0.8078986541228153,24236.95962368446,10.166059213420887,15.0,4.382356833688645,0,0,16.6767217739585
717,0.8093916991313022,24281.750973939066,10.142023781345616,15.0,4.318224010335322,0,0,16.6767217739585
718,0.8108908100887557,24326.72430266267,10.119924721315893,15.0,4.259257934388679,0,0,16.6767217739585
719,0.8123955088846594,24371.865266539782,10.099768581760134,15.0,4.205476078769598,0,0,16.6767217739585
720,0.8139053157526998,24417.159472580992,10.081561335377506,15.0,4.156894380202623,0,0,16.6767217739585
721,0.815419749412931,24462.592482387932,10.065308377368044,15.0,4.113527234493507,0,0,16.6767217739585
722,0.8169383272143895,24508.149816431687,10.05101452383398,15.0,4.075387492263465,0,0,16.6767217739585
723,0.8184605652781126,24553.816958343377,10.0386840103526,15.0,4.042486455141247,0,0,16.6767217739585
724,0.819985978640523,24599.57935921569,10.028320490721168,15.0,4.0148338724142105,0,0,16.6767217739585
725,0.8215140813971342,24645.422441914026,10.019927035874208,15.0,3.992437938139412,0,0,16.6767217739585
726,0.8230443868465339,24691.33160539602,10.013506132973538,15.0,3.975305288715515,0,0,16.6767217739585
727,0.8245764076346045,24737.292229038136,10.009059684671266,15.0,3.9634410009163066,0,0,16.6767217739585
728,0.8261096558989364,24783.289676968092,10.00658900854598,15.0,3.9568485903863064,0,0,16.6767217739585
729,0.8276436434133925,24829.309302401773,10.006094836712345,15.0,3.9555300105990323,0,0,16.6767217739585
730,0.8291778817327795,24875.336451983385,10.007577315604134,15.0,3.959485652278133,0,0,16.6767217739585
731,0.830711882337586,24921.35647012758,10.011036005930858,15.0,3.9687143432816083,0,0,16.6767217739585
732,0.8322451567787397,24967.35470336219,10.016469882807929,15.0,3.9832133489491426,0,0,16.6767217739585
733,0.8337772168223467,25013.3165046704,10.023877336060357,15.0,4.002978372912446,0,0,16.6767217739585
734,0.8353075745943653,25059.22723783096,10.033256170699879,15.0,4.028003558368345,0,0,16.6767217739585
735,0.8368357427251735,25105.072281755205,10.044603607575375,15.0,4.058281489814316,0,0,16.6767217739585
736,0.8383612344939871,25150.837034819615,10.057916284196402,15.0,4.093803195245803,0,0,16.6767217739585
737,0.8398835639730863,25196.506919192587,10.073190255729568,15.0,4.134558148814879,0,0,16.6767217739585
738,0.8414022461718051,25242.067385154154,10.090420996167468,15.0,4.18053427394923,0,0,16.6767217739585
739,0.8429167971802463,25287.50391540739,10.109603399669842,15.0,4.23171794693074,0,0,16.6767217739585
740,0.844426734312673,25332.80202938019,10.130731782076536,15.0,4.28809400093246,0,0,16.6767217739585
741,0.8459315762505394,25377.94728751618,10.15379988259186,15.0,4.349645730512899,0,0,16.6767217739585
742,0.8474308431851159,25422.925295553476,10.178800865639783,15.0,4.41635489656619,0,0,16.6767217739585
743,0.8489240569596666,25467.721708789995,10.205727322889457,15.0,4.488201731726734,0,0,16.6767217739585
744,0.8504107412111376,25512.322236334127,10.234571275450481,15.0,4.565164946226677,0,0,16.6767217739585
745,0.8518904215113137,25556.71264533941,10.26532417623721,15.0,4.647221734204569,0,0,16.6767217739585
746,0.8533626255074015,25600.878765222045,10.297976912501431,15.0,4.734347780463201,0,0,16.6767217739585
747,0.8548268830619982,25644.806491859945,10.332519808532696,15.0,4.826517267674742,0,0,16.6767217739585
748,0.8562827263924024,25688.481791772072,10.368942628525408,15.0,4.9237028840309325,0,0,16.6767217739585
749,0.8577296902092295,25731.890706276885,10.407234579611933,15.0,5.025875831336219,0,0,16.6767217739585
750,0.8591673118542862,25775.019355628585,10.447384315060757,15.0,5.133005833541238,0,0,16.6767217739585
751,0.8605951314376663,25817.85394312999,10.489379937638777,15.0,5.245061145714309,0,0,16.6767217739585
752,0.8620126919740264,25860.380759220792,10.533209003136658,15.0,5.362008563448022,0,0,16.6767217739585
753,0.8634195395179995,25902.586185539985,10.5788585240564,15.0,5.48381343269862,0,0,16.6767217739585
754,0.86481522329871,25944.456698961298,10.626314973459767,15.0,5.610439660054592,0,0,16.6767217739585
755,0.8661992958533458,25985.978875600373,10.675564288976586,15.0,5.741849723431905,0,0,16.6767217739585
756,0.867571313159752,26027.13939479256,10.72659187697179,15.0,5.878004683192741,0,0,16.6767217739585
757,0.868930834768004,26067.925043040123,10.779382616869787,15.0,6.0188641936840455,0,0,16.6767217739585
758,0.8702774239309222,26108.322717927666,10.833920865635047,15.0,6.164386515192923,0,0,16.6767217739585
759,0.8716106477334893,26148.31943200468,10.890190462407405,15.0,6.314528526314809,0,0,16.6767217739585
760,0.8729300772211332,26187.902316633998,10.94817473329095,15.0,6.4692457367315015,0,0,16.6767217739585
761,0.8742352875268348,26227.058625805043,11.007856496294814,15.0,6.628492300394491,0,0,16.6767217739585
762,0.8755258579970252,26265.775739910758,11.06921806642459,15.0,6.79222102911015,0,0,16.6767217739585
763,0.8768013723162352,26304.041169487056,11.132241260922742,15.0,6.960383406522576,0,0,16.6767217739585
764,0.878061418630458,26341.842558913737,11.196907404656596,15.0,7.132929602490117,0,0,16.6767217739585
765,0.87930558966919,26379.1676900757,11.263197335652162,15.0,7.309808487851075,0,0,16.6767217739585
766,0.8805334828661151,26416.004485983452,11.331091410772217,15.0,7.490967649574321,0,0,16.6767217739585
767,0.8817447004783925,26452.341014351776,11.400569511537038,15.0,7.676353406290521,0,0,16.6767217739585
768,0.8829388497045172,26488.165491135514,11.471611050085903,15.0,7.865910824199005,0,0,16.6767217739585
769,0.8841155428007151,26523.466284021455,11.54419497527775,15.0,8.059583733345882,0,0,16.6767217739585
770,0.8852743971958409,26558.231915875225,11.61829977892904,15.0,8.25731474426833,0,0,16.6767217739585
771,0.8864150356047404,26592.451068142214,11.693903502187144,15.0,8.459045265000452,0,0,16.6767217739585
772,0.8875370861400501,26626.112584201503,11.770983742037199,15.0,8.664715518435248,0,0,16.6767217739585
773,0.8886401824223941,26659.205472671823,11.84951765794062,15.0,8.874264560037918,0,0,16.6767217739585
774,0.889723963688951,26691.71891066853,11.929481978603203,15.0,9.087630295904958,0,0,16.6767217739585
775,0.8907880749003552,26723.642247010655,12.01085300887098,15.0,9.304749501164043,0,0,16.6767217739585
776,0.891832166845903,26754.965005377093,12.093606636751552,15.0,9.525557838708856,0,0,16.6767217739585
777,0.8928558962470315,26785.676887410948,12.177718340558997,15.0,9.74998987826351,0,0,16.6767217739585
778,0.893858925859039,26815.76777577117,12.263163196180203,15.0,9.977979115771058,0,0,16.6767217739585
779,0.8948409245710178,26845.227737130535,12.349915884460403,15.0,10.209457993100024,0,0,16.6767217739585
780,0.8958015675039701,26874.047025119104,12.437950698705787,15.0,10.444357918063353,0,0,16.6767217739585
781,0.8967405361070762,26902.216083212286,12.527241552300936,15.0,10.682609284743675,0,0,16.6767217739585
782,0.8976575182520882,26929.725547562644,12.617761986438877,15.0,10.924141494119183,0,0,16.6767217739585
783,0.8985522083258198,26956.566249774594,12.709485177961385,15.0,11.168882974983543,0,0,16.6767217739585
784,0.8994243073207073,26982.72921962122,12.802383947307275,15.0,11.416761205154053,0,0,16.6767217739585
785,0.9002735229234105,27008.205687702313,12.896430766566251,15.0,11.6677027329614,0,0,16.6767217739585
786,0.9010995696014324,27032.987088042973,12.99159776763608,15.0,11.92163319901517,0,0,16.6767217739585
787,0.9019021686877288,27057.065060631863,13.087856750480492,15.0,12.178477358238055,0,0,16.6767217739585
788,0.9026810484632823,27080.43145389847,13.18517919148539,15.0,12.438159102162416,0,0,16.6767217739585
789,0.9034359442376197,27103.07832712859,13.283536251911126,15.0,12.700601481483165,0,0,16.6767217739585
790,0.9041665984272448,27124.997952817343,13.382898786437995,15.0,12.96572672885939,0,0,16.6767217739585
791,0.904872760631966,27146.18281895898,13.48323735180261,15.0,13.233456281958457,0,0,16.6767217739585
792,0.9055541877090956,27166.625631272866,13.58452221552253,15.0,13.503710806735587,0,0,16.6767217739585
793,0.9062106438454978,27186.319315364934,13.686723364706742,15.0,13.77641022094258,0,0,16.6767217739585
794,0.9068419006274657,27205.257018823973,13.789810514949059,15.0,14.05147371785764,0,0,16.6767217739585
795,0.907447737108405,27223.43211325215,13.893753119302099,15.0,14.328819790230387,0,0,16.6767217739585
796,0.908027939874305,27240.83819622915,13.998520377328873,15.0,14.608366254433822,0,0,16.6767217739585
797,0.908582303106978,27257.46909320934,14.104081244229791,15.0,14.890030274817546,0,0,16.6767217739585
798,0.9091106286450479,27273.318859351435,14.210404440041806,15.0,15.173728388253538,0,0,16.6767217739585
799,0.909612726042669,27288.38178128007,14.317458458907339,15.0,15.459376528868033,0,0,16.6767217739585
800,0.9100884126259602,27302.652378778806,14.425211578410194,15.0,15.746890052952192,0,0,16.6767217739585
801,0.9105375135471344,27316.125406414034,14.53363186897556,15.0,16.03618376404379,0,0,16.6767217739585
802,0.91095986183631,27328.795855089298,14.642687203331452,15.0,16.327171938172782,0,0,16.6767217739585
803,0.9113552984509873,27340.65895352962,14.75234526602867,15.0,16.61976834926308,0,0,16.6767217739585
804,0.9117236723231772,27351.710169695314,14.862573563016634,15.0,16.913886294683355,0,0,16.6767217739585
805,0.9120648404041647,27361.94521212494,14.973339431272036,15.0,17.20943862093883,0,0,16.6767217739585
806,0.9123786677068983,27371.36003120695,15.084610048477568,15.0,17.50633774949663,0,0,16.6767217739585
807,0.9126650273459889,27379.950820379665,15.196352442747942,15.0,17.804495702737384,0,0,16.6767217739585
808,0.9129238005753089,27387.714017259266,15.308533502400145,15.0,18.103824130024776,0,0,16.6767217739585
809,0.9131548768231793,27394.64630469538,15.421119985765142,15.0,18.40423433388579,0,0,16.6767217739585
810,0.9133581537251347,27400.744611754042,15.534078531038073,15.0,18.70563729629358,0,0,20.6767217739585
811,0.9134084336246912,27402.253008740736,19.400481553101294,15.0,19.00794370504561,0,0,20.6767217739585
812,0.9134298259206757,27402.89477762027,19.54133178337584,15.0,19.31106398022865,0,0,20.6767217739585
813,0.9134222508729587,27402.66752618876,19.682518454208324,15.0,19.614908300763332,0,0,20.6767217739585
814,0.9133856373250598,27401.569119751795,19.82399972894111,15.0,19.919386631019922,0,0,20.6767217739585
815,0.9133199227252331,27399.597681756994,19.965733683619078,15.0,20.22440874749801,0,0,20.6767217739585
816,0.9132250531450019,27396.75159435006,20.107678319412614,15.0,20.5298842655616,0,0,20.6767217739585
817,0.9131009832951401,27393.029498854205,20.24979157506268,15.0,20.835722666221933,0,0,20.6767217739585
818,0.9129476765390913,27388.430296172737,20.392031339344584,15.0,21.14183332296038,0,0,20.6767217739585
819,0.9127651049038251,27382.953147114753,20.534355463546387,15.0,21.448125528582942,0,0,20.6767217739585
820,0.9125532490881271,27376.59747264381,20.676721773958512,15.0,21.75450852209884,0,0,20.6767217739585
821,0.9123120984683168,27369.362954049506,20.81908808437059,15.0,22.06089151561464,0,0,20.6767217739585
822,0.9120416511013971,27361.249533041915,20.961412208572394,15.0,22.367183721237204,0,0,20.6767217739585
823,0.911741913725629,27352.257411768867,21.1036519728543,15.0,22.67329437797565,0,0,20.6767217739585
824,0.9114129017585348,27342.387052756047,21.245765228504393,15.0,22.979132778636043,0,0,20.6767217739585
825,0.9110546392923312,27331.639178769936,21.38770986429791,15.0,23.284608296699606,0,0,20.6767217739585
826,0.910667159086788,27320.014772603638,21.52944381897587,15.0,23.589630413177666,0,0,20.6767217739585
827,0.910250502559522,27307.51507678566,21.67092509370868,15.0,23.894108743434312,0,0,20.6767217739585
828,0.909804719773724,27294.14159321172,21.812111764541157,15.0,24.197953063968967,0,0,20.6767217739585
829,0.9093298694233236,27279.89608269971,21.952961994815702,15.0,24.501073339152008,0,0,20.6767217739585
830,0.9088260188155973,27264.78056446792,22.093434047569282,15.0,24.803379747904035,0,0,20.6767217739585
831,0.9082932438512237,27248.79731553671,22.233486297901056,15.0,25.104782710311852,0,0,20.6767217739585
832,0.9077316290017922,27231.948870053766,22.373077245306643,15.0,25.405192914172837,0,0,20.6767217739585
833,0.907141267284773,27214.23801854319,22.512165525975714,15.0,25.704521341460232,0,0,20.6767217739585
834,0.9065222602359534,27195.6678070786,22.650709925048947,15.0,26.002679294700982,0,0,20.6767217739585
835,0.9058747178793505,27176.241536380516,22.78866938883087,15.0,26.299578423258815,0,0,20.6767217739585
836,0.9051987586946094,27155.962760838283,22.926003036954928,15.0,26.595130749514254,0,0,20.6767217739585
837,0.9044945095818943,27134.835287456826,23.0626701744973,15.0,26.889248694934537,0,0,20.6767217739585
838,0.9037621058242855,27112.863174728565,23.198630304035618,15.0,27.181845106024863,0,0,20.6767217739585
839,0.9030016910476927,27090.05073143078,23.333843137649218,15.0,27.47283328015383,0,0,20.6767217739585
840,0.9022134171782946,27066.40251534884,23.46826860885738,15.0,27.76212699124542,0,0,20.6767217739585
841,0.9013974443975208,27041.923331925624,23.601866884491848,15.0,28.049640515329585,0,0,20.6767217739585
842,0.9005539410945855,27016.618232837565,23.734598376500273,15.0,28.335288655944105,0,0,20.6767217739585
843,0.8996830838165913,26990.49251449774,23.866423753676976,15.0,28.618986769380072,0,0,20.6767217739585
844,0.8987850572162137,26963.55171648641,23.997303953317676,15.0,28.900650789763795,0,0,20.6767217739585
845,0.8978600539969849,26935.801619909547,24.127200192794604,15.0,29.180197253967226,0,0,20.6767217739585
846,0.8969082748561915,26907.248245685747,24.25607398104862,15.0,29.45754332633995,0,0,20.6767217739585
847,0.8959299284254035,26877.897852762108,24.383887129994907,15.0,29.73260682325504,0,0,20.6767217739585
848,0.8949252312086523,26847.756936259568,24.510601765839027,15.0,30.00530623746203,0,0,20.6767217739585
849,0.8938944075182755,26816.832225548267,24.63618034029966,15.0,30.275560762239188,0,0,20.6767217739585
850,0.8928376894084494,26785.130682253483,24.760585641734952,15.0,30.5432903153382,0,0,20.6767217739585
851,0.891755316606425,26752.659498192752,24.883780806169227,15.0,30.80841556271443,0,0,20.6767217739585
852,0.8906475364414927,26719.426093244783,25.005729328216482,15.0,31.070857942035204,0,0,20.6767217739585
853,0.8895146037716927,26685.43811315078,25.126395071897797,15.0,31.33053968595959,0,0,20.6767217739585
854,0.8883567809082951,26650.703427248853,25.2457422813491,15.0,31.587383845182416,0,0,20.6767217739585
855,0.8871743375380717,26615.230126142153,25.36373559141652,15.0,31.841314311236193,0,0,20.6767217739585
856,0.8859675506433818,26579.026519301457,25.48034003813579,15.0,32.092255839043546,0,0,20.6767217739585
857,0.8847367044200966,26542.101132602897,25.595521069092833,15.0,32.34013406921407,0,0,20.6767217739585
858,0.883482090193385,26504.46270580155,25.70924455366231,15.0,32.58487555007841,0,0,20.6767217739585
859,0.8822040063313887,26466.120189941663,25.821476793121438,15.0,32.826407759453915,0,0,20.6767217739585
860,0.8809027581568091,26427.082744704272,25.932184530635503,15.0,33.06465912613429,0,0,20.6767217739585
861,0.8795786578564326,26387.35973569298,26.04133496111256,15.0,33.29955905109759,0,0,20.6767217739585
862,0.8782320243886244,26346.96073165873,26.148895740924434,15.0,33.53103792842656,0,0,20.6767217739585
863,0.8768631833888131,26305.895501664392,26.2548349974907,15.0,33.759027165934086,0,0,20.6767217739585
864,0.8754724670729984,26264.174012189953,26.35912133872332,15.0,33.983459205488785,0,0,20.6767217739585
865,0.8740602141393085,26221.806424179253,26.461723862328654,15.0,34.20426754303357,0,0,20.6767217739585
866,0.8726267696676357,26178.803090029072,26.56261216496463,15.0,34.42138674829266,0,0,20.6767217739585
867,0.8711724850173829,26135.174550521486,26.661756351249835,15.0,34.634752484159705,0,0,20.6767217739585
868,0.8696977177233474,26090.931531700422,26.759127042622172,15.0,34.844301525762376,0,0,20.6767217739585
869,0.8682028313897759,26046.08494169328,26.85469538604434,15.0,35.049971779197165,0,0,20.6767217739585
870,0.8666881955826211,26000.645867478634,26.948433062553658,15.0,35.251702299929285,0,0,20.6767217739585
871,0.8651541857200304,25954.625571600915,27.040312295653557,15.0,35.44943331085176,0,0,20.6767217739585
872,0.8636011829611024,25908.035488833073,27.130305859544336,15.0,35.64310621999862,0,0,20.6767217739585
873,0.8620295740929405,25860.887222788213,27.218387087190802,15.0,35.8326636379071,0,0,20.6767217739585
874,0.8604397514160397,25813.19254248119,27.30452987822426,15.0,36.018049394623304,0,0,20.6767217739585
875,0.8588321126280399,25764.9633788412,27.38870870667662,15.0,36.19920855634657,0,0,20.6767217739585
876,0.8572070607058794,25716.21182117638,27.470898628544266,15.0,36.3760874417075,0,0,20.6767217739585
877,0.8555650037863836,25666.950113591505,27.551075289179547,15.0,36.54863363767505,0,0,20.6767217739585
878,0.8539063550453253,25617.19065135976,27.629214930507572,15.0,36.71679601508747,0,0,20.6767217739585
879,0.8522315325749932,25566.945977249794,27.705294398066226,15.0,36.880524743803136,0,0,20.6767217739585
880,0.8505409592602998,25516.228777808996,27.779291147867333,15.0,37.039771307466125,0,0,20.6767217739585
881,0.8488350626534736,25465.05187960421,27.851183253076947,15.0,37.19448851788282,0,0,20.6767217739585
882,0.8471142748473649,25413.428245420946,27.92094941051274,15.0,37.34463052900472,0,0,20.6767217739585
883,0.8453790323474076,25361.370970422227,27.98856894695659,15.0,37.49015285051356,0,0,20.6767217739585
884,0.8436297759422736,25308.89327826821,28.054021825280486,15.0,37.63101236100488,0,0,20.6767217739585
885,0.8418669505732573,25256.00851719772,28.117288650383998,15.0,37.76716732076572,0,0,20.6767217739585
886,0.84009100520243,25202.7301560729,28.178350674941456,15.0,37.898577384143046,0,0,20.6767217739585
887,0.8383023926796024,25149.071780388073,28.237189804957126,15.0,38.025203611498995,0,0,20.6767217739585
888,0.8365015696081359,25095.04708824408,28.293788605126952,15.0,38.14700848074959,0,0,20.6767217739585
889,0.8346889962096412,25040.669886289237,28.348130304004936,15.0,38.26395589848332,0,0,20.6767217739585
890,0.8328651361876042,24985.954085628124,28.40019879897292,15.0,38.37601121065637,0,0,20.6767217739585
891,0.8310304565899808,24930.913697699423,28.449978661012096,15.0,38.483141212861405,0,0,20.6767217739585
892,0.8291854276708011,24875.562830124032,28.49745513927502,15.0,38.58531416016669,0,0,20.6767217739585
893,0.8273305227508223,24819.91568252467,28.542614165456552,15.0,38.682499776522896,0,0,20.6767217739585
894,0.8254662180772737,24763.986542318213,28.585442357962616,15.0,38.774669263734424,0,0,20.6767217739585
895,0.8235929926827348,24707.789780482042,28.62592702587547,15.0,38.86179530999305,0,0,20.6767217739585
896,0.8217113282431865,24651.339847295596,28.66405617271428,15.0,38.94385209797094,0,0,20.6767217739585
897,0.8198217089352817,24594.651268058453,28.699818499989956,15.0,39.0208153124709,0,0,20.6767217739585
898,0.8179246212928721,24537.738638786162,28.73320341055309,15.0,39.09266214763144,0,0,20.6767217739585
899,0.816020554062838,24480.61662188514,28.764201011734194,15.0,39.15937131368473,0,0,20.6767217739585
900,0.8141099980602624,24423.299941807873,28.792802118275034,15.0,39.22092304326516,0,0,20.6767217739585
901,0.8121934460229916,24365.803380689747,28.818998255050506,15.0,39.2772990972669,0,0,20.6767217739585
902,0.8102713924656261,24308.141773968782,28.842781659579913,15.0,39.3284827702484,0,0,20.6767217739585
903,0.8083443335329856,24250.33000598957,28.864145284327194,15.0,39.374458895382745,0,0,20.6767217739585
904,0.8064127668530912,24192.383005592736,28.88308279878929,15.0,39.41521384895183,0,0,20.6767217739585
905,0.8044771913897057,24134.31574169117,28.899588591371952,15.0,39.45073555438332,0,0,20.6767217739585
906,0.8025381072944817,24076.14321883445,28.91365777105261,15.0,39.48101348582929,0,0,20.6767217739585
907,0.800596015758755,24017.880472762652,28.925286168829693,15.0,39.50603867128518,0,0,20.6767217739585
908,0.798651418865031,23959.54256595093,28.934470338957976,15.0,39.525803695248484,0,0,20.6767217739585
909,0.7967048194382065,23901.144583146193,28.941207559969637,15.0,39.54030270091603,0,0,20.6767217739585
910,0.794756720896572,23842.70162689716,28.945495835480692,15.0,39.5495313919195,0,0,20.6767217739585
911,0.7928076271026384,23784.228813079153,28.94733389478256,15.0,39.5534870335986,0,0,20.6767217739585
912,0.7908580422138313,23725.741266414938,28.9467211932186,15.0,39.55216845381132,0,0,20.6767217739585
913,0.7889084705330981,23667.254115992942,28.943657912345508,15.0,39.54557604328133,0,0,20.6767217739585
914,0.7869594163594725,23608.782490784175,28.938144959879516,15.0,39.533711755482116,0,0,20.6767217739585
915,0.7850113838386398,23550.341515159194,28.930183969427425,15.0,39.51657910605822,0,0,20.6767217739585
916,0.7830648768135473,23491.946304406418,28.919777300002508,15.0,39.49418317178342,0,0,20.6767217739585
917,0.7811203986751049,23433.611960253147,28.90692803532552,15.0,39.46653058905639,0,0,20.6767217739585
918,0.7791784522130198,23375.353566390597,28.891639982910885,15.0,39.43362955193417,0,0,20.6767217739585
919,0.7772395394668091,23317.186184004273,28.873917672938482,15.0,39.39548980970413,0,0,20.6767217739585
920,0.7753041615770341,23259.12484731102,28.853766356911244,15.0,39.352122663995004,0,0,20.6767217739585
921,0.7733728186368014,23201.184559104044,28.831192006098995,15.0,39.30354096542804,0,0,20.6767217739585
922,0.771446009543576,23143.38028630728,28.806201309769083,15.0,39.249759109808956,0,0,20.6767217739585
923,0.7695242318513456,23085.726955540365,28.77880167320417,15.0,39.19079303386231,0,0,20.6767217739585
924,0.7676079816231849,23028.239448695545,28.74900121550791,15.0,39.126660210508994,0,0,20.6767217739585
925,0.7656977532842623,22970.932598527867,28.716808767199055,15.0,39.05737964368866,0,0,20.6767217739585
926,0.7637940394753302,22913.821184259905,28.68223386759481,15.0,38.98297186272845,0,0,20.6767217739585
927,0.761897330906745,22856.91992720235,28.645286761984135,15.0,38.90345891625972,0,0,20.6767217739585
928,0.7600081162130595,22800.243486391784,28.60597839859178,15.0,38.818864365684554,0,0,20.6767217739585
929,0.7581268818082295,22743.806454246886,28.564320425334174,15.0,38.72921327819397,0,0,20.6767217739585
930,0.7562541117414789,22687.62335224437,28.52032518636784,15.0,38.63453221933999,0,0,20.6767217739585
931,0.7543902875538658,22631.708626615975,28.474005718431588,15.0,38.5348492451638,0,0,20.6767217739585
932,0.7525358881355909,22576.07664406773,28.425375746983427,15.0,38.43019389388195,0,0,20.6767217739585
933,0.7506913895840928,22520.741687522783,28.374449682133392,15.0,38.320597177133656,0,0,20.6767217739585
934,0.748857265062969,22465.71795188907,28.321242614373602,15.0,38.206091570791415,0,0,20.6767217739585
935,0.7470339846617684,22411.019539853052,28.265770310106525,15.0,38.086711005337605,0,0,20.6767217739585
936,0.745222015256693,22356.66045770079,28.20804920697311,15.0,37.96249085581023,0,0,20.6767217739585
937,0.7434218203722524,22302.65461116757,28.148096408981917,15.0,37.833467931320435,0,0,20.6767217739585
938,0.7416338600439116,22249.01580131735,28.085929681440913,15.0,37.699680464145345,0,0,20.6767217739585
939,0.7398585906817731,22195.75772045319,28.021567445693115,15.0,37.56116809839883,0,0,20.6767217739585
940,0.7380964649353314,22142.893948059944,27.95502877365803,15.0,37.4179718782842,0,0,20.6767217739585
941,0.7363479315593449,22090.437946780345,27.886333382180197,15.0,37.270134235931906,0,0,20.6767217739585
942,0.7346134352808582,22038.403058425745,27.81550162718669,15.0,37.11769897882597,0,0,20.6767217739585
943,0.7328934166674219,21986.80250002266,27.74255449765519,15.0,36.96071127682292,0,0,20.6767217739585
944,0.7311883119965419,21935.649359896255,27.66751360939449,15.0,36.79921764876689,0,0,20.6767217739585
945,0.7294985531264006,21884.956593792016,27.590401198639313,15.0,36.63326594870523,0,0,20.6767217739585
946,0.7278245673678887,21834.73702103666,27.511240115461177,15.0,36.46290535170817,0,0,20.6767217739585
947,0.7261667773579835,21785.003320739506,27.43005381699747,15.0,36.28818633929731,0,0,20.6767217739585
948,0.7245256009345125,21735.768028035374,27.346866360500567,15.0,36.109160684486724,0,0,20.6767217739585
949,0.7229014510123388,21687.043530370163,27.26170239620916,15.0,35.925881436441685,0,0,20.6767217739585
950,0.7212947354610059,21638.842063830176,27.174587160043863,15.0,35.73840290475886,0,0,20.6767217739585
951,0.7197058569838768,21591.175709516305,27.085546466129248,15.0,35.54678064337328,0,0,20.6767217739585
952,0.7181352129988048,21544.056389964142,26.99460669914457,15.0,35.35107143409654,0,0,20.6767217739585
953,0.7165831955203692,21497.495865611076,26.901794806505443,15.0,35.15133326979113,0,0,20.6767217739585
954,0.7150501910437138,21451.505731311416,26.807138290378695,15.0,34.947625337185826,0,0,20.6767217739585
955,0.7135365804300193,21406.09741290058,26.710665199532894,15.0,34.74000799933741,0,0,20.6767217739585
956,0.7120427387936467,21361.2821638094,26.612404121026945,15.0,34.52854277774388,0,0,20.6767217739585
957,0.7105690353909816,21317.071061729446,26.51238417173904,15.0,34.31329233411415,0,0,20.6767217739585
958,0.709115833511017,21273.47500533051,26.410634989738764,15.0,34.094320451800186,0,0,20.6767217739585
959,0.7076834903677022,21230.504711031066,26.30718672550466,15.0,33.87169201689647,0,0,20.6767217739585
960,0.7062723569940924,21188.17070982277,26.202070032990033,15.0,33.64547299901302,0,0,20.6767217739585
961,0.7048827781383304,21146.483344149914,26.09531606053948,15.0,33.41573043172704,0,0,20.6767217739585
962,0.7035150921614904,21105.452764844715,25.98695644165897,15.0,33.182532392719466,0,0,20.6767217739585
963,0.7021696309373138,21065.088928119414,25.877023285642142,15.0,32.94594798360201,0,0,20.6767217739585
964,0.7008467197538679,21025.40159261604,25.765549168055742,15.0,32.706047309441146,0,0,20.6767217739585
965,0.699546677217157,20986.40031651471,25.65256712108657,15.0,32.46290145798399,0,0,20.6767217739585
966,0.6982698151567114,20948.094454701342,25.53811062375348,15.0,32.21658247859384,0,0,20.6767217739585
967,0.6970164385331858,20910.493155995577,25.42221359198686,15.0,31.967163360900386,0,0,20.6767217739585
968,0.6957868453479936,20873.605360439808,25.304910368578465,15.0,31.71471801317108,0,0,20.6767217739585
969,0.6945813265550016,20837.439796650047,25.18623571300498,15.0,31.45932124041061,0,0,20.6767217739585
970,0.6934001659743149,20802.004979229445,25.06622479112805,15.0,31.201048722194646,0,0,20.6767217739585
971,0.6922436402081745,20767.309206245234,24.944913164773926,15.0,30.939976990244404,0,0,20.6767217739585
972,0.6911120185589945,20733.360556769836,24.822336781195588,15.0,30.67618340574841,0,0,20.6767217739585
973,0.6900055629495613,20700.166888486838,24.69853196242092,15.0,30.409746136438905,0,0,20.6767217739585
974,0.6889245278454206,20667.73583536262,24.573535394489596,15.0,30.14074413342886,0,0,20.6767217739585
975,0.6878691601794741,20636.07480538422,24.44738411658241,15.0,29.869257107817447,0,0,20.6767217739585
976,0.6868396992788071,20605.19097836421,24.320115510045547,15.0,29.595365507069467,0,0,20.6767217739585
977,0.6858363767937717,20575.09130381315,24.191767287313795,15.0,29.31915049117726,0,0,20.6767217739585
978,0.6848594166293432,20545.782498880297,24.06237748073555,15.0,29.040693908611303,0,0,20.6767217739585
979,0.6839090348787722,20517.271046363167,23.93198443130295,15.0,28.76007827206655,0,0,20.6767217739585
980,0.6829854397595518,20489.563192786554,23.800626777290663,15.0,28.477386734012313,0,0,20.6767217739585
981,0.6820888315517183,20462.664946551547,23.668343442806478,15.0,28.19270306205226,0,0,20.6767217739585
982,0.6812194025385033,20436.5820761551,23.535173626257343,15.0,27.906111614102432,0,0,20.6767217739585
983,0.680377336949357,20411.320108480708,23.401156788733932,15.0,27.617697313393975,0,0,20.6767217739585
984,0.6795628109053558,20386.88432716067,23.26633264231752,15.0,27.327545623308673,0,0,20.6767217739585
985,0.6787759923670151,20363.279771010453,23.130741138312416,15.0,27.03574252205427,0,0,20.6767217739585
986,0.6780170410845183,20340.51123253555,22.994422455407594,15.0,26.74237447718734,0,0,20.6767217739585
987,0.6772861085503794,20318.58325651138,22.857416987770783,15.0,26.44752841999096,0,0,20.6767217739585
988,0.6765833379545524,20297.500138636573,22.71976533307885,15.0,26.151291719715136,0,0,20.6767217739585
989,0.6759088641420016,20277.265924260046,22.581508280487867,15.0,25.853752157687538,0,0,20.6767217739585
990,0.6752628135727431,20257.884407182293,22.442686798546344,15.0,25.554997901301785,0,0,20.6767217739585
991,0.6746453042843733,20239.3591285312,22.303342023055386,15.0,25.2551174778917,0,0,20.6767217739585
992,0.6740564458570905,20221.693375712715,22.163515244879267,15.0,24.954199748498652,0,0,20.6767217739585
993,0.673496339381225,20204.89018143675,22.0232478977101,15.0,24.65233388154026,0,0,20.6767217739585
994,0.672965077427283,20188.952322818488,21.882581545790043,15.0,24.34960932638768,0,0,20.6767217739585
995,0.6724627440185165,20173.882320555495,21.741557871595017,15.0,24.046115786859914,0,0,20.6767217739585
996,0.6719894146060253,20159.68243818076,21.600218663483197,15.0,23.74194319464264,0,0,20.6767217739585
997,0.6715451560463993,20146.35468139198,21.45860580331233,15.0,23.437181682639576,0,0,20.6767217739585
998,0.6711300265819067,20133.9007974572,21.316761254029128,15.0,23.131921558263972,0,0,20.6767217739585
999,0.6707440758232368,20122.322274697104,21.174727047234768,15.0,22.82625327667868,0,0,20.6767217739585
1000,0.6703873447347982,20111.620342043945,21.032545270730147,15.0,22.52026741399256,0,0,20.6767217739585
1001,0.6700598656225808,20101.795968677423,20.890258056044114,15.0,22.214054640420315,0,0,20.6767217739585
1002,0.6697616621245825,20092.849863737476,20.747907565949212,15.0,21.907705693415384,0,0,20.6767217739585
1003,0.6694927492038053,20084.78247611416,20.605535981967797,15.0,21.601311350782268,0,0,20.6767217739585
1004,0.6692531331438205,20077.593994314615,20.463185491872895,15.0,21.29496240377734,0,0,20.6767217739585
1005,0.6690428115469074,20071.28434640722,20.32089827718688,15.0,20.98874963020512,0,0,20.6767217739585
1006,0.6688617733347638,20065.853200042915,20.178716500682242,15.0,20.68276376751897,0,0,20.6767217739585
1007,0.6687099987517887,20061.29996255366,20.036682293887882,15.0,20.377095485933687,0,0,20.6767217739585
1008,0.668587459370936,20057.62378112808,19.89483774460468,15.0,20.071835361558083,0,0,20.6767217739585
1009,0.6684941181021383,20054.82354306415,19.753224884433816,15.0,19.76707384955501,0,0,20.6767217739585
1010,0.6684299292032976,20052.897876098927,19.611885676321997,15.0,19.462901257337737,0,0,20.6767217739585
1011,0.6683948382938393,20051.845148815177,19.470862002126964,15.0,19.159407717809977,0,0,20.6767217739585
1012,0.6683887823708266,20051.663471124797,19.330195650206914,15.0,18.85668316265739,0,0,20.6767217739585
1013,0.6684116898276297,20052.35069482889,19.189928303037746,15.0,18.554817295699003,0,0,20.6767217739585
1014,0.6684634804751443,20053.904414254328,19.050101524861628,15.0,18.253899566305957,0,0,20.6767217739585
1015,0.6685440655655533,20056.3219669666,18.91075674937067,15.0,17.95401914289587,0,0,20.6767217739585
1016,0.6686533478186247,20059.600434558743,18.771935267429143,15.0,17.65526488651012,0,0,20.6767217739585
1017,0.6687912214505379,20063.73664351614,18.633678214838163,15.0,17.35772532448252,0,0,20.6767217739585
1018,0.6689575722052298,20068.727166156892,18.496026560146227,15.0,17.061488624206696,0,0,20.6767217739585
1019,0.6691522773882507,20074.56832164752,18.359021092509415,15.0,16.76664256701031,0,0,20.6767217739585
1020,0.6693752059031226,20081.256177093677,18.222702409604594,15.0,16.473274522143377,0,0,20.6767217739585
1021,0.6696262182901848,20088.786548705542,18.087110905599477,15.0,16.181471420888947,0,0,20.6767217739585
1022,0.669905166767919,20097.15500303757,17.952286759183064,15.0,15.891319730803648,0,0,20.6767217739585
1023,0.6702118952767407,20106.35685830222,17.81826992165965,15.0,15.602905430095191,0,0,20.6767217739585
1024,0.6705462395252425,20116.387185757274,17.685100105110546,15.0,15.31631398214542,0,0,20.6767217739585
1025,0.6709080270388771,20127.240811166314,17.55281677062635,15.0,15.031630310185339,0,0,20.6767217739585
1026,0.6712970772110659,20138.91231633198,17.42145911661406,15.0,14.748938772131101,0,0,20.6767217739585
1027,0.6717132013567159,20151.396040701475,17.29106606718146,15.0,14.468323135586353,0,0,20.6767217739585
1028,0.6721562027681314,20164.68608304394,17.161676260603215,15.0,14.18986655302039,0,0,20.6767217739585
1029,0.6726258767733029,20178.776303199087,17.03332803787145,15.0,13.913651537128155,0,0,20.6767217739585
1030,0.6731220107965561,20193.66032389668,16.906059431334587,15.0,13.639759936380175,0,0,20.6767217739585
1031,0.6736443844215416,20209.331532646247,16.7799081534274,15.0,13.368272910768763,0,0,20.6767217739585
1032,0.67419276945655,20225.7830836965,16.654911585496105,15.0,13.099270907758772,0,0,20.6767217739585
1033,0.67476693000213,20243.007900063898,16.53110676672142,15.0,12.832833638449241,0,0,20.6767217739585
1034,0.6753666225209899,20260.998675629697,16.408530383143084,15.0,12.569040053953245,0,0,20.6767217739585
1035,0.6759915959101634,20279.747877304904,16.28721875678896,15.0,12.307968322003006,0,0,20.6767217739585
1036,0.6766415915754169,20299.247747262507,16.16720783491203,15.0,12.049695803787039,0,0,20.6767217739585
1037,0.6773163435078761,20319.490305236282,16.04853317933855,15.0,11.794299031026572,0,0,20.6767217739585
1038,0.6780155783628504,20340.467350885512,15.93122995593014,15.0,11.541853683297237,0,0,20.6767217739585
1039,0.6787390155408312,20362.170466224936,15.815332924163517,15.0,11.29243456560378,0,0,20.6767217739585
1040,0.679486367270639,20384.591018119172,15.700876426830453,15.0,11.04611558621368,0,0,20.6767217739585
1041,0.6802573386946966,20407.720160840898,15.587894379861279,15.0,10.802969734756532,0,0,20.6767217739585
1042,0.6810516279564016,20431.548838692048,15.476420262274864,15.0,10.563069060595641,0,0,20.6767217739585
1043,0.681868926289573,20456.06778868719,15.366487106258038,15.0,10.326484651478184,0,0,20.6767217739585
1044,0.6827089181099455,20481.267543298363,15.258127487377529,15.0,10.0932866124706,0,0,20.6767217739585
1045,0.6835712811086836,20507.13843326051,15.151373514926972,15.0,9.86354404518462,0,0,20.6767217739585
1046,0.6844556863478891,20533.67059043667,15.04625682241235,15.0,9.637325027301175,0,0,20.6767217739585
1047,0.6853617983580718,20560.853950742152,14.942808558178257,15.0,9.414696592397481,0,0,20.6767217739585
1048,0.6862892752375571,20588.678257126714,14.841059376177979,15.0,9.19572471008351,0,0,20.6767217739585
1049,0.6872377687537987,20617.13306261396,14.741039426890076,15.0,8.980474266453792,0,0,20.6767217739585
1050,0.688206924446567,20646.20773339701,14.642778348384123,15.0,8.769009044860258,0,0,20.6767217739585
1051,0.6891963817329834,20675.8914519895,14.546305257538316,15.0,8.561391707011818,0,0,20.6767217739585
1052,0.6902057740143693,20706.17322043108,14.451648741411564,15.0,8.357683774406512,0,0,20.6767217739585
1053,0.6912347287848768,20737.041863546303,14.35883684877244,15.0,8.157945610101107,0,0,20.6767217739585
1054,0.6922828677418701,20768.486032256103,14.267897081787748,15.0,7.962236400824345,0,0,20.6767217739585
1055,0.6933498068980252,20800.494206940755,14.178856387873136,15.0,7.770614139438772,0,0,20.6767217739585
1056,0.6944351566951129,20833.054700853387,14.091741151707856,15.0,7.583135607755974,0,0,20.6767217739585
1057,0.6955385221194343,20866.15566358303,14.006577187416454,15.0,7.399856359710934,0,0,20.6767217739585
1058,0.696659502818871,20899.78508456613,13.923389730919535,15.0,7.220830704900338,0,0,20.6767217739585
1059,0.6977976932215184,20933.930796645553,13.842203432455827,15.0,7.0461116924894736,0,0,20.6767217739585
1060,0.6989526826558655,20968.580479675966,13.763042349277693,15.0,6.87575109549242,0,0,20.6767217739585
1061,0.7001240554724858,21003.721664174573,13.685929938522502,15.0,6.709799395430725,0,0,20.6767217739585
1062,0.7013113911672028,21039.34173501608,13.610889050261807,15.0,6.5483057673747105,0,0,20.6767217739585
1063,0.7025142645056947,21075.42793517084,13.537941920730304,15.0,6.391318065371651,0,0,20.6767217739585
1064,0.7037322456495008,21111.967369485024,13.467110165736802,15.0,6.238882808265729,0,0,20.6767217739585
1065,0.7049649002833915,21148.947008501746,13.398414774258978,15.0,6.091045165913441,0,0,20.6767217739585
1066,0.7062117897440655,21186.353692321965,13.33187610222389,15.0,5.947848945798816,0,0,20.6767217739585
1067,0.7074724711501349,21224.174134504046,13.267513866476094,15.0,5.8093365800523,0,0,20.6767217739585
1068,0.7087464975333606,21262.39492600082,13.205347138935087,15.0,5.675549112877208,0,0,20.6767217739585
1069,0.7100334179710992,21301.002539132976,13.145394340943895,15.0,5.546526188387408,0,0,20.6767217739585
1070,0.7113327777199203,21339.98333159761,13.087673237810474,15.0,5.422306038860019,0,0,20.6767217739585
1071,0.7126441183503576,21379.323550510726,13.032200933543397,15.0,5.302925473406212,0,0,20.6767217739585
1072,0.7139669778827504,21419.00933648251,12.978993865783604,15.0,5.188419867063974,0,0,20.6767217739585
1073,0.7153008909241393,21459.02672772418,12.928067800933583,15.0,5.078823150315699,0,0,20.6767217739585
1074,0.7166453888061713,21499.36166418514,12.879437829485413,15.0,4.974167799033845,0,0,20.6767217739585
1075,0.717999999723977,21539.99999171931,12.833118361549165,15.0,4.874484824857651,0,0,20.6767217739585
1076,0.7193642488759757,21580.92746627927,12.789123122582826,15.0,4.779803766003678,0,0,20.6767217739585
1077,0.7207376586045704,21622.12975813711,12.74746514932522,15.0,4.690152678513085,0,0,20.6767217739585
1078,0.7221197485376873,21663.59245613062,12.708156785932871,15.0,4.605558127937911,0,0,20.6767217739585
1079,0.7235100357311209,21705.301071933627,12.671209680322187,15.0,4.526045181469188,0,0,20.6767217739585
1080,0.7249080348116402,21747.241044349208,12.63663478071795,15.0,4.451637400508981,0,0,24.6767217739585
1081,0.7262319786835165,21786.959360505494,15.04282545139731,15.0,4.382356833688648,0,0,24.6767217739585
1082,0.7275628491524455,21826.885474573366,15.007259968080053,15.0,4.31822401033533,0,0,24.6767217739585
1083,0.7289001389421103,21867.00416826331,14.974559754979946,15.0,4.259257934388673,0,0,24.6767217739585
1084,0.73024333887401,21907.300166220302,14.944734501875876,15.0,4.205476078769598,0,0,24.6767217739585
1085,0.7315919380183419,21947.758140550257,14.917793046634017,15.0,4.156894380202623,0,0,24.6767217739585
1086,0.7329454238453993,21988.36271536198,14.89374337258899,15.0,4.113527234493507,0,0,24.6767217739585
1087,0.7343032823774462,22029.09847132339,14.87259260617825,15.0,4.075387492263463,0,0,24.6767217739585
1088,0.7356649983410201,22069.949950230603,14.854347014830369,15.0,4.042486455141249,0,0,24.6767217739585
1089,0.7370300553196176,22110.90165958853,14.839012005107824,15.0,4.014833872414213,0,0,24.6767217739585
1090,0.7383979359067211,22151.938077201634,14.826592121104955,15.0,3.992437938139414,0,0,24.6767217739585
1091,0.7397681218591166,22193.043655773497,14.81709104310143,15.0,3.975305288715515,0,0,24.6767217739585
1092,0.7411400942504605,22234.202827513815,14.810511586471723,15.0,3.9634410009163066,0,0,24.6767217739585
1093,0.742513333625049,22275.40000875147,14.806855700850818,15.0,3.9568485903863064,0,0,24.6767217739585
1094,0.7438873201517434,22316.619604552303,14.806124469556536,15.0,3.9555300105990323,0,0,24.6767217739585
1095,0.7452615337780084,22357.84601334025,14.808318109268484,15.0,3.959485652278133,0,0,24.6767217739585
1096,0.7466354543840137,22399.06363152041,14.813435969963871,15.0,3.9687143432816083,0,0,24.6767217739585
1097,0.7480085619367574,22440.25685810272,14.821476535110122,15.0,3.98321334894914,0,0,24.6767217739585
1098,0.7493803366441625,22481.410099324876,14.832437422114259,15.0,4.002978372912445,0,0,24.6767217739585
1099,0.7507502591091034,22522.507773273104,14.846315383028905,15.0,4.028003558368345,0,0,24.6767217739585
1100,0.7521178104833136,22563.534314499408,14.863106305514727,15.0,4.058281489814311,0,0,24.6767217739585
1101,0.7534824726211318,22604.474178633955,14.882805214059019,15.0,4.093803195245803,0,0,24.6767217739585
1102,0.7548437282330401,22645.311846991204,14.905406271450042,15.0,4.1345581488148815,0,0,24.6767217739585
1103,0.7562010610389477,22686.03183116843,14.930902780506715,15.0,4.180534273949235,0,0,24.6767217739585
1104,0.7575539559211758,22726.618677635273,14.959287186063147,15.0,4.23171794693074,0,0,24.6767217739585
1105,0.7589018990770982,22767.056972312945,14.990551077207385,15.0,4.28809400093246,0,0,24.6767217739585
1106,0.7602443781713918,22807.331345141753,15.024685189773757,15.0,4.349645730512899,0,0,24.6767217739585
1107,0.7615808824878533,22847.4264746356,15.061679409088036,15.0,4.4163548965661885,0,0,24.6767217739585
1108,0.7629109030807348,22887.327092422045,15.101522772964628,15.0,4.488201731726725,0,0,24.6767217739585
1109,0.7642339329255556,22927.01798776667,15.14420347495495,15.0,4.565164946226684,0,0,24.6767217739585
1110,0.7655494670693449,22966.484012080346,15.189708867845848,15.0,4.64722173420458,0,0,24.6767217739585
1111,0.7668570027802692,23005.710083408077,15.238025467407336,15.0,4.734347780463208,0,0,24.6767217739585
1112,0.7681560396966041,23044.68119089812,15.289138956388204,15.0,4.826517267674742,0,0,24.6767217739585
1113,0.7694460799750005,23083.382399250015,15.343034188758551,15.0,4.9237028840309325,0,0,24.6767217739585
1114,0.770726628438008,23121.79885314024,15.399695194197863,15.0,5.025875831336217,0,0,24.6767217739585
1115,0.7719971927208058,23159.915781624175,15.459105182827393,15.0,5.133005833541238,0,0,24.6767217739585
1116,0.7732572834171012,23197.718502513035,15.521246550185346,15.0,5.245061145714306,0,0,24.6767217739585
1117,0.774506414224151,23235.19242672453,15.58610088244343,15.0,5.362008563448033,0,0,24.6767217739585
1118,0.7757441020868638,23272.323062605916,15.653648961863336,15.0,5.483813432698631,0,0,24.6767217739585
1119,0.7769698673409399,23309.096020228197,15.723870772491324,15.0,5.610439660054578,0,0,24.6767217739585
1120,0.7781832338550053,23345.49701565016,15.796745506089398,15.0,5.741849723431887,0,0,24.6767217739585
1121,0.7793837291717006,23381.51187515102,15.872251568301227,15.0,5.878004683192724,0,0,24.6767217739585
1122,0.7805708846476801,23417.126539430403,15.95036658505102,15.0,6.018864193684044,0,0,24.6767217739585
1123,0.7817442355924803,23452.327067774408,16.031067409173456,15.0,6.164386515192892,0,0,24.6767217739585
1124,0.7829033214062185,23487.099642186557,16.114330127272694,15.0,6.314528526314806,0,0,24.6767217739585
1125,0.7840476857160785,23521.430571482357,16.200130066808377,15.0,6.4692457367315,0,0,24.6767217739585
1126,0.785176876511543,23555.30629534629,16.28844180340672,15.0,6.628492300394486,0,0,24.6767217739585
1127,0.7862904462783346,23588.713388350036,16.379239168394268,15.0,6.792221029110165,0,0,24.6767217739585
1128,0.7873879521310235,23621.638563930705,16.472495256552165,15.0,6.96038340652259,0,0,24.6767217739585
1129,0.7884689559442651,23654.068678327953,16.568182434088857,15.0,7.132929602490098,0,0,24.6767217739585
1130,0.7895330244826246,23685.99073447874,16.66627234682859,15.0,7.309808487851037,0,0,24.6767217739585
1131,0.7905797295289549,23717.39188586865,16.76673592861325,15.0,7.490967649574319,0,0,24.6767217739585
1132,0.7916086480112864,23748.259440338592,16.869543409915348,15.0,7.676353406290518,0,0,24.6767217739585
1133,0.7926193621281918,23778.580863845757,16.97466432665942,15.0,7.865910824199,0,0,24.6767217739585
1134,0.7936114594725909,23808.343784177727,17.082067529249137,15.0,8.059583733345859,0,0,24.6767217739585
1135,0.7945845331539543,23837.53599461863,17.191721191797647,15.0,8.25731474426835,0,0,24.6767217739585
1136,0.7955381819188749,23866.145457566246,17.303592821558176,15.0,8.459045265000467,0,0,24.6767217739585
1137,0.7964720102699675,23894.160308099024,17.417649268552452,15.0,8.664715518435264,0,0,24.6767217739585
1138,0.7973856285830629,23921.56885749189,17.533856735393698,15.0,8.874264560037918,0,0,24.6767217739585
1139,0.7982786532226632,23948.359596679897,17.65218078730152,15.0,9.087630295904955,0,0,24.6767217739585
1140,0.7991507066556197,23974.52119966859,17.772586362305706,15.0,9.30474950116404,0,0,24.6767217739585
1141,0.8000014175630048,24000.042526890145,17.8950377816358,15.0,9.525557838708833,0,0,24.6767217739585
1142,0.8008304209501422,24024.912628504266,18.01949876029358,15.0,9.749989878263527,0,0,24.6767217739585
1143,0.8016373582547621,24049.120747642864,18.145932417804925,15.0,9.977979115771081,0,0,24.6767217739585
1144,0.8024218774532513,24072.65632359754,18.27430128914847,15.0,10.209457993100045,0,0,24.6767217739585
1145,0.8031836331649652,24095.508994948956,18.40456733585722,15.0,10.444357918063353,0,0,24.6767217739585
1146,0.8039222867545717,24117.66860263715,18.536691957290156,15.0,10.682609284743675,0,0,24.6767217739585
1147,0.8046375064323958,24139.125192971875,18.670636002070466,15.0,10.92414149411918,0,0,24.6767217739585
1148,0.8053289673527366,24159.8690205821,18.806359779686936,15.0,11.168882974983541,0,0,24.6767217739585
1149,0.8059963517101258,24179.890551303775,18.94382307225512,15.0,11.41676120515407,0,0,24.6767217739585
1150,0.8066393488335,24199.180465005,19.082985146434684,15.0,11.667702732961423,0,0,24.6767217739585
1151,0.80725765527826,24217.7296583478,19.223804765499704,15.0,11.921633199015194,0,0,24.6767217739585
1152,0.8078509749161871,24235.52924748561,19.366240201557922,15.0,12.178477358238023,0,0,24.6767217739585
1153,0.8084190190231928,24252.570570695785,19.510249247915613,15.0,12.438159102162386,0,0,24.6767217739585
1154,0.8089615063648745,24268.845190946235,19.655789231584386,15.0,12.700601481483162,0,0,24.6767217739585
1155,0.80947816327985,24284.3448983955,19.80281702592606,15.0,12.965726728859387,0,0,24.6767217739585
1156,0.8099687237608502,24299.061712825503,19.951289063432057,15.0,13.233456281958397,0,0,24.6767217739585
1157,0.8104329295335426,24312.987886006278,20.101161348633404,15.0,13.503710806735585,0,0,24.6767217739585
1158,0.8108705301330639,24326.115903991915,20.252389471137427,15.0,13.776410220942575,0,0,24.6767217739585
1159,0.8112812829782373,24338.438489347118,20.404928618787682,15.0,14.051473717857665,0,0,24.6767217739585
1160,0.8116649534434552,24349.948603303656,20.558733590942698,15.0,14.328819790230416,0,0,24.6767217739585
1161,0.8120213149282038,24360.639447846115,20.71375881186974,15.0,14.60836625443379,0,0,24.6767217739585
1162,0.8123501489242095,24370.504467726285,20.86995834425023,15.0,14.890030274817512,0,0,24.6767217739585
1163,0.8126512450801877,24379.53735240563,21.02728590279162,15.0,15.173728388253476,0,0,24.6767217739585
1164,0.8129244012641743,24387.73203792523,21.18569486794295,15.0,15.459376528868027,0,0,24.6767217739585
1165,0.8131694236234224,24395.08270870267,21.345138299709028,15.0,15.746890052952189,0,0,24.6767217739585
1166,0.8133861266418437,24401.583799255313,21.50556895155999,15.0,16.036183764043784,0,0,24.6767217739585
1167,0.8135743331949825,24407.229995849477,21.666939284431308,15.0,16.327171938172746,0,0,24.6767217739585
1168,0.8137338746025005,24412.016238075015,21.82920148081073,15.0,16.619768349263104,0,0,24.6767217739585
1169,0.8138645906781606,24415.93772034482,21.992307458907508,15.0,16.91388629468338,0,0,24.6767217739585
1170,0.813966329777294,24418.98989331882,22.156208886900238,15.0,17.209438620938826,0,0,24.6767217739585
1171,0.8140389488417349,24421.168465252045,22.320857197258526,15.0,17.506337749496623,0,0,24.6767217739585
1172,0.8140823134422125,24422.469403266376,22.486203601134612,15.0,17.80449570273738,0,0,24.6767217739585
1173,0.8140962978181852,24422.888934545554,22.652199102820553,15.0,18.10382413002477,0,0,24.6767217739585
1174,0.8140807849151056,24422.423547453167,22.81879451426674,15.0,18.404234333885753,0,0,24.6767217739585
1175,0.814035666419107,24421.069992573208,22.985940469657358,15.0,18.70563729629361,0,0,24.6767217739585
1176,0.8139608427890987,24418.825283672963,23.153587440038457,15.0,19.007943705045633,0,0,24.6767217739585
1177,0.8138562232862627,24415.68669858788,23.321685747994625,15.0,19.311063980228678,0,0,24.6767217739585
1178,0.8137217260009404,24411.651780028213,23.49018558236936,15.0,19.61490830076333,0,0,24.6767217739585
1179,0.8135572778769055,24406.718336307164,23.659037013025213,15.0,19.91938663101992,0,0,24.6767217739585
1180,0.8133628147330114,24400.884441990343,23.82819000563916,15.0,20.224408747498007,0,0,24.6767217739585
1181,0.8131382812822098,24394.148438466294,23.997594436528882,15.0,20.52988426556157,0,0,24.6767217739585
1182,0.8128836311479332,24386.508934437996,24.167200107505487,15.0,20.83572266622196,0,0,24.6767217739585
1183,0.8125988268778375,24377.964806335123,24.3369567607482,15.0,21.141833322960405,0,0,24.6767217739585
1184,0.8122838399548997,24368.51519864699,24.506814093697063,15.0,21.44812552858297,0,0,24.6767217739585
1185,0.8119386508058682,24358.159524176048,24.676721773958494,15.0,21.754508522098803,0,0,24.6767217739585
1186,0.8115632488070631,24346.897464211892,24.846629454219926,15.0,22.060891515614635,0,0,24.6767217739585
1187,0.8111576322875235,24334.728968625703,25.016486787168787,15.0,22.367183721237197,0,0,24.6767217739585
1188,0.8107218085295034,24321.6542558851,25.186243440411502,15.0,22.67329437797565,0,0,24.6767217739585
1189,0.8102557937663132,24307.673812989397,25.355849111388107,15.0,22.97913277863604,0,0,24.6767217739585
1190,0.8097596131775101,24292.788395325304,25.525253542277824,15.0,23.2846082966996,0,0,24.6767217739585
1191,0.8092333008814363,24276.99902644309,25.694406534891776,15.0,23.589630413177687,0,0,24.6767217739585
1192,0.808676899925109,24260.306997753272,25.86325796554763,15.0,23.894108743434277,0,0,24.6767217739585
1193,0.808090462271465,24242.71386814395,26.031757799922364,15.0,24.197953063968924,0,0,24.6767217739585
1194,0.8074740487839627,24224.22146351888,26.199856107878528,15.0,24.50107333915197,0,0,24.6767217739585
1195,0.8068277292085467,24204.8318762564,26.36750307825963,15.0,24.803379747904,0,0,24.6767217739585
1196,0.8061515821529814,24184.547464589443,26.53464903365021,15.0,25.10478271031179,0,0,24.6767217739585
1197,0.8054456950635569,24163.370851906708,26.701244445096428,15.0,25.405192914172833,0,0,24.6767217739585
1198,0.8047101641991775,24141.304925975324,26.86723994678238,15.0,25.70452134146023,0,0,24.6767217739585
1199,0.8039450946028376,24118.352838085128,27.032586350658462,15.0,26.002679294700982,0,0,24.6767217739585
1200,0.8031506000704953,24094.51800211486,27.197234661016786,15.0,26.299578423258843,0,0,24.6767217739585
1201,0.8023268031173524,24069.80409352057,27.361136089009513,15.0,26.59513074951429,0,0,24.6767217739585
1202,0.8014738349415502,24044.215048246508,27.524242067106286,15.0,26.889248694934565,0,0,24.6767217739585
1203,0.8005918353852932,24017.755061558797,27.686504263485645,15.0,27.181845106024795,0,0,24.6767217739585
1204,0.7996809528934101,23990.428586802303,27.847874596357,15.0,27.472833280153825,0,0,24.6767217739585
1205,0.7987413444693671,23962.240334081012,28.00830524820796,15.0,27.76212699124542,0,0,24.6767217739585
1206,0.7977731756287437,23933.195268862313,28.167748679974036,15.0,28.04964051532958,0,0,24.6767217739585
1207,0.7967766203501877,23903.29861050563,28.326157645125335,15.0,28.335288655944076,0,0,24.6767217739585
1208,0.7957518610238604,23872.555830715813,28.48348520366676,15.0,28.618986769380093,0,0,24.6767217739585
1209,0.7946990883973919,23840.97265192176,28.639684736047247,15.0,28.900650789763823,0,0,24.6767217739585
1210,0.7936185015193572,23808.555045580717,28.794709956974323,15.0,29.18019725396725,0,0,24.6767217739585
1211,0.7925103076802945,23775.309230408835,28.948514929129303,15.0,29.457543326339945,0,0,24.6767217739585
1212,0.7913747223512803,23741.24167053841,29.101054076779562,15.0,29.732606823255033,0,0,24.6767217739585
1213,0.7902119691200807,23706.359073602423,29.252282199283584,15.0,30.005306237462023,0,0,24.6767217739585
1214,0.7890222796248979,23670.668388746937,29.402154484484903,15.0,30.275560762239156,0,0,24.6767217739585
1215,0.7878058934857298,23634.176804571896,29.55062652199093,15.0,30.543290315338226,0,0,24.6767217739585
1216,0.7865630582333667,23596.891747001002,29.697654316332603,15.0,30.80841556271445,0,0,24.6767217739585
1217,0.7852940292360416,23558.82087708125,29.84319430000138,15.0,31.070857942035225,0,0,24.6767217739585
1218,0.7839990696237594,23519.972088712784,29.987203346359074,15.0,31.330539685959586,0,0,24.6767217739585
1219,0.7826784502103262,23480.353506309788,30.12963878241728,15.0,31.587383845182416,0,0,24.6767217739585
1220,0.7813324494131006,23439.97348239302,30.27045840148231,15.0,31.84131431123619,0,0,24.6767217739585
1221,0.7799613531704933,23398.840595114798,30.409620475661868,15.0,32.09225583904354,0,0,24.6767217739585
1222,0.7785654548572367,23356.9636457171,30.547083768230053,15.0,32.34013406921407,0,0,24.6767217739585
1223,0.7771450551974523,23314.35165592357,30.682807545846526,15.0,32.584875550078436,0,0,24.6767217739585
1224,0.7757004621755391,23271.013865266174,30.816751590626836,15.0,32.82640775945394,0,0,24.6767217739585
1225,0.7742319909449119,23226.959728347356,30.948876212059773,15.0,33.06465912613426,0,0,24.6767217739585
1226,0.7727399637346135,23182.198912038406,31.079142258768517,15.0,33.29955905109757,0,0,24.6767217739585
1227,0.7712247097538323,23136.74129261497,31.20751113011207,15.0,33.531037928426535,0,0,24.6767217739585
1228,0.76968656509435,23090.5969528305,31.33394478762341,15.0,33.75902716593408,0,0,24.6767217739585
1229,0.7681258726309501,23043.776178928503,31.45840576628116,15.0,33.98345920548874,0,0,24.6767217739585
1230,0.7665429819198174,22996.28945759452,31.58085718561129,15.0,34.20426754303357,0,0,24.6767217739585
1231,0.7649382490949563,22948.14747284869,31.70126276061547,15.0,34.42138674829266,0,0,24.6767217739585
1232,0.763312036762661,22899.36110287983,31.819586812523298,15.0,34.634752484159705,0,0,24.6767217739585
1233,0.7616647138940675,22849.941416822025,31.93579427936456,15.0,34.84430152576239,0,0,24.6767217739585
1234,0.759996655715819,22799.89967147457,32.04985072635884,15.0,35.04997177919719,0,0,24.6767217739585
1235,0.7583082435988786,22749.247307966358,32.16172235611935,15.0,35.25170229992926,0,0,24.6767217739585
1236,0.7565998649455208,22697.995948365624,32.27137601866783,15.0,35.44943331085172,0,0,24.6767217739585
1237,0.7548719130745356,22646.15739223607,32.378779221257574,15.0,35.64310621999862,0,0,24.6767217739585
1238,0.7531247871046799,22593.743613140396,32.483900138001644,15.0,35.832663637907096,0,0,24.6767217739585
1239,0.7513588918364098,22540.766755092292,32.58670761930374,15.0,36.018049394623304,0,0,24.6767217739585
1240,0.7495746376319298,22487.23912895789,32.68717120108839,15.0,36.19920855634654,0,0,24.6767217739585
1241,0.747772440293593,22433.17320880779,32.785261113828135,15.0,36.37608744170752,0,0,24.6767217739585
1242,0.745952720940691,22378.58162822073,32.880948291364845,15.0,36.54863363767505,0,0,24.6767217739585
1243,0.7441159058846657,22323.47717653997,32.974204379522746,15.0,36.71679601508748,0,0,24.6767217739585
1244,0.7422624265027853,22267.87279508356,33.06500174451027,15.0,36.880524743803136,0,0,24.6767217739585
1245,0.7403927191103173,22211.78157330952,33.15331348110862,15.0,37.039771307466125,0,0,24.6767217739585
1246,0.7385072248312389,22155.216744937166,33.2391134206443,15.0,37.19448851788282,0,0,24.6767217739585
1247,0.7366063894675224,22098.191684025674,33.32237613874352,15.0,37.3446305290047,0,0,24.6767217739585
1248,0.7346906633670348,22040.719901011045,33.40307696286598,15.0,37.49015285051358,0,0,24.6767217739585
1249,0.7327605012900897,21982.81503870269,33.48119197961577,15.0,37.6310123610049,0,0,24.6767217739585
1250,0.7308163622746919,21924.49086824076,33.556698041827595,15.0,37.767167320765736,0,0,24.6767217739585
1251,0.7288587095005151,21865.761285015455,33.629572775425665,15.0,37.89857738414304,0,0,24.6767217739585
1252,0.726888010151651,21806.64030454953,33.69979458605366,15.0,38.025203611498995,0,0,24.6767217739585
1253,0.724904735278173,21747.14205834519,33.76734266547357,15.0,38.14700848074959,0,0,24.6767217739585
1254,0.7229093596565541,21687.280789696622,33.83219699773165,15.0,38.26395589848332,0,0,24.6767217739585
1255,0.7209023616489798,21627.070849469394,33.8943383650896,15.0,38.37601121065639,0,0,24.6767217739585
1256,0.7188842230615996,21566.526691847987,33.953748353719135,15.0,38.483141212861405,0,0,24.6767217739585
1257,0.7168554290017571,21505.662870052714,34.010409359158444,15.0,38.58531416016669,0,0,24.6767217739585
1258,0.7148164677342426,21444.494032027276,34.064304591528796,15.0,38.68249977652289,0,0,24.6767217739585
1259,0.7127678305366091,21383.034916098273,34.115418080509656,15.0,38.77466926373441,0,0,24.6767217739585
1260,0.7107100115535969,21321.300346607906,34.16373468007115,15.0,38.86179530999305,0,0,24.6767217739585
1261,0.708643507650707,21259.30522952121,34.20924007296205,15.0,38.94385209797094,0,0,24.6767217739585
1262,0.7065688182669702,21197.064548009104,34.25192077495235,15.0,39.02081531247089,0,0,24.6767217739585
1263,0.7044864452669514,21134.59335800854,34.29176413882897,15.0,39.09266214763144,0,0,24.6767217739585
1264,0.702396892792037,21071.90678376111,34.32875835814323,15.0,39.15937131368472,0,0,24.6767217739585
1265,0.700300667111047,21009.02001333141,34.36289247070961,15.0,39.22092304326516,0,0,24.6767217739585
1266,0.698198276470216,20945.94829410648,34.39415636185386,15.0,39.277299097266905,0,0,24.6767217739585
1267,0.6960902309425896,20882.706928277687,34.42254076741028,15.0,39.3284827702484,0,0,24.6767217739585
1268,0.6939770422768778,20819.311268306334,34.44803727646696,15.0,39.374458895382745,0,0,24.6767217739585
1269,0.6918592237458142,20755.776712374427,34.47063833385798,15.0,39.41521384895182,0,0,24.6767217739585
1270,0.6897372899940611,20692.118699821833,34.490337242402276,15.0,39.45073555438332,0,0,24.6767217739585
1271,0.6876117568857093,20628.35270657128,34.507128164888094,15.0,39.48101348582929,0,0,24.6767217739585
1272,0.685483141351417,20564.49424054251,34.52100612580274,15.0,39.50603867128518,0,0,24.6767217739585
1273,0.6833519612352312,20500.55883705694,34.531967012806874,15.0,39.525803695248484,0,0,24.6767217739585
1274,0.6812187351411405,20436.562054234215,34.54000757795313,15.0,39.54030270091603,0,0,24.6767217739585
1275,0.6790839822794005,20372.519468382015,34.54512543864852,15.0,39.5495313919195,0,0,24.6767217739585
1276,0.676948222312681,20308.44666938043,34.54731907836047,15.0,39.5534870335986,0,0,24.6767217739585
1277,0.674811975202079,20244.35925606237,34.546587847066185,15.0,39.55216845381132,0,0,24.6767217739585
1278,0.6726757610530425,20180.272831591275,34.54293196144528,15.0,39.54557604328133,0,0,24.6767217739585
1279,0.6705400999612524,20116.202998837573,34.53635250481557,15.0,39.533711755482116,0,0,24.6767217739585
1280,0.6684055118585068,20052.165355755205,34.52685142681205,15.0,39.51657910605822,0,0,24.6767217739585
1281,0.666272516358654,19988.175490759622,34.51443154280918,15.0,39.49418317178342,0,0,24.6767217739585
1282,0.6641416326036197,19924.24897810859,34.49909653308663,15.0,39.466530589056376,0,0,24.6767217739585
1283,0.6620133791095737,19860.40137328721,34.48085094173875,15.0,39.43362955193417,0,0,24.6767217739585
1284,0.6598882736132833,19796.6482083985,34.45970017532801,15.0,39.39548980970413,0,0,24.6767217739585
1285,0.6577668329186959,19733.004987560875,34.43565050128299,15.0,39.35212266399501,0,0,24.6767217739585
1286,0.6556495727437986,19669.48718231396,34.408709046041125,15.0,39.30354096542804,0,0,24.6767217739585
1287,0.6535370075678009,19606.110227034027,34.37888379293705,15.0,39.24975910980896,0,0,24.6767217739585
1288,0.6514296504786825,19542.889514360475,34.34618357983695,15.0,39.190793033862306,0,0,24.6767217739585
1289,0.6493280130211547,19479.840390634643,34.31061809651969,15.0,39.12666021050899,0,0,24.6767217739585
1290,0.6472326050450785,19416.978151352356,34.27219788180555,15.0,39.05737964368866,0,0,24.6767217739585
1291,0.6451439345543851,19354.318036631554,34.23093432043332,15.0,38.982971862728455,0,0,24.6767217739585
1292,0.6430625075565432,19291.875226696295,34.186839639686774,15.0,38.90345891625972,0,0,24.6767217739585
1293,0.6409888279126184,19229.66483737855,34.13992690577145,15.0,38.818864365684554,0,0,24.6767217739585
1294,0.6389233971879681,19167.70191563904,34.09021001994289,15.0,38.72921327819397,0,0,24.6767217739585
1295,0.6368667145036169,19106.001435108505,34.03770371438733,15.0,38.63453221934002,0,0,24.6767217739585
1296,0.6348192763883562,19044.578291650687,33.982423547856264,15.0,38.5348492451638,0,0,24.6767217739585
1297,0.6327815766316123,18983.44729894837,33.92438590105611,15.0,38.43019389388195,0,0,24.6767217739585
1298,0.6307541061371253,18922.62318411376,33.86360797179417,15.0,38.32059717713366,0,0,24.6767217739585
1299,0.6287373527774845,18862.120583324537,33.80010776988256,15.0,38.20609157079143,0,0,24.6767217739585
1300,0.6267318012495607,18801.954037486823,33.733904111801564,15.0,38.08671100533762,0,0,24.6767217739585
1301,0.6247379329308803,18742.13798792641,33.66501661512386,15.0,37.96249085581023,0,0,24.6767217739585
1302,0.6227562257369824,18682.68677210947,33.59346569270143,15.0,37.83346793132046,0,0,24.6767217739585
1303,0.6207871539798026,18623.614619394077,33.51927254661677,15.0,37.699680464145345,0,0,24.6767217739585
1304,0.6188311882271237,18564.935646813712,33.4424591619003,15.0,37.56116809839883,0,0,24.6767217739585
1305,0.616888795163137,18506.66385489411,33.363048300015684,15.0,37.417971878284206,0,0,24.6767217739585
1306,0.6149604374501524,18448.813123504573,33.28106349211512,15.0,37.27013423593192,0,0,24.6767217739585
1307,0.6130465735915032,18391.397207745096,33.19652903206654,15.0,37.117698978825956,0,0,24.6767217739585
1308,0.6111476577956803,18334.42973387041,33.1094699692549,15.0,36.960711276822906,0,0,24.6767217739585
1309,0.6092641398417414,18277.924195252242,33.019912101159406,15.0,36.79921764876692,0,0,24.6767217739585
1310,0.6073964649460312,18221.893948380934,32.92788196570913,15.0,36.63326594870523,0,0,24.6767217739585
1311,0.6055450736302539,18166.352208907618,32.83340683341943,15.0,36.46290535170817,0,0,24.6767217739585
1312,0.6037104015909383,18111.312047728148,32.736514699310945,15.0,36.28818633929731,0,0,24.6767217739585
1313,0.6018928795703301,18056.786387109903,32.63723427461409,15.0,36.10916068448675,0,0,24.6767217739585
1314,0.6000929332287547,18002.78799686264,32.53559497826134,15.0,35.92588143644167,0,0,24.6767217739585
1315,0.5983109830184843,17949.32949055453,32.43162692816979,15.0,35.738402904758836,0,0,24.6767217739585
1316,0.5965474440591491,17896.423321774473,32.3253609323165,15.0,35.54678064337327,0,0,24.6767217739585
1317,0.5948027260147283,17844.081780441848,32.21682847960944,15.0,35.35107143409654,0,0,24.6767217739585
1318,0.5930772329721576,17792.31698916473,32.10606173055666,15.0,35.15133326979114,0,0,24.6767217739585
1319,0.5913713633215903,17741.14089964771,31.993093507736447,15.0,34.94762533718583,0,0,24.6767217739585
1320,0.5896855096383445,17690.565289150338,31.877957286071286,15.0,34.740007999337436,0,0,24.6767217739585
1321,0.5880200585665757,17640.601756997272,31.760687182908473,15.0,34.528542777743866,0,0,24.6767217739585
1322,0.586375390704705,17591.26172114115,31.641317947910515,15.0,34.31329233411414,0,0,24.6767217739585
1323,0.5847518804926397,17542.556414779192,31.51988495275792,15.0,34.09432045180017,0,0,24.6767217739585
1324,0.5831498961008195,17494.496883024585,31.396424180667886,15.0,33.871692016896475,0,0,24.6767217739585
1325,0.5815697993211183,17447.093979633548,31.270972215731693,15.0,33.64547299901304,0,0,24.6767217739585
1326,0.5800119454596385,17400.358363789157,31.143566232074022,15.0,33.415730431727056,0,0,24.6767217739585
1327,0.578476683231426,17354.30049694278,31.014243982837478,15.0,33.182532392719466,0,0,24.6767217739585
1328,0.5769643546571376,17308.930639714126,30.88304378899548,15.0,32.94594798360201,0,0,24.6767217739585
1329,0.5754752949616937,17264.25884885081,30.750004527997056,15.0,32.70604730944112,0,0,24.6767217739585
1330,0.5740098324749442,17220.294974248325,30.615165622246433,15.0,32.462901457983975,0,0,24.6767217739585
1331,0.5725682885343761,17177.048656031286,30.47856702742145,15.0,32.21658247859388,0,0,24.6767217739585
1332,0.5711509773898958,17134.529321696875,30.340249220633794,15.0,31.967163360900415,0,0,24.6767217739585
1333,0.5697582061107084,17092.74618332125,30.20025318843475,15.0,31.714718013171083,0,0,24.6767217739585
1334,0.5683902744943274,17051.708234829825,30.058620414670024,15.0,31.459321240410617,0,0,24.6767217739585
1335,0.5670474749777389,17011.424249332165,29.915392868187176,15.0,31.2010487221947,0,0,24.6767217739585
1336,0.5657300925507444,16971.90277652233,29.770612990399293,15.0,30.93997699024441,0,0,24.6767217739585
1337,0.5644384046715138,16933.152140145416,29.624323682708834,15.0,30.676183405748418,0,0,24.6767217739585
1338,0.563172681184368,16895.18043553104,29.476568293794813,15.0,30.409746136438883,0,0,24.6767217739585
1339,0.5619331842398181,16857.995527194544,29.327390606767768,15.0,30.14074413342884,0,0,24.6767217739585
1340,0.5607201682168844,16821.60504650653,29.176834826195968,15.0,29.869257107817482,0,0,24.6767217739585
1341,0.5595338796477187,16786.016389431563,29.024945565006362,15.0,29.595365507069502,0,0,24.6767217739585
1342,0.5583745571445518,16751.23671433655,28.87176783126511,15.0,29.31915049117732,0,0,24.6767217739585
1343,0.5572424313289864,16717.272939869592,28.71734701484054,15.0,29.040693908611303,0,0,24.6767217739585
1344,0.5561377247636603,16684.13174290981,28.5617288739533,15.0,28.760078272066558,0,0,24.6767217739585
1345,0.5550606518862957,16651.81955658887,28.40495952161701,15.0,28.477386734012317,0,0,24.6767217739585
1346,0.5540114189461566,16620.342568384698,28.247085411974123,15.0,28.1927030620523,0,0,24.6767217739585
1347,0.5529902239429325,16589.706718287976,28.088153326530506,15.0,27.906111614102407,0,0,24.6767217739585
1348,0.5519972565680674,16559.917697042023,27.92821036029317,15.0,27.617697313393954,0,0,24.6767217739585
1349,0.5510326981485496,16530.98094445649,27.767303907814828,15.0,27.32754562330865,0,0,24.6767217739585
1350,0.5500967215931809,16502.90164779543,27.605481649150008,15.0,27.035742522054278,0,0,28.6767217739585
1351,0.5490412123719963,16471.23637115989,31.891160616045088,15.0,26.742374477187347,0,0,28.6767217739585
1352,0.5480154888519663,16440.46466555899,31.701146564500412,15.0,26.447528419990967,0,0,28.6767217739585
1353,0.547019702556888,16410.59107670664,31.510236310617863,15.0,26.151291719715168,0,0,28.6767217739585
1354,0.5460539961395126,16381.619884185377,31.318486425225807,15.0,25.853752157687506,0,0,28.6767217739585
1355,0.5451185033392738,16353.555100178215,31.125953727953675,15.0,25.554997901301753,0,0,28.6767217739585
1356,0.5442133489426593,16326.400468279779,30.93269527039482,15.0,25.255117477891673,0,0,28.6767217739585
1357,0.5433386487462324,16300.159462386973,30.738768319201068,15.0,24.95419974849866,0,0,28.6767217739585
1358,0.5424945095223201,16274.835285669604,30.544230339113355,15.0,24.652333881540265,0,0,28.6767217739585
1359,0.5416810289873734,16250.430869621201,30.349138975933652,15.0,24.349609326387682,0,0,28.6767217739585
1360,0.540898295773012,16226.94887319036,30.153552039443284,15.0,24.04611578685992,0,0,28.6767217739585
1361,0.5401463893997612,16204.391681992838,29.957527486272607,15.0,23.74194319464262,0,0,28.6767217739585
1362,0.539425380253488,16182.76140760464,29.761123402727357,15.0,23.43718168263954,0,0,28.6767217739585
1363,0.5387353295645438,16162.059886936317,29.564397987576196,15.0,23.131921558263944,0,0,28.6767217739585
1364,0.5380762893896216,16142.288681688648,29.367409534805326,15.0,22.82625327667872,0,0,28.6767217739585
1365,0.537448302596329,16123.449077889873,29.170216416344648,15.0,22.520267413992567,0,0,28.6767217739585
1366,0.5368514028504874,16105.542085514622,28.97287706477095,15.0,22.214054640420315,0,0,28.6767217739585
1367,0.5362856146061544,16088.568438184631,28.775449955993025,15.0,21.907705693415387,0,0,28.6767217739585
1368,0.5357509530983785,16072.528592951356,28.577993591924038,15.0,21.601311350782332,0,0,28.6767217739585
1369,0.5352474243386846,16057.422730160537,28.380566483146072,15.0,21.294962403777348,0,0,28.6767217739585
1370,0.534775025113292,16043.25075339876,28.18322713157237,15.0,20.9887496302051,0,0,28.6767217739585
1371,0.5343337429840674,16030.012289522025,27.986034013111695,15.0,20.682763767518942,0,0,28.6767217739585
1372,0.5339235562922107,16017.706688766319,27.78904556034082,15.0,20.37709548593372,0,0,28.6767217739585
1373,0.5335444341646718,16006.333024940153,27.592320145189667,15.0,20.07183536155812,0,0,28.6767217739585
1374,0.5331963365233003,15995.890095699011,27.395916061644417,15.0,19.767073849555047,0,0,28.6767217739585
1375,0.5328792140967212,15986.376422901636,27.199891508473776,15.0,19.462901257337805,0,0,28.6767217739585
1376,0.5325930084349343,15977.790253048028,27.00430457198337,15.0,19.15940771780998,0,0,28.6767217739585
1377,0.532337651926635,15970.12955779905,26.809213208803662,15.0,18.856683162657397,0,0,28.6767217739585
1378,0.5321130678192488,15963.392034577466,26.614675228715953,15.0,18.55481729569901,0,0,28.6767217739585
1379,0.5319191702416748,15957.575107250244,26.420748277522204,15.0,18.25389956630599,0,0,28.6767217739585
1380,0.5317558642297308,15952.675926891921,26.227489819963303,15.0,17.954019142895845,0,0,28.6767217739585
1381,0.5316230457542933,15948.6913726288,26.03495712269117,15.0,17.655264886510093,0,0,28.6767217739585
1382,0.5315206017521245,15945.618052563734,25.843207237299197,15.0,17.357725324482555,0,0,28.6767217739585
1383,0.5314484101593738,15943.452304781216,25.65229698341661,15.0,17.061488624206696,0,0,28.6767217739585
1384,0.5314063399477494,15942.190198432483,25.46228293187193,15.0,16.766642567010315,0,0,28.6767217739585
1385,0.5313942511633438,15941.827534900316,25.27322138792943,15.0,16.473274522143385,0,0,28.6767217739585
1386,0.5314119949681058,15942.359849043174,25.08516837460487,15.0,16.18147142088901,0,0,28.6767217739585
1387,0.531459413683944,15943.78241051832,24.898179616064564,15.0,15.891319730803652,0,0,28.6767217739585
1388,0.5315363408394507,15946.09022518352,24.712310521113306,15.0,15.602905430095195,0,0,28.6767217739585
1389,0.5316426012192302,15949.278036576909,24.527616166775267,15.0,15.316313982145367,0,0,28.6767217739585
1390,0.53177801091582,15953.340327474602,24.344151281973666,15.0,15.031630310185342,0,0,28.6767217739585
1391,0.5319423773841856,15958.271321525566,24.16197023131337,15.0,14.748938772131103,0,0,28.6767217739585
1392,0.5321354994987758,15964.064984963275,23.98112699897148,15.0,14.468323135586356,0,0,28.6767217739585
1393,0.5323571676131215,15970.715028393644,23.80167517270065,15.0,14.189866553020394,0,0,28.6767217739585
1394,0.5326071636219571,15978.214908658716,23.6236679279499,15.0,13.913651537128217,0,0,28.6767217739585
1395,0.5328852610258512,15986.557830775537,23.44715801210752,15.0,13.639759936380178,0,0,28.6767217739585
1396,0.5331912249983219,15995.736749949658,23.27219772887104,15.0,13.368272910768765,0,0,28.6767217739585
1397,0.533524812455422,16005.744373662661,23.0988389227483,15.0,13.099270907758777,0,0,28.6767217739585
1398,0.5338857721277697,16016.573163833089,22.927132963694945,15.0,12.832833638449245,0,0,28.6767217739585
1399,0.5342738446350046,16028.215339050139,22.75713073189236,15.0,12.569040053953247,0,0,28.6767217739585
1400,0.5346887625626489,16040.662876879465,22.58888260267078,15.0,12.30796832200301,0,0,28.6767217739585
1401,0.5351302505413467,16053.907516240399,22.422438431581945,15.0,12.049695803787044,0,0,28.6767217739585
1402,0.5355980253284628,16067.940759853884,22.257847539626013,15.0,11.794299031026627,0,0,28.6767217739585
1403,0.5360917958920136,16082.753876760407,22.095158698636304,15.0,11.54185368329724,0,0,28.6767217739585
1404,0.5366112634969056,16098.337904907166,21.934420116827607,15.0,11.292434565603784,0,0,28.6767217739585
1405,0.5371561217934574,16114.68365380372,21.775679424510706,15.0,11.046115586213686,0,0,28.6767217739585
1406,0.5377260569081777,16131.78170724533,21.61898365997864,15.0,10.802969734756537,0,0,28.6767217739585
1407,0.538320747536773,16149.622426103188,21.464379255568172,15.0,10.563069060595597,0,0,28.6767217739585
1408,0.5389398650393562,16168.195951180685,21.31191202390107,15.0,10.326484651478237,0,0,28.6767217739585
1409,0.539583073537831,16187.492206134928,21.161627144308458,15.0,10.093286612470605,0,0,28.6767217739585
1410,0.5402500300154185,16207.500900462554,21.013569149443697,15.0,9.86354404518467,0,0,28.6767217739585
1411,0.5409403844183014,16228.211532549041,20.8677819120859,15.0,9.63732502730118,0,0,28.6767217739585
1412,0.541653779759352,16249.61339278056,20.724308632139902,15.0,9.414696592397437,0,0,28.6767217739585
1413,0.5423898522239156,16271.695566717466,20.583191823835016,15.0,9.195724710083512,0,0,28.6767217739585
1414,0.5431482312776159,16294.446938328476,20.444473303127,15.0,8.980474266453793,0,0,28.6767217739585
1415,0.5439285397761533,16317.856193284599,20.308194175307342,15.0,8.76900904486022,0,0,28.6767217739585
1416,0.5447303940770604,16341.91182231181,20.174394822822833,15.0,8.561391707011865,0,0,28.6767217739585
1417,0.545553404153383,16366.602124601492,20.04311489330914,15.0,8.357683774406517,0,0,28.6767217739585
1418,0.5463971737092549,16391.915211277646,19.914393287842678,15.0,8.15794561010107,0,0,28.6767217739585
1419,0.5472613002973274,16417.839008919822,19.788268149413245,15.0,7.9622364008243895,0,0,28.6767217739585
1420,0.5481453754380242,16444.361263140727,19.664776851621248,15.0,7.770614139438772,0,0,28.6767217739585
1421,0.5490489847405821,16471.469542217463,19.54395598760349,15.0,7.583135607755976,0,0,28.6767217739585
1422,0.5499717080258444,16499.151240775333,19.425841359189413,15.0,7.399856359710898,0,0,28.6767217739585
1423,0.5509131194507686,16527.39358352306,19.310467966292606,15.0,7.220830704900338,0,0,28.6767217739585
1424,0.5518727876346132,16556.183629038398,19.197869996539342,15.0,7.046111692489509,0,0,28.6767217739585
1425,0.552850275786765,16585.50827360295,19.08808081513806,15.0,6.875751095492426,0,0,28.6767217739585
1426,0.5538451418361696,16615.354255085087,18.981132954992695,15.0,6.709799395430725,0,0,28.6767217739585
1427,0.5548569385623264,16645.708156869794,18.877058107062386,15.0,6.548305767374746,0,0,28.6767217739585
1428,0.5558852137278104,16676.556411834314,18.775887110970586,15.0,6.391318065371653,0,0,28.6767217739585
1429,0.5569295102122789,16707.885306368367,18.677649945866975,15.0,6.238882808265729,0,0,28.6767217739585
1430,0.5579893661479268,16739.680984437804,18.582375721543663,15.0,6.091045165913442,0,0,28.6767217739585
1431,0.5590643150563479,16771.929451690437,18.490092669809513,15.0,5.947848945798816,0,0,28.6767217739585
1432,0.5601538859867623,16804.61657960287,18.40082813612439,15.0,5.809336580052301,0,0,28.6767217739585
1433,0.5612576036555694,16837.72810966708,18.3146085714961,15.0,5.67554911287721,0,0,28.6767217739585
1434,0.5623749885871846,16871.24965761554,18.231459524642403,15.0,5.546526188387408,0,0,28.6767217739585
1435,0.5635055572561187,16905.16671768356,18.151405634420435,15.0,5.4223060388600475,0,0,28.6767217739585
1436,0.5646488222302565,16939.464666907694,18.0744706225255,15.0,5.302925473406212,0,0,28.6767217739585
1437,0.5658042923152934,16974.128769458803,18.000677286462075,15.0,5.188419867063976,0,0,28.6767217739585
1438,0.5669714727002871,17009.144181008614,17.9300474927882,15.0,5.078823150315699,0,0,28.6767217739585
1439,0.5681498651042809,17044.495953128426,17.862602170636073,15.0,4.9741677990338475,0,0,28.6767217739585
1440,0.5693389679239543,17080.16903771863,17.798361305510205,15.0,4.874484824857632,0,0,28.6767217739585
1441,0.5705382763822604,17116.148291467813,17.73734393336541,15.0,4.779803766003697,0,0,28.6767217739585
1442,0.5717472826780005,17152.418480340013,17.679568134965873,15.0,4.690152678513087,0,0,28.6767217739585
1443,0.5729654761362976,17188.96428408893,17.625051030527608,15.0,4.605558127937929,0,0,28.6767217739585
1444,0.5741923433599204,17225.770300797612,17.573808774645183,15.0,4.526045181469188,0,0,28.6767217739585
1445,0.5754273683814135,17262.821051442406,17.525856551504944,15.0,4.451637400508968,0,0,28.6767217739585
1446,0.5766700328159902,17300.100984479704,17.48120857038552,15.0,4.382356833688648,0,0,28.6767217739585
1447,0.5779198160151403,17337.59448045421,17.43987806144727,15.0,4.31822401033533,0,0,28.6767217739585
1448,0.5791761952209107,17375.28585662732,17.401877271811976,15.0,4.259257934388675,0,0,28.6767217739585
1449,0.5804386457208086,17413.159371624257,17.367217461933755,15.0,4.20547607876961,0,0,28.6767217739585
1450,0.5817066410032862,17451.199230098584,17.335908902262272,15.0,4.156894380202626,0,0,28.6767217739585
1451,0.5829796529137564,17489.389587412694,17.307960870199455,15.0,4.1135272344935,0,0,28.6767217739585
1452,0.5842571518110977,17527.71455433293,17.28338164735039,15.0,4.075387492263469,0,0,28.6767217739585
1453,0.5855386067245969,17566.158201737908,17.262178517069252,15.0,4.042486455141244,0,0,28.6767217739585
1454,0.586823485511288,17604.70456533864,17.244357762301153,15.0,4.014833872414213,0,0,28.6767217739585
1455,0.5881112550136376,17643.33765040913,17.229924663720325,15.0,3.9924379381394095,0,0,28.6767217739585
1456,0.5894013812175309,17682.041436525928,17.218883498165376,15.0,3.975305288715515,0,0,28.6767217739585
1457,0.5906933294105114,17720.799882315343,17.21123753737195,15.0,3.963441000916309,0,0,28.6767217739585
1458,0.5919865643402281,17759.596930206844,17.206989047003237,15.0,3.9568485903863064,0,0,28.6767217739585
1459,0.593280550373042,17798.41651119126,17.20613928597863,15.0,3.9555300105990323,0,0,28.6767217739585
1460,0.5945747516527459,17837.242549582377,17.208688506100657,15.0,3.959485652278133,0,0,28.6767217739585
1461,0.5958686322593507,17876.058967780522,17.214635951980377,15.0,3.9687143432816083,0,0,28.6767217739585
1462,0.5971616563678892,17914.849691036678,17.22397986126122,15.0,3.9832133489491452,0,0,28.6767217739585
1463,0.5984532884071936,17953.59865221581,17.23671746514121,15.0,4.002978372912445,0,0,28.6767217739585
1464,0.5997429932185958,17992.289796557874,17.252844989193417,15.0,4.028003558368345,0,0,28.6767217739585
1465,0.6010302362145069,18030.907086435207,17.272357654484402,15.0,4.058281489814311,0,0,28.6767217739585
1466,0.6023144835368274,18069.434506104823,17.295249678990324,15.0,4.093803195245799,0,0,28.6767217739585
1467,0.6035952022151404,18107.856066454213,17.32151427931028,15.0,4.1345581488148815,0,0,28.6767217739585
1468,0.6048718603246424,18146.15580973927,17.351143672676326,15.0,4.180534273949222,0,0,28.6767217739585
1469,0.6061439271437639,18184.317814312915,17.3841290792598,15.0,4.23171794693074,0,0,28.6767217739585
1470,0.6074108733114341,18222.32619934302,17.42046072477281,15.0,4.28809400093246,0,0,28.6767217739585
1471,0.6086721709839413,18260.16512951824,17.460127843364706,15.0,4.349645730512899,0,0,28.6767217739585
1472,0.6099272939913454,18297.81881974036,17.50311868081216,15.0,4.4163548965661885,0,0,28.6767217739585
1473,0.6111757179933924,18335.27153980177,17.549420498002227,15.0,4.488201731726738,0,0,28.6767217739585
1474,0.6124169206348882,18372.507619046646,17.599019574707167,15.0,4.565164946226668,0,0,28.6767217739585
1475,0.6136503817004839,18409.511451014518,17.651901213650163,15.0,4.647221734204576,0,0,28.6767217739585
1476,0.6148755832688265,18446.267498064797,17.708049744860276,15.0,4.73434778046319,0,0,28.6767217739585
1477,0.6160920098660304,18482.760295980912,17.767448530315956,15.0,4.826517267674742,0,0,28.6767217739585
1478,0.6172991486184229,18518.97445855269,17.830079968875122,15.0,4.9237028840309325,0,0,28.6767217739585
1479,0.6184964894045207,18554.894682135622,17.89592550149083,15.0,5.025875831336215,0,0,28.6767217739585
1480,0.6196835250061891,18590.50575018567,17.96496561671071,15.0,5.133005833541235,0,0,28.6767217739585
1481,0.620859751258942,18625.79253776826,18.037179856458632,15.0,5.245061145714306,0,0,28.6767217739585
1482,0.6220246672013365,18660.740016040098,18.1125468220968,15.0,5.362008563448008,0,0,28.6767217739585
1483,0.6231777752234193,18695.33325670258,18.1910441807668,15.0,5.4838134326986285,0,0,28.6767217739585
1484,0.6243185812141782,18729.557436425344,18.272648672007122,15.0,5.610439660054601,0,0,28.6767217739585
1485,0.6254465947079584,18763.39784123875,18.357336114645804,15.0,5.741849723431885,0,0,28.6767217739585
1486,0.6265613290297982,18796.839870893946,18.445081413965966,15.0,5.878004683192751,0,0,28.6767217739585
1487,0.6276623014396412,18829.869043189236,18.535858569141634,15.0,6.018864193684042,0,0,28.6767217739585
1488,0.6287490332753825,18862.470998261473,18.629640680942664,15.0,6.16438651519289,0,0,28.6767217739585
1489,0.6298210500947062,18894.63150284119,18.726399959705336,15.0,6.314528526314804,0,0,28.6767217739585
1490,0.6308778818156744,18926.33645447023,18.82610773356707,15.0,6.469245736731466,0,0,28.6767217739585
1491,0.6319190628560202,18957.571885680605,18.928734456962673,15.0,6.628492300394484,0,0,28.6767217739585
1492,0.6329441322711121,18988.323968133365,19.034249719379105,15.0,6.792221029110159,0,0,28.6767217739585
1493,0.6339526338905407,19018.57901671622,19.14262225436685,15.0,6.9603834065225545,0,0,28.6767217739585
1494,0.6349441164532916,19048.32349359875,19.253819948805017,15.0,7.132929602490132,0,0,28.6767217739585
1495,0.6359181337414649,19077.544012243947,19.367809852416826,15.0,7.309808487851071,0,0,28.6767217739585
1496,0.6368742447124979,19106.227341374935,19.484558187533768,15.0,7.490967649574316,0,0,28.6767217739585
1497,0.6378120136298563,19134.36040889569,19.6040303591045,15.0,7.676353406290513,0,0,28.6767217739585
1498,0.6387310101921522,19161.930305764567,19.72619096494615,15.0,7.865910824198959,0,0,28.6767217739585
1499,0.6396308096606517,19188.92428981955,19.851003806234836,15.0,8.059583733345857,0,0,28.6767217739585
1500,0.6405109929851339,19215.329789554016,19.978431898231946,15.0,8.257314744268346,0,0,28.6767217739585
1501,0.641371146928065,19241.13440784195,20.10843748124366,15.0,8.459045265000425,0,0,28.6767217739585
1502,0.642210864187049,19266.32592561147,20.240982031810077,15.0,8.664715518435262,0,0,28.6767217739585
1503,0.6430297435155202,19290.892305465608,20.376026274120232,15.0,8.874264560037913,0,0,28.6767217739585
1504,0.6438273898416422,19314.821695249266,20.51353019165068,15.0,9.087630295904951,0,0,28.6767217739585
1505,0.6446034143853747,19338.10243156124,20.653453039023063,15.0,9.304749501164036,0,0,28.6767217739585
1506,0.6453574347736785,19360.723043210353,20.79575335407796,15.0,9.525557838708874,0,0,28.6767217739585
1507,0.6460890751538203,19382.67225461461,20.940388970160836,15.0,9.74998987826348,0,0,28.6767217739585
1508,0.6467979663047465,19403.938989142396,21.087317028617274,15.0,9.977979115771074,0,0,28.6767217739585
1509,0.6474837457464909,19424.51237239473,21.23649399149253,15.0,10.209457993100088,0,0,28.6767217739585
1510,0.6481460578475857,19444.38173542757,21.387875654432932,15.0,10.444357918063348,0,0,28.6767217739585
1511,0.6487845539304423,19463.53661791327,21.541417159784764,15.0,10.68260928474367,0,0,28.6767217739585
1512,0.6493988923746726,19481.96677124018,21.69707300988626,15.0,10.924141494119176,0,0,28.6767217739585
1513,0.6499887387183181,19499.662161549542,21.85479708054971,15.0,11.168882974983536,0,0,28.6767217739585
1514,0.6505537657569581,19516.612972708743,22.01454263472904,15.0,11.416761205154069,0,0,28.6767217739585
1515,0.6510936536406678,19532.809609220036,22.17626233636886,15.0,11.667702732961367,0,0,28.6767217739585
1516,0.6516080899687968,19548.242699063903,22.33990826443151,15.0,11.92163319901519,0,0,28.6767217739585
1517,0.6520967698825393,19562.903096476177,22.505431927096673,15.0,12.178477358238077,0,0,28.6767217739585
1518,0.6525593961552711,19576.781884658136,22.67278427613073,15.0,12.43815910216238,0,0,28.6767217739585
1519,0.652995679280625,19589.87037841875,22.841915721421046,15.0,12.700601481483208,0,0,28.6767217739585
1520,0.6534053375582757,19602.16012674827,23.012776145670124,15.0,12.965726728859437,0,0,28.6767217739585
1521,0.6537880971774154,19613.64291532246,23.185314919246785,15.0,13.233456281958393,0,0,28.6767217739585
1522,0.6541436922978894,19624.31076893668,23.35948091518884,15.0,13.50371080673558,0,0,28.6767217739585
1523,0.6544718651289702,19634.155953869104,23.535222524352726,15.0,13.776410220942516,0,0,28.6767217739585
1524,0.6547723660057462,19643.170980172385,23.71248767070699,15.0,14.051473717857657,0,0,28.6767217739585
1525,0.6550449534631033,19651.3486038931,23.891223826762992,15.0,14.328819790230408,0,0,28.6767217739585
1526,0.6552893943072763,19658.681829218287,24.071378029140178,15.0,14.608366254433786,0,0,28.6767217739585
1527,0.6555054636849482,19665.163910548446,24.252896894260488,15.0,14.890030274817565,0,0,28.6767217739585
1528,0.6556929451498805,19670.788354496417,24.435726634166574,15.0,15.173728388253533,0,0,28.6767217739585
1529,0.65585163072705,19675.5489218115,24.61981307246075,15.0,15.459376528868024,0,0,28.6767217739585
1530,0.6559813209742764,19679.43962922829,24.805101660358442,15.0,15.746890052952185,0,0,28.6767217739585
1531,0.6560818250413214,19682.454751239642,24.99153749285224,15.0,16.03618376404384,0,0,28.6767217739585
1532,0.6561529607264418,19684.588821793255,25.179065324981238,15.0,16.327171938172746,0,0,28.6767217739585
1533,0.6561945545303801,19685.836635911404,25.36762958820176,15.0,16.6197683492631,0,0,28.6767217739585
1534,0.6562064417077754,19686.193251233264,25.5571744068529,15.0,16.913886294683316,0,0,28.6767217739585
1535,0.6561884663159816,19685.653989479448,25.747643614714335,15.0,17.20943862093882,0,0,28.6767217739585
1536,0.6561404812612761,19684.214437838284,25.938980771649,15.0,17.506337749496616,0,0,28.6767217739585
1537,0.6560623483424473,19681.870450273418,26.13112918032794,15.0,17.804495702737377,0,0,28.6767217739585
1538,0.6559539382917462,19678.618148752386,26.32403190303076,15.0,18.10382413002477,0,0,28.6767217739585
1539,0.6558151308131916,19674.453924395748,26.517631778517583,15.0,18.40423433388581,0,0,28.6767217739585
1540,0.655645814618216,19669.37443854648,26.711871438966952,15.0,18.705637296293542,0,0,28.6767217739585
1541,0.6554458874586434,19663.3766237593,26.906693326975603,15.0,19.00794370504563,0,0,28.6767217739585
1542,0.6552152561569866,19656.4576847096,27.102039712613397,15.0,19.311063980228674,0,0,28.6767217739585
1543,0.6549538366340589,19648.61509902177,27.297852710530393,15.0,19.614908300763325,0,0,28.6767217739585
1544,0.6546615539338879,19639.846618016636,27.49407429710931,15.0,19.91938663101991,0,0,28.6767217739585
1545,0.6543383422459265,19630.150267377794,27.69064632765924,15.0,20.224408747498003,0,0,28.6767217739585
1546,0.6539841449245543,19619.524347736628,27.887510553645164,15.0,20.529884265561563,0,0,28.6767217739585
1547,0.6535989145058629,19607.967435175888,28.08460863994828,15.0,20.835722666221955,0,0,28.6767217739585
1548,0.6531826127217203,19595.47838165161,28.28188218215177,15.0,21.141833322960338,0,0,28.6767217739585
1549,0.6527352105111108,19582.056315333324,28.479272723847725,15.0,21.448125528582967,0,0,28.6767217739585
1550,0.652256688028746,19567.700640862382,28.676721773958533,15.0,21.754508522098867,0,0,28.6767217739585
1551,0.651747034650946,19552.41103952838,28.874170824069253,15.0,22.06089151561463,0,0,28.6767217739585
1552,0.6512062489787865,19536.187469363595,29.07156136576517,15.0,22.367183721237197,0,0,28.6767217739585
1553,0.6506343388385144,19519.030165155433,29.268834907968746,15.0,22.673294377975708,0,0,28.6767217739585
1554,0.6500313212792282,19500.939638376847,29.465932994271775,15.0,22.97913277863597,0,0,28.6767217739585
1555,0.6493972225678258,19481.916677034777,29.662797220257733,15.0,23.284608296699595,0,0,28.6767217739585
1556,0.6487320781812215,19461.962345436645,29.859369250807628,15.0,23.589630413177616,0,0,28.6767217739585
1557,0.6480359327958328,19441.077983874984,30.055590837386585,15.0,23.894108743434273,0,0,28.6767217739585
1558,0.6473088402743427,19419.26520823028,30.25140383530362,15.0,24.19795306396899,0,0,28.6767217739585
1559,0.6465508636497382,19396.525909492146,30.446750220941375,15.0,24.50107333915197,0,0,28.6767217739585
1560,0.6457620751066325,19372.862253198975,30.64157210895003,15.0,24.803379747904057,0,0,28.6767217739585
1561,0.6449425559598756,19348.27667879627,30.835811769399434,15.0,25.10478271031185,0,0,28.6767217739585
1562,0.6440923966304583,19322.771898913747,31.029411644886174,15.0,25.40519291417277,0,0,28.6767217739585
1563,0.6432116966187187,19296.35089856156,31.222314367589036,15.0,25.70452134146022,0,0,28.6767217739585
1564,0.6423005644748584,19269.016934245752,31.41446277626802,15.0,26.00267929470104,0,0,28.6767217739585
1565,0.6413591177667766,19240.773533003296,31.605799933202643,15.0,26.29957842325878,0,0,28.6767217739585
1566,0.6403874830452317,19211.624491356954,31.796269141064084,15.0,26.595130749514283,0,0,28.6767217739585
1567,0.6393857958063426,19181.57387419028,31.985813959715223,15.0,26.8892486949345,0,0,28.6767217739585
1568,0.6383542004514373,19150.62601354312,32.174378222935744,15.0,27.181845106024852,0,0,28.6767217739585
1569,0.6372928502442639,19118.785507327917,32.36190605506478,15.0,27.47283328015382,0,0,28.6767217739585
1570,0.6362019072655758,19086.057217967274,32.548341887558536,15.0,27.762126991245417,0,0,28.6767217739585
1571,0.6350815423651031,19052.446270953093,32.73363047545622,15.0,28.049640515329575,0,0,28.6767217739585
1572,0.6339319351109262,19017.958053327784,32.917716913750446,15.0,28.335288655944126,0,0,28.6767217739585
1573,0.6327532737362659,18982.598212087978,33.100546653656494,15.0,28.618986769380033,0,0,28.6767217739585
1574,0.6315457550837064,18946.372652511192,33.282065518776804,15.0,28.900650789763812,0,0,28.6767217739585
1575,0.6303095845468656,18909.28753640597,33.46221972115403,15.0,29.18019725396725,0,0,28.6767217739585
1576,0.6290449760095337,18871.34928028601,33.64095587720999,15.0,29.45754332633994,0,0,28.6767217739585
1577,0.6277521517822934,18832.5645534688,33.81822102356421,15.0,29.732606823255026,0,0,28.6767217739585
1578,0.6264313425366458,18792.940276099373,33.99396263272814,15.0,30.005306237462023,0,0,28.6767217739585
1579,0.6250827872366568,18752.483617099704,34.16812862867016,15.0,30.275560762239156,0,0,28.6767217739585
1580,0.623706733068147,18711.201992044407,34.34066740224689,15.0,30.54329031533822,0,0,28.6767217739585
1581,0.622303435365445,18669.10306096335,34.511527826495936,15.0,30.80841556271439,0,0,28.6767217739585
1582,0.6208731575357269,18626.194726071808,34.680659271786254,15.0,31.070857942035218,0,0,28.6767217739585
1583,0.6194161709809627,18582.485129428882,34.84801162082038,15.0,31.330539685959636,0,0,28.6767217739585
1584,0.6179327550174939,18537.982650524817,35.013535283485474,15.0,31.587383845182412,0,0,28.6767217739585
1585,0.6164231967932661,18492.695903797983,35.17718121154809,15.0,31.841314311236182,0,0,28.6767217739585
1586,0.6148877912027412,18446.633736082236,35.33890091318798,15.0,32.09225583904359,0,0,28.6767217739585
1587,0.6133268407995134,18399.8052239854,35.498646467367244,15.0,32.34013406921402,0,0,28.6767217739585
1588,0.6117406557066561,18352.219671199684,35.65637053803072,15.0,32.584875550078436,0,0,28.6767217739585
1589,0.6101295535248261,18303.886605744785,35.81202638813219,15.0,32.826407759453886,0,0,28.6767217739585
1590,0.6084938592381515,18254.815777144544,35.96556789348406,15.0,33.06465912613426,0,0,28.6767217739585
1591,0.6068339051179312,18205.017153537938,36.116949556424515,15.0,33.29955905109762,0,0,28.6767217739585
1592,0.6051500306241772,18154.500918725316,36.2661265192997,15.0,33.53103792842653,0,0,28.6767217739585
1593,0.6034425823050237,18103.27746915071,36.413054577756114,15.0,33.75902716593408,0,0,28.6767217739585
1594,0.6017119136940386,18051.357410821158,36.55769019383905,15.0,33.98345920548877,0,0,28.6767217739585
1595,0.5999583852054631,17998.751556163894,36.69999050889389,15.0,34.20426754303353,0,0,28.6767217739585
1596,0.5981823640274138,17945.470920822412,36.83991335626631,15.0,34.42138674829266,0,0,28.6767217739585
1597,0.596384224013076,17891.52672039228,36.97741727379678,15.0,34.63475248415973,0,0,28.6767217739585
1598,0.5945643455699245,17836.930367097735,37.11246151610691,15.0,34.84430152576235,0,0,28.6767217739585
1599,0.5927231155469989,17781.693466409964,37.245006066673334,15.0,35.04997177919719,0,0,28.6767217739585
1600,0.5908609271202728,17725.827813608186,37.37501164968504,15.0,35.25170229992926,0,0,28.6767217739585
1601,0.588978179676148,17669.345390284438,37.50243974168215,15.0,35.44943331085175,0,0,28.6767217739585
1602,0.5870752786931057,17612.25836079317,37.62725258297081,15.0,35.643106219998614,0,0,28.6767217739585
1603,0.5851526356215563,17554.57906864669,37.74941318881246,15.0,35.83266363790706,0,0,28.6767217739585
1604,0.5832106677619169,17496.320032857508,37.868885360383224,15.0,36.0180493946233,0,0,28.6767217739585
1605,0.5812497981409566,17437.493944228696,37.985633695500184,15.0,36.199208556346576,0,0,28.6767217739585
1606,0.5792704553864436,17378.11366159331,38.09962359911197,15.0,36.37608744170748,0,0,28.6767217739585
1607,0.5772730736001355,17318.192208004064,38.21082129355014,15.0,36.54863363767505,0,0,28.6767217739585
1608,0.5752580922291429,17257.74276687429,38.319193828537905,15.0,36.71679601508748,0,0,28.6767217739585
1609,0.5732259559357145,17196.778678071434,38.424709090954316,15.0,36.880524743803136,0,0,28.6767217739585
1610,0.5711771144654717,17135.31343396415,38.5273358143499,15.0,37.03977130746611,0,0,28.6767217739585
1611,0.569112022514141,17073.36067542423,38.62704358821165,15.0,37.19448851788282,0,0,28.6767217739585
1612,0.5670311395928168,17010.934187784504,38.72380286697431,15.0,37.3446305290047,0,0,28.6767217739585
1613,0.5649349298917989,16948.047896753968,38.81758497877536,15.0,37.49015285051357,0,0,28.6767217739585
1614,0.5628238621430427,16884.71586429128,38.90836213395103,15.0,37.63101236100486,0,0,28.6767217739585
1615,0.5606984094812634,16820.952284437903,38.996107433271185,15.0,37.767167320765736,0,0,28.6767217739585
1616,0.5585590493037371,16756.771479112114,39.08079487590989,15.0,37.89857738414304,0,0,28.6767217739585
1617,0.5564062631288363,16692.18789386509,39.16239936715019,15.0,38.025203611498995,0,0,28.6767217739585
1618,0.5542405364533468,16627.216093600404,39.24089672582018,15.0,38.14700848074959,0,0,28.6767217739585
1619,0.5520623586086036,16561.87075825811,39.316263691458374,15.0,38.26395589848333,0,0,28.6767217739585
1620,0.5498722226154921,16496.16667846476,39.38847793120627,15.0,38.37601121065636,0,0,32.676721773958505
1621,0.5474871660485979,16424.614981457937,44.961287739133205,15.0,38.483141212861405,0,0,32.676721773958505
1622,0.5450908417074298,16352.725251222895,45.03631779892529,15.0,38.58531416016667,0,0,32.676721773958505
1623,0.5426837677448438,16280.513032345314,45.10768544367329,15.0,38.68249977652289,0,0,32.676721773958505
1624,0.5402664654990404,16207.993964971214,45.17536952560378,15.0,38.774669263734424,0,0,32.676721773958505
1625,0.5378394593390818,16135.183780172454,45.239349988462514,15.0,38.86179530999304,0,0,32.676721773958505
1626,0.5354032765095088,16062.098295285265,45.29960787345758,15.0,38.94385209797094,0,0,32.676721773958505
1627,0.5329584469741078,15988.753409223234,45.35612532487719,15.0,39.020815312470894,0,0,32.676721773958505
1628,0.5305055032588707,15915.16509776612,45.4088855953807,15.0,39.09266214763143,0,0,32.676721773958505
1629,0.5280449802941957,15841.34940882587,45.45787305096134,15.0,39.15937131368472,0,0,32.676721773958505
1630,0.5255774152563767,15767.3224576913,45.50307317557878,15.0,39.220923043265174,0,0,32.676721773958505
1631,0.5231033474084255,15693.100422252764,45.544472575460546,15.0,39.27729909726689,0,0,32.676721773958505
1632,0.5206233179402769,15618.699538208308,45.58205898307105,15.0,39.3284827702484,0,0,32.676721773958505
1633,0.5181378698084226,15544.136094252679,45.615821260746486,15.0,39.374458895382745,0,0,32.676721773958505
1634,0.5156475475750212,15469.426427250637,45.64574940399537,15.0,39.41521384895183,0,0,32.676721773958505
1635,0.5131528972465327,15394.586917395982,45.67183454446292,15.0,39.450735554383314,0,0,32.676721773958505
1636,0.5106544661119252,15319.633983357757,45.694068952559064,15.0,39.48101348582928,0,0,32.676721773958505
1637,0.5081528025805012,15244.584077415037,45.71244603974884,15.0,39.50603867128518,0,0,32.676721773958505
1638,0.5056484560193922,15169.453680581766,45.72696036050469,15.0,39.525803695248484,0,0,32.676721773958505
1639,0.5031419765907691,15094.259297723074,45.73760761392012,15.0,39.540302700916016,0,0,32.676721773958505
1640,0.5006339150888178,15019.017452664535,45.74438464498417,15.0,39.5495313919195,0,0,32.676721773958505
1641,0.4981248227765265,14943.744683295794,45.74728944551627,15.0,39.5534870335986,0,0,32.676721773958505
1642,0.4956152512223346,14868.457536670037,45.74632115476135,15.0,39.55216845381132,0,0,32.676721773958505
1643,0.4931057521366914,14793.172564100742,45.74148005964483,15.0,39.54557604328133,0,0,32.676721773958505
1644,0.49059687720857226,14717.906316257167,45.73276759468769,15.0,39.533711755482116,0,0,32.676721773958505
1645,0.48808917794200096,14642.67533826003,45.72018634158131,15.0,39.51657910605822,0,0,32.676721773958505
1646,0.4855832054926277,14567.49616477883,45.70374002842252,15.0,39.49418317178342,0,0,32.676721773958505
1647,0.48307951050440917,14492.385315132275,45.68343352860887,15.0,39.46653058905639,0,0,32.676721773958505
1648,0.48057864294644137,14417.359288393242,45.65927285939448,15.0,39.43362955193417,0,0,32.676721773958505
1649,0.47808115194999173,14342.434558499752,45.63126518010707,15.0,39.39548980970413,0,0,32.676721773958505
1650,0.47558758564577935,14267.62756937338,45.59941879002648,15.0,39.35212266399501,0,0,32.676721773958505
1651,0.4730984910015526,14192.954730046578,45.563743125925384,15.0,39.30354096542804,0,0,32.676721773958505
1652,0.47061441366001044,14118.432409800313,45.524248759273,15.0,39.249759109808956,0,0,32.676721773958505
1653,0.46813589777711656,14044.076933313498,45.48094739310253,15.0,39.19079303386232,0,0,32.676721773958505
1654,0.46566348586085476,13969.904575825643,45.43385185854328,15.0,39.126660210508994,0,0,32.676721773958505
1655,0.46319771861047154,13895.931558314147,45.382976111018564,15.0,39.05737964368868,0,0,32.676721773958505
1656,0.46073913475625555,13822.174042687666,45.328335226110326,15.0,38.982971862728455,0,0,32.676721773958505
1657,0.4582882708999001,13748.648126997003,45.26994539509205,15.0,38.90345891625972,0,0,32.676721773958505
1658,0.4558456613554966,13675.369840664898,45.20782392013081,15.0,38.818864365684554,0,0,32.676721773958505
1659,0.4534118379912057,13602.355139736172,45.14198920916033,15.0,38.72921327819397,0,0,32.676721773958505
1660,0.45098733007165326,13529.619902149598,45.07246077042627,15.0,38.63453221934,0,0,32.676721773958505
1661,0.4485726641010977,13457.17992303293,44.99925920670563,15.0,38.53484924516381,0,0,32.676721773958505
1662,0.4461683636674156,13385.050910022468,44.9224062092015,15.0,38.43019389388195,0,0,32.676721773958505
1663,0.4437749492869514,13313.24847860854,44.841924551115696,15.0,38.32059717713365,0,0,32.676721773958505
1664,0.4413929382502767,13241.788147508301,44.75783808090046,15.0,38.20609157079143,0,0,32.676721773958505
1665,0.4390228444689066,13170.685334067199,44.670171715191614,15.0,38.086711005337605,0,0,32.676721773958505
1666,0.4366651783230161,13099.955349690483,44.57895143142536,15.0,37.96249085581024,0,0,32.676721773958505
1667,0.4343204465102036,13029.613395306107,44.48420426014043,15.0,37.83346793132046,0,0,32.676721773958505
1668,0.4319891518953453,12959.67455686036,44.38595827696848,15.0,37.699680464145345,0,0,32.676721773958505
1669,0.42967179336158606,12890.153800847582,44.28424259431471,15.0,37.56116809839886,0,0,32.676721773958505
1670,0.4273688656625087,12821.06596987526,44.17908735273101,15.0,37.417971878284206,0,0,32.676721773958505
1671,0.4250808592755285,12752.425778265855,44.07052371198493,15.0,37.27013423593189,0,0,32.676721773958505
1672,0.422808260256554,12684.24780769662,43.95858384182629,15.0,37.117698978826,0,0,32.676721773958505
1673,0.4205515500959579,12616.546502878737,43.84330091245435,15.0,36.960711276822906,0,0,32.676721773958505
1674,0.41831120557590135,12549.33616727704,43.724709084689195,15.0,36.79921764876689,0,0,32.676721773958505
1675,0.4160876986290531,12482.630958871592,43.602843499848774,15.0,36.63326594870523,0,0,32.676721773958505
1676,0.41388149619874537,12416.44488596236,43.47774026933595,15.0,36.46290535170817,0,0,32.676721773958505
1677,0.4116930601006088,12350.791803018265,43.349436463937906,15.0,36.28818633929735,0,0,32.676721773958505
1678,0.40952284688572643,12285.685406571793,43.21797010284112,15.0,36.10916068448676,0,0,32.676721773958505
1679,0.4073713077053475,12221.139231160425,43.08338014236571,15.0,35.92588143644167,0,0,32.676721773958505
1680,0.40523888817720205,12157.166645316061,42.94570646442171,15.0,35.738402904758885,0,0,32.676721773958505
1681,0.40312602825345434,12093.78084760363,42.804989864691045,15.0,35.54678064337327,0,0,32.676721773958505
1682,0.4010331620903358,12030.994862710073,42.66127204053918,15.0,35.35107143409654,0,0,32.676721773958505
1683,0.3979951188015928,11939.853564047784,42.5145955786591,15.0,35.15133326979114,1,0,32.676721773958505
1684,0.3949409932745265,11848.229798235794,43.21437194119867,15.0,34.94762533718583,2,0,32.676721773958505
1685,0.39185646104017663,11755.693831205299,44.348076770559636,15.0,34.740007999337394,3,0,32.676721773958505
1686,0.38874164570676006,11662.249371202803,45.48220211513201,15.0,34.5285427777439,4,0,32.676721773958505
1687,0.3855966821113377,11567.900463340131,46.61634424985385,15.0,34.31329233411414,5,0,32.676721773958505
1688,0.38242171635686595,11472.651490705979,47.75009713448269,15.0,34.094320451800215,6,0,32.676721773958505
1689,0.37921690583778916,11376.507175133675,48.8830527775561,15.0,33.871692016896475,7,0,32.676721773958505
1690,0.375982419253878,11279.47257761634,50.014801609508446,15.0,33.64547299901304,8,0,32.676721773958505
1691,0.37271843661203335,11181.553098361,51.144932864582586,15.0,33.415730431727056,9,0,32.676721773958505
1692,0.3694251492157862,11082.754476473585,52.27303497115486,15.0,33.182532392719466,10,0,32.676721773958505
1693,0.36610275964223715,10983.082789267115,53.398695950065814,15.0,32.94594798360201,11,0,32.676721773958505
1694,0.3627514817061951,10882.544451185853,54.5215038205273,15.0,32.70604730944117,12,0,32.676721773958505
1695,0.3593715404112868,10781.146212338605,55.641047013152594,15.0,32.462901457983975,13,0,32.676721773958505
1696,0.3559631718878274,10678.895156634822,56.75691478963657,15.0,32.21658247859383,14,0,32.676721773958505
1697,0.3525266233172563,10575.798699517689,57.86869766858825,15.0,31.96716336090042,15,0,32.676721773958505
1698,0.34906215284296055,10471.864585288817,58.97598785699927,15.0,31.71471801317103,16,0,32.676721773958505
1699,0.3455700294673258,10367.100884019774,60.07837968681363,15.0,31.459321240410617,17,0,32.676721773958505
1700,0.34205053293487253,10261.515988046176,61.175470056039615,15.0,31.201048722194706,18,0,32.676721773958505
1701,0.3385039536013546,10155.118608040639,62.26685887383341,15.0,30.939976990244414,19,0,32.676721773958505
1702,0.33493059228871686,10047.917768661506,63.35214950896184,15.0,30.676183405748475,20,0,32.676721773958505
1703,0.33133076012582746,9939.922803774823,64.43094924103666,15.0,30.409746136438883,21,0,32.676721773958505
1704,0.3277047783749226,9831.143351247678,65.50286971390135,15.0,30.14074413342884,22,0,32.676721773958505
1705,0.3240529782437209,9721.589347311628,66.56752739053199,15.0,29.869257107817482,23,0,32.676721773958505
1706,0.32037570068318694,9611.271020495607,67.62454400880549,15.0,29.59536550706945,24,0,32.676721773958505
1707,0.3166732961709441,9500.198885128322,68.67354703747803,15.0,29.31915049117727,25,0,32.676721773958505
1708,0.31294612448036113,9388.383734410834,69.71417013170186,15.0,29.040693908611303,26,0,32.676721773958505
1709,0.30925607200357386,9277.682160107215,70.74605358740652,15.0,26.914551225523496,27,0,32.676721773958505
1710,0.3056109494060888,9168.328482182664,71.74570580643467,15.0,24.58648011485191,28,0,32.676721773958505
1711,0.3020102226803322,9060.306680409965,72.71038723880751,15.0,22.30955454738445,29,0,32.676721773958505
1712,0.298453364032908,8953.60092098724,73.6405409643657,15.0,20.083139200553887,30,0,32.676721773958505
1713,0.29493985180855936,8848.195554256781,74.53661683079537,15.0,17.90659422105152,31,0,32.676721773958505
1714,0.29146917041509934,8744.07511245298,75.39907123629874,15.0,15.779275414782632,32,0,32.676721773958505
1715,0.2880408102493017,8641.224307479051,76.22836691192252,15.0,13.700534437513241,33,0,32.676721773958505
1716,0.2846542676237395,8539.628028712186,77.02497270362721,15.0,11.66971898612141,34,0,32.676721773958505
1717,0.28130904469456064,8439.27134083682,77.78936335418736,15.0,9.686172990358884,35,0,32.676721773958505
1718,0.27800464939018926,8340.139481705677,78.52201928500527,15.0,7.749236805036574,36,0,32.676721773958505
1719,0.27474059534094303,8242.217860228291,79.22342637792292,15.0,5.858247402545203,37,0,32.676721773958505
1720,0.2715164018095552,8145.492054286657,79.8940757571119,15.0,4.012538565627594,38,0,32.676721773958505
1721,0.26833159362259035,8049.94780867771,80.5344635711263,15.0,2.211441080313591,39,0,32.676721773958505
1722,0.2651857011027441,7955.571033082322,81.14509077519278,15.0,0.4542829289397332,40,0,32.676721773958505
1723,0.2620782600020166,7862.347800060499,80.46685239698787,15.0,0.0,41,0,32.676721773958505
1724,0.259008811435749,7770.264343072469,79.34817360072597,15.0,0.0,42,0,32.676721773958505
1725,0.2559769018175124,7679.307054525373,78.24317211686963,15.0,0.0,43,0,32.676721773958505
1726,0.2529820827948413,7589.462483845238,77.15168465430447,15.0,0.0,44,0,32.676721773958505
1727,0.2500239111857984,7500.717335573953,76.07354980614286,15.0,0.0,45,0,32.676721773958505
1728,0.24710194891636472,7413.058467490941,75.00860802688744,15.0,0.0,46,0,32.676721773958505
1729,0.24421576295864136,7326.472888759241,73.9567016098913,15.0,0.0,47,0,32.676721773958505
1730,0.24136492526985695,7240.947758095708,72.9176746651109,15.0,0.0,48,0,32.676721773958505
1731,0.23854901273216858,7156.470381965058,71.8913730971485,15.0,0.0,49,0,32.676721773958505
1732,0.23576760709324826,7073.028212797448,70.87764458358069,15.0,0.0,50,0,32.676721773958505
1733,0.233020294907645,6990.60884722935,69.87633855356938,15.0,0.0,51,0,32.676721773958505
1734,0.23030666747891346,6909.200024367404,68.88730616675221,15.0,0.0,52,0,32.676721773958505
1735,0.22762632080249984,6828.789624074995,67.91040029240885,15.0,0.0,53,0,32.676721773958505
1736,0.22497885550937632,6749.36566528129,66.94547548889994,15.0,0.0,54,0,32.676721773958505
1737,0.22236387681041475,6670.916304312443,65.99238798337547,15.0,0.0,55,0,32.676721773958505
1738,0.21978099444149074,6593.429833244722,65.05099565174932,15.0,0.0,56,0,32.676721773958505
1739,0.21722982260930962,6516.894678279288,64.12115799893667,15.0,0.0,57,0,32.676721773958505
1740,0.2147099799379453,6441.299398138359,63.20273613935146,15.0,0.0,58,0,32.676721773958505
1741,0.2122210894160836,6366.632682482508,62.2955927776603,15.0,0.0,59,0,32.676721773958505
1742,0.2097627783449614,6292.883350348842,61.399592189790106,15.0,0.0,60,0,32.676721773958505
1743,0.20733467828699326,6220.040348609798,60.51460020418611,15.0,0.0,61,0,32.676721773958505
1744,0.20493642501507703,6148.092750452311,59.640484183317575,15.0,0.0,62,0,32.676721773958505
1745,0.2025676584625703,6077.029753877109,58.77711300542773,15.0,0.0,63,0,32.676721773958505
1746,0.20022802267392958,6006.840680217888,57.924357046525316,15.0,0.0,64,0,32.676721773958505
1747,0.1979171657560036,5937.514972680108,57.08208816261465,15.0,0.0,65,0,32.676721773958505
1748,0.1956347398299734,5869.042194899202,56.25017967216129,15.0,0.0,66,0,32.676721773958505
1749,0.1933804009839306,5801.412029517918,55.428506338790434,15.0,0.0,67,0,32.676721773958505
1750,0.19115380922608663,5734.614276782599,54.616944354215015,15.0,0.0,68,0,32.676721773958505
1751,0.18895462843860417,5668.638853158125,53.81537132139118,15.0,0.0,69,0,32.676721773958505
1752,0.18678252633204429,5603.475789961329,53.023666237897494,15.0,0.0,70,0,32.676721773958505
1753,0.18463717440042046,5539.115232012614,52.24170947953594,15.0,0.0,71,0,32.676721773958505
1754,0.1825182478768526,5475.547436305578,51.469382784151364,15.0,0.0,72,0,32.676721773958505
1755,0.18042542568981343,5412.762770694403,50.706569235666926,15.0,0.0,73,0,32.676721773958505
1756,0.1783583904199597,5350.7517125987915,49.95315324833284,15.0,0.0,74,0,32.676721773958505
1757,0.17631682825754064,5289.504847726219,49.2090205511855,15.0,0.0,75,0,32.676721773958505
1758,0.17430042896037698,5229.012868811309,48.47405817271462,15.0,0.0,76,0,32.676721773958505
1759,0.1723088858124027,5169.266574372081,47.74815442573572,15.0,0.0,77,0,32.676721773958505
1760,0.17034189558276272,5110.256867482882,47.03119889246497,15.0,0.0,78,0,32.676721773958505
1761,0.1683991584854592,5051.974754563776,46.32308240979458,15.0,0.0,79,0,32.676721773958505
1762,0.1664803781395395,4994.4113441861855,45.623697054765316,15.0,0.0,80,0,32.676721773958505
1763,0.1645852615298193,4937.557845894579,44.932936130234225,15.0,0.0,81,0,32.676721773958505
1764,0.16271351896813294,4881.405569043988,44.25069415073496,15.0,0.0,82,0,32.676721773958505
1765,0.1608648640551053,4825.9459216531595,43.57686682852786,15.0,0.0,83,0,32.676721773958505
1766,0.15903901364243786,4771.170409273136,42.91135105983791,15.0,0.0,84,0,32.676721773958505
1767,0.15723568779570218,4717.070633871065,42.25404491127763,15.0,0.0,85,0,32.676721773958505
1768,0.1554546097576345,4663.638292729035,41.604847606452786,15.0,0.0,86,0,32.676721773958505
1769,0.15369550591192485,4610.865177357746,40.96365951274842,15.0,0.0,87,0,32.676721773958505
1770,0.1519581057474939,4558.743172424817,40.33038212829295,15.0,0.0,88,0,32.676721773958505
1771,0.1502421418232512,4507.264254697537,39.70491806909781,15.0,0.0,89,0,32.676721773958505
1772,0.14854734973332892,4456.420491999867,39.087171056370444,15.0,0.0,90,0,32.676721773958505
1773,0.14687346807278376,4406.204042183513,38.47704590399841,15.0,0.0,91,0,32.676721773958505
1774,0.14522023840376205,4356.6071521128615,37.87444850620216,15.0,0.0,92,0,32.676721773958505
1775,0.14358740522212068,4307.62215666362,37.279285825354336,15.0,0.0,93,0,32.676721773958505
1776,0.14197471592449837,4259.241477734951,36.691465879963445,15.0,0.0,94,0,32.676721773958505
1777,0.14038192077583117,4211.457623274935,36.11089773281942,15.0,0.0,95,0,32.676721773958505
1778,0.13880877287730592,4164.263186319177,35.53749147929922,15.0,0.0,96,0,32.676721773958505
1779,0.13725502813474588,4117.650844042377,34.97115823583013,15.0,0.0,97,0,32.676721773958505
1780,0.13572044522742277,4071.613356822683,34.41181012850852,15.0,0.0,98,0,32.676721773958505
1781,0.13420478557728877,4026.143567318663,33.859360281872185,15.0,0.0,99,0,32.676721773958505
1782,0.13270781331862364,3981.234399558709,33.31372280782396,15.0,0.0,100,0,32.676721773958505
1783,0.13122929526809032,3936.8788580427095,32.77481279470451,15.0,0.0,101,0,32.676721773958505
1784,0.12976900089519391,3893.0700268558176,32.242546296512515,15.0,0.0,102,0,32.676721773958505
1785,0.1283267022931382,3849.801068794146,31.71684032226981,15.0,0.0,103,0,32.676721773958505
1786,0.12690217415007404,3807.065224502221,31.197612825529756,15.0,0.0,104,0,32.676721773958505
1787,0.12549519372073442,3764.855811622033,30.68478269402665,15.0,0.0,105,0,32.676721773958505
1788,0.1241055407984505,3723.166223953515,30.178269739464398,15.0,0.0,106,0,32.676721773958505
1789,0.12273299768754303,3681.989930626291,29.67799468744218,15.0,0.0,107,0,32.676721773958505
1790,0.12137734917608449,3641.3204752825345,29.183879167515496,15.0,0.0,108,0,32.676721773958505
1791,0.12003838250902574,3601.151475270772,28.695845703390418,15.0,0.0,109,0,32.676721773958505
1792,0.11871588736168268,3561.4766208504802,28.21381770324927,15.0,0.0,110,0,32.676721773958505
1793,0.11740965581357726,3522.2896744073178,27.737719450205763,15.0,0.0,111,0,32.676721773958505
1794,0.11611948232262798,3483.5844696788395,27.26747609288781,15.0,0.0,112,0,32.676721773958505
1795,0.1148451636996846,3445.354910990538,26.803013636146076,15.0,0.0,113,0,32.676721773958505
1796,0.11358649908340211,3407.5949725020632,26.344258931886458,15.0,0.0,114,0,32.676721773958505
1797,0.11234328991544897,3370.298697463469,25.891139670024756,15.0,0.0,115,0,32.676721773958505
1798,0.11111533991604455,3333.4601974813368,25.443584369561624,15.0,0.0,116,0,32.676721773958505
1799,0.10990245505982117,3297.073651794635,25.00152236977604,15.0,0.0,117,0,32.676721773958505
1800,0.1087044435520055,3261.133306560165,24.564883821535627,15.0,0.0,118,0,32.676721773958505
1801,0.10752111580491487,3225.633474147446,24.13359967872198,15.0,0.0,119,0,32.676721773958505
1802,0.1063522844147636,3190.5685324429082,23.707601689769355,15.0,0.0,120,0,32.676721773958505
1803,0.10519776413877464,3155.9329241632395,23.2868223893149,15.0,0.0,121,0,32.676721773958505
1804,0.10405737187259183,3121.721156177755,22.871195089958874,15.0,0.0,122,0,32.676721773958505
1805,0.10293092662798833,3087.92779883965,22.460653874133055,15.0,0.0,123,0,32.676721773958505
1806,0.10181824951086672,3054.5474853260016,22.055133586075804,15.0,0.0,124,0,32.676721773958505
1807,0.10071916369954578,3021.5749109863737,21.65456982391202,15.0,0.0,125,0,32.676721773958505
1808,0.09963349442333021,2989.0048326999063,21.258898931836484,15.0,0.0,126,0,32.676721773958505
1809,0.09856106894135823,2956.832068240747,20.868057992398874,15.0,0.0,127,0,32.676721773958505
1810,0.09750171652172329,2925.0514956516986,20.48198481888897,15.0,0.0,128,0,32.676721773958505
1811,0.0964552684208649,2893.6580526259468,20.100617947820382,15.0,0.0,129,0,32.676721773958505
1812,0.095421557863225,2862.6467358967498,19.72389663151136,15.0,0.0,130,0,32.676721773958505
1813,0.09440042002116514,2832.012600634954,19.351760830760995,15.0,0.0,131,0,32.676721773958505
1814,0.09339169199514055,2801.7507598542165,18.984151207619448,15.0,0.0,132,0,32.676721773958505
1815,0.09239521279412685,2771.8563838238056,18.621009118250598,15.0,0.0,133,0,32.676721773958505
1816,0.09141082331629534,2742.32469948886,18.262276605885667,15.0,0.0,134,0,32.676721773958505
1817,0.09043836632993288,2713.150989897986,17.907896393866324,15.0,0.0,135,0,32.676721773958505
1818,0.08947768645460233,2684.33059363807,17.557811878775837,15.0,0.0,136,0,32.676721773958505
1819,0.08852863014253952,2655.8589042761855,17.21196712365684,15.0,0.0,137,0,32.676721773958505
1820,0.08759104566028297,2627.731369808489,16.870306851314226,15.0,0.0,138,0,32.676721773958505
1821,0.08666478307053237,2599.943492115971,16.53277643770187,15.0,0.0,139,0,32.676721773958505
1822,0.08574969421423216,2572.4908264269648,16.199321905391653,15.0,0.0,140,0,32.676721773958505
1823,0.08484563269287619,2545.3689807862856,15.869889917123583,15.0,0.0,141,0,32.676721773958505
1824,0.08395245385102999,2518.5736155308996,15.54442776943543,15.0,0.0,142,0,32.676721773958505
1825,0.0830700147590668,2492.1004427720036,15.222883386370796,15.0,0.0,143,0,32.676721773958505
1826,0.08219817419611367,2465.94522588341,14.905205313264045,15.0,0.0,144,0,32.676721773958505
1827,0.08133679263320424,2440.1037789961274,14.59134271060092,15.0,0.0,145,0,32.676721773958505
1828,0.08048573221663442,2414.571966499033,14.281245347953531,15.0,0.0,146,0,32.676721773958505
1829,0.07964485675151751,2389.3457025455255,13.974863597988398,15.0,0.0,147,0,32.676721773958505
1830,0.07881403168553537,2364.420950566061,13.672148430546304,15.0,0.0,148,0,32.676721773958505
1831,0.07799312409288203,2339.793722786461,13.373051406792733,15.0,0.0,149,0,32.676721773958505
1832,0.07718200265839664,2315.4600797518992,13.077524673437528,15.0,0.0,150,0,32.676721773958505
1833,0.07638053766188202,2291.4161298564604,12.78552095702279,15.0,0.0,151,0,32.676721773958505
1834,0.07558860096260582,2267.6580288781747,12.496993558277527,15.0,0.0,152,0,32.676721773958505
1835,0.0748060659839809,2244.181979519427,12.211896346538095,15.0,0.0,153,0,32.676721773958505
1836,0.07403280769842163,2220.984230952649,11.930183754233123,15.0,0.0,154,0,32.676721773958505
1837,0.07326870261237306,2198.061078371192,11.651810771431787,15.0,0.0,155,0,32.676721773958505
1838,0.07251362875150981,2175.408862545294,11.376732940454303,15.0,0.0,156,0,32.676721773958505
1839,0.07176746564610137,2153.0239693830413,11.10490635054353,15.0,0.0,157,0,32.676721773958505
1840,0.07103009431654105,2130.9028294962313,10.836287632596495,15.0,0.0,158,0,32.676721773958505
1841,0.07030139725903523,2109.041917771057,10.570833953954775,15.0,0.0,159,0,32.676721773958505
1842,0.0695812584314503,2087.437752943509,10.308503013252682,15.0,0.0,160,0,32.676721773958505
1843,0.06886956323931404,2066.086897179421,10.04925303532211,15.0,0.0,161,0,32.676721773958505
1844,0.06816619852196854,2044.9859556590561,9.793042766153054,15.0,0.0,162,0,32.676721773958505
1845,0.06747105253887209,2024.1315761661626,9.539831467908673,15.0,0.0,163,0,32.676721773958505
1846,0.0667840149560469,2003.5204486814068,9.289578913993953,15.0,0.0,164,0,32.676721773958505
1847,0.06610497683266997,1983.1493049800993,9.042245384176884,15.0,0.0,165,0,32.676721773958505
1848,0.06543383060780451,1963.0149182341354,8.797791659761192,15.0,0.0,166,0,32.676721773958505
1849,0.06477047008726891,1943.1141026180671,8.556179018809626,15.0,0.0,167,0,32.676721773958505
1850,0.06411479043064082,1923.4437129192247,8.317369231416805,15.0,0.0,168,0,32.676721773958505
1851,0.06346668813839372,1904.0006441518117,8.081324555030697,15.0,0.0,169,0,32.676721773958505
1852,0.06282606103916319,1884.7818311748958,7.848007729821742,15.0,0.0,170,0,32.676721773958505
1853,0.06219280827714052,1865.7842483142156,7.617381974098752,15.0,0.0,171,0,32.676721773958505
1854,0.06156683029959106,1847.0049089877318,7.389410979770589,15.0,0.0,172,0,32.676721773958505
1855,0.060948028844494864,1828.440865334846,7.164058907852784,15.0,0.0,173,0,32.676721773958505
1856,0.06033630692830715,1810.0892078492145,6.941290384018153,15.0,0.0,174,0,32.676721773958505
1857,0.05973156883383621,1791.9470650150863,6.721070494190574,15.0,0.0,175,0,32.676721773958505
1858,0.05913372009823642,1774.0116029470926,6.5033647801810375,15.0,0.0,176,0,32.676721773958505
1859,0.058542667501113956,1756.2800250334187,6.2881392353651115,15.0,0.0,177,0,32.676721773958505
1860,0.05795831905274303,1738.749571582291,6.075360300401027,15.0,0.0,178,0,32.676721773958505
1861,0.05738058398239028,1721.4175194717084,5.864994858987494,15.0,0.0,179,0,32.676721773958505
1862,0.05680937272674518,1704.2811818023554,5.6570102336605,15.0,0.0,180,0,32.676721773958505
1863,0.05624459691845427,1687.3379075536282,5.451374181628264,15.0,0.0,181,0,32.676721773958505
1864,0.0556861693747571,1670.585081242713,5.248054890643537,15.0,0.0,182,0,32.676721773958505
1865,0.05513400408622163,1654.0201225866488,5.047020974912556,15.0,0.0,183,0,32.676721773958505
1866,0.05458801620557727,1637.640486167318,4.848241471039785,15.0,0.0,184,0,32.676721773958505
1867,0.054048122036643276,1621.4436610992982,4.651685834007814,15.0,0.0,185,0,32.676721773958505
1868,0.05351423902335072,1605.4271707005216,4.457323933191578,15.0,0.0,186,0,32.676721773958505
1869,0.05298628573885587,1589.5885721656762,4.265126048406259,15.0,0.0,187,0,32.676721773958505
1870,0.05246418187474321,1573.9254562422961,4.075062865988116,15.0,0.0,188,0,32.676721773958505
1871,0.051947848230316125,1558.4354469094837,3.8871054749075533,15.0,0.0,189,0,32.676721773958505
1872,0.05143720670197346,1543.1162010592038,3.701225362913807,15.0,0.0,190,0,32.676721773958505
1873,0.05093218027267007,1527.965408180102,3.517394412710445,15.0,0.0,191,0,32.676721773958505
1874,0.05043269300145957,1512.980790043787,3.335584898161226,15.0,0.0,192,0,32.676721773958505
1875,0.04993867001311762,1498.1601003935286,3.155769480525443,15.0,0.0,193,0,32.676721773958505
