tick,basin_frac,basin_level_ml,dc_total_draw_ml,community_received_ml,farm_total_received_ml,community_complaints,active_cap,total_dc_capacity_ml
0,0.8017370638535906,24052.11191560772,5.022030736173998,15.0,2.860266205605214,0,0,8.368759659428711
1,0.8034740328285858,24104.220984857573,5.0237663859301716,15.0,2.866932857619479,0,0,8.368759659428711
2,0.8052105000465921,24156.315001397765,5.026493229384151,15.0,2.8774066967914615,0,0,8.368759659428711
3,0.806946058777898,24208.38176333694,5.030210458513368,15.0,2.8916846194965684,0,0,8.368759659428711
4,0.8086803025619955,24260.409076859865,5.034916971822611,15.0,2.90976239487816,0,0,8.368759659428711
5,0.8104128253280242,24312.384759840726,5.040611374670409,15.0,2.9316346661012416,0,0,8.368759659428711
6,0.8121432215150985,24364.296645452956,5.047291979682305,15.0,2.957294951939807,0,0,8.368759659428711
7,0.8138710861924842,24416.132585774525,5.054956807250851,15.0,2.9867356486973695,0,0,8.368759659428711
8,0.8155960151795875,24467.880455387625,5.063603586122221,15.0,3.0199480324600936,0,0,8.368759659428711
9,0.8173176051657237,24519.52815497171,5.073229754069223,15.0,3.056922261681892,0,0,8.368759659428711
10,0.8190354538296257,24571.06361488877,5.083832458650541,15.0,3.0976473801006756,0,0,8.368759659428711
11,0.8207491599586609,24622.474798759828,5.095408558055987,15.0,3.142111319984936,0,0,8.368759659428711
12,0.8224583235677193,24673.74970703158,5.107954622037472,15.0,3.190300905709678,0,0,8.368759659428711
13,0.8241625460177378,24724.876380532132,5.121466932925472,15.0,3.242201857660632,0,0,8.368759659428711
14,0.8258614301338248,24775.842904014746,5.135941486730653,15.0,3.297798796465621,0,0,8.368759659428711
15,0.8275545803229529,24826.63740968859,5.151373994330332,15.0,3.3570752475517978,0,0,8.368759659428711
16,0.8292416026911807,24877.248080735422,5.1677598827394515,15.0,3.4200136460274146,0,0,8.368759659428711
17,0.8309221051603726,24927.663154811176,5.185094296465637,15.0,3.486595341886683,0,0,8.368759659428711
18,0.8325956975843791,24977.870927531374,5.203372098947994,15.0,3.5568006055361656,0,0,8.368759659428711
19,0.8342619918646471,25027.859755939415,5.2225878740791805,15.0,3.630608633641093,0,0,8.368759659428711
20,0.8359206020652206,25077.61806195662,5.242735927810314,15.0,3.707997555289827,0,0,8.368759659428711
21,0.8375711445271021,25127.134335813065,5.2638102898382435,15.0,3.7889444384746946,0,0,8.368759659428711
22,0.8392132379819397,25176.39713945819,5.285804715374677,15.0,3.8734252968872327,0,0,8.368759659428711
23,0.8408465036650038,25225.395109950114,5.308712686996653,15.0,3.961415097025847,0,0,8.368759659428711
24,0.842470565427425,25274.11696282275,5.332527416577781,15.0,4.052887765613777,0,0,8.368759659428711
25,0.8440850498476536,25322.55149542961,5.357241847299727,15.0,4.147816197325184,0,0,8.368759659428711
26,0.8456895863421134,25370.687590263402,5.382848655743282,15.0,4.246172262817024,0,0,8.368759659428711
27,0.8472838072750132,25418.514218250395,5.409340254058466,15.0,4.347926817064396,0,0,8.368759659428711
28,0.8488673480672853,25466.02044201856,5.436708792212965,15.0,4.453049707996836,0,0,8.368759659428711
29,0.8504398473046182,25513.195419138545,5.4649461603182585,15.0,4.561509785433017,0,0,8.368759659428711
30,0.8520009468445513,25560.02840533654,5.494043991032768,15.0,4.67327491031124,0,0,8.368759659428711
31,0.8535502919226006,25606.508757678017,5.523993662041267,15.0,4.788311964212911,0,0,8.368759659428711
32,0.8550875312573827,25652.62593772148,5.55478629860987,15.0,4.906586859176256,0,0,8.368759659428711
33,0.8566123171547071,25698.369514641214,5.586412776215804,15.0,5.02806454779732,0,0,8.368759659428711
34,0.8581243056106058,25743.729168318176,5.618863723251199,15.0,5.152709033615259,0,0,8.368759659428711
35,0.8596231564132687,25788.69469239806,5.652129523800095,15.0,5.280483381778872,0,0,8.368759659428711
36,0.861108533243856,25833.25599731568,5.686200320487861,15.0,5.411349729991211,0,0,8.368759659428711
37,0.8625801037761566,25877.403113284698,5.7210660174021255,15.0,5.545269299728968,0,0,8.368759659428711
38,0.8640375397750634,25921.1261932519,5.756716283084431,15.0,5.682202407733411,0,0,8.368759659428711
39,0.8654805171938368,25964.415515815104,5.793140553591662,15.0,5.822108477769375,0,0,8.368759659428711
40,0.8669087162701266,26007.261488103795,5.830328035626364,15.0,5.964946052648893,0,0,8.368759659428711
41,0.868321821620724,26049.65464862172,5.868267709735041,15.0,6.11067280651584,0,0,8.368759659428711
42,0.8697195223350175,26091.585670050525,5.906948333573448,15.0,6.259245557388004,0,0,8.368759659428711
43,0.871101512067121,26133.045362013632,5.946358445237944,15.0,6.410620279952836,0,0,8.368759659428711
44,0.8724674891266524,26174.024673799573,5.986486366661907,15.0,6.564752118613113,0,0,8.368759659428711
45,0.8738171565681293,26214.51469704388,6.027320207076184,15.0,6.721595400778591,0,0,8.368759659428711
46,0.8751502222789616,26254.506668368846,6.068847866532596,15.0,6.881103650399824,0,0,8.368759659428711
47,0.8764663990660098,26293.991971980293,6.111057039489404,15.0,7.043229601739966,0,0,8.368759659428711
48,0.8777654047406876,26332.96214222063,6.153935218457714,15.0,7.207925213380678,0,0,8.368759659428711
49,0.8790469622025796,26371.40886607739,6.19746969770771,15.0,7.375141682457806,0,0,8.368759659428711
50,0.8803107995215523,26409.32398564657,6.241647577033638,15.0,7.5448294591227345,0,0,8.368759659428711
51,0.8815566500183332,26446.699500549996,6.286455765576418,15.0,7.716938261225078,0,0,8.368759659428711
52,0.8827842523435332,26483.527570305996,6.331880985702748,15.0,7.891417089212361,0,0,8.368759659428711
53,0.8839933505550903,26519.80051665271,6.377909776939542,15.0,8.068214241242284,0,0,8.368759659428711
54,0.885183694194111,26555.51082582333,6.4245284999625785,15.0,8.247277328503115,0,0,8.368759659428711
55,0.8863550383590859,26590.651150772577,6.47172334063811,15.0,8.428553290737593,0,0,8.368759659428711
56,0.8875071437784603,26625.21431335381,6.519480314116295,15.0,8.611988411965857,0,0,8.368759659428711
57,0.8886397768815346,26659.19330644604,6.567785268975213,15.0,8.797528336402628,0,0,8.368759659428711
58,0.8897527098676772,26692.581296030316,6.616623891414235,15.0,8.985118084564022,0,0,8.368759659428711
59,0.890845720773826,26725.371623214778,6.6659817094955045,15.0,9.174702069559132,0,0,8.368759659428711
60,0.891918593540261,26757.55780620783,6.7158440974322975,15.0,9.366224113561657,0,0,8.368759659428711
61,0.8929711180746283,26789.133542238847,6.76619627992295,15.0,9.559627464456565,0,0,8.368759659428711
62,0.8940030903141936,26820.092709425808,6.8170233365290995,15.0,9.754854812657005,0,0,8.368759659428711
63,0.8950143122863115,26850.429368589343,6.868310206096938,15.0,9.951848308086355,0,0,8.368759659428711
64,0.8960045921670883,26880.13776501265,6.92004169122015,15.0,10.150549577320447,0,0,8.368759659428711
65,0.8969737443382244,26909.212330146733,6.972202462743236,15.0,10.350899740884886,0,0,8.368759659428711
66,0.8979215894420162,26937.647683260486,7.024777064303873,15.0,10.552839430702297,0,0,8.368759659428711
67,0.8988479544345042,26965.438633035126,7.077749916912966,15.0,10.756308807684366,0,0,8.368759659428711
68,0.8997526726367494,26992.580179102482,7.131105323571037,15.0,10.961247579463475,0,0,8.368759659428711
69,0.9006355837842238,27019.067513526716,7.184827473919592,15.0,11.167595018258595,0,0,8.368759659428711
70,0.9014965340743006,27044.89602222902,7.2389004489260635,15.0,11.375289978870274,0,0,8.368759659428711
71,0.9023353762118288,27070.061286354863,7.293308225600964,15.0,11.584270916799257,0,0,8.368759659428711
72,0.90315196945278,27094.5590835834,7.348034681745851,15.0,11.794475906483456,0,0,8.368759659428711
73,0.9039461796459546,27118.385389378636,7.403063600730675,15.0,12.005842659647836,0,0,8.368759659428711
74,0.9047178792727324,27141.536378181972,7.458378676299119,15.0,12.218308543761761,0,0,8.368759659428711
75,0.9054669474848605,27164.008424545813,7.513963517400496,15.0,12.431810600598386,0,0,8.368759659428711
76,0.9061932701402619,27185.798104207857,7.569801653046766,15.0,12.646285564890512,0,0,8.368759659428711
77,0.9068967398368596,27206.902195105788,7.625876537193254,15.0,12.861669883077472,0,0,8.368759659428711
78,0.9075772559444011,27227.317678332034,7.6821715536415915,15.0,13.077899732137414,0,0,8.368759659428711
79,0.9082347246342779,27247.041739028336,7.738670020963458,15.0,13.294911038499441,0,0,8.368759659428711
80,0.9088690589073285,27266.071767219855,7.795355197443651,15.0,13.512639497029985,0,0,8.368759659428711
81,0.9094801786196189,27284.405358588567,7.852210286041009,15.0,13.731020590087823,0,0,8.368759659428711
82,0.91006801050619,27302.0403151857,7.909218439365753,15.0,13.949989606642031,0,0,8.368759659428711
83,0.9106324882027681,27318.974646083043,7.966362764671712,15.0,14.169481661447264,0,0,8.368759659428711
84,0.9111735522654302,27335.206567962905,8.023626328862024,15.0,14.38943171427066,0,0,8.368759659428711
85,0.9116911501882183,27350.73450564655,8.080992163506771,15.0,14.609774589164653,0,0,8.368759659428711
86,0.912185236418698,27365.55709256094,8.138443269871091,15.0,14.830444993780024,0,0,8.368759659428711
87,0.9126557723714568,27379.673171143702,8.195962623952273,15.0,15.05137753871343,0,0,8.368759659428711
88,0.9131027264395376,27393.081793186127,8.253533181524329,15.0,15.27250675688369,0,0,8.368759659428711
89,0.9135260740038051,27405.782220114153,8.31113788318858,15.0,15.493767122931102,0,0,8.368759659428711
90,0.9139257974402402,27417.773923207205,8.368759659428711,15.0,15.715093072634016,0,0,8.368759659428711
91,0.9143018861251626,27429.05658375488,8.426381435668842,15.0,15.936419022336931,0,0,8.368759659428711
92,0.9146543364383793,27439.63009315138,8.483986137333094,15.0,16.157679388384345,0,0,8.368759659428711
93,0.9149831517642567,27449.494552927703,8.541556694905152,15.0,16.3788086065546,0,0,8.368759659428711
94,0.9152883424907183,27458.65027472155,8.599076048986332,15.0,16.59974115148801,0,0,8.368759659428711
95,0.915569926006166,27467.09778018498,8.656527155350652,15.0,16.82041155610338,0,0,8.368759659428711
96,0.9158279266943281,27474.837800829842,8.713892989995397,15.0,17.040754430997374,0,0,8.368759659428711
97,0.9160623759270334,27481.871277811002,8.77115655418571,15.0,17.260704483820767,0,0,8.368759659428711
98,0.9162733120549151,27488.199361647454,8.828300879491671,15.0,17.480196538626004,0,0,8.368759659428711
99,0.9164607803960473,27493.823411881418,8.885309032816414,15.0,17.69916555518021,0,0,8.368759659428711
100,0.916624833222515,27498.74499667545,8.942164121413773,15.0,17.917546648238044,0,0,8.368759659428711
101,0.9167655297449263,27502.96589234779,8.998849297893967,15.0,18.135275106768596,0,0,8.368759659428711
102,0.9168829360948659,27506.48808284598,9.055347765215831,15.0,18.35228641313062,0,0,8.368759659428711
103,0.9169771253052995,27509.313759158984,9.111642781664171,15.0,18.56851626219056,0,0,8.368759659428711
104,0.9170481772889318,27511.445318667957,9.167717665810658,15.0,18.783900580377523,0,0,8.368759659428711
105,0.9170961788145279,27512.885364435835,9.223555801456929,15.0,18.99837554466965,0,0,8.368759659428711
106,0.9171212234812002,27513.636704436005,9.279140642558305,15.0,19.21187760150627,0,0,8.368759659428711
107,0.9171234116906744,27513.702350720232,9.334455718126748,15.0,19.424343485620195,0,0,8.368759659428711
108,0.9171028506175378,27513.085518526135,9.389484637111574,15.0,19.635710238784576,0,0,8.368759659428711
109,0.9170596541774809,27511.78962532443,9.44421109325646,15.0,19.845915228468776,0,0,8.368759659428711
110,0.9169939429935421,27509.818289806262,9.498618869931361,15.0,20.054896166397757,0,0,8.368759659428711
111,0.9169058443603639,27507.17533081092,9.552691844937833,15.0,20.262591127009436,0,0,8.368759659428711
112,0.9167954922064737,27503.864766194212,9.606413995286387,15.0,20.46893856580456,0,0,8.368759659428711
113,0.9166630270545972,27499.890811637917,9.659769401944459,15.0,20.67387733758366,0,0,8.368759659428711
114,0.9165085959800184,27495.257879400553,9.71274225455355,15.0,20.877346714565736,0,0,8.368759659428711
115,0.9163323525669984,27489.970577009954,9.765316856114188,15.0,21.079286404383147,0,0,8.368759659428711
116,0.9161344568632652,27484.033705897957,9.817477627637274,15.0,21.279636567947584,0,0,8.368759659428711
117,0.9159150753325875,27477.452259977625,9.869209112760485,15.0,21.478337837181677,0,0,8.368759659428711
118,0.9156743808054482,27470.231424163445,9.920495982328324,15.0,21.675331332611027,0,0,8.368759659428711
119,0.9154125524278313,27462.37657283494,9.971323038934475,15.0,21.87055868081147,0,0,8.368759659428711
120,0.9151297756081366,27453.893268244097,10.021675221425127,15.0,22.063962031706374,0,0,8.368759659428711
121,0.9148262419622393,27444.787258867178,10.071537609361918,15.0,22.2554840757089,0,0,8.368759659428711
122,0.9145021492567104,27435.06447770131,10.120895427443191,15.0,22.445068060704013,0,0,8.368759659428711
123,0.914157701350214,27424.73104050642,10.16973404988221,15.0,22.632657808865403,0,0,8.368759659428711
124,0.9137931081330993,27413.79324399298,10.21803900474113,15.0,22.818197733302178,0,0,8.368759659428711
125,0.913408585465206,27402.25756395618,10.265795978219314,15.0,23.00163285453044,0,0,8.368759659428711
126,0.9130043551119001,27390.130653357006,10.312990818894846,15.0,23.182908816764918,0,0,8.368759659428711
127,0.9125806446783602,27377.419340350807,10.359609541917882,15.0,23.36197190402575,0,0,8.368759659428711
128,0.912137687542133,27364.13062626399,10.405638333154677,15.0,23.53876905605567,0,0,8.368759659428711
129,0.9116757227839783,27350.27168351935,10.451063553281005,15.0,23.71324788404295,0,0,8.368759659428711
130,0.9111949951170253,27335.849853510757,10.495871741823786,15.0,23.8853566861453,0,0,8.368759659428711
131,0.9106957548142571,27320.872644427713,10.540049621149715,15.0,24.055044462810226,0,0,8.368759659428711
132,0.910178257634351,27305.34772903053,10.58358410039971,15.0,24.222260931887355,0,0,8.368759659428711
133,0.9096427647458907,27289.28294237672,10.62646227936802,15.0,24.38695654352807,0,0,8.368759659428711
134,0.9090895426499768,27272.686279499303,10.668671452324828,15.0,24.54908249486821,0,0,8.368759659428711
135,0.9085188631012565,27255.565893037696,10.71019911178124,15.0,24.70859074448944,0,0,8.368759659428711
136,0.9079310030273974,27237.930090821923,10.751032952195516,15.0,24.86543402665492,0,0,8.368759659428711
137,0.907326244447027,27219.78733341081,10.791160873619479,15.0,25.019565865315194,0,0,8.368759659428711
138,0.9067048743861655,27201.146231584968,10.830570985283977,15.0,25.170940587880033,0,0,8.368759659428711
139,0.9060671847931732,27182.015543795194,10.869251609122383,15.0,25.31951333875219,0,0,8.368759659428711
140,0.9054134724522394,27162.40417356718,10.907191283231061,15.0,25.46524009261914,0,0,8.368759659428711
141,0.9047440388954401,27142.321166863203,10.944378765265762,15.0,25.608077667498655,0,0,8.368759659428711
142,0.9040591903133866,27121.775709401598,10.980803035772993,15.0,25.747983737534625,0,0,8.368759659428711
143,0.9033592374644945,27100.777123934837,11.016453301455298,15.0,25.884916845539067,0,0,8.368759659428711
144,0.9026444955829005,27079.334867487014,11.051318998369563,15.0,26.01883641527682,0,0,8.368759659428711
145,0.9019152842850501,27057.458528551502,11.085389795057328,15.0,26.14970276348916,0,0,8.368759659428711
146,0.9011719274749893,27035.15782424968,11.118655595606226,15.0,26.27747711165277,0,0,8.368759659428711
147,0.9004147532483848,27012.442597451543,11.15110654264162,15.0,26.40212159747071,0,0,8.368759659428711
148,0.8996440937953019,26989.322813859057,11.182733020247554,15.0,26.523599286091773,0,0,8.368759659428711
149,0.8988602853017696,26965.80855905309,11.213525656816156,15.0,26.641874181055123,0,0,8.368759659428711
150,0.8980636678501615,26941.910035504843,11.243475327824656,15.0,26.756911234956796,0,0,8.368759659428711
151,0.8972545853184214,26917.63755955264,11.272573158539164,15.0,26.868676359835014,0,0,8.368759659428711
152,0.896433385278166,26893.00155834498,11.300810526644458,15.0,26.9771364372712,0,0,8.368759659428711
153,0.895600418891691,26868.012566750727,11.328179064798958,15.0,27.082259328203637,0,0,8.368759659428711
154,0.8947560408079143,26842.68122423743,11.354670663114142,15.0,27.184013882451005,0,0,8.368759659428711
155,0.8939006090572863,26817.01827171859,11.380277471557697,15.0,27.282369947942847,0,0,8.368759659428711
156,0.8930344849456973,26791.034548370917,11.404991902279642,15.0,27.377298379654256,0,0,8.368759659428711
157,0.8921580329474148,26764.740988422443,11.42880663186077,15.0,27.468771048242186,0,0,8.368759659428711
158,0.8912716205970821,26738.148617912462,11.451714603482746,15.0,27.556760848380797,0,0,8.368759659428711
159,0.8903756183808098,26711.268551424295,11.473709029019181,15.0,27.641241706793338,0,0,8.368759659428711
160,0.8894703996263928,26684.111988791785,11.49478339104711,15.0,27.722188589978202,0,0,8.368759659428711
161,0.888556340392685,26656.69021178055,11.514931444778245,15.0,27.799577511626936,0,0,8.368759659428711
162,0.8876338193581654,26629.014580744963,11.53414721990943,15.0,27.873385539731867,0,0,8.368759659428711
163,0.8867032177087267,26601.096531261803,11.552425022391786,15.0,27.943590803381348,0,0,8.368759659428711
164,0.8857649190247229,26572.947570741686,11.569759436117971,15.0,28.010172499240618,0,0,8.368759659428711
165,0.8848193091673047,26544.57927501914,11.586145324527092,15.0,28.073110897716234,0,0,8.368759659428711
166,0.8838667761640816,26516.003284922448,11.601577832126772,15.0,28.13238734880241,0,0,8.368759659428711
167,0.8829077100941408,26487.231302824224,11.616052385931953,15.0,28.1879842876074,0,0,8.368759659428711
168,0.881942502972458,26458.27508917374,11.629564696819953,15.0,28.239885239558355,0,0,8.368759659428711
169,0.8809715486337352,26429.146459012056,11.642110760801437,15.0,28.288074825283097,0,0,8.368759659428711
170,0.8799952426156986,26399.857278470958,11.653686860206882,15.0,28.332538765167357,0,0,8.368759659428711
171,0.8790139820418924,26370.419461256774,11.664289564788202,15.0,28.37326388358614,0,0,8.368759659428711
172,0.8780281655040031,26340.844965120094,11.673915732735203,15.0,28.41023811280794,0,0,8.368759659428711
173,0.8770381929437472,26311.145788312417,11.682562511606573,15.0,28.44345049657066,0,0,8.368759659428711
174,0.8760444655343607,26281.33396603082,11.69022733917512,15.0,28.472891193328223,0,0,8.368759659428711
175,0.8750473855617218,26251.421566851655,11.696907944187014,15.0,28.498551479166792,0,0,8.368759659428711
176,0.8740473563051465,26221.420689154394,11.702602347034812,15.0,28.520423750389874,0,0,8.368759659428711
177,0.8730447819178865,26191.343457536594,11.707308860344057,15.0,28.538501525771462,0,0,8.368759659428711
178,0.8720400673073709,26161.202019221128,11.711026089473274,15.0,28.55277944847657,0,0,8.368759659428711
179,0.8710336180152233,26131.0085404567,11.713752932927253,15.0,28.563253287648553,0,0,8.368759659428711
180,0.8700258400970906,26100.77520291272,11.715488582683426,15.0,28.569919939662817,0,0,8.368759659428711
181,0.8690171400023204,26070.514200069614,11.716232524431312,15.0,28.572777429046496,0,0,8.368759659428711
182,0.8680079244535214,26040.23773360564,11.715984537724921,15.0,28.57182490906382,0,0,8.368759659428711
183,0.8669986003260419,26009.958009781258,11.714744696048058,15.0,28.567062661967007,0,0,8.368759659428711
184,0.8659895745274049,25979.687235822148,11.712513366792574,15.0,28.55849209891265,0,0,8.368759659428711
185,0.864981253876732,25949.43761630196,11.709291211149484,15.0,28.546115759543557,0,0,8.368759659428711
186,0.863974044984194,25919.22134952582,11.705079183913043,15.0,28.529937311236186,0,0,8.368759659428711
187,0.862968354130524,25889.05062391572,11.699878533197822,15.0,28.509961548013926,0,0,8.368759659428711
188,0.8619645871466273,25858.93761439882,11.693690800068874,15.0,28.48619438912653,0,0,8.368759659428711
189,0.8609631492933252,25828.894478799757,11.68651781808506,15.0,28.45864287729612,0,0,8.368759659428711
190,0.8599644451412675,25798.933354238023,11.678361712755754,15.0,28.42731517663026,0,0,8.368759659428711
191,0.8589688784510486,25769.06635353146,11.669224900910983,15.0,28.392220570202763,0,0,8.368759659428711
192,0.8579768520535662,25739.305561606987,11.659110089985287,15.0,28.353369457302914,0,0,8.368759659428711
193,0.8569887677306521,25709.663031919565,11.648020277215437,15.0,28.31077335035395,0,0,8.368759659428711
194,0.8560050260960169,25680.150782880508,11.6359587487523,15.0,28.264444871501652,0,0,8.368759659428711
195,0.8550260264765385,25650.780794296155,11.622929078687063,15.0,28.214397748874156,0,0,8.368759659428711
196,0.8540521667939337,25621.56500381801,11.608935127992172,15.0,28.160646812513995,0,0,8.368759659428711
197,0.8530838434468445,25592.515303405336,11.593981043377232,15.0,28.103207989983666,0,0,8.368759659428711
198,0.852121451193378,25563.64353580134,11.578071256060252,15.0,28.042098301645908,0,0,8.368759659428711
199,0.8511653830341297,25534.961491023892,11.561210480454571,15.0,27.977335855620233,0,0,8.368759659428711
200,0.8502160300957299,25506.480902871896,11.543403712771886,15.0,27.908939842417084,0,0,8.368759659428711
201,0.8492737815149434,25478.213445448302,11.524656229541769,15.0,27.836930529251283,0,0,8.368759659428711
202,0.8483390243233612,25450.170729700836,11.5049735860481,15.0,27.761329254036404,0,0,8.368759659428711
203,0.8474121433327138,25422.36429998141,11.484361614682932,15.0,27.68215841906191,0,0,8.368759659428711
204,0.8464935210208431,25394.80563062529,11.462826423218228,15.0,27.59944148435485,0,0,8.368759659428711
205,0.8455835374183664,25367.506122550993,11.440374392995983,15.0,27.513202960728144,0,0,8.368759659428711
206,0.8446825699960653,25340.47709988196,11.417012177037304,15.0,27.423468402517535,0,0,8.368759659428711
207,0.843790993553032,25313.72980659096,11.392746698070983,15.0,27.33026440000925,0,0,8.368759659428711
208,0.8429091801056093,25287.27540316828,11.367585146482126,15.0,27.23361857156073,0,0,8.368759659428711
209,0.842037498777154,25261.124963314618,11.3415349781815,15.0,27.13355955541674,0,0,8.368759659428711
210,0.8411763156886565,25235.289470659693,11.314603912396183,15.0,27.03011700122321,0,0,8.368759659428711
211,0.8403259938502526,25209.77981550758,11.286799929382186,15.0,26.923321561241423,0,0,8.368759659428711
212,0.8394868930536556,25184.60679160967,11.258131268059731,15.0,26.81320488126508,0,0,8.368759659428711
213,0.8386593697655415,25159.781092966245,11.228606423571897,15.0,26.69979959124297,0,0,8.368759659428711
214,0.8378437770219208,25135.313310657624,11.198234144767298,15.0,26.583139295610017,0,0,8.368759659428711
215,0.8370404643235264,25111.21392970579,11.16702343160763,15.0,26.463258563329546,0,0,8.368759659428711
216,0.8362497775322485,25087.493325967454,11.13498353250079,15.0,26.340192917649773,0,0,8.368759659428711
217,0.8354720587686485,25064.161763059456,11.102123941560357,15.0,26.213978825577485,0,0,8.368759659428711
218,0.8347076463105816,25041.229389317446,11.068454395792294,15.0,26.08465368707209,0,0,8.368759659428711
219,0.8339568744929572,25018.706234788715,11.033984872209665,15.0,25.95225582396319,0,0,8.368759659428711
220,0.8332200736086687,24996.60220826006,10.998725584876215,15.0,25.816824468595,0,0,8.368759659428711
221,0.8324975698107203,24974.92709432161,10.962686981879745,15.0,25.678399752200967,0,0,8.368759659428711
222,0.8317896850155815,24953.690550467443,10.925879742236095,15.0,25.53702269301202,0,0,8.368759659428711
223,0.8310967368077948,24932.902104233846,10.888314772724737,15.0,25.392735184101944,0,0,8.368759659428711
224,0.8304190383458706,24912.57115037612,10.850003204656858,15.0,25.245579980973616,0,0,8.368759659428711
225,0.8297568982694896,24892.706948084688,10.810956390576901,15.0,25.095600688889597,0,0,8.368759659428711
226,0.8291106206080475,24873.318618241425,10.771185900898589,15.0,24.942841749950947,0,0,8.368759659428711
227,0.8284805046905641,24854.415140716923,10.730703520476322,15.0,24.78734842992808,0,0,8.368759659428711
228,0.8278668450569855,24836.005351709566,10.689521245113104,15.0,24.629166804847543,0,0,8.368759659428711
229,0.8272699313709059,24818.097941127176,10.64765127800591,15.0,24.46834374733868,0,0,8.368759659428711
230,0.8266900483337336,24800.70145001201,10.605106026129624,15.0,24.30492691274428,0,0,8.368759659428711
231,0.8261274756003286,24783.82426800986,10.561898096560576,15.0,24.138964724999262,0,0,8.368759659428711
232,0.8255824876961338,24767.474630884015,10.518040292740803,15.0,23.970506362281604,0,0,8.368759659428711
233,0.8250553539358279,24751.660618074835,10.473545610684102,15.0,23.799601742439812,0,0,8.368759659428711
234,0.8245463383435211,24736.390150305633,10.428427235125044,15.0,23.626301508201177,0,0,8.368759659428711
235,0.82405569957452,24721.6709872356,10.38269853561204,15.0,23.450657012165216,0,0,8.368759659428711
236,0.8235836908386815,24707.510725160446,10.336373062545663,15.0,23.27272030158683,0,0,8.368759659428711
237,0.8231305598253817,24693.91679476145,10.289464543163366,15.0,23.092544102953546,0,0,8.368759659428711
238,0.8226965486301199,24680.896458903597,10.241986877471813,15.0,22.91018180636155,0,0,8.368759659428711
239,0.8222818936827809,24668.45681048343,10.193954134128,15.0,22.725687449695023,0,0,8.368759659428711
240,0.8218868256775755,24656.604770327267,10.145380546270411,15.0,22.53911570261355,0,0,8.368759659428711
241,0.8215115695046806,24645.34708514042,10.09628050730143,15.0,22.350521850352344,0,0,8.368759659428711
242,0.8211563441836001,24634.690325508003,10.046668566622273,15.0,22.159961777340015,0,0,8.368759659428711
243,0.8208213627982633,24624.6408839479,9.99655942532167,15.0,21.967491950638824,0,0,8.368759659428711
244,0.8205068324338856,24615.204973016567,9.945967931819641,15.0,21.773169403212265,0,0,8.368759659428711
245,0.8202129541156026,24606.388623468076,9.89490907746756,15.0,21.577051717024958,0,0,8.368759659428711
246,0.8199399227489033,24598.197682467096,9.84339799210591,15.0,21.37919700597989,0,0,8.368759659428711
247,0.819687927061875,24590.63781185625,9.791449939580989,15.0,21.179663898697996,0,0,8.368759659428711
248,0.8194571495492791,24583.714486478373,9.739080313221887,15.0,20.97851152114524,0,0,8.368759659428711
249,0.819247766418474,24577.43299255422,9.686304631279123,15.0,20.775799479112315,0,0,8.368759659428711
250,0.819059947537201,24571.79842611603,9.63313853232625,15.0,20.571587840552166,0,0,8.368759659428711
251,0.8188938563832492,24566.815691497475,9.579597770625806,15.0,20.36593711778054,0,0,8.368759659428711
252,0.8187496499960126,24562.48949988038,9.525698211460991,15.0,20.158908249544908,0,0,8.368759659428711
253,0.8186274789299571,24558.824367898713,9.471455826434427,15.0,19.950562582966967,0,0,8.368759659428711
254,0.8185274872100068,24555.824616300204,9.416886688735449,15.0,19.74096185536419,0,0,8.368759659428711
255,0.8184498122888673,24553.49436866602,9.362006968377253,15.0,19.530168175955737,0,0,8.368759659428711
256,0.8183945850062949,24551.837550188848,9.306832927405377,15.0,19.318244007458084,0,0,8.368759659428711
257,0.8183619295503262,24550.857886509784,9.251380915078927,15.0,19.105252147576095,0,0,8.368759659428711
258,0.8183519634204783,24550.55890261435,9.195667363025901,15.0,18.891255710394574,0,0,8.368759659428711
259,0.8183647973929316,24550.943921787948,9.139708780374168,15.0,18.676318107676273,0,0,8.368759659428711
260,0.8184005354877038,24552.016064631112,9.083521748859454,15.0,18.460503030071628,0,0,8.368759659428711
261,0.8184592749378269,24553.778248134808,9.027122917911813,15.0,18.24387442824579,0,0,8.368759659428711
262,0.818541106160535,24556.23318481605,8.97052899972204,15.0,18.026496493928715,0,0,8.368759659428711
263,0.8186461127304717,24559.38338191415,8.913756764289493,15.0,17.80843364089374,0,0,8.368759659428711
264,0.8187743713549248,24563.231140647746,8.856823034452773,15.0,17.589750485870397,0,0,8.368759659428711
265,0.8189259518510968,24567.778555532906,8.799744680904764,15.0,17.37051182939709,0,0,8.368759659428711
266,0.8191009171254162,24573.027513762485,8.742538617193475,15.0,17.150782636619297,0,0,8.368759659428711
267,0.8192993231548968,24578.979694646907,8.685221794710184,15.0,16.930628018038966,0,0,8.368759659428711
268,0.8195212189705513,24585.636569116537,8.6278111976664,15.0,16.710113210220925,0,0,8.368759659428711
269,0.8197666466428609,24592.99939928583,8.570323838061048,15.0,16.489303556461824,0,0,8.368759659428711
270,0.8200356412693108,24601.069238079326,8.512776750639455,15.0,16.268264487427537,0,0,12.368759659428711
271,0.8201935206471765,24605.805619415296,12.496496492209008,15.0,16.047061501764627,0,0,12.368759659428711
272,0.8203759341592745,24611.278024778232,12.411342809790968,15.0,15.825760146691703,0,0,12.368759659428711
273,0.8205828960660007,24617.48688198002,12.32617650906646,15.0,15.60442599857634,0,0,12.368759659428711
274,0.8208144133535324,24624.432400605972,12.241022826648422,15.0,15.383124643503415,0,0,12.368759659428711
275,0.8210704857317573,24632.11457195272,12.15590699541072,15.0,15.161921657840502,0,0,12.368759659428711
276,0.8213511056343599,24640.533169030798,12.070854237011108,15.0,14.940882588806213,0,0,12.368759659428711
277,0.8216562582210633,24649.6877466319,11.98588975441748,15.0,14.720072935047106,0,0,12.368759659428711
278,0.8219859213820271,24659.57764146081,11.90103872443972,15.0,14.499558127229067,0,0,12.368759659428711
279,0.8223400657443983,24670.20197233195,11.816326290269242,15.0,14.279403508648745,0,0,12.368759659428711
280,0.8227186546810161,24681.559640430485,11.731777554028533,15.0,14.059674315870948,0,0,12.368759659428711
281,0.8231216443212647,24693.64932963794,11.647417569332854,15.0,13.840435659397645,0,0,12.368759659428711
282,0.8235489835640728,24706.469506922185,11.563271333866307,15.0,13.621752504374303,0,0,12.368759659428711
283,0.8240006140930567,24720.0184227917,11.479363781974486,15.0,13.40368965133932,0,0,12.368759659428711
284,0.8244764703938003,24734.29411181401,11.39571977727589,15.0,13.186311717022244,0,0,12.368759659428711
285,0.8249764797732686,24749.29439319806,11.312364105294296,15.0,12.969683115196407,0,0,12.368759659428711
286,0.8255005623813478,24765.016871440435,11.229321466114278,15.0,12.753868037591761,0,0,12.368759659428711
287,0.8260486312345071,24781.458937035215,11.146616467062028,15.0,12.538930434873464,0,0,12.368759659428711
288,0.8266205922415738,24798.617767247215,11.064273615413684,15.0,12.32493399769194,0,0,12.368759659428711
289,0.827216344231614,24816.49032694842,10.982317311133297,15.0,12.111942137809946,0,0,12.368759659428711
290,0.8278357789839124,24835.07336951737,10.900771839642589,15.0,11.900017969312307,0,0,12.368759659428711
291,0.8284787812600397,24854.363437801192,10.819661364624654,15.0,11.68922428990384,0,0,12.368759659428711
292,0.8291452288380013,24874.356865140042,10.739009920863749,15.0,11.479623562301072,0,0,12.368759659428711
293,0.8298349925484534,24895.0497764536,10.65884140712326,15.0,11.27127789572313,0,0,12.368759659428711
294,0.8305479363129786,24916.438089389358,10.57917957906399,15.0,11.064249027487492,0,0,12.368759659428711
295,0.8312839171844095,24938.517515532287,10.500048042204831,15.0,10.85859830471587,0,0,12.368759659428711
296,0.8320427853891871,24961.283561675613,10.421470244927956,15.0,10.654386666155718,0,0,12.368759659428711
297,0.8328243843717409,24984.731531152225,10.343469471530545,15.0,10.451674624122798,0,0,12.368759659428711
298,0.8336285508408806,25008.85652522642,10.266068835325148,15.0,10.25052224657004,0,0,12.368759659428711
299,0.834455114818183,25033.65344454549,10.189291271790719,15.0,10.050989139288141,0,0,12.368759659428711
300,0.8353038996883593,25059.11699065078,10.11315953177633,15.0,9.853134428243074,0,0,12.368759659428711
301,0.8361747222515908,25085.241667547725,10.0376961747596,15.0,9.657016742055767,0,0,12.368759659428711
302,0.8370673927778147,25112.021783334443,9.962923562161848,15.0,9.462694194629206,0,0,12.368759659428711
303,0.8379817150629454,25139.451451888362,9.888863850721911,15.0,9.270224367928018,0,0,12.368759659428711
304,0.8389174864870137,25167.52459461041,9.81553898593063,15.0,9.079664294915695,0,0,12.368759659428711
305,0.8398744980742076,25196.234942226227,9.742970695527921,15.0,8.891070442654485,0,0,12.368759659428711
306,0.8408525345547964,25225.57603664389,9.671180483064385,15.0,8.704498695573015,0,0,12.368759659428711
307,0.8418513744289199,25255.541232867596,9.60018962152933,15.0,8.520004338906485,0,0,12.368759659428711
308,0.842870790032223,25286.12370096669,9.53001914704714,15.0,8.337642042314489,0,0,12.368759659428711
309,0.8439105476033186,25317.31642809956,9.460689852643803,15.0,8.1574658436812,0,0,12.368759659428711
310,0.8449704073530551,25349.11222059165,9.392222282085507,15.0,7.979529133102815,0,0,12.368759659428711
311,0.8460501235355713,25381.50370606714,9.324636723791055,15.0,7.803884637066858,0,0,12.368759659428711
312,0.8471494445211171,25414.48333563351,9.257953204819987,15.0,7.630584402828217,0,0,12.368759659428711
313,0.8482681128706155,25448.043386118465,9.192191484938121,15.0,7.459679782986428,0,0,12.368759659428711
314,0.8494058654119485,25482.175962358455,9.127371050762312,15.0,7.291221420268775,0,0,12.368759659428711
315,0.85056243331794,25516.872999538202,9.063511109986147,15.0,7.125259232523755,0,0,12.368759659428711
316,0.8517375421860154,25552.12626558046,9.000630585688288,15.0,6.961842397929358,0,0,12.368759659428711
317,0.8529309121195123,25587.92736358537,8.938748110725157,15.0,6.8010193404204955,0,0,12.368759659428711
318,0.8541422578106215,25624.267734318644,8.877882022209619,15.0,6.642837715339958,0,0,12.368759659428711
319,0.8553712886249281,25661.13865874784,8.818050356077299,15.0,6.487344395317091,0,0,12.368759659428711
320,0.8566177086875337,25698.531260626012,8.75927084174214,15.0,6.334585456378434,0,0,12.368759659428711
321,0.8578812169707306,25736.43650912192,8.701560896842816,15.0,6.184606164294416,0,0,12.368759659428711
322,0.8591615073832022,25774.845221496067,8.644937622081475,15.0,6.037450961166092,0,0,12.368759659428711
323,0.8604582688607251,25813.748065821754,8.58941779615646,15.0,5.8931634522560135,0,0,12.368759659428711
324,0.8617711854583436,25853.135563750307,8.535017870790416,15.0,5.751786393067064,0,0,12.368759659428711
325,0.8630999364439914,25892.998093319744,8.481753965855265,15.0,5.613361676673032,0,0,12.368759659428711
326,0.8644441963935313,25933.32589180594,8.429641864595578,15.0,5.47793032130485,0,0,12.368759659428711
327,0.8658036352871854,25974.109058615562,8.378697008951617,15.0,5.345532458195946,0,0,12.368759659428711
328,0.867177918607327,26015.33755821981,8.328934494983603,15.0,5.216207319690552,0,0,12.368759659428711
329,0.8685667074376053,26057.00122312816,8.28036906839838,15.0,5.089993227618262,0,0,12.368759659428711
330,0.8699696585633743,26099.089756901227,8.233015120179976,15.0,4.966927581938494,0,0,12.368759659428711
331,0.8713864245733933,26141.5927372018,8.186886682325225,15.0,4.847046849658014,0,0,12.368759659428711
332,0.8728166539627744,26184.499618883234,8.141997423685805,15.0,4.730386554025062,0,0,12.368759659428711
333,0.8742599912371392,26227.799737114176,8.098360645917833,15.0,4.61698126400295,0,0,12.368759659428711
334,0.8757160770179598,26271.482310538795,8.055989279540324,15.0,4.5068645840266095,0,0,12.368759659428711
335,0.8771845481490513,26315.53644447154,8.014895880103584,15.0,4.4000691440448225,0,0,12.368759659428711
336,0.878665037804182,26359.951134125462,7.9750926244687355,15.0,4.2966265898512965,0,0,12.368759659428711
337,0.8801571755957721,26404.71526787316,7.936591307199444,15.0,4.196567573707306,0,0,12.368759659428711
338,0.8816605876846474,26449.817630539423,7.899403337066948,15.0,4.09992174525879,0,0,12.368759659428711
339,0.8831748968908163,26495.24690672449,7.863539733669374,15.0,4.006717742750498,0,0,12.368759659428711
340,0.8846997228052362,26540.99168415709,7.8290111241664135,15.0,3.916983184539891,0,0,12.368759659428711
341,0.886234681902537,26587.04045707611,7.795827740130246,15.0,3.8307446609131834,0,0,12.368759659428711
342,0.8877793876546674,26633.381629640022,7.763999414513724,15.0,3.7480277262061215,0,0,12.368759659428711
343,0.8893334506454323,26680.00351936297,7.7335355787366336,15.0,3.6688568912316244,0,0,12.368759659428711
344,0.8908964786858847,26726.89436057654,7.704445259890983,15.0,3.593255616016752,0,0,12.368759659428711
345,0.89246807693054,26774.0423079162,7.676737078066063,15.0,3.5212463028509475,0,0,12.368759659428711
346,0.8940478479943769,26821.435439831304,7.6504192437941425,15.0,3.4528502896478006,0,0,12.368759659428711
347,0.8956353920705915,26869.061762117744,7.625499555617499,15.0,3.388087843622124,0,0,12.368759659428711
348,0.8972303070490687,26916.909211472062,7.601985397777554,15.0,3.326978155284369,0,0,12.368759659428711
349,0.898832188635536,26964.96565906608,7.579883738026749,15.0,3.269539332754036,0,0,12.368759659428711
350,0.9004406304713645,27013.218914140933,7.559201125563863,15.0,3.2157883963938803,0,0,12.368759659428711
351,0.9020552242539814,27061.656727619444,7.539943689093335,15.0,3.1657412737663826,0,0,12.368759659428711
352,0.9036755598578603,27110.26679573581,7.522117135009202,15.0,3.119412794914081,0,0,12.368759659428711
353,0.9053012254560484,27159.03676368145,7.505726745704166,15.0,3.076816687965114,0,0,12.368759659428711
354,0.9069318076422007,27207.954229266023,7.490777378004314,15.0,3.0379655750652685,0,0,12.368759659428711
355,0.9085668915530816,27257.006746592448,7.4772734617299275,15.0,3.0028709686377706,0,0,12.368759659428711
356,0.9102060609914965,27306.181829744895,7.465218998382837,15.0,2.9715432679719096,0,0,12.368759659428711
357,0.9118488985496214,27355.466956488643,7.454617559960688,15.0,2.9439917561414983,0,0,12.368759659428711
358,0.9134949857326892,27404.849571980674,7.445472287898486,15.0,2.9202245972541085,0,0,12.368759659428711
359,0.9151439030829984,27454.317092489953,7.437785892137712,15.0,2.900248834031847,0,0,12.368759659428711
360,0.9167952303042085,27503.856909126254,7.431560650323314,15.0,2.884070385724473,0,0,12.368759659428711
361,0.9184485463858817,27553.456391576452,7.426798407128796,15.0,2.8716940463553824,0,0,12.368759659428711
362,0.9201034297282382,27603.102891847146,7.423500573709594,15.0,2.8631234833010284,0,0,12.368759659428711
363,0.9217594582670848,27652.783748012545,7.4216681272849225,15.0,2.8583612362042152,0,0,12.368759659428711
364,0.9234162095988822,27702.486287966465,7.421301610848206,15.0,2.857408716221534,0,0,12.368759659428711
365,0.9250732611059117,27752.19783317735,7.422401133006173,15.0,2.860266205605214,0,0,12.368759659428711
366,0.9267301900815064,27801.90570244519,7.424966367946678,15.0,2.866932857619479,0,0,12.368759659428711
367,0.9283865738553078,27851.597215659232,7.428996555535248,15.0,2.8774066967914615,0,0,12.368759659428711
368,0.9300419899185126,27901.25969755538,7.434490501540319,15.0,2.8916846194965684,0,0,12.368759659428711
369,0.9316960160490714,27950.88048147214,7.441446577987124,15.0,2.9097623948781584,0,0,12.368759659428711
370,0.933348230436801,28000.44691310403,7.449862723640085,15.0,2.9316346661012416,0,0,12.368759659428711
371,0.9349982118083776,28049.94635425133,7.459736444613613,15.0,2.957294951939807,0,0,12.368759659428711
372,0.9366455395521679,28099.366186565036,7.471064815111086,15.0,2.9867356486973695,0,0,12.368759659428711
373,0.9382897938428655,28148.693815285966,7.483844478291842,15.0,3.0199480324600936,0,0,12.368759659428711
374,0.9399305557658951,28197.916672976855,7.498071647265875,15.0,3.05692226168189,0,0,12.368759659428711
375,0.941567407441545,28247.02222324635,7.513742106215966,15.0,3.0976473801006756,0,0,12.368759659428711
376,0.9431999321487937,28295.99796446381,7.530851211646937,15.0,3.142111319984936,0,0,12.368759659428711
377,0.9448277144487948,28344.83143346384,7.549393893761597,15.0,3.1903009057096763,0,0,12.368759659428711
378,0.9464503403079786,28393.510209239357,7.56936465796306,15.0,3.242201857660632,0,0,12.368759659428711
379,0.9480673972207405,28442.021916622216,7.590757586482884,15.0,3.297798796465619,0,0,12.368759659428711
380,0.9496784743316752,28490.354229950255,7.613566340134651,15.0,3.3570752475517978,0,0,12.368759659428711
381,0.9512831625573213,28538.494876719637,7.637784160192402,15.0,3.420013646027413,0,0,12.368759659428711
382,0.952881054707382,28586.43164122146,7.663403870393391,15.0,3.486595341886681,0,0,12.368759659428711
383,0.9544717456053848,28634.152368161544,7.690417879064565,15.0,3.556800605536162,0,0,12.368759659428711
384,0.956054832208743,28681.64496626229,7.718818181372149,15.0,3.6306086336410948,0,0,12.368759659428711
385,0.957629913728187,28728.89741184561,7.748596361693633,15.0,3.707997555289827,0,0,12.368759659428711
386,0.9591965917465262,28775.897752395784,7.779743596111529,15.0,3.788944438474696,0,0,12.368759659428711
387,0.9607544703367085,28822.634110101255,7.812250655028062,15.0,3.8734252968872327,0,0,12.368759659428711
388,0.9623031561791426,28869.09468537428,7.846107905900119,15.0,3.961415097025847,0,0,12.368759659428711
389,0.9638422586782467,28915.2677603474,7.881305316093563,15.0,4.052887765613773,0,0,12.368759659428711
390,0.9653713900781901,28961.141702345703,7.917832455856137,15.0,4.147816197325183,0,0,12.368759659428711
391,0.9668901655777944,29006.704967333833,7.955678501408002,15.0,4.24617226281702,0,0,12.368759659428711
392,0.9683982034445578,29051.946103336737,7.994832238149084,15.0,4.347926817064396,0,0,12.368759659428711
393,0.969895125127771,29096.85375383313,8.035282063982175,15.0,4.453049707996829,0,0,12.368759659428711
394,0.9713805553706893,29141.416661120682,8.077015992750903,15.0,4.561509785433014,0,0,12.368759659428711
395,0.9728541223217306,29185.62366965192,8.120021657791483,15.0,4.67327491031124,0,0,12.368759659428711
396,0.9743154576446613,29229.46372933984,8.164286315597224,15.0,4.788311964212912,0,0,12.368759659428711
397,0.975764196627744,29272.92589883232,8.209796849594705,15.0,4.9065868591762545,0,0,12.368759659428711
398,0.9771999782918079,29315.999348754238,8.25653977403051,15.0,5.02806454779732,0,0,12.368759659428711
399,0.9786224454972161,29358.67336491648,8.304501237967333,15.0,5.152709033615254,0,0,12.368759659428711
400,0.9800312450496927,29400.937351490782,8.353667029388317,15.0,5.280483381778872,0,0,12.368759659428711
401,0.9814260278049826,29442.78083414948,8.404022579408377,15.0,5.411349729991208,0,0,12.368759659428711
402,0.9828064487723103,29484.193463169308,8.45555296659128,15.0,5.5452692997289645,0,0,12.368759659428711
403,0.9841721672166075,29525.165016498224,8.508242921371188,15.0,5.682202407733401,0,0,12.368759659428711
404,0.9855228467594814,29565.685402784442,8.56207683057736,15.0,5.822108477769373,0,0,12.368759659428711
405,0.98685815547889,29605.7446643667,8.617038742060664,15.0,5.964946052648893,0,0,12.368759659428711
406,0.988177766007498,29645.33298022494,8.673112369420553,15.0,6.110672806515842,0,0,12.368759659428711
407,0.9894813556296829,29684.440668890486,8.73028109683107,15.0,6.259245557388,0,0,12.368759659428711
408,0.9907686063771622,29723.058191314867,8.788527983964485,15.0,6.410620279952838,0,0,12.368759659428711
409,0.9920392051232153,29761.17615369646,8.847835771011066,15.0,6.564752118613106,0,0,12.368759659428711
410,0.9932928436754682,29798.785310264047,8.90818688379355,15.0,6.721595400778591,0,0,12.368759659428711
411,0.9945292188672191,29835.876566016574,8.969563438974726,15.0,6.881103650399817,0,0,12.368759659428711
412,0.9957480326472719,29872.440979418156,9.03194724935669,15.0,7.043229601739965,0,0,12.368759659428711
413,0.996948992168256,29908.46976504768,9.095319829270066,15.0,7.207925213380671,0,0,12.368759659428711
414,0.9981318098734032,29943.954296202097,9.159662400051737,15.0,7.3751416824578016,0,0,12.368759659428711
415,0.9992962035817567,29978.8861074527,9.224955895609355,15.0,7.544829459122734,0,0,12.368759659428711
416,1.0,30000.0,9.291180968071028,15.0,7.716938261225071,0,0,12.368759659428711
417,1.0,30000.0,9.358317993518543,15.0,7.891417089212357,0,0,12.368759659428711
418,1.0,30000.0,9.426347077802317,15.0,8.068214241242277,0,0,12.368759659428711
419,1.0,30000.0,9.495248062436495,15.0,8.247277328503106,0,0,12.368759659428711
420,1.0,30000.0,9.565000530572318,15.0,8.428553290737582,0,0,12.368759659428711
421,1.0,30000.0,9.6355838130481,15.0,8.611988411965848,0,0,12.368759659428711
422,1.0,30000.0,9.706976994513937,15.0,8.797528336402634,0,0,12.368759659428711
423,1.0,30000.0,9.779158919629355,15.0,8.985118084564022,0,0,12.368759659428711
424,1.0,30000.0,9.852108199332138,15.0,9.174702069559135,0,0,12.368759659428711
425,1.0,30000.0,9.925803217176334,15.0,9.366224113561653,0,0,12.368759659428711
426,1.0,30000.0,10.000222135737689,15.0,9.559627464456568,0,0,12.368759659428711
427,1.0,30000.0,10.075342903084536,15.0,9.754854812657001,0,0,12.368759659428711
428,1.0,30000.0,10.151143259312281,15.0,9.951848308086355,0,0,12.368759659428711
429,1.0,30000.0,10.227600743139458,15.0,10.15054957732044,0,0,12.368759659428711
430,1.0,30000.0,10.304692698563528,15.0,10.350899740884882,0,0,12.368759659428711
431,1.0,30000.0,10.382396281574314,15.0,10.552839430702287,0,0,12.368759659428711
432,1.0,30000.0,10.460688466923191,15.0,10.756308807684363,0,0,12.368759659428711
433,1.0,30000.0,10.53954605494596,15.0,10.961247579463475,0,0,12.368759659428711
434,1.0,30000.0,10.618945678437395,15.0,11.167595018258588,0,0,12.368759659428711
435,1.0,30000.0,10.698863809575482,15.0,11.37528997887027,0,0,12.368759659428711
436,1.0,30000.0,10.779276766893178,15.0,11.584270916799248,0,0,12.368759659428711
437,1.0,30000.0,10.860160722295788,15.0,11.794475906483452,0,0,12.368759659428711
438,1.0,30000.0,10.941491708121697,15.0,12.005842659647826,0,0,12.368759659428711
439,1.0,30000.0,11.023245624244552,15.0,12.218308543761765,0,0,12.368759659428711
440,1.0,30000.0,11.105398245214591,15.0,12.431810600598372,0,0,12.368759659428711
441,1.0,30000.0,11.187925227437246,15.0,12.646285564890512,0,0,12.368759659428711
442,1.0,30000.0,11.270802116386584,15.0,12.861669883077456,0,0,12.368759659428711
443,1.0,30000.0,11.354004353851801,15.0,13.077899732137414,0,0,12.368759659428711
444,1.0,30000.0,11.437507285214268,15.0,13.294911038499443,0,0,12.368759659428711
445,1.0,30000.0,11.521286166753285,15.0,13.512639497029982,0,0,12.368759659428711
446,1.0,30000.0,11.605316172978162,15.0,13.731020590087823,0,0,12.368759659428711
447,1.0,30000.0,11.689572403984528,15.0,13.949989606642028,0,0,12.368759659428711
448,1.0,30000.0,11.774029892832747,15.0,14.169481661447264,0,0,12.368759659428711
449,1.0,30000.0,11.858663612946126,15.0,14.389431714270653,0,0,12.368759659428711
450,1.0,30000.0,11.943448485526856,15.0,14.60977458916465,0,0,12.368759659428711
451,1.0,30000.0,12.028359386987376,15.0,14.830444993780013,0,0,12.368759659428711
452,1.0,30000.0,12.113371156395065,15.0,15.051377538713425,0,0,12.368759659428711
453,1.0,30000.0,12.198458602927936,15.0,15.27250675688369,0,0,12.368759659428711
454,1.0,30000.0,12.283596513339242,15.0,15.493767122931093,0,0,12.368759659428711
455,1.0,30000.0,12.368759659428715,15.0,15.715093072634023,0,0,12.368759659428711
456,1.0,30000.0,12.453922805518175,15.0,15.93641902233692,0,0,12.368759659428711
457,1.0,30000.0,12.539060715929491,15.0,16.15767938838435,0,0,12.368759659428711
458,1.0,30000.0,12.624148162462353,15.0,16.378808606554593,0,0,12.368759659428711
459,1.0,30000.0,12.709159931870046,15.0,16.599741151488015,0,0,12.368759659428711
460,1.0,30000.0,12.794070833330565,15.0,16.820411556103373,0,0,12.368759659428711
461,1.0,30000.0,12.878855705911295,15.0,17.040754430997374,0,0,12.368759659428711
462,1.0,30000.0,12.963489426024674,15.0,17.26070448382076,0,0,12.368759659428711
463,1.0,30000.0,13.047946914872893,15.0,17.480196538626004,0,0,12.368759659428711
464,1.0,30000.0,13.132203145879265,15.0,17.699165555180215,0,0,12.368759659428711
465,1.0,30000.0,13.216233152104138,15.0,17.917546648238044,0,0,12.368759659428711
466,0.9999973244312198,29999.919732936592,13.300012033643158,15.0,18.135275106768596,0,0,12.368759659428711
467,0.9999704585411664,29999.11375623499,13.38351496500562,15.0,18.352286413130614,0,0,12.368759659428711
468,0.9999194786042396,29997.584358127187,13.466717202470834,15.0,18.56851626219056,0,0,12.368759659428711
469,0.9998444680403517,29995.33404121055,13.549594091420175,15.0,18.783900580377512,0,0,12.368759659428711
470,0.9997455173902081,29992.365521706244,13.632121073642827,15.0,18.998375544669642,0,0,12.368759659428711
471,0.9996227242884786,29988.68172865436,13.714273694612869,15.0,19.21187760150626,0,0,12.368759659428711
472,0.9994761934348659,29984.28580304598,13.79602761073572,15.0,19.42434348562019,0,0,12.368759659428711
473,0.9993060365630811,29979.181096892433,13.877358596561631,15.0,19.63571023878456,0,0,12.368759659428711
474,0.999112372407734,29973.37117223202,13.95824255196424,15.0,19.84591522846877,0,0,12.368759659428711
475,0.99889532666915,29966.8598000745,14.038655509281945,15.0,20.054896166397764,0,0,12.368759659428711
476,0.9986550319761225,29959.650959283674,14.118573640420028,15.0,20.262591127009436,0,0,12.368759659428711
477,0.9983916278466114,29951.748835398343,14.197973263911466,15.0,20.468938565804564,0,0,12.368759659428711
478,0.9981052606464019,29943.157819392058,14.276830851934228,15.0,20.67387733758366,0,0,12.368759659428711
479,0.9977960835457321,29933.882506371963,14.355123037283107,15.0,20.87734671456574,0,0,12.368759659428711
480,0.9974642564739061,29923.927694217185,14.432826620293895,15.0,21.079286404383144,0,0,12.368759659428711
481,0.9971099460719036,29913.298382157107,14.509918575717965,15.0,21.279636567947584,0,0,12.368759659428711
482,0.9967333256429998,29901.999769289992,14.586376059545142,15.0,21.47833783718167,0,0,12.368759659428711
483,0.9963345751014123,29890.03725304237,14.662176415772883,15.0,21.675331332611027,0,0,12.368759659428711
484,0.9959138809189892,29877.41642756968,14.737297183119734,15.0,21.870558680811456,0,0,12.368759659428711
485,0.9954714360699527,29864.14308209858,14.811716101681089,15.0,22.063962031706374,0,0,12.368759659428711
486,0.9950074399737167,29850.2231992115,14.885411119525287,15.0,22.2554840757089,0,0,12.368759659428711
487,0.994522098435795,29835.66295307385,14.958360399228068,15.0,22.44506806070401,0,0,12.368759659428711
488,0.9940156235868166,29820.468707604497,15.03054232434349,15.0,22.632657808865403,0,0,12.368759659428711
489,0.9934882338196662,29804.647014589988,15.101935505809317,15.0,22.81819773330217,0,0,12.368759659428711
490,0.9929401537247707,29788.204611743124,15.172518788285103,15.0,23.001632854530435,0,0,12.368759659428711
491,0.9923716140235473,29771.14842070642,15.242271256420924,15.0,23.182908816764908,0,0,12.368759659428711
492,0.9917828515000362,29753.485545001087,15.311172241055104,15.0,23.36197190402575,0,0,12.368759659428711
493,0.9911741089307362,29735.223267922087,15.379201325338876,15.0,23.53876905605566,0,0,12.368759659428711
494,0.9905456350126648,29716.369050379944,15.446338350786393,15.0,23.713247884042957,0,0,12.368759659428711
495,0.9898976842896643,29696.93052868993,15.512563423248064,15.0,23.885356686145286,0,0,12.368759659428711
496,0.9892305170769743,29676.915512309228,15.577856918805683,15.0,24.055044462810226,0,0,12.368759659428711
497,0.9885443993840952,29656.331981522857,15.642199489587355,15.0,24.222260931887355,0,0,12.368759659428711
498,0.9878396028359637,29635.188085078913,15.705572069500732,15.0,24.386956543528065,0,0,12.368759659428711
499,0.9871164045924646,29613.492137773937,15.767955879882695,15.0,24.549082494868212,0,0,12.368759659428711
500,0.9863750872663016,29591.25261798905,15.829332435063874,15.0,24.708590744489435,0,0,12.368759659428711
501,0.985615938839254,29568.47816517762,15.889683547846357,15.0,24.865434026654924,0,0,12.368759659428711
502,0.9848392525768412,29545.177577305236,15.948991334892936,15.0,25.01956586531519,0,0,12.368759659428711
503,0.9840453269414217,29521.35980824265,16.007238222026352,15.0,25.170940587880033,0,0,12.368759659428711
504,0.983234465503752,29497.03396511256,16.06440694943687,15.0,25.319513338752184,0,0,12.368759659428711
505,0.9824069768530328,29472.209305590983,16.12048057679676,15.0,25.465240092619133,0,0,12.368759659428711
506,0.9815631745054663,29446.89523516399,16.175442488280062,15.0,25.608077667498655,0,0,12.368759659428711
507,0.9807033768113557,29421.10130434067,16.22927639748623,15.0,25.747983737534618,0,0,12.368759659428711
508,0.9798279068607701,29394.837205823103,16.281966352266142,15.0,25.88491684553907,0,0,12.368759659428711
509,0.9789370923878067,29368.1127716342,16.333496739449046,15.0,26.018836415276816,0,0,12.368759659428711
510,0.9780312656734759,29340.937970204275,16.383852289469107,15.0,26.149702763489167,0,0,12.368759659428711
511,0.9771107634472389,29313.322903417167,16.433018080890086,15.0,26.27747711165277,0,0,12.368759659428711
512,0.9761759267872282,29285.277803616846,16.480979544826912,15.0,26.402121597470718,0,0,12.368759659428711
513,0.975227101019178,29256.81303057534,16.527722469262716,15.0,26.523599286091766,0,0,12.368759659428711
514,0.9742646356140976,29227.93906842293,16.573233003260203,15.0,26.641874181055123,0,0,12.368759659428711
515,0.9732888840847147,29198.66652254144,16.61749766106594,15.0,26.75691123495679,0,0,12.368759659428711
516,0.9723002038807224,29169.00611642167,16.660503326106518,15.0,26.868676359835014,0,0,12.368759659428711
517,0.9712989562828593,29138.96868848578,16.70223725487525,15.0,26.9771364372712,0,0,12.368759659428711
518,0.970285506295854,29108.56518887562,16.74268708070834,15.0,27.082259328203634,0,0,12.368759659428711
519,0.9692602225402661,29077.806676207983,16.781840817449417,15.0,27.184013882451005,0,0,12.368759659428711
520,0.9682234771432566,29046.704314297698,16.819686863001287,15.0,27.282369947942847,0,0,12.368759659428711
521,0.967175645628318,29015.269368849542,16.85621400276386,15.0,27.377298379654256,0,0,12.368759659428711
522,0.9661171068039991,28983.513204119972,16.891411412957304,15.0,27.468771048242186,0,0,12.368759659428711
523,0.9650482426516548,28951.447279549644,16.92526866382936,15.0,27.556760848380797,0,0,12.368759659428711
524,0.9639694382122583,28919.08314636775,16.957775722745893,15.0,27.64124170679333,0,0,12.368759659428711
525,0.9628810814723041,28886.432444169124,16.98892295716379,15.0,27.722188589978202,0,0,12.368759659428711
526,0.9617835632488395,28853.506897465184,17.018701137485277,15.0,27.799577511626936,0,0,12.368759659428711
527,0.960677277073657,28820.31831220971,17.047101439792858,15.0,27.873385539731864,0,0,12.368759659428711
528,0.9595626190766827,28786.87857230048,17.074115448464035,15.0,27.943590803381355,0,0,12.368759659428711
529,0.9584399878685939,28753.199636057816,17.09973515866502,15.0,28.010172499240618,0,0,12.368759659428711
530,0.9573097844227024,28719.293532681073,17.123952978722773,15.0,28.07311089771624,0,0,12.368759659428711
531,0.9561724119561379,28685.172358684136,17.146761732374536,15.0,28.13238734880241,0,0,12.368759659428711
532,0.9550282758103651,28650.848274310953,17.168154660894363,15.0,28.1879842876074,0,0,12.368759659428711
533,0.9538777833310731,28616.333499932192,17.188125425095826,15.0,28.239885239558355,0,0,12.368759659428711
534,0.9527213437474699,28581.640312424097,17.20666810721049,15.0,28.288074825283097,0,0,12.368759659428711
535,0.9515593680510187,28546.78104153056,17.223777212641455,15.0,28.332538765167357,0,0,12.368759659428711
536,0.9503922688736525,28511.768066209574,17.23944767159155,15.0,28.37326388358614,0,0,12.368759659428711
537,0.9492204603655021,28476.613810965064,17.253674840565584,15.0,28.41023811280794,0,0,12.368759659428711
538,0.9480443580721749,28441.330742165246,17.26645450374634,15.0,28.44345049657066,0,0,12.368759659428711
539,0.9468643788116193,28405.93136434858,17.27778287424381,15.0,28.472891193328223,0,0,12.368759659428711
540,0.9456809405506129,28370.428216518387,17.287656595217335,15.0,28.49855147916679,0,0,16.36875965942871
541,0.9443080132677819,28329.240398033457,22.88954313470579,15.0,28.520423750389874,0,0,16.36875965942871
542,0.9429323908833903,28287.97172650171,22.898748774290155,15.0,28.538501525771462,0,0,16.36875965942871
543,0.9415545098279515,28246.635294838547,22.906019437171082,15.0,28.55277944847657,0,0,16.36875965942871
544,0.9401748072012717,28205.24421603815,22.91135296889424,15.0,28.563253287648553,0,0,16.36875965942871
545,0.9387937206429279,28163.811619287837,22.914747789019078,15.0,28.569919939662817,0,0,16.36875965942871
546,0.9374116882025858,28122.350646077575,22.916202891587123,15.0,28.572777429046496,0,0,16.36875965942871
547,0.9360291482101969,28080.87444630591,22.915717845420083,15.0,28.57182490906382,0,0,16.36875965942871
548,0.934646539146111,28039.396174383328,22.913292794247603,15.0,28.567062661967007,0,0,16.36875965942871
549,0.9332642995111448,27997.928985334343,22.908928456664682,15.0,28.55849209891265,0,0,16.36875965942871
550,0.9318828676966462,27956.486030899385,22.90262612591874,15.0,28.546115759543557,0,0,16.36875965942871
551,0.9305026818545877,27915.08045563763,22.894387669526388,15.0,28.529937311236186,0,0,16.36875965942871
552,0.9291241797677335,27873.725393032008,22.884215528720055,15.0,28.509961548013926,0,0,16.36875965942871
553,0.9277477987199151,27832.433961597453,22.872112717724598,15.0,28.48619438912653,0,0,16.36875965942871
554,0.9263739753664538,27791.219260993614,22.858082822864116,15.0,28.45864287729612,0,0,16.36875965942871
555,0.9250031456047713,27750.094368143138,22.842130001499246,15.0,28.42731517663026,0,0,16.36875965942871
556,0.923635744445223,27709.07233335669,22.824258980795236,15.0,28.39222057020276,0,0,16.36875965942871
557,0.9222722058821959,27668.16617646588,22.80447505632123,15.0,28.35336945730292,0,0,16.36875965942871
558,0.9209129627655064,27627.38888296519,22.78278409048101,15.0,28.31077335035395,0,0,16.36875965942871
559,0.919558446672137,27586.75340016411,22.75919251077588,15.0,28.264444871501652,0,0,16.36875965942871
560,0.9182090877783515,27546.272633350545,22.733707307900062,15.0,28.214397748874156,0,0,16.36875965942871
561,0.9168653147322241,27505.959441966723,22.706336033669178,15.0,28.160646812513995,0,0,16.36875965942871
562,0.9155275545266216,27465.826635798647,22.67708679878251,15.0,28.103207989983666,0,0,16.36875965942871
563,0.9141962323726764,27425.886971180294,22.645968270419598,15.0,28.042098301645908,0,0,16.36875965942871
564,0.9128717715737876,27386.15314721363,22.612989669671997,15.0,27.977335855620233,0,0,16.36875965942871
565,0.9115545934001865,27346.637802005596,22.57816076881084,15.0,27.908939842417084,0,0,16.36875965942871
566,0.9102451169641051,27307.353508923155,22.541491888391118,15.0,27.836930529251283,0,0,16.36875965942871
567,0.9089437590955849,27268.312772867546,22.50299389419348,15.0,27.761329254036404,0,0,16.36875965942871
568,0.9076509342189599,27229.528026568798,22.462678194004468,15.0,27.682158419061913,0,0,16.36875965942871
569,0.9063670542300553,27191.011626901658,22.42055673423613,15.0,27.59944148435485,0,0,16.36875965942871
570,0.9050925283741323,27152.77585122397,22.37664199638605,15.0,27.51320296072815,0,0,16.36875965942871
571,0.9038277631246212,27114.832893738636,22.330946993338795,15.0,27.423468402517535,0,0,16.36875965942871
572,0.9025731620626734,27077.1948618802,22.28348526550997,15.0,27.33026440000924,0,0,16.36875965942871
573,0.9013291257575724,27039.873772727173,22.23427087683384,15.0,27.23361857156074,0,0,16.36875965942871
574,0.9000960516480365,27002.881549441096,22.183318410595877,15.0,27.13355955541674,0,0,16.36875965942871
575,0.8988743339244486,26966.23001773346,22.130642965111498,15.0,27.03011700122321,0,0,16.36875965942871
576,0.8976643634120492,26929.930902361477,22.07626014925201,15.0,26.92332156124142,0,0,16.36875965942871
577,0.8964665274551269,26893.995823653808,22.02018607781945,15.0,26.81320488126508,0,0,16.36875965942871
578,0.8952812098022395,26858.436294067185,21.962437366771344,15.0,26.699799591242975,0,0,16.36875965942871
579,0.8941087904925011,26823.263714775036,21.9030311282971,15.0,26.583139295610017,0,0,16.36875965942871
580,0.8929496457429688,26788.489372289063,21.841984965747265,15.0,26.463258563329543,0,0,16.36875965942871
581,0.8918041478371603,26754.12443511481,21.7793169684173,15.0,26.340192917649773,0,0,16.36875965942871
582,0.8906726650147394,26720.179950442183,21.71504570618729,15.0,26.21397882557749,0,0,16.36875965942871
583,0.8895555613623983,26686.66684087195,21.649190224019314,15.0,26.084653687072084,0,0,16.36875965942871
584,0.8884531967059704,26653.595901179113,21.581770036314033,15.0,25.952255823963185,0,0,16.36875965942871
585,0.8873659265038069,26620.977795114206,21.512805121128103,15.0,25.816824468595,0,0,16.36875965942871
586,0.8862941017414461,26588.82305224338,21.44231591425428,15.0,25.67839975220098,0,0,16.36875965942871
587,0.8852380688276095,26557.142064828284,21.37032330316583,15.0,25.537022693012013,0,0,16.36875965942871
588,0.8841981694915528,26525.945084746585,21.296848620827163,15.0,25.392735184101944,0,0,16.36875965942871
589,0.8831747406818048,26495.242220454144,21.221913639372367,15.0,25.245579980973623,0,0,16.36875965942871
590,0.8821681144663212,26465.043433989635,21.14554056365367,15.0,25.09560068888961,0,0,16.36875965942871
591,0.881178617934087,26435.35853802261,21.06775202466167,15.0,24.942841749950947,0,0,16.36875965942871
592,0.8802065730981922,26406.197192945765,20.988571072819287,15.0,24.78734842992807,0,0,16.36875965942871
593,0.8792522968004123,26377.56890401237,20.90802117115143,15.0,24.629166804847536,0,0,16.36875965942871
594,0.8783161006173218,26349.483018519655,20.826126188332363,15.0,24.46834374733868,0,0,16.36875965942871
595,0.8773982907679668,26321.948723039004,20.742910391612934,15.0,24.304926912744286,0,0,16.36875965942871
596,0.8764991680231262,26294.975040693786,20.658398439629643,15.0,24.138964724999255,0,0,16.36875965942871
597,0.875619027616186,26268.570828485583,20.572615375097808,15.0,23.970506362281604,0,0,16.36875965942871
598,0.8747581591556566,26242.744774669696,20.485586617390776,15.0,23.79960174243982,0,0,16.36875965942871
599,0.8739168465393538,26217.50539618061,20.397337955007696,15.0,23.626301508201184,0,0,16.36875965942871
600,0.8730953678702752,26192.861036108257,20.307895537931792,15.0,23.450657012165216,0,0,16.36875965942871
601,0.8722939953741922,26168.819861225766,20.21728586988158,15.0,23.27272030158683,0,0,16.36875965942871
602,0.8715129953189826,26145.389859569477,20.12553580045721,15.0,23.09254410295356,0,0,16.36875965942871
603,0.8707526279357305,26122.578838071913,20.032672517184377,15.0,22.91018180636155,0,0,16.36875965942871
604,0.8700131473416138,26100.394420248416,19.938723537458085,15.0,22.725687449695023,0,0,16.36875965942871
605,0.8692948014646045,26078.844043938134,19.843716700388597,15.0,22.539115702613557,0,0,16.36875965942871
606,0.8685978319700013,26057.93495910004,19.747680158552168,15.0,22.350521850352354,0,0,16.36875965942871
607,0.8679224741888198,26037.674225664596,19.650642369648754,15.0,22.159961777340015,0,0,16.36875965942871
608,0.8672689570480583,26018.06871144175,19.552632088069487,15.0,21.96749195063883,0,0,16.36875965942871
609,0.8666375030028619,25999.125090085858,19.453678356376003,15.0,21.773169403212258,0,0,16.36875965942871
610,0.8660283279706046,25980.84983911814,19.35381049669464,15.0,21.57705171702498,0,0,16.36875965942871
611,0.8654416412669079,25963.249238007236,19.2530581020275,15.0,21.37919700597989,0,0,16.36875965942871
612,0.8648776455436161,25946.329366308484,19.151451027483567,15.0,21.179663898698003,0,0,16.36875965942871
613,0.8643365367287466,25930.096101862397,19.049019381431876,15.0,20.978511521145236,0,0,16.36875965942871
614,0.8638185039684315,25914.555119052944,18.94579351657982,15.0,20.775799479112322,0,0,16.36875965942871
615,0.8633237295708701,25899.711887126105,18.84180402097894,15.0,20.571587840552176,0,0,16.36875965942871
616,0.8628523889523071,25885.571668569213,18.73708170896106,15.0,20.365937117780533,0,0,16.36875965942871
617,0.8624046505850524,25872.13951755157,18.631657612007338,15.0,20.158908249544904,0,0,16.36875965942871
618,0.8619806759475596,25859.420278426787,18.52556296955293,15.0,19.950562582966967,0,0,16.36875965942871
619,0.8615806194765762,25847.418584297284,18.4188292197301,15.0,19.7409618553642,0,0,16.36875965942871
620,0.8612046285213808,25836.138855641424,18.31148799005242,15.0,19.530168175955726,0,0,16.36875965942871
621,0.8608528433001205,25825.585299003615,18.203571088042874,15.0,19.31824400745809,0,0,16.36875965942871
622,0.8605253968582608,25815.761905747822,18.09511049180856,15.0,19.105252147576106,0,0,16.36875965942871
623,0.8602224150291616,25806.67245087485,17.986138340564906,15.0,18.89125571039459,0,0,16.36875965942871
624,0.8599440163967903,25798.32049190371,17.876686925112132,15.0,18.67631810767628,0,0,16.36875965942871
625,0.8596903122605821,25790.709367817464,17.766788678266796,15.0,18.460503030071614,0,0,16.36875965942871
626,0.8594614066024607,25783.84219807382,17.656476165251263,15.0,18.243874428245807,0,0,16.36875965942871
627,0.8592573960560248,25777.721881680744,17.54578207404384,15.0,18.026496493928715,0,0,16.36875965942871
628,0.8590783698779147,25772.351096337443,17.434739205692747,15.0,17.80843364089374,0,0,16.36875965942871
629,0.8589244099213631,25767.732297640894,17.32338046459637,15.0,17.589750485870383,0,0,16.36875965942871
630,0.8587955906119401,25763.867718358204,17.21173884875302,15.0,17.37051182939708,0,0,16.36875965942871
631,0.8586919789254998,25760.759367764993,17.0998474399829,15.0,17.15078263661929,0,0,16.36875965942871
632,0.8586136343683333,25758.40903105,16.987739394125228,15.0,16.930628018038977,0,0,16.36875965942871
633,0.8585606089595361,25756.818268786083,16.875447931213483,15.0,16.710113210220918,0,0,16.36875965942871
634,0.8585329472155935,25755.988416467804,16.763006325631586,15.0,16.489303556461827,0,0,16.36875965942871
635,0.8585306861371895,25755.920584115687,16.650447896253958,15.0,16.268264487427544,0,0,16.36875965942871
636,0.8585538551982431,25756.615655947295,16.537805996572413,15.0,16.04706150176462,0,0,16.36875965942871
637,0.8586024763371736,25758.074290115208,16.425114004812873,15.0,15.8257601466917,0,0,16.36875965942871
638,0.8586765639504007,25760.29691851202,16.31240531404456,15.0,15.604425998576346,0,0,16.36875965942871
639,0.8587761248880779,25763.283746642337,16.199713322285014,15.0,15.383124643503422,0,0,16.36875965942871
640,0.858901158452063,25767.034753561893,16.087071422603472,15.0,15.161921657840498,0,0,16.36875965942871
641,0.8590516563961252,25771.549691883756,15.97451299322584,15.0,14.940882588806215,0,0,16.36875965942871
642,0.8592276029283877,25776.82808785163,15.862071387643946,15.0,14.72007293504712,0,0,16.36875965942871
643,0.8594289747160083,25782.86924148025,15.749779924732211,15.0,14.499558127229088,0,0,16.36875965942871
644,0.8596557408920928,25789.672226762785,15.637671878874531,15.0,14.279403508648748,0,0,16.36875965942871
645,0.8599078630648415,25797.235891945245,15.525780470104397,15.0,14.059674315870934,0,0,16.36875965942871
646,0.8601852953289257,25805.55885986777,15.41413885426105,15.0,13.840435659397636,0,0,16.36875965942871
647,0.8604879842790905,25814.639528372714,15.30278011316468,15.0,13.6217525043743,0,0,16.36875965942871
648,0.8608158690259797,25824.47607077939,15.191737244813591,15.0,13.403689651339327,0,0,16.36875965942871
649,0.8611688812141789,25835.066436425368,15.081043153606164,15.0,13.186311717022237,0,0,16.36875965942871
650,0.8615469450424706,25846.40835127412,14.970730640590624,15.0,12.969683115196407,0,0,16.36875965942871
651,0.8619499772862954,25858.499318588863,14.860832393745302,15.0,12.753868037591763,0,0,16.36875965942871
652,0.8623778873224137,25871.336619672413,14.751380978292534,15.0,12.538930434873475,0,0,16.36875965942871
653,0.8628305771557593,25884.917314672777,14.642408827048872,15.0,12.324933997691932,0,0,16.36875965942871
654,0.8633079414484767,25899.2382434543,14.533948230814554,15.0,12.111942137809947,0,0,16.36875965942871
655,0.8638098675511363,25914.296026534088,14.42603132880501,15.0,11.900017969312316,0,0,16.36875965942871
656,0.8643362355361136,25930.087066083408,14.31869009912733,15.0,11.68922428990384,0,0,16.36875965942871
657,0.8648869182331271,25946.607546993815,14.211956349304502,15.0,11.479623562301075,0,0,16.36875965942871
658,0.8654617812669216,25963.85343800765,14.10586170685009,15.0,11.271277895723138,0,0,16.36875965942871
659,0.8660606830970858,25981.820492912575,14.00043760989637,15.0,11.064249027487506,0,0,16.36875965942871
660,0.8666834750599943,26000.50425179983,13.895715297878485,15.0,10.858598304715866,0,0,16.36875965942871
661,0.8673300014128602,26019.900042385805,13.791725802277611,15.0,10.654386666155721,0,0,16.36875965942871
662,0.8680000993798841,26040.002981396523,13.688499937425545,15.0,10.451674624122786,0,0,16.36875965942871
663,0.8686935992004889,26060.80797601467,13.586068291373872,15.0,10.250522246570057,0,0,16.36875965942871
664,0.8694103241796233,26082.3097253887,13.484461216829931,15.0,10.050989139288149,0,0,16.36875965942871
665,0.8701500907401202,26104.502722203604,13.383708822162802,15.0,9.853134428243084,0,0,16.36875965942871
666,0.8709127084770943,26127.38125431283,13.283840962481417,15.0,9.657016742055765,0,0,16.36875965942871
667,0.8716979802143641,26150.939406430924,13.184887230787945,15.0,9.462694194629208,0,0,16.36875965942871
668,0.8725057020628786,26175.171061886358,13.086876949208675,15.0,9.270224367928027,0,0,16.36875965942871
669,0.8733356634811343,26200.06990443403,12.989839160305262,15.0,9.079664294915684,0,0,16.36875965942871
670,0.8741876473375635,26225.629420126905,12.893802618468829,15.0,8.891070442654485,0,0,16.36875965942871
671,0.8750614299748745,26251.842899246232,12.798795781399344,15.0,8.704498695573019,0,0,16.36875965942871
672,0.8759567812763265,26278.703438289795,12.704846801673053,15.0,8.520004338906492,0,0,16.36875965942871
673,0.8768734647339178,26306.203942017535,12.611983518400217,15.0,8.337642042314481,0,0,16.36875965942871
674,0.877811237518469,26334.33712555407,12.52023344897585,15.0,8.157465843681207,0,0,16.36875965942871
675,0.8787698505515773,26363.09551654732,12.429623780925638,15.0,7.979529133102826,0,0,16.36875965942871
676,0.8797490485794249,26392.471457382748,12.340181363849739,15.0,7.803884637066874,0,0,16.36875965942871
677,0.8807485702484157,26422.457107452472,12.251932701466654,15.0,7.63058440282822,0,0,16.36875965942871
678,0.8817681481826202,26453.044445478605,12.164903943759613,15.0,7.459679782986418,0,0,16.36875965942871
679,0.8828075090630044,26484.225271890133,12.079120879227784,15.0,7.291221420268785,0,0,16.36875965942871
680,0.8838663737084207,26515.99121125262,11.994608927244494,15.0,7.125259232523752,0,0,16.36875965942871
681,0.8849444571583347,26548.333714750042,11.911393130525065,15.0,6.961842397929358,0,0,16.36875965942871
682,0.8860414687572657,26581.24406271797,11.829498147705987,15.0,6.801019340420487,0,0,16.36875965942871
683,0.8871571122409138,26614.713367227414,11.74894824603813,15.0,6.642837715339951,0,0,16.36875965942871
684,0.8882910858239497,26648.73257471849,11.669767294195758,15.0,6.4873443953170895,0,0,16.36875965942871
685,0.88944308228944,26683.2924686832,11.591978755203765,15.0,6.334585456378445,0,0,16.36875965942871
686,0.8906127890798821,26718.383672396463,11.515605679485061,15.0,6.184606164294414,0,0,16.36875965942871
687,0.8917998883898222,26753.996651694666,11.440670698030264,15.0,6.037450961166094,0,0,16.36875965942871
688,0.8930040572600273,26790.12171780082,11.367196015691599,15.0,5.893163452256024,0,0,16.36875965942871
689,0.8942249676731854,26826.749030195562,11.295203404603148,15.0,5.751786393067061,0,0,16.36875965942871
690,0.8954622866511042,26863.868599533125,11.224714197729321,15.0,5.613361676673033,0,0,16.36875965942871
691,0.8967156763533791,26901.470290601374,11.155749282543393,15.0,5.477930321304852,0,0,16.36875965942871
692,0.8979847941775038,26939.543825325112,11.08832909483811,15.0,5.3455324581959545,0,0,16.36875965942871
693,0.899269292860389,26978.07878581167,11.022473612670137,15.0,5.2162073196905485,0,0,16.36875965942871
694,0.900568820581266,27017.06461743798,10.958202350440127,15.0,5.089993227618265,0,0,16.36875965942871
695,0.9018830210659372,27056.490631978115,10.895534353110158,15.0,4.966927581938496,0,0,16.36875965942871
696,0.9032115336923485,27096.346010770456,10.83448819056033,15.0,4.847046849658028,0,0,16.36875965942871
697,0.9045539935974496,27136.61980792349,10.775081952086083,15.0,4.730386554025062,0,0,16.36875965942871
698,0.9059100317853103,27177.30095355931,10.717333241037977,15.0,4.616981264002957,0,0,16.36875965942871
699,0.9072792752364621,27218.378257093864,10.661259169605408,15.0,4.506864584026608,0,0,16.36875965942871
700,0.9086613470184324,27259.84041055297,10.606876353745928,15.0,4.400069144044824,0,0,16.36875965942871
701,0.9100558663974365,27301.675991923097,10.554200908261546,15.0,4.296626589851298,0,0,16.36875965942871
702,0.9114624489511991,27343.873468535974,10.503248442023587,15.0,4.196567573707302,0,0,16.36875965942871
703,0.9128807066828651,27386.421200485955,10.454034053347451,15.0,4.099921745258786,0,0,16.36875965942871
704,0.9143102481359724,27429.30744407917,10.406572325518628,15.0,4.006717742750499,0,0,16.36875965942871
705,0.9157506785104488,27472.520355313463,10.360877322471385,15.0,3.916983184539891,0,0,16.36875965942871
706,0.9172015997795998,27516.047993387994,10.316962584621297,15.0,3.8307446609131834,0,0,16.36875965942871
707,0.9186626108080523,27559.87832424157,10.274841124852957,15.0,3.7480277262061232,0,0,16.36875965942871
708,0.9201333074706197,27603.99922411859,10.234525424663946,15.0,3.6688568912316297,0,0,16.36875965942871
709,0.9216132827720528,27648.398483161585,10.196027430466309,15.0,3.5932556160167484,0,0,16.36875965942871
710,0.9231021269676422,27693.063809029263,10.15935855004659,15.0,3.5212463028509493,0,0,16.36875965942871
711,0.9245994276846327,27737.98283053898,10.12452964918543,15.0,3.4528502896478024,0,0,16.36875965942871
712,0.92610477004442,27783.1431013326,10.091551048437827,15.0,3.388087843622129,0,0,16.36875965942871
713,0.9276177367854873,27828.53210356462,10.060432520074917,15.0,3.3269781552843654,0,0,16.36875965942871
714,0.9291379083870491,27874.137251611475,10.031183285188247,15.0,3.2695393327540376,0,0,16.36875965942871
715,0.9306648631933644,27919.94589580093,10.003812010957368,15.0,3.215788396393882,0,0,16.36875965942871
716,0.9321981775386818,27965.945326160454,9.978326808081547,15.0,3.165741273766385,0,0,16.36875965942871
717,0.9337374258727817,28012.122776183453,9.954735228376418,15.0,3.1194127949140826,0,0,16.36875965942871
718,0.9352821808870755,28058.465426612263,9.933044262536196,15.0,3.0768166879651178,0,0,16.36875965942871
719,0.9368320136412259,28104.960409236777,9.913260338062184,15.0,3.0379655750652668,0,0,16.36875965942871
720,0.9383864936902525,28151.594810707575,9.895389317358184,15.0,3.0028709686377706,0,0,16.36875965942871
721,0.9399451892120805,28198.355676362415,9.87943649599331,15.0,2.9715432679719096,0,0,16.36875965942871
722,0.9415076671354998,28245.230014064993,9.865406601132825,15.0,2.9439917561414983,0,0,16.36875965942871
723,0.9430734932684929,28292.204798054787,9.853303790137371,15.0,2.9202245972541068,0,0,16.36875965942871
724,0.9446422324268957,28339.266972806872,9.84313164933104,15.0,2.900248834031847,0,0,16.36875965942871
725,0.9462134485633519,28386.403456900556,9.834893192938688,15.0,2.884070385724475,0,0,16.36875965942871
726,0.947786704896523,28433.60114689569,9.828590862192742,15.0,2.8716940463553806,0,0,16.36875965942871
727,0.9493615640405162,28480.846921215485,9.824226524609823,15.0,2.8631234833010284,0,0,16.36875965942871
728,0.950937588134491,28528.127644034732,9.821801473437342,15.0,2.8583612362042152,0,0,16.36875965942871
729,0.9525143389724078,28575.430169172232,9.821316427270302,15.0,2.857408716221534,0,0,16.36875965942871
730,0.9540913781328763,28622.741343986287,9.822771529838349,15.0,2.860266205605214,0,0,16.36875965942871
731,0.9556682671090703,28670.04801327211,9.826166349963184,15.0,2.866932857619479,0,0,16.36875965942871
732,0.9572445674386666,28717.33702316,9.831499881686343,15.0,2.8774066967914598,0,0,16.36875965942871
733,0.9588198408337707,28764.59522501312,9.83877054456727,15.0,2.8916846194965684,0,0,16.36875965942871
734,0.9603936493107906,28811.809479323718,9.847976184151637,15.0,2.9097623948781584,0,0,16.36875965942871
735,0.9619655553202214,28858.96665960664,9.859114072609763,15.0,2.9316346661012433,0,0,16.36875965942871
736,0.9635351218763004,28906.053656289012,9.87218090954492,15.0,2.9572949519398053,0,0,16.36875965942871
737,0.9651019126864953,28953.05738059486,9.88717282297132,15.0,2.986735648697368,0,0,16.36875965942871
738,0.9666654922807875,28999.964768423622,9.904085370461463,15.0,3.019948032460092,0,0,16.36875965942871
739,0.9682254261407105,29046.762784221315,9.922913540462527,15.0,3.056922261681892,0,0,16.36875965942871
740,0.9697812808281081,29093.438424843243,9.943651753781392,15.0,3.097647380100674,0,0,16.36875965942871
741,0.9713326241135705,29139.978723407115,9.966293865237883,15.0,3.1421113199849326,0,0,16.36875965942871
742,0.9728790251045141,29186.370753135423,9.990833165485725,15.0,3.1903009057096727,0,0,16.36875965942871
743,0.9744200543728633,29232.6016311859,10.017262383000649,15.0,3.24220185766063,0,0,16.36875965942871
744,0.9759552840823003,29278.658522469006,10.045573686235114,15.0,3.2977987964656172,0,0,16.36875965942871
745,0.9774842881150414,29324.52864345124,10.07575868593897,15.0,3.357075247551793,0,0,16.36875965942871
746,0.9790066421981057,29370.19926594317,10.10780843764535,15.0,3.4200136460274084,0,0,16.36875965942871
747,0.9805219240290357,29415.65772087107,10.141713444321143,15.0,3.4865953418866793,0,0,16.36875965942871
748,0.9820297134010345,29460.891402031037,10.177463659181136,15.0,3.5568006055361607,0,0,16.36875965942871
749,0.983529592327483,29505.88776982449,10.215048488665111,15.0,3.630608633641086,0,0,16.36875965942871
750,0.9850211451657976,29550.63435497393,10.254456795576948,15.0,3.7079975552898166,0,0,16.36875965942871
751,0.9865039587405943,29595.11876221783,10.295676902384816,15.0,3.7889444384747,0,0,16.36875965942871
752,0.9879776224661216,29639.328673983648,10.338696594681444,15.0,3.8734252968872256,0,0,16.36875965942871
753,0.9894417284679256,29683.251854037768,10.383503124803578,15.0,3.961415097025835,0,0,16.36875965942871
754,0.9908958717037124,29726.876151111373,10.430083215609349,15.0,4.052887765613782,0,0,16.36875965942871
755,0.9923396500833706,29770.189502501118,10.47842306441255,15.0,4.147816197325186,0,0,16.36875965942871
756,0.9937726645881194,29813.17993764358,10.528508347072727,15.0,4.246172262817024,0,0,16.36875965942871
757,0.9951945193887465,29855.835581662395,10.580324222239696,15.0,4.347926817064382,0,0,16.36875965942871
758,0.9966048219629007,29898.14465888702,10.633855335751388,15.0,4.453049707996837,0,0,16.36875965942871
759,0.9980031832114047,29940.09549634214,10.689085825183549,15.0,4.561509785433017,0,0,16.36875965942871
760,0.9993892175735539,29981.67652720662,10.745999324550196,15.0,4.673274910311235,0,0,16.36875965942871
761,1.0,30000.0,10.804578969153175,15.0,4.788311964212905,0,0,16.36875965942871
762,1.0,30000.0,10.864807400579544,15.0,4.90658685917626,0,0,16.36875965942871
763,1.0,30000.0,10.926666771845218,15.0,5.028064547797317,0,0,16.36875965942871
764,1.0,30000.0,10.99013875268347,15.0,5.152709033615253,0,0,16.36875965942871
765,1.0,30000.0,11.055204534976543,15.0,5.280483381778877,0,0,16.36875965942871
766,1.0,30000.0,11.121844838328895,15.0,5.411349729991211,0,0,16.36875965942871
767,1.0,30000.0,11.190039915780439,15.0,5.5452692997289645,0,0,16.36875965942871
768,1.0,30000.0,11.259769559657945,15.0,5.682202407733401,0,0,16.36875965942871
769,1.0,30000.0,11.33101310756306,15.0,5.822108477769377,0,0,16.36875965942871
770,1.0,30000.0,11.403749448494963,15.0,5.964946052648889,0,0,16.36875965942871
771,1.0,30000.0,11.477957029106062,15.0,6.110672806515832,0,0,16.36875965942871
772,1.0,30000.0,11.553613860088687,15.0,6.259245557387992,0,0,16.36875965942871
773,1.0,30000.0,11.630697522691026,15.0,6.410620279952834,0,0,16.36875965942871
774,1.0,30000.0,11.709185175360226,15.0,6.564752118613105,0,0,16.36875965942871
775,1.0,30000.0,11.789053560510908,15.0,6.721595400778581,0,0,16.36875965942871
776,1.0,30000.0,11.870279011416862,15.0,6.881103650399822,0,0,16.36875965942871
777,1.0,30000.0,11.952837459223975,15.0,7.043229601739961,0,0,16.36875965942871
778,1.0,30000.0,12.036704440082417,15.0,7.207925213380667,0,0,16.36875965942871
779,1.0,30000.0,12.12185510239576,15.0,7.375141682457788,0,0,16.36875965942871
780,1.0,30000.0,12.208264214185068,15.0,7.544829459122729,0,0,16.36875965942871
781,1.0,30000.0,12.29590617056564,15.0,7.716938261225067,0,0,16.36875965942871
782,1.0,30000.0,12.384755001334337,15.0,7.891417089212345,0,0,16.36875965942871
783,1.0,30000.0,12.47478437866509,15.0,8.068214241242266,0,0,16.36875965942871
784,1.0,30000.0,12.565967624910412,15.0,8.247277328503106,0,0,16.36875965942871
785,1.0,30000.0,12.658277720506527,15.0,8.428553290737579,0,0,16.36875965942871
786,1.0,30000.0,12.751687311979902,15.0,8.611988411965836,0,0,16.36875965942871
787,1.0,30000.0,12.846168720052662,15.0,8.797528336402642,0,0,16.36875965942871
788,1.0,30000.0,12.941693947844477,15.0,8.985118084564027,0,0,16.36875965942871
789,1.0,30000.0,13.03823468916876,15.0,9.174702069559114,0,0,16.36875965942871
790,1.0,30000.0,13.135762336920358,15.0,9.36622411356163,0,0,16.36875965942871
791,1.0,30000.0,13.234247991552431,15.0,9.559627464456575,0,0,16.36875965942871
792,1.0,30000.0,13.333662469639979,15.0,9.754854812657008,0,0,16.36875965942871
793,1.0,30000.0,13.433976312527623,15.0,9.951848308086351,0,0,16.36875965942871
794,1.0,30000.0,13.535159795058757,15.0,10.150549577320417,0,0,16.36875965942871
795,1.0,30000.0,13.637182934383826,15.0,10.35089974088489,0,0,16.36875965942871
796,1.0,30000.0,13.740015498844759,15.0,10.552839430702296,0,0,16.36875965942871
797,1.0,30000.0,13.84362701693342,15.0,10.756308807684361,0,0,16.36875965942871
798,1.0,30000.0,13.947986786320888,15.0,10.96124757946348,0,0,16.36875965942871
799,1.0,30000.0,14.053063882955204,15.0,11.167595018258597,0,0,16.36875965942871
800,1.0,30000.0,14.158827170224898,15.0,11.375289978870267,0,0,16.36875965942871
801,1.0,30000.0,14.265245308185392,15.0,11.584270916799245,0,0,16.36875965942871
802,1.0,30000.0,14.372286762845729,15.0,11.79447590648346,0,0,16.36875965942871
803,1.0,30000.0,14.479919815512725,15.0,12.005842659647833,0,0,16.36875965942871
804,1.0,30000.0,14.588112572189978,15.0,12.21830854376175,0,0,16.36875965942871
805,1.0,30000.0,14.6968329730287,15.0,12.431810600598391,0,0,16.36875965942871
806,1.0,30000.0,14.806048801827727,15.0,12.646285564890508,0,0,16.36875965942871
807,1.0,30000.0,14.91572769557992,15.0,12.861669883077465,0,0,16.36875965942871
808,1.0,30000.0,15.025837154062003,15.0,13.0778997321374,0,0,16.36875965942871
809,1.0,30000.0,15.136344549465077,15.0,13.294911038499441,0,0,16.36875965942871
810,1.0,30000.0,15.247217136062918,15.0,13.51263949702998,0,0,20.36875965942871
811,1.0,30000.0,19.111527946852455,15.0,13.73102059008781,0,0,20.36875965942871
812,1.0,30000.0,19.250280333222072,15.0,13.94998960664201,0,0,20.36875965942871
813,1.0,30000.0,19.389364149154815,15.0,14.16948166144726,0,0,20.36875965942871
814,1.0,30000.0,19.52873818111433,15.0,14.38943171427065,0,0,20.36875965942871
815,1.0,30000.0,19.668361129567018,15.0,14.609774589164633,0,0,20.36875965942871
816,1.0,30000.0,19.808191621219954,15.0,14.830444993780024,0,0,20.36875965942871
817,1.0,30000.0,19.94818822128065,15.0,15.051377538713421,0,0,20.36875965942871
818,1.0,30000.0,20.088309445735142,15.0,15.272506756883676,0,0,20.36875965942871
819,1.0,30000.0,20.22851377364056,15.0,15.49376712293108,0,0,20.36875965942871
820,0.9999997234364351,29999.991703093052,20.368759659428722,15.0,15.715093072634033,0,0,20.36875965942871
821,0.9999730579843725,29999.191739531176,20.50900554521684,15.0,15.936419022336917,0,0,20.36875965942871
822,0.9999200008397295,29997.600025191885,20.64920987312226,15.0,16.157679388384324,0,0,20.36875965942871
823,0.9998405570188512,29995.216710565535,20.789331097576753,15.0,16.378808606554575,0,0,20.36875965942871
824,0.9997347393570244,29992.04218071073,20.929327697637476,15.0,16.59974115148802,0,0,20.36875965942871
825,0.999602568504674,29988.07705514022,21.0691581892904,15.0,16.820411556103387,0,0,20.36875965942871
826,0.9994440729212445,29983.322187637335,21.208781137743074,15.0,17.04075443099735,0,0,20.36875965942871
827,0.999259288866766,29977.778666002978,21.348155169702615,15.0,17.26070448382078,0,0,20.36875965942871
828,0.9990482603911096,29971.447811733287,21.487238985635344,15.0,17.48019653862601,0,0,20.36875965942871
829,0.9988110393209354,29964.33117962806,21.625991372004965,15.0,17.69916555518021,0,0,20.36875965942871
830,0.9985476852443341,29956.430557330023,21.76437121348486,15.0,17.917546648238044,0,0,20.36875965942871
831,0.9982582654931705,29947.747964795115,21.902337505141546,15.0,18.135275106768603,0,0,20.36875965942871
832,0.9979428551231312,29938.285653693936,22.03984936458521,15.0,18.35228641313062,0,0,20.36875965942871
833,0.997601536891484,29928.04610674452,22.17686604408416,15.0,18.568516262190556,0,0,20.36875965942871
834,0.9972344012325556,29917.032036976667,22.313346942639214,15.0,18.783900580377505,0,0,20.36875965942871
835,0.996841546230933,29905.24638692799,22.449251618014628,15.0,18.99837554466965,0,0,20.36875965942871
836,0.9964230775923998,29892.692327771994,22.58453979872201,15.0,19.211877601506266,0,0,20.36875965942871
837,0.9959791086126132,29879.373258378397,22.71917139595367,15.0,19.424343485620188,0,0,20.36875965942871
838,0.9955097601435317,29865.29280430595,22.853106515461764,15.0,19.635710238784583,0,0,20.36875965942871
839,0.9950151605576041,29850.45481672812,22.986305469379808,15.0,19.845915228468776,0,0,20.36875965942871
840,0.9944954457097301,29834.863371291904,23.118728787983102,15.0,20.05489616639775,0,0,20.36875965942871
841,0.9939507588970037,29818.52276691011,23.250337231384407,15.0,20.262591127009426,0,0,20.36875965942871
842,0.993381250816251,29801.43752448753,23.381091801161617,15.0,20.46893856580456,0,0,20.36875965942871
843,0.9927870795193755,29783.612385581266,23.51095375191377,15.0,20.67387733758366,0,0,20.36875965942871
844,0.9921684103665238,29765.052310995714,23.639884602742214,15.0,20.877346714565725,0,0,20.36875965942871
845,0.9915254159770859,29745.762479312576,23.767846148653298,15.0,21.07928640438313,0,0,20.36875965942871
846,0.9908582761785446,29725.748285356338,23.894800471879343,15.0,21.279636567947584,0,0,20.36875965942871
847,0.9901671779531883,29705.01533859565,24.02070995311445,15.0,21.47833783718167,0,0,20.36875965942871
848,0.9894523153827046,29683.56946148114,24.145537282662,15.0,21.675331332611016,0,0,20.36875965942871
849,0.9887138895906692,29661.416687720077,24.26924547149026,15.0,21.87055868081147,0,0,20.36875965942871
850,0.9879521086829489,29638.563260488467,24.391797862193012,15.0,22.063962031706374,0,0,20.36875965942871
851,0.9871671876860353,29615.01563058106,24.513158139852017,15.0,22.255484075708885,0,0,20.36875965942871
852,0.986359348483328,29590.78045449984,24.63329034279782,15.0,22.445068060703996,0,0,20.36875965942871
853,0.9855288197493854,29565.864592481565,24.752158873266048,15.0,22.632657808865403,0,0,20.36875965942871
854,0.984675836882164,29540.27510646492,24.8697285079457,15.0,22.818197733302167,0,0,20.36875965942871
855,0.9838006419332641,29514.019257997923,24.98596440841667,15.0,23.001632854530428,0,0,20.36875965942871
856,0.9829034835362056,29487.10450608617,25.100832131473076,15.0,23.182908816764897,0,0,20.36875965942871
857,0.981984616832752,29459.53850498256,25.214297639329555,15.0,23.361971904025758,0,0,20.36875965942871
858,0.9810443033973063,29431.32910191919,25.326327309707274,15.0,23.53876905605566,0,0,20.36875965942871
859,0.9800828111594012,29402.484334782035,25.436887945797157,15.0,23.713247884042936,0,0,20.36875965942871
860,0.9791004143243056,29373.01242972917,25.545946786096646,15.0,23.885356686145307,0,0,20.36875965942871
861,0.9780973932917719,29342.92179875316,25.65347151411763,15.0,24.055044462810233,0,0,20.36875965942871
862,0.9770740345729472,29312.221037188414,25.759430267962646,15.0,24.222260931887355,0,0,20.36875965942871
863,0.9760306307054735,29280.918921164204,25.863791649766146,15.0,24.386956543528047,0,0,20.36875965942871
864,0.9749674801668037,29249.02440500411,25.966524734998437,15.0,24.54908249486822,0,0,20.36875965942871
865,0.9738848872857552,29216.546618572655,26.067599081629147,15.0,24.70859074448944,0,0,20.36875965942871
866,0.9727831621523308,29183.494864569926,26.166984739148035,15.0,24.86543402665492,0,0,20.36875965942871
867,0.9716626205258332,29149.878615774996,26.264652257439856,15.0,25.019565865315187,0,0,20.36875965942871
868,0.9705235837412977,29115.70751223893,26.36057269551111,15.0,25.170940587880033,0,0,20.36875965942871
869,0.9693663786142737,29080.99135842821,26.45471763006585,15.0,25.31951333875219,0,0,20.36875965942871
870,0.9681913373439833,29045.7401203195,26.547059163928157,15.0,25.465240092619133,0,0,20.36875965942871
871,0.9669987974148826,29009.963922446477,26.63756993430867,15.0,25.608077667498662,0,0,20.36875965942871
872,0.9657891014966578,28973.673044899733,26.726223120912717,15.0,25.747983737534625,0,0,20.36875965942871
873,0.9645625973426848,28936.877920280545,26.812992453887826,15.0,25.88491684553906,0,0,20.36875965942871
874,0.9633196376869828,28899.589130609485,26.897852221608005,15.0,26.018836415276816,0,0,20.36875965942871
875,0.9620605801396912,28861.817404190737,26.980777278292663,15.0,26.149702763489167,0,0,20.36875965942871
876,0.9607857870811021,28823.57361243306,27.061743051457814,15.0,26.27747711165277,0,0,20.36875965942871
877,0.959495625554279,28784.86876662837,27.140725549197494,15.0,26.40212159747071,0,0,20.36875965942871
878,0.9581904671562945,28745.714014688834,27.217701367293042,15.0,26.523599286091766,0,0,20.36875965942871
879,0.9568706879281178,28706.120637843534,27.29264769614829,15.0,26.641874181055123,0,0,20.36875965942871
880,0.9555366682431855,28666.100047295564,27.36554232754851,15.0,26.75691123495679,0,0,20.36875965942871
881,0.9541887926946887,28625.66378084066,27.436363661241227,15.0,26.868676359835007,0,0,20.36875965942871
882,0.9528274499816102,28584.823499448306,27.505090711336823,15.0,26.9771364372712,0,0,20.36875965942871
883,0.9514530327935442,28543.590983806327,27.571703112527103,15.0,27.082259328203634,0,0,20.36875965942871
884,0.9500659376943341,28501.978130830023,27.636181126119972,15.0,27.184013882451005,0,0,20.36875965942871
885,0.9486665650045617,28459.99695013685,27.69850564588846,15.0,27.28236994794284,0,0,20.36875965942871
886,0.9472553186829242,28417.659560487726,27.758658203732296,15.0,27.377298379654253,0,0,20.36875965942871
887,0.945832606206532,28374.97818619596,27.81662097515037,15.0,27.468771048242186,0,0,20.36875965942871
888,0.9443988384501647,28331.96515350494,27.87237678452259,15.0,27.55676084838079,0,0,20.36875965942871
889,0.9429544295645198,28288.632886935593,27.92590911019932,15.0,27.64124170679333,0,0,20.36875965942871
890,0.9414997968534911,28244.993905604733,27.977202089397153,15.0,27.722188589978202,0,0,20.36875965942871
891,0.9400353606505126,28201.06081951538,28.02624052289934,15.0,27.799577511626936,0,0,20.36875965942871
892,0.9385615441940047,28156.84632582014,28.073009879559713,15.0,27.873385539731864,0,0,20.36875965942871
893,0.9370787735019589,28112.363205058766,28.11749630060853,15.0,27.943590803381355,0,0,20.36875965942871
894,0.9355874772457002,28067.624317371006,28.15968660375912,15.0,28.010172499240618,0,0,20.36875965942871
895,0.9340880866228625,28022.642598685874,28.199568287114133,15.0,28.073110897716234,0,0,20.36875965942871
896,0.9325810352296147,27977.43105688844,28.23712953287007,15.0,28.132387348802403,0,0,20.36875965942871
897,0.9310667589321776,27932.00276796533,28.27235921081919,15.0,28.187984287607403,0,0,20.36875965942871
898,0.9295456957376672,27886.370872130017,28.305246881647573,15.0,28.239885239558355,0,0,20.36875965942871
899,0.9280182856643034,27840.548569929102,28.335782800028593,15.0,28.288074825283097,0,0,20.36875965942871
900,0.9264849706110233,27794.5491183307,28.363957917510604,15.0,28.33253876516735,0,0,20.36875965942871
901,0.9249461942265368,27748.385826796104,28.389763885198246,15.0,28.37326388358614,0,0,20.36875965942871
902,0.9234024017778644,27702.07205333593,28.41319305622634,15.0,28.41023811280794,0,0,20.36875965942871
903,0.9218540400183944,27655.621200551832,28.43423848802587,15.0,28.44345049657066,0,0,20.36875965942871
904,0.920301557055501,27609.04671166503,28.452893944381195,15.0,28.472891193328223,0,0,20.36875965942871
905,0.9187454022177591,27562.362066532773,28.469153897277987,15.0,28.498551479166792,0,0,20.36875965942871
906,0.9171860259218002,27515.580777654006,28.483013528541274,15.0,28.520423750389874,0,0,20.36875965942871
907,0.9156238795388429,27468.716386165288,28.494468731263204,15.0,28.538501525771462,0,0,20.36875965942871
908,0.9140594152609425,27421.782457828274,28.503516111019984,15.0,28.55277944847657,0,0,20.36875965942871
909,0.9124930859669965,27374.792579009896,28.510152986877735,15.0,28.563253287648553,0,0,20.36875965942871
910,0.9109253450885471,27327.760352656413,28.5143773921869,15.0,28.569919939662817,0,0,20.36875965942871
911,0.9093566464754191,27280.699394262574,28.516188075165026,15.0,28.572777429046496,0,0,20.36875965942871
912,0.9077874442612354,27233.62332783706,28.515584499267664,15.0,28.57182490906382,0,0,20.36875965942871
913,0.906218192728846,27186.545781865378,28.512566843347372,15.0,28.567062661967007,0,0,20.36875965942871
914,0.9046493461757152,27139.480385271458,28.507136001600735,15.0,28.55849209891265,0,0,20.36875965942871
915,0.9030813587793038,27092.440763379116,28.49929358330337,15.0,28.546115759543557,0,0,20.36875965942871
916,0.9015146844624852,27045.440533874556,28.48904191233306,15.0,28.529937311236186,0,0,20.36875965942871
917,0.899949776759039,26998.49330277117,28.476384026481174,15.0,28.509961548013926,0,0,20.36875965942871
918,0.8983870886792596,26951.61266037779,28.46132367655246,15.0,28.48619438912653,0,0,20.36875965942871
919,0.8968270725757186,26904.812177271557,28.443865325253643,15.0,28.45864287729612,0,0,20.36875965942871
920,0.8952701800092236,26858.10540027671,28.42401414587099,15.0,28.42731517663026,0,0,20.36875965942871
921,0.8937168616150107,26811.50584845032,28.40177602073737,15.0,28.392220570202767,0,0,20.36875965942871
922,0.8921675669692115,26765.027009076344,28.3771575394892,15.0,28.353369457302914,0,0,20.36875965942871
923,0.8906227444556342,26718.682333669025,28.35016599711379,15.0,28.31077335035395,0,0,20.36875965942871
924,0.8890828411328977,26672.485233986932,28.32080939178767,15.0,28.264444871501652,0,0,20.36875965942871
925,0.8875483026019586,26626.44907805876,28.28909642250656,15.0,28.214397748874156,0,0,20.36875965942871
926,0.8860195728740698,26580.587186222096,28.255036486507677,15.0,28.160646812513995,0,0,20.36875965942871
927,0.8844970942392105,26534.912827176315,28.21863967648515,15.0,28.103207989983666,0,0,20.36875965942871
928,0.882981307135026,26489.43921405078,28.179916777599274,15.0,28.042098301645915,0,0,20.36875965942871
929,0.8814726500163169,26444.179500489507,28.13887926428071,15.0,27.97733585562024,0,0,20.36875965942871
930,0.879971559225115,26399.146776753452,28.09553929683031,15.0,27.90893984241708,0,0,20.36875965942871
931,0.8784784688613863,26354.354065841588,28.049909717815787,15.0,27.836930529251283,0,0,20.36875965942871
932,0.8769938106543967,26309.814319631903,28.002004048266176,15.0,27.76132925403641,0,0,20.36875965942871
933,0.8755180138347832,26265.540415043495,27.95183648366523,15.0,27.682158419061906,0,0,20.36875965942871
934,0.8740515050073615,26221.545150220845,27.899421889745074,15.0,27.599441484354845,0,0,20.36875965942871
935,0.8725947080247154,26177.84124074146,27.844775798081074,15.0,27.513202960728144,0,0,20.36875965942871
936,0.8711480438615992,26134.441315847977,27.78791440148955,15.0,27.423468402517546,0,0,20.36875965942871
937,0.8697119304901941,26091.357914705823,27.728854549229464,15.0,27.33026440000924,0,0,20.36875965942871
938,0.8682867827562539,26048.603482687617,27.66761374200969,15.0,27.233618571560726,0,0,20.36875965942871
939,0.8668730122561777,26006.190367685333,27.60421012680307,15.0,27.133559555416742,0,0,20.36875965942871
940,0.8654710272150445,25964.130816451336,27.538662491469157,15.0,27.03011700122321,0,0,20.36875965942871
941,0.8640812323656473,25922.43697096942,27.470990259186927,15.0,26.923321561241423,0,0,20.36875965942871
942,0.8627040288285622,25881.120864856868,27.401213482699305,15.0,26.81320488126508,0,0,20.36875965942871
943,0.8613398139932882,25840.194419798645,27.32935283837107,15.0,26.699799591242975,0,0,20.36875965942871
944,0.8599889814004911,25799.669442014732,27.255429620062,15.0,26.58313929561001,0,0,20.36875965942871
945,0.8586519206253896,25759.55761876169,27.17946573281709,15.0,26.463258563329546,0,0,20.36875965942871
946,0.8573290171623158,25719.870514869475,27.10148368637556,15.0,26.340192917649773,0,0,20.36875965942871
947,0.8560206523104845,25680.619569314535,27.021506588500756,15.0,26.21397882557749,0,0,20.36875965942871
948,0.8547272030610061,25641.816091830184,26.93955813813283,15.0,26.084653687072084,0,0,20.36875965942871
949,0.8534490419851766,25603.471259555296,26.85566261836622,15.0,25.95225582396319,0,0,20.36875965942871
950,0.8521865371240754,25565.596113722262,26.76984488925405,15.0,25.816824468595,0,0,20.36875965942871
951,0.8509400518795084,25528.20155638525,26.682130380441546,15.0,25.67839975220098,0,0,20.36875965942871
952,0.8497099449063229,25491.298347189688,26.592545083630704,15.0,25.53702269301202,0,0,20.36875965942871
953,0.8484965700061313,25454.897100183938,26.501115544878378,15.0,25.392735184101944,0,0,20.36875965942871
954,0.8473002760224713,25419.008280674137,26.407868856730126,15.0,25.245579980973623,0,0,20.36875965942871
955,0.8461214067374363,25383.64220212309,26.312832650192043,15.0,25.095600688889597,0,0,20.36875965942871
956,0.8449603007698062,25348.809023094185,26.21603508654321,15.0,24.94284174995095,0,0,20.36875965942871
957,0.8438172914747055,25314.518744241166,26.117504848990784,15.0,24.787348429928088,0,0,20.36875965942871
958,0.842692706844825,25280.78120534475,26.017271134170606,15.0,24.62916680484755,0,0,20.36875965942871
959,0.8415868694132291,25247.606082396873,25.915363643495596,15.0,24.46834374733868,0,0,20.36875965942871
960,0.8405000961577828,25215.002884733483,25.811812574354587,15.0,24.304926912744293,0,0,20.36875965942871
961,0.8394326984072242,25182.980952216727,25.706648611164194,15.0,24.13896472499927,0,0,20.36875965942871
962,0.8383849817489116,25151.54945246735,25.59990291627632,15.0,23.970506362281625,0,0,20.36875965942871
963,0.8373572459382702,25120.717378148107,25.4916071207441,15.0,23.799601742439805,0,0,20.36875965942871
964,0.8363497848099694,25090.49354429908,25.38179331494903,15.0,23.626301508201188,0,0,20.36875965942871
965,0.8353628861908522,25060.886585725566,25.27049403909168,15.0,23.450657012165237,0,0,20.36875965942871
966,0.834396831814647,25031.904954439407,25.157742273549523,15.0,23.272720301586816,0,0,20.36875965942871
967,0.8334518972384823,25003.55691715447,25.043571429104123,15.0,23.092544102953543,0,0,20.36875965942871
968,0.832528351761235,24975.850552837048,24.928015337040677,15.0,22.91018180636157,0,0,20.36875965942871
969,0.8316264583437295,24948.793750311885,24.81110823912314,15.0,22.725687449695048,0,0,20.36875965942871
970,0.8307464735308182,24922.394205924546,24.692884777447684,15.0,22.539115702613536,0,0,20.36875965942871
971,0.8298886473753608,24896.659421260825,24.57337998417752,15.0,22.350521850352337,0,0,20.36875965942871
972,0.8290532233641289,24871.596700923867,24.452629271161996,15.0,22.159961777340015,0,0,20.36875965942871
973,0.8282404383456548,24847.213150369644,24.330668419443406,15.0,21.967491950638852,0,0,20.36875965942871
974,0.8274505224600492,24823.515673801478,24.207533568654185,15.0,21.773169403212258,0,0,20.36875965942871
975,0.8266836990708049,24800.510972124146,24.083261206308162,15.0,21.577051717024958,0,0,20.36875965942871
976,0.8259401846986094,24778.205540958283,23.95788815698829,15.0,21.379197005979893,0,0,20.36875965942871
977,0.825220188957186,24756.60566871558,23.831451571434844,15.0,21.179663898697985,0,0,20.36875965942871
978,0.8245239144911796,24735.717434735387,23.70398891553687,15.0,20.97851152114524,0,0,20.36875965942871
979,0.8238515569161093,24715.54670748328,23.575537959230164,15.0,20.775799479112322,0,0,20.36875965942871
980,0.8232033047604037,24696.099142812112,23.44613676530529,15.0,20.571587840552176,0,0,20.36875965942871
981,0.8225793394095352,24677.380182286055,23.31582367812869,15.0,20.365937117780533,0,0,20.36875965942871
982,0.8219798350522715,24659.395051568143,23.18463731228051,15.0,20.158908249544908,0,0,20.36875965942871
983,0.8214049586290599,24642.148758871797,23.052616541112176,15.0,19.950562582966974,0,0,20.36875965942871
984,0.8208548697825598,24625.646093476797,22.919800485227427,15.0,19.7409618553642,0,0,20.36875965942871
985,0.8203297208103367,24609.8916243101,22.786228500890005,15.0,19.53016817595573,0,0,20.36875965942871
986,0.8198296566197324,24594.88969859197,22.651940168361623,15.0,19.318244007458098,0,0,20.36875965942871
987,0.8193548146849271,24580.644440547814,22.516975280173373,15.0,19.10525214757611,0,0,20.36875965942871
988,0.8189053250062024,24567.15975018607,22.381373829334393,15.0,18.891255710394574,0,0,20.36875965942871
989,0.8184813100714187,24554.43930214256,22.245175997481113,15.0,18.67631810767628,0,0,20.36875965942871
990,0.8180828848197204,24542.48654459161,22.108422142970483,15.0,18.46050303007164,0,0,20.36875965942871
991,0.8177101566074765,24531.304698224296,21.97115278892099,15.0,18.24387442824581,0,0,20.36875965942871
992,0.8173632251764685,24520.896755294056,21.833408611204742,15.0,18.026496493928718,0,0,20.36875965942871
993,0.817042182624335,24511.265478730053,21.69523042639438,15.0,17.808433640893746,0,0,20.36875965942871
994,0.816747113377281,24502.41340131843,21.55665917966818,15.0,17.589750485870407,0,0,20.36875965942871
995,0.8164780941650606,24494.34282495182,21.417735932677168,15.0,17.37051182939711,0,0,20.36875965942871
996,0.8162351939982405,24487.055819947214,21.27850185137761,15.0,17.150782636619297,0,0,20.36875965942871
997,0.8160184741477504,24480.55422443251,21.13899819383275,15.0,16.93062801803898,0,0,20.36875965942871
998,0.8158279881267274,24474.83964380182,20.99926629798704,15.0,16.71011321022095,0,0,20.36875965942871
999,0.8156637816746586,24469.913450239757,20.859347569416844,15.0,16.489303556461806,0,0,20.36875965942871
1000,0.8155258927438278,24465.776782314835,20.71928346906121,15.0,16.268264487427544,0,0,20.36875965942871
1001,0.8154143514880692,24462.430544642077,20.579115500935842,15.0,16.047061501764645,0,0,20.36875965942871
1002,0.8153291802538323,24459.875407614967,20.438885199834786,15.0,15.825760146691724,0,0,20.36875965942871
1003,0.81527039357356,24458.111807206802,20.298634119022648,15.0,15.604425998576325,0,0,20.36875965942871
1004,0.8152379981613828,24457.13994484148,20.15840381792159,15.0,15.383124643503404,0,0,20.36875965942871
1005,0.8152319929111282,24456.959787333846,20.01823584979624,15.0,15.161921657840523,0,0,20.36875965942871
1006,0.8152523688966498,24457.571066899494,19.87817174944059,15.0,14.94088258880624,0,0,20.36875965942871
1007,0.8152991093744715,24458.973281234143,19.738253020870395,15.0,14.720072935047103,0,0,20.36875965942871
1008,0.815372189788749,24461.16569366247,19.598521125024682,15.0,14.499558127229069,0,0,20.36875965942871
1009,0.8154715777785466,24464.1473333564,19.459017467479825,15.0,14.27940350864875,0,0,20.36875965942871
1010,0.815597233187426,24467.91699562278,19.31978338618027,15.0,14.059674315870938,0,0,20.36875965942871
1011,0.8157491080753461,24472.47324226038,19.18086013918925,15.0,13.84043565939764,0,0,20.36875965942871
1012,0.8159271467328676,24477.814401986026,19.042288892463056,15.0,13.621752504374303,0,0,20.36875965942871
1013,0.8161312856976622,24483.938570929866,18.904110707652695,15.0,13.40368965133933,0,0,20.36875965942871
1014,0.8163614537733171,24490.843613199515,18.766366529936445,15.0,13.186311717022239,0,0,20.36875965942871
1015,0.8166175720504324,24498.52716151297,18.62909717588695,15.0,12.969683115196409,0,0,20.36875965942871
1016,0.8168995539300028,24506.986617900086,18.492343321376325,15.0,12.753868037591767,0,0,20.36875965942871
1017,0.8172073051490801,24516.219154472405,18.356145489523044,15.0,12.538930434873475,0,0,20.36875965942871
1018,0.8175407238087045,24526.221714261133,18.22054403868406,15.0,12.32493399769194,0,0,20.36875965942871
1019,0.8178997004040992,24536.991012122977,18.08557915049581,15.0,12.111942137809951,0,0,20.36875965942871
1020,0.8182841178571202,24548.523535713604,17.95129081796743,15.0,11.900017969312318,0,0,20.36875965942871
1021,0.8186938515509474,24560.81554652842,17.817718833629996,15.0,11.689224289903823,0,0,20.36875965942871
1022,0.819128769367013,24573.86308101039,17.684902777745243,15.0,11.479623562301054,0,0,20.36875965942871
1023,0.8195887317241499,24587.661951724498,17.55288200657691,15.0,11.27127789572312,0,0,20.36875965942871
1024,0.820073591619953,24602.20774859859,17.421695640728757,15.0,11.06424902748753,0,0,20.36875965942871
1025,0.8205831946743392,24617.495840230175,17.291382553552143,15.0,10.85859830471587,0,0,20.36875965942871
1026,0.8211173791752934,24633.521375258802,17.16198135962727,15.0,10.654386666155725,0,0,20.36875965942871
1027,0.8216759761267876,24650.279283803626,17.03353040332056,15.0,10.45167462412281,0,0,20.36875965942871
1028,0.8222588092988574,24667.764278965722,16.90606774742259,15.0,10.25052224657006,0,0,20.36875965942871
1029,0.8228656952798238,24685.970858394714,16.77963116186913,15.0,10.05098913928813,0,0,20.36875965942871
1030,0.823496443530641,24704.89330591923,16.654258112549257,15.0,9.853134428243068,0,0,20.36875965942871
1031,0.8241508564413579,24724.525693240736,16.529985750203235,15.0,9.657016742055767,0,0,20.36875965942871
1032,0.8248287293896734,24744.8618816902,16.406850899414042,15.0,9.462694194629211,0,0,20.36875965942871
1033,0.8255298508015716,24765.895524047148,16.284890047695438,15.0,9.270224367928027,0,0,20.36875965942871
1034,0.8262540022140148,24787.620066420444,16.164139334679913,15.0,9.079664294915709,0,0,20.36875965942871
1035,0.8270009583396792,24810.028750190377,16.04463454140975,15.0,8.891070442654506,0,0,20.36875965942871
1036,0.8277704871337124,24833.11461401137,15.926411079734294,15.0,8.704498695573001,0,0,20.36875965942871
1037,0.8285623498624929,24856.870495874788,15.80950398181676,15.0,8.520004338906475,0,0,20.36875965942871
1038,0.8293763011743726,24881.289035231177,15.693947889753298,15.0,8.337642042314483,0,0,20.36875965942871
1039,0.8302120891723793,24906.36267517138,15.579777045307896,15.0,8.15746584368121,0,0,20.36875965942871
1040,0.8310694554888596,24932.083664665788,15.467025279765764,15.0,7.979529133102828,0,0,20.36875965942871
1041,0.8319481353620386,24958.44406086116,15.35572600390842,15.0,7.803884637066874,0,0,20.36875965942871
1042,0.8328478577144746,24985.435731434238,15.245912198113329,15.0,7.630584402828241,0,0,20.36875965942871
1043,0.8337683452333849,25013.05035700155,15.137616402581111,15.0,7.45967978298642,0,0,20.36875965942871
1044,0.8347093144528204,25041.279433584612,15.030870707693238,15.0,7.291221420268769,0,0,20.36875965942871
1045,0.8356704758376614,25070.114275129843,14.92570674450284,15.0,7.125259232523755,0,0,20.36875965942871
1046,0.8366515338694143,25099.54601608243,14.82215567536184,15.0,6.9618423979293595,0,0,20.36875965942871
1047,0.8376521871337793,25129.56561401338,14.720248184686836,15.0,6.801019340420504,0,0,20.36875965942871
1048,0.8386721284099665,25160.163852298996,14.620014469866657,15.0,6.6428377153399705,0,0,20.36875965942871
1049,0.839711044761732,25191.331342851958,14.521484232314231,15.0,6.487344395317109,0,0,20.36875965942871
1050,0.8407686176301069,25223.058528903206,14.424686668665396,15.0,6.334585456378463,0,0,20.36875965942871
1051,0.8418445229277942,25255.335687833827,14.32965046212731,15.0,6.184606164294416,0,0,20.36875965942871
1052,0.8429384311352027,25288.15293405608,14.23640377397905,15.0,6.037450961166096,0,0,20.36875965942871
1053,0.8440500073980899,25321.500221942697,14.144974235226732,15.0,5.893163452256026,0,0,20.36875965942871
1054,0.8451789116267875,25355.367348803626,14.055388938415874,15.0,5.7517863930670465,0,0,20.36875965942871
1055,0.8463247985969772,25389.743957909315,13.967674429603372,15.0,5.613361676673024,0,0,20.36875965942871
1056,0.8474873180519872,25424.619541559616,13.88185670049122,15.0,5.477930321304867,0,0,20.36875965942871
1057,0.8486661148065823,25459.983444197467,13.797961180724613,15.0,5.3455324581959704,0,0,20.36875965942871
1058,0.8498608288522114,25495.82486556634,13.716012730356674,15.0,5.21620731969055,0,0,20.36875965942871
1059,0.851071095463687,25532.13286391061,13.636035632481871,15.0,5.089993227618267,0,0,20.36875965942871
1060,0.8522965453072605,25568.896359217815,13.55805358604034,15.0,4.966927581938497,0,0,20.36875965942871
1061,0.853536804550064,25606.10413650192,13.482089698795416,15.0,4.847046849658005,0,0,20.36875965942871
1062,0.8547914949708851,25643.744849126553,13.408166480486353,15.0,4.730386554025054,0,0,20.36875965942871
1063,0.8560602340722417,25681.807022167253,13.336305836158115,15.0,4.616981264002947,0,0,20.36875965942871
1064,0.8573426351937248,25720.279055811745,13.266529059670493,15.0,4.5068645840266095,0,0,20.36875965942871
1065,0.8586383076265736,25759.149228797207,13.198856827388273,15.0,4.400069144044826,0,0,20.36875965942871
1066,0.8599468567294514,25798.40570188354,13.133309192054357,15.0,4.2966265898513,0,0,20.36875965942871
1067,0.8612678840453865,25838.036521361595,13.069905576847741,15.0,4.196567573707313,0,0,20.36875965942871
1068,0.8626009874198431,25878.029622595295,13.008664769627964,15.0,4.099921745258796,0,0,20.36875965942871
1069,0.8639457611198889,25918.372833596666,12.949604917367878,15.0,4.006717742750492,0,0,20.36875965942871
1070,0.8653017959544218,25959.053878632654,12.892743520776351,15.0,3.9169831845398844,0,0,20.36875965942871
1071,0.8666686793954231,26000.060381862695,12.838097429112349,15.0,3.830744660913185,0,0,20.36875965942871
1072,0.8680459957001977,26041.37987100593,12.78568283519219,15.0,3.7480277262061232,0,0,20.36875965942871
1073,0.8694333260345676,26082.999781037026,12.735515270591257,15.0,3.6688568912316315,0,0,20.36875965942871
1074,0.8708302485969817,26124.90745790945,12.68760960104164,15.0,3.593255616016757,0,0,20.36875965942871
1075,0.8722363387435048,26167.090162305143,12.64198002202712,15.0,3.521246302850958,0,0,20.36875965942871
1076,0.8736511691136489,26209.535073409468,12.598640054576713,15.0,3.4528502896477975,0,0,20.36875965942871
1077,0.875074309757009,26252.229292710268,12.557602541258149,15.0,3.388087843622122,0,0,20.36875965942871
1078,0.8765053282606664,26295.159847819992,12.518879642372278,15.0,3.3269781552843667,0,0,20.36875965942871
1079,0.8779437898773229,26338.31369631969,12.482482832349746,15.0,3.2695393327540376,0,0,20.36875965942871
1080,0.8793892576541251,26381.677729623752,12.44842289635087,15.0,3.215788396393882,0,0,24.36875965942871
1081,0.8807600131248433,26422.8003937453,14.85509304605797,15.0,3.165741273766386,0,0,24.36875965942871
1082,0.8821370869193854,26464.112607581563,14.819971415110855,15.0,3.119412794914088,0,0,24.36875965942871
1083,0.8835200207658903,26505.600622976708,14.78767929620025,15.0,3.0768166879651124,0,0,24.36875965942871
1084,0.8849083546560368,26547.250639681104,14.758226258177926,15.0,3.0379655750652668,0,0,24.36875965942871
1085,0.8863016269813547,26589.048809440643,14.731621028614695,15.0,3.0028709686377706,0,0,24.36875965942871
1086,0.8876993746700087,26630.98124010026,14.707871491214256,15.0,2.9715432679719096,0,0,24.36875965942871
1087,0.8891011333240164,26673.033999720494,14.686984683477098,15.0,2.9439917561414966,0,0,24.36875965942871
1088,0.8905064373568604,26715.19312070581,14.668966794615137,15.0,2.9202245972541085,0,0,24.36875965942871
1089,0.8919148201314503,26757.44460394351,14.653823163717696,15.0,2.9002488340318484,0,0,24.36875965942871
1090,0.8933258140983987,26799.774422951963,14.641558278169434,15.0,2.8840703857244767,0,0,24.36875965942871
1091,0.8947389509345656,26842.168528036967,14.632175772320634,15.0,2.8716940463553806,0,0,24.36875965942871
1092,0.896153761681832,26884.61285045496,14.62567842641028,15.0,2.8631234833010284,0,0,24.36875965942871
1093,0.8975697768860634,26927.093306581904,14.62206816574218,15.0,2.8583612362042152,0,0,24.36875965942871
1094,0.8989865267362186,26969.59580208656,14.621346060114494,15.0,2.857408716221534,0,0,24.36875965942871
1095,0.9004035412035648,27012.106236106945,14.623512323502698,15.0,2.860266205605214,0,0,24.36875965942871
1096,0.9018203501809579,27054.610505428736,14.628566313996197,15.0,2.866932857619479,0,0,24.36875965942871
1097,0.903236483622144,27097.094508664322,14.636506533988536,15.0,2.877406696791458,0,0,24.36875965942871
1098,0.9046514716810463,27139.54415043139,14.647330630621171,15.0,2.891684619496567,0,0,24.36875965942871
1099,0.9060648448509886,27181.945345529657,14.661035396480663,15.0,2.9097623948781584,0,0,24.36875965942871
1100,0.9074761341038213,27224.28402311464,14.677616770549115,15.0,2.93163466610124,0,0,24.36875965942871
1101,0.9088848710289049,27266.546130867147,14.697069839407536,15.0,2.9572949519398053,0,0,24.36875965942871
1102,0.9102905879719092,27308.717639157276,14.719388838691794,15.0,2.9867356486973695,0,0,24.36875965942871
1103,0.91169281817339,27350.7845452017,14.74456715480071,15.0,3.0199480324600954,0,0,24.36875965942871
1104,0.9130910959070999,27392.732877213,14.772597326855832,15.0,3.056922261681892,0,0,24.36875965942871
1105,0.9144849566179931,27434.548698539795,14.80347104891224,15.0,3.097647380100674,0,0,24.36875965942871
1106,0.9158739370598828,27476.218111796486,14.83717917241978,15.0,3.1421113199849326,0,0,24.36875965942871
1107,0.9172575754327115,27517.727262981345,14.873711708933978,15.0,3.1903009057096714,0,0,24.36875965942871
1108,0.9186354115193915,27559.062345581748,14.91305783307582,15.0,3.242201857660623,0,0,24.36875965942871
1109,0.9200069868221783,27600.20960466535,14.955205885739582,15.0,3.2977987964656226,0,0,24.36875965942871
1110,0.9213718446985325,27641.155340955975,15.000143377547609,15.0,3.3570752475517995,0,0,24.36875965942871
1111,0.9227295304964332,27681.885914893,15.047856992551255,15.0,3.420013646027413,0,0,24.36875965942871
1112,0.9240795916891014,27722.387750673042,15.09833259217665,15.0,3.4865953418866793,0,0,24.36875965942871
1113,0.9254215780090925,27762.647340272775,15.15155521941428,15.0,3.5568006055361607,0,0,24.36875965942871
1114,0.9267550415817214,27802.651247451642,15.207509103251041,15.0,3.630608633641084,0,0,24.36875965942871
1115,0.928079537057777,27842.38611173331,15.266177663343585,15.0,3.7079975552898166,0,0,24.36875965942871
1116,0.9293946217454888,27881.838652364666,15.327543514931385,15.0,3.7889444384746978,0,0,24.36875965942871
1117,0.9306998557417058,27920.995672251174,15.391588473988216,15.0,3.8734252968872327,0,0,24.36875965942871
1118,0.9319948020622496,27959.844061867487,15.458293562610516,15.0,3.9614150970258435,0,0,24.36875965942871
1119,0.9332790267714021,27998.37080314206,15.527639014640908,15.0,4.052887765613772,0,0,24.36875965942871
1120,0.9345520991104898,28036.562973314692,15.59960428152536,15.0,4.147816197325174,0,0,24.36875965942871
1121,0.9358135916255276,28074.40774876583,15.674168038402163,15.0,4.246172262817012,0,0,24.36875965942871
1122,0.937063080293882,28111.89240881646,15.751308190420929,15.0,4.34792681706438,0,0,24.36875965942871
1123,0.9383001446499183,28149.004339497547,15.831001879289795,15.0,4.453049707996815,0,0,24.36875965942871
1124,0.9395243679095934,28185.731037287802,15.913225490048836,15.0,4.5615097854330156,0,0,24.36875965942871
1125,0.9407353370939587,28222.060112818763,15.997954658067625,15.0,4.673274910311234,0,0,24.36875965942871
1126,0.9419326431515339,28257.979294546018,16.085164276265083,15.0,4.788311964212902,0,0,24.36875965942871
1127,0.943115881079518,28293.47643238554,16.174828502549218,15.0,4.9065868591762705,0,0,24.36875965942871
1128,0.9442846500438005,28328.539501314015,16.26692076747464,15.0,5.028064547797329,0,0,24.36875965942871
1129,0.9454385534977371,28363.15660493211,16.36141378211573,15.0,5.152709033615238,0,0,24.36875965942871
1130,0.9465771992996549,28397.315978989645,16.458279546152966,15.0,5.28048338177885,0,0,24.36875965942871
1131,0.9477001998290526,28431.00599487158,16.557489356169928,15.0,5.411349729991209,0,0,24.36875965942871
1132,0.9488071721014614,28464.215163043842,16.659013814158747,15.0,5.545269299728963,0,0,24.36875965942871
1133,0.94989773788193,28496.9321364579,16.76282283623146,15.0,5.682202407733398,0,0,24.36875965942871
1134,0.9509715237971055,28529.145713913163,16.86888566153445,15.0,5.82210847776936,0,0,24.36875965942871
1135,0.9520281614458707,28560.84484337612,16.97717086136357,15.0,5.964946052648903,0,0,24.36875965942871
1136,0.9530672875085101,28592.018625255303,17.08764634847709,15.0,6.1106728065158435,0,0,24.36875965942871
1137,0.9540885438543693,28622.656315631077,17.20027938660394,15.0,6.259245557388004,0,0,24.36875965942871
1138,0.9550915776479759,28652.747329439277,17.315036600144104,15.0,6.410620279952834,0,0,24.36875965942871
1139,0.956076041453594,28682.28124360782,17.43188398405854,15.0,6.564752118613101,0,0,24.36875965942871
1140,0.9570415933381753,28711.24780014526,17.550786913945636,15.0,6.721595400778579,0,0,24.36875965942871
1141,0.9579878969726818,28739.636909180455,17.67171015630111,15.0,6.881103650399805,0,0,24.36875965942871
1142,0.9589146217317478,28767.438651952434,17.794617878958558,15.0,7.043229601739975,0,0,24.36875965942871
1143,0.9598214427916508,28794.643283749523,17.919473661707137,15.0,7.2079252133806815,0,0,24.36875965942871
1144,0.9607080412265635,28821.241236796905,18.046240507083827,15.0,7.375141682457804,0,0,24.36875965942871
1145,0.9615741041030594,28847.223123091782,18.174880851336496,15.0,7.544829459122729,0,0,24.36875965942871
1146,0.962419324572841,28872.579737185228,18.30535657555486,15.0,7.716938261225067,0,0,24.36875965942871
1147,0.9632434019636655,28897.302058909965,18.43762901696593,15.0,7.891417089212341,0,0,24.36875965942871
1148,0.9640460418684409,28921.381256053228,18.57165898039064,15.0,8.068214241242263,0,0,24.36875965942871
1149,0.964826956232465,28944.80868697395,18.707406749858258,15.0,8.247277328503122,0,0,24.36875965942871
1150,0.9655858634387819,28967.57590316346,18.84483210037496,15.0,8.428553290737597,0,0,24.36875965942871
1151,0.966322488391632,28989.674651748963,18.983894309843528,15.0,8.611988411965854,0,0,24.36875965942871
1152,0.967036562597968,29011.09687793904,19.12455217113009,15.0,8.79752833640262,0,0,24.36875965942871
1153,0.9677278242470151,29031.834727410453,19.2667640042747,15.0,8.985118084564006,0,0,24.36875965942871
1154,0.9683960182878523,29051.880548635567,19.41048766884202,15.0,9.174702069559112,0,0,24.36875965942871
1155,0.9690408965049881,29071.226895149644,19.555680576408424,15.0,9.366224113561627,0,0,24.36875965942871
1156,0.9696622175919135,29089.866527757404,19.70229970318188,15.0,9.559627464456533,0,0,24.36875965942871
1157,0.9702597472226047,29107.79241667814,19.850301602750854,15.0,9.754854812657005,0,0,24.36875965942871
1158,0.9708332581209604,29124.997743628814,19.99964241895831,15.0,9.951848308086348,0,0,24.36875965942871
1159,0.9713825301281481,29141.475903844443,20.15027789889738,15.0,10.150549577320433,0,0,24.36875965942871
1160,0.9719073502678415,29157.220508035243,20.302163406024427,15.0,10.350899740884909,0,0,24.36875965942871
1161,0.9724075128093306,29172.22538427992,20.455253933385627,15.0,10.55283943070227,0,0,24.36875965942871
1162,0.972882819328484,29186.484579854518,20.609504116953858,15.0,10.756308807684336,0,0,24.36875965942871
1163,0.9733330787665458,29199.992362996374,20.7648682490707,15.0,10.961247579463436,0,0,24.36875965942871
1164,0.9737581074867513,29212.74322460254,20.92130029199081,15.0,11.167595018258591,0,0,24.36875965942871
1165,0.9741577293287415,29224.731879862244,21.078753891523732,15.0,11.375289978870265,0,0,24.36875965942871
1166,0.974531775660764,29235.95326982292,21.237182390769824,15.0,11.584270916799241,0,0,24.36875965942871
1167,0.974880085429642,29246.40256288926,21.396538843945585,15.0,11.794475906483434,0,0,24.36875965942871
1168,0.9752025052084977,29256.07515625493,21.556776030294788,15.0,12.00584265964785,0,0,24.36875965942871
1169,0.9754988892422162,29264.966677266486,21.71784646808085,15.0,12.218308543761772,0,0,24.36875965942871
1170,0.9757690994906357,29273.07298471907,21.879702428656902,15.0,12.43181060059839,0,0,24.36875965942871
1171,0.9760130056694517,29280.390170083552,22.042295950608683,15.0,12.646285564890507,0,0,24.36875965942871
1172,0.9762304852888237,29286.91455866471,22.20557885396659,15.0,12.861669883077461,0,0,24.36875965942871
1173,0.9764214236896704,29292.642710690114,22.36950275448241,15.0,13.077899732137396,0,0,24.36875965942871
1174,0.976585714077647,29297.571422329413,22.534019077966676,15.0,13.294911038499414,0,0,24.36875965942871
1175,0.9767232575547898,29301.697726643695,22.699079074682203,15.0,13.51263949703,0,0,24.36875965942871
1176,0.976833963148822,29305.018894464658,22.864633833789615,15.0,13.73102059008783,0,0,24.36875965942871
1177,0.9769177478401104,29307.532435203313,23.03063429784086,15.0,13.949989606642031,0,0,24.36875965942871
1178,0.9769745365862672,29309.236097588015,23.19703127731585,15.0,14.169481661447257,0,0,24.36875965942871
1179,0.9770042623443846,29310.12787033154,23.363775465198433,15.0,14.389431714270646,0,0,24.36875965942871
1180,0.9770068660909035,29310.205982727104,23.530817451587097,15.0,14.609774589164633,0,0,24.36875965942871
1181,0.9769822968391009,29309.468905173027,23.698107738336223,15.0,14.830444993779997,0,0,24.36875965942871
1182,0.9769305116542006,29307.91534962602,23.865596753723455,15.0,15.05137753871344,0,0,24.36875965942871
1183,0.9768514756660943,29305.54426998283,24.03323486713876,15.0,15.272506756883693,0,0,24.36875965942871
1184,0.9767451620796751,29302.354862390253,24.200972403791237,15.0,15.4937671229311,0,0,24.36875965942871
1185,0.9766115521827768,29298.346565483305,24.368759659428704,15.0,15.715093072634005,0,0,24.36875965942871
1186,0.9764506353517194,29293.51906055158,24.536546915066175,15.0,15.936419022336914,0,0,24.36875965942871
1187,0.9762624090544565,29287.872271633696,24.704284451718653,15.0,16.15767938838432,0,0,24.36875965942871
1188,0.9760468788513263,29281.40636553979,24.871922565133957,15.0,16.378808606554575,0,0,24.36875965942871
1189,0.9758040583934035,29274.121751802104,25.03941158052119,15.0,16.59974115148802,0,0,24.36875965942871
1190,0.9755339694184538,29266.019082553616,25.206701867270315,15.0,16.820411556103384,0,0,24.36875965942871
1191,0.9752366417444938,29257.099252334814,25.37374385365898,15.0,17.040754430997367,0,0,24.36875965942871
1192,0.9749121132609538,29247.363397828616,25.54048804154156,15.0,17.26070448382076,0,0,24.36875965942871
1193,0.9745604299174515,29236.812897523545,25.706885021016554,15.0,17.480196538625982,0,0,24.36875965942871
1194,0.9741816457101753,29225.449371305258,25.87288548506779,15.0,17.69916555518018,0,0,24.36875965942871
1195,0.9737758226658845,29213.274679976534,26.03844024417521,15.0,17.917546648238016,0,0,24.36875965942871
1196,0.9733430308235292,29200.290924705878,26.203500240890698,15.0,18.135275106768557,0,0,24.36875965942871
1197,0.972883348213497,29186.50044640491,26.368016564374994,15.0,18.352286413130614,0,0,24.36875965942871
1198,0.9723968608344895,29171.905825034686,26.531940464890827,15.0,18.568516262190553,0,0,24.36875965942871
1199,0.9718836626280407,29156.50987884122,26.695223368248726,15.0,18.783900580377505,0,0,24.36875965942871
1200,0.9713438554506787,29140.31566352036,26.857816890200546,15.0,18.99837554466967,0,0,24.36875965942871
1201,0.9707775490437438,29123.326471312314,27.019672850776594,15.0,19.211877601506288,0,0,24.36875965942871
1202,0.9701848610008702,29105.545830026105,27.180743288562653,15.0,19.424343485620206,0,0,24.36875965942871
1203,0.9695659167331403,29086.97750199421,27.340980474911795,15.0,19.635710238784533,0,0,24.36875965942871
1204,0.9689208494319224,29067.625482957672,27.50033692808759,15.0,19.845915228468776,0,0,24.36875965942871
1205,0.9682498000294034,29047.494000882103,27.65876542733368,15.0,20.05489616639775,0,0,24.36875965942871
1206,0.9675529171568277,29026.587514704832,27.816219026866598,15.0,20.262591127009422,0,0,24.36875965942871
1207,0.9668303571004543,29004.91071301363,27.97265106978668,15.0,20.46893856580454,0,0,24.36875965942871
1208,0.9660822837552459,28982.468512657375,28.128015201903555,15.0,20.673877337583676,0,0,24.36875965942871
1209,0.965308868576303,28959.266057289093,28.282265385471785,15.0,20.877346714565746,0,0,24.36875965942871
1210,0.9645102905280593,28935.308715841777,28.435355912833018,15.0,21.079286404383147,0,0,24.36875965942871
1211,0.9636867360312485,28910.602080937457,28.58724141996003,15.0,21.27963656794758,0,0,24.36875965942871
1212,0.9628383989076662,28885.151967229987,28.737876899899106,15.0,21.478337837181666,0,0,24.36875965942871
1213,0.9619654803227343,28858.96440968203,28.887217716106555,15.0,21.67533133261101,0,0,24.36875965942871
1214,0.9610681887258927,28832.04566177678,29.03521961567551,15.0,21.870558680811442,0,0,24.36875965942871
1215,0.9601467397888305,28804.402193664915,29.181838742448992,15.0,22.06396203170639,0,0,24.36875965942871
1216,0.9592013563415781,28776.040690247344,29.327031650015392,15.0,22.255484075708907,0,0,24.36875965942871
1217,0.958232268306478,28746.96804919434,29.470755314582714,15.0,22.445068060704013,0,0,24.36875965942871
1218,0.9572397126300535,28717.191378901603,29.612967147727325,15.0,22.632657808865396,0,0,24.36875965942871
1219,0.9562239332127963,28686.71799638389,29.753625009013884,15.0,22.818197733302167,0,0,24.36875965942871
1220,0.9551851808368943,28655.555425106828,29.892687218482457,15.0,23.00163285453042,0,0,24.36875965942871
1221,0.9541237130919182,28623.71139275755,30.030112568999158,15.0,23.182908816764893,0,0,24.36875965942871
1222,0.9530397942984934,28591.1938289548,30.16586033846677,15.0,23.361971904025754,0,0,24.36875965942871
1223,0.9519336954299749,28558.010862899246,30.299890301891487,15.0,23.538769056055674,0,0,24.36875965942871
1224,0.9508056940321529,28524.170820964588,30.43216274330256,15.0,23.71324788404295,0,0,24.36875965942871
1225,0.9496560741410099,28489.6822242303,30.562638467520916,15.0,23.885356686145286,0,0,24.36875965942871
1226,0.9484851261985544,28454.553785956632,30.691278811773586,15.0,24.055044462810212,0,0,24.36875965942871
1227,0.9472931469667566,28418.794409002698,30.81804565715028,15.0,24.222260931887337,0,0,24.36875965942871
1228,0.9460804394396118,28382.413183188357,30.942901439898854,15.0,24.386956543528044,0,0,24.36875965942871
1229,0.9448473127533569,28345.419382600707,31.065809162556278,15.0,24.54908249486818,0,0,24.36875965942871
1230,0.9435940820948656,28307.82246284597,31.186732404911787,15.0,24.70859074448944,0,0,24.36875965942871
1231,0.9423210686082529,28269.63205824759,31.305635334798872,15.0,24.86543402665492,0,0,24.36875965942871
1232,0.9410285992997128,28230.857978991386,31.422482718713315,15.0,25.019565865315187,0,0,24.36875965942871
1233,0.9397170069406191,28191.510208218573,31.537239932253495,15.0,25.170940587880047,0,0,24.36875965942871
1234,0.938386629968918,28151.59889906754,31.649872970380347,15.0,25.319513338752206,0,0,24.36875965942871
1235,0.9370378123888421,28111.134371665263,31.760348457493844,15.0,25.465240092619116,0,0,24.36875965942871
1236,0.9356709036689743,28070.12711006923,31.868633657322945,15.0,25.60807766749863,0,0,24.36875965942871
1237,0.9342862586386923,28028.587759160768,31.974696482625955,15.0,25.747983737534625,0,0,24.36875965942871
1238,0.9328842373830255,27986.527121490766,32.07850550469867,15.0,25.88491684553906,0,0,24.36875965942871
1239,0.9314652051359542,27943.956154078627,32.180029962687485,15.0,26.018836415276816,0,0,24.36875965942871
1240,0.9300295321721822,27900.885965165467,32.27923977270443,15.0,26.149702763489145,0,0,24.36875965942871
1241,0.9285775936974169,27857.327810922507,32.37610553674168,15.0,26.277477111652786,0,0,24.36875965942871
1242,0.9271097697371876,27813.29309211563,32.47059855138279,15.0,26.402121597470718,0,0,24.36875965942871
1243,0.925626445024236,27768.79335072708,32.56269081630822,15.0,26.523599286091773,0,0,24.36875965942871
1244,0.9241280088845112,27723.840266535335,32.65235504259233,15.0,26.641874181055115,0,0,24.36875965942871
1245,0.9226148551218041,27678.445653654122,32.739564660789796,15.0,26.75691123495679,0,0,24.36875965942871
1246,0.9210873819010551,27632.62145703165,32.82429382880858,15.0,26.868676359835007,0,0,24.36875965942871
1247,0.919545991630369,27586.37974891107,32.90651743956761,15.0,26.977136437271188,0,0,24.36875965942871
1248,0.9179910908417727,27539.73272525318,32.986211128436494,15.0,27.08225932820364,0,0,24.36875965942871
1249,0.9164230900707513,27492.69270212254,33.06335128045526,15.0,27.184013882451016,0,0,24.36875965942871
1250,0.9148424037345975,27445.272112037925,33.13791503733206,15.0,27.282369947942847,0,0,24.36875965942871
1251,0.9132494500096106,27397.483500288316,33.20988030421651,15.0,27.37729837965425,0,0,24.36875965942871
1252,0.9116446507071818,27349.339521215454,33.2792257562469,15.0,27.468771048242182,0,0,24.36875965942871
1253,0.9100284311488029,27300.85293446409,33.3459308448692,15.0,27.55676084838079,0,0,24.36875965942871
1254,0.9084012200400339,27252.036601201016,33.40997580392603,15.0,27.641241706793323,0,0,24.36875965942871
1255,0.9067634493434681,27202.90348030404,33.47134165551384,15.0,27.72218858997821,0,0,24.36875965942871
1256,0.9051155541507327,27153.46662452198,33.530010215606374,15.0,27.79957751162694,0,0,24.36875965942871
1257,0.903457972553562,27103.739176606858,33.58596409944314,15.0,27.873385539731864,0,0,24.36875965942871
1258,0.9017911455139804,27053.734365419412,33.63918672668077,15.0,27.943590803381348,0,0,24.36875965942871
1259,0.9001155167336369,27003.465502009105,33.68966232630616,15.0,28.01017249924061,0,0,24.36875965942871
1260,0.8984315325223259,26952.945975669776,33.737375941309814,15.0,28.073110897716234,0,0,24.36875965942871
1261,0.8967396416657365,26902.189249972096,33.782313433117835,15.0,28.132387348802403,0,0,24.36875965942871
1262,0.8950402952924675,26851.208858774025,33.82446148578158,15.0,28.187984287607392,0,0,24.36875965942871
1263,0.8933339467403479,26800.018402210437,33.86380760992345,15.0,28.239885239558355,0,0,24.36875965942871
1264,0.8916210514221037,26748.63154266311,33.900340146437635,15.0,28.288074825283093,0,0,24.36875965942871
1265,0.8899020666904092,26697.062000712274,33.93404826994518,15.0,28.33253876516735,0,0,24.36875965942871
1266,0.8881774517023625,26645.323551070876,33.9649219920016,15.0,28.373263883586148,0,0,24.36875965942871
1267,0.8864476672834292,26593.430018502873,33.99295216405671,15.0,28.41023811280793,0,0,24.36875965942871
1268,0.8847131757908879,26541.395273726637,34.01813048016563,15.0,28.44345049657066,0,0,24.36875965942871
1269,0.8829744409768255,26489.233229304766,34.04044947944989,15.0,28.472891193328216,0,0,24.36875965942871
1270,0.881231927850716,26436.95783552148,34.05990254830831,15.0,28.498551479166792,0,0,24.36875965942871
1271,0.8794861025416292,26384.583076248877,34.07648392237676,15.0,28.520423750389874,0,0,24.36875965942871
1272,0.8777374321601061,26332.122964803184,34.09018868823625,15.0,28.538501525771462,0,0,24.36875965942871
1273,0.8759863846597441,26279.591539792324,34.101012784868885,15.0,28.55277944847657,0,0,24.36875965942871
1274,0.8742334286985319,26227.00286095596,34.10895300486123,15.0,28.563253287648553,0,0,24.36875965942871
1275,0.872479033499977,26174.37100499931,34.11400699535473,15.0,28.569919939662817,0,0,24.36875965942871
1276,0.8707236687140631,26121.710061421894,34.11617325874293,15.0,28.572777429046496,0,0,24.36875965942871
1277,0.8689678042780844,26069.034128342533,34.115451153115245,15.0,28.57182490906382,0,0,24.36875965942871
1278,0.8672119102773918,26016.357308321752,34.11184089244715,15.0,28.567062661967007,0,0,24.36875965942871
1279,0.8654564568060966,25963.693704182897,34.10534354653679,15.0,28.55849209891265,0,0,24.36875965942871
1280,0.8637019138277723,25911.05741483317,34.095961040687996,15.0,28.546115759543557,0,0,24.36875965942871
1281,0.8619487510361934,25858.462531085803,34.08369615513973,15.0,28.529937311236186,0,0,24.36875965942871
1282,0.8601974377161553,25805.92313148466,34.068552524242286,15.0,28.50996154801392,0,0,24.36875965942871
1283,0.8584484426044149,25753.453278132445,34.05053463538032,15.0,28.48619438912653,0,0,24.36875965942871
1284,0.8567022337507941,25701.067012523825,34.02964782764317,15.0,28.45864287729612,0,0,24.36875965942871
1285,0.8549592783794868,25648.778351384604,34.00589829024273,15.0,28.427315176630266,0,0,24.36875965942871
1286,0.8532200427506091,25596.601282518273,33.9792930606795,15.0,28.392220570202767,0,0,24.36875965942871
1287,0.8514849920220376,25544.549760661128,33.94984002265717,15.0,28.35336945730292,0,0,24.36875965942871
1288,0.8497545901115725,25492.637703347176,33.91754790374657,15.0,28.310773350353948,0,0,24.36875965942871
1289,0.848029299559469,25440.87898678407,33.88242627279946,15.0,28.26444487150165,0,0,24.36875965942871
1290,0.8463095813913765,25389.287441741293,33.84448553711306,15.0,28.214397748874156,0,0,24.36875965942871
1291,0.8445958949817265,25337.876849451794,33.80373693934618,15.0,28.160646812514003,0,0,24.36875965942871
1292,0.8428886979176103,25286.66093752831,33.76019255418779,15.0,28.10320798998367,0,0,24.36875965942871
1293,0.8411884458631866,25235.6533758956,33.71386528477895,15.0,28.042098301645915,0,0,24.36875965942871
1294,0.8394955924246573,25184.86777273972,33.664768858889424,15.0,27.97733585562024,0,0,24.36875965942871
1295,0.8378105890158548,25134.317670475644,33.612917824849795,15.0,27.908939842417094,0,0,24.36875965942871
1296,0.8361338847244784,25084.016541734352,33.55832754724047,15.0,27.836930529251283,0,0,24.36875965942871
1297,0.8344659261790199,25033.977785370596,33.501014202338865,15.0,27.76132925403641,0,0,24.36875965942871
1298,0.8328071574164176,24984.21472249253,33.44099477332601,15.0,27.68215841906192,0,0,24.36875965942871
1299,0.8311580197504791,24934.740592514372,33.378287045254034,15.0,27.599441484354855,0,0,24.36875965942871
1300,0.8295189516411098,24885.568549233292,33.312909599776106,15.0,27.51320296072815,0,0,24.36875965942871
1301,0.8278903885643885,24836.711656931653,33.2448818096403,15.0,27.423468402517546,0,0,24.36875965942871
1302,0.826272762883526,24788.18288650578,33.174223832948975,15.0,27.330264400009263,0,0,24.36875965942871
1303,0.8246665037207467,24739.9951116224,33.100956607185545,15.0,27.233618571560726,0,0,24.36875965942871
1304,0.8230720368301303,24692.16110490391,33.02510184301026,15.0,27.133559555416742,0,0,24.36875965942871
1305,0.8214897844714519,24644.693534143556,32.94668201782682,15.0,27.030117001223214,0,0,24.36875965942871
1306,0.8199201652850568,24597.604958551707,32.86572036912185,15.0,26.923321561241433,0,0,24.36875965942871
1307,0.8183635941678091,24550.907825034275,32.782240887579164,15.0,26.813204881265072,0,0,24.36875965942871
1308,0.8168204821501485,24504.614464504455,32.69626830997078,15.0,26.699799591242964,0,0,24.36875965942871
1309,0.8152912362742926,24458.737088228776,32.60782811182692,15.0,26.58313929561004,0,0,24.36875965942871
1310,0.8137762594736221,24413.287784208664,32.516946499886906,15.0,26.463258563329546,0,0,24.36875965942871
1311,0.812275950453283,24368.278513598492,32.42365040433381,15.0,26.340192917649773,0,0,24.36875965942871
1312,0.8107907035720413,24323.72110716124,32.32796747081423,15.0,26.21397882557749,0,0,24.36875965942871
1313,0.8093209087254258,24279.627261762776,32.229926052246356,15.0,26.084653687072098,0,0,24.36875965942871
1314,0.8078669512301946,24236.008536905836,32.1295552004184,15.0,25.952255823963174,0,0,24.36875965942871
1315,0.8064292117101559,24192.876351304676,32.02688465737998,15.0,25.816824468594994,0,0,24.36875965942871
1316,0.8050080659833826,24150.24197950148,31.921944846628804,15.0,25.678399752200967,0,0,24.36875965942871
1317,0.8036038849508484,24108.116548525453,31.81476686409557,15.0,25.53702269301202,0,0,24.36875965942871
1318,0.8022170344865216,24066.51103459565,31.7053824689296,15.0,25.39273518410195,0,0,24.36875965942871
1319,0.8008478753289496,24025.43625986849,31.593824074087877,15.0,25.24557998097363,0,0,24.36875965942871
1320,0.7994967629743635,23984.902889230903,31.48012473673044,15.0,25.095600688889615,0,0,24.36875965942871
1321,0.7981640475713372,23944.921427140114,31.36431814842474,15.0,24.942841749950937,0,0,24.36875965942871
1322,0.7968500738170309,23905.502214510925,31.24643862516226,15.0,24.787348429928073,0,0,24.36875965942871
1323,0.7955551808550496,23866.65542565149,31.126521097189762,15.0,24.62916680484754,0,0,24.36875965942871
1324,0.7942797021749483,23828.39106524845,31.00460109865882,15.0,24.468343747338686,0,0,24.36875965942871
1325,0.7930239655134106,23790.718965402317,30.880714757096246,15.0,24.304926912744293,0,0,24.36875965942871
1326,0.7917882927571342,23753.648782714026,30.75489878269874,15.0,24.13896472499928,0,0,24.36875965942871
1327,0.790572999847449,23717.18999542347,30.62719045745483,15.0,23.970506362281625,0,0,24.36875965942871
1328,0.7893783966866958,23681.351900600876,30.49762762409744,15.0,23.79960174243981,0,0,24.36875965942871
1329,0.788204787046397,23646.143611391908,30.366248674890343,15.0,23.626301508201177,0,0,24.36875965942871
1330,0.7870524684772412,23611.574054317236,30.233092540251548,15.0,23.450657012165216,0,0,24.36875965942871
1331,0.7859217322209135,23577.651966627407,30.098198677217496,15.0,23.27272030158684,0,0,24.36875965942871
1332,0.7848128631237942,23544.385893713825,29.96160705775106,15.0,23.092544102953564,0,0,24.36875965942871
1333,0.7837261395525515,23511.784186576548,29.823358156896962,15.0,22.910181806361578,0,0,24.36875965942871
1334,0.7826618333116573,23479.854999349718,29.683492940788184,15.0,22.72568744969505,0,0,24.36875965942871
1335,0.781620209562844,23448.60628688532,29.542052854506807,15.0,22.53911570261358,0,0,24.36875965942871
1336,0.7806015267465324,23418.045802395973,29.399079809802892,15.0,22.350521850352337,0,0,24.36875965942871
1337,0.7796060365052501,23388.181095157503,29.25461617267524,15.0,22.159961777340023,0,0,24.36875965942871
1338,0.7786339836090636,23359.019508271907,29.108704750817296,15.0,21.967491950638838,0,0,24.36875965942871
1339,0.7776856058830488,23330.568176491463,28.961388780932353,15.0,21.773169403212243,0,0,24.36875965942871
1340,0.7767611341368172,23302.83402410452,28.812711915921717,15.0,21.577051717024982,0,0,24.36875965942871
1341,0.7758607920961232,23275.823762883698,28.662718211949105,15.0,21.37919700597992,0,0,24.36875965942871
1342,0.7749847963365681,23249.543890097044,28.511452115386163,15.0,21.17966389869803,0,0,24.36875965942871
1343,0.7741333562194249,23224.00068658275,28.358958449641865,15.0,20.97851152114524,0,0,24.36875965942871
1344,0.7733066738295998,23199.200214887995,28.205282401880517,15.0,20.77579947911233,0,0,24.36875965942871
1345,0.77250494391575,23175.1483174725,28.050469509631636,15.0,20.571587840552183,0,0,24.36875965942871
1346,0.7717283538325759,23151.850614977277,27.894565647296336,15.0,20.36593711778056,0,0,24.36875965942871
1347,0.770977083485303,23129.31250455909,27.737617012553674,15.0,20.15890824954489,0,0,24.36875965942871
1348,0.7702513052763729,23107.539158291187,27.579670112671415,15.0,19.950562582966953,0,0,24.36875965942871
1349,0.7695511840543563,23086.53552163069,27.420771750724732,15.0,19.740961855364183,0,0,24.36875965942871
1350,0.768876877065105,23066.30631195315,27.260969011727592,15.0,19.53016817595573,0,0,28.36875965942871
1351,0.7680802549358129,23042.407648074386,31.548678328999117,15.0,19.318244007458098,0,0,28.36875965942871
1352,0.7673106220151167,23019.3186604535,31.360704856903002,15.0,19.105252147576113,0,0,28.36875965942871
1353,0.7665681166371405,22997.043499114217,31.17184480687341,15.0,18.891255710394596,0,0,28.36875965942871
1354,0.7658528690975324,22975.58607292597,30.982154142219052,15.0,18.67631810767626,0,0,28.36875965942871
1355,0.7651650016148538,22954.950048445615,30.791689072377817,15.0,18.46050303007162,0,0,28.36875965942871
1356,0.7645046282943654,22935.13884883096,30.600506036260427,15.0,18.243874428245785,0,0,28.36875965942871
1357,0.7638718550942134,22916.1556528264,30.408661685526543,15.0,18.02649649392872,0,0,28.36875965942871
1358,0.7632667797940331,22898.003393820993,30.216212867797637,15.0,17.808433640893746,0,0,28.36875965942871
1359,0.7626894919659742,22880.684758979227,30.02321660981179,15.0,17.58975048587041,0,0,28.36875965942871
1360,0.7621400729481588,22864.202188444764,29.82973010052543,15.0,17.370511829397113,0,0,28.36875965942871
1361,0.761618595820579,22848.55787461737,29.635810674167022,15.0,17.15078263661928,0,0,28.36875965942871
1362,0.7611251253834418,22833.753761503252,29.441515793247774,15.0,16.93062801803896,0,0,28.36875965942871
1363,0.7606597181379672,22819.791544139014,29.24690303153411,15.0,16.710113210220925,0,0,28.36875965942871
1364,0.760222422269646,22806.67266808938,29.0520300569874,15.0,16.489303556461834,0,0,28.36875965942871
1365,0.7598132776339613,22794.39832901884,28.85695461467571,15.0,16.26826448742755,0,0,28.36875965942871
1366,0.7594323157445786,22782.969472337358,28.66173450966268,15.0,16.04706150176465,0,0,28.36875965942871
1367,0.7590795597640069,22772.386792920206,28.466427589878602,15.0,15.825760146691728,0,0,28.36875965942871
1368,0.7587550244967359,22762.65073490208,28.271091728978885,15.0,15.604425998576371,0,0,28.36875965942871
1369,0.7584587163848495,22753.761491545487,28.07578480919477,15.0,15.383124643503407,0,0,28.36875965942871
1370,0.7581906335061155,22745.719005183466,27.88056470418173,15.0,15.161921657840505,0,0,28.36875965942871
1371,0.7579507655745561,22738.522967236684,27.685489261870043,15.0,14.940882588806222,0,0,28.36875965942871
1372,0.757739093943496,22732.17281830488,27.490616287323334,15.0,14.720072935047126,0,0,28.36875965942871
1373,0.7575555916110874,22726.667748332624,27.29600352560967,15.0,14.499558127229095,0,0,28.36875965942871
1374,0.7574002232283114,22722.00669684934,27.101708644690426,15.0,14.279403508648777,0,0,28.36875965942871
1375,0.7572729451094525,22718.188353283575,26.90778921833205,15.0,14.059674315870986,0,0,28.36875965942871
1376,0.7571737052450439,22715.211157351318,26.714302709045654,15.0,13.840435659397642,0,0,28.36875965942871
1377,0.7571024433172789,22713.073299518368,26.521306451059807,15.0,13.621752504374305,0,0,28.36875965942871
1378,0.7570590907178842,22711.772721536527,26.3288576333309,15.0,13.403689651339334,0,0,28.36875965942871
1379,0.7570435705684505,22711.307117053515,26.13701328259702,15.0,13.186311717022265,0,0,28.36875965942871
1380,0.7570557977432125,22711.673932296377,25.945830246479588,15.0,12.96968311519639,0,0,28.36875965942871
1381,0.7570956788942743,22712.87036682823,25.75536517663835,15.0,12.753868037591745,0,0,28.36875965942871
1382,0.7571631124792696,22714.893374378087,25.565674511984074,15.0,12.538930434873503,0,0,28.36875965942871
1383,0.7572579887914515,22717.739663743545,25.376814461954442,15.0,12.324933997691943,0,0,28.36875965942871
1384,0.7573801899922008,22721.405699766023,25.188840989858324,15.0,12.111942137809955,0,0,28.36875965942871
1385,0.7575295901459441,22725.887704378325,25.001809796292264,15.0,11.900017969312323,0,0,28.36875965942871
1386,0.7577060552574713,22731.181657724137,24.815776302635385,15.0,11.68922428990387,0,0,28.36875965942871
1387,0.7579094433116408,22737.283299349223,24.630795634626743,15.0,11.479623562301057,0,0,28.36875965942871
1388,0.7581396043154626,22744.188129463877,24.44692260603056,15.0,11.271277895723124,0,0,28.36875965942871
1389,0.7583963803425435,22751.891410276305,24.264211702393478,15.0,11.064249027487492,0,0,28.36875965942871
1390,0.7586796055798847,22760.38816739654,24.082717064899462,15.0,10.858598304715871,0,0,28.36875965942871
1391,0.7589891063770156,22769.673191310467,23.90249247432658,15.0,10.654386666155727,0,0,28.36875965942871
1392,0.7593247012974499,22779.741038923497,23.723591335110584,15.0,10.45167462412281,0,0,28.36875965942871
1393,0.7596862011724499,22790.586035173495,23.546066659520026,15.0,10.250522246570062,0,0,28.36875965942871
1394,0.7600734091570802,22802.202274712407,23.36997105194758,15.0,10.050989139288175,0,0,28.36875965942871
1395,0.7604861207885384,22814.58362365615,23.19535669332219,15.0,9.853134428243072,0,0,28.36875965942871
1396,0.7609241240467404,22827.72372140221,23.022275325646874,15.0,9.65701674205577,0,0,28.36875965942871
1397,0.7613871994171475,22841.615982514424,22.850778236666237,15.0,9.462694194629215,0,0,28.36875965942871
1398,0.7618751199558133,22856.253598674397,22.680916244668957,15.0,9.270224367928032,0,0,28.36875965942871
1399,0.7623876513566314,22871.629540698945,22.51273968342919,15.0,9.079664294915709,0,0,28.36875965942871
1400,0.7629245520207666,22887.736560622998,22.34629838729157,15.0,8.891070442654511,0,0,28.36875965942871
1401,0.763485573128244,22904.56719384732,22.181641676404208,15.0,8.704498695573005,0,0,28.36875965942871
1402,0.7640704587116817,22922.11376135045,22.018818342104225,15.0,8.520004338906514,0,0,28.36875965942871
1403,0.7646789457321378,22940.368371964134,21.85787663245946,15.0,8.337642042314487,0,0,28.36875965942871
1404,0.7653107641570558,22959.322924711672,21.698864237971982,15.0,8.157465843681212,0,0,28.36875965942871
1405,0.7659656370402801,22978.969111208404,21.541828277446015,15.0,7.979529133102832,0,0,28.36875965942871
1406,0.7666432806041219,22999.298418123657,21.38681528402578,15.0,7.8038846370668775,0,0,28.36875965942871
1407,0.767343404323448,23020.302129703443,21.23387119140664,15.0,7.630584402828208,0,0,28.36875965942871
1408,0.7680657110117703,23041.97133035311,21.08304132022414,15.0,7.459679782986457,0,0,28.36875965942871
1409,0.768809896909308,23064.29690727924,20.93437036462417,15.0,7.291221420268773,0,0,28.36875965942871
1410,0.7695756517729984,23087.26955318995,20.787902379019563,15.0,7.125259232523792,0,0,28.36875965942871
1411,0.7703626589684287,23110.879769052863,20.64368076503539,15.0,6.961842397929363,0,0,28.36875965942871
1412,0.7711705955636616,23135.117866909848,20.501748258648483,15.0,6.801019340420474,0,0,28.36875965942871
1413,0.7719991324249269,23159.973972747808,20.362146917523695,15.0,6.642837715339971,0,0,28.36875965942871
1414,0.772847934314151,23185.43802942453,20.224918108551158,15.0,6.48734439531711,0,0,28.36875965942871
1415,0.7737166599882952,23211.499799648856,20.090102495588617,15.0,6.3345854563784325,0,0,28.36875965942871
1416,0.774604962300473,23238.148869014192,19.95774002741183,15.0,6.184606164294449,0,0,28.36875965942871
1417,0.7755124883028183,23265.374649084548,19.827869925876627,15.0,6.037450961166098,0,0,28.36875965942871
1418,0.7764388793510698,23293.166380532093,19.70053067429697,15.0,5.893163452255998,0,0,28.36875965942871
1419,0.7773837712108466,23321.513136325397,19.57576000604137,15.0,5.751786393067078,0,0,28.36875965942871
1420,0.778346794165578,23350.40382496734,19.453594893351486,15.0,5.613361676673024,0,0,28.36875965942871
1421,0.7793275731260582,23379.827193781744,19.334071536386855,15.0,5.477930321304869,0,0,28.36875965942871
1422,0.780325727741594,23409.77183224782,19.21722535249757,15.0,5.345532458195944,0,0,28.36875965942871
1423,0.7813408725127108,23440.22617538132,19.10309096572974,15.0,5.21620731969055,0,0,28.36875965942871
1424,0.7823726169053835,23471.178507161505,18.991702196565388,15.0,5.089993227618294,0,0,28.36875965942871
1425,0.7834205654667616,23502.61696400285,18.88309205190071,15.0,4.9669275819385,0,0,28.36875965942871
1426,0.7844843179423494,23534.529538270483,18.77729271526561,15.0,4.847046849658005,0,0,28.36875965942871
1427,0.7855634693946105,23566.904081838315,18.67433553728693,15.0,4.730386554025079,0,0,28.36875965942871
1428,0.7866576103229591,23599.728309688773,18.574251026398397,15.0,4.616981264002948,0,0,28.36875965942871
1429,0.7877663267851044,23632.989803553133,18.477068839800666,15.0,4.5068645840266095,0,0,28.36875965942871
1430,0.7888892005197103,23666.67601559131,18.38281777467296,15.0,4.400069144044828,0,0,28.36875965942871
1431,0.7900258090703354,23700.774272110062,18.291525759639985,15.0,4.2966265898513,0,0,28.36875965942871
1432,0.7911757259106156,23735.271777318467,18.203219846496033,15.0,4.196567573707314,0,0,28.36875965942871
1433,0.7923385205706536,23770.155617119606,18.117926202188976,15.0,4.099921745258798,0,0,28.36875965942871
1434,0.793513758764576,23805.412762937278,18.035670101066383,15.0,4.006717742750492,0,0,28.36875965942871
1435,0.7947010025192218,23841.030075576655,17.95647591738631,15.0,3.916983184539905,0,0,28.36875965942871
1436,0.7958998103039238,23876.994309117712,17.88036711809445,15.0,3.830744660913185,0,0,28.36875965942871
1437,0.7971097371613423,23913.292114840267,17.807366255870658,15.0,3.748027726206125,0,0,28.36875965942871
1438,0.7983303348393168,23949.910045179506,17.737494962445876,15.0,3.6688568912316315,0,0,28.36875965942871
1439,0.7995611519236925,23986.834557710776,17.670773942192298,15.0,3.5932556160167586,0,0,28.36875965942871
1440,0.8008017339720837,24024.05201916251,17.60722296598816,15.0,3.521246302850944,0,0,28.36875965942871
1441,0.8020516236485351,24061.548709456052,17.5468608653593,15.0,3.4528502896478113,0,0,28.36875965942871
1442,0.8033103608590404,24099.310825771212,17.489705526898803,15.0,3.388087843622124,0,0,28.36875965942871
1443,0.8045774828878781,24137.324486636342,17.435773886967016,15.0,3.326978155284379,0,0,28.36875965942871
1444,0.8058525245347239,24175.575736041716,17.38508192667274,15.0,3.2695393327540376,0,0,28.36875965942871
1445,0.8071350182524998,24214.050547574992,17.337644667137862,15.0,3.215788396393872,0,0,28.36875965942871
1446,0.8084244942859183,24252.73482857755,17.293476165046183,15.0,3.165741273766386,0,0,28.36875965942871
1447,0.8097204808106816,24291.614424320447,17.25258950847807,15.0,3.119412794914088,0,0,28.36875965942871
1448,0.811022504073292,24330.67512219876,17.21499681303228,15.0,3.076816687965114,0,0,28.36875965942871
1449,0.8123300885314367,24369.9026559431,17.18070921823581,15.0,3.037965575065275,0,0,28.36875965942871
1450,0.8136427569949004,24409.28270984701,17.14973688424295,15.0,3.0028709686377733,0,0,28.36875965942871
1451,0.8149600307669672,24448.800923009017,17.12208898882472,15.0,2.9715432679719047,0,0,28.36875965942871
1452,0.8162814297862693,24488.44289358808,17.097773724649237,15.0,2.943991756141502,0,0,28.36875965942871
1453,0.8176064727690385,24528.194183071155,17.07679829685402,15.0,2.920224597254105,0,0,28.36875965942871
1454,0.818934677351722,24568.04032055166,17.059168920911024,15.0,2.9002488340318484,0,0,28.36875965942871
1455,0.8202655602339166,24607.9668070175,17.044890820784804,15.0,2.884070385724473,0,0,28.36875965942871
1456,0.8215986373215813,24647.95911964744,17.03396822738458,15.0,2.8716940463553806,0,0,28.36875965942871
1457,0.8229334238704844,24688.002716114534,17.026404377310506,15.0,2.86312348330103,0,0,28.36875965942871
1458,0.8242694346298441,24728.083038895325,17.0222015118946,15.0,2.8583612362042152,0,0,28.36875965942871
1459,0.8256061839861186,24768.18551958356,17.02136087653659,15.0,2.857408716221534,0,0,28.36875965942871
1460,0.8269431861069039,24808.295583207117,17.023882720334875,15.0,2.860266205605214,0,0,28.36875965942871
1461,0.8282799550848964,24848.39865254689,17.029766296012703,15.0,2.866932857619479,0,0,28.36875965942871
1462,0.8296160050818775,24888.480152456326,17.039009860139636,15.0,2.8774066967914615,0,0,28.36875965942871
1463,0.8309508504726788,24928.525514180365,17.05161067364812,15.0,2.891684619496567,0,0,28.36875965942871
1464,0.8322840059890823,24968.52017967247,17.06756500264518,15.0,2.9097623948781584,0,0,28.36875965942871
1465,0.833614986863616,25008.44960590848,17.08686811951879,15.0,2.93163466610124,0,0,28.36875965942871
1466,0.8349433089732019,25048.299269196057,17.10951430433884,15.0,2.9572949519398035,0,0,28.36875965942871
1467,0.8362684889826107,25088.054669478322,17.13549684655203,15.0,2.9867356486973695,0,0,28.36875965942871
1468,0.8375900444876858,25127.701334630576,17.16480804697032,15.0,3.0199480324600865,0,0,28.36875965942871
1469,0.8389074941582892,25167.22482474868,17.197439220052484,15.0,3.056922261681892,0,0,28.36875965942871
1470,0.8402203578809303,25206.61073642791,17.233380696477663,15.0,3.097647380100674,0,0,28.36875965942871
1471,0.8415281569010336,25245.844707031007,17.272621826010727,15.0,3.1421113199849326,0,0,28.36875965942871
1472,0.8428304139648046,25284.91241894414,17.315150980658103,15.0,3.1903009057096714,0,0,28.36875965942871
1473,0.8441266534606501,25323.7996038195,17.36095555811342,15.0,3.2422018576606337,0,0,28.36875965942871
1474,0.8454164015601118,25362.492046803352,17.410021985491802,15.0,3.297798796465611,0,0,28.36875965942871
1475,0.8466991863582725,25400.975590748174,17.462335723351924,15.0,3.3570752475517978,0,0,28.36875965942871
1476,0.8479745380135916,25439.236140407746,17.517881270004192,15.0,3.4200136460273995,0,0,28.36875965942871
1477,0.8492419888871287,25477.25966661386,17.576642166104406,15.0,3.4865953418866793,0,0,28.36875965942871
1478,0.8505010736811159,25515.032210433477,17.638600999530848,15.0,3.5568006055361607,0,0,28.36875965942871
1479,0.8517513295768352,25552.539887305054,17.703739410544006,15.0,3.6306086336410823,0,0,28.36875965942871
1480,0.8529922963717614,25589.768891152842,17.7720380972269,15.0,3.7079975552898152,0,0,28.36875965942871
1481,0.8542235166159307,25626.70549847792,17.84347682120467,15.0,3.7889444384746978,0,0,28.36875965942871
1482,0.8554445357474926,25663.336072424776,17.918034413641585,15.0,3.8734252968872154,0,0,28.36875965942871
1483,0.8566549022274061,25699.647066822185,17.995688781513977,15.0,3.961415097025842,0,0,28.36875965942871
1484,0.8578541676732414,25735.625030197243,18.076416914156706,15.0,4.052887765613789,0,0,28.36875965942871
1485,0.859041886992044,25771.25660976132,18.16019489008177,15.0,4.147816197325172,0,0,28.36875965942871
1486,0.8602176185122263,25806.52855536679,18.2469978840669,15.0,4.246172262817031,0,0,28.36875965942871
1487,0.8613809241144443,25841.42772343333,18.336800174511545,15.0,4.347926817064378,0,0,28.36875965942871
1488,0.8625313693614216,25875.941080842647,18.429575151059005,15.0,4.453049707996813,0,0,28.36875965942871
1489,0.8636685236266822,25910.055708800468,18.525295322481483,15.0,4.561509785433014,0,0,28.36875965942871
1490,0.8647919602221558,25943.75880666467,18.623932324826317,15.0,4.673274910311211,0,0,28.36875965942871
1491,0.8659012565246124,25977.03769573837,18.725456929821032,15.0,4.7883119642129,0,0,28.36875965942871
1492,0.866995994100897,26009.87982302691,18.829839053534055,15.0,4.906586859176267,0,0,28.36875965942871
1493,0.8680757588319189,26042.272764957568,18.93704776528933,15.0,5.028064547797303,0,0,28.36875965942871
1494,0.8691401410353649,26074.204231060947,19.04705129683189,15.0,5.152709033615263,0,0,28.36875965942871
1495,0.8701887355870964,26105.66206761289,19.159817051741207,15.0,5.280483381778874,0,0,28.36875965942871
1496,0.8712211420411969,26136.634261235908,19.275311615090445,15.0,5.411349729991208,0,0,28.36875965942871
1497,0.8722369647486327,26167.10894245898,19.393500763347898,15.0,5.54526929972896,0,0,28.36875965942871
1498,0.8732358129744917,26197.074389234753,19.514349474518195,15.0,5.682202407733369,0,0,28.36875965942871
1499,0.8742173010137676,26226.519030413026,19.637821938520144,15.0,5.822108477769358,0,0,28.36875965942871
1500,0.8751810483056516,26255.431449169548,19.76388156779787,15.0,5.9649460526489015,0,0,28.36875965942871
1501,0.8761266795463015,26283.800386389044,19.892491008162573,15.0,6.110672806515813,0,0,28.36875965942871
1502,0.877053824800052,26311.61474400156,20.023612149861563,15.0,6.2592455573880015,0,0,28.36875965942871
1503,0.8779621196090345,26338.863588271033,20.157206138870638,15.0,6.4106202799528305,0,0,28.36875965942871
1504,0.8788512051011742,26365.536153035227,20.2932333884077,15.0,6.5647521186131,0,0,28.36875965942871
1505,0.8797207280965316,26391.621842895947,20.43165359066299,15.0,6.721595400778575,0,0,28.36875965942871
1506,0.8805703412119569,26417.110236358705,20.57242572874327,15.0,6.881103650399834,0,0,28.36875965942871
1507,0.8813997029640273,26441.99108892082,20.715508088825814,15.0,7.04322960173994,0,0,28.36875965942871
1508,0.8822084778702365,26466.254336107093,20.860858272519486,15.0,7.207925213380678,0,0,28.36875965942871
1509,0.8829963365484044,26489.89009645213,21.008433209427885,15.0,7.375141682457835,0,0,28.36875965942871
1510,0.8837629558142811,26512.888674428432,21.158189169912212,15.0,7.5448294591227265,0,0,28.36875965942871
1511,0.8845080187773128,26535.240563319385,21.310081778049465,15.0,7.716938261225064,0,0,28.36875965942871
1512,0.8852312149345435,26556.936448036304,21.46406602478172,15.0,7.891417089212339,0,0,28.36875965942871
1513,0.8859322402626235,26577.967207878704,21.62009628125341,15.0,8.06821424124226,0,0,28.36875965942871
1514,0.8866107973078984,26598.32391923695,21.778126312332176,15.0,8.24727732850312,0,0,28.36875965942871
1515,0.8872665952745509,26617.997858236526,21.938109290309136,15.0,8.428553290737556,0,0,28.36875965942871
1516,0.8878993501107699,26636.9805033231,22.09999780877533,15.0,8.61198841196585,0,0,28.36875965942871
1517,0.8885087845929212,26655.263537787636,22.263743896668842,15.0,8.797528336402655,0,0,28.36875965942871
1518,0.8890946284076945,26672.838852230834,22.429299032489816,15.0,8.985118084564002,0,0,28.36875965942871
1519,0.8896566182322038,26689.698546966112,22.596614158678683,15.0,9.174702069559146,0,0,28.36875965942871
1520,0.8901944978120149,26705.834934360446,22.765639696152487,15.0,9.366224113561664,0,0,28.36875965942871
1521,0.8907080180370797,26721.24054111239,22.936325558996607,15.0,9.559627464456529,0,0,28.36875965942871
1522,0.8911969370155525,26735.908110466575,23.10862116930629,15.0,9.754854812657001,0,0,28.36875965942871
1523,0.8916610201454678,26749.830604364033,23.28247547217361,15.0,9.951848308086305,0,0,28.36875965942871
1524,0.8921000401842581,26763.001205527744,23.457836950816688,15.0,10.15054957732043,0,0,28.36875965942871
1525,0.8925137773160908,26775.413319482726,23.63465364184472,15.0,10.350899740884905,0,0,28.36875965942871
1526,0.8929020192170043,26787.060576510128,23.812873150656063,15.0,10.552839430702269,0,0,28.36875965942871
1527,0.8932645611178239,26797.936833534717,23.992442666964116,15.0,10.756308807684375,0,0,28.36875965942871
1528,0.8936012058648399,26808.0361759452,24.173308980445654,15.0,10.961247579463478,0,0,28.36875965942871
1529,0.893911763978228,26817.352919346842,24.355418496508616,15.0,11.16759501825859,0,0,28.36875965942871
1530,0.8941960537081967,26825.8816112459,24.538717252173143,15.0,11.375289978870263,0,0,28.36875965942871
1531,0.8944539010888427,26833.617032665283,24.723150932062072,15.0,11.584270916799284,0,0,28.36875965942871
1532,0.8946851399897024,26840.554199691072,24.90866488449552,15.0,11.794475906483434,0,0,28.36875965942871
1533,0.8948896121649784,26846.688364949354,25.095204137685815,15.0,12.005842659647849,0,0,28.36875965942871
1534,0.8950671673004321,26852.015019012964,25.28271341602624,15.0,12.218308543761722,0,0,28.36875965942871
1535,0.8952176630579244,26856.529891737733,25.471137156471,15.0,12.431810600598386,0,0,28.36875965942871
1536,0.8953409651175942,26860.228953527825,25.66041952499916,15.0,12.646285564890503,0,0,28.36875965942871
1537,0.8954369472176595,26863.108416529787,25.85050443315992,15.0,12.861669883077457,0,0,28.36875965942871
1538,0.8955054911918326,26865.16473575498,26.04133555469262,15.0,13.077899732137393,0,0,28.36875965942871
1539,0.8955464870043343,26866.394610130028,26.232856342217516,15.0,13.294911038499457,0,0,28.36875965942871
1540,0.8955598327825,26866.794983475,26.4250100439918,15.0,13.51263949702995,0,0,28.36875965942871
1541,0.8955454348469675,26866.363045409023,26.617739720726764,15.0,13.731020590087827,0,0,28.36875965942871
1542,0.8955032077394355,26865.096232183063,26.81098826245963,15.0,13.949989606642028,0,0,28.36875965942871
1543,0.8954330742479868,26862.992227439605,27.004698405476883,15.0,14.169481661447254,0,0,28.36875965942871
1544,0.8953349654299683,26860.048962899047,27.198812749282535,15.0,14.389431714270643,0,0,28.36875965942871
1545,0.8952088206324198,26856.264618972593,27.393273773607177,15.0,14.60977458916463,0,0,28.36875965942871
1546,0.8950545875100467,26851.637625301402,27.588023855452505,15.0,14.830444993779993,0,0,28.36875965942871
1547,0.8948722220407317,26846.166661221952,27.783005286166247,15.0,15.051377538713437,0,0,28.36875965942871
1548,0.8946616885385786,26839.85065615736,27.978160288542327,15.0,15.272506756883644,0,0,28.36875965942871
1549,0.8944229596644878,26832.688789934633,28.1734310339419,15.0,15.493767122931095,0,0,28.36875965942871
1550,0.8941560164342561,26824.680493027685,28.368759659428743,15.0,15.715093072634051,0,0,28.36875965942871
1551,0.8938608482242036,26815.82544672611,28.564088284915503,15.0,15.93641902233691,0,0,28.36875965942871
1552,0.893537452774321,26806.12358322963,28.75935903031504,15.0,16.157679388384317,0,0,28.36875965942871
1553,0.8931858361889389,26795.575085668166,28.954514032691193,15.0,16.378808606554614,0,0,28.36875965942871
1554,0.8928060129349198,26784.180388047593,29.149495463404858,15.0,16.59974115148797,0,0,28.36875965942871
1555,0.8923980058373707,26771.940175121123,29.34424554525022,15.0,16.82041155610338,0,0,28.36875965942871
1556,0.8919618460728801,26758.855382186404,29.53870656957483,15.0,17.040754430997318,0,0,28.36875965942871
1557,0.8914975731602789,26744.927194808366,29.732820913380518,15.0,17.260704483820753,0,0,28.36875965942871
1558,0.8910052349489304,26730.15704846791,29.926531056397813,15.0,17.480196538626025,0,0,28.36875965942871
1559,0.8904848876045519,26714.54662813656,30.11977959813064,15.0,17.69916555518018,0,0,28.36875965942871
1560,0.8899365955925713,26698.097867777138,30.312509274865604,15.0,17.91754664823806,0,0,28.36875965942871
1561,0.8893604316590245,26680.812949770734,30.50466297663992,15.0,18.135275106768596,0,0,28.36875965942871
1562,0.8887564768089992,26662.694304269975,30.69618376416474,15.0,18.35228641313057,0,0,28.36875965942871
1563,0.8881248202826316,26643.744608478948,30.887014885697486,15.0,18.56851626219055,0,0,28.36875965942871
1564,0.8874655595286625,26623.966785859873,31.077099793858284,15.0,18.78390058037755,0,0,28.36875965942871
1565,0.8867788001755608,26603.364005266823,31.266382162386407,15.0,18.998375544669624,0,0,28.36875965942871
1566,0.8860646560002241,26581.939680006722,31.45480590283116,15.0,19.211877601506284,0,0,28.36875965942871
1567,0.8853232488942636,26559.697466827907,31.64231518117159,15.0,19.424343485620163,0,0,28.36875965942871
1568,0.8845547088278853,26536.64126483656,31.828854434361887,15.0,19.635710238784576,0,0,28.36875965942871
1569,0.8837591738113771,26512.775214341313,32.01436838679537,15.0,19.84591522846877,0,0,28.36875965942871
1570,0.8829367898542131,26488.103695626392,32.19880206668425,15.0,20.054896166397747,0,0,28.36875965942871
1571,0.882087710921788,26462.63132765364,32.38210082234879,15.0,20.26259112700942,0,0,28.36875965942871
1572,0.8812120988897937,26436.36296669381,32.56421033841179,15.0,20.468938565804574,0,0,28.36875965942871
1573,0.8803101234962523,26409.303704887567,32.745076651893285,15.0,20.673877337583633,0,0,28.36875965942871
1574,0.8793819622912185,26381.458868736554,32.92464616820134,15.0,20.87734671456574,0,0,28.36875965942871
1575,0.8784278005841686,26352.834017525056,33.10286567701272,15.0,21.079286404383147,0,0,28.36875965942871
1576,0.8774478313890884,26323.434941672655,33.27968236804072,15.0,21.279636567947577,0,0,28.36875965942871
1577,0.8764422553672799,26293.2676610184,33.45504384668376,15.0,21.478337837181662,0,0,28.36875965942871
1578,0.8754112807679,26262.338423037,33.62889814955111,15.0,21.67533133261101,0,0,28.36875965942871
1579,0.8743551233662523,26230.65370098757,33.80119375986076,15.0,21.870558680811442,0,0,28.36875965942871
1580,0.8732740063998482,26198.220191995446,33.971879622704954,15.0,22.06396203170639,0,0,28.36875965942871
1581,0.872168160502257,26165.04481506771,34.14090516017872,15.0,22.25548407570886,0,0,28.36875965942871
1582,0.8710378236347641,26131.134709042923,34.308220286367586,15.0,22.44506806070401,0,0,28.36875965942871
1583,0.8698832410158575,26096.497230475725,34.47377542218863,15.0,22.63265780886543,0,0,28.36875965942871
1584,0.8687046650485647,26061.139951456942,34.637521510082074,15.0,22.818197733302163,0,0,28.36875965942871
1585,0.8675023552456606,26025.070657369815,34.79941002854824,15.0,23.00163285453042,0,0,28.36875965942871
1586,0.866276578152767,25988.29734458301,34.95939300652527,15.0,23.18290881676493,0,0,28.36875965942871
1587,0.8650276072693709,25950.828218081126,35.117423037603956,15.0,23.361971904025715,0,0,28.36875965942871
1588,0.8637557229677796,25912.67168903339,35.273453294075686,15.0,23.538769056055674,0,0,28.36875965942871
1589,0.8624612124100407,25873.836372301223,35.42743754080791,15.0,23.713247884042914,0,0,28.36875965942871
1590,0.8611443694628503,25834.33108388551,35.579330148945196,15.0,23.885356686145286,0,0,28.36875965942871
1591,0.859805494610473,25794.164838314187,35.72908610942958,15.0,24.055044462810244,0,0,28.36875965942871
1592,0.8584448948657023,25753.346845971068,35.876661046337915,15.0,24.222260931887334,0,0,28.36875965942871
1593,0.8570628836788864,25711.886510366592,36.02201123003156,15.0,24.386956543528044,0,0,28.36875965942871
1594,0.8556597808450461,25669.793425351385,36.16509359011417,15.0,24.549082494868212,0,0,28.36875965942871
1595,0.8542359124091121,25627.077372273365,36.305865728194384,15.0,24.708590744489406,0,0,28.36875965942871
1596,0.8527916105693112,25583.748317079335,36.44428593044971,15.0,24.865434026654917,0,0,28.36875965942871
1597,0.8513272135787285,25539.816407361857,36.5803131799868,15.0,25.019565865315215,0,0,28.36875965942871
1598,0.8498430656450768,25495.291969352304,36.713907168995846,15.0,25.17094058788001,0,0,28.36875965942871
1599,0.8483395168286986,25450.185504860958,36.845028310694836,15.0,25.319513338752206,0,0,28.36875965942871
1600,0.8468169229388373,25404.50768816512,36.97363775105954,15.0,25.465240092619112,0,0,28.36875965942871
1601,0.8452756454282023,25358.26936284607,37.09969738033726,15.0,25.608077667498662,0,0,28.36875965942871
1602,0.8437160512858632,25311.481538575896,37.223169844339196,15.0,25.747983737534618,0,0,28.36875965942871
1603,0.8421385129285028,25264.155387855084,37.344018555509486,15.0,25.88491684553903,0,0,28.36875965942871
1604,0.8405434080900622,25216.302242701866,37.462207703766964,15.0,26.01883641527681,0,0,28.36875965942871
1605,0.8389311197098098,25167.933591294295,37.57770226711622,15.0,26.14970276348917,0,0,28.36875965942871
1606,0.8373020358188684,25119.061074566052,37.69046802202553,15.0,26.277477111652757,0,0,28.36875965942871
1607,0.835656549425233,25069.69648275699,37.80047155356809,15.0,26.402121597470718,0,0,28.36875965942871
1608,0.8339950583973141,25019.851751919425,37.90768026532338,15.0,26.523599286091773,0,0,28.36875965942871
1609,0.8323179653460412,24969.538960381236,38.01206238903638,15.0,26.641874181055115,0,0,28.36875965942871
1610,0.8306256775055594,24918.77032516678,38.113586994031074,15.0,26.75691123495679,0,0,28.36875965942871
1611,0.8289186066125581,24867.558198376744,38.21222399637593,15.0,26.868676359835007,0,0,28.36875965942871
1612,0.8271971687842643,24815.91506352793,38.30794416779839,15.0,26.977136437271188,0,0,28.36875965942871
1613,0.8254617843951377,24763.853531854133,38.40071914434587,15.0,27.08225932820364,0,0,28.36875965942871
1614,0.8237128779523053,24711.38633856916,38.490521434790516,15.0,27.184013882450994,0,0,28.36875965942871
1615,0.82195087796977,24658.5263390931,38.57732442877564,15.0,27.282369947942847,0,0,28.36875965942871
1616,0.8201762168414335,24605.286505243006,38.66110240470073,15.0,27.37729837965425,0,0,28.36875965942871
1617,0.8183893307129683,24551.679921389048,38.74183053734343,15.0,27.46877104824218,0,0,28.36875965942871
1618,0.8165906593525779,24497.719780577336,38.81948490521581,15.0,27.55676084838079,0,0,28.36875965942871
1619,0.8147806460206846,24443.419380620537,38.89404249765276,15.0,27.641241706793345,0,0,28.36875965942871
1620,0.8129597373385814,24388.792120157443,38.9654812216305,15.0,27.722188589978188,0,0,32.36875965942871
1621,0.8109449241663322,24328.347724989966,44.537549601020444,15.0,27.79957751162694,0,0,32.36875965942871
1622,0.8089198122878359,24267.594368635077,44.61187253920998,15.0,27.87338553973185,0,0,32.36875965942871
1623,0.8068848725531829,24206.546176595486,44.68256757882526,15.0,27.943590803381348,0,0,32.36875965942871
1624,0.8048405787246695,24145.217361740084,44.74961377140028,15.0,28.010172499240625,0,0,32.36875965942871
1625,0.8027874073364121,24083.622220092362,44.81299124970117,15.0,28.073110897716226,0,0,32.36875965942871
1626,0.8007258375531395,24021.775126594184,44.87268123361337,15.0,28.132387348802403,0,0,32.36875965942871
1627,0.7986563510282062,23959.690530846186,44.92866603570642,15.0,28.1879842876074,0,0,32.36875965942871
1628,0.7965794317608682,23897.382952826047,44.98092906647518,15.0,28.239885239558348,0,0,32.36875965942871
1629,0.7944955659528635,23834.866978585906,45.02945483925574,15.0,28.288074825283093,0,0,32.36875965942871
1630,0.7924052418643399,23772.157255930197,45.07422897481434,15.0,28.332538765167364,0,0,32.36875965942871
1631,0.7903089496691731,23709.268490075192,45.11523820560828,15.0,28.37326388358614,0,0,32.36875965942871
1632,0.7882071813097177,23646.21543929153,45.15247037971747,15.0,28.41023811280794,0,0,32.36875965942871
1633,0.7861004303510337,23583.01291053101,45.185914464445155,15.0,28.443450496570655,0,0,32.36875965942871
1634,0.7839891918346333,23519.675755039,45.215560549587266,15.0,28.472891193328223,0,0,32.36875965942871
1635,0.7818739621317885,23456.218863953654,45.24139985036895,15.0,28.49855147916679,0,0,32.36875965942871
1636,0.779755238796446,23392.657163893382,45.26342471004773,15.0,28.520423750389867,0,0,32.36875965942871
1637,0.7776335204177914,23329.005612533743,45.28162860218235,15.0,28.538501525771462,0,0,32.36875965942871
1638,0.7755093064725062,23265.279194175186,45.296006132566696,15.0,28.552779448476574,0,0,32.36875965942871
1639,0.7733830971767619,23201.492915302857,45.30655304082821,15.0,28.56325328764855,0,0,32.36875965942871
1640,0.7712553933379958,23137.66180013987,45.313266201690375,15.0,28.569919939662817,0,0,32.36875965942871
1641,0.76912669620651,23073.8008861953,45.31614362589874,15.0,28.572777429046496,0,0,32.36875965942871
1642,0.7669975073269413,23009.92521980824,45.31518446081041,15.0,28.57182490906382,0,0,32.36875965942871
1643,0.7648683283896419,22946.04985168926,45.310388990646686,15.0,28.567062661967007,0,0,32.36875965942871
1644,0.7627396610820177,22882.18983246053,45.3017586364089,15.0,28.55849209891265,0,0,32.36875965942871
1645,0.7606120069398679,22818.360208196034,45.28929595545725,15.0,28.546115759543557,0,0,32.36875965942871
1646,0.7584858671987685,22754.576015963055,45.27300464075307,15.0,28.529937311236186,0,0,32.36875965942871
1647,0.7563617426455462,22690.852279366387,45.25288951976452,15.0,28.509961548013926,0,0,32.36875965942871
1648,0.7542401334698839,22627.20400409652,45.22895655303605,15.0,28.48619438912653,0,0,32.36875965942871
1649,0.752121539116104,22563.64617348312,45.20121283242222,15.0,28.45864287729612,0,0,32.36875965942871
1650,0.7500064581351719,22500.193744055156,45.169666578986224,15.0,28.427315176630266,0,0,32.36875965942871
1651,0.7478953880369646,22436.86164110894,45.134327140563755,15.0,28.392220570202767,0,0,32.36875965942871
1652,0.7457888251428486,22373.66475428546,45.09520498899312,15.0,28.353369457302914,0,0,32.36875965942871
1653,0.7436872644386081,22310.617933158243,45.05231171701215,15.0,28.31077335035396,0,0,32.36875965942871
1654,0.7415911994277704,22247.735982833114,45.00566003482304,15.0,28.264444871501652,0,0,32.36875965942871
1655,0.7395011219853708,22185.033659561122,44.95526376632607,15.0,28.214397748874163,0,0,32.36875965942871
1656,0.7374175222121981,22122.525666365946,44.901137845023186,15.0,28.160646812514003,0,0,32.36875965942871
1657,0.7353408882895686,22060.226648687058,44.84329830959307,15.0,28.10320798998367,0,0,32.36875965942871
1658,0.7332717063346662,21998.151190039986,44.7817622991383,15.0,28.042098301645915,0,0,32.36875965942871
1659,0.7312104602564962,21936.313807694885,44.71654804810686,15.0,27.97733585562024,0,0,32.36875965942871
1660,0.7291576316124924,21874.72894837477,44.64767488088873,15.0,27.908939842417084,0,0,32.36875965942871
1661,0.727113699465821,21813.41098397463,44.575163206089826,15.0,27.836930529251298,0,0,32.36875965942871
1662,0.7250791402434242,21752.374207302728,44.49903451048424,15.0,27.76132925403641,0,0,32.36875965942871
1663,0.7230544275948445,21691.632827845337,44.419311352647526,15.0,27.6821584190619,0,0,32.36875965942871
1664,0.721040032251872,21631.20096755616,44.33601735627193,15.0,27.599441484354855,0,0,32.36875965942871
1665,0.7190364218890564,21571.09265667169,44.249177203166155,15.0,27.513202960728137,0,0,32.36875965942871
1666,0.7170440609851251,21511.32182955375,44.158816625941796,15.0,27.42346840251755,0,0,32.36875965942871
1667,0.715063410685348,21451.90232056044,44.06496240038797,15.0,27.330264400009263,0,0,32.36875965942871
1668,0.7130949286648903,21392.84785994671,43.96764233753725,15.0,27.23361857156073,0,0,32.36875965942871
1669,0.7111390689931933,21334.1720697958,43.86688527542466,15.0,27.133559555416763,0,0,32.36875965942871
1670,0.7091962819994244,21275.888459982732,43.762721070542135,15.0,27.030117001223218,0,0,32.36875965942871
1671,0.7072670141390337,21218.01042417101,43.65518058899166,15.0,26.923321561241412,0,0,32.36875965942871
1672,0.7053517078614607,21160.55123584382,43.5442956973389,15.0,26.813204881265097,0,0,32.36875965942871
1673,0.7034508014790266,21103.5240443708,43.430099253170226,15.0,26.699799591242964,0,0,32.36875965942871
1674,0.701564729037053,21046.94187111159,43.3126250953567,15.0,26.58313929561001,0,0,32.36875965942871
1675,0.6996939201852446,20990.81760555734,43.19190803402655,15.0,26.463258563329546,0,0,32.36875965942871
1676,0.697838800050375,20935.16400151125,43.06798384025033,15.0,26.34019291764978,0,0,32.36875965942871
1677,0.6959997891103124,20879.99367330937,42.94088923544119,15.0,26.21397882557752,0,0,32.36875965942871
1678,0.6941773030694227,20825.319092082682,42.810661880473376,15.0,26.084653687072105,0,0,32.36875965942871
1679,0.6923717527353879,20771.152582061637,42.67734036452276,15.0,25.952255823963174,0,0,32.36875965942871
1680,0.6905835438974742,20717.506316924228,42.54096419363189,15.0,25.816824468595023,0,0,32.36875965942871
1681,0.6888130772062885,20664.392316188656,42.401573779003336,15.0,25.678399752200967,0,0,32.36875965942871
1682,0.6870607480550566,20611.822441651697,42.25921042502531,15.0,25.53702269301202,0,0,32.36875965942871
1683,0.6853269464624597,20559.80839387379,42.11391631703203,15.0,25.39273518410195,0,0,32.36875965942871
1684,0.6836120569570638,20508.361708711916,41.965734508803386,15.0,25.24557998097363,0,0,32.36875965942871
1685,0.6819164584633751,20457.493753901254,41.81470890980717,15.0,25.09560068888959,0,0,32.36875965942871
1686,0.6802405241895567,20407.215725686703,41.66088427218785,15.0,24.94284174995097,0,0,32.36875965942871
1687,0.678584621516839,20357.53864550517,41.50430617750523,15.0,24.787348429928077,0,0,32.36875965942871
1688,0.6769491118906565,20308.473356719696,41.34502102322813,15.0,24.62916680484758,0,0,32.36875965942871
1689,0.6753343507135443,20260.03052140633,41.183076008985275,15.0,24.468343747338686,0,0,32.36875965942871
1690,0.6737406872398238,20212.220617194715,41.01851912257956,15.0,24.304926912744293,0,0,32.36875965942871
1691,0.6721684644721119,20165.053934163356,40.85139912576781,15.0,24.13896472499928,0,0,32.36875965942871
1692,0.6706180190596813,20118.54057179044,40.681765539811835,15.0,23.97050636228163,0,0,32.36875965942871
1693,0.6690896811987047,20072.69043596114,40.50966863080411,15.0,23.79960174243981,0,0,32.36875965942871
1694,0.6675837745344096,20027.51323603229,40.33515939477303,15.0,23.62630150820121,0,0,32.36875965942871
1695,0.6661006160651766,19983.018481955296,40.1582895425713,15.0,23.450657012165223,0,0,32.36875965942871
1696,0.6646405160486044,19939.215481458134,39.97911148455337,15.0,23.272720301586805,0,0,32.36875965942871
1697,0.6632037779095753,19896.113337287257,39.7976783150449,15.0,23.092544102953568,0,0,32.36875965942871
1698,0.6617906981503422,19853.720944510267,39.614043796609494,15.0,22.910181806361535,0,0,32.36875965942871
1699,0.6604015662626703,19812.04698788011,39.42826234411828,15.0,22.72568744969505,0,0,32.36875965942871
1700,0.6590366646420531,19771.099939261592,39.240389008625,15.0,22.539115702613586,0,0,32.36875965942871
1701,0.6576962685040332,19730.888055120995,39.05047946105362,15.0,22.350521850352344,0,0,32.36875965942871
1702,0.65638064580265,19691.419374079498,38.85858997570177,15.0,22.15996177734006,0,0,32.36875965942871
1703,0.6550900571510385,19652.701714531155,38.66477741356511,15.0,21.967491950638838,0,0,32.36875965942871
1704,0.6538247557442051,19614.742672326152,38.46909920548871,15.0,21.773169403212243,0,0,32.36875965942871
1705,0.6525849872839994,19577.54961851998,38.27161333514879,15.0,21.577051717024982,0,0,32.36875965942871
1706,0.6513709899063079,19541.129697189237,38.07237832187065,15.0,21.37919700597988,0,0,32.36875965942871
1707,0.6501829941104894,19505.48982331468,37.87145320328871,15.0,21.179663898697992,0,0,32.36875965942871
1708,0.6490212226910725,19470.636680732176,37.66889751785186,15.0,20.978511521145244,0,0,32.36875965942871
1709,0.6478858906717373,19436.57672015212,37.46477128718121,15.0,20.77579947911233,0,0,32.36875965942871
1710,0.6467772052415991,19403.316157247973,37.259134998284374,15.0,20.571587840552226,0,0,32.36875965942871
1711,0.6456953656938138,19370.860970814414,37.05204958563159,15.0,20.36593711778056,0,0,32.36875965942871
1712,0.6446405633665228,19339.21690099568,36.84357641310002,15.0,20.158908249544893,0,0,32.36875965942871
1713,0.6436129815861552,19308.389447584657,36.63377725578995,15.0,19.950562582966995,0,0,32.36875965942871
1714,0.6426127956131055,19278.383868393164,36.42271428171938,15.0,19.74096185536419,0,0,32.36875965942871
1715,0.6416401725897986,19249.205177693955,36.210450033402765,15.0,19.530168175955737,0,0,32.36875965942871
1716,0.6406952714911623,19220.85814473487,35.99704740931787,15.0,19.318244007458105,0,0,32.36875965942871
1717,0.6397782430775206,19193.34729232562,35.78256964526782,15.0,19.105252147576113,0,0,32.36875965942871
1718,0.6388892298499189,19166.676895497567,35.56708029564286,15.0,18.891255710394553,0,0,32.36875965942871
1719,0.6380283660078984,19140.85098023695,35.35064321458808,15.0,18.67631810767631,0,0,32.36875965942871
1720,0.6371957774097298,19115.873322291893,35.1333225370815,15.0,18.46050303007162,0,0,32.36875965942871
1721,0.636391581535119,19091.74744605357,34.91518265993019,15.0,18.24387442824584,0,0,32.36875965942871
1722,0.6356158874503949,19068.476623511848,34.69628822268745,15.0,18.02649649392872,0,0,32.36875965942871
1723,0.6348687957761914,19046.06387328574,34.47670408849927,15.0,17.808433640893753,0,0,32.36875965942871
1724,0.6341503986576301,19024.511959728905,34.25649532488359,15.0,17.589750485870415,0,0,32.36875965942871
1725,0.6334607797370173,19003.82339211052,34.03572718444957,15.0,17.370511829397117,0,0,32.36875965942871
1726,0.6328000141290576,18984.00042387173,33.81446508556173,15.0,17.15078263661928,0,0,32.36875965942871
1727,0.6321681683985969,18965.045051957906,33.592774592955344,15.0,16.93062801803901,0,0,32.36875965942871
1728,0.6315653005408964,18946.959016226894,33.37072139830765,15.0,16.71011321022093,0,0,32.36875965942871
1729,0.6309914599644492,18929.743798933476,33.148371300772624,15.0,16.489303556461792,0,0,32.36875965942871
1730,0.6304466874763377,18913.40062429013,32.92579018748297,15.0,16.26826448742755,0,0,32.36875965942871
1731,0.6299310152701427,18897.93045810428,32.70304401402609,15.0,16.047061501764652,0,0,32.36875965942871
1732,0.6294444669164035,18883.334007492107,32.48019878490051,15.0,15.825760146691731,0,0,32.36875965942871
1733,0.6289870573556335,18869.611720669007,32.257320533956985,15.0,15.604425998576374,0,0,32.36875965942871
1734,0.6285587928938926,18856.763786816777,32.03447530483136,15.0,15.383124643503411,0,0,32.36875965942871
1735,0.6281596712009186,18844.79013602756,31.81172913137453,15.0,15.161921657840553,0,0,32.36875965942871
1736,0.6277896813108189,18833.690439324568,31.589148018084778,15.0,14.940882588806225,0,0,32.36875965942871
1737,0.627448803625318,18823.464108759537,31.36679792054975,15.0,14.720072935047085,0,0,32.36875965942871
1738,0.6271370099195662,18814.110297586987,31.144744725902154,15.0,14.499558127229097,0,0,32.36875965942871
1739,0.6268542633505033,18805.6279005151,30.923054233295673,15.0,14.279403508648734,0,0,32.36875965942871
1740,0.6266005184677752,18798.015554033256,30.701792134407885,15.0,14.059674315870943,0,0,32.36875965942871
1741,0.6263757212272023,18791.27163681607,30.481023993973906,15.0,13.840435659397691,0,0,32.36875965942871
1742,0.6261798090067939,18785.39427020382,30.260815230358183,15.0,13.621752504374308,0,0,32.36875965942871
1743,0.6260127106253047,18780.38131875914,30.04123109617005,15.0,13.403689651339384,0,0,32.36875965942871
1744,0.6258743463633266,18776.2303908998,29.822336658927306,15.0,13.186311717022267,0,0,32.36875965942871
1745,0.6257646279869122,18772.938839607366,29.60419678177591,15.0,12.969683115196393,0,0,32.36875965942871
1746,0.6256834587737197,18770.50376321159,29.386876104269415,15.0,12.753868037591795,0,0,32.36875965942871
1747,0.6256307335416739,18768.922006250217,29.17043902321454,15.0,12.53893043487346,0,0,32.36875965942871
1748,0.6256063386801346,18768.19016040404,28.95494967358963,15.0,12.324933997691945,0,0,32.36875965942871
1749,0.6256101521835613,18768.304565506838,28.740471909539583,15.0,12.111942137809958,0,0,32.36875965942871
1750,0.6256420436876658,18769.261310629976,28.527069285454683,15.0,11.900017969312325,0,0,32.36875965942871
1751,0.6257018745080428,18771.056235241285,28.314805037138026,15.0,11.689224289903827,0,0,32.36875965942871
1752,0.6257894976812644,18773.684930437932,28.103742063067543,15.0,11.479623562301104,0,0,32.36875965942871
1753,0.6259047580084286,18777.142740252857,27.893942905757388,15.0,11.271277895723127,0,0,32.36875965942871
1754,0.6260474921011484,18781.42476303445,27.68546973322585,15.0,11.064249027487492,0,0,32.36875965942871
1755,0.626217528429967,18786.525852899013,27.47838432057312,15.0,10.858598304715875,0,0,32.36875965942871
1756,0.6264146873751864,18792.44062125559,27.272748031676237,15.0,10.65438666615573,0,0,32.36875965942871
1757,0.6266387812800909,18799.163438402727,27.06862180100559,15.0,10.451674624122813,0,0,32.36875965942871
1758,0.6268896145065559,18806.688435196676,26.866066115568746,15.0,10.250522246570068,0,0,32.36875965942871
1759,0.6271669834930182,18815.00950479055,26.665140996986754,15.0,10.050989139288136,0,0,32.36875965942871
1760,0.6274706768147968,18824.120304443906,26.465905983708698,15.0,9.853134428243115,0,0,32.36875965942871
1761,0.6278004752467414,18834.014257402243,26.268420113368695,15.0,9.657016742055774,0,0,32.36875965942871
1762,0.6281561518281943,18844.68455484583,26.072741905292297,15.0,9.462694194629178,0,0,32.36875965942871
1763,0.6285374719302438,18856.124157907314,25.878929343155722,15.0,9.270224367928034,0,0,32.36875965942871
1764,0.6289441933252495,18868.325799757487,25.687039857803832,15.0,9.079664294915712,0,0,32.36875965942871
1765,0.6293760662586199,18881.281987758597,25.497130310232443,15.0,8.891070442654474,0,0,32.36875965942871
1766,0.6298328335228195,18894.985005684586,25.309256974739206,15.0,8.704498695573044,0,0,32.36875965942871
1767,0.6303142305335857,18909.42691600757,25.123475522247915,15.0,8.52000433890648,0,0,32.36875965942871
1768,0.63081998540833,18924.5995622499,24.93984100381258,15.0,8.337642042314526,0,0,32.36875965942871
1769,0.6313498190467035,18940.494571401105,24.75840783430403,15.0,8.157465843681216,0,0,32.36875965942871
1770,0.6319034452132999,18957.103356398995,24.57922977628611,15.0,7.979529133102798,0,0,32.36875965942871
1771,0.632480570622473,18974.417118674188,24.402359924084454,15.0,7.803884637066879,0,0,32.36875965942871
1772,0.6330808950252441,18992.426850757325,24.2278506880533,15.0,7.630584402828208,0,0,32.36875965942871
1773,0.6337041112982724,19011.12333894817,24.05575377904561,15.0,7.459679782986426,0,0,32.36875965942871
1774,0.6343499055348611,19030.497166045836,23.886120193089667,15.0,7.291221420268808,0,0,32.36875965942871
1775,0.6350179571379763,19050.53871413929,23.719000196277886,15.0,7.125259232523758,0,0,32.36875965942871
1776,0.6357079389152455,19071.238167457363,23.554443309872134,15.0,6.961842397929333,0,0,32.36875965942871
1777,0.6364195171759123,19092.58551527737,23.392498295629352,15.0,6.80101934042051,0,0,32.36875965942871
1778,0.6371523518297166,19114.5705548915,23.23321314135218,15.0,6.642837715339942,0,0,32.36875965942871
1779,0.63790609648767,19137.182894630103,23.07663504666963,15.0,6.487344395317112,0,0,32.36875965942871
1780,0.6386803985646989,19160.411956940967,22.92281040905024,15.0,6.334585456378434,0,0,32.36875965942871
1781,0.639474899384122,19184.24698152366,22.77178481005405,15.0,6.184606164294419,0,0,32.36875965942871
1782,0.6402892342839356,19208.67702851807,22.623603001825447,15.0,6.03745096116613,0,0,32.36875965942871
1783,0.6411230327248694,19233.69098174608,22.478308893832132,15.0,5.893163452256031,0,0,32.36875965942871
1784,0.6419759184001856,19259.27755200557,22.335945539854077,15.0,5.751786393067052,0,0,32.36875965942871
1785,0.6428475093471878,19285.425280415635,22.196555125225572,15.0,5.613361676673055,0,0,32.36875965942871
1786,0.6437374180604031,19312.122541812092,22.060178954334646,15.0,5.477930321304843,0,0,32.36875965942871
1787,0.6446452516064094,19339.35754819228,21.92685743838406,15.0,5.345532458195947,0,0,32.36875965942871
1788,0.6455706117402698,19367.118352208094,21.796630083416275,15.0,5.216207319690554,0,0,32.36875965942871
1789,0.6465130950235413,19395.392850706237,21.66953547860711,15.0,5.089993227618269,0,0,32.36875965942871
1790,0.6474722929438217,19424.16878831465,21.54561128483089,15.0,4.9669275819385,0,0,32.36875965942871
1791,0.6484477920358017,19453.43376107405,21.424894223500736,15.0,4.8470468496580335,0,0,32.36875965942871
1792,0.6494391740037828,19483.175220113484,21.307420065687182,15.0,4.730386554025055,0,0,32.36875965942871
1793,0.6504460158456274,19513.380475368824,21.193223621518566,15.0,4.616981264002975,0,0,32.36875965942871
1794,0.651467889978104,19544.03669934312,21.082338729865754,15.0,4.506864584026611,0,0,32.36875965942871
1795,0.6525043643635885,19575.130930907653,20.974798248315302,15.0,4.40006914404483,0,0,32.36875965942871
1796,0.6535550026380871,19606.65007914261,20.870634043432798,15.0,4.296626589851302,0,0,32.36875965942871
1797,0.6546193642405398,19638.580927216193,20.769876981320184,15.0,4.196567573707315,0,0,32.36875965942871
1798,0.6556970045433683,19670.91013630105,20.67255691846946,15.0,4.099921745258781,0,0,32.36875965942871
1799,0.6567874749842291,19703.62424952687,20.57870269291566,15.0,4.006717742750514,0,0,32.36875965942871
1800,0.6578903231989315,19736.709695967944,20.48834211569126,15.0,3.916983184539888,0,0,32.36875965942871
1801,0.6590050931554837,19770.15279466451,20.40150196258552,15.0,3.8307446609132043,0,0,32.36875965942871
1802,0.6601313252892244,19803.93975867673,20.318207966209894,15.0,3.748027726206125,0,0,32.36875965942871
1803,0.6612685566390014,19838.056699170043,20.238484808373173,15.0,3.668856891231616,0,0,32.36875965942871
1804,0.6624163209843579,19872.489629530737,20.162356112767625,15.0,3.5932556160167586,0,0,32.36875965942871
1805,0.663574148983683,19907.224469510493,20.0898444379687,15.0,3.521246302850958,0,0,32.36875965942871
1806,0.6647415683132881,19942.247049398644,20.020971270750575,15.0,3.452850289647799,0,0,32.36875965942871
1807,0.665918103807366,19977.54311422098,19.955757019719144,15.0,3.3880878436221376,0,0,32.36875965942871
1808,0.6671032775987937,20013.098327963813,19.894221009264363,15.0,3.326978155284369,0,0,32.36875965942871
1809,0.6682966092607341,20048.898277822023,19.836381473834226,15.0,3.2695393327540287,0,0,32.36875965942871
1810,0.6694976159489968,20084.928478469905,19.782255552531378,15.0,3.2157883963938856,0,0,32.36875965942871
1811,0.6707058125451159,20121.174376353476,19.731859284034385,15.0,3.1657412737663777,0,0,32.36875965942871
1812,0.6719207118001002,20157.621354003004,19.68520760184529,15.0,3.119412794914088,0,0,32.36875965942871
1813,0.6731418244788162,20194.254734364487,19.642314329864305,15.0,3.076816687965114,0,0,32.36875965942871
1814,0.674368659504959,20231.05978514877,19.60319217829367,15.0,3.0379655750652685,0,0,32.36875965942871
1815,0.6756007241065685,20268.021723197053,19.567852739871213,15.0,3.0028709686377795,0,0,32.36875965942871
1816,0.6768375239620483,20305.12571886145,19.5363064864352,15.0,2.971543267971912,0,0,32.36875965942871
1817,0.6780785633466446,20342.35690039934,19.50856276582137,15.0,2.9439917561414966,0,0,32.36875965942871
1818,0.6793233452793392,20379.700358380178,19.484629799092907,15.0,2.9202245972541085,0,0,32.36875965942871
1819,0.6805713716701163,20417.14115010349,19.464514678104347,15.0,2.9002488340318453,0,0,32.36875965942871
1820,0.6818221434675571,20454.66430402671,19.448223363400174,15.0,2.884070385724473,0,0,32.36875965942871
1821,0.6830751608067196,20492.254824201587,19.435760682448525,15.0,2.8716940463553824,0,0,32.36875965942871
1822,0.6843299231572594,20529.89769471778,19.427130328210737,15.0,2.8631234833010284,0,0,32.36875965942871
1823,0.6855859294717473,20567.57788415242,19.422334858047016,15.0,2.8583612362042152,0,0,32.36875965942871
1824,0.686842678334141,20605.28035002423,19.421375692958684,15.0,2.857408716221534,0,0,32.36875965942871
1825,0.6880996681083651,20642.990043250953,19.424253117167048,15.0,2.860266205605214,0,0,32.36875965942871
1826,0.689356397086957,20680.69191260871,19.43096627802921,15.0,2.8669328576194766,0,0,32.36875965942871
1827,0.6906123636397332,20718.370909191995,19.441513186290734,15.0,2.8774066967914615,0,0,32.36875965942871
1828,0.6918670663624337,20756.01199087301,19.45589071667507,15.0,2.891684619496567,0,0,32.36875965942871
1829,0.6931200042252982,20793.600126758945,19.47409460880969,15.0,2.9097623948781584,0,0,32.36875965942871
1830,0.694370676721533,20831.120301645988,19.496119468488466,15.0,2.93163466610124,0,0,32.36875965942871
1831,0.695618584015621,20868.557520468632,19.521958769270153,15.0,2.957294951939809,0,0,32.36875965942871
1832,0.6968632270914346,20905.896812743038,19.551604854412258,15.0,2.986735648697363,0,0,32.36875965942871
1833,0.698104107900104,20943.12323700312,19.58504893913995,15.0,3.0199480324600936,0,0,32.36875965942871
1834,0.699340729507601,20980.221885228028,19.62228111324913,15.0,3.0569222616818834,0,0,32.36875965942871
1835,0.7005725962419899,21017.177887259695,19.66329034404309,15.0,3.097647380100672,0,0,32.36875965942871
1836,0.7017992138403067,21053.976415209203,19.708064479601685,15.0,3.142111319984941,0,0,32.36875965942871
1837,0.7030200895950204,21090.602687850613,19.756590252382228,15.0,3.1903009057096696,0,0,32.36875965942871
1838,0.7042347325000313,21127.04197500094,19.808853283150995,15.0,3.242201857660623,0,0,32.36875965942871
1839,0.705442653396168,21163.27960188504,19.864838085244045,15.0,3.2977987964656226,0,0,32.36875965942871
1840,0.7066433651161352,21199.300953484057,19.92452806915623,15.0,3.357075247551784,0,0,32.36875965942871
1841,0.7078363826288725,21235.091478866176,19.987905547457157,15.0,3.420013646027413,0,0,32.36875965942871
1842,0.7090212231832788,21270.636695498364,20.054951740032173,15.0,3.486595341886691,0,0,32.36875965942871
1843,0.7101974064512621,21305.922193537863,20.125646779647415,15.0,3.556800605536159,0,0,32.36875965942871
1844,0.7113644546700716,21340.933640102146,20.199969717836986,15.0,3.630608633641098,0,0,32.36875965942871
1845,0.7125218927838683,21375.65678351605,20.277898531110218,15.0,3.7079975552898135,0,0,32.36875965942871
1846,0.7136692485844952,21410.077457534855,20.35941012747794,15.0,3.7889444384746787,0,0,32.36875965942871
1847,0.7148060528514019,21444.181585542057,20.44448035329498,15.0,3.873425296887231,0,0,32.36875965942871
1848,0.7159318394906854,21477.955184720562,20.533084000417425,15.0,3.9614150970258226,0,0,32.36875965942871
1849,0.7170461456732035,21511.384370196105,20.625194813672465,15.0,4.05288776561377,0,0,32.36875965942871
1850,0.7181485119717209,21544.455359151627,20.7207854986382,15.0,4.1478161973251915,0,0,32.36875965942871
1851,0.7192384824970478,21577.154474911433,20.8198277297316,15.0,4.24617226281701,0,0,32.36875965942871
1852,0.7203156050331294,21609.468150993882,20.92229215860218,15.0,4.347926817064399,0,0,32.36875965942871
1853,0.7213794311710475,21641.382935131427,21.02814842282823,15.0,4.4530497079968345,0,0,32.36875965942871
1854,0.7224295164418939,21672.885493256817,21.137365154914125,15.0,4.561509785433013,0,0,32.36875965942871
1855,0.7234654204484753,21703.96261345426,21.24990999158505,15.0,4.673274910311233,0,0,32.36875965942871
1856,0.7244867069958134,21734.601209874403,21.365749583376964,15.0,4.788311964212874,0,0,32.36875965942871
1857,0.7254929442203986,21764.788326611957,21.484849604518864,15.0,4.906586859176243,0,0,32.36875965942871
1858,0.72648370471816,21794.5111415448,21.607174763104055,15.0,5.028064547797327,0,0,32.36875965942871
1859,0.7274585656711156,21823.756970133465,21.732688811547998,15.0,5.152709033615235,0,0,32.36875965942871
1860,0.7284171089726608,21852.513269179824,21.861354557329427,15.0,5.280483381778872,0,0,32.36875965942871
1861,0.729358921351464,21880.76764054392,21.99313387401096,15.0,5.411349729991207,0,0,32.36875965942871
1862,0.7302835944939268,21908.507834817803,22.127987712537056,15.0,5.545269299728957,0,0,32.36875965942871
1863,0.7311907251651762,21935.721754955288,22.26587611280497,15.0,5.682202407733396,0,0,32.36875965942871
1864,0.7320799153285525,21962.397459856576,22.406758215505867,15.0,5.822108477769387,0,0,32.36875965942871
1865,0.7329507722635554,21988.523167906664,22.55059227423214,15.0,5.96494605264887,0,0,32.36875965942871
1866,0.7338029086822159,22014.087260466476,22.69733566784811,15.0,6.11067280651584,0,0,32.36875965942871
1867,0.7346359428438579,22039.078285315736,22.84694491311915,15.0,6.259245557387969,0,0,32.36875965942871
1868,0.7354494986682162,22063.484960046484,22.99937567759718,15.0,6.410620279952827,0,0,32.36875965942871
1869,0.7362432058468776,22087.29617540633,23.154582792756855,15.0,6.564752118613098,0,0,32.36875965942871
1870,0.737016699953011,22110.50099859033,23.312520267380354,15.0,6.721595400778575,0,0,32.36875965942871
1871,0.7377696225493549,22133.088676480646,23.473141301185372,15.0,6.881103650399799,0,0,32.36875965942871
1872,0.7385016212944296,22155.04863883289,23.636398298693134,15.0,7.043229601739972,0,0,32.36875965942871
1873,0.7392123500469451,22176.370501408353,23.802242883331807,15.0,7.207925213380642,0,0,32.36875965942871
1874,0.7399014689683683,22197.044069051048,23.970625911771883,15.0,7.3751416824578,0,0,32.36875965942871
1875,0.7405686446236258,22217.059338708776,24.141497488487957,15.0,7.544829459122759,0,0,32.36875965942871
1876,0.7412135500799077,22236.406502397233,24.314806980544077,15.0,7.71693826122506,0,0,32.36875965942871
1877,0.7418358650035446,22255.075950106337,24.49050303259755,15.0,7.891417089212372,0,0,32.36875965942871
1878,0.7424352757549292,22273.058272647875,24.668533582116186,15.0,8.068214241242258,0,0,32.36875965942871
1879,0.7430114754814551,22290.34426444365,24.848845874806052,15.0,8.247277328503081,0,0,32.36875965942871
1880,0.743564164208443,22306.92492625329,25.031386480243377,15.0,8.42855329073759,0,0,32.36875965942871
1881,0.744093048928031,22322.79146784093,25.2161013077071,15.0,8.61198841196581,0,0,32.36875965942871
1882,0.7445978436859976,22337.935310579927,25.402935622207522,15.0,8.797528336402614,0,0,32.36875965942871
1883,0.7450782696664972,22352.348089994914,25.59183406070497,15.0,8.985118084564036,0,0,32.36875965942871
1884,0.7455340552746785,22366.021658240355,25.782740648515276,15.0,9.174702069559105,0,0,32.36875965942871
1885,0.7459649362171649,22378.948086514945,25.975598815896525,15.0,9.36622411356166,0,0,32.36875965942871
1886,0.7463706555803692,22391.119667411076,26.170351414811382,15.0,9.559627464456565,0,0,32.36875965942871
1887,0.7467509639066234,22402.528917198702,26.366940735861725,15.0,9.754854812657001,0,0,32.36875965942871
1888,0.7471056192680983,22413.168578042947,26.565308525388986,15.0,9.951848308086344,0,0,32.36875965942871
1889,0.7474343873384913,22423.03162015474,26.765396002735955,15.0,10.150549577320389,0,0,32.36875965942871
1890,0.7477370414624633,22432.1112438739,26.967143877664967,15.0,10.350899740884863,0,0,36.36875965942871
1891,0.7479014420822254,22437.043262466763,30.52811158519699,15.0,10.552839430702306,0,0,36.36875965942871
1892,0.7480384547463778,22441.15364239133,30.758319766984528,15.0,10.75630880768433,0,0,36.36875965942871
1893,0.7481478701113021,22444.436103339063,30.990190443195498,15.0,10.961247579463475,0,0,36.36875965942871
1894,0.7482294870110557,22446.884610331672,31.22365490554422,15.0,11.167595018258586,0,0,36.36875965942871
1895,0.7482831125169811,22448.49337550943,31.45864397347198,15.0,11.375289978870262,0,0,36.36875965942871
1896,0.7483085619948744,22449.25685984623,31.69508801464646,15.0,11.584270916799234,0,0,36.36875965942871
1897,0.7483056591596974,22449.16977479092,31.93291696559543,15.0,11.794475906483473,0,0,36.36875965942871
1898,0.748274236127814,22448.22708383442,32.17206035246781,15.0,12.0058426596478,0,0,36.36875965942871
1899,0.7482141334667378,22446.424004002136,32.41244731191714,15.0,12.218308543761765,0,0,36.36875965942871
1900,0.7481252002423759,22443.756007271277,32.654006612099145,15.0,12.431810600598336,0,0,36.36875965942871
1901,0.748007294063753,22440.21882191259,32.89666667378011,15.0,12.6462855648905,0,0,36.36875965942871
1902,0.7478602811252055,22435.808433756167,33.14035559154658,15.0,12.861669883077456,0,0,36.36875965942871
1903,0.7476840362460314,22430.52108738094,33.38500115511303,15.0,13.07789973213739,0,0,36.36875965942871
1904,0.7474784429075829,22424.35328722749,33.630530870719085,15.0,13.294911038499407,0,0,36.36875965942871
1905,0.7472433932877948,22417.301798633842,33.87687198261111,15.0,13.51263949702999,0,0,36.36875965942871
1906,0.746978788293133,22409.36364879399,34.12395149460101,15.0,13.731020590087777,0,0,36.36875965942871
1907,0.7466845375879597,22400.536127638792,34.37169619169718,15.0,13.949989606642024,0,0,36.36875965942871
1908,0.7463605596213003,22390.81678863901,34.620032661798994,15.0,14.169481661447298,0,0,36.36875965942871
1909,0.7460067816510095,22380.203449530287,34.86888731745073,15.0,14.38943171427064,0,0,36.36875965942871
1910,0.7456231397653265,22368.694192959792,35.118186417647344,15.0,14.609774589164626,0,0,36.36875965942871
1911,0.7452095789018123,22356.287367054367,35.36785608968507,15.0,14.83044499377999,0,0,36.36875965942871
1912,0.7447660528636677,22342.98158591003,35.617822351051785,15.0,15.051377538713389,0,0,36.36875965942871
1913,0.7442925243334212,22328.775730002635,35.868011131349576,15.0,15.272506756883686,0,0,36.36875965942871
1914,0.7437889648839869,22313.668946519607,36.11834829424318,15.0,15.493767122931047,0,0,36.36875965942871
1915,0.7432553549870886,22297.66064961266,36.3687596594287,15.0,15.715093072634,0,0,36.36875965942871
1916,0.7426916840190462,22280.750520571386,36.61917102461422,15.0,15.936419022336953,0,0,36.36875965942871
1917,0.7420979502639238,22262.938507917712,36.86950818750782,15.0,16.157679388384313,0,0,36.36875965942871
1918,0.7414741609140378,22244.224827421134,37.1196969678056,15.0,16.37880860655461,0,0,36.36875965942871
1919,0.7408203320678265,22224.609962034796,37.36966322917232,15.0,16.59974115148801,0,0,36.36875965942871
1920,0.7401364887250789,22204.094661752366,37.61933290120999,15.0,16.82041155610333,0,0,36.36875965942871
1921,0.7394226647795272,22182.679943385818,37.86863200140666,15.0,17.040754430997364,0,0,36.36875965942871
1922,0.7386789030088033,22160.3670902641,38.117486657058386,15.0,17.260704483820703,0,0,36.36875965942871
1923,0.7379052550617627,22137.157651852882,38.365823127160205,15.0,17.48019653862598,0,0,36.36875965942871
1924,0.7371017814431802,22113.053443295405,38.61356782425638,15.0,17.699165555180222,0,0,36.36875965942871
1925,0.7362685514958203,22088.05654487461,38.86064733624628,15.0,17.91754664823801,0,0,36.36875965942871
1926,0.7354056433798901,22062.169301396705,39.1069884481383,15.0,18.135275106768596,0,0,36.36875965942871
1927,0.7345131440498789,22035.394321496366,39.35251816374436,15.0,18.352286413130614,0,0,36.36875965942871
1928,0.7335911492287908,22007.734476863723,39.597163727310814,15.0,18.568516262190546,0,0,36.36875965942871
1929,0.7326397633797809,21979.192901393428,39.84085264507728,15.0,18.7839005803775,0,0,36.36875965942871
1930,0.7316590996752002,21949.772990256006,40.08351270675824,15.0,18.998375544669663,0,0,36.36875965942871
1931,0.7306492799630598,21919.478398891795,40.325072006940246,15.0,19.211877601506234,0,0,36.36875965942871
1932,0.7296104347309255,21888.313041927762,40.56545896638957,15.0,19.4243434856202,0,0,36.36875965942871
1933,0.7285427030672504,21856.281092017514,40.804602353261956,15.0,19.63571023878453,0,0,36.36875965942871
1934,0.7274462326201617,21823.386978604853,41.042431304210936,15.0,19.84591522846877,0,0,36.36875965942871
1935,0.7263211795537078,21789.635386611233,41.278875345385416,15.0,20.054896166397747,0,0,36.36875965942871
1936,0.7251677085015837,21755.031255047514,41.51386441331317,15.0,20.262591127009415,0,0,36.36875965942871
1937,0.7239859925183478,21719.579775550435,41.74732887566189,15.0,20.46893856580453,0,0,36.36875965942871
1938,0.7227762130281404,21683.286390844212,41.97919955187287,15.0,20.67387733758367,0,0,36.36875965942871
1939,0.7215385597709247,21646.156793127742,42.2094077336604,15.0,20.877346714565697,0,0,36.36875965942871
1940,0.7202732307462629,21608.196922387888,42.437885205372126,15.0,21.079286404383144,0,0,36.36875965942871
1941,0.7189804321546442,21569.412964639327,42.664564264202134,15.0,21.279636567947616,0,0,36.36875965942871
1942,0.7176603783363834,21529.811350091502,42.88937774025307,15.0,21.478337837181662,0,0,36.36875965942871
1943,0.716313291708107,21489.39875124321,43.112259016440234,15.0,21.675331332611005,0,0,36.36875965942871
1944,0.714939402696847,21448.182080905408,43.333142048231274,15.0,21.870558680811442,0,0,36.36875965942871
1945,0.7135389496717591,21406.168490152773,43.55196138321683,15.0,22.063962031706346,0,0,36.36875965942871
1946,0.7121121788734903,21363.36536620471,43.768652180505484,15.0,22.2554840757089,0,0,36.36875965942871
1947,0.7106593443412117,21319.78033023635,43.9831502299373,15.0,22.445068060703967,0,0,36.36875965942871
1948,0.709180707837341,21275.42123512023,44.19539197111116,15.0,22.632657808865396,0,0,36.36875965942871
1949,0.707676538769977,21230.296163099312,44.405314512218496,15.0,22.8181977333022,0,0,36.36875965942871
1950,0.7061471141130684,21184.413423392052,44.612855648679805,15.0,23.001632854530413,0,0,36.36875965942871
1951,0.7045927183243398,21137.781549730193,44.817953881577424,15.0,23.18290881676493,0,0,36.36875965942871
1952,0.7030136432610012,21090.409297830036,45.020548435878474,15.0,23.361971904025786,0,0,36.36875965942871
1953,0.7014101880932643,21042.305642797928,45.22057927844409,15.0,23.538769056055667,0,0,36.36875965942871
1954,0.6997826592156918,20993.479776470755,45.417987135818755,15.0,23.71324788404298,0,0,36.36875965942871
1955,0.6981313701564064,20943.941104692192,45.61271351179376,15.0,23.885356686145286,0,0,36.36875965942871
1956,0.6964566414841852,20893.699244525556,45.80470070474153,15.0,24.055044462810244,0,0,36.36875965942871
1957,0.6947588007134686,20842.76402140406,45.9938918247132,15.0,24.222260931887334,0,0,36.36875965942871
1958,0.6930381822073106,20791.145466219317,46.18023081029693,15.0,24.386956543528004,0,0,36.36875965942871
1959,0.6912951270782998,20738.853812348993,46.36366244522986,15.0,24.549082494868177,0,0,36.36875965942871
1960,0.6895299830874801,20685.899492624405,46.544132374759684,15.0,24.708590744489435,0,0,36.36875965942871
1961,0.6877431045413025,20632.293136239074,46.72158712175135,15.0,24.86543402665488,0,0,36.36875965942871
1962,0.685934852186635,20578.045565599048,46.895974102533685,15.0,25.01956586531518,0,0,36.36875965942871
1963,0.684105593103867,20523.16779311601,47.06724164248063,15.0,25.170940587880043,0,0,36.36875965942871
1964,0.6822557005981345,20467.671017944034,47.23533899132377,15.0,25.31951333875217,0,0,36.36875965942871
1965,0.680385554088702,20411.566622661063,47.40021633819096,15.0,25.46524009261914,0,0,36.36875965942871
1966,0.6784955389965328,20354.866169895984,47.561824826365836,15.0,25.608077667498627,0,0,36.36875965942871
1967,0.6765860466300795,20297.581398902385,47.72011656776567,15.0,25.747983737534618,0,0,36.36875965942871
1968,0.6746574740693317,20239.724222079953,47.87504465713122,15.0,25.884916845539085,0,0,36.36875965942871
1969,0.6727102240481524,20181.306721444573,48.02656318592593,15.0,26.01883641527681,0,0,36.36875965942871
1970,0.6707447048349392,20122.341145048176,48.17462725593978,15.0,26.14970276348917,0,0,36.36875965942871
1971,0.6687613301116455,20062.839903349366,48.319192992593244,15.0,26.277477111652754,0,0,36.36875965942871
1972,0.6667605188511978,20002.815565535933,48.46021755793867,15.0,26.402121597470718,0,0,36.36875965942871
1973,0.6647426951933446,19942.280855800338,48.59765916335368,15.0,26.523599286091745,0,0,36.36875965942871
1974,0.6627082883189753,19881.24864956926,48.73147708192446,15.0,26.641874181055115,0,0,36.36875965942871
1975,0.6606577323229441,19819.731969688324,48.86163166051361,15.0,26.75691123495676,0,0,36.36875965942871
1976,0.6585914660854384,19757.74398256315,48.988084331510635,15.0,26.868676359835,0,0,36.36875965942871
1977,0.6565099331419292,19695.297994257875,49.11079762425994,15.0,26.977136437271163,0,0,36.36875965942871
1978,0.6544135815517419,19632.407446552257,49.22973517616462,15.0,27.08225932820362,0,0,36.36875965942871
1979,0.6523028637652871,19569.085912958613,49.34486174346108,15.0,27.184013882451005,0,0,36.36875965942871
1980,0.650178236489989,19505.347094699668,49.45614321166279,15.0,27.282369947942826,0,0,36.36875965942871
1981,0.6480401605549536,19441.20481664861,49.56354660566916,15.0,27.37729837965425,0,0,36.36875965942871
1982,0.6458891007744153,19376.67302323246,49.66704009953652,15.0,27.468771048242196,0,0,36.36875965942871
1983,0.6437255258100018,19311.765774300053,49.76659302590904,15.0,27.55676084838079,0,0,36.36875965942871
1984,0.64154990803186,19246.4972409558,49.86217588510619,15.0,27.641241706793338,0,0,36.36875965942871
1985,0.6393627233786825,19180.881701360475,49.9537603538639,15.0,27.722188589978224,0,0,36.36875965942871
1986,0.6371644512166764,19114.93353650029,50.041319293727476,15.0,27.799577511626936,0,0,36.36875965942871
1987,0.6349555741975172,19048.667225925517,50.12482675909344,15.0,27.873385539731878,0,0,36.36875965942871
1988,0.6327365781153285,18982.097343459853,50.204258004897504,15.0,27.943590803381344,0,0,36.36875965942871
1989,0.6305079517627302,18915.238552881907,50.27958949394729,15.0,28.010172499240596,0,0,36.36875965942871
1990,0.6282701867859998,18848.105603579992,50.350798903896845,15.0,28.073110897716226,0,0,36.36875965942871
1991,0.6260237775393857,18780.71332618157,50.41786513386112,15.0,28.13238734880239,0,0,36.36875965942871
1992,0.6237692209386202,18713.076628158607,50.480768310668815,15.0,28.187984287607392,0,0,36.36875965942871
1993,0.6215070163136731,18645.210489410194,50.53948979475106,15.0,28.239885239558355,0,0,36.36875965942871
1994,0.619237665260788,18577.129957823643,50.59401218566478,15.0,28.288074825283086,0,0,36.36875965942871
1995,0.6169616714938501,18508.8501448155,50.6443193272489,15.0,28.33253876516735,0,0,36.36875965942871
1996,0.6146795406951231,18440.386220853692,50.69039631241164,15.0,28.373263883586148,0,0,36.36875965942871
1997,0.6123917803654066,18371.7534109622,50.73222948754785,15.0,28.41023811280793,0,0,36.36875965942871
1998,0.6100988996736514,18302.96699020954,50.76980645658493,15.0,28.443450496570662,0,0,36.36875965942871
1999,0.6078014093060821,18234.04227918246,50.803116084655954,15.0,28.472891193328216,0,0,36.36875965942871
2000,0.6054998213148696,18164.994639446086,50.832148501399274,15.0,28.49855147916679,0,0,36.36875965942871
2001,0.6031946489663992,18095.839468991977,50.85689510388322,15.0,28.520423750389874,0,0,36.36875965942871
2002,0.6008864065891789,18026.592197675367,50.8773485591554,15.0,28.538501525771462,0,0,36.36875965942871
2003,0.598575609421432,17957.26828264296,50.8935028064156,15.0,28.552779448476574,0,0,36.36875965942871
2004,0.5962627734584215,17887.883203752644,50.905353058811706,15.0,28.56325328764855,0,0,36.36875965942871
2005,0.5939484152995497,17818.45245898649,50.9128958048582,15.0,28.569919939662817,0,0,36.36875965942871
2006,0.5916330519952779,17748.99155985834,50.916128809476646,15.0,28.572777429046496,0,0,36.36875965942871
2007,0.5893172008939145,17679.516026817433,50.915051114657984,15.0,28.57182490906382,0,0,36.36875965942871
2008,0.5870013794883118,17610.041384649354,50.90966303974647,15.0,28.567062661967007,0,0,36.36875965942871
2009,0.5846861052625231,17540.58315787569,50.89996618134495,15.0,28.55849209891265,0,0,36.36875965942871
2010,0.5823718955384604,17471.15686615381,50.885963412841875,15.0,28.546115759543564,0,0,36.36875965942871
2011,0.5800592673226008,17401.778019678026,50.86765888355975,15.0,28.52993731123619,0,0,36.36875965942871
2012,0.5777487371527865,17332.462114583595,50.84505801752563,15.0,28.509961548013926,0,0,36.36875965942871
2013,0.5754408209451634,17263.2246283549,50.81816751186392,15.0,28.486194389126542,0,0,36.36875965942871
2014,0.5731360338413036,17194.08101523911,50.78699533481175,15.0,28.45864287729612,0,0,36.36875965942871
2015,0.5708348900555592,17125.046701666775,50.751550723357965,15.0,28.42731517663026,0,0,36.36875965942871
2016,0.5685379027226873,17056.13708168062,50.711844180505885,15.0,28.392220570202767,0,0,36.36875965942871
2017,0.566245583745799,16987.36751237397,50.66788747216109,15.0,28.353369457302914,0,0,36.36875965942871
2018,0.5639584436446707,16918.75330934012,50.61969362364492,15.0,28.31077335035394,0,0,36.36875965942871
2019,0.561676991404466,16850.30974213398,50.567276915834825,15.0,28.264444871501652,0,0,36.36875965942871
2020,0.5594017343249127,16782.05202974738,50.51065288093254,15.0,28.21439774887414,0,0,36.36875965942871
2021,0.5571331778699788,16713.995336099364,50.44983829786169,15.0,28.160646812514003,0,0,36.36875965942871
2022,0.5548718255180924,16646.154765542775,50.38485118729572,15.0,28.103207989983687,0,0,36.36875965942871
2023,0.5526181786129507,16578.54535838852,50.31571080631798,15.0,28.042098301645915,0,0,36.36875965942871
2024,0.5503727362149605,16511.182086448815,50.242437642715586,15.0,27.977335855620257,0,0,36.36875965942871
2025,0.5481359949533561,16444.079848600682,50.16505340890822,15.0,27.908939842417098,0,0,36.36875965942871
2026,0.5459084488790373,16377.25346637112,50.083581035514484,15.0,27.836930529251283,0,0,36.36875965942871
2027,0.5436905893181716,16310.717679545147,49.99804466455695,15.0,27.761329254036426,0,0,36.36875965942871
2028,0.5414829047266032,16244.487141798098,49.90846964230831,15.0,27.68215841906192,0,0,36.36875965942871
2029,0.5392858805451138,16178.576416353415,49.814882511780866,15.0,27.59944148435484,0,0,36.36875965942871
2030,0.537099999055575,16112.999971667252,49.71731100486121,15.0,27.513202960728158,0,0,36.36875965942871
2031,0.5349257392380388,16047.772177141162,49.61578403409253,15.0,27.423468402517535,0,0,36.36875965942871
2032,0.5327635766288044,15982.90729886413,49.51033168410743,15.0,27.330264400009227,0,0,36.36875965942871
2033,0.5306139831795074,15918.419495385222,49.4009852027131,15.0,27.233618571560733,0,0,36.36875965942871
2034,0.5284774271172703,15854.322813518109,49.2877769916318,15.0,27.133559555416724,0,0,36.36875965942871
2035,0.526354372805956,15790.63118417868,49.17074059689979,15.0,27.030117001223218,0,0,36.36875965942871
2036,0.5242452806085673,15727.358418257021,49.049910698926574,15.0,26.923321561241416,0,0,36.36875965942871
2037,0.5221506067508318,15664.518202524954,48.92532310221876,15.0,26.8132048812651,0,0,36.36875965942871
2038,0.5200708031860112,15602.124095580335,48.79701472476996,15.0,26.699799591242964,0,0,36.36875965942871
2039,0.5180063174609788,15540.189523829364,48.66502358712163,15.0,26.58313929561004,0,0,36.36875965942871
2040,0.5159575925836014,15478.727777508042,48.52938880109637,15.0,26.463258563329553,0,0,36.36875965942871
2041,0.5139250668914666,15417.752006743996,48.39015055820861,15.0,26.340192917649805,0,0,36.36875965942871
2042,0.5119091739219934,15357.275217659802,48.24735011775463,15.0,26.2139788255775,0,0,36.36875965942871
2043,0.5099103422839666,15297.310268518999,48.10102979458686,15.0,26.084653687072077,0,0,36.36875965942871
2044,0.50792899553053,15237.8698659159,47.95123294657498,15.0,25.952255823963213,0,0,36.36875965942871
2045,0.5059655520336788,15178.966561010364,47.798003961757814,15.0,25.816824468594994,0,0,36.36875965942871
2046,0.5040204248602869,15120.612745808605,47.64138824519064,15.0,25.678399752201,0,0,36.36875965942871
2047,0.5020940216497061,15062.820649491183,47.48143220549018,15.0,25.53702269301202,0,0,36.36875965942871
2048,0.5001867444929743,15005.602334789228,47.31818324108321,15.0,25.392735184101923,0,0,36.36875965942871
2049,0.4982989898136665,14948.969694409994,47.15168972616115,15.0,25.24557998097363,0,0,36.36875965942871
2050,0.4964311482504265,14892.934447512795,46.98200099634555,15.0,25.09560068888959,0,0,36.36875965942871
2051,0.494583604541212,14837.50813623636,46.80916733406932,15.0,24.942841749950908,0,0,36.36875965942871
2052,0.49275673740928855,14782.702122278657,46.633239953676714,15.0,24.78734842992808,0,0,36.36875965942871
2053,0.4909509194510055,14728.527583530165,46.454270986247295,15.0,24.62916680484758,0,0,36.36875965942871
2054,0.48916651702538777,14674.995510761633,46.272313464148496,15.0,24.46834374733869,0,0,36.36875965942871
2055,0.48740389014557595,14622.116704367278,46.08742130532126,15.0,24.304926912744328,0,0,36.36875965942871
2056,0.4856633923721462,14569.901771164385,45.89964929730235,15.0,24.138964724999283,0,0,36.36875965942871
2057,0.483945370708343,14518.36112125029,45.70905308099039,15.0,23.970506362281665,0,0,36.36875965942871
2058,0.4822501654972545,14467.504964917636,45.51568913415748,15.0,23.799601742439847,0,0,36.36875965942871
2059,0.48057811032096154,14417.343309628846,45.319614754714316,15.0,23.626301508201177,0,0,36.36875965942871
2060,0.47892953190168985,14367.885957050696,45.12088804373122,15.0,23.45065701216526,0,0,36.36875965942871
2061,0.47730475000499556,14319.142500149866,44.91956788822138,15.0,23.272720301586844,0,0,36.36875965942871
2062,0.47570407734501147,14271.122320350343,44.71571394369178,15.0,23.092544102953532,0,0,36.36875965942871
2063,0.47412781949178323,14223.834584753497,44.50938661646582,15.0,22.910181806361578,0,0,36.36875965942871
2064,0.47257627478072245,14177.288243421674,44.300647045783286,15.0,22.725687449695016,0,0,36.36875965942871
2065,0.4710497342242032,14131.492026726097,44.08955708568402,15.0,22.539115702613508,0,0,36.36875965942871
2066,0.4695484814253292,14086.454442759876,43.87617928667899,15.0,22.350521850352344,0,0,36.36875965942871
2067,0.46807279249389544,14042.183774816864,43.66057687721493,15.0,22.159961777339987,0,0,36.36875965942871
2068,0.4666229359645716,13998.688078937148,43.442813744939016,15.0,21.967491950638845,0,0,36.36875965942871
2069,0.46519917271732886,13955.975181519865,43.2229544177669,15.0,21.773169403212243,0,0,36.36875965942871
2070,0.46380175590013595,13914.052677004078,43.00106404476233,15.0,21.577051717024986,0,0,36.36875965942871
2071,0.4624309308539457,13872.92792561837,42.777208376831446,15.0,21.379197005979883,0,0,36.36875965942871
2072,0.46108693503999537,13832.60805119986,42.55145374724004,15.0,21.17966389869803,0,0,36.36875965942871
2073,0.45976999796944157,13793.099939083248,42.32386705195685,15.0,20.978511521145247,0,0,36.36875965942871
2074,0.4584803411353514,13754.410234060542,42.09451572983161,15.0,20.775799479112372,0,0,36.36875965942871
2075,0.45721817794706904,13716.545338412072,41.86346774261068,15.0,20.57158784055219,0,0,36.36875965942871
2076,0.45598371366697804,13679.511410009341,41.63079155479918,15.0,20.365937117780526,0,0,36.36875965942871
2077,0.4547771453496777,13643.314360490333,41.396556113373244,15.0,20.158908249544936,0,0,36.36875965942871
2078,0.45359866178359165,13607.95985350775,41.16083082734916,15.0,19.95056258296696,0,0,36.36875965942871
2079,0.4524484434350253,13573.45330305076,40.92368554721675,15.0,19.740961855364237,0,0,36.36875965942871
2080,0.4513266623946904,13539.79987184071,40.685190544240356,15.0,19.530168175955737,0,0,36.36875965942871
2081,0.4502334823267103,13507.004469801308,40.44541648963657,15.0,19.318244007458063,0,0,36.36875965942871
2082,0.44916905842012306,13475.071752603691,40.204434433632635,15.0,19.105252147576117,0,0,36.36875965942871
2083,0.4481335373428956,13444.00612028687,39.96231578441237,15.0,18.891255710394557,0,0,36.36875965942871
2084,0.4471270571984628,13413.811715953883,39.71913228695697,15.0,18.676318107676224,0,0,36.36875965942871
2085,0.44614974748480407,13384.492424544122,39.474956001785166,15.0,18.460503030071628,0,0,36.36875965942871
2086,0.44520172905607086,13356.051871682126,39.22985928359993,15.0,18.24387442824584,0,0,36.36875965942871
2087,0.4442831140867748,13328.493422603244,38.983914759848346,15.0,18.026496493928725,0,0,36.36875965942871
2088,0.4433940060385478,13301.820181156434,38.73719530920095,15.0,17.8084336408938,0,0,36.36875965942871
2089,0.44253449962948427,13276.034988884529,38.4897740399554,15.0,17.589750485870418,0,0,36.36875965942871
2090,0.441704680806074,13251.14042418222,38.24172426837375,15.0,17.370511829397163,0,0,36.36875965942871
2091,0.44090462671773456,13227.138801532037,37.993119496956496,15.0,17.150782636619326,0,0,36.36875965942871
2092,0.4401344056939501,13204.032170818504,37.74403339266282,15.0,16.930628018038966,0,0,36.36875965942871
2093,0.4393940772240239,13181.822316720718,37.49453976508125,15.0,16.710113210220978,0,0,36.36875965942871
2094,0.43868369193945045,13160.510758183513,37.24471254455795,15.0,16.48930355646184,0,0,36.36875965942871
2095,0.43800329159891194,13140.098747967359,36.99462576029017,15.0,16.26826448742751,0,0,36.36875965942871
2096,0.4373529090759049,13120.587272277147,36.74435351838951,15.0,16.047061501764652,0,0,36.36875965942871
2097,0.4367325683489984,13101.977050469952,36.49396997992236,15.0,15.825760146691689,0,0,36.36875965942871
2098,0.4361422844947291,13084.268534841873,36.243549338935,15.0,15.604425998576287,0,0,36.36875965942871
2099,0.4355820636831335,13067.461910494005,35.99316580046795,15.0,15.383124643503415,0,0,36.36875965942871
2100,0.4350519031759199,13051.557095277598,35.74289355856719,15.0,15.161921657840464,0,0,36.36875965942871
2101,0.4345517913272796,13036.553739818388,35.49280677429952,15.0,14.940882588806229,0,0,36.36875965942871
2102,0.4340817075873378,13022.451227620133,35.24297955377621,15.0,14.720072935047089,0,0,36.36875965942871
2103,0.433641622508243,13009.24867524729,34.993485926194644,15.0,14.4995581272291,0,0,36.36875965942871
2104,0.4332314977528932,12996.944932586797,34.74439982190107,15.0,14.279403508648828,0,0,36.36875965942871
2105,0.432851286106296,12985.53858318888,34.49579505048381,15.0,14.059674315870993,0,0,36.36875965942871
2106,0.43250093148955887,12975.027944686766,34.247745278902066,15.0,13.840435659397649,0,0,36.36875965942871
2107,0.43218036897650725,12965.411069295218,34.00032400965661,15.0,13.621752504374356,0,0,36.36875965942871
2108,0.43188952481292336,12956.685744387702,33.75360455900911,15.0,13.403689651339342,0,0,36.36875965942871
2109,0.431628316438401,12948.849493152029,33.50766003525754,15.0,13.186311717022226,0,0,36.36875965942871
2110,0.43139665251080994,12941.899575324298,33.26256331707229,15.0,12.96968311519644,0,0,36.36875965942871
2111,0.43119443293336285,12935.832988000886,33.018387031900396,15.0,12.753868037591753,0,0,36.36875965942871
2112,0.4310215488842761,12930.646466528282,32.7752035344451,15.0,12.538930434873507,0,0,36.36875965942871
2113,0.4308778828490157,12926.33648547047,32.533084885224824,15.0,12.324933997691947,0,0,36.36875965942871
2114,0.4307633086551197,12922.89925965359,32.29210282922079,15.0,12.111942137809915,0,0,36.36875965942871
2115,0.4306776915095855,12920.330745287565,32.05232877461711,15.0,11.900017969312328,0,0,36.36875965942871
2116,0.43062088803881243,12918.626641164374,31.813833771640702,15.0,11.68922428990383,0,0,36.36875965942871
2117,0.43059274633108596,12917.78238993258,31.5766884915083,15.0,11.479623562301107,0,0,36.36875965942871
2118,0.4305931059815926,12917.793179447779,31.34096320548422,15.0,11.271277895723127,0,0,36.36875965942871
2119,0.43062179813995144,12918.653944198542,31.106727764058274,15.0,11.064249027487538,0,0,36.36875965942871
2120,0.4306786455602477,12920.359366807432,30.87405157624678,15.0,10.858598304715876,0,0,36.36875965942871
2121,0.4307634626535553,12922.90387960666,30.643003589025945,15.0,10.654386666155773,0,0,36.36875965942871
2122,0.4308760555429301,12926.281666287903,30.413652266900606,15.0,10.451674624122816,0,0,36.36875965942871
2123,0.4310162221208602,12930.486663625807,30.18606557161751,15.0,10.25052224657011,0,0,36.36875965942871
2124,0.4311837521091547,12935.512563274642,29.960310942026013,15.0,10.05098913928818,0,0,36.36875965942871
2125,0.43137842712125374,12941.352813637612,29.736455274095125,15.0,9.853134428243077,0,0,36.36875965942871
2126,0.4316000207269409,12948.000621808227,29.514564901090562,15.0,9.657016742055816,0,0,36.36875965942871
2127,0.43184829851943973,12955.448955583191,29.294705573918435,15.0,9.462694194629222,0,0,36.36875965942871
2128,0.4321230181848731,12963.690545546193,29.07694244164244,15.0,9.270224367927998,0,0,36.36875965942871
2129,0.43242392957406645,12972.717887221994,28.861340032178475,15.0,9.079664294915716,0,0,36.36875965942871
2130,0.4327507747766722,12982.523243300166,28.647962233173352,15.0,8.891070442654476,0,0,36.36875965942871
2131,0.433103288197594,12993.098645927821,28.436872273074087,15.0,8.704498695572969,0,0,36.36875965942871
2132,0.4334811966356887,13004.43589907066,28.228132702391633,15.0,8.520004338906482,0,0,36.36875965942871
2133,0.43388421936472127,13016.526580941638,28.021805375165588,15.0,8.337642042314453,0,0,36.36875965942871
2134,0.43431206821655033,13029.36204649651,27.81795143063608,15.0,8.157465843681218,0,0,36.36875965942871
2135,0.4347644476665186,13042.933429995559,27.616631275126235,15.0,7.979529133102802,0,0,36.36875965942871
2136,0.4352410549210231,13057.231647630693,27.417904564143136,15.0,7.803884637066881,0,0,36.36875965942871
2137,0.43574158000723945,13072.247400217184,27.221830184700046,15.0,7.6305844028282825,0,0,36.36875965942871
2138,0.4362657058649736,13087.971175949207,27.028466237867146,15.0,7.459679782986463,0,0,36.36875965942871
2139,0.4368131084406135,13104.393253218404,26.837870021555098,15.0,7.2912214202687755,0,0,36.36875965942871
2140,0.43738345678315327,13121.503703494598,26.650098013536276,15.0,7.125259232523796,0,0,36.36875965942871
2141,0.4379764131422611,13139.292394267834,26.465205854708948,15.0,6.961842397929368,0,0,36.36875965942871
2142,0.43859163306836196,13157.74899205086,26.283248332610153,15.0,6.801019340420479,0,0,36.36875965942871
2143,0.43922876551470547,13176.862965441163,26.104279365180734,15.0,6.642837715339977,0,0,36.36875965942871
2144,0.4398874529413883,13196.62358824165,25.928351984788055,15.0,6.487344395317082,0,0,36.36875965942871
2145,0.44056733142130167,13217.01994263905,25.755518322511897,15.0,6.33458545637847,0,0,36.36875965942871
2146,0.44126803074797016,13238.040922439104,25.585829592696307,15.0,6.184606164294424,0,0,36.36875965942871
2147,0.44198917454525205,13259.675236357562,25.419336077774176,15.0,6.037450961166071,0,0,36.36875965942871
2148,0.4427303803788679,13281.911411366038,25.256087113367272,15.0,5.893163452256031,0,0,36.36875965942871
2149,0.44349125986972393,13304.737796091718,25.09613107366681,15.0,5.751786393067054,0,0,36.36875965942871
2150,0.44427141880899695,13328.142564269909,24.93951535709963,15.0,5.613361676673057,0,0,36.36875965942871
2151,0.4450704572749473,13352.11371824842,24.78628637228246,15.0,5.4779303213048465,0,0,36.36875965942871
2152,0.4458879697514241,13376.639092542722,24.636489524270583,15.0,5.345532458195976,0,0,36.36875965942871
2153,0.44672354524802826,13401.706357440848,24.490169201102816,15.0,5.216207319690556,0,0,36.36875965942871
2154,0.4475767674218982,13427.303022656946,24.34736876064889,15.0,5.089993227618299,0,0,36.36875965942871
2155,0.448447214701081,13453.41644103243,24.208130517761074,15.0,4.966927581938502,0,0,36.36875965942871
2156,0.44933446040945324,13480.033812283596,24.072495731735867,15.0,4.847046849658058,0,0,36.36875965942871
2157,0.45023807289315426,13507.142186794628,23.940504594087486,15.0,4.730386554025081,0,0,36.36875965942871
2158,0.4511576156484949,13534.728469454847,23.812196216638686,15.0,4.616981264002952,0,0,36.36875965942871
2159,0.45209264745130257,13562.779423539077,23.687608619930863,15.0,4.506864584026635,0,0,36.36875965942871
2160,0.4530427224876657,13591.28167462997,23.566778721957647,15.0,4.40006914404483,0,0,40.36875965942871
2161,0.45392142020991133,13617.64260629734,26.028850611018395,15.0,4.296626589851283,0,0,40.36875965942871
2162,0.45481467133670905,13644.440140101271,25.903191250968483,15.0,4.196567573707317,0,0,40.36875965942871
2163,0.45572200292511883,13671.660087753566,25.781818351030473,15.0,4.099921745258781,0,0,40.36875965942871
2164,0.4566429378598563,13699.28813579569,25.66476787661413,15.0,4.006717742750476,0,0,40.36875965942871
2165,0.45757699499467186,13727.309849840156,25.552074512301203,15.0,3.9169831845398893,0,0,40.36875965942871
2166,0.4585236892949247,13755.710678847741,25.443771651567584,15.0,3.8307446609131715,0,0,40.36875965942871
2167,0.45948253198130934,13784.47595943928,25.33989138688836,15.0,3.748027726206127,0,0,40.36875965942871
2168,0.4604530306746912,13813.590920240735,25.240464500227834,15.0,3.668856891231651,0,0,40.36875965942871
2169,0.46143468954200934,13843.04068626028,25.145520453918284,15.0,3.5932556160167604,0,0,40.36875965942871
2170,0.4624270094432024,13872.810283296072,25.055087381929773,15.0,3.5212463028509733,0,0,40.36875965942871
2171,0.4634294880791146,13902.884642373438,24.969192081533166,15.0,3.452850289647813,0,0,40.36875965942871
2172,0.4644416201403378,13933.248604210134,24.887860005359784,15.0,3.3880878436221256,0,0,40.36875965942871
2173,0.46546289745694563,13963.886923708369,24.811115253859107,15.0,3.326978155284381,0,0,40.36875965942871
2174,0.46649280914907515,13994.784274472255,24.73898056815724,15.0,3.2695393327540394,0,0,40.36875965942871
2175,0.4675308417783117,14025.92525334935,24.671477323318374,15.0,3.2157883963938754,0,0,40.36875965942871
2176,0.46857647949983156,14057.294384994946,24.608625522010815,15.0,3.165741273766388,0,0,40.36875965942871
2177,0.469629204215258,14088.87612645774,24.550443788579713,15.0,3.119412794914079,0,0,40.36875965942871
2178,0.47068849572618526,14120.654871785558,24.496949363528373,15.0,3.0768166879651226,0,0,40.36875965942871
2179,0.4717538318883242,14152.614956649726,24.448158098409415,15.0,3.0379655750652685,0,0,40.36875965942871
2180,0.472824688766225,14184.740662986751,24.40408445112771,15.0,3.0028709686377644,0,0,40.36875965942871
2181,0.47390054078853083,14217.016223655924,24.364741481656147,15.0,2.971543267971912,0,0,40.36875965942871
2182,0.47498086090371555,14249.425827111467,24.330140848165648,15.0,2.9439917561414983,0,0,40.36875965942871
2183,0.47606512073626084,14281.953622087825,24.300292803570674,15.0,2.9202245972541103,0,0,40.36875965942871
2184,0.47715279074322503,14314.583722296751,24.275206192491005,15.0,2.9002488340318453,0,0,40.36875965942871
2185,0.4782433403711582,14347.300211134745,24.254888448630926,15.0,2.8840703857244767,0,0,40.36875965942871
2186,0.4793362382133164,14380.087146399492,24.239345592576417,15.0,2.8716940463553824,0,0,40.36875965942871
2187,0.4804309521671295,14412.928565013885,24.22858223001119,15.0,2.86312348330103,0,0,40.36875965942871
2188,0.4815269495918739,14445.808487756218,24.222601550351854,15.0,2.8583612362042152,0,0,40.36875965942871
2189,0.4826236974665062,14478.710923995186,24.221405325802877,15.0,2.857408716221534,0,0,40.36875965942871
2190,0.48372066254760826,14511.619876428247,24.224993910831394,15.0,2.860266205605214,0,0,40.36875965942871
2191,0.484817311527399,14544.51934582197,24.233366242062225,15.0,2.866932857619479,0,0,40.36875965942871
2192,0.4859131111917651,14577.393335752953,24.246519838592924,15.0,2.877406696791458,0,0,40.36875965942871
2193,0.48700752857826374,14610.225857347912,24.264450802728973,15.0,2.891684619496567,0,0,40.36875965942871
2194,0.4881000311340507,14643.000934021522,24.287153821138723,15.0,2.909762394878162,0,0,40.36875965942871
2195,0.48919008687368765,14675.702606210629,24.31462216642782,15.0,2.931634666101238,0,0,40.36875965942871
2196,0.4902771645367804,14708.314936103412,24.34684769913277,15.0,2.957294951939809,0,0,40.36875965942871
2197,0.4913607337454033,14740.8220123621,24.38382087013274,15.0,2.986735648697376,0,0,40.36875965942871
2198,0.49244026516126155,14773.207954837846,24.42553072347919,15.0,3.019948032460092,0,0,40.36875965942871
2199,0.49351523064254527,14805.456919276357,24.47196489964245,15.0,3.056922261681897,0,0,40.36875965942871
2200,0.4945851034004297,14837.553102012891,24.52310963917394,15.0,3.097647380100672,0,0,40.36875965942871
2201,0.49564935815517397,14869.480744655219,24.57894978678356,15.0,3.142111319984922,0,0,40.36875965942871
2202,0.49670747129177256,14901.224138753178,24.63946879583048,15.0,3.1903009057096696,0,0,40.36875965942871
2203,0.4977589210151143,14932.767630453429,24.704648733226158,15.0,3.242201857660611,0,0,40.36875965942871
2204,0.4988031875046008,14964.095625138023,24.774470284748496,15.0,3.2977987964656093,0,0,40.36875965942871
2205,0.4998397530681811,14995.192592045434,24.84891276076488,15.0,3.357075247551796,0,0,40.36875965942871
2206,0.5008681022957548,15026.043068872646,24.92795410236304,15.0,3.4200136460273978,0,0,40.36875965942871
2207,0.5018877222118991,15056.631666356976,25.011570887887665,15.0,3.4865953418866775,0,0,40.36875965942871
2208,0.5028981024278747,15086.94307283624,25.099738339880574,15.0,3.5568006055361723,0,0,40.36875965942871
2209,0.5038987352928646,15116.962058785937,25.192430332422905,15.0,3.6306086336410806,0,0,40.36875965942871
2210,0.5048891160444026,15146.673481332076,25.289619398876873,15.0,3.707997555289829,0,0,40.36875965942871
2211,0.5058687429579446,15176.062288738338,25.3912767400245,15.0,3.7889444384746773,0,0,40.36875965942871
2212,0.5068371174955412,15205.113524866234,25.49737223260175,15.0,3.8734252968872296,0,0,40.36875965942871
2213,0.5077937444535645,15233.812333606935,25.607874438224396,15.0,3.9614150970258577,0,0,40.36875965942871
2214,0.5087381321094482,15262.143963283444,25.72275061270403,15.0,4.052887765613768,0,0,40.36875965942871
2215,0.5096697923673951,15290.093771021853,25.84196671575102,15.0,4.14781619732519,0,0,40.36875965942871
2216,0.510588240903011,15317.64722709033,25.965487421061038,15.0,4.246172262817009,0,0,40.36875965942871
2217,0.51149299730682,15344.789919204599,26.09327612678341,15.0,4.347926817064398,0,0,40.36875965942871
2218,0.5123835852266203,15371.507556798608,26.225294966366622,15.0,4.453049707996811,0,0,40.36875965942871
2219,0.5132595325086378,15397.785975259132,26.361504819779416,15.0,4.561509785433011,0,0,40.36875965942871
2220,0.5141203713374353,15423.611140123057,26.501865325102447,15.0,4.673274910311207,0,0,40.36875965942871
2221,0.5149656383745363,15448.96915123609,26.646334890488895,15.0,4.788311964212896,0,0,40.36875965942871
2222,0.5157948748957224,15473.846246871672,26.794870706488496,15.0,4.9065868591762145,0,0,40.36875965942871
2223,0.5166076269269628,15498.228807808886,26.947428758733434,15.0,5.0280645477973,0,0,40.36875965942871
2224,0.5174034453789372,15522.103361368117,27.103963840980292,15.0,5.152709033615259,0,0,40.36875965942871
2225,0.51818188618011,15545.456585403299,27.264429568505836,15.0,5.280483381778844,0,0,40.36875965942871
2226,0.5189425104083185,15568.275312249554,27.428778391851992,15.0,5.411349729991205,0,0,40.36875965942871
2227,0.5196848844208353,15590.546532625058,27.596961610915397,15.0,5.545269299728984,0,0,40.36875965942871
2228,0.5204085799828657,15612.25739948597,27.76892938937848,15.0,5.682202407733394,0,0,40.36875965942871
2229,0.5211131743944429,15633.395231833289,27.944630769477264,15.0,5.822108477769382,0,0,40.36875965942871
2230,0.5217982506156836,15653.947518470508,28.124013687100806,15.0,5.964946052648928,0,0,40.36875965942871
2231,0.522463397390365,15673.901921710949,28.307024987219137,15.0,6.110672806515838,0,0,40.36875965942871
2232,0.5231082093677897,15693.246281033691,28.493610439634388,15.0,6.259245557387967,0,0,40.36875965942871
2233,0.5237322872228997,15711.968616686989,28.683714755050254,15.0,6.410620279952825,0,0,40.36875965942871
2234,0.5243352377746046,15730.057133238135,28.87728160145513,15.0,6.564752118613063,0,0,40.36875965942871
2235,0.5249166741022901,15747.500223068704,29.074253620815078,15.0,6.721595400778574,0,0,40.36875965942871
2236,0.5254762156604712,15764.286469814135,29.27457244606958,15.0,6.881103650399764,0,0,40.36875965942871
2237,0.5260134883915549,15780.404651746647,29.478178718427664,15.0,7.0432296017399345,0,0,40.36875965942871
2238,0.5265281248366829,15795.843745100485,29.68501210495655,15.0,7.207925213380675,0,0,40.36875965942871
2239,0.5270197642446165,15810.592927338494,29.895011316459893,15.0,7.3751416824577625,0,0,40.36875965942871
2240,0.5274880526786356,15824.64158035907,30.108114125639347,15.0,7.544829459122721,0,0,40.36875965942871
2241,0.527932643121418,15837.979293642538,30.324257385533336,15.0,7.716938261225095,0,0,40.36875965942871
2242,0.5283531955778671,15850.595867336011,30.543377048229104,15.0,7.891417089212334,0,0,40.36875965942871
2243,0.5287493771758608,15862.481315275823,30.765408183841778,15.0,8.068214241242291,0,0,40.36875965942871
2244,0.5291208622648883,15873.62586794665,30.990284999753882,15.0,8.247277328503078,0,0,40.36875965942871
2245,0.5294673325125475,15884.019975376425,31.217940860111796,15.0,8.428553290737588,0,0,40.36875965942871
2246,0.5297884769988733,15893.6543099662,31.448308305570794,15.0,8.611988411965882,0,0,40.36875965942871
2247,0.5300839923084707,15902.51976925412,31.681319073284953,15.0,8.79752833640261,0,0,40.36875965942871
2248,0.5303535826204225,15910.607478612676,31.91690411713521,15.0,8.985118084564036,0,0,40.36875965942871
2249,0.5305969597959481,15917.908793878443,32.15499362818853,15.0,9.1747020695591,0,0,40.36875965942871
2250,0.5308138434637848,15924.415303913545,32.395517055384595,15.0,9.36622411356166,0,0,40.36875965942871
2251,0.5310039611032682,15930.118833098046,32.63840312644081,15.0,9.559627464456522,0,0,40.36875965942871
2252,0.5311670481250853,15935.01144375256,32.883579868972596,15.0,9.754854812656998,0,0,40.36875965942871
2253,0.531302847949679,15939.08543849037,33.13097463181961,15.0,9.951848308086298,0,0,40.36875965942871
2254,0.5314111120832774,15942.333362498322,33.3805141065746,15.0,10.150549577320426,0,0,40.36875965942871
2255,0.5314916001915281,15944.748005745843,33.6321243493055,15.0,10.350899740884817,0,0,40.36875965942871
2256,0.5315440801707145,15946.322405121437,33.88573080246737,15.0,10.552839430702262,0,0,40.36875965942871
2257,0.5315683282165332,15947.049846495996,34.141258316994794,15.0,10.756308807684372,0,0,40.36875965942871
2258,0.5315641288904118,15946.923866712354,34.39863117457036,15.0,10.961247579463429,0,0,40.36875965942871
2259,0.5315312751833482,15945.938255500445,34.657773110062024,15.0,11.167595018258584,0,0,40.36875965942871
2260,0.5314695685772518,15944.087057317553,34.91860733412145,15.0,11.375289978870299,0,0,40.36875965942871
2261,0.5313788191037686,15941.364573113058,35.18105655593867,15.0,11.584270916799232,0,0,40.36875965942871
2262,0.5312588454005732,15937.765362017197,35.44504300614537,15.0,11.79447590648347,0,0,40.36875965942871
2263,0.5311094747651101,15933.284242953303,35.710488459858944,15.0,12.005842659647886,0,0,40.36875965942871
2264,0.5309305432057692,15927.916296173074,35.97731425986257,15.0,12.218308543761761,0,0,40.36875965942871
2265,0.53072189549048,15921.656864714401,36.245441339913235,15.0,12.431810600598334,0,0,40.36875965942871
2266,0.5304833851927107,15914.50155578132,36.514790248170584,15.0,12.646285564890498,0,0,40.36875965942871
2267,0.5302148747348568,15906.446242045704,36.78528117073985,15.0,12.861669883077406,0,0,40.36875965942871
2268,0.5299162354290089,15897.487062870267,37.05683395532323,15.0,13.077899732137388,0,0,40.36875965942871
2269,0.5295873475150854,15887.620425452562,37.329368134969826,15.0,13.294911038499361,0,0,40.36875965942871
2270,0.5292281001963202,15876.843005889607,37.60280295192068,15.0,13.512639497029944,0,0,40.36875965942871
2271,0.5288383916720939,15865.151750162819,37.87705738153821,15.0,13.73102059008782,0,0,40.36875965942871
2272,0.5284181291681,15852.543875043,38.152050156315894,15.0,13.949989606641976,0,0,40.36875965942871
2273,0.5279672289638352,15839.016868915056,38.42769978995997,15.0,14.16948166144725,0,0,40.36875965942871
2274,0.5274856164174083,15824.568492522249,38.70392460153489,15.0,14.389431714270682,0,0,40.36875965942871
2275,0.5269732259876577,15809.19677962973,38.98064273966742,15.0,14.609774589164623,0,0,40.36875965942871
2276,0.526430001253573,15792.90003760719,39.257772206801405,15.0,14.830444993780032,0,0,40.36875965942871
2277,0.5258558949310137,15775.676847930412,39.535230883494684,15.0,15.051377538713478,0,0,40.36875965942871
2278,0.5252508688867203,15757.526066601611,39.81293655275318,15.0,15.272506756883683,0,0,40.36875965942871
2279,0.5246148941496144,15738.44682448843,40.09080692439394,15.0,15.493767122931136,0,0,40.36875965942871
2280,0.5239479509193826,15718.43852758148,40.36875965942869,15.0,15.715093072634,0,0,40.36875965942871
2281,0.5232500285723453,15697.500857170358,40.64671239446355,15.0,15.936419022336949,0,0,40.36875965942871
2282,0.522521125664603,15675.633769938087,40.924582766104194,15.0,16.15767938838431,0,0,40.36875965942871
2283,0.5217612499324651,15652.837497973953,41.20228843536269,15.0,16.37880860655452,0,0,40.36875965942871
2284,0.5209704182901577,15629.11254870473,41.47974711205597,15.0,16.59974115148796,0,0,40.36875965942871
2285,0.5201486568248108,15604.459704744324,41.75687657918995,15.0,16.820411556103373,0,0,40.36875965942871
2286,0.5192960007887287,15578.88002366186,42.033594717322494,15.0,17.040754430997314,0,0,40.36875965942871
2287,0.5184124945889435,15552.374837668305,42.30981952889739,15.0,17.260704483820746,0,0,40.36875965942871
2288,0.5174981917740569,15524.945753221707,42.58546916254148,15.0,17.480196538626018,0,0,40.36875965942871
2289,0.5165531550183722,15496.594650551166,42.86046193731917,15.0,17.699165555180173,0,0,40.36875965942871
2290,0.5155774561033225,15467.323683099676,43.13471636693669,15.0,17.91754664823805,0,0,40.36875965942871
2291,0.5145711758962007,15437.135276886022,43.40815118388743,15.0,18.135275106768546,0,0,40.36875965942871
2292,0.5135344043261965,15406.032129785894,43.680685363534145,15.0,18.35228641313061,0,0,40.36875965942871
2293,0.5124672403577482,15374.017210732445,43.952238148117516,15.0,18.568516262190585,0,0,40.36875965942871
2294,0.511369791961218,15341.093758836541,44.22272907068679,15.0,18.783900580377498,0,0,40.36875965942871
2295,0.5102421760808977,15307.265282426932,44.49207797894414,15.0,18.99837554466966,0,0,40.36875965942871
2296,0.5090845186003555,15272.535558010666,44.76020505899481,15.0,19.211877601506234,0,0,40.36875965942871
2297,0.5078969543051342,15236.908629154024,45.02703085899854,15.0,19.4243434856202,0,0,40.36875965942871
2298,0.5066796268428109,15200.388805284327,45.29247631271201,15.0,19.635710238784526,0,0,40.36875965942871
2299,0.505432688680432,15162.980660412959,45.55646276291871,15.0,19.845915228468765,0,0,40.36875965942871
2300,0.504156301059333,15124.68903177999,45.81891198473593,15.0,20.054896166397697,0,0,40.36875965942871
2301,0.5028506339473596,15085.51901842079,46.079746208795356,15.0,20.262591127009415,0,0,40.36875965942871
2302,0.5015158659885028,15045.475979655084,46.33888814428691,15.0,20.468938565804486,0,0,40.36875965942871
2303,0.5001521844499623,15004.56553349887,46.59626100186259,15.0,20.673877337583633,0,0,40.36875965942871
2304,0.4987597851666557,14962.793554999671,46.85178851639,15.0,20.877346714565736,0,0,40.36875965942871
2305,0.49733887248318787,14920.166174495636,47.10539496955178,15.0,21.079286404383097,0,0,40.36875965942871
2306,0.4958896591932998,14876.689775798994,47.35700521228277,15.0,21.27963656794757,0,0,40.36875965942871
2307,0.49441236647681275,14832.370994304383,47.606544687037776,15.0,21.478337837181698,0,0,40.36875965942871
2308,0.4929072238340883,14787.216715022649,47.85393944988478,15.0,21.675331332611,0,0,40.36875965942871
2309,0.49137446901802195,14741.234070540659,48.099116192416574,15.0,21.870558680811477,0,0,40.36875965942871
2310,0.48981434796359224,14694.430438907768,48.34200226347289,15.0,22.06396203170642,0,0,40.36875965942871
2311,0.48822711471498476,14646.813441449543,48.58252569066885,15.0,22.255484075708896,0,0,40.36875965942871
2312,0.4866130313503133,14598.3909405094,48.82061520172227,15.0,22.445068060704045,0,0,40.36875965942871
2313,0.48497236790396053,14549.171037118816,49.05620024557243,15.0,22.63265780886539,0,0,40.36875965942871
2314,0.483305402286561,14499.16206859683,49.28921101328669,15.0,22.818197733302195,0,0,40.36875965942871
2315,0.48161242020265016,14448.372606079505,49.51957845874559,15.0,23.001632854530413,0,0,40.36875965942871
2316,0.479893715066004,14396.81145198012,49.747234319103406,15.0,23.18290881676485,0,0,40.36875965942871
2317,0.4781495879126942,14344.487637380826,49.9721111350156,15.0,23.361971904025708,0,0,40.36875965942871
2318,0.47638034731188444,14291.410419356533,50.19414227062828,15.0,23.538769056055667,0,0,40.36875965942871
2319,0.47458630927439516,14237.589278231855,50.41326193332405,15.0,23.713247884042914,0,0,40.36875965942871
2320,0.47276779715906225,14183.033914771868,50.62940519321804,15.0,23.88535668614528,0,0,40.36875965942871
2321,0.4709251415769192,14127.754247307577,50.842508002397494,15.0,24.05504446281024,0,0,40.36875965942871
2322,0.4690586802932298,14071.760408796894,51.05250721390084,15.0,24.22226093188733,0,0,40.36875965942871
2323,0.4671687581274007,14015.062743822022,51.25934060042973,15.0,24.38695654352807,0,0,40.36875965942871
2324,0.4652557268508047,13957.67180552414,51.462946872787725,15.0,24.549082494868177,0,0,40.36875965942871
2325,0.4633199450825423,13899.598352476269,51.66326569804231,15.0,24.708590744489435,0,0,40.36875965942871
2326,0.46136177818317614,13840.853345495285,51.86023771740226,15.0,24.86543402665494,0,0,40.36875965942871
2327,0.4593815981464663,13781.447944393989,52.05380456380714,15.0,25.01956586531518,0,0,40.36875965942871
2328,0.4573797834891402,13721.393504674206,52.243908879223014,15.0,25.17094058788004,0,0,40.36875965942871
2329,0.45535671913873055,13660.701574161916,52.43049433163826,15.0,25.319513338752166,0,0,40.36875965942871
2330,0.4533127963195126,13599.383889585379,52.61350563175666,15.0,25.46524009261914,0,0,40.36875965942871
2331,0.45124841243657615,13537.452373097285,52.79288854938012,15.0,25.608077667498627,0,0,40.36875965942871
2332,0.4491639709580657,13474.91912874197,52.9685899294789,15.0,25.747983737534618,0,0,40.36875965942871
2333,0.44705988129562424,13411.796438868727,53.140557707941994,15.0,25.884916845539024,0,0,40.36875965942871
2334,0.4449365586830756,13348.096760492268,53.30874092700541,15.0,26.01883641527681,0,0,40.36875965942871
2335,0.44279442405338193,13283.832721601459,53.47308975035149,15.0,26.149702763489113,0,0,40.36875965942871
2336,0.44063390391391216,13219.017117417365,53.6335554778771,15.0,26.27747711165275,0,0,40.36875965942871
2337,0.4384554302200582,13153.662906601745,53.790090560123964,15.0,26.40212159747071,0,0,40.36875965942871
2338,0.4362594402472379,13087.783207417137,53.94264861236884,15.0,26.523599286091745,0,0,40.36875965942871
2339,0.4340463764613205,13021.391293839615,54.0911844283685,15.0,26.641874181055115,0,0,40.36875965942871
2340,0.4318166863875146,12954.500591625438,54.23565399375495,15.0,26.756911234956807,0,0,40.36875965942871
2341,0.4295708224777566,12887.124674332697,54.37601449907799,15.0,26.868676359835,0,0,40.36875965942871
2342,0.4273092419766397,12819.277259299191,54.512224352490776,15.0,26.977136437271206,0,0,40.36875965942871
2343,0.42503240678592225,12750.972203577667,54.64424319207404,15.0,27.082259328203662,0,0,40.36875965942871
2344,0.4227407833276562,12682.223499829686,54.77203189779636,15.0,27.184013882451005,0,0,40.36875965942871
2345,0.4204348424059766,12613.045272179299,54.89555260310644,15.0,27.28236994794287,0,0,40.36875965942871
2346,0.41811505906759183,12543.451772027754,55.014768706153376,15.0,27.37729837965425,0,0,40.36875965942871
2347,0.4157819124610169,12473.457373830508,55.129644880633,15.0,27.468771048242157,0,0,40.36875965942871
2348,0.41343588569459183,12403.076570837755,55.240147086255654,15.0,27.556760848380787,0,0,40.36875965942871
2349,0.41107746569332576,12332.323970799773,55.34624257883286,15.0,27.641241706793306,0,0,40.36875965942871
2350,0.408707143054611,12261.214291638329,55.447899919980536,15.0,27.722188589978188,0,0,40.36875965942871
2351,0.406325411902848,12189.76235708544,55.5450889864345,15.0,27.799577511626936,0,0,40.36875965942871
2352,0.403932769743026,12117.98309229078,55.637780978976835,15.0,27.87338553973185,0,0,40.36875965942871
2353,0.40152971731330145,12045.891519399043,55.72594843096975,15.0,27.943590803381344,0,0,40.36875965942871
2354,0.39827977767513567,11948.39333025407,55.80956521649438,15.0,28.010172499240625,1,0,40.36875965942871
2355,0.39499282508453926,11849.784752536178,56.85001484516044,15.0,28.073110897716226,2,0,40.36875965942871
2356,0.3916398349051438,11749.195047154315,58.765216787271825,15.0,28.13238734880241,3,0,40.36875965942871
2357,0.38821971181738324,11646.591354521497,60.717311073977115,15.0,28.187984287607392,4,0,40.36875965942871
2358,0.3847313522852254,11541.940568556764,62.70656253946946,15.0,28.239885239558355,5,0,40.36875965942871
2359,0.3811736449275706,11435.209347827118,64.73322367558293,15.0,28.288074825283104,6,0,40.36875965942871
2360,0.37754547090894375,11326.364127268313,66.79753404785083,15.0,28.33253876516735,7,0,40.36875965942871
2361,0.37384570434973047,11215.371130491914,68.89971970452171,15.0,28.373263883586148,8,0,40.36875965942871
2362,0.37007321275617966,11102.19638268539,71.03999257915953,15.0,28.41023811280793,9,0,40.36875965942871
2363,0.3662268574703782,10986.805724111346,73.21854988749864,15.0,28.44345049657066,10,0,40.36875965942871
2364,0.3623054941403766,10869.164824211299,75.43557351926525,15.0,28.472891193328216,11,0,40.36875965942871
2365,0.3583079732106207,10749.23919631862,77.69122942572147,15.0,28.49855147916679,12,0,40.36875965942871
2366,0.354233140432817,10626.99421298451,79.98566700373013,15.0,28.520423750389867,13,0,40.36875965942871
2367,0.35007983739733234,10502.39512191997,82.319018477184,15.0,28.538501525771462,14,0,40.36875965942871
2368,0.34592074996060174,10377.622498818053,84.69139827668468,15.0,26.337343186354957,15,0,40.36875965942871
2369,0.3418115068401681,10254.345205205043,87.06117530183963,15.0,22.470294683977016,16,0,40.36875965942871
2370,0.3377515222097167,10132.545666291502,89.39631238952354,15.0,18.65583007293698,17,0,40.36875965942871
2371,0.3337402172883841,10012.206518651523,91.6965346599523,15.0,14.894013335545722,18,0,40.36875965942871
2372,0.3297770202525615,9893.310607576845,93.96157948156579,15.0,11.184898742252486,19,0,40.36875965942871
2373,0.32586136614875344,9775.840984462604,96.19119653623949,15.0,7.528530754682649,20,0,40.36875965942871
2374,0.32199269680747944,9659.780904224383,98.3851478778497,15.0,3.924943935701549,21,0,40.36875965942871
2375,0.31817046075820715,9545.113822746214,100.54320798427631,15.0,0.3741628664162846,22,0,40.36875965942871
2376,0.314394113145307,9431.823394359211,99.54136587295457,15.0,0.0,23,0,40.36875965942871
2377,0.3106631156450152,9319.893469350456,98.18188073231053,15.0,0.0,24,0,40.36875965942871
2378,0.3069769363833955,9209.308091501865,96.83872163220548,15.0,0.0,25,0,40.36875965942871
2379,0.30333504985528864,9100.05149565866,95.51169709802238,15.0,0.0,26,0,40.36875965942871
2380,0.29973693684423797,8992.10810532714,94.20061794790392,15.0,0.0,27,0,40.36875965942871
2381,0.2961820843433814,8885.462530301442,92.90529726392568,15.0,0.0,28,0,40.36875965942871
2382,0.29266998547729883,8780.099564318965,91.62555036361731,15.0,0.0,29,0,40.36875965942871
2383,0.2892001394248048,8676.004182744146,90.3611947718276,15.0,0.0,30,0,40.36875965942871
2384,0.28577205134267586,8573.161540280276,89.11205019292973,15.0,0.0,31,0,40.36875965942871
2385,0.28238523229030243,8471.556968709074,87.87793848336332,15.0,0.0,32,0,40.36875965942871
2386,0.2790391991552561,8371.175974657683,86.65868362450888,15.0,0.0,33,0,40.36875965942871
2387,0.2757334745797609,8272.004237392826,85.4541116958922,15.0,0.0,34,0,40.36875965942871
2388,0.27246758688805994,8174.027606641798,84.26405084871392,15.0,0.0,35,0,40.36875965942871
2389,0.2692410700146676,8077.232100440028,83.08833127970158,15.0,0.0,36,0,40.36875965942871
2390,0.2660534634334969,7981.603903004907,81.92678520528034,15.0,0.0,37,0,40.36875965942871
2391,0.2629043120878536,7887.129362635608,80.77924683605889,15.0,0.0,38,0,40.36875965942871
2392,0.2597931663212871,7793.794989638613,79.6455523516273,15.0,0.0,39,0,40.36875965942871
2393,0.25671958180928883,7701.587454278665,78.52553987566336,15.0,0.0,40,0,40.36875965942871
2394,0.25368311949182976,7610.493584754893,77.419049451344,15.0,0.0,41,0,40.36875965942871
2395,0.2506833455067269,7520.500365201806,76.32592301705871,15.0,0.0,42,0,40.36875965942871
2396,0.24771983112383034,7431.59493371491,75.24600438242169,15.0,0.0,43,0,40.36875965942871
2397,0.24479215268002286,7343.764580400686,74.17913920457893,15.0,0.0,44,0,40.36875965942871
2398,0.24189989151502153,7256.996745450646,73.12517496480822,15.0,0.0,45,0,40.36875965942871
2399,0.2390426339079745,7171.279017239235,72.08396094540775,15.0,0.0,46,0,40.36875965942871
2400,0.2362199710148433,7086.599130445299,71.05534820687082,15.0,0.0,47,0,40.36875965942871
2401,0.23343149880656272,7002.944964196881,70.03918956534359,15.0,0.0,48,0,40.36875965942871
2402,0.23067681800796966,6920.30454023909,69.0353395703626,15.0,0.0,49,0,40.36875965942871
2403,0.22795553403749302,6838.666021124791,68.0436544828691,15.0,0.0,50,0,40.36875965942871
2404,0.22526725694759603,6758.017708427881,67.06399225349749,15.0,0.0,51,0,40.36875965942871
2405,0.2226116013659634,6678.348040978902,66.09621250113457,15.0,0.0,52,0,40.36875965942871
2406,0.21998818643742485,6599.645593122746,65.14017649174683,15.0,0.0,53,0,40.36875965942871
2407,0.21739663576660764,6521.89907299823,64.19574711747295,15.0,0.0,54,0,40.36875965942871
2408,0.2148365773613098,6445.097320839293,63.262788875978764,15.0,0.0,55,0,40.36875965942871
2409,0.21230764357658646,6369.229307297594,62.34116785007153,15.0,0.0,56,0,40.36875965942871
2410,0.2098094710595421,6294.284131786263,61.43075168757112,15.0,0.0,57,0,40.36875965942871
2411,0.2073417006948203,6220.251020844609,60.531409581435156,15.0,0.0,58,0,40.36875965942871
2412,0.20490397755078427,6147.119326523528,59.643012250135314,15.0,0.0,59,0,40.36875965942871
2413,0.20249595082638025,6074.8785247914075,58.76543191828233,15.0,0.0,60,0,40.36875965942871
2414,0.20011727379867686,6003.518213960306,57.89854229749689,15.0,0.0,61,0,40.36875965942871
2415,0.1977676037710728,5933.028113132184,57.04221856752367,15.0,0.0,62,0,40.36875965942871
2416,0.1954466020221659,5863.3980606649775,56.196337357586216,15.0,0.0,63,0,40.36875965942871
2417,0.1931539337552764,5794.618012658292,55.360776727979726,15.0,0.0,64,0,40.36875965942871
2418,0.19088926804861742,5726.678041458523,54.53541615189951,15.0,0.0,65,0,40.36875965942871
2419,0.1886522778061056,5659.568334183168,53.72013649750228,15.0,0.0,66,0,40.36875965942871
2420,0.18644263970880517,5593.279191264155,52.914820010198014,15.0,0.0,67,0,40.36875965942871
2421,0.18426003416699852,5527.801025009955,52.11935029516986,15.0,0.0,68,0,40.36875965942871
2422,0.1821041452728765,5463.124358186295,51.33361230011946,15.0,0.0,69,0,40.36875965942871
2423,0.17997466075384186,5399.239822615255,50.55749229823553,15.0,0.0,70,0,40.36875965942871
2424,0.17787127192641927,5336.138157792579,49.79087787138306,15.0,0.0,71,0,40.36875965942871
2425,0.17579367365076515,5273.810209522954,49.03365789351094,15.0,0.0,72,0,40.36875965942871
2426,0.17374156428577092,5212.246928573128,48.28572251427545,15.0,0.0,73,0,40.36875965942871
2427,0.17171464564475356,5151.439369342606,47.54696314287753,15.0,0.0,74,0,40.36875965942871
2428,0.16971262295172646,5091.378688551794,46.817272432111274,15.0,0.0,75,0,40.36875965942871
2429,0.1677352047982452,5032.056143947356,46.096544262621535,15.0,0.0,76,0,40.36875965942871
2430,0.1657821031008208,4973.463093024624,45.384673727368266,15.0,0.0,77,0,44.36875965942871
2431,0.16385303305889565,4915.59099176687,44.68155711629548,15.0,0.0,78,0,44.36875965942871
2432,0.1619477131133748,4858.431393401244,43.98709190120243,15.0,0.0,79,0,44.36875965942871
2433,0.16006586490570743,4801.975947171223,43.30117672081494,15.0,0.0,80,0,44.36875965942871
2434,0.1582072132375118,4746.216397125354,42.62371136605468,15.0,0.0,81,0,44.36875965942871
2435,0.15637148603073836,4691.14458092215,41.95459676550424,15.0,0.0,82,0,44.36875965942871
2436,0.1545584142883647,4636.752428650941,41.29373497106581,15.0,0.0,83,0,44.36875965942871
2437,0.15276773205561667,4583.0319616685,40.64102914381129,15.0,0.0,84,0,44.36875965942871
2438,0.1509991763817101,4529.975291451303,39.996383540021995,15.0,0.0,85,0,44.36875965942871
2439,0.14925248728210663,4477.574618463199,39.35970349741564,15.0,0.0,86,0,44.36875965942871
2440,0.14752740770127915,4425.822231038374,38.73089542155839,15.0,0.0,87,0,44.36875965942871
2441,0.1458236834759802,4374.710504279406,38.10986677246049,15.0,0.0,88,0,44.36875965942871
2442,0.1441410632990083,4324.231898970249,37.49652605135288,15.0,0.0,89,0,44.36875965942871
2443,0.14247929868346643,4274.378960503993,36.89078278764299,15.0,0.0,90,0,44.36875965942871
2444,0.14083814392750746,4225.144317825224,36.29254752604792,15.0,0.0,91,0,44.36875965942871
2445,0.13921735607956096,4176.520682386828,35.70173181390269,15.0,0.0,92,0,44.36875965942871
2446,0.13761669490403572,4128.500847121071,35.11824818864194,15.0,0.0,93,0,44.36875965942871
2447,0.13603592284749327,4081.0776854247983,34.54201016545286,15.0,0.0,94,0,44.36875965942871
2448,0.13447480500528666,4034.2441501586,33.97293222509758,15.0,0.0,95,0,44.36875965942871
2449,0.1329331090886593,3987.993272659779,33.4109298019032,15.0,0.0,96,0,44.36875965942871
2450,0.13141060539229887,3942.3181617689665,32.855919271917344,15.0,0.0,97,0,44.36875965942871
2451,0.12990706676234104,3897.212002870231,32.3078179412276,15.0,0.0,98,0,44.36875965942871
2452,0.12842226856481778,3852.6680569445334,31.76654403444277,15.0,0.0,99,0,44.36875965942871
2453,0.12695598865454544,3808.6796596363633,31.232016683334404,15.0,0.0,100,0,44.36875965942871
2454,0.12550800734444742,3765.2402203334227,30.704155915636363,15.0,0.0,101,0,44.36875965942871
2455,0.12407810737530649,3722.3432212591947,30.182882644001076,15.0,0.0,102,0,44.36875965942871
2456,0.12266607388594179,3679.982216578254,29.66811865511034,15.0,0.0,103,0,44.36875965942871
2457,0.12127169438380578,3638.150831514173,29.15978659893905,15.0,0.0,104,0,44.36875965942871
2458,0.11989475871599596,3596.842761479879,28.65780997817008,15.0,0.0,105,0,44.36875965942871
2459,0.11853505904067703,3556.051771220311,28.162113137758546,15.0,0.0,106,0,44.36875965942871
2460,0.11719238979890818,3515.7716939672455,27.67262125464373,15.0,0.0,107,0,44.36875965942871
2461,0.11586654768687119,3475.9964306061356,27.189260327606945,15.0,0.0,108,0,44.36875965942871
2462,0.11455733162849442,3436.7199488548326,26.71195716727363,15.0,0.0,109,0,44.36875965942871
2463,0.11326454274846821,3397.9362824540462,26.24063938625799,15.0,0.0,110,0,44.36875965942871
2464,0.11198798434564677,3359.639530369403,25.77523538944855,15.0,0.0,111,0,44.36875965942871
2465,0.11072746186683234,3321.8238560049704,25.315674364432834,15.0,0.0,112,0,44.36875965942871
2466,0.10948278288093685,3284.4834864281056,24.861886272059643,15.0,0.0,113,0,44.36875965942871
2467,0.10825375705351656,3247.6127116054968,24.41380183713727,15.0,0.0,114,0,44.36875965942871
2468,0.10704019612167534,3211.20588365026,23.971352539265965,15.0,0.0,115,0,44.36875965942871
2469,0.105841913869332,3175.25741607996,23.534470603803125,15.0,0.0,116,0,44.36875965942871
2470,0.10465872610284742,3139.7617830854224,23.10308899295952,15.0,0.0,117,0,44.36875965942871
2471,0.10349045062700689,3104.7135188102066,22.677141397025068,15.0,0.0,118,0,44.36875965942871
2472,0.1023369072213536,3070.1072166406084,22.256562225722472,15.0,0.0,119,0,44.36875965942871
2473,0.10119791761686875,3035.9375285060623,21.8412865996873,15.0,0.0,120,0,44.36875965942871
2474,0.10007330547299399,3002.19916418982,21.43125034207275,15.0,0.0,121,0,44.36875965942871
2475,0.09896289635499231,2968.886890649769,21.026389970277844,15.0,0.0,122,0,44.36875965942871
2476,0.09786651771164254,2935.995531349276,20.626642687797233,15.0,0.0,123,0,44.36875965942871
2477,0.09678399885326401,2903.5199655979204,20.23194637619131,15.0,0.0,124,0,44.36875965942871
2478,0.09571517093006669,2871.4551279020006,19.842239587175044,15.0,0.0,125,0,44.36875965942871
2479,0.09465986691082282,2839.7960073246845,19.457461534824006,15.0,0.0,126,0,44.36875965942871
2480,0.09361792156185612,2808.5376468556838,19.077552087896215,15.0,0.0,127,0,44.36875965942871
2481,0.09258917142634444,2777.675142790333,18.702451762268204,15.0,0.0,128,0,44.36875965942871
2482,0.09157345480393166,2747.20364411795,18.332101713484,15.0,0.0,129,0,44.36875965942871
2483,0.09057061173064515,2717.1183519193546,17.966443729415396,15.0,0.0,130,0,44.36875965942871
2484,0.0895804839591146,2687.414518773438,17.605420223032255,15.0,0.0,131,0,44.36875965942871
2485,0.0886029149390883,2658.087448172649,17.24897422528126,15.0,0.0,132,0,44.36875965942871
2486,0.08763774979824326,2629.132493947298,16.89704937807179,15.0,0.0,133,0,44.36875965942871
2487,0.08668483532328479,2600.545059698544,16.549589927367574,15.0,0.0,134,0,44.36875965942871
2488,0.08574401994133218,2572.3205982399654,16.206540716382527,15.0,0.0,135,0,44.36875965942871
2489,0.08481515370158645,2544.4546110475935,15.867847178879586,15.0,0.0,136,0,44.36875965942871
2490,0.08389808825727627,2516.942647718288,15.533455332571123,15.0,0.0,137,0,44.36875965942871
2491,0.08299267684787855,2489.7803054363562,15.203311772619456,15.0,0.0,138,0,44.36875965942871
2492,0.08209877428160985,2462.9632284482955,14.877363665236274,15.0,0.0,139,0,44.36875965942871
2493,0.08121623691818482,2436.4871075455444,14.555558741379546,15.0,0.0,140,0,44.36875965942871
2494,0.0803449226518381,2410.347679555143,14.237845290546534,15.0,0.0,141,0,44.36875965942871
2495,0.07948469089460602,2384.540726838181,13.924172154661715,15.0,0.0,142,0,44.36875965942871
2496,0.0786354025598646,2359.062076795938,13.614488722058171,15.0,0.0,143,0,44.36875965942871
2497,0.0777969200461198,2333.907601383594,13.308744921551261,15.0,0.0,144,0,44.36875965942871
2498,0.07696910722104712,2309.0732166314137,13.006891216603126,15.0,0.0,145,0,44.36875965942871
2499,0.07615182940577654,2284.5548821732964,12.708878599576966,15.0,0.0,146,0,44.36875965942871
2500,0.07534495335941936,2260.348600782581,12.414658586079558,15.0,0.0,147,0,44.36875965942871
2501,0.07454834726383357,2236.450417915007,12.12418320939097,15.0,0.0,148,0,44.36875965942871
2502,0.07376188070862427,2212.856421258728,11.837405014980083,15.0,0.0,149,0,44.36875965942871
2503,0.07298542467637557,2189.5627402912673,11.554277055104738,15.0,0.0,150,0,44.36875965942871
2504,0.07221885152811076,2166.565545843323,11.274752883495205,15.0,0.0,151,0,44.36875965942871
2505,0.0714620349889772,2143.861049669316,10.998786550119878,15.0,0.0,152,0,44.36875965942871
2506,0.0707148501341526,2121.445504024578,10.726332596031792,15.0,0.0,153,0,44.36875965942871
2507,0.06997717337496953,2099.315201249086,10.457346048294937,15.0,0.0,154,0,44.36875965942871
2508,0.0692488824452546,2077.466473357638,10.19178241498903,15.0,0.0,155,0,44.36875965942871
2509,0.06852985638787919,2055.8956916363754,9.929597680291653,15.0,0.0,156,0,44.36875965942871
2510,0.06781997554151845,2034.5992662455535,9.670748299636507,15.0,0.0,157,0,44.36875965942871
2511,0.0671191215276153,2013.5736458284591,9.415191194946644,15.0,0.0,158,0,44.36875965942871
2512,0.06642717723754625,1992.8153171263875,9.162883749941512,15.0,0.0,159,0,44.36875965942871
2513,0.06574402681998587,1972.320804599576,8.913783805516653,15.0,0.0,160,0,44.36875965942871
2514,0.06506955566846671,1952.0866700540016,8.66784965519491,15.0,0.0,161,0,44.36875965942871
2515,0.06440365040913172,1932.1095122739516,8.425040040648021,15.0,0.0,162,0,44.36875965942871
2516,0.06374619888867564,1912.385966660269,8.185314147287421,15.0,0.0,163,0,44.36875965942871
2517,0.06309709016247281,1892.9127048741843,7.948631599923228,15.0,0.0,164,0,44.36875965942871
2518,0.062456214482888,1873.68643448664,7.714952458490212,15.0,0.0,165,0,44.36875965942871
2519,0.06182346328776729,1854.7038986330188,7.4842372138396795,15.0,0.0,166,0,44.36875965942871
2520,0.06119872918910606,1835.9618756731818,7.256446783596225,15.0,0.0,167,0,44.36875965942871
2521,0.06058190596189105,1817.4571788567316,7.031542508078182,15.0,0.0,168,0,44.36875965942871
2522,0.059972888533113604,1799.186655993408,6.809486146280779,15.0,0.0,169,0,44.36875965942871
2523,0.05937157297095101,1781.1471891285303,6.590239871920896,15.0,0.0,170,0,44.36875965942871
2524,0.05877785647411324,1763.3356942233972,6.373766269542365,15.0,0.0,171,0,44.36875965942871
2525,0.05819163736135204,1745.7491208405613,6.160028330680767,15.0,0.0,172,0,44.36875965942871
2526,0.05761281506112956,1728.3844518338867,5.948989450086735,15.0,0.0,173,0,44.36875965942871
2527,0.05704129010144368,1711.2387030433104,5.740613422006643,15.0,0.0,174,0,44.36875965942871
2528,0.056476964099807334,1694.30892299422,5.534864436519726,15.0,0.0,175,0,44.36875965942871
2529,0.05591973975337879,1677.5921926013639,5.331707075930641,15.0,0.0,176,0,44.36875965942871
2530,0.055369520829240425,1661.0856248772127,5.131106311216367,15.0,0.0,177,0,44.36875965942871
2531,0.05482621215482298,1644.7863646446895,4.9330274985265525,15.0,0.0,178,0,44.36875965942871
2532,0.05428971960847283,1628.6915882541848,4.737436375736273,15.0,0.0,179,0,44.36875965942871
2533,0.05375995011015934,1612.7985033047803,4.544299059050218,15.0,0.0,180,0,44.36875965942871
2534,0.0532368116123199,1597.104348369597,4.353582039657365,15.0,0.0,181,0,44.36875965942871
2535,0.052720213090839685,1581.6063927251905,4.165252180435164,15.0,0.0,182,0,44.36875965942871
2536,0.05221006453616385,1566.3019360849155,3.979276712702287,15.0,0.0,183,0,44.36875965942871
2537,0.05170627694453935,1551.1883083361806,3.7956232330189863,15.0,0.0,184,0,44.36875965942871
2538,0.05120876230938384,1536.2628692815153,3.614259700034168,15.0,0.0,185,0,44.36875965942871
2539,0.050717433612779236,1521.5230083833771,3.4351544313781837,15.0,0.0,186,0,44.36875965942871
2540,0.05023220481708723,1506.966144512617,3.2582761006005256,15.0,0.0,187,0,44.36875965942871
2541,0.04975299085668447,1492.589725700534,3.0835937341514033,15.0,0.0,188,0,44.36875965942871
