tick,basin_frac,basin_level_ml,dc_total_draw_ml,community_received_ml,farm_total_received_ml,community_complaints,active_cap,total_dc_capacity_ml
0,0.8016870064780263,24050.61019434079,6.537726219396008,15.0,2.8462919893119016,0,0,10.894528991065712
1,0.803373901701978,24101.21705105934,6.539985704356323,15.0,2.852926070498662,0,0,10.894528991065712
2,0.805060269441764,24151.80808325292,6.543535534471232,15.0,2.8633487383168306,0,0,10.894528991065712
3,0.8067456936235984,24202.37080870795,6.548374657849458,15.0,2.8775569043049902,0,0,10.894528991065712
4,0.8084297584532916,24252.892753598746,6.554501640554309,15.0,2.8955463582769205,0,0,10.894528991065712
5,0.8101120485394594,24303.361456183782,6.561914667028579,15.0,2.917311769569168,0,0,10.894528991065712
6,0.8117921490166128,24353.764470498383,6.5706115406325365,15.0,2.9428466886206306,0,0,10.894528991065712
7,0.8134696456680907,24404.08937004272,6.580589684294838,15.0,2.972143548883705,0,0,10.894528991065712
8,0.8151441250488021,24454.32375146406,6.591846141276171,15.0,3.0051936690664145,0,0,10.894528991065712
9,0.8168151746077382,24504.455238232145,6.604377576045399,15.0,3.0419872557048713,0,0,10.894528991065712
10,0.8184823828102207,24554.47148430662,6.618180275267946,15.0,3.082513406065284,0,0,10.894528991065712
11,0.8201453392598479,24604.360177795435,6.63325014890615,15.0,3.126760111374672,0,0,10.894528991065712
12,0.8218036348201042,24654.109044603127,6.649582731431215,15.0,3.174714260379335,0,0,10.894528991065712
13,0.8234568617355963,24703.705852067887,6.667173183146452,15.0,3.2263616432299824,0,0,10.894528991065712
14,0.8251046137528794,24753.13841258638,6.686016291621389,15.0,3.281686955692436,0,0,10.894528991065712
15,0.8267464862408396,24802.394587225186,6.70610647323631,15.0,3.340673803682595,0,0,10.894528991065712
16,0.8283820763105942,24851.462289317828,6.727437774836828,15.0,3.4033047081243595,0,0,10.894528991065712
17,0.830010982934877,24900.329488046307,6.750003875497908,15.0,3.4695611101290593,0,0,10.894528991065712
18,0.83163280706687,24948.9842120061,6.773798088396907,15.0,3.539423376494847,0,0,10.894528991065712
19,0.8332471517584513,24997.41455275354,6.798813362795025,15.0,3.6128708055244503,0,0,10.894528991065712
20,0.8348536222778186,25045.608668334557,6.825042286126582,15.0,3.6898816331595206,0,0,10.894528991065712
21,0.8364518262264564,25093.55478679369,6.852477086195528,15.0,3.770433039429799,0,0,10.894528991065712
22,0.8380413736554128,25141.24120966238,6.881109633478512,15.0,3.8545011552151687,0,0,10.894528991065712
23,0.8396218771808492,25188.656315425476,6.910931443533834,15.0,3.9420610693185845,0,0,10.894528991065712
24,0.8411929520988313,25235.78856296494,6.941933679515564,15.0,4.033086835847794,0,0,10.894528991065712
25,0.8427542164993242,25282.626494979726,6.974107154792103,15.0,4.127551481903684,0,0,10.894528991065712
26,0.8443052913793613,25329.158741380837,7.007442335668359,15.0,4.225427015572909,0,0,10.894528991065712
27,0.8458458007553508,25375.374022660522,7.0419293442108115,15.0,4.326684434222519,0,0,10.894528991065712
28,0.8473753717744876,25421.261153234627,7.077557961174539,15.0,4.431293733094056,0,0,10.894528991065712
29,0.8488936348252379,25466.809044757138,7.114317629031402,15.0,4.539223914194606,0,0,10.894528991065712
30,0.8504002236468633,25512.006709405898,7.15219745509848,15.0,4.650442995482186,0,0,10.894528991065712
31,0.8518947754379508,25556.843263138522,7.191186214765794,15.0,4.764918020342709,0,0,10.894528991065712
32,0.8533769309639198,25601.30792891759,7.231272354822407,15.0,4.882615067355731,0,0,10.894528991065712
33,0.8548463346634703,25645.39003990411,7.272443996879895,15.0,5.003499260346118,0,0,10.894528991065712
34,0.8563026347539441,25689.079042618323,7.314688940892156,15.0,5.127534778718587,0,0,10.894528991065712
35,0.8577454833355649,25732.364500066946,7.357994668770558,15.0,5.254684868072138,0,0,10.894528991065712
36,0.8591745364945286,25775.23609483586,7.402348348093319,15.0,5.384911851091177,0,0,10.894528991065712
37,0.860589454404913,25817.68363214739,7.447736835908023,15.0,5.518177138710103,0,0,10.894528991065712
38,0.8619899014293746,25859.69704288124,7.494146682626169,15.0,5.654441241548096,0,0,10.894528991065712
39,0.8633755462186061,25901.266386558185,7.541564136008565,15.0,5.793663781610663,0,0,10.894528991065712
40,0.8647460618095218,25942.381854285657,7.589975145240422,15.0,5.935803504254515,0,0,10.894528991065712
41,0.8661011257221443,25983.033771664326,7.639365365094911,15.0,6.080818290412209,0,0,10.894528991065712
42,0.8674404200551612,26023.212601654835,7.68972016018396,15.0,6.228665169072929,0,0,10.894528991065712
43,0.8687636315801275,26062.908947403823,7.741024609295038,15.0,6.379300330015729,0,0,10.894528991065712
44,0.8700704518342811,26102.113555028434,7.7932635098126335,15.0,6.5326791367914545,0,0,10.894528991065712
45,0.8713605772119475,26140.817316358425,7.846421382223115,15.0,6.688756139949463,0,0,10.894528991065712
46,0.8726337090545039,26179.011271635118,7.900482474701646,15.0,6.847485090505312,0,0,10.894528991065712
47,0.873889553738879,26216.68661216637,7.955430767779792,15.0,7.008818953645292,0,0,10.894528991065712
48,0.8751278227645597,26253.83468293679,8.011249979092433,15.0,7.172709922663888,0,0,10.894528991065712
49,0.8763482328390795,26290.446985172384,8.06792356820258,15.0,7.339109433129924,0,0,10.894528991065712
50,0.8775505059619647,26326.515178858943,8.12543474150266,15.0,7.507968177277249,0,0,10.894528991065712
51,0.878734369507112,26362.031085213363,8.183766457190835,15.0,7.679236118615706,0,0,10.894528991065712
52,0.8798995563035733,26396.986689107198,8.242901430320845,15.0,7.852862506758012,0,0,10.894528991065712
53,0.8810458047147237,26431.374141441713,8.302822137923911,15.0,8.028795892458191,0,0,10.894528991065712
54,0.8821728587157913,26465.18576147374,8.36351082420118,15.0,8.206984142857115,0,0,10.894528991065712
55,0.8832804679697215,26498.414039091644,8.424949505785136,15.0,8.387374456930566,0,0,10.894528991065712
56,0.8843683879013584,26531.051637040753,8.487119977068472,15.0,8.569913381135345,0,0,10.894528991065712
57,0.8854363797699171,26563.09139309751,8.550003815598796,15.0,8.754546825248697,0,0,10.894528991065712
58,0.8864842107397277,26594.526322191832,8.61358238753761,15.0,8.941220078396416,0,0,10.894528991065712
59,0.88751165394923,26625.349618476903,8.677836853181908,15.0,9.129877825264856,0,0,10.894528991065712
60,0.888518488578197,26655.55465734591,8.742748172546793,15.0,9.32046416249205,0,0,10.894528991065712
61,0.8895044999131689,26685.134997395067,8.808297111007441,15.0,9.512922615233085,0,0,10.894528991065712
62,0.8904694794110773,26714.08438233232,8.874464244998721,15.0,9.707196153894827,0,0,10.894528991065712
63,0.891413224761041,26742.39674283123,8.94122996777083,15.0,9.903227211035004,0,0,10.894528991065712
64,0.8923355399443154,26770.06619832946,9.008574495199186,15.0,10.100957698420682,0,0,10.894528991065712
65,0.8932362352923761,26797.08705877128,9.076477871646897,15.0,10.300329024241082,0,0,10.894528991065712
66,0.8941151275431232,26823.453826293695,9.14491997587805,15.0,10.501282110469575,0,0,10.894528991065712
67,0.8949720398951848,26849.161196855544,9.21388052702006,15.0,10.703757410369784,0,0,10.894528991065712
68,0.8958068020603074,26874.20406180922,9.283339090573328,15.0,10.907694926140582,0,0,10.894528991065712
69,0.8966192503138158,26898.577509414474,9.35327508446644,15.0,11.113034226694708,0,0,10.894528991065712
70,0.8974092275431285,26922.276826293855,9.423667785155061,15.0,11.319714465565827,0,0,10.894528991065712
71,0.8981765832943134,26945.2974988294,9.494496333762775,15.0,11.527674398938633,0,0,10.894528991065712
72,0.8989211738166704,26967.63521450011,9.56573974226203,15.0,11.736852403796728,0,0,10.894528991065712
73,0.8996428621053282,26989.285863159846,9.637376899693326,15.0,11.947186496182837,0,0,10.894528991065712
74,0.9003415179418419,27010.245538255258,9.709386578420858,15.0,12.158614349566008,0,0,10.894528991065712
75,0.9010170179327788,27030.510537983362,9.781747440422729,15.0,12.371073313310298,0,0,10.894528991065712
76,0.901669245546283,27050.07736638849,9.854438043613845,15.0,12.584500431239508,0,0,10.894528991065712
77,0.9022980911466066,27068.9427343982,9.927436848199694,15.0,12.798832460292457,0,0,10.894528991065712
78,0.9029034520265967,27087.103560797903,10.00072222305903,15.0,13.01400588926328,0,0,10.894528991065712
79,0.9034852324381297,27104.55697314389,10.074272452153657,15.0,13.229956957621146,0,0,10.894528991065712
80,0.9040433436204839,27121.300308614518,10.14806574096335,15.0,13.446621674403893,0,0,10.894528991065712
81,0.904577703826641,27137.33111479923,10.222080222944044,15.0,13.663935837179935,0,0,10.894528991065712
82,0.9050882383475097,27152.64715042529,10.296293966007365,15.0,13.881835051072814,0,0,10.894528991065712
83,0.9055748795340631,27167.246386021892,10.37068497901958,15.0,14.100254747842808,0,0,10.894528991065712
84,0.906037566817385,27181.12700452155,10.445231218318046,15.0,14.319130205019874,0,0,10.894528991065712
85,0.9064762467266181,27194.28740179854,10.519910594243216,15.0,14.538396565082339,0,0,10.894528991065712
86,0.9068908729048073,27206.72618714422,10.59470097768429,15.0,14.757988854675553,0,0,10.894528991065712
87,0.9072814061226383,27218.442183679148,10.66958020663655,15.0,14.977842003864929,0,0,10.894528991065712
88,0.9076478142900598,27229.434428701796,10.744526092768428,15.0,15.19789086541753,0,0,10.894528991065712
89,0.9079900724657946,27239.702173973837,10.8195164279964,15.0,15.418070234106647,0,0,10.894528991065712
90,0.9083081628647285,27249.244885941855,10.894528991065712,15.0,15.638314866033472,0,0,10.894528991065712
91,0.9086020748631812,27258.06224589544,10.969541554135024,15.0,15.858559497960297,0,0,10.894528991065712
92,0.9088718050020548,27266.154150061644,11.044531889362995,15.0,16.07873886664941,0,0,10.894528991065712
93,0.9091173569878577,27273.52070963573,11.119477775494873,15.0,16.298787728202015,0,0,10.894528991065712
94,0.9093387416916071,27280.162250748213,11.19435700444713,15.0,16.51864087739139,0,0,10.894528991065712
95,0.9095359771456075,27286.079314368224,11.269147387888207,15.0,16.738233166984603,0,0,10.894528991065712
96,0.9097090885381073,27291.272656143217,11.343826763813377,15.0,16.95749952704707,0,0,10.894528991065712
97,0.9098581082058349,27295.743246175047,11.418373003111842,15.0,17.176374984224136,0,0,10.894528991065712
98,0.9099830756244166,27299.492268732498,11.492764016124056,15.0,17.394794680994128,0,0,10.894528991065712
99,0.9100840373966794,27302.521121900383,11.56697775918738,15.0,17.612693894887006,0,0,10.894528991065712
100,0.9101610472388412,27304.831417165235,11.640992241168073,15.0,17.830008057663044,0,0,10.894528991065712
101,0.9102141659645938,27306.424978937815,11.714785529977767,15.0,18.046672774445796,0,0,10.894528991065712
102,0.9102434614670826,27307.303844012476,11.788335759072393,15.0,18.262623842803663,0,0,10.894528991065712
103,0.9102490086987877,27307.47026096363,11.861621133931731,15.0,18.47779727177448,0,0,10.894528991065712
104,0.9102308896493149,27306.926689479445,11.934619938517578,15.0,18.692129300827435,0,0,10.894528991065712
105,0.9101891933210996,27305.675799632987,12.007310541708694,15.0,18.905556418756643,0,0,10.894528991065712
106,0.9101240157030337,27303.720471091012,12.079671403710563,15.0,19.118015382500932,0,0,10.894528991065712
107,0.9100354597420222,27301.063792260666,12.151681082438097,15.0,19.329443235884103,0,0,10.894528991065712
108,0.9099236353124776,27297.709059374327,12.223318239869393,15.0,19.539777328270215,0,0,10.894528991065712
109,0.9097886591837616,27293.65977551285,12.294561648368646,15.0,19.74895533312831,0,0,10.894528991065712
110,0.9096306549855845,27288.919649567535,12.365390196976362,15.0,19.956915266501117,0,0,10.894528991065712
111,0.9094497531713701,27283.492595141102,12.435782897664984,15.0,20.163595505372232,0,0,10.894528991065712
112,0.9092460909796002,27277.382729388006,12.505718891558095,15.0,20.36893480592636,0,0,10.894528991065712
113,0.9090198123931477,27270.59437179443,12.575177455111364,15.0,20.572872321697158,0,0,10.894528991065712
114,0.908771068096611,27263.13204289833,12.644138006253371,15.0,20.77534762159737,0,0,10.894528991065712
115,0.908500015431664,27255.00046294992,12.712580110484526,15.0,20.97630070782586,0,0,10.894528991065712
116,0.9082068183504309,27246.204550512928,12.780483486932237,15.0,21.175672033646258,0,0,10.894528991065712
117,0.9078916473669049,27236.749421007145,12.84782801436059,15.0,21.373402521031934,0,0,10.894528991065712
118,0.90755467950642,27226.6403851926,12.914593737132702,15.0,21.569433578172116,0,0,10.894528991065712
119,0.907196098253196,27215.88294759588,12.980760871123982,15.0,21.763707116833857,0,0,10.894528991065712
120,0.906816093495967,27204.48280487901,13.046309809584628,15.0,21.956165569574893,0,0,10.894528991065712
121,0.9064148614717138,27192.445844151414,13.111221128949515,15.0,22.146751906802088,0,0,10.894528991065712
122,0.9059926047075144,27179.778141225434,13.175475594593815,15.0,22.335409653670524,0,0,10.894528991065712
123,0.9055495319605312,27166.485958815938,13.239054166532625,15.0,22.522082906818245,0,0,10.894528991065712
124,0.9050858581561515,27152.575744684545,13.30193800506295,15.0,22.706716350931593,0,0,10.894528991065712
125,0.9046018043243005,27138.054129729015,13.364108476346285,15.0,22.88925527513637,0,0,10.894528991065712
126,0.9040975975339453,27122.927926018358,13.425547157930243,15.0,23.069645589209827,0,0,10.894528991065712
127,0.9035734708258096,27107.20412477429,13.486235844207512,15.0,23.247833839608752,0,0,10.894528991065712
128,0.9030296631433188,27090.889894299562,13.546156551810578,15.0,23.42376722530893,0,0,10.894528991065712
129,0.9024664192617952,27073.992577853856,13.605291524940588,15.0,23.59739361345123,0,0,10.894528991065712
130,0.9018839897159272,27056.519691477817,13.663623240628763,15.0,23.768661554789695,0,0,10.894528991065712
131,0.9012826307255289,27038.47892176587,13.721134413928842,15.0,23.937520298937017,0,0,10.894528991065712
132,0.9006626041196177,27019.878123588533,13.77780800303899,15.0,24.103919809403052,0,0,10.894528991065712
133,0.9000241772588282,27000.725317764845,13.83362721435163,15.0,24.26781077842165,0,0,10.894528991065712
134,0.8993676229561876,26981.028688685627,13.888575507429778,15.0,24.429144641561628,0,0,10.894528991065712
135,0.8986932193962754,26960.796581888262,13.94263659990831,15.0,24.587873592117475,0,0,10.894528991065712
136,0.8980012500527915,26940.037501583745,13.995794472318789,15.0,24.743950595275486,0,0,10.894528991065712
137,0.8972920036045561,26918.76010813668,14.048033372836386,15.0,24.897329402051213,0,0,10.894528991065712
138,0.8965657738499686,26896.97321549906,14.099337821947463,15.0,25.04796456299401,0,0,10.894528991065712
139,0.8958228596199489,26874.68578859847,14.14969261703651,15.0,25.195811441654733,0,0,10.894528991065712
140,0.8950635646893867,26851.9069406816,14.199082836891002,15.0,25.34082622781243,0,0,10.894528991065712
141,0.894288197687127,26828.64593061381,14.247493846122858,15.0,25.482965950456276,0,0,10.894528991065712
142,0.8934970720045162,26804.912160135485,14.294911299505255,15.0,25.622188490518845,0,0,10.894528991065712
143,0.8926905057025379,26780.71517107614,14.3413211462234,15.0,25.758452593356836,0,0,10.894528991065712
144,0.891868821417565,26756.064642526948,14.386709634038105,15.0,25.891717880975765,0,0,10.894528991065712
145,0.8910323462657542,26730.970387972626,14.431063313360866,15.0,26.021944863994804,0,0,10.894528991065712
146,0.8901814117461158,26705.442352383474,14.474369041239267,15.0,26.149094953348353,0,0,10.894528991065712
147,0.8893163536422827,26679.49060926848,14.516613985251528,15.0,26.273130471720826,0,0,10.894528991065712
148,0.8884375119230103,26653.12535769031,14.557785627309016,15.0,26.394014664711207,0,0,10.894528991065712
149,0.8875452306414374,26626.356919243124,14.597871767365628,15.0,26.51171171172423,0,0,10.894528991065712
150,0.8866398578331346,26599.19573499404,14.636860527032942,15.0,26.626186736584756,0,0,10.894528991065712
151,0.8857217454129747,26571.65236238924,14.67474035310002,15.0,26.737405817872336,0,0,10.894528991065712
152,0.8847912490708522,26543.737472125566,14.711500020956885,15.0,26.845335998972885,0,0,10.894528991065712
153,0.8838487281662851,26515.461844988553,14.74712863792061,15.0,26.949945297844422,0,0,10.894528991065712
154,0.8828945456219288,26486.836368657863,14.781615646463063,15.0,27.05120271649403,0,0,10.894528991065712
155,0.881929067816034,26457.87203448102,14.81495082733932,15.0,27.149078250163257,0,0,10.894528991065712
156,0.8809526644738817,26428.57993421645,14.847124302615859,15.0,27.24354289621915,0,0,10.894528991065712
157,0.8799657085582244,26398.971256746732,14.878126538597588,15.0,27.334568662748357,0,0,10.894528991065712
158,0.8789685761587704,26369.057284763112,14.90794834865291,15.0,27.42212857685177,0,0,10.894528991065712
159,0.8779616463807395,26338.849391422184,14.936580895935894,15.0,27.506196692637143,0,0,10.894528991065712
160,0.8769453012325262,26308.359036975788,14.964015696004841,15.0,27.58674809890742,0,0,10.894528991065712
161,0.8759199255125028,26277.59776537508,14.990244619336398,15.0,27.663758926542492,0,0,10.894528991065712
162,0.8748859066949942,26246.577200849828,15.015259893734516,15.0,27.737206355572095,0,0,10.894528991065712
163,0.8738436348154625,26215.309044463873,15.039054106633515,15.0,27.80706862193788,0,0,10.894528991065712
164,0.8727935023549291,26183.805070647875,15.061620207294595,15.0,27.873325023942584,0,0,10.894528991065712
165,0.8717359041236764,26152.077123710293,15.082951508895114,15.0,27.935955928384345,0,0,10.894528991065712
166,0.870671237144255,26120.13711432765,15.103041690510034,15.0,27.994942776374504,0,0,10.894528991065712
167,0.8695999005338381,26087.997016015142,15.121884798984972,15.0,28.050268088836958,0,0,10.894528991065712
168,0.8685222953859549,26055.668861578648,15.139475250700208,15.0,28.101915471687605,0,0,10.894528991065712
169,0.8674388246516376,26023.164739549127,15.155807833225273,15.0,28.14986962069227,0,0,10.894528991065712
170,0.8663498930200179,25990.496790600537,15.170877706863477,15.0,28.194116326001655,0,0,10.894528991065712
171,0.8652559067984094,25957.67720395228,15.184680406086024,15.0,28.23464247636207,0,0,10.894528991065712
172,0.8641572737919095,25924.718213757285,15.197211840855251,15.0,28.27143606300053,0,0,10.894528991065712
173,0.8630544031825589,25891.632095476765,15.208468297836585,15.0,28.304486183183236,0,0,10.894528991065712
174,0.8619477054080908,25858.431162242727,15.218446441498887,15.0,28.33378304344631,0,0,10.894528991065712
175,0.8608375920403105,25825.127761209314,15.227143315102845,15.0,28.359317962497776,0,0,10.894528991065712
176,0.859724475663137,25791.73426989411,15.234556341577115,15.0,28.381083373790027,0,0,10.894528991065712
177,0.8586087697503462,25758.263092510384,15.240683324281965,15.0,28.399072827761948,0,0,10.894528991065712
178,0.8574908885430487,25724.72665629146,15.245522447660193,15.0,28.41328099375011,0,0,10.894528991065712
179,0.8563712469269421,25691.137407808263,15.249072277775099,15.0,28.423703661568283,0,0,10.894528991065712
180,0.8552502603093712,25657.507809281138,15.251331762735415,15.0,28.430337742755036,0,0,10.894528991065712
181,0.8541283444962339,25623.850334887014,15.252300233006979,15.0,28.433181271488966,0,0,10.894528991065712
182,0.8530059155687683,25590.177467063048,15.251977401611152,15.0,28.432233405171118,0,0,10.894528991065712
183,0.8518833897602599,25556.501692807797,15.25036336420984,15.0,28.42749442467475,0,0,10.894528991065712
184,0.8507611833327017,25522.83549998105,15.247458599077161,15.0,28.41896573426206,0,0,10.894528991065712
185,0.8496397124534476,25489.19137360343,15.243263966957713,15.0,28.406649861168066,0,0,10.894528991065712
186,0.8485193930718925,25455.581792156776,15.23778071081152,15.0,28.390550454851788,0,0,10.894528991065712
187,0.8474006407962176,25422.019223886527,15.231010455445716,15.0,28.37067228591475,0,0,10.894528991065712
188,0.8462838707702368,25388.516123107103,15.222955207033085,15.0,28.347021244687433,0,0,10.894528991065712
189,0.8451694975503807,25355.084926511423,15.21361735251757,15.0,28.319604339483764,0,0,10.894528991065712
190,0.8440579349828549,25321.738049485644,15.202999658907,15.0,28.288429694524474,0,0,10.894528991065712
191,0.8429495960810072,25288.487882430214,15.191105272453134,15.0,28.25350654752966,0,0,10.894528991065712
192,0.8418448929029443,25255.34678708833,15.17793771771938,15.0,28.214845246981483,0,0,10.894528991065712
193,0.8407442364294294,25222.327092882882,15.16350089653639,15.0,28.172457249057686,0,0,10.894528991065712
194,0.8396480364420998,25189.441093262994,15.14779908684585,15.0,28.126355114236848,0,0,10.894528991065712
195,0.8385567014020399,25156.701042061195,15.130836941432843,15.0,28.07655250357648,0,0,10.894528991065712
196,0.8374706383287448,25124.119149862345,15.112619486547128,15.0,28.023064174664952,0,0,10.894528991065712
197,0.8363902526795124,25091.707580385373,15.093152120413752,15.0,27.965905977248504,0,0,10.894528991065712
198,0.8353159482292971,25059.478446878915,15.072440611633446,15.0,27.905094848534596,0,0,10.894528991065712
199,0.8342481269510633,25027.443808531898,15.050491097473246,15.0,27.84064880817307,0,0,10.894528991065712
200,0.8331871888966709,24995.615666900125,15.027310082047906,15.0,27.772586952916562,0,0,10.894528991065712
201,0.8321335320783324,24964.005962349973,15.00290443439259,15.0,27.700929450961667,0,0,10.894528991065712
202,0.831087552350673,24932.62657052019,14.977281386427414,15.0,27.625697535972712,0,0,10.894528991065712
203,0.8300496432934302,24901.489298802906,14.950448530814477,15.0,27.54691350078975,0,0,10.894528991065712
204,0.8290201960948276,24870.605882844826,14.922413818708,15.0,27.464600690822706,0,0,10.894528991065712
205,0.8279995994356574,24839.98798306972,14.893185557398217,15.0,27.378783497133618,0,0,10.894528991065712
206,0.8269882393741061,24809.647181223183,14.862772407849754,15.0,27.289487349209075,0,0,10.894528991065712
207,0.8259864992313568,24779.594976940705,14.831183382135192,15.0,27.196738707424867,0,0,10.894528991065712
208,0.8249947594780034,24749.8427843401,14.798427840764596,15.0,27.100565055205244,0,0,10.894528991065712
209,0.8240133976213081,24720.401928639243,14.764515489911794,15.0,27.00099489087894,0,0,10.894528991065712
210,0.8230427880933389,24691.283642800165,14.729456378538238,15.0,26.898057719234565,0,0,10.894528991065712
211,0.8220833021400161,24662.499064200485,14.693260895415262,15.0,26.79178404277762,0,0,10.894528991065712
212,0.8211353077111054,24634.05923133316,14.655939766045677,15.0,26.682205352692037,0,0,10.894528991065712
213,0.8201991693511853,24605.975080535558,14.617504049485573,15.0,26.56935411950858,0,0,10.894528991065712
214,0.8192752480916256,24578.257442748767,14.577965135067277,15.0,26.453263783483173,0,0,10.894528991065712
215,0.8183639013436053,24550.91704030816,14.53733473902445,15.0,26.333968744687798,0,0,10.894528991065712
216,0.8174654827922044,24523.964483766133,14.495624901020317,15.0,26.211504352817073,0,0,10.894528991065712
217,0.8165803422915993,24497.41026874798,14.45284798058005,15.0,26.085906896713293,0,0,10.894528991065712
218,0.8157088257613931,24471.264772841794,14.409016653428372,15.0,25.95721359361332,0,0,10.894528991065712
219,0.8148512750841128,24445.538252523384,14.364143907733483,15.0,25.825462578120295,0,0,10.894528991065712
220,0.8140080280039014,24420.24084011704,14.318243040258363,15.0,25.69069289090352,0,0,10.894528991065712
221,0.8131794180264373,24395.38254079312,14.271327652420668,15.0,25.55294446712989,0,0,10.894528991065712
222,0.8123657743201103,24370.973229603307,14.223411646262328,15.0,25.412258124630224,0,0,10.894528991065712
223,0.8115674216184801,24347.0226485544,14.174509220330082,15.0,25.268675551804062,0,0,10.894528991065712
224,0.8107846801240524,24323.54040372157,14.124634865468133,15.0,25.122239295266503,0,0,10.894528991065712
225,0.8100178654133946,24300.53596240184,14.073803360524202,15.0,24.97299274724071,0,0,10.894528991065712
226,0.8092672883436253,24278.018650308757,14.022029767970244,15.0,24.820980132699866,0,0,10.894528991065712
227,0.8085332549602985,24255.997648808956,13.969329429439092,15.0,24.66624649626236,0,0,10.894528991065712
228,0.8078160664067179,24234.481992201538,13.915717961178425,15.0,24.508837688844096,0,0,10.894528991065712
229,0.8071160188347,24213.480565040998,13.861211249423313,15.0,24.348800354071873,0,0,10.894528991065712
230,0.8064334033168186,24193.002099504556,13.805825445688802,15.0,24.18618191446187,0,0,10.894528991065712
231,0.8057685057601537,24173.055172804612,13.749576961983864,15.0,24.02103055736734,0,0,10.894528991065712
232,0.8051216068215714,24153.648204647143,13.692482465948164,15.0,23.853395220699646,0,0,10.894528991065712
233,0.8044929818245582,24134.789454736747,13.63455887591307,15.0,23.683325578426906,0,0,10.894528991065712
234,0.8038829006776376,24116.48702032913,13.575823355888408,15.0,23.510872025854532,0,0,10.894528991065712
235,0.8032916277943902,24098.748833831705,13.51629331047638,15.0,23.336085664692007,0,0,10.894528991065712
236,0.8027194220151019,24081.58266045306,13.4559863797142,15.0,23.159018287910342,0,0,10.894528991065712
237,0.8021665365300646,24064.99609590194,13.394920433846986,15.0,22.97972236439469,0,0,10.894528991065712
238,0.8016332188045497,24048.99656413649,13.333113568032411,15.0,22.798251023396734,0,0,10.894528991065712
239,0.8011197105054793,24033.591315164376,13.270584096978714,15.0,22.614658038791276,0,0,10.894528991065712
240,0.8006262474298146,24018.78742289444,13.207350549517667,15.0,22.42899781314191,0,0,10.894528991065712
241,0.8001530594346851,24004.591783040552,13.143431663114072,15.0,22.241325361580373,0,0,10.894528991065712
242,0.799700370369276,23991.01111107828,13.078846378313454,15.0,22.051696295504367,0,0,10.894528991065712
243,0.799268398008497,23978.05194025491,13.013613833129565,15.0,21.8601668060987,0,0,10.894528991065712
244,0.7988573539884517,23965.72061965355,12.947753357373376,15.0,21.666793647684628,0,0,10.894528991065712
245,0.7984674437437241,23954.023312311725,12.881284466925237,15.0,21.47163412090233,0,0,10.894528991065712
246,0.798098866446505,23942.965993395148,12.814226857951908,15.0,21.274746055731477,0,0,10.894528991065712
247,0.7977518149475717,23932.554448427152,12.746600401070147,15.0,21.076187794354965,0,0,10.894528991065712
248,0.7974264757191437,23922.794271574312,12.678425135458628,15.0,20.87601817387088,0,0,10.894528991065712
249,0.7971230287996258,23913.690863988773,12.609721262919892,15.0,20.674296508857786,0,0,10.894528991065712
250,0.7968416477402591,23905.249432207773,12.540509141894127,15.0,20.47108257379854,0,0,10.894528991065712
251,0.7965824995536943,23897.47498661083,12.470809281426506,15.0,20.266436585367813,0,0,10.894528991065712
252,0.796345744664502,23890.37233993506,12.400642335089941,15.0,20.060419184588604,0,0,10.894528991065712
253,0.7961315368616355,23883.946105849067,12.330029094864951,15.0,19.853091418862974,0,0,10.894528991065712
254,0.7959400232528598,23878.200697585795,12.258990484978579,15.0,19.64451472388242,0,0,10.894528991065712
255,0.7957713442211606,23873.140326634817,12.187547555704066,15.0,19.43475090542311,0,0,10.894528991065712
256,0.7956256333831452,23868.769001494355,12.115721477123222,15.0,19.223862121031512,0,0,10.894528991065712
257,0.7955030175494496,23865.090526483487,12.04353353285327,15.0,19.011910861605827,0,0,10.894528991065712
258,0.7954036166871618,23862.108500614853,11.971005113740041,15.0,18.798959932878486,0,0,10.894528991065712
259,0.7953275438842725,23859.826316528175,11.898157711519401,15.0,18.585072436805532,0,0,10.894528991065712
260,0.7952749053161651,23858.247159484952,11.82501291244881,15.0,18.370311752868123,0,0,10.894528991065712
261,0.7952458002141534,23857.3740064246,11.751592390910828,15.0,18.15474151929182,0,0,10.894528991065712
262,0.7952403208360772,23857.209625082316,11.677917902990528,15.0,17.93842561418922,0,0,10.894528991065712
263,0.7952585524389646,23857.75657316894,11.604011280028706,15.0,17.72142813663149,0,0,10.894528991065712
264,0.7953005732537684,23859.01719761305,11.529894422152783,15.0,17.503813387654418,0,0,10.894528991065712
265,0.795366454462184,23860.99363386552,11.45558929178732,15.0,17.28564585120463,0,0,10.894528991065712
266,0.7954562601755578,23863.687805266734,11.381117907146079,15.0,17.066990175031624,0,0,10.894528991065712
267,0.7955700474158889,23867.101422476666,11.306502335707552,15.0,16.84791115153121,0,0,10.894528991065712
268,0.795707866098932,23871.23598296796,11.231764687675899,15.0,16.628473698546188,0,0,10.894528991065712
269,0.7958697590194072,23876.092770582214,11.156927109429198,15.0,16.408742840129715,0,0,10.894528991065712
270,0.7960557618383182,23881.672855149543,11.082011776957007,15.0,16.188783687277322,0,0,14.894528991065712
271,0.7961311927555734,23883.935782667202,15.048350393652566,15.0,15.968661418633102,0,0,14.894528991065712
272,0.7962317013956168,23886.951041868506,14.945807856939545,15.0,15.748441261175888,0,0,14.894528991065712
273,0.7963573020993953,23890.719062981858,14.843250125191883,15.0,15.528188470891065,0,0,14.894528991065712
274,0.796508001772535,23895.24005317605,14.740707588478863,15.0,15.307968313433848,0,0,14.894528991065712
275,0.7966837998832964,23900.513996498892,14.638210632367166,15.0,15.087846044789622,0,0,14.894528991065712
276,0.7968846884627311,23906.540653881933,14.535789628916959,15.0,14.867886891937228,0,0,14.894528991065712
277,0.7971106521070432,23913.3195632113,14.433474927681981,15.0,14.648156033520749,0,0,14.894528991065712
278,0.7973616679821542,23920.85003946463,14.331296846716352,15.0,14.42871858053573,0,0,14.894528991065712
279,0.7976377058304687,23929.13117491406,14.229285663590636,15.0,14.209639557035326,0,0,14.894528991065712
280,0.7979387279798404,23938.161839395212,14.127471606419977,15.0,13.990983880862318,0,0,14.894528991065712
281,0.7982646893547359,23947.940680642077,14.025884844906845,15.0,13.772816344412533,0,0,14.894528991065712
282,0.7986155374895909,23958.466124687726,13.924555481401095,15.0,13.555201595435456,0,0,14.894528991065712
283,0.7989912125443566,23969.736376330697,13.823513541979999,15.0,13.33820411787772,0,0,14.894528991065712
284,0.7993916473222327,23981.74941966698,13.722788967550875,15.0,13.121888212775124,0,0,14.894528991065712
285,0.7998167672895781,23994.50301868734,13.62241160497894,15.0,12.906317979198823,0,0,14.894528991065712
286,0.8002664905979974,24007.99471793992,13.522411198243043,15.0,12.691557295261415,0,0,14.894528991065712
287,0.8007407281085942,24022.221843257827,13.42281737962189,15.0,12.477669799188458,0,0,14.894528991065712
288,0.8012393834183852,24037.181502551557,13.32365966091334,15.0,12.264718870461115,0,0,14.894528991065712
289,0.801762352888866,24052.87058666598,13.224967424689453,15.0,12.052767611035428,0,0,14.894528991065712
290,0.8023095256767218,24069.285770301653,13.126769915589776,15.0,11.841878826643843,0,0,14.894528991065712
291,0.8028807837666722,24086.423513000165,13.029096231655524,15.0,11.632115008184524,0,0,14.894528991065712
292,0.8034760020064423,24104.28006019327,12.931975315707223,15.0,11.423538313203968,0,0,14.894528991065712
293,0.8040950481438476,24122.851444315427,12.83543594676831,15.0,11.21621054747834,0,0,14.894528991065712
294,0.8047377828659833,24142.1334859795,12.739506731537288,15.0,11.01019314669913,0,0,14.894528991065712
295,0.8054040598405057,24162.12179521517,12.644216095910956,15.0,10.805547158268407,0,0,14.894528991065712
296,0.8060937257589937,24182.81177276981,12.549592276561187,15.0,10.60233322320916,0,0,14.894528991065712
297,0.8068066203823772,24204.198611471315,12.455663312567802,15.0,10.40061155819607,0,0,14.894528991065712
298,0.8075425765884193,24226.27729765258,12.36245703710999,15.0,10.20044193771198,0,0,14.894528991065712
299,0.8083014204212392,24249.042612637175,12.270001069218722,15.0,10.001883676335463,0,0,14.894528991065712
300,0.8090829711428575,24272.489134285726,12.17832280559265,15.0,9.804995611164607,0,0,14.894528991065712
301,0.8098870412867542,24296.611238602625,12.087449412479867,15.0,9.609836084382309,0,0,14.894528991065712
302,0.810713436713418,24321.40310140254,11.997407817627954,15.0,9.41646292596824,0,0,14.894528991065712
303,0.8115619566678748,24346.858700036242,11.90822470230473,15.0,9.224933436562576,0,0,14.894528991065712
304,0.8124323938391752,24372.971815175257,11.81992649339199,15.0,9.035304370486573,0,0,14.894528991065712
305,0.8133245344218258,24399.736032654775,11.732539355554666,15.0,8.847631918925035,0,0,14.894528991065712
306,0.8142381581791438,24427.144745374313,11.646089183487671,15.0,8.66197169327567,0,0,14.894528991065712
307,0.815173038508518,24455.19115525554,11.560601594242733,15.0,8.47837870867021,0,0,14.894528991065712
308,0.8161289425085562,24483.868275256686,11.476101919637518,15.0,8.296907367672251,0,0,14.894528991065712
309,0.8171056310480991,24513.16893144297,11.392615198749263,15.0,8.117611444156598,0,0,14.894528991065712
310,0.8181028588370793,24543.08576511238,11.310166170495167,15.0,7.940544067374932,0,0,14.894528991065712
311,0.819120374499207,24573.61123497621,11.22877926630169,15.0,7.765757706212408,0,0,14.894528991065712
312,0.8201579206464575,24604.737619393727,11.148478602865017,15.0,7.5933041536400365,0,0,14.894528991065712
313,0.8212152339553411,24636.457018660232,11.069287975004759,15.0,7.423234511367298,0,0,14.894528991065712
314,0.8222920452449314,24668.761357347943,10.991230848613021,15.0,7.255599174699605,0,0,14.894528991065712
315,0.8233880795566297,24701.64238669889,10.914330353700969,15.0,7.0904478176050745,0,0,14.894528991065712
316,0.8245030562356409,24735.091687069227,10.838609277544887,15.0,6.927829377995073,0,0,14.894528991065712
317,0.8256366890141376,24769.100670424126,10.764090057933839,15.0,6.7677920432228476,0,0,14.894528991065712
318,0.8267886860960874,24803.66058288262,10.690794776520846,15.0,6.610383235804585,0,0,14.894528991065712
319,0.8279587502437189,24838.762507311567,10.618745152279644,15.0,6.4556495993670815,0,0,14.894528991065712
320,0.8291465788655988,24874.397365967965,10.547962535068839,15.0,6.303636984826232,0,0,14.894528991065712
321,0.8303518641062967,24910.555923188902,10.478467899305539,15.0,6.154390436800439,0,0,14.894528991065712
322,0.8315742929376095,24947.228788128286,10.41028183775013,15.0,6.00795418026288,0,0,14.894528991065712
323,0.8328135472513181,24984.406417539543,10.343424555404226,15.0,5.864371607436716,0,0,14.894528991065712
324,0.8340693039534498,25022.079118603495,10.277915863523493,15.0,5.723685264937055,0,0,14.894528991065712
325,0.8353412350600182,25060.23705180055,10.213775173747116,15.0,5.585936841163424,0,0,14.894528991065712
326,0.8366290077942118,25098.870233826354,10.151021492345755,15.0,5.451167153946654,0,0,14.894528991065712
327,0.8379322846850027,25137.968540550082,10.089673414589539,15.0,5.319416138453622,0,0,14.894528991065712
328,0.839250723667147,25177.52171001441,10.029749119237911,15.0,5.190722835353652,0,0,14.894528991065712
329,0.8405839781825458,25217.519345476376,9.971266363152854,15.0,5.065125379249869,0,0,14.894528991065712
330,0.841931697282938,25257.950918488143,9.914242476037156,15.0,4.942660987379146,0,0,14.894528991065712
331,0.8432935257338939,25298.805772016818,9.858694355299244,15.0,4.8233659485837705,0,0,14.894528991065712
332,0.8446691041200786,25340.073123602357,9.804638461046126,15.0,4.707275612558363,0,0,14.894528991065712
333,0.8460580689517546,25381.742068552638,9.752090811205887,15.0,4.594424379374901,0,0,14.894528991065712
334,0.8474600527724918,25423.801583174754,9.701066976781247,15.0,4.484845689289317,0,0,14.894528991065712
335,0.8488746842680527,25466.24052804158,9.651582077235528,15.0,4.37857201283238,0,0,14.894528991065712
336,0.8503015883764207,25509.04765129262,9.60365077601244,15.0,4.275634841188004,0,0,14.894528991065712
337,0.8517403863989392,25552.21159196818,9.557287276190973,15.0,4.176064676861703,0,0,14.894528991065712
338,0.8531906961125282,25595.720883375845,9.512505316276737,15.0,4.0798910246420785,0,0,14.894528991065712
339,0.8546521318829448,25639.563956488342,9.469318166130924,15.0,3.9871423828578685,0,0,14.894528991065712
340,0.8561243047790558,25683.729143371675,9.427738623038177,15.0,3.8978462349333265,0,0,14.894528991065712
341,0.8576068226880861,25728.204680642582,9.387779007914475,15.0,3.8120290412442364,0,0,14.894528991065712
342,0.8590992904318094,25772.978712954282,9.34945116165618,15.0,3.7297162312771897,0,0,14.894528991065712
343,0.8606013098836491,25818.039296509472,9.312766441631318,15.0,3.6509321960942254,0,0,14.894528991065712
344,0.8621124800866511,25863.374402599533,9.27773571831416,15.0,3.5757002811052754,0,0,14.894528991065712
345,0.8636323973722965,25908.971921168893,9.244369372064043,15.0,3.504042779150379,0,0,14.894528991065712
346,0.8651606554801166,25954.819664403498,9.212677290049466,15.0,3.4359809238938697,0,0,14.894528991065712
347,0.8666968456780776,26000.905370342327,9.182668863318304,15.0,3.371534883532348,0,0,14.894528991065712
348,0.8682405568836957,26047.216706510873,9.154352984015032,15.0,3.310723754818441,0,0,14.894528991065712
349,0.8697913757858509,26093.741273575524,9.127738042745793,15.0,3.253565557401987,0,0,14.894528991065712
350,0.8713488869672583,26140.46660901775,9.102831926092083,15.0,3.200077228490464,0,0,14.894528991065712
351,0.8729126730275673,26187.380190827018,9.079642014273785,15.0,3.150274617830099,0,0,14.894528991065712
352,0.8744823147070445,26234.469441211335,9.058175178962248,15.0,3.104172483009256,0,0,14.894528991065712
353,0.8760573910108105,26281.721730324316,9.03843778124407,15.0,3.061784485085453,0,0,14.894528991065712
354,0.8776374793335894,26329.12438000768,9.020435669736163,15.0,3.023123184537281,0,0,14.894528991065712
355,0.8792221555849359,26376.664667548077,9.004174178852681,15.0,2.9882000375424704,0,0,14.894528991065712
356,0.8808109943149024,26424.329829447073,8.989658127224324,15.0,2.957025392583179,0,0,14.894528991065712
357,0.8824035688401092,26472.107065203276,8.976891816270477,15.0,2.9296084873795114,0,0,14.894528991065712
358,0.8839994513701794,26519.983541105383,8.96587902892459,15.0,2.9059574461521906,0,0,14.894528991065712
359,0.8855982131345034,26567.9463940351,8.956623028513233,15.0,2.8860792772151553,0,0,14.894528991065712
360,0.887199424509292,26615.98273527876,8.949126557789084,15.0,2.8699798708988706,0,0,14.894528991065712
361,0.888802655144884,26664.07965434652,8.943391838118208,15.0,2.8576639978048854,0,0,14.894528991065712
362,0.890407474093267,26712.22422279801,8.939420568821813,15.0,2.8491353073921912,0,0,14.894528991065712
363,0.8920134499357777,26760.40349807333,8.93721392667269,15.0,2.844396326895823,0,0,14.894528991065712
364,0.8936201509109398,26808.604527328196,8.936772565546539,15.0,2.843448460577978,0,0,14.894528991065712
365,0.8952271450424051,26856.81435127215,8.938096616228183,15.0,2.8462919893119016,0,0,14.894528991065712
366,0.8968340002669563,26905.020008008687,8.94118568637283,15.0,2.852926070498662,0,0,14.894528991065712
367,0.8984402845625371,26953.208536876115,8.946038860622329,15.0,2.8633487383168306,0,0,14.894528991065712
368,0.9000455660762705,27001.366982288117,8.952654700876408,15.0,2.8775569043049902,0,0,14.894528991065712
369,0.901649413252425,27049.48239757275,8.961031246718822,15.0,2.8955463582769188,0,0,14.894528991065712
370,0.9032513949602938,27097.541848808814,8.971166015998255,15.0,2.917311769569168,0,0,14.894528991065712
371,0.9048510806219494,27145.532418658484,8.983056005563846,15.0,2.9428466886206306,0,0,14.894528991065712
372,0.906448040339832,27193.44121019496,8.996697692155074,15.0,2.972143548883705,0,0,14.894528991065712
373,0.9080418450241378,27241.255350724132,9.012087033445793,15.0,3.0051936690664145,0,0,14.894528991065712
374,0.9096320665199673,27288.96199559902,9.02921946924205,15.0,3.04198725570487,0,0,14.894528991065712
375,0.9112182777341976,27336.54833202593,9.04808992283337,15.0,3.082513406065284,0,0,14.894528991065712
376,0.9128000527620385,27384.001582861154,9.0686928024971,15.0,3.126760111374672,0,0,14.894528991065712
377,0.9143769670132373,27431.30901039712,9.091022003155341,15.0,3.174714260379333,0,0,14.894528991065712
378,0.9159485973378948,27478.457920136843,9.115070908184041,15.0,3.2263616432299824,0,0,14.894528991065712
379,0.9175145221518528,27525.435664555585,9.14083239137362,15.0,3.281686955692434,0,0,14.894528991065712
380,0.9190743215616196,27572.229646848587,9.16829881904063,15.0,3.340673803682595,0,0,14.894528991065712
381,0.9206275774887925,27618.827324663776,9.197462052289778,15.0,3.4033047081243577,0,0,14.894528991065712
382,0.9221738737939442,27665.216213818327,9.228313449425661,15.0,3.4695611101290567,0,0,14.894528991065712
383,0.9237127963999333,27711.383891998,9.26084386851348,15.0,3.5394233764948435,0,0,14.894528991065712
384,0.9252439334146049,27757.318002438147,9.295043670087995,15.0,3.6128708055244525,0,0,14.894528991065712
385,0.9267668752528427,27803.006257585283,9.330902720009902,15.0,3.6898816331595206,0,0,14.894528991065712
386,0.9282812147579381,27848.436442738144,9.368410392468814,15.0,3.7704330394298005,0,0,14.894528991065712
387,0.9297865473222394,27893.59641966718,9.407555573131896,15.0,3.8545011552151687,0,0,14.894528991065712
388,0.9312824710070458,27938.474130211373,9.4483266624373,15.0,3.9420610693185845,0,0,14.894528991065712
389,0.9327685866617107,27983.05759985132,9.490711579031347,15.0,4.03308683584779,0,0,14.894528991065712
390,0.9342444980419183,28027.33494125755,9.534697763348513,15.0,4.127551481903682,0,0,14.894528991065712
391,0.9357098119271,28071.294357813,9.58027218133308,15.0,4.2254270155729055,0,0,14.894528991065712
392,0.9371641382369531,28114.92414710859,9.62742132830143,15.0,4.326684434222519,0,0,14.894528991065712
393,0.9386070901470308,28158.212704410926,9.676131232943746,15.0,4.43129373309405,0,0,14.894528991065712
394,0.9400382842033668,28201.148526101002,9.726387461464045,15.0,4.5392239141946025,0,0,14.894528991065712
395,0.9414573404361001,28243.720213083,9.778175121857196,15.0,4.650442995482186,0,0,14.894528991065712
396,0.942863882472069,28285.91647416207,9.83147886832175,15.0,4.76491802034271,0,0,14.894528991065712
397,0.9442575376463385,28327.726129390154,9.886282905807242,15.0,4.882615067355729,0,0,14.894528991065712
398,0.9456379371126286,28369.138113378856,9.942570994694602,15.0,5.003499260346118,0,0,14.894528991065712
399,0.9470047159526119,28410.141478578356,10.000326455608292,15.0,5.127534778718582,0,0,14.894528991065712
400,0.9483575132840464,28450.72539852139,10.059532174358779,15.0,5.254684868072138,0,0,14.894528991065712
401,0.9496959723677127,28490.87917103138,10.120170607013835,15.0,5.384911851091173,0,0,14.894528991065712
402,0.9510197407131241,28530.592221393723,10.182223785097179,15.0,5.518177138710099,0,0,14.894528991065712
403,0.9523284701829762,28569.854105489285,10.245673320912925,15.0,5.654441241548088,0,0,14.894528991065712
404,0.9536218170963081,28608.654512889243,10.310500412994262,15.0,5.793663781610659,0,0,14.894528991065712
405,0.9548994423303427,28646.98326991028,10.376685851674722,15.0,5.935803504254515,0,0,14.894528991065712
406,0.9561610114209755,28684.830342629266,10.444210024780423,15.0,6.080818290412211,0,0,14.894528991065712
407,0.9574061946618839,28722.185839856516,10.513052923441581,15.0,6.228665169072926,0,0,14.894528991065712
408,0.9586346672022259,28759.040016066778,10.583194148021578,15.0,6.379300330015731,0,0,14.894528991065712
409,0.9598461091429014,28795.38327428704,10.654612914161792,15.0,6.532679136791449,0,0,14.894528991065712
410,0.9610402056313437,28831.206168940313,10.727288058940479,15.0,6.688756139949463,0,0,14.894528991065712
411,0.9622166469548188,28866.499408644562,10.801198047143776,15.0,6.847485090505305,0,0,14.894528991065712
412,0.9633751286321983,28901.25385896595,10.87632097764708,15.0,7.0088189536452905,0,0,14.894528991065712
413,0.9645153515041852,28935.460545125556,10.952634589904784,15.0,7.172709922663881,0,0,14.894528991065712
414,0.9656370218219601,28969.1106546588,11.030116270546607,15.0,7.339109433129918,0,0,14.894528991065712
415,0.9667398513342261,29002.195540026783,11.108743060078377,15.0,7.507968177277247,0,0,14.894528991065712
416,0.9678235573726236,29034.706721178707,11.188491659685443,15.0,7.679236118615699,0,0,14.894528991065712
417,0.9688878629354909,29066.635888064728,11.269338438136643,15.0,7.852862506758009,0,0,14.894528991065712
418,0.969932496769946,29097.97490309838,11.351259438786688,15.0,8.028795892458184,0,0,14.894528991065712
419,0.9709571934522644,29128.71580356793,11.434230386675097,15.0,8.206984142857108,0,0,14.894528991065712
420,0.9719616934665302,29158.850803995905,11.518226695719346,15.0,8.387374456930555,0,0,14.894528991065712
421,0.9729457432815362,29188.372298446084,11.603223476000277,15.0,8.569913381135336,0,0,14.894528991065712
422,0.9739090954259101,29217.272862777303,11.68919554113752,15.0,8.754546825248703,0,0,14.894528991065712
423,0.974851508561447,29245.54525684341,11.77611741575273,15.0,8.941220078396416,0,0,14.894528991065712
424,0.9757727475546213,29273.18242663864,11.863963343018542,15.0,9.129877825264858,0,0,14.894528991065712
425,0.9766725835462634,29300.177506387903,11.95270729229083,15.0,9.320464162492046,0,0,14.894528991065712
426,0.9775507940193748,29326.523820581246,12.04232296682218,15.0,9.512922615233089,0,0,14.894528991065712
427,0.9784071628650647,29352.21488595194,12.132783811554157,15.0,9.707196153894825,0,0,14.894528991065712
428,0.979241480446588,29377.24441339764,12.224063020986172,15.0,9.903227211035004,0,0,14.894528991065712
429,0.9800535436614649,29401.606309843948,12.316133547118493,15.0,10.100957698420677,0,0,14.894528991065712
430,0.980843156001665,29425.294680049952,12.40896810746719,15.0,10.300329024241076,0,0,14.894528991065712
431,0.9816101276118365,29448.303828355096,12.50253919314849,15.0,10.50128211046956,0,0,14.894528991065712
432,0.9823542753455645,29470.628260366935,12.596819077030284,15.0,10.703757410369779,0,0,14.894528991065712
433,0.9830754228196412,29492.262684589237,12.691779821948252,15.0,10.907694926140579,0,0,14.894528991065712
434,0.9837734004663323,29513.20201398997,12.787393288984243,15.0,11.113034226694701,0,0,14.894528991065712
435,0.9844480455836233,29533.441367508698,12.883631145804477,15.0,11.319714465565824,0,0,14.894528991065712
436,0.9850992023834317,29552.97607150295,12.980464875054988,15.0,11.527674398938624,0,0,14.894528991065712
437,0.9857267220377703,29571.80166113311,13.077865782811966,15.0,11.736852403796721,0,0,14.894528991065712
438,0.9863304627228486,29589.913881685457,13.175805007084346,15.0,11.947186496182827,0,0,14.894528991065712
439,0.9869102896610974,29607.30868983292,13.274253526366294,15.0,12.158614349566012,0,0,14.894528991065712
440,0.9874660751611071,29623.982254833212,13.373182168236823,15.0,12.371073313310283,0,0,14.894528991065712
441,0.987997698655465,29639.93095966395,13.472561618004324,15.0,12.58450043123951,0,0,14.894528991065712
442,0.9885050467364822,29655.151402094467,13.57236242739302,15.0,12.798832460292441,0,0,14.894528991065712
443,0.9889880131897987,29669.64039569396,13.67255502326924,15.0,13.014005889263277,0,0,14.894528991065712
444,0.9894464990258567,29683.394970775702,13.773109716404468,15.0,13.229956957621148,0,0,14.894528991065712
445,0.9898804125092339,29696.412375277017,13.873996710272984,15.0,13.44662167440389,0,0,14.894528991065712
446,0.9902896691858265,29708.690075574796,13.975186109881195,15.0,13.663935837179936,0,0,14.894528991065712
447,0.9906741919078745,29720.225757236236,14.07664793062614,15.0,13.881835051072809,0,0,14.894528991065712
448,0.9910339108568226,29731.017325704677,14.178352107180615,15.0,14.100254747842808,0,0,14.894528991065712
449,0.9913687635640084,29741.06290692025,14.280268502402146,15.0,14.319130205019867,0,0,14.894528991065712
450,0.991678694929174,29750.36084787522,14.3823669162633,15.0,14.538396565082333,0,0,14.894528991065712
451,0.9919636572367929,29758.909717103787,14.484617094800575,15.0,14.757988854675542,0,0,14.894528991065712
452,0.9922236101702091,29766.708305106273,14.586988739079342,15.0,14.977842003864922,0,0,14.894528991065712
453,0.992458520823584,29773.75562470752,14.689451514172035,15.0,15.19789086541753,0,0,14.894528991065712
454,0.992668363711647,29780.05091134941,14.791975058147061,15.0,15.41807023410664,0,0,14.894528991065712
455,0.9928531207772476,29785.59362331743,14.894528991065716,15.0,15.638314866033477,0,0,14.894528991065712
456,0.9930127813967053,29790.383441901162,14.997082923984356,15.0,15.858559497960286,0,0,14.894528991065712
457,0.9931473423829591,29794.420271488772,15.099606467959392,15.0,16.078738866649413,0,0,14.894528991065712
458,0.99325680798651,29797.7042395953,15.202069243052073,15.0,16.298787728202004,0,0,14.894528991065712
459,0.9933411898941632,29800.235696824897,15.304440887330845,15.0,16.51864087739139,0,0,14.894528991065712
460,0.9934005072255643,29802.01521676693,15.40669106586812,15.0,16.7382331669846,0,0,14.894528991065712
461,0.9934347865275335,29803.043595826006,15.508789479729277,15.0,16.95749952704707,0,0,14.894528991065712
462,0.9934440617661998,29803.321852985995,15.610705874950806,15.0,17.176374984224125,0,0,14.894528991065712
463,0.9934283743169355,29802.851229508065,15.71241005150528,15.0,17.394794680994128,0,0,14.894528991065712
464,0.9933877729520962,29801.633188562886,15.813871872250228,15.0,17.61269389488701,0,0,14.894528991065712
465,0.9933223138265683,29799.66941479705,15.915061271858438,15.0,17.830008057663044,0,0,14.894528991065712
466,0.9932320604611293,29796.96181383388,16.01594826572696,15.0,18.046672774445796,0,0,14.894528991065712
467,0.9931170837236251,29793.512511708752,16.11650295886218,15.0,18.262623842803656,0,0,14.894528991065712
468,0.9929774618079701,29789.3238542391,16.216695554738394,15.0,18.47779727177448,0,0,14.894528991065712
469,0.9928132802109769,29784.398406329306,16.316496364127097,15.0,18.692129300827425,0,0,14.894528991065712
470,0.992624631707022,29778.73895121066,16.415875813894594,15.0,18.90555641875664,0,0,14.894528991065712
471,0.9924116163205543,29772.34848961663,16.514804455765127,15.0,19.11801538250092,0,0,14.894528991065712
472,0.9921743412964558,29765.230238893673,16.613252975047068,15.0,19.3294432358841,0,0,14.894528991065712
473,0.9919129210682627,29757.38763204788,16.71119219931945,15.0,19.5397773282702,0,0,14.894528991065712
474,0.9916274772242565,29748.824316727696,16.808593107076426,15.0,19.748955333128304,0,0,14.894528991065712
475,0.9913181384714344,29739.54415414303,16.905426836326946,15.0,19.95691526650112,0,0,14.894528991065712
476,0.9909850405973705,29729.551217921115,17.00166469314718,15.0,20.163595505372232,0,0,14.894528991065712
477,0.9906283264299798,29718.849792899393,17.097278160183176,15.0,20.368934805926365,0,0,14.894528991065712
478,0.9902481457951942,29707.444373855826,17.192238905101135,15.0,20.572872321697158,0,0,14.894528991065712
479,0.9898446554725667,29695.339664177,17.286518788982928,15.0,20.775347621597373,0,0,14.894528991065712
480,0.9894180191488138,29682.540574464412,17.380089874664232,15.0,20.976300707825857,0,0,14.894528991065712
481,0.9889684073693115,29669.052221079342,17.472924435012928,15.0,21.17567203364626,0,0,14.894528991065712
482,0.9884959974875592,29654.879924626777,17.56499496114525,15.0,21.37340252103193,0,0,14.894528991065712
483,0.9880009736126263,29640.02920837879,17.65627417057726,15.0,21.569433578172116,0,0,14.894528991065712
484,0.9874835265545961,29624.505796637884,17.74673501530924,15.0,21.763707116833846,0,0,14.894528991065712
485,0.9869438537680253,29608.31561304076,17.836350689840593,15.0,21.956165569574893,0,0,14.894528991065712
486,0.9863821592934333,29591.464778802998,17.925094639112885,15.0,22.146751906802088,0,0,14.894528991065712
487,0.9857986536968409,29573.95961090523,18.012940566378692,15.0,22.335409653670524,0,0,14.894528991065712
488,0.9851935540073757,29555.806620221272,18.099862440993906,15.0,22.52208290681824,0,0,14.894528991065712
489,0.9845670836529605,29537.012509588814,18.185834506131137,15.0,22.706716350931586,0,0,14.894528991065712
490,0.9839194723941073,29517.58417182322,18.270831286412076,15.0,22.88925527513637,0,0,14.894528991065712
491,0.9832509562558346,29497.528687675036,18.35482759545632,15.0,23.069645589209813,0,0,14.894528991065712
492,0.9825617774577277,29476.85332373183,18.437798543344734,15.0,23.247833839608752,0,0,14.894528991065712
493,0.9818521843421639,29455.565530264917,18.519719543994775,15.0,23.42376722530892,0,0,14.894528991065712
494,0.9811224313007236,29433.672939021708,18.600566322445978,15.0,23.59739361345124,0,0,14.894528991065712
495,0.980372778698808,29411.18336096424,18.68031492205304,15.0,23.76866155478968,0,0,14.894528991065712
496,0.9796034927984879,29388.104783954637,18.758941711584814,15.0,23.937520298937017,0,0,14.894528991065712
497,0.9788148456796038,29364.44537038811,18.836423392226635,15.0,24.103919809403056,0,0,14.894528991065712
498,0.978007115159143,29340.21345477429,18.912737004484345,15.0,24.267810778421648,0,0,14.894528991065712
499,0.9771805847089171,29315.417541267514,18.987859934987643,15.0,24.429144641561635,0,0,14.894528991065712
500,0.9763355433715623,29290.066301146868,19.061769923190944,15.0,24.58787359211747,0,0,14.894528991065712
501,0.9754722856748899,29264.168570246697,19.13444506796963,15.0,24.743950595275486,0,0,14.894528991065712
502,0.974591111544612,29237.73334633836,19.20586383410984,15.0,24.897329402051206,0,0,14.894528991065712
503,0.9736923262154665,29210.769786463996,19.27600505868984,15.0,25.04796456299401,0,0,14.894528991065712
504,0.9727762401407697,29183.287204223092,19.344847957350996,15.0,25.195811441654726,0,0,14.894528991065712
505,0.971843168900422,29155.29506701266,19.412372130456696,15.0,25.34082622781242,0,0,14.894528991065712
506,0.9708934331073951,29126.802993221852,19.47855756913716,15.0,25.482965950456276,0,0,14.894528991065712
507,0.9699273583127271,29097.820749381815,19.543384661218493,15.0,25.622188490518838,0,0,14.894528991065712
508,0.9689452749090555,29068.358247271663,19.606834197034246,15.0,25.758452593356846,0,0,14.894528991065712
509,0.9679475180327131,29038.425540981392,19.668887375117585,15.0,25.891717880975754,0,0,14.894528991065712
510,0.9669344274644219,29008.03282393266,19.729525807772642,15.0,26.021944863994804,0,0,14.894528991065712
511,0.9659063475286074,28977.19042585822,19.78873152652313,15.0,26.149094953348346,0,0,14.894528991065712
512,0.9648636269913681,28945.908809741042,19.84648698743682,15.0,26.273130471720826,0,0,14.894528991065712
513,0.9638066189571286,28914.19856871386,19.90277507632418,15.0,26.3940146647112,0,0,14.894528991065712
514,0.9627356807640076,28882.070422920227,19.95757911380968,15.0,26.51171171172424,0,0,14.894528991065712
515,0.9616511738779301,28849.535216337903,20.010882860274226,15.0,26.62618673658475,0,0,14.894528991065712
516,0.9605534637855179,28816.603913565537,20.062670520667375,15.0,26.737405817872336,0,0,14.894528991065712
517,0.9594429198857877,28783.28759657363,20.11292674918768,15.0,26.84533599897289,0,0,14.894528991065712
518,0.9583199153806903,28749.597461420708,20.161636653829994,15.0,26.94994529784442,0,0,14.894528991065712
519,0.9571848271645227,28715.54481493568,20.20878580079834,15.0,27.05120271649403,0,0,14.894528991065712
520,0.9560380357122464,28681.141071367394,20.254360218782907,15.0,27.149078250163257,0,0,14.894528991065712
521,0.9548799249667447,28646.39774900234,20.298346403100076,15.0,27.24354289621915,0,0,14.894528991065712
522,0.9537108822250508,28611.326466751525,20.34073131969412,15.0,27.334568662748357,0,0,14.894528991065712
523,0.9525312980235853,28575.938940707558,20.381502408999523,15.0,27.42212857685177,0,0,14.894528991065712
524,0.95134156602243,28540.246980672902,20.420647589662607,15.0,27.506196692637136,0,0,14.894528991065712
525,0.9501420828886797,28504.26248666039,20.458155262121522,15.0,27.58674809890742,0,0,14.894528991065712
526,0.9489332481788992,28467.99744536698,20.49401431204343,15.0,27.663758926542492,0,0,14.894528991065712
527,0.947715464220728,28431.46392662184,20.528214113617942,15.0,27.73720635557209,0,0,14.894528991065712
528,0.9464891359936604,28394.67407980981,20.560744532705762,15.0,27.807068621937887,0,0,14.894528991065712
529,0.9452546710090421,28357.640130271266,20.591595929841642,15.0,27.873325023942584,0,0,14.894528991065712
530,0.9440124791893162,28320.374375679487,20.620759163090796,15.0,27.935955928384352,0,0,14.894528991065712
531,0.9427629727465531,28282.889182396593,20.648225590757804,15.0,27.994942776374504,0,0,14.894528991065712
532,0.9415065660603041,28245.196981809124,20.67398707394738,15.0,28.050268088836958,0,0,14.894528991065712
533,0.9402436755548118,28207.310266644356,20.698035978976083,15.0,28.101915471687605,0,0,14.894528991065712
534,0.9389747195756142,28169.241587268425,20.720365179634324,15.0,28.14986962069227,0,0,14.894528991065712
535,0.93770011826558,28131.0035479674,20.740968059298048,15.0,28.194116326001655,0,0,14.894528991065712
536,0.9364202934404113,28092.60880321234,20.759838512889374,15.0,28.23464247636207,0,0,14.894528991065712
537,0.9351356684636505,28054.070053909516,20.77697094868563,15.0,28.27143606300053,0,0,14.894528991065712
538,0.9338466681212285,28015.400043636855,20.79236028997635,15.0,28.304486183183236,0,0,14.894528991065712
539,0.9325537184955914,27976.611554867744,20.80600197656758,15.0,28.33378304344631,0,0,14.894528991065712
540,0.9312572468394434,27937.717405183303,20.817891966133164,15.0,28.35931796249777,0,0,18.894528991065712
541,0.9297712324360143,27893.13697308043,26.42149712924809,15.0,28.381083373790027,0,0,18.894528991065712
542,0.9282824785260919,27848.474355782757,26.432123238228062,15.0,28.399072827761948,0,0,18.894528991065712
543,0.9267914308738711,27803.74292621613,26.440515795358,15.0,28.41328099375011,0,0,18.894528991065712
544,0.9252985359232322,27758.956077696967,26.446672313742088,15.0,28.423703661568283,0,0,18.894528991065712
545,0.9238042406654502,27714.127219963506,26.450590969071065,15.0,28.430337742755036,0,0,18.894528991065712
546,0.9223089925067409,27669.26977520223,26.452270600162787,15.0,28.433181271488966,0,0,18.894528991065712
547,0.9208132391356856,27624.397174070567,26.45171070930631,15.0,28.432233405171118,0,0,18.894528991065712
548,0.9193174283905705,27579.522851717116,26.448911462409384,15.0,28.42749442467475,0,0,18.894528991065712
549,0.9178220081266834,27534.6602438005,26.443873688949267,15.0,28.41896573426206,0,0,18.894528991065712
550,0.9163274260836036,27489.82278250811,26.43659888172697,15.0,28.406649861168066,0,0,18.894528991065712
551,0.9148341297525281,27445.023892575842,26.427089196424866,15.0,28.390550454851788,0,0,18.894528991065712
552,0.9133425662436689,27400.27698731007,26.41534745096795,15.0,28.37067228591475,0,0,18.894528991065712
553,0.9118531821537663,27355.59546461299,26.40137712468881,15.0,28.347021244687433,0,0,18.894528991065712
554,0.910366423433751,27310.99270301253,26.385182357296625,15.0,28.319604339483764,0,0,18.894528991065712
555,0.9088827352566002,27266.482057698006,26.36676794765049,15.0,28.288429694524474,0,0,18.894528991065712
556,0.907402561885423,27222.07685656269,26.34613935233739,15.0,28.25350654752966,0,0,18.894528991065712
557,0.9059263465418156,27177.790396254466,26.323302684055328,15.0,28.21484524698149,0,0,18.894528991065712
558,0.9044545312745251,27133.635938235755,26.29826470980196,15.0,28.172457249057686,0,0,18.894528991065712
559,0.9029875568284615,27089.626704853847,26.27103284886943,15.0,28.126355114236848,0,0,18.894528991065712
560,0.9015258625140945,27045.775875422834,26.24161517064584,15.0,28.07655250357648,0,0,18.894528991065712
561,0.9000698860772769,27002.096582318307,26.210020392224134,15.0,28.023064174664952,0,0,18.894528991065712
562,0.898620063569531,26958.60190708593,26.176257875819033,15.0,27.965905977248504,0,0,18.894528991065712
563,0.8971768292188371,26915.304876565115,26.14033762599279,15.0,27.905094848534596,0,0,18.894528991065712
564,0.8957406153009626,26872.218459028878,26.10227028669067,15.0,27.84064880817307,0,0,18.894528991065712
565,0.894311852011369,26829.355560341068,26.06206713808686,15.0,27.772586952916562,0,0,18.894528991065712
566,0.8928909673377355,26786.729020132065,26.01974009324194,15.0,27.70092945096167,0,0,18.894528991065712
567,0.891478386933138,26744.35160799414,25.975301694572796,15.0,27.625697535972712,0,0,18.894528991065712
568,0.8900745339899179,26702.236019697535,25.928765110136013,15.0,27.546913500789756,0,0,18.894528991065712
569,0.8886798291142813,26660.39487342844,25.8801441297259,15.0,27.464600690822706,0,0,18.894528991065712
570,0.8872946902016647,26618.84070604994,25.829453160788283,15.0,27.37878349713363,0,0,18.894528991065712
571,0.8859195323129034,26577.585969387103,25.776707224151245,15.0,27.289487349209075,0,0,18.894528991065712
572,0.8845547675512395,26536.643026537186,25.72192194957418,15.0,27.196738707424863,0,0,18.894528991065712
573,0.8832008049402077,26496.02414820623,25.665113571116308,15.0,27.100565055205248,0,0,18.894528991065712
574,0.8818580503024319,26455.74150907296,25.60629892232617,15.0,27.00099489087894,0,0,18.894528991065712
575,0.8805269061393721,26415.807184181165,25.545495431253553,15.0,26.898057719234565,0,0,18.894528991065712
576,0.8792077715120538,26376.233145361613,25.482721115285088,15.0,26.79178404277762,0,0,18.894528991065712
577,0.8779010419228177,26337.03125768453,25.417994575805395,15.0,26.682205352692037,0,0,18.894528991065712
578,0.8766071091981243,26298.21327594373,25.351334992685018,15.0,26.56935411950858,0,0,18.894528991065712
579,0.875326361372447,26259.79084117341,25.28276211859708,15.0,26.453263783483173,0,0,18.894528991065712
580,0.8740591825732887,26221.775477198662,25.212296273164085,15.0,26.333968744687795,0,0,18.894528991065712
581,0.8728059529073574,26184.178587220722,25.13995833693683,15.0,26.211504352817073,0,0,18.894528991065712
582,0.8715670483479314,26147.01145043794,25.065769745206982,15.0,26.085906896713304,0,0,18.894528991065712
583,0.8703428406234509,26110.285218703528,24.989752481655394,15.0,25.957213593613314,0,0,18.894528991065712
584,0.8691336971073671,26074.010913221013,24.911929071837854,15.0,25.82546257812029,0,0,18.894528991065712
585,0.8679399807092805,26038.199421278416,24.832322576510254,15.0,25.690692890903524,0,0,18.894528991065712
586,0.8667620497674041,26002.861493022123,24.750956584795205,15.0,25.552944467129898,0,0,18.894528991065712
587,0.8656002579423793,25968.00773827138,24.667855207192062,15.0,25.41225812463022,0,0,18.894528991065712
588,0.8644549541124791,25933.64862337437,24.58304306843251,15.0,25.268675551804066,0,0,18.894528991065712
589,0.8633264822702273,25899.794468106822,24.496545300183644,15.0,25.12223929526651,0,0,18.894528991065712
590,0.8622151814204673,25866.455442614017,24.408387533600973,15.0,24.972992747240724,0,0,18.894528991065712
591,0.8611213854799057,25833.64156439717,24.318595891733324,15.0,24.820980132699866,0,0,18.894528991065712
592,0.8600454231781676,25801.362695345026,24.227196981782058,15.0,24.666246496262353,0,0,18.894528991065712
593,0.8589876179603856,25769.62853881157,24.13421788721675,15.0,24.508837688844093,0,0,18.894528991065712
594,0.8579482878913568,25738.448636740704,24.039686159749763,15.0,24.348800354071873,0,0,18.894528991065712
595,0.8569277455612926,25707.83236683878,23.943629811172112,15.0,24.186181914461876,0,0,18.894528991065712
596,0.8559262979931922,25677.788939795766,23.846077305052933,15.0,24.021030557367336,0,0,18.894528991065712
597,0.8549442465518646,25648.32739655594,23.74705754830517,15.0,23.853395220699646,0,0,18.894528991065712
598,0.8539818868546278,25619.456605638836,23.646599882619746,15.0,23.683325578426913,0,0,18.894528991065712
599,0.8530395086837111,25591.185260511334,23.54473407577106,15.0,23.510872025854542,0,0,18.894528991065712
600,0.8521173959003864,25563.52187701159,23.44149031279613,15.0,23.336085664692007,0,0,18.894528991065712
601,0.8512158263608536,25536.474790825607,23.336899187050115,15.0,23.159018287910342,0,0,18.894528991065712
602,0.8503350718339064,25510.052155017194,23.230991691140833,15.0,22.979722364394704,0,0,18.894528991065712
603,0.8494753979204012,25484.261937612035,23.123799207744973,15.0,22.798251023396734,0,0,18.894528991065712
604,0.8486370639745531,25459.11191923659,23.015353500308798,15.0,22.614658038791276,0,0,18.894528991065712
605,0.8478203230270845,25434.609690812536,22.905686703635855,15.0,22.428997813141915,0,0,18.894528991065712
606,0.8470254217102466,25410.7626513074,22.79483131436481,15.0,22.241325361580383,0,0,18.894528991065712
607,0.8462526001847366,25387.5780055421,22.682820181339935,15.0,22.051696295504364,0,0,18.894528991065712
608,0.8455020920685328,25365.062762055983,22.569686495877377,15.0,21.860166806098707,0,0,18.894528991065712
609,0.8447741243676689,25343.223731030066,22.455463781929737,15.0,21.666793647684624,0,0,18.894528991065712
610,0.8440689174089672,25322.067522269015,22.340185886152316,15.0,21.47163412090235,0,0,18.894528991065712
611,0.8433866847747505,25301.600543242515,22.223886967873497,15.0,21.274746055731477,0,0,18.894528991065712
612,0.8427276332395539,25281.828997186618,22.106601488972725,15.0,21.076187794354972,0,0,18.894528991065712
613,0.8420919627088523,25262.75888126557,21.988364203668617,15.0,20.876018173870875,0,0,18.894528991065712
614,0.8414798661598243,25244.39598479473,21.86921014822059,15.0,20.674296508857786,0,0,18.894528991065712
615,0.8408915295841691,25226.745887525074,21.74917463054682,15.0,20.471082573798547,0,0,18.894528991065712
616,0.8403271319329932,25209.813957989798,21.62829321976176,15.0,20.266436585367806,0,0,18.894528991065712
617,0.8397868450637828,25193.605351913484,21.506601735636288,15.0,20.0604191845886,0,0,18.894528991065712
618,0.8392708336894791,25178.125010684373,21.38413623798345,15.0,19.853091418862977,0,0,18.894528991065712
619,0.8387792553296702,25163.377659890106,21.26093301597323,15.0,19.64451472388243,0,0,18.894528991065712
620,0.8383122602639151,25149.367807917453,21.137028577379233,15.0,19.434750905423098,0,0,18.894528991065712
621,0.8378699914872118,25136.099744616353,21.01245963776072,15.0,19.22386212103152,0,0,18.894528991065712
622,0.8374525846676252,25123.577540028757,20.887263109582904,15.0,19.011910861605838,0,0,18.894528991065712
623,0.8370601681060862,25111.805043182587,20.761476091279043,15.0,18.798959932878503,0,0,18.894528991065712
624,0.8366928626983724,25100.78588095117,20.635135856257364,15.0,18.585072436805532,0,0,18.894528991065712
625,0.8363507818992848,25090.523456978543,20.50827984185615,15.0,18.37031175286811,0,0,18.894528991065712
626,0.8360340316890285,25081.020950670852,20.38094563825028,15.0,18.154741519291832,0,0,18.894528991065712
627,0.8357427105418082,25072.281316254244,20.253170977312323,15.0,17.93842561418922,0,0,18.894528991065712
628,0.8354769093966489,25064.307281899466,20.124993721431963,15.0,17.721428136631495,0,0,18.894528991065712
629,0.8352367116304477,25057.10134891343,19.996451852296374,15.0,17.503813387654404,0,0,18.894528991065712
630,0.8350221930332684,25050.665790998053,19.867583459635576,15.0,17.28564585120462,0,0,18.894528991065712
631,0.8348334217858826,25045.002653576477,19.738426729935505,15.0,17.06699017503162,0,0,18.894528991065712
632,0.8346704584395664,25040.113753186994,19.609019935122596,15.0,16.847911151531225,0,0,18.894528991065712
633,0.8345333558981581,25036.000676944743,19.479401421222978,15.0,16.628473698546184,0,0,18.894528991065712
634,0.834422159402381,25032.664782071428,19.349609596999734,15.0,16.40874284012972,0,0,18.894528991065712
635,0.8343369065164381,25030.107195493143,19.219682922571508,15.0,16.18878368727733,0,0,18.894528991065712
636,0.8342776271168812,25028.328813506436,19.08965989801597,15.0,15.968661418633097,0,0,18.894528991065712
637,0.8342443433837572,25027.330301512717,18.959579051961448,15.0,15.748441261175884,0,0,18.894528991065712
638,0.8342370697940362,25027.112093821088,18.82947893016998,15.0,15.528188470891067,0,0,18.894528991065712
639,0.8342558131173214,25027.674393519643,18.699398084115458,15.0,15.307968313433857,0,0,18.894528991065712
640,0.8343005724138431,25029.017172415293,18.569375059559917,15.0,15.087846044789618,0,0,18.894528991065712
641,0.8343713390347374,25031.14017104212,18.43944838513169,15.0,14.867886891937228,0,0,18.894528991065712
642,0.8344680966246086,25034.04289873826,18.30965656090845,15.0,14.648156033520763,0,0,18.894528991065712
643,0.8345908211263765,25037.724633791295,18.180038047008843,15.0,14.428718580535751,0,0,18.894528991065712
644,0.834739480788404,25042.18442365212,18.050631252195927,15.0,14.209639557035329,0,0,18.894528991065712
645,0.8349140361739066,25047.421085217196,17.921474522495842,15.0,13.990983880862306,0,0,18.894528991065712
646,0.8351144401726378,25053.433205179135,17.79260612983504,15.0,13.772816344412524,0,0,18.894528991065712
647,0.8353406380148494,25060.219140445482,17.664064260699465,15.0,13.555201595435456,0,0,18.894528991065712
648,0.8355925672875205,25067.777018625617,17.535887004819102,15.0,13.33820411787773,0,0,18.894528991065712
649,0.8358701579528522,25076.104738585567,17.408112343881147,15.0,13.121888212775117,0,0,18.894528991065712
650,0.8361733323690211,25085.199971070633,17.280778140275263,15.0,12.906317979198821,0,0,18.894528991065712
651,0.836502005313186,25095.06015939558,17.153922125874068,15.0,12.691557295261417,0,0,18.894528991065712
652,0.8368560840067418,25105.682520202256,17.027581890852396,15.0,12.477669799188469,0,0,18.894528991065712
653,0.8372354681428117,25117.06404428435,16.90179487254853,15.0,12.264718870461111,0,0,18.894528991065712
654,0.8376400499159697,25129.20149747909,16.77659834437071,15.0,12.052767611035431,0,0,18.894528991065712
655,0.8380697140541866,25142.0914216256,16.652029404752195,15.0,11.841878826643853,0,0,18.894528991065712
656,0.838524337852987,25155.73013558961,16.5281249661582,15.0,11.632115008184524,0,0,18.894528991065712
657,0.839003791211809,25170.11373635427,16.404921744147977,15.0,11.42353831320397,0,0,18.894528991065712
658,0.8395079366725567,25185.238100176703,16.28245624649514,15.0,11.216210547478347,0,0,18.894528991065712
659,0.8400366294603314,25201.098883809944,16.16076476236967,15.0,11.010193146699145,0,0,18.894528991065712
660,0.8405897175263314,25217.69152578994,16.03988335158461,15.0,10.805547158268404,0,0,18.894528991065712
661,0.8411670415929077,25235.01124778723,15.91984783391084,15.0,10.602333223209165,0,0,18.894528991065712
662,0.8417684352007613,25253.05305602284,15.800693778462803,15.0,10.400611558196058,0,0,18.894528991065712
663,0.8423937247582686,25271.811742748057,15.682456493158714,15.0,10.200441937711997,0,0,18.894528991065712
664,0.8430427295929204,25291.281887787613,15.565171014257933,15.0,10.00188367633547,0,0,18.894528991065712
665,0.8437152620048594,25311.45786014578,15.448872095979123,15.0,9.80499561116462,0,0,18.894528991065712
666,0.8444111273224986,25332.333819674957,15.33359420020168,15.0,9.609836084382305,0,0,18.894528991065712
667,0.8451301239602081,25353.903718806243,15.219371486254053,15.0,9.416462925968244,0,0,18.894528991065712
668,0.8458720434780486,25376.161304341458,15.106237800791494,15.0,9.224933436562585,0,0,18.894528991065712
669,0.8466366706435366,25399.1001193061,14.99422666776662,15.0,9.035304370486566,0,0,18.894528991065712
670,0.8474237834954226,25422.713504862677,14.883371278495574,15.0,8.847631918925035,0,0,18.894528991065712
671,0.8482331534094627,25446.99460228388,14.77370448182263,15.0,8.661971693275675,0,0,18.894528991065712
672,0.8490645451661655,25471.936354984966,14.665258774386455,15.0,8.478378708670217,0,0,18.894528991065712
673,0.849917717020492,25497.53151061476,14.558066290990595,15.0,8.296907367672246,0,0,18.894528991065712
674,0.8507924207734905,25523.772623204713,14.45215879508131,15.0,8.117611444156605,0,0,18.894528991065712
675,0.8516884018458427,25550.65205537528,14.347567669335298,15.0,7.940544067374943,0,0,18.894528991065712
676,0.8526053993533017,25578.161980599052,14.244323906360375,15.0,7.765757706212424,0,0,18.894528991065712
677,0.8535431461839973,25606.29438551992,14.142458099511686,15.0,7.593304153640039,0,0,18.894528991065712
678,0.8545013690775868,25635.041072327604,14.042000433826251,15.0,7.423234511367289,0,0,18.894528991065712
679,0.8554797887062283,25664.39366118685,13.942980677078495,15.0,7.255599174699615,0,0,18.894528991065712
680,0.8564781197573513,25694.34359272054,13.845428170959314,15.0,7.090447817605071,0,0,18.894528991065712
681,0.8574960710182012,25724.882130546037,13.749371822381661,15.0,6.927829377995073,0,0,18.894528991065712
682,0.8585333454621318,25756.000363863954,13.654840094914666,15.0,6.76779204322284,0,0,18.894528991065712
683,0.8595896403366208,25787.689210098622,13.56186100034936,15.0,6.610383235804578,0,0,18.894528991065712
684,0.8606646472529816,25819.93941758945,13.470462090398103,15.0,6.45564959936708,0,0,18.894528991065712
685,0.8617580522777462,25852.741568332385,13.380670448530465,15.0,6.303636984826242,0,0,18.894528991065712
686,0.8628695360256894,25886.08608077068,13.292512681947784,15.0,6.154390436800437,0,0,18.894528991065712
687,0.8639987737544705,25919.963212634117,13.206014913698919,15.0,6.007954180262882,0,0,18.894528991065712
688,0.8651454354608613,25954.36306382584,13.121202774939366,15.0,5.864371607436727,0,0,18.894528991065712
689,0.8663091859785326,25989.275579355977,13.038101397336224,15.0,5.7236852649370515,0,0,18.894528991065712
690,0.8674896850773719,26024.690552321157,12.956735405621174,15.0,5.585936841163425,0,0,18.894528991065712
691,0.8686865875643005,26060.597626929015,12.877128910293573,15.0,5.451167153946655,0,0,18.894528991065712
692,0.8698995433855619,26096.986301566856,12.799305500476034,15.0,5.31941613845363,0,0,18.894528991065712
693,0.87112819773045,26133.8459319135,12.723288236924445,15.0,5.1907228353536485,0,0,18.894528991065712
694,0.8723721911364475,26171.165734093425,12.6490996451946,15.0,5.0651253792498725,0,0,18.894528991065712
695,0.8736311595957421,26208.934787872262,12.57676170896734,15.0,4.942660987379147,0,0,18.894528991065712
696,0.8749047346630902,26247.142039892704,12.506295863534351,15.0,4.823365948583785,0,0,18.894528991065712
697,0.8761925435649948,26285.776306949843,12.437722989446405,15.0,4.707275612558363,0,0,18.894528991065712
698,0.8774942093101669,26324.826279305005,12.371063406326034,15.0,4.5944243793749076,0,0,18.894528991065712
699,0.8788093508012352,26364.280524037058,12.30633686684633,15.0,4.484845689289315,0,0,18.894528991065712
700,0.8801375829476747,26404.127488430244,12.243562550877872,15.0,4.3785720128323815,0,0,18.894528991065712
701,0.8814785167799164,26444.35550339749,12.182759059805251,15.0,4.275634841188006,0,0,18.894528991065712
702,0.8828317595646074,26484.952786938222,12.123944411015117,15.0,4.176064676861699,0,0,18.894528991065712
703,0.884196914920987,26525.90744762961,12.06713603255724,15.0,4.079891024642075,0,0,18.894528991065712
704,0.885573582938342,26567.20748815026,12.012350757980178,15.0,3.9871423828578703,0,0,18.894528991065712
705,0.8869613602945096,26608.840808835288,11.959604821343149,15.0,3.8978462349333265,0,0,18.894528991065712
706,0.8883598403753901,26650.795211261702,11.908913852405524,15.0,3.8120290412442364,0,0,18.894528991065712
707,0.8897686133954356,26693.058401863065,11.860292871995412,15.0,3.729716231277192,0,0,18.894528991065712
708,0.8911872665190776,26735.61799557233,11.813756287558633,15.0,3.650932196094231,0,0,18.894528991065712
709,0.8926153839830605,26778.461519491815,11.769317888889486,15.0,3.5757002811052723,0,0,18.894528991065712
710,0.8940525472196398,26821.576416589192,11.726990844044568,15.0,3.5040427791503808,0,0,18.894528991065712
711,0.8954983349806136,26864.950049418407,11.686787695440755,15.0,3.4359809238938714,0,0,18.894528991065712
712,0.8969523234621473,26908.569703864418,11.648720356138632,15.0,3.3715348835323535,0,0,18.894528991065712
713,0.8984140864303556,26952.42259291067,11.612800106312395,15.0,3.3107237548184374,0,0,18.894528991065712
714,0.8998831953476053,26996.49586042816,11.579037589907289,15.0,3.2535655574019886,0,0,18.894528991065712
715,0.9013592194994998,27040.776584984993,11.547442811485588,15.0,3.200077228490466,0,0,18.894528991065712
716,0.9028417261225091,27085.251783675274,11.518025133261997,15.0,3.1502746178301004,0,0,18.894528991065712
717,0.9043302805322074,27129.908415966223,11.490793272329464,15.0,3.1041724830092576,0,0,18.894528991065712
718,0.9058244462520791,27174.733387562374,11.4657552980761,15.0,3.0617844850854565,0,0,18.894528991065712
719,0.907323785142856,27219.71355428568,11.44291862979403,15.0,3.023123184537279,0,0,18.894528991065712
720,0.9088278575323483,27264.83572597045,11.422290034480936,15.0,2.9882000375424704,0,0,18.894528991065712
721,0.9103362223457279,27310.086670371835,11.403875624834798,15.0,2.957025392583179,0,0,18.894528991065712
722,0.9118484372362289,27355.453117086865,11.387680857442614,15.0,2.9296084873795114,0,0,18.894528991065712
723,0.9133640587162245,27400.921761486734,11.373710531163475,15.0,2.905957446152189,0,0,18.894528991065712
724,0.9148826422886421,27446.479268659263,11.361968785706562,15.0,2.8860792772151553,0,0,18.894528991065712
725,0.9164037425786768,27492.112277360306,11.352459100404458,15.0,2.8699798708988724,0,0,18.894528991065712
726,0.9179269134657666,27537.807403972998,11.345184293182154,15.0,2.8576639978048837,0,0,18.894528991065712
727,0.9194517082157863,27583.551246473588,11.34014651972204,15.0,2.8491353073921912,0,0,18.894528991065712
728,0.9209776796134251,27629.330388402755,11.33734727282511,15.0,2.844396326895823,0,0,18.894528991065712
729,0.9225043800947066,27675.131402841198,11.336787381968636,15.0,2.843448460577978,0,0,18.894528991065712
730,0.9240313618796108,27720.940856388323,11.338467013060358,15.0,2.8462919893119016,0,0,18.894528991065712
731,0.9255581771047614,27766.74531314284,11.342385668389337,15.0,2.852926070498662,0,0,18.894528991065712
732,0.9270843779561373,27812.53133868412,11.348542186773424,15.0,2.863348738316829,0,0,18.894528991065712
733,0.9286095168017698,27858.285504053096,11.35693474390336,15.0,2.8775569043049902,0,0,18.894528991065712
734,0.9301331463243854,27903.99438973156,11.367560852883337,15.0,2.8955463582769188,0,0,18.894528991065712
735,0.9316548196539552,27949.644589618656,11.380417364967933,15.0,2.9173117695691695,0,0,18.894528991065712
736,0.9331740905001131,27995.222715003394,11.39550047049515,15.0,2.9428466886206293,0,0,18.894528991065712
737,0.9346905132844003,28040.71539853201,11.412805700015307,15.0,2.972143548883704,0,0,18.894528991065712
738,0.9362036432723004,28086.109298169013,11.432327925615414,15.0,3.005193669066413,0,0,18.894528991065712
739,0.9377130367050235,28131.391101150704,11.454061362438704,15.0,3.0419872557048713,0,0,18.894528991065712
740,0.9392182509310018,28176.54752793005,11.477999570398795,15.0,3.0825134060652823,0,0,18.894528991065712
741,0.9407188445370562,28221.565336111686,11.504135456088047,15.0,3.1267601113746686,0,0,18.894528991065712
742,0.9422143774791976,28266.431324375928,11.532461274879466,15.0,3.1747142603793295,0,0,18.894528991065712
743,0.9437044112130204,28311.132336390612,11.56296863322163,15.0,3.2263616432299806,0,0,18.894528991065712
744,0.9451885088236535,28355.655264709603,11.59564849112585,15.0,3.2816869556924324,0,0,18.894528991065712
745,0.9466662351552267,28399.9870546568,11.630491164844948,15.0,3.3406738036825896,0,0,18.894528991065712
746,0.9481371569398179,28444.11470819454,11.667486329742726,15.0,3.4033047081243524,0,0,18.894528991065712
747,0.9496008429258388,28488.025287775163,11.706623023353412,15.0,3.4695611101290553,0,0,18.894528991065712
748,0.951056864005824,28531.70592017472,11.74788964863005,15.0,3.5394233764948417,0,0,18.894528991065712
749,0.952504793343586,28575.14380030758,11.791273977380957,15.0,3.612870805524443,0,0,18.894528991065712
750,0.9539442065006943,28618.32619502083,11.836763153893216,15.0,3.6898816331595103,0,0,18.894528991065712
751,0.9553746815622473,28661.240446867418,11.884343698742102,15.0,3.770433039429805,0,0,18.894528991065712
752,0.9567957992618934,28703.8739778568,11.93400151278528,15.0,3.8545011552151625,0,0,18.894528991065712
753,0.9582071431060696,28746.21429318209,11.985721881340758,15.0,3.9420610693185725,0,0,18.894528991065712
754,0.9596082994974173,28788.24898492252,12.039489478547132,15.0,4.033086835847799,0,0,18.894528991065712
755,0.9609988578573398,28829.965735720194,12.095288371904925,15.0,4.127551481903685,0,0,18.894528991065712
756,0.962378410747666,28871.35232242998,12.153102026997804,15.0,4.225427015572909,0,0,18.894528991065712
757,0.9637465539913826,28912.39661974148,12.21291331239204,15.0,4.326684434222504,0,0,18.894528991065712
758,0.9651028867924015,28953.086603772044,12.274704504712961,15.0,4.431293733094058,0,0,18.894528991065712
759,0.966447011854323,28993.41035562969,12.338457293896692,15.0,4.539223914194606,0,0,18.894528991065712
760,0.9677785354981644,29033.356064944932,12.404152788615907,15.0,4.650442995482183,0,0,18.894528991065712
761,0.9690970677790148,29072.912033370445,12.4717715218777,15.0,4.764918020342703,0,0,18.894528991065712
762,0.9704022226015849,29112.066678047548,12.54129345679208,15.0,4.882615067355735,0,0,18.894528991065712
763,0.9716936178346145,29150.808535038435,12.61269799250931,15.0,5.003499260346116,0,0,18.894528991065712
764,0.9729708754241072,29189.126262723217,12.685963970324426,15.0,5.12753477871858,0,0,18.894528991065712
765,0.9742336215053555,29227.008645160666,12.761069679947006,15.0,5.254684868072142,0,0,18.894528991065712
766,0.9754814865137246,29264.444595411736,12.837992865934353,15.0,5.384911851091177,0,0,18.894528991065712
767,0.9767141052941629,29301.423158824888,12.916710734286335,15.0,5.518177138710099,0,0,18.894528991065712
768,0.9779311172094054,29337.933516282163,12.99719995919968,15.0,5.654441241548088,0,0,18.894528991065712
769,0.9791321662468379,29373.964987405136,13.079436689979964,15.0,5.793663781610665,0,0,18.894528991065712
770,0.9803169011239913,29409.50703371974,13.16339655810902,15.0,5.935803504254512,0,0,18.894528991065712
771,0.9814849753926346,29444.549261779037,13.24905468446593,15.0,6.080818290412202,0,0,18.894528991065712
772,0.9826360475414343,29479.08142624303,13.336385686699199,15.0,6.228665169072917,0,0,18.894528991065712
773,0.9837697810971522,29513.093432914564,13.425363686748117,15.0,6.379300330015727,0,0,18.894528991065712
774,0.9848858447243493,29546.575341730477,13.515962318510951,15.0,6.532679136791447,0,0,18.894528991065712
775,0.9859839123235677,29579.51736970703,13.608154735657838,15.0,6.6887561399494535,0,0,18.894528991065712
776,0.9870636631279612,29611.909893838838,13.701913619585913,15.0,6.847485090505311,0,0,18.894528991065712
777,0.9881247817983452,29643.743453950356,13.797211187514362,15.0,7.008818953645287,0,0,18.894528991065712
778,0.9891669585166384,29675.00875549915,13.894019200717134,15.0,7.172709922663877,0,0,18.894528991065712
779,0.9901898890776685,29705.696672330054,13.992308972890626,15.0,7.339109433129905,0,0,18.894528991065712
780,0.9911932749793153,29735.79824937946,14.092051378654087,15.0,7.5079681772772435,0,0,18.894528991065712
781,0.992176823510963,29765.30470532889,14.193216862180055,15.0,7.679236118615696,0,0,18.894528991065712
782,0.9931402478402366,29794.207435207096,14.295775445952433,15.0,7.8528625067579965,0,0,18.894528991065712
783,0.9940832670979961,29822.498012939883,14.399696739649459,15.0,8.028795892458172,0,0,18.894528991065712
784,0.9950056064615653,29850.16819384696,14.504949949149013,15.0,8.206984142857108,0,0,18.894528991065712
785,0.9959069972361666,29877.209917084998,14.611503885653553,15.0,8.387374456930552,0,0,18.894528991065712
786,0.9967871769345414,29903.615308036242,14.719326974932077,15.0,8.569913381135326,0,0,18.894528991065712
787,0.9976458893547308,29929.376680641923,14.828387266676245,15.0,8.754546825248712,0,0,18.894528991065712
788,0.9984828846559938,29954.486539679812,14.938652443967854,15.0,8.941220078396423,0,0,18.894528991065712
789,0.9992979194328402,29978.937582985207,15.050089832855162,15.0,9.129877825264835,0,0,18.894528991065712
790,1.0,30000.0,15.162666412034852,15.0,9.320464162492023,0,0,18.894528991065712
791,1.0,30000.0,15.276348822636923,15.0,9.512922615233096,0,0,18.894528991065712
792,1.0,30000.0,15.391103378109602,15.0,9.70719615389483,0,0,18.894528991065712
793,1.0,30000.0,15.506896074201514,15.0,9.903227211035,0,0,18.894528991065712
794,1.0,30000.0,15.623692599037788,15.0,10.100957698420654,0,0,18.894528991065712
795,1.0,30000.0,15.741458343287487,15.0,10.300329024241085,0,0,18.894528991065712
796,1.0,30000.0,15.860158410418938,15.0,10.501282110469571,0,0,18.894528991065712
797,1.0,30000.0,15.979757627040513,15.0,10.703757410369779,0,0,18.894528991065712
798,1.0,30000.0,16.10022055332318,15.0,10.907694926140586,0,0,18.894528991065712
799,1.0,30000.0,16.22151149350205,15.0,11.11303422669471,0,0,18.894528991065712
800,1.0,30000.0,16.343594506453893,15.0,11.31971446556582,0,0,18.894528991065712
801,1.0,30000.0,16.4664334163472,15.0,11.52767439893862,0,0,18.894528991065712
802,1.0,30000.0,16.589991823361906,15.0,11.736852403796732,0,0,18.894528991065712
803,1.0,30000.0,16.714233114475377,15.0,11.947186496182834,0,0,18.894528991065712
804,1.0,30000.0,16.839120474311716,15.0,12.158614349565998,0,0,18.894528991065712
805,1.0,30000.0,16.964616896050934,15.0,12.371073313310305,0,0,18.894528991065712
806,1.0,30000.0,17.090685192394805,15.0,12.584500431239505,0,0,18.894528991065712
807,1.0,30000.0,17.217288006586358,15.0,12.798832460292452,0,0,18.894528991065712
808,1.0,30000.0,17.34438782347944,15.0,13.014005889263267,0,0,18.894528991065712
809,1.0,30000.0,17.471946980655275,15.0,13.229956957621146,0,0,18.894528991065712
810,1.0,30000.0,17.59992767958262,15.0,13.44662167440389,0,0,22.894528991065712
811,1.0,30000.0,21.481397883755484,15.0,13.663935837179924,0,0,22.894528991065712
812,1.0,30000.0,21.637355859863682,15.0,13.881835051072795,0,0,22.894528991065712
813,1.0,30000.0,21.793686363502683,15.0,14.100254747842804,0,0,22.894528991065712
814,1.0,30000.0,21.950343070570348,15.0,14.319130205019864,0,0,22.894528991065712
815,1.0,30000.0,22.10727956030346,15.0,14.53839656508232,0,0,22.894528991065712
816,1.0,30000.0,22.264449329033155,15.0,14.757988854675553,0,0,22.894528991065712
817,0.9999987923645867,29999.9637709376,22.421805803964926,15.0,14.977842003864918,0,0,22.894528991065712
818,0.9999707079898681,29999.121239696044,22.579302356979237,15.0,15.197890865417516,0,0,22.894528991065712
819,0.9999157203025878,29997.471609077635,22.73689231844838,15.0,15.418070234106626,0,0,22.894528991065712
820,0.9998338107015218,29995.01432104565,22.894528991065723,15.0,15.638314866033486,0,0,22.894528991065712
821,0.9997249685629895,29991.749056889686,23.05216566368302,15.0,15.858559497960282,0,0,22.894528991065712
822,0.9995891912440035,29987.675737320104,23.20975562515216,15.0,16.07873886664939,0,0,22.894528991065712
823,0.9994264840830506,29982.794522491517,23.36725217816647,15.0,16.298787728201987,0,0,22.894528991065712
824,0.9992368603985117,29977.10581195535,23.524608653098277,15.0,16.518640877391398,0,0,22.894528991065712
825,0.9990203414847141,29970.61024454142,23.681778421827953,15.0,16.73823316698461,0,0,22.894528991065712
826,0.9987769566056223,29963.30869816867,23.83871491156105,15.0,16.95749952704704,0,0,22.894528991065712
827,0.998506742986166,29955.20228958498,23.995371618628745,15.0,17.176374984224147,0,0,22.894528991065712
828,0.9982097458012097,29946.29237403629,24.151702122267732,15.0,17.394794680994135,0,0,22.894528991065712
829,0.9978860181621662,29936.580544864984,24.30766009837593,15.0,17.612693894887006,0,0,22.894528991065712
830,0.9975356211012588,29926.068633037765,24.46319933323916,15.0,17.830008057663044,0,0,22.894528991065712
831,0.9971586235534365,29914.758706603097,24.618273737225344,15.0,18.046672774445803,0,0,22.894528991065712
832,0.9967551023359462,29902.653070078388,24.77283735844177,15.0,18.262623842803663,0,0,22.894528991065712
833,0.9963251421255707,29889.75426376712,24.926844396351722,15.0,18.477797271774477,0,0,22.894528991065712
834,0.995868835433537,29876.06506300611,25.080249215346132,15.0,18.69212930082742,0,0,22.894528991065712
835,0.9953862825781031,29861.588477343095,25.233006358266394,15.0,18.905556418756646,0,0,22.894528991065712
836,0.9948775916548318,29846.327749644955,25.385070559874265,15.0,19.11801538250093,0,0,22.894528991065712
837,0.9943428785045594,29830.28635513678,25.536396760265013,15.0,19.329443235884096,0,0,22.894528991065712
838,0.9937822666790697,29813.46800037209,25.68694011821958,15.0,19.539777328270223,0,0,22.894528991065712
839,0.993195887404483,29795.87662213449,25.836656024491994,15.0,19.74895533312831,0,0,22.894528991065712
840,0.9925838795423707,29777.51638627112,25.985500115028103,15.0,19.95691526650111,0,0,22.894528991065712
841,0.9919463895486079,29758.39168645824,26.13342828411156,15.0,20.16359550537222,0,0,22.894528991065712
842,0.9912835714299756,29738.507142899267,26.280396697433325,15.0,20.36893480592636,0,0,22.894528991065712
843,0.990595586698524,29717.86760095572,26.426361805080678,15.0,20.572872321697155,0,0,22.894528991065712
844,0.9898826043237146,29696.478129711435,26.57128035444203,15.0,20.775347621597355,0,0,22.894528991065712
845,0.9891448006823496,29674.344020470486,26.715109403023636,15.0,20.976300707825843,0,0,22.894528991065712
846,0.9883823595063084,29651.470785189253,26.857806331174306,15.0,21.175672033646258,0,0,22.894528991065712
847,0.9875954718281038,29627.864154843115,26.999328854714555,15.0,21.37340252103193,0,0,22.894528991065712
848,0.9867843359242746,29603.53007772824,27.139635037466377,15.0,21.5694335781721,0,0,22.894528991065712
849,0.9859491572566322,29578.474717698966,27.278683303679767,15.0,21.763707116833857,0,0,22.894528991065712
850,0.9850901484113775,29552.704452341328,27.416432450352513,15.0,21.956165569574885,0,0,22.894528991065712
851,0.984207529036108,29526.22587108324,27.552841659439608,15.0,22.146751906802074,0,0,22.894528991065712
852,0.9833015257747301,29499.0457732419,27.68787050994844,15.0,22.33540965367051,0,0,22.894528991065712
853,0.9823723722003007,29471.171166009022,27.821478989916464,15.0,22.52208290681824,0,0,22.894528991065712
854,0.9814203087458142,29442.609262374426,27.95362750826752,15.0,22.706716350931586,0,0,22.894528991065712
855,0.9804455826329566,29413.367478988697,28.08427690654364,15.0,22.889255275136364,0,0,22.894528991065712
856,0.9794484477988488,29383.453433965464,28.21338847050847,15.0,23.069645589209806,0,0,22.894528991065712
857,0.9784291648207993,29352.87494462398,28.340923941619184,15.0,23.24783383960876,0,0,22.894528991065712
858,0.97738800083909,29321.640025172703,28.466845528363173,15.0,23.42376722530892,0,0,22.894528991065712
859,0.9763252294778161,29289.75688433448,28.591115917456737,15.0,23.597393613451217,0,0,22.894528991065712
860,0.9752411307638056,29257.23392291417,28.713698284901625,15.0,23.768661554789702,0,0,22.894528991065712
861,0.9741359910436417,29224.07973130925,28.834556306896758,15.0,23.937520298937024,0,0,22.894528991065712
862,0.9730101028988117,29190.30308696435,28.953654170601926,15.0,24.103919809403052,0,0,22.894528991065712
863,0.971863765059009,29155.912951770268,29.07095658474975,15.0,24.26781077842163,0,0,22.894528991065712
864,0.9706972823136126,29120.918469408378,29.186428790103385,15.0,24.42914464156164,0,0,22.894528991065712
865,0.9695109654213723,29085.328962641168,29.300036569756216,15.0,24.587873592117475,0,0,22.894528991065712
866,0.9683051310183232,29049.153930549695,29.411746259271304,15.0,24.743950595275486,0,0,22.894528991065712
867,0.9670801015239604,29012.403045718813,29.52152475665676,15.0,24.897329402051206,0,0,22.894528991065712
868,0.9658362050456988,28975.086151370964,29.629339532174594,15.0,25.047964562994014,0,0,22.894528991065712
869,0.9645737752816478,28937.213258449432,29.73515863797998,15.0,25.195811441654733,0,0,22.894528991065712
870,0.963293151421729,28898.79454265187,29.838950717588098,15.0,25.34082622781242,0,0,22.894528991065712
871,0.9619946780471678,28859.840341415034,29.940685015165766,15.0,25.482965950456283,0,0,22.894528991065712
872,0.9606787050283857,28820.36115085157,30.04033138464498,15.0,25.622188490518845,0,0,22.894528991065712
873,0.9593455874213266,28780.3676226398,30.137860298655927,15.0,25.758452593356836,0,0,22.894528991065712
874,0.9579956853622457,28739.87056086737,30.233242857276544,15.0,25.891717880975754,0,0,22.894528991065712
875,0.9566293639609937,28698.88091882981,30.3264507965962,15.0,26.021944863994804,0,0,22.894528991065712
876,0.9552469931928269,28657.409795784806,30.417456497090857,15.0,26.149094953348353,0,0,22.894528991065712
877,0.9538489477887752,28615.468433663256,30.5062329918074,15.0,26.27313047172082,0,0,22.894528991065712
878,0.9524356071246014,28573.068213738043,30.5927539743545,15.0,26.3940146647112,0,0,22.894528991065712
879,0.9510073551083841,28530.220653251523,30.676993806697762,15.0,26.51171171172423,0,0,22.894528991065712
880,0.9495645800667571,28486.937402002713,30.758927526756796,15.0,26.62618673658475,0,0,22.894528991065712
881,0.9481076746298404,28443.230238895212,30.838530855802084,15.0,26.73740581787233,0,0,22.894528991065712
882,0.9466370356148948,28399.111068446844,30.91578020564925,15.0,26.84533599897289,0,0,22.894528991065712
883,0.9451530639087368,28354.591917262103,30.990652685648758,15.0,26.94994529784442,0,0,22.894528991065712
884,0.943656164348947,28309.684930468407,31.063126109468897,15.0,27.05120271649403,0,0,22.894528991065712
885,0.9421467456039078,28264.402368117233,31.13317900167008,15.0,27.14907825016325,0,0,22.894528991065712
886,0.940625220051707,28218.75660155121,31.200790604068512,15.0,27.243542896219147,0,0,22.894528991065712
887,0.9390920036579401,28172.760109738203,31.26594088188719,15.0,27.334568662748357,0,0,22.894528991065712
888,0.9375475158524514,28126.425475573542,31.328610529692753,15.0,27.42212857685176,0,0,22.894528991065712
889,0.9359921794050479,28079.765382151436,31.388780977116035,15.0,27.506196692637133,0,0,22.894528991065712
890,0.934426420300223,28032.79260900669,31.44643439435488,15.0,27.58674809890742,0,0,22.894528991065712
891,0.9328506676109287,27985.52002832786,31.501553697457496,15.0,27.663758926542492,0,0,22.894528991065712
892,0.9312653533714319,27937.960601142957,31.554122553384797,15.0,27.737206355572088,0,0,22.894528991065712
893,0.9296709124492928,27890.127373478783,31.604125384850256,15.0,27.807068621937887,0,0,22.894528991065712
894,0.9280677824165049,27842.033472495146,31.651547374935745,15.0,27.873325023942584,0,0,22.894528991065712
895,0.9264564034198326,27793.692102594978,31.696374471482155,15.0,27.935955928384345,0,0,22.894528991065712
896,0.9248372180503863,27745.11654151159,31.738593391253332,15.0,27.9949427763745,0,0,22.894528991065712
897,0.9232106712124732,27696.320136374197,31.778191623872207,15.0,28.05026808883696,0,0,22.894528991065712
898,0.9215772099917626,27647.316299752878,31.81515743552783,15.0,28.101915471687608,0,0,22.894528991065712
899,0.9199372835228043,27598.11850568413,31.849479872452427,15.0,28.14986962069227,0,0,22.894528991065712
900,0.9182913428559412,27548.740285678236,31.8811487641672,15.0,28.194116326001655,0,0,22.894528991065712
901,0.9166398408236522,27499.19522470957,31.910154726496067,15.0,28.234642476362072,0,0,22.894528991065712
902,0.9149832319063694,27449.496957191084,31.936489164346387,15.0,28.27143606300053,0,0,22.894528991065712
903,0.9133219720978049,27399.659162934146,31.960144274255878,15.0,28.304486183183236,0,0,22.894528991065712
904,0.9116565187698299,27349.695563094898,31.981113046704962,15.0,28.33378304344631,0,0,22.894528991065712
905,0.9099873305369466,27299.619916108397,31.999389268193816,15.0,28.359317962497776,0,0,22.894528991065712
906,0.9083148671203896,27249.446013611687,32.01496752308358,15.0,28.381083373790027,0,0,22.894528991065712
907,0.9066395892119014,27199.18767635704,32.027843195201115,15.0,28.399072827761948,0,0,22.894528991065712
908,0.9049619583372189,27148.858750116568,32.038012469206905,15.0,28.41328099375011,0,0,22.894528991065712
909,0.903282436719314,27098.47310157942,32.04547233172558,15.0,28.423703661568283,0,0,22.894528991065712
910,0.9016014871414264,27048.044614242794,32.05022057223889,15.0,28.430337742755036,0,0,22.894528991065712
911,0.8999195728099312,26997.587184297936,32.05225578374069,15.0,28.433181271488966,0,0,22.894528991065712
912,0.898237157217081,26947.114716512428,32.051577363153896,15.0,28.432233405171118,0,0,22.894528991065712
913,0.8965547040036626,26896.641120109878,32.04818551150915,15.0,28.42749442467475,0,0,22.894528991065712
914,0.8948726768216109,26846.180304648326,32.04208123388533,15.0,28.41896573426206,0,0,22.894528991065712
915,0.8931915391966183,26795.74617589855,32.0332663391116,15.0,28.406649861168066,0,0,22.894528991065712
916,0.8915117543907826,26745.352631723475,32.02174343923154,15.0,28.390550454851788,0,0,22.894528991065712
917,0.8898337852653314,26695.01355795994,32.007515948729065,15.0,28.370672285914758,0,0,22.894528991065712
918,0.8881580941434677,26644.74282430403,31.990588083516673,15.0,28.347021244687433,0,0,22.894528991065712
919,0.8864851426733726,26594.55428020118,31.970964859686156,15.0,28.319604339483764,0,0,22.894528991065712
920,0.8848153916914094,26544.461750742284,31.948652092022236,15.0,28.288429694524474,0,0,22.894528991065712
921,0.8831493010855676,26494.479032567026,31.923656392279522,15.0,28.253506547529664,0,0,22.894528991065712
922,0.8814873296591879,26444.619889775637,31.895985167223294,15.0,28.214845246981483,0,0,22.894528991065712
923,0.8798299349950098,26394.898049850293,31.865646616434745,15.0,28.172457249057686,0,0,22.894528991065712
924,0.8781775733195791,26345.327199587373,31.83264972988122,15.0,28.126355114236848,0,0,22.894528991065712
925,0.8765306993680584,26295.920981041752,31.79700428525234,15.0,28.07655250357648,0,0,22.894528991065712
926,0.8748897662494795,26246.692987484385,31.75872084506263,15.0,28.023064174664952,0,0,22.894528991065712
927,0.8732552253124768,26197.656759374302,31.717810753521672,15.0,27.965905977248504,0,0,22.894528991065712
928,0.8716275260115435,26148.825780346306,31.674286133172473,15.0,27.9050948485346,0,0,22.894528991065712
929,0.8700071157738487,26100.213473215463,31.62815988129939,15.0,27.840648808173082,0,0,22.894528991065712
930,0.8683944398666544,26051.833195999632,31.57944566610633,15.0,27.772586952916555,0,0,22.894528991065712
931,0.8667899412653736,26003.698237961205,31.528157922666608,15.0,27.700929450961667,0,0,22.894528991065712
932,0.8651940605223069,25955.821815669206,31.474311848645492,15.0,27.62569753597272,0,0,22.894528991065712
933,0.8636072356360979,25908.217069082937,31.417923399796774,15.0,27.54691350078975,0,0,22.894528991065712
934,0.8620299019219444,25860.89705765833,31.35900928523484,15.0,27.4646006908227,0,0,22.894528991065712
935,0.8604624918826047,25813.87475647814,31.297586962483308,15.0,27.378783497133618,0,0,22.894528991065712
936,0.8589054350802384,25767.16305240715,31.233674632302,15.0,27.289487349209082,0,0,22.894528991065712
937,0.8573591580091172,25720.774740273515,31.167291233293675,15.0,27.196738707424863,0,0,22.894528991065712
938,0.855824083969246,25674.722519077382,31.098456436292157,15.0,27.100565055205237,0,0,22.894528991065712
939,0.8543006329409302,25629.018988227905,31.027190638533366,15.0,27.000994890878943,0,0,22.894528991065712
940,0.8527892214603252,25583.676643809755,30.953514957611212,15.0,26.898057719234565,0,0,22.894528991065712
941,0.851290262496009,25538.70787488027,30.877451225220003,15.0,26.79178404277762,0,0,22.894528991065712
942,0.8498041653266103,25494.124959798308,30.79902198068525,15.0,26.682205352692037,0,0,22.894528991065712
943,0.8483313354195302,25449.940062585905,30.718250464284743,15.0,26.56935411950858,0,0,22.894528991065712
944,0.846872174310794,25406.16522932382,30.63516061036198,15.0,26.453263783483166,0,0,22.894528991065712
945,0.8454270794860667,25362.812384582,30.54977704023391,15.0,26.333968744687798,0,0,22.894528991065712
946,0.84399644426287,25319.8933278861,30.462125054895083,15.0,26.211504352817073,0,0,22.894528991065712
947,0.8425806576740335,25277.419730221005,30.372230627520448,15.0,26.085906896713304,0,0,22.894528991065712
948,0.841180104352416,25235.40313057248,30.280120395768908,15.0,25.957213593613314,0,0,22.894528991065712
949,0.8397951644169304,25193.85493250791,30.185821653890038,15.0,25.825462578120295,0,0,22.894528991065712
950,0.8384262133599063,25152.786400797188,30.089362344636196,15.0,25.690692890903524,0,0,22.894528991065712
951,0.8370736219358235,25112.208658074705,29.99077105098247,15.0,25.552944467129898,0,0,22.894528991065712
952,0.83573775605145,25072.1326815435,29.890076987656933,15.0,25.412258124630224,0,0,22.894528991065712
953,0.8344189766574146,25032.56929972244,29.787309992483724,15.0,25.268675551804066,0,0,22.894528991065712
954,0.8331176396412512,24993.529189237535,29.6825005175414,15.0,25.12223929526651,0,0,22.894528991065712
955,0.8318340957219397,24955.02287165819,29.57567962013934,15.0,24.97299274724071,0,0,22.894528991065712
956,0.8305686903459821,24917.060710379465,29.466878953614867,15.0,24.82098013269987,0,0,22.894528991065712
957,0.8293217635850383,24879.65290755115,29.356130757953558,15.0,24.666246496262367,0,0,22.894528991065712
958,0.8280936500351557,24842.80950105467,29.243467850235927,15.0,24.50883768884411,0,0,22.894528991065712
959,0.8268846787176214,24806.54036152864,29.128923614912996,15.0,24.348800354071873,0,0,22.894528991065712
960,0.8256951729814658,24770.855189443973,29.01253199391377,15.0,24.186181914461876,0,0,22.894528991065712
961,0.8245254504076476,24735.763512229427,28.894327476587485,15.0,24.02103055736735,0,0,22.894528991065712
962,0.8233758227149474,24701.27468144842,28.77434508948368,15.0,23.85339522069966,0,0,22.894528991065712
963,0.8222465956675987,24667.397870027962,28.652620385973066,15.0,23.683325578426896,0,0,22.894528991065712
964,0.8211380689846839,24634.142069540518,28.529189435712393,15.0,23.510872025854546,0,0,22.894528991065712
965,0.8200505362513205,24601.516087539614,28.404088813956022,15.0,23.33608566469203,0,0,22.894528991065712
966,0.8189842848316655,24569.528544949964,28.27735559071806,15.0,23.159018287910328,0,0,22.894528991065712
967,0.8179395957837634,24538.187873512903,28.14902731978774,15.0,22.97972236439469,0,0,22.894528991065712
968,0.8169167437762629,24507.502313287885,28.019142027601276,15.0,22.798251023396755,0,0,22.894528991065712
969,0.8159159970070259,24477.479910210775,27.887738201973853,15.0,22.614658038791298,0,0,22.894528991065712
970,0.8149376171236553,24448.12851370966,27.754854780694938,15.0,22.428997813141898,0,0,22.894528991065712
971,0.8139818591459632,24419.455774378897,27.62053113999016,15.0,22.241325361580365,0,0,22.894528991065712
972,0.8130489713904028,24391.469141712085,27.484807082853177,15.0,22.051696295504367,0,0,22.894528991065712
973,0.8121391953964865,24364.175861894593,27.3477228272513,15.0,21.860166806098725,0,0,22.894528991065712
974,0.8112527658552132,24337.582975656398,27.209318994207916,15.0,21.666793647684628,0,0,22.894528991065712
975,0.8103899105395244,24311.69731618573,27.06963659576584,15.0,21.47163412090233,0,0,22.894528991065712
976,0.8095508502368091,24286.52550710427,26.928717022834288,15.0,21.274746055731477,0,0,22.894528991065712
977,0.8087357986834808,24262.073960504422,26.786602032924,15.0,21.076187794354958,0,0,22.894528991065712
978,0.8079449625016423,24238.34887504927,26.64333373777361,15.0,20.87601817387088,0,0,22.894528991065712
979,0.8071785411378594,24215.35623413578,26.498954590870934,15.0,20.674296508857786,0,0,22.894528991065712
980,0.8064367268040599,24193.101804121798,26.353507374873168,15.0,20.471082573798547,0,0,22.894528991065712
981,0.8057197044205784,24171.591132617352,26.20703518892939,15.0,20.266436585367806,0,0,22.894528991065712
982,0.8050276515613589,24150.829546840767,26.05958143590946,15.0,20.060419184588604,0,0,22.894528991065712
983,0.8043607384013365,24130.822152040095,25.9111898095427,15.0,19.85309141886298,0,0,22.894528991065712
984,0.8037191276660111,24111.57382998033,25.761904281470553,15.0,19.64451472388243,0,0,22.894528991065712
985,0.803102974583228,24093.08923749684,25.611769088216818,15.0,19.4347509054231,0,0,22.894528991065712
986,0.8025124268371806,24075.372805115418,25.460828718079465,15.0,19.223862121031523,0,0,22.894528991065712
987,0.8019476245246485,24058.428735739457,25.309127897947718,15.0,19.01191086160584,0,0,22.894528991065712
988,0.8014087001134839,24042.261003404517,25.15671158004853,15.0,18.798959932878486,0,0,22.894528991065712
989,0.8008957784033578,24026.873352100734,25.003624928626344,15.0,18.58507243680554,0,0,22.894528991065712
990,0.8004089764887801,24012.2692946634,24.84991330655984,15.0,18.370311752868133,0,0,22.894528991065712
991,0.7999484037244015,23998.452111732044,24.695622261920008,15.0,18.15474151929184,0,0,22.894528991065712
992,0.7995141616926092,23985.424850778276,24.540797514473226,15.0,17.938425614189224,0,0,22.894528991065712
993,0.7991063441734265,23973.190325202795,24.385484942133594,15.0,17.7214281366315,0,0,22.894528991065712
994,0.798725037116723,23961.75111350169,24.22973056736819,15.0,17.50381338765443,0,0,22.894528991065712
995,0.7983703186167462,23951.109558502387,24.07358054355972,15.0,17.285645851204645,0,0,22.894528991065712
996,0.7980422588889806,23941.267766669418,23.917081141330215,15.0,17.066990175031624,0,0,22.894528991065712
997,0.7977409202493408,23932.227607480225,23.760278734830123,15.0,16.84791115153123,0,0,22.894528991065712
998,0.7974663570957067,23923.9907128712,23.60321978799654,15.0,16.62847369854621,0,0,22.894528991065712
999,0.7972186158918033,23916.5584767541,23.445950840784988,15.0,16.408742840129698,0,0,22.894528991065712
1000,0.7969977351534336,23909.93205460301,23.288518495378764,15.0,16.18878368727733,0,0,22.894528991065712
1001,0.7968037454370647,23904.11236311194,23.130969402379403,15.0,15.968661418633118,0,0,22.894528991065712
1002,0.7966366693307733,23899.1000799232,22.973350246983365,15.0,15.748441261175905,0,0,22.894528991065712
1003,0.7964965214475531,23894.895643426593,22.815707735148067,15.0,15.528188470891049,0,0,22.894528991065712
1004,0.7963833084209837,23891.49925262951,22.658088579752032,15.0,15.30796831343384,0,0,22.894528991065712
1005,0.7962970289032657,23888.91086709797,22.500539486752686,15.0,15.087846044789647,0,0,22.894528991065712
1006,0.7962376735656194,23887.13020696858,22.343107141346444,15.0,14.867886891937257,0,0,22.894528991065712
1007,0.7962052251010497,23886.156753031493,22.1858381941349,15.0,14.648156033520745,0,0,22.894528991065712
1008,0.7961996582294746,23885.98974688424,22.028779247301316,15.0,14.428718580535731,0,0,22.894528991065712
1009,0.7962209397052152,23886.62819115646,21.871976840801217,15.0,14.209639557035334,0,0,22.894528991065712
1010,0.7962690283268486,23888.07084980546,21.71547743857171,15.0,13.99098388086231,0,0,22.894528991065712
1011,0.7963438749494156,23890.316248482468,21.559327414763242,15.0,13.77281634441253,0,0,22.894528991065712
1012,0.7964454224989839,23893.362674969518,21.40357303999784,15.0,13.55520159543546,0,0,22.894528991065712
1013,0.7965736059895604,23897.20817968681,21.248260467658206,15.0,13.338204117877734,0,0,22.894528991065712
1014,0.7967283525423478,23901.850576270434,21.093435720211428,15.0,13.12188821277512,0,0,22.894528991065712
1015,0.79690958140734,23907.2874422202,20.93914467557159,15.0,12.906317979198825,0,0,22.894528991065712
1016,0.7971172039872506,23913.516119617518,20.785433053505088,15.0,12.69155729526142,0,0,22.894528991065712
1017,0.7973511238637654,23920.533715912963,20.632346402082902,15.0,12.47766979918847,0,0,22.894528991065712
1018,0.7976112368261141,23928.337104783423,20.479930084183717,15.0,12.264718870461115,0,0,22.894528991065712
1019,0.7978974309019494,23936.922927058484,20.328229264051966,15.0,12.052767611035435,0,0,22.894528991065712
1020,0.7982095863905277,23946.28759171583,20.177288893914614,15.0,11.841878826643853,0,0,22.894528991065712
1021,0.7985475758981779,23956.42727694534,20.02715370066086,15.0,11.632115008184504,0,0,22.894528991065712
1022,0.798911264376052,23967.33793128156,19.877868172588716,15.0,11.423538313203952,0,0,22.894528991065712
1023,0.7993005091601423,23979.015274804267,19.729476546221953,15.0,11.216210547478331,0,0,22.894528991065712
1024,0.7997151600135558,23991.454800406675,19.582022793202057,15.0,11.010193146699168,0,0,22.894528991065712
1025,0.8001550591710332,24004.651775131,19.435550607258268,15.0,10.805547158268407,0,0,22.894528991065712
1026,0.8006200413856979,24018.601241570937,19.290103391260498,15.0,10.602333223209166,0,0,22.894528991065712
1027,0.8011099339780215,24033.298019340647,19.145724244357822,15.0,10.40061155819608,0,0,22.894528991065712
1028,0.8016245568869939,24048.736706609816,19.00245594920743,15.0,10.200441937712,0,0,22.894528991065712
1029,0.8021637227234777,24064.911681704332,18.860340959297133,15.0,10.001883676335453,0,0,22.894528991065712
1030,0.8027272368257371,24081.81710477211,18.71942138636558,15.0,9.804995611164601,0,0,22.894528991065712
1031,0.8033148973171189,24099.446919513568,18.579738987923502,15.0,9.609836084382309,0,0,22.894528991065712
1032,0.8039264951658743,24117.79485497623,18.44133515488015,15.0,9.416462925968245,0,0,22.894528991065712
1033,0.8045618142470987,24136.85442741296,18.304250899278255,15.0,9.224933436562587,0,0,22.894528991065712
1034,0.8052206314067742,24156.618942203226,18.16852684214127,15.0,9.035304370486587,0,0,22.894528991065712
1035,0.8059027165278954,24177.08149583686,18.034203201436494,15.0,8.847631918925057,0,0,22.894528991065712
1036,0.8066078325986576,24198.234977959728,17.90131978015758,15.0,8.661971693275657,0,0,22.894528991065712
1037,0.8073357357826889,24220.072073480667,17.769915954530163,15.0,8.4783787086702,0,0,22.894528991065712
1038,0.8080861754913036,24242.585264739108,17.640030662343676,15.0,8.296907367672247,0,0,22.894528991065712
1039,0.8088588944577577,24265.76683373273,17.51170239141336,15.0,8.117611444156609,0,0,22.894528991065712
1040,0.8096536288134819,24289.608864404458,17.384969168175424,15.0,7.940544067374945,0,0,22.894528991065712
1041,0.8104701081662724,24314.10324498817,17.259868546419053,15.0,7.765757706212424,0,0,22.894528991065712
1042,0.8113080556804131,24339.241670412393,17.136437596158363,15.0,7.5933041536400605,0,0,22.894528991065712
1043,0.8121671881587086,24365.015644761257,17.01471289264775,15.0,7.423234511367291,0,0,22.894528991065712
1044,0.8130472161264012,24391.416483792036,16.894730505543947,15.0,7.255599174699601,0,0,22.894528991065712
1045,0.813947843916949,24418.43531750847,16.77652598821766,15.0,7.0904478176050745,0,0,22.894528991065712
1046,0.8148687697596377,24446.063092789132,16.66013436721844,15.0,6.927829377995074,0,0,22.894528991065712
1047,0.8158096858690024,24474.29057607007,16.545590131895516,15.0,6.767792043222856,0,0,22.894528991065712
1048,0.8167702785360303,24503.10835608091,16.432927224177888,15.0,6.610383235804598,0,0,22.894528991065712
1049,0.8177502282211205,24532.506846633616,16.322179028516576,15.0,6.455649599367099,0,0,22.894528991065712
1050,0.8187492096487697,24562.47628946309,16.213378361992095,15.0,6.303636984826259,0,0,22.894528991065712
1051,0.8197668919039581,24593.006757118743,16.106557464590033,15.0,6.154390436800439,0,0,22.894528991065712
1052,0.8208029385302076,24624.08815590623,16.001747989647704,15.0,6.0079541802628835,0,0,22.894528991065712
1053,0.8218570076292805,24655.710228878415,15.898980994474499,15.0,5.864371607436729,0,0,22.894528991065712
1054,0.8229287519624914,24687.86255887474,15.798286931148947,15.0,5.723685264937037,0,0,22.894528991065712
1055,0.8240178190536016,24720.53457160805,15.699695637495223,15.0,5.585936841163415,0,0,22.894528991065712
1056,0.8251238512932653,24753.71553879796,15.6032363282414,15.0,5.45116715394667,0,0,22.894528991065712
1057,0.8262464860449971,24787.394581349912,15.508937586362535,15.0,5.319416138453646,0,0,22.894528991065712
1058,0.827385355752629,24821.560672578868,15.41682735461098,15.0,5.19072283535365,0,0,22.894528991065712
1059,0.828540088049225,24856.20264147675,15.326932927236344,15.0,5.065125379249874,0,0,22.894528991065712
1060,0.8297103058674219,24891.309176022656,15.239280941897523,15.0,4.942660987379149,0,0,22.894528991065712
1061,0.8308956275511621,24926.86882653486,15.153897371769435,15.0,4.8233659485837626,0,0,22.894528991065712
1062,0.8320956669687867,24962.8700090636,15.070807517846674,15.0,4.707275612558354,0,0,22.894528991065712
1063,0.8333100336274547,24999.30100882364,14.990036001446168,15.0,4.594424379374897,0,0,22.894528991065712
1064,0.8345383327888544,25036.14998366563,14.911606756911414,15.0,4.484845689289317,0,0,22.894528991065712
1065,0.8357801655861724,25073.40496758517,14.835543024520216,15.0,4.378572012832384,0,0,22.894528991065712
1066,0.8370351291422875,25111.053874268626,14.761867343598063,15.0,4.275634841188007,0,0,22.894528991065712
1067,0.8383028166891511,25149.084500674533,14.69060154583927,15.0,4.17606467686171,0,0,22.894528991065712
1068,0.8395828176883213,25187.48453064964,14.621766748837754,15.0,4.079891024642085,0,0,22.894528991065712
1069,0.8408747179526147,25226.24153857844,14.555383349829427,15.0,3.987142382857863,0,0,22.894528991065712
1070,0.8421780997688387,25265.342993065162,14.491471019648115,15.0,3.89784623493332,0,0,22.894528991065712
1071,0.8434925420215695,25304.776260647086,14.430048696896577,15.0,3.812029041244238,0,0,22.894528991065712
1072,0.844817620317937,25344.52860953811,14.371134582334646,15.0,3.729716231277192,0,0,22.894528991065712
1073,0.8461529071133815,25384.587213401446,14.314746133485942,15.0,3.6509321960942325,0,0,22.894528991065712
1074,0.8474979718383452,25424.939155150354,14.260900059464817,15.0,3.575700281105281,0,0,22.894528991065712
1075,0.8488523810258584,25465.57143077575,14.2096123160251,15.0,3.5040427791503896,0,0,22.894528991065712
1076,0.8502156984399859,25506.470953199576,14.160898100832036,15.0,3.435980923893866,0,0,22.894528991065712
1077,0.8515874852050922,25547.624556152765,14.114771848958952,15.0,3.371534883532347,0,0,22.894528991065712
1078,0.8529672999358906,25589.018998076717,14.071247228609757,15.0,3.310723754818439,0,0,22.894528991065712
1079,0.8543546988682349,25630.640966047045,14.03033713706879,15.0,3.2535655574019886,0,0,22.894528991065712
1080,0.8557492359906161,25672.477079718483,13.99205369687909,15.0,3.200077228490466,0,0,26.894528991065712
1081,0.8570691837390262,25712.075512170784,16.39479137123842,15.0,3.150274617830102,0,0,26.894528991065712
1082,0.8583955636091666,25751.866908275,16.3560294590639,15.0,3.104172483009263,0,0,26.894528991065712
1083,0.8597279081612494,25791.837244837483,16.320390331740153,15.0,3.0617844850854516,0,0,26.894528991065712
1084,0.8610657481880225,25831.972445640677,16.287884549909773,15.0,3.023123184537279,0,0,26.894528991065712
1085,0.8624086128538063,25872.25838561419,16.258521745737447,15.0,2.9882000375424704,0,0,26.894528991065712
1086,0.8637560298340119,25912.680895020356,16.232310620055742,15.0,2.957025392583179,0,0,26.894528991065712
1087,0.8651075254551014,25953.22576365304,16.209258939786885,15.0,2.92960848737951,0,0,26.894528991065712
1088,0.8664626248349478,25993.878745048434,16.18937353564124,15.0,2.9059574461521906,0,0,26.894528991065712
1089,0.8678208520235525,26034.625560706576,16.172660300093217,15.0,2.8860792772151567,0,0,26.894528991065712
1090,0.8691817301440796,26075.451904322388,16.159124185635203,15.0,2.8699798708988746,0,0,26.894528991065712
1091,0.8705447815341651,26116.343446024955,16.148769203310046,15.0,2.8576639978048837,0,0,26.894528991065712
1092,0.8719095278874581,26157.285836623745,16.1415984215225,15.0,2.8491353073921912,0,0,26.894528991065712
1093,0.8732754903953536,26198.264711860607,16.137613965129948,15.0,2.844396326895823,0,0,26.894528991065712
1094,0.8746421898888735,26239.265696666207,16.136817014812827,15.0,2.843448460577978,0,0,26.894528991065712
1095,0.8760091469806556,26280.274409419668,16.13920780672471,15.0,2.8462919893119016,0,0,26.894528991065712
1096,0.8773758822070051,26321.276466210154,16.144785632422348,15.0,2.852926070498662,0,0,26.894528991065712
1097,0.878741916169971,26362.25748509913,16.15354883907562,15.0,2.863348738316827,0,0,26.894528991065712
1098,0.8801067696794017,26403.203090382052,16.16549482995726,15.0,2.8775569043049884,0,0,26.894528991065712
1099,0.8814699638949397,26444.09891684819,16.180620065212363,15.0,2.8955463582769188,0,0,26.894528991065712
1100,0.8828310204679116,26484.93061403735,16.198920062907284,15.0,2.917311769569166,0,0,26.894528991065712
1101,0.8841894616830741,26525.683850492223,16.220389400357767,15.0,2.9428466886206293,0,0,26.894528991065712
1102,0.8855448106001707,26566.344318005118,16.24502171573578,15.0,2.972143548883705,0,0,26.894528991065712
1103,0.8868965911952593,26606.89773585778,16.27280970995466,15.0,3.005193669066416,0,0,26.894528991065712
1104,0.8882443285017693,26647.329855053078,16.303745148832007,15.0,3.0419872557048713,0,0,26.894528991065712
1105,0.8895875487512431,26687.626462537293,16.337818865529645,15.0,3.0825134060652823,0,0,26.894528991065712
1106,0.8909257795137248,26727.773385411743,16.375020763269944,15.0,3.1267601113746686,0,0,26.894528991065712
1107,0.8922585498377512,26767.756495132537,16.41533981832772,15.0,3.1747142603793277,0,0,26.894528991065712
1108,0.8935853903899049,26807.561711697148,16.4587640832968,15.0,3.226361643229974,0,0,26.894528991065712
1109,0.8949058335938878,26847.175007816633,16.505280690630318,15.0,3.2816869556924373,0,0,26.894528991065712
1110,0.896219413769074,26886.58241307222,16.554875856453585,15.0,3.3406738036825967,0,0,26.894528991065712
1111,0.8975256672685017,26925.77001805505,16.60753488464863,15.0,3.4033047081243577,0,0,26.894528991065712
1112,0.8988241326162606,26964.72397848782,16.66324217120892,15.0,3.4695611101290553,0,0,26.894528991065712
1113,0.9001143506442381,27003.430519327143,16.72198120886319,15.0,3.5394233764948417,0,0,26.894528991065712
1114,0.9013958646281804,27041.875938845413,16.783734591966887,15.0,3.6128708055244414,0,0,26.894528991065712
1115,0.90266822042303,27080.046612690898,16.848484021659853,15.0,3.6898816331595103,0,0,26.894528991065712
1116,0.9039309665974979,27117.928997924937,16.916210311288673,15.0,3.770433039429803,0,0,26.894528991065712
1117,0.9051836545678338,27155.509637035015,16.986893392092053,15.0,3.8545011552151687,0,0,26.894528991065712
1118,0.9064258387307499,27192.7751619225,17.060512319147694,15.0,3.942061069318581,0,0,26.894528991065712
1119,0.9076570765954632,27229.712297863898,17.13704527757869,15.0,4.033086835847788,0,0,26.894528991065712
1120,0.9088769289148153,27266.30786744446,17.216469589017734,15.0,4.127551481903674,0,0,26.894528991065712
1121,0.9100849598154305,27302.548794462913,17.298761718327242,15.0,4.2254270155728975,0,0,26.894528991065712
1122,0.9112807369268744,27338.422107806233,17.383897280573272,15.0,4.3266844342225035,0,0,26.894528991065712
1123,0.9124638315097753,27373.914945293258,17.471851048251366,15.0,4.431293733094035,0,0,26.894528991065712
1124,0.9136338185828679,27409.014557486036,17.56259695876198,15.0,4.539223914194604,0,0,26.894528991065712
1125,0.9147902770489255,27443.708311467763,17.656108122133336,15.0,4.650442995482182,0,0,26.894528991065712
1126,0.9159327898195389,27477.983694586164,17.75235682898961,15.0,4.7649180203427,0,0,26.894528991065712
1127,0.9170609439387098,27511.828318161297,17.851314558761757,15.0,4.882615067355745,0,0,26.894528991065712
1128,0.9181743307052186,27545.22992115656,17.952951988138732,15.0,5.003499260346126,0,0,26.894528991065712
1129,0.9192725457937304,27578.17637381191,18.057238999756688,15.0,5.127534778718566,0,0,26.894528991065712
1130,0.920355189374606,27610.655681238182,18.164144691123425,15.0,5.254684868072115,0,0,26.894528991065712
1131,0.9214218662323803,27642.65598697141,18.273637383775387,15.0,5.384911851091175,0,0,26.894528991065712
1132,0.9224721858828728,27674.165576486186,18.385684632664645,15.0,5.518177138710097,0,0,26.894528991065712
1133,0.9235057626888963,27705.172880666887,18.500253235773197,15.0,5.654441241548085,0,0,26.894528991065712
1134,0.9245222159745297,27735.66647923589,18.61730924395135,15.0,5.793663781610647,0,0,26.894528991065712
1135,0.9255211701379209,27765.635104137626,18.73681797097763,15.0,5.935803504254525,0,0,26.894528991065712
1136,0.9265022547625851,27795.06764287755,18.85874400383696,15.0,6.080818290412213,0,0,26.894528991065712
1137,0.9274651047271676,27823.95314181503,18.983051213214452,15.0,6.228665169072929,0,0,26.894528991065712
1138,0.9284093603136371,27852.280809409112,19.1097027642012,15.0,6.379300330015727,0,0,26.894528991065712
1139,0.9293346673138776,27880.040019416327,19.238661127209266,15.0,6.532679136791444,0,0,26.894528991065712
1140,0.9302406771346483,27907.22031403945,19.369888089092566,15.0,6.688756139949453,0,0,26.894528991065712
1141,0.9311270469008791,27933.811407026373,19.50334476447016,15.0,6.847485090505293,0,0,26.894528991065712
1142,0.9319934395572719,27959.803186718156,19.638991607248947,15.0,7.008818953645299,0,0,26.894528991065712
1143,0.9328395239681776,27985.185719045327,19.776788422341856,15.0,7.172709922663892,0,0,26.894528991065712
1144,0.9336649750157181,28009.94925047154,19.916694377578697,15.0,7.339109433129921,0,0,26.894528991065712
1145,0.9344694736961265,28034.084210883797,20.05866801580552,15.0,7.5079681772772435,0,0,26.894528991065712
1146,0.9352527072142747,28057.58121642824,20.20266726716927,15.0,7.679236118615696,0,0,26.894528991065712
1147,0.9360143690763604,28080.431072290812,20.348649461584024,15.0,7.852862506757994,0,0,26.894528991065712
1148,0.9367541591807291,28102.624775421875,20.49657134137501,15.0,8.02879589245817,0,0,26.894528991065712
1149,0.9374717839068002,28124.153517204006,20.64638907409686,15.0,8.206984142857122,0,0,26.894528991065712
1150,0.9381669562020725,28145.008686062174,20.798058265521984,15.0,8.38737445693057,0,0,26.894528991065712
1151,0.9388393956671852,28165.181870015556,20.951533972795705,15.0,8.569913381135342,0,0,26.894528991065712
1152,0.9394888286390053,28184.66485917016,21.106770717753673,15.0,8.754546825248688,0,0,26.894528991065712
1153,0.9401149882717206,28203.449648151618,21.263722500398075,15.0,8.941220078396402,0,0,26.894528991065712
1154,0.9407176146159113,28221.52843847734,21.42234281252842,15.0,9.129877825264833,0,0,26.894528991065712
1155,0.9412964546955791,28238.893640867373,21.582584651522914,15.0,9.320464162492021,0,0,26.894528991065712
1156,0.9418512625831089,28255.53787749327,21.74440053426637,15.0,9.512922615233052,0,0,26.894528991065712
1157,0.9423817994721433,28271.453984164298,21.907742511220476,15.0,9.707196153894829,0,0,26.894528991065712
1158,0.942887833748345,28286.635012450348,22.072562180632197,15.0,9.903227211034997,0,0,26.894528991065712
1159,0.9433691410580299,28301.0742317409,22.238810702876414,15.0,10.100957698420672,0,0,26.894528991065712
1160,0.9438255043746481,28314.76513123944,22.406438814928087,15.0,10.300329024241105,0,0,26.894528991065712
1161,0.9442567140630924,28327.701421892772,22.575396844959805,15.0,10.501282110469546,0,0,26.894528991065712
1162,0.9446625679418194,28339.87703825458,22.745634727060946,15.0,10.703757410369752,0,0,26.894528991065712
1163,0.9450428713427587,28351.28614028276,22.917102016072988,15.0,10.907694926140543,0,0,26.894528991065712
1164,0.9453974371689979,28361.923115069938,23.08974790253766,15.0,11.113034226694705,0,0,26.894528991065712
1165,0.945726085950224,28371.78257850672,23.263521227752726,15.0,11.319714465565816,0,0,26.894528991065712
1166,0.9460286458959032,28380.859376877095,23.438370498931633,15.0,11.527674398938617,0,0,26.894528991065712
1167,0.9463049529461868,28389.148588385604,23.614243904461762,15.0,11.736852403796703,0,0,26.894528991065712
1168,0.9465548508205259,28396.64552461578,23.79108932925744,15.0,11.947186496182852,0,0,26.894528991065712
1169,0.9467781910639802,28403.345731919406,23.968854370202592,15.0,12.158614349566017,0,0,26.894528991065712
1170,0.9469748330912084,28409.244992736254,24.147486351679134,15.0,12.371073313310301,0,0,26.894528991065712
1171,0.9471446442281273,28414.33932684382,24.326932341175763,15.0,12.584500431239503,0,0,26.894528991065712
1172,0.9472874997512252,28418.624992536756,24.507139164973026,15.0,12.798832460292449,0,0,26.894528991065712
1173,0.9474032829245206,28422.098487735617,24.68805342389985,15.0,13.014005889263263,0,0,26.894528991065712
1174,0.9474918850341534,28424.756551024602,24.86962150915687,15.0,13.22995695762112,0,0,26.894528991065712
1175,0.9475532054205996,28426.59616261799,25.0517896182019,15.0,13.446621674403909,0,0,26.894528991065712
1176,0.9475871515084985,28427.614545254954,25.23450377069265,15.0,13.663935837179942,0,0,26.894528991065712
1177,0.9475936388340847,28427.80916502254,25.41770982448247,15.0,13.881835051072814,0,0,26.894528991065712
1178,0.9475725910702166,28427.1777321065,25.60135349166372,15.0,14.1002547478428,0,0,26.894528991065712
1179,0.947523940048994,28425.71820146982,25.785380354654453,15.0,14.31913020501986,0,0,26.894528991065712
1180,0.9474476257819577,28423.42877345873,25.96973588232354,15.0,14.53839656508232,0,0,26.894528991065712
1181,0.9473435964778649,28420.307894335947,26.15436544614942,15.0,14.757988854675528,0,0,26.894528991065712
1182,0.9472118085580369,28416.354256741106,26.339214336407736,15.0,14.977842003864936,0,0,26.894528991065712
1183,0.9470522266692714,28411.56680007814,26.52422777838286,15.0,15.197890865417536,0,0,26.894528991065712
1184,0.9468648236943195,28405.944710829583,26.709350948599056,15.0,15.418070234106644,0,0,26.894528991065712
1185,0.94664958075992,28399.4874227976,26.8945289910657,15.0,15.638314866033461,0,0,26.894528991065712
1186,0.946406487242393,28392.194617271787,27.079707033532355,15.0,15.858559497960279,0,0,26.894528991065712
1187,0.9461355407707869,28384.066223123606,27.26483020374855,15.0,16.07873886664939,0,0,26.894528991065712
1188,0.9458367472275822,28375.102416827463,27.449843645723675,15.0,16.298787728201987,0,0,26.894528991065712
1189,0.945510120746947,28365.30362240841,27.634692535981987,15.0,16.518640877391395,0,0,26.894528991065712
1190,0.94515568371055,28354.6705113165,27.819322099807867,15.0,16.738233166984607,0,0,26.894528991065712
1191,0.9447734667409277,28343.20400222783,28.00367762747696,15.0,16.95749952704706,0,0,26.894528991065712
1192,0.94436350869241,28330.905260772302,28.18770449046769,15.0,17.176374984224122,0,0,26.894528991065712
1193,0.9439258566396077,28317.77569918823,28.37134815764894,15.0,17.394794680994103,0,0,26.894528991065712
1194,0.9434605658634622,28303.816975903865,28.554554211438756,15.0,17.612693894886977,0,0,26.894528991065712
1195,0.9429676998348653,28289.03099504596,28.737268363929505,15.0,17.83000805766301,0,0,26.894528991065712
1196,0.9424473301958515,28273.419905875544,28.919436472974496,15.0,18.04667277444576,0,0,26.894528991065712
1197,0.9418995367383681,28256.986102151044,29.101004558231555,15.0,18.26262384280366,0,0,26.894528991065712
1198,0.9413244073806323,28239.73222141897,29.281918817158385,15.0,18.477797271774474,0,0,26.894528991065712
1199,0.9407220381410782,28221.66114423235,29.462125640955648,15.0,18.69212930082742,0,0,26.894528991065712
1200,0.9400925331099048,28202.775993297146,29.64157163045231,15.0,18.905556418756667,0,0,26.894528991065712
1201,0.9394360044182317,28183.08013254695,29.820203611928854,15.0,19.11801538250095,0,0,26.894528991065712
1202,0.9387525722048723,28162.57716614617,29.997968652874,15.0,19.329443235884114,0,0,26.894528991065712
1203,0.9380423645807343,28141.27093742203,30.17481407766961,15.0,19.539777328270173,0,0,26.894528991065712
1204,0.9373055175908573,28119.16552772572,30.350687483199778,15.0,19.748955333128308,0,0,26.894528991065712
1205,0.9365421751741001,28096.265255223003,30.52553675437868,15.0,19.95691526650111,0,0,26.894528991065712
1206,0.935752489120488,28072.57467361464,30.699310079593747,15.0,20.163595505372218,0,0,26.894528991065712
1207,0.9349366190262347,28048.098570787042,30.871955966058383,15.0,20.368934805926344,0,0,26.894528991065712
1208,0.9340947322464502,28022.841967393506,31.043423255070458,15.0,20.57287232169717,0,0,26.894528991065712
1209,0.9332270038455497,27996.81011536649,31.213661137171606,15.0,20.77534762159738,0,0,26.894528991065712
1210,0.9323336165453786,27970.00849636136,31.38261916720335,15.0,20.976300707825864,0,0,26.894528991065712
1211,0.9314147606710681,27942.442820132044,31.55024727925499,15.0,21.175672033646254,0,0,26.894528991065712
1212,0.9304706340946375,27914.119022839124,31.716495801499214,15.0,21.373402521031927,0,0,26.894528991065712
1213,0.9295014421763601,27885.043265290802,31.88131547091093,15.0,21.569433578172095,0,0,26.894528991065712
1214,0.9285073977039114,27855.221931117343,32.04465744786501,15.0,21.763707116833828,0,0,26.894528991065712
1215,0.927488720829315,27824.66162487945,32.206473330608496,15.0,21.956165569574907,0,0,26.894528991065712
1216,0.9264456390037066,27793.369170111197,32.36671516960298,15.0,22.146751906802095,0,0,26.894528991065712
1217,0.9253783869099358,27761.351607298075,32.525335481733336,15.0,22.335409653670524,0,0,26.894528991065712
1218,0.9242872063930244,27728.616191790734,32.68228726437774,15.0,22.522082906818234,0,0,26.894528991065712
1219,0.9231723463885023,27695.17039165507,32.8375240093357,15.0,22.706716350931586,0,0,26.894528991065712
1220,0.9220340628486425,27661.021885459275,32.99099971660942,15.0,22.889255275136357,0,0,26.894528991065712
1221,0.9208726186666172,27626.178559998516,33.14266890803455,15.0,23.069645589209802,0,0,26.894528991065712
1222,0.9196882835985966,27590.648507957896,33.2924866407564,15.0,23.247833839608756,0,0,26.894528991065712
1223,0.9184813341838144,27554.440025514432,33.44040852054739,15.0,23.423767225308932,0,0,26.894528991065712
1224,0.9172520536626235,27517.561609878707,33.58639071496214,15.0,23.59739361345123,0,0,26.894528991065712
1225,0.9160007318925657,27480.02195677697,33.73038996632589,15.0,23.76866155478968,0,0,26.894528991065712
1226,0.91472766526248,27441.829957874397,33.87236360455271,15.0,23.937520298937006,0,0,26.894528991065712
1227,0.9134331566046769,27402.994698140308,34.01226955978956,15.0,24.10391980940304,0,0,26.894528991065712
1228,0.912117515105203,27363.52545315609,34.15006637488246,15.0,24.267810778421627,0,0,26.894528991065712
1229,0.9107810562122213,27323.43168636664,34.285713217661225,15.0,24.429144641561606,0,0,26.894528991065712
1230,0.9094241015425383,27282.723046276147,34.419169893038855,15.0,24.587873592117475,0,0,26.894528991065712
1231,0.9080469787863008,27241.409363589024,34.55039685492214,15.0,24.743950595275486,0,0,26.894528991065712
1232,0.9066500216098956,27199.500648296867,34.67935521793022,15.0,24.897329402051206,0,0,26.894528991065712
1233,0.9052335695570759,27157.007086712278,34.80600676891698,15.0,25.047964562994032,0,0,26.894528991065712
1234,0.9037979679483477,27113.93903845043,34.93031397829448,15.0,25.195811441654747,0,0,26.894528991065712
1235,0.9023435677786434,27070.307033359302,35.052240011153785,15.0,25.340826227812407,0,0,26.894528991065712
1236,0.900870725613315,27026.12176839945,35.17174873818004,15.0,25.482965950456254,0,0,26.894528991065712
1237,0.8993798034824758,26981.394104474275,35.28880474635822,15.0,25.622188490518845,0,0,26.894528991065712
1238,0.8978711687737229,26936.135063211685,35.40337334946677,15.0,25.758452593356832,0,0,26.894528991065712
1239,0.8963451941232726,26890.355823698177,35.51542059835602,15.0,25.891717880975754,0,0,26.894528991065712
1240,0.8948022573055402,26844.067719166207,35.624913291007964,15.0,26.02194486399479,0,0,26.894528991065712
1241,0.8932427411211974,26797.28223363592,35.731818982374726,15.0,26.149094953348367,0,0,26.894528991065712
1242,0.8916670332837395,26750.010998512185,35.8361059939927,15.0,26.273130471720826,0,0,26.894528991065712
1243,0.8900755263045985,26702.265789137957,35.93774342336968,15.0,26.394014664711207,0,0,26.894528991065712
1244,0.8884686173768331,26654.058521304993,36.036701153141806,15.0,26.511711711724228,0,0,26.894528991065712
1245,0.8868467082574315,26605.401247722944,36.13294985999808,15.0,26.62618673658475,0,0,26.894528991065712
1246,0.8852102051482625,26556.306154447877,36.22646102336944,15.0,26.73740581787233,0,0,26.894528991065712
1247,0.8835595185757094,26506.78555727128,36.31720693388003,15.0,26.845335998972878,0,0,26.894528991065712
1248,0.8818950632690209,26456.85189807063,36.405160701558145,15.0,26.94994529784443,0,0,26.894528991065712
1249,0.8802172580374199,26406.517741122596,36.490296263804176,15.0,27.051202716494036,0,0,26.894528991065712
1250,0.8785265256459993,26355.79576937998,36.57258839311368,15.0,27.149078250163257,0,0,26.894528991065712
1251,0.8768232926904491,26304.698780713472,36.652012704552725,15.0,27.243542896219147,0,0,26.894528991065712
1252,0.8751079894706456,26253.23968411937,36.72854566298372,15.0,27.334568662748353,0,0,26.894528991065712
1253,0.8733810498631454,26201.43149589436,36.80216459003937,15.0,27.42212857685176,0,0,26.894528991065712
1254,0.8716429111926176,26149.28733577853,36.872847670842745,15.0,27.506196692637133,0,0,26.894528991065712
1255,0.8698940141022554,26096.820423067664,36.94057396047157,15.0,27.586748098907428,0,0,26.894528991065712
1256,0.8681348024232043,26044.044072696128,37.005323390164534,15.0,27.663758926542492,0,0,26.894528991065712
1257,0.8663657230430446,25990.97169129134,37.06707677326823,15.0,27.73720635557209,0,0,26.894528991065712
1258,0.8645872257733698,25937.616773201094,37.1258158109225,15.0,27.80706862193788,0,0,26.894528991065712
1259,0.862799763216497,25883.99289649491,37.18152309748279,15.0,27.873325023942577,0,0,26.894528991065712
1260,0.8610037906313515,25830.113718940545,37.23418212567783,15.0,27.935955928384345,0,0,26.894528991065712
1261,0.8591997657985636,25775.99297395691,37.283777291501096,15.0,27.9949427763745,0,0,26.894528991065712
1262,0.8573881488848184,25721.644466544552,37.330293898834604,15.0,28.05026808883695,0,0,26.894528991065712
1263,0.8555694023064985,25667.082069194956,37.3737181638037,15.0,28.101915471687608,0,0,26.894528991065712
1264,0.8537439905926599,25612.3197177798,37.41403721886147,15.0,28.149869620692265,0,0,26.894528991065712
1265,0.8519123802473824,25557.37140742147,37.45123911660177,15.0,28.194116326001655,0,0,26.894528991065712
1266,0.8500750396115333,25502.251188346,37.48531283329942,15.0,28.234642476362076,0,0,26.894528991065712
1267,0.8482324387239895,25446.973161719685,37.51624827217676,15.0,28.27143606300052,0,0,26.894528991065712
1268,0.8463850491823535,25391.551475470606,37.544036266395636,15.0,28.304486183183236,0,0,26.894528991065712
1269,0.8445333440032097,25336.00032009629,37.56866858177365,15.0,28.333783043446303,0,0,26.894528991065712
1270,0.8426777974819586,25280.33392445876,37.59013791922414,15.0,28.359317962497776,0,0,26.894528991065712
1271,0.8408188850522738,25224.566551568212,37.60843791691906,15.0,28.381083373790027,0,0,26.894528991065712
1272,0.8389570831452198,25168.712494356594,37.623563152174164,15.0,28.399072827761948,0,0,26.894528991065712
1273,0.8370928690480757,25112.78607144227,37.6355091430558,15.0,28.41328099375011,0,0,26.894528991065712
1274,0.8352267207629047,25056.801622887142,37.64427234970907,15.0,28.423703661568283,0,0,26.894528991065712
1275,0.8333591168649116,25000.77350594735,37.64985017540671,15.0,28.430337742755036,0,0,26.894528991065712
1276,0.8314905363606305,24944.716090818914,37.6522409673186,15.0,28.433181271488966,0,0,26.894528991065712
1277,0.8296214585459853,24888.64375637956,37.65144401700148,15.0,28.432233405171118,0,0,26.894528991065712
1278,0.8277523628642636,24832.570885927908,37.64745956060892,15.0,28.42749442467475,0,0,26.894528991065712
1279,0.8258837287640474,24776.51186292142,37.64028877882137,15.0,28.41896573426206,0,0,26.894528991065712
1280,0.824016035557142,24720.48106671426,37.629933796496225,15.0,28.406649861168066,0,0,26.894528991065712
1281,0.822149762276546,24664.49286829638,37.616397682038205,15.0,28.390550454851788,0,0,26.894528991065712
1282,0.8202853875345029,24608.561626035087,37.59968444649018,15.0,28.37067228591475,0,0,26.894528991065712
1283,0.8184233893806783,24552.70168142035,37.57979904234453,15.0,28.347021244687433,0,0,26.894528991065712
1284,0.8165642451605036,24496.92735481511,37.55674736207568,15.0,28.319604339483764,0,0,26.894528991065712
1285,0.8147084313737282,24441.252941211846,37.530536236393985,15.0,28.288429694524474,0,0,26.894528991065712
1286,0.8128564235332214,24385.692705996644,37.50117343222165,15.0,28.253506547529664,0,0,26.894528991065712
1287,0.8110086960240696,24330.260880722086,37.46866765039127,15.0,28.21484524698149,0,0,26.894528991065712
1288,0.8091657219630036,24274.97165889011,37.43302852306753,15.0,28.172457249057686,0,0,26.894528991065712
1289,0.8073279730582059,24219.839191746178,37.394266610893,15.0,28.126355114236844,0,0,26.894528991065712
1290,0.8054959194695316,24164.87758408595,37.35239339985884,15.0,28.07655250357648,0,0,26.894528991065712
1291,0.8036700296691914,24110.100890075744,37.307421297901136,15.0,28.023064174664956,0,0,26.894528991065712
1292,0.8018507703029321,24055.52310908796,37.25936363122431,15.0,27.96590597724851,0,0,26.894528991065712
1293,0.8000386060517596,24001.158181552786,37.208234640352146,15.0,27.9050948485346,0,0,26.894528991065712
1294,0.7982339994942445,23947.019984827333,37.1540494759081,15.0,27.840648808173082,0,0,26.894528991065712
1295,0.7964374109694494,23893.122329083482,37.096824194125816,15.0,27.772586952916576,0,0,26.894528991065712
1296,0.7946492984405209,23839.47895321563,37.03657575209129,15.0,27.700929450961667,0,0,26.894528991065712
1297,0.7928701173589853,23786.103520769557,36.97332200271818,15.0,27.62569753597272,0,0,26.894528991065712
1298,0.7911003205297876,23733.00961589363,36.90708168945755,15.0,27.546913500789756,0,0,26.894528991065712
1299,0.7893403579771171,23680.210739313512,36.8378744407438,15.0,27.464600690822717,0,0,26.894528991065712
1300,0.7875906768110542,23627.720304331626,36.76572076417835,15.0,27.37878349713363,0,0,26.894528991065712
1301,0.7858517210950827,23575.551632852483,36.69064204045275,15.0,27.289487349209082,0,0,26.894528991065712
1302,0.7841239317145042,23523.717951435126,36.61266051701318,15.0,27.196738707424885,0,0,26.894528991065712
1303,0.782407746245794,23472.23238737382,36.53179930146801,15.0,27.100565055205237,0,0,26.894528991065712
1304,0.7807035988269379,23421.107964808136,36.448082354740556,15.0,27.000994890878943,0,0,26.894528991065712
1305,0.7790119200287875,23370.357600863626,36.36153448396887,15.0,26.898057719234565,0,0,26.894528991065712
1306,0.7773331367274735,23319.994101824206,36.272181335154926,15.0,26.791784042777635,0,0,26.894528991065712
1307,0.7756676719779121,23270.030159337362,36.1800493855651,15.0,26.68220535269203,0,0,26.894528991065712
1308,0.7740159448884454,23220.478346653363,36.08516593588446,15.0,26.56935411950857,0,0,26.894528991065712
1309,0.7723783704966504,23171.35111489951,35.987559102126895,15.0,26.453263783483187,0,0,26.894528991065712
1310,0.7707553596463541,23122.660789390622,35.887257807303726,15.0,26.333968744687798,0,0,26.894528991065712
1311,0.7691473188658922,23074.419565976765,35.78429177285334,15.0,26.211504352817077,0,0,26.894528991065712
1312,0.7675546502476452,23026.639507429358,35.67869150983392,15.0,26.085906896713304,0,0,26.894528991065712
1313,0.7659777513288906,22979.33253986672,35.570488309882435,15.0,25.957213593613332,0,0,26.894528991065712
1314,0.7644170149740033,22932.5104492201,35.459714235942215,15.0,25.82546257812028,0,0,26.894528991065712
1315,0.7628728292580417,22886.18487774125,35.346402112762135,15.0,25.690692890903513,0,0,26.894528991065712
1316,0.7613455773517527,22840.36732055258,35.23058551716972,15.0,25.552944467129887,0,0,26.894528991065712
1317,0.7598356374080303,22795.069122240908,35.1122987681218,15.0,25.412258124630227,0,0,26.894528991065712
1318,0.7583433824498599,22750.301473495798,34.99157691653494,15.0,25.268675551804073,0,0,26.894528991065712
1319,0.7568691802597844,22706.075407793534,34.86845573489916,15.0,25.122239295266517,0,0,26.894528991065712
1320,0.7554133932709217,22662.401798127652,34.742971706677736,15.0,24.972992747240728,0,0,26.894528991065712
1321,0.7539763784595681,22619.291353787044,34.615162015496395,15.0,24.82098013269986,0,0,26.894528991065712
1322,0.7525584872394186,22576.75461718256,34.48506453412503,15.0,24.666246496262353,0,0,26.894528991065712
1323,0.7511600653574354,22534.801960723064,34.35271781325508,15.0,24.508837688844096,0,0,26.894528991065712
1324,0.7497814527913957,22493.44358374187,34.21816107007622,15.0,24.348800354071884,0,0,26.894528991065712
1325,0.7484229836491487,22452.68950947446,34.08143417665543,15.0,24.186181914461883,0,0,26.894528991065712
1326,0.7470849860696127,22412.54958208838,33.942577648122025,15.0,24.021030557367357,0,0,26.894528991065712
1327,0.74576778212554,22373.033463766198,33.80163263066219,15.0,23.85339522069966,0,0,26.894528991065712
1328,0.7444716877280796,22334.15063184239,33.658640889326406,15.0,23.683325578426896,0,0,26.894528991065712
1329,0.7431970125331668,22295.910375995005,33.513644795653704,15.0,23.510872025854532,0,0,26.894528991065712
1330,0.7419440598497647,22258.321795492942,33.36668731511588,15.0,23.33608566469201,0,0,26.894528991065712
1331,0.7407131265499874,22221.393796499622,33.21781199438603,15.0,23.15901828791035,0,0,26.894528991065712
1332,0.7395045029811306,22185.135089433916,33.06706294843468,15.0,22.97972236439471,0,0,26.894528991065712
1333,0.7383184728796348,22149.554186389043,32.91448484745756,15.0,22.79825102339676,0,0,26.894528991065712
1334,0.7371553132870089,22114.659398610267,32.7601229036389,15.0,22.614658038791305,0,0,26.894528991065712
1335,0.7360152944677364,22080.45883403209,32.60402285775407,15.0,22.428997813141937,0,0,26.894528991065712
1336,0.7348986798291901,22046.960394875703,32.44623096561553,15.0,22.241325361580365,0,0,26.894528991065712
1337,0.7338057258435792,22014.171775307375,32.286793984366426,15.0,22.05169629550437,0,0,26.894528991065712
1338,0.7327366819719504,21982.10045915851,32.125759158625186,15.0,21.86016680609871,0,0,26.894528991065712
1339,0.731691790590268,21950.75371770804,31.963174206486087,15.0,21.66679364768461,0,0,26.894528991065712
1340,0.7306712869175921,21920.138607527762,31.799087305379395,15.0,21.47163412090236,0,0,26.894528991065712
1341,0.7296753989463781,21890.261968391344,31.633547077795107,15.0,21.274746055731505,0,0,26.894528991065712
1342,0.7287043473749182,21861.130421247544,31.466602576875324,15.0,21.076187794354997,0,0,26.894528991065712
1343,0.7277583455419429,21832.750366258286,31.298303271878606,15.0,20.87601817387088,0,0,26.894528991065712
1344,0.7268375993634048,21805.127980902143,31.128699033521286,15.0,20.674296508857797,0,0,26.894528991065712
1345,0.7259423072714613,21778.269218143836,30.957840119199513,15.0,20.47108257379855,0,0,26.894528991065712
1346,0.7250726601556742,21752.179804670224,30.785777158097034,15.0,20.266436585367835,0,0,26.894528991065712
1347,0.7242288413064455,21726.865239193365,30.61256113618262,15.0,20.060419184588586,0,0,26.894528991065712
1348,0.7234110263607045,21702.330790821135,30.438243381101938,15.0,19.853091418862967,0,0,26.894528991065712
1349,0.7226193832498624,21678.581497495874,30.262875546967862,15.0,19.64451472388241,0,0,26.894528991065712
1350,0.7218540721500516,21655.622164501547,30.08650959905441,15.0,19.43475090542311,0,0,30.894528991065712
1351,0.7209669664653163,21629.00899395949,34.35756687871696,15.0,19.223862121031527,0,0,30.894528991065712
1352,0.7201073731668933,21603.2211950068,34.15285747467735,15.0,19.011910861605845,0,0,30.894528991065712
1353,0.7192754330564775,21578.262991694322,33.947182557587546,15.0,18.79895993287851,0,0,30.894528991065712
1354,0.7184712787415267,21554.1383622458,33.740603073364284,15.0,18.58507243680552,0,0,30.894528991065712
1355,0.7176950345959686,21530.85103787906,33.53318023596717,15.0,18.370311752868112,0,0,30.894528991065712
1356,0.7169468167233453,21508.40450170036,33.324975509259446,15.0,18.154741519291818,0,0,30.894528991065712
1357,0.7162267329224089,21486.80198767227,33.11605058879503,15.0,17.938425614189228,0,0,30.894528991065712
1358,0.7155348826551795,21466.046479655386,32.90646738353685,15.0,17.721428136631502,0,0,30.894528991065712
1359,0.7148713570174713,21446.140710524138,32.696287997511796,15.0,17.503813387654432,0,0,30.894528991065712
1360,0.7142362387118996,21427.087161356987,32.48557471140799,15.0,17.28564585120465,0,0,30.894528991065712
1361,0.7136296020233743,21408.88806070123,32.27438996411962,15.0,17.066990175031606,0,0,30.894528991065712
1362,0.7130515127970875,21391.545383912624,32.06279633424514,15.0,16.847911151531207,0,0,30.894528991065712
1363,0.7125020284190017,21375.06085257005,31.850856521543605,15.0,16.62847369854619,0,0,30.894528991065712
1364,0.711981197798846,21359.435933965382,31.63863332835555,15.0,16.408742840129726,0,0,30.894528991065712
1365,0.7114890613556226,21344.671840668678,31.426189640993265,15.0,16.188783687277336,0,0,30.894528991065712
1366,0.7110256510056293,21330.76953016888,31.213588411106237,15.0,15.968661418633122,0,0,30.894528991065712
1367,0.7105909901530032,21317.729704590096,31.00089263702718,15.0,15.74844126117591,0,0,30.894528991065712
1368,0.7101850936827843,21305.55281048353,30.78816534510431,15.0,15.528188470891095,0,0,30.894528991065712
1369,0.7098079679565058,21294.239038695174,30.57546957102521,15.0,15.307968313433843,0,0,30.894528991065712
1370,0.7094596108103083,21283.788324309247,30.362868341138174,15.0,15.087846044789625,0,0,30.894528991065712
1371,0.7091400115555809,21274.20034666743,30.150424653775893,15.0,14.867886891937237,0,0,30.894528991065712
1372,0.7088491509821295,21265.474529463885,29.938201460587837,15.0,14.64815603352077,0,0,30.894528991065712
1373,0.7085870013638682,21257.610040916046,29.7262616478863,15.0,14.428718580535756,0,0,30.894528991065712
1374,0.7083535264670352,21250.605794011055,29.51466801801182,15.0,14.20963955703536,0,0,30.894528991065712
1375,0.7081486815609301,21244.460446827903,29.303483270723497,15.0,13.990983880862355,0,0,30.894528991065712
1376,0.7079724134311685,21239.172402935055,29.092769984619643,15.0,13.77281634441253,0,0,30.894528991065712
1377,0.7078246603954503,21234.73981186351,28.882590598594593,15.0,13.55520159543546,0,0,30.894528991065712
1378,0.7077053523218375,21231.160569655127,28.673007393336416,15.0,13.338204117877737,0,0,30.894528991065712
1379,0.7076144106495362,21228.432319486088,28.464082472872008,15.0,13.121888212775145,0,0,30.894528991065712
1380,0.7075517484121755,21226.552452365264,28.255877746164227,15.0,12.906317979198807,0,0,30.894528991065712
1381,0.7075172702635772,21225.51810790732,28.048454908767113,15.0,12.6915572952614,0,0,30.894528991065712
1382,0.70751087250601,21225.3261751803,27.841875424543936,15.0,12.477669799188497,0,0,30.894528991065712
1383,0.7075324431209162,21225.97329362749,27.6362005074541,15.0,12.264718870461119,0,0,30.894528991065712
1384,0.7075818618021062,21227.455854063188,27.43149110341448,15.0,12.052767611035435,0,0,30.894528991065712
1385,0.707658999991407,21229.76999974221,27.227807872239453,15.0,11.841878826643857,0,0,30.894528991065712
1386,0.7077637209167571,21232.91162750271,27.025211169666257,15.0,11.63211500818455,0,0,30.894528991065712
1387,0.707895879632735,21236.87638898205,26.823761029470216,15.0,11.423538313203954,0,0,30.894528991065712
1388,0.7080553230635102,21241.659691905304,26.62351714567561,15.0,11.216210547478335,0,0,30.894528991065712
1389,0.7082418900482016,21247.256701446047,26.42453885486678,15.0,11.010193146699129,0,0,30.894528991065712
1390,0.7084554113886341,21253.662341659023,26.226885118605583,15.0,10.80554715826841,0,0,30.894528991065712
1391,0.7086957098994755,21260.871296984264,26.030614505959807,15.0,10.602333223209168,0,0,30.894528991065712
1392,0.7089626004607394,21268.878013822185,25.83578517614784,15.0,10.400611558196081,0,0,30.894528991065712
1393,0.7092558900726418,21277.676702179255,25.64245486130487,15.0,10.200441937712005,0,0,30.894528991065712
1394,0.7095753779127897,21287.26133738369,25.450680849375583,15.0,10.001883676335499,0,0,30.894528991065712
1395,0.7099208553956899,21297.625661870698,25.26051996713851,15.0,9.804995611164605,0,0,30.894528991065712
1396,0.7102921062345571,21308.76318703671,25.07202856336714,15.0,9.609836084382312,0,0,30.894528991065712
1397,0.7106889065054041,21320.66719516212,24.885262492132348,15.0,9.416462925968249,0,0,30.894528991065712
1398,0.7111110247133958,21333.330741401875,24.700277096251778,15.0,9.22493343656259,0,0,30.894528991065712
1399,0.7115582218614463,21346.74665584339,24.517127190890548,15.0,9.035304370486589,0,0,30.894528991065712
1400,0.7120302515210383,21360.907545631148,24.335867047318313,15.0,8.84763191892506,0,0,30.894528991065712
1401,0.7125268599052449,21375.805797157347,24.156550376827493,15.0,8.66197169327566,0,0,30.894528991065712
1402,0.7130477859439334,21391.433578318,23.97923031481763,15.0,8.478378708670238,0,0,30.894528991065712
1403,0.7135927613611245,21407.782840833734,23.803959405049845,15.0,8.29690736767225,0,0,30.894528991065712
1404,0.7141615107544896,21424.84532263469,23.630789584077444,15.0,8.11761144415661,0,0,30.894528991065712
1405,0.714753751676958,21442.61255030874,23.459772165855675,15.0,7.940544067374949,0,0,30.894528991065712
1406,0.7153691947204112,21461.075841612335,23.290957826536413,15.0,7.765757706212428,0,0,30.894528991065712
1407,0.7160075436014421,21480.226308043264,23.12439658945167,15.0,7.593304153640028,0,0,30.894528991065712
1408,0.7166684952491494,21500.054857474483,22.96013781029078,15.0,7.423234511367328,0,0,30.894528991065712
1409,0.7173517398949444,21520.55219684833,22.79823016247488,15.0,7.255599174699603,0,0,30.894528991065712
1410,0.7180569611643416,21541.708834930247,22.638721622734387,15.0,7.090447817605111,0,0,30.894528991065712
1411,0.7187838361707078,21563.515085121235,22.48165945689199,15.0,6.927829377995078,0,0,30.894528991065712
1412,0.7195320356109404,21585.96106832821,22.32709020585716,15.0,6.767792043222826,0,0,30.894528991065712
1413,0.7203012238630465,21609.036715891394,22.175059671834926,15.0,6.6103832358045995,0,0,30.894528991065712
1414,0.7210910590855956,21632.731772567866,22.025612904753505,15.0,6.4556495993671,0,0,30.894528991065712
1415,0.7219011933190139,21657.035799570418,21.878794188915315,15.0,6.30363698482623,0,0,30.894528991065712
1416,0.722731272588693,21681.938177660788,21.734647029874555,15.0,6.154390436800472,0,0,30.894528991065712
1417,0.7235809370098792,21707.428110296376,21.593214141545282,15.0,6.007954180262886,0,0,30.894528991065712
1418,0.7244498208943165,21733.494626829495,21.454537433544736,15.0,5.8643716074367,0,0,30.894528991065712
1419,0.7253375528586066,21760.126585758197,21.318657998774448,15.0,5.723685264937069,0,0,30.894528991065712
1420,0.7262437559342585,21787.312678027756,21.185616101243337,15.0,5.585936841163415,0,0,30.894528991065712
1421,0.7271680476793924,21815.04143038177,21.055451164137036,15.0,5.451167153946672,0,0,30.894528991065712
1422,0.7281100402920652,21843.301208761954,20.92820175813549,15.0,5.3194161384536205,0,0,30.894528991065712
1423,0.7290693407251845,21872.080221755536,20.80390558998405,15.0,5.19072283535365,0,0,30.894528991065712
1424,0.7300455508029778,21901.366524089335,20.682599491319863,15.0,5.0651253792499,0,0,30.894528991065712
1425,0.7310382673389794,21931.14802016938,20.56431940775789,15.0,4.942660987379153,0,0,30.894528991065712
1426,0.7320470822555039,21961.412467665115,20.44910038823963,15.0,4.8233659485837626,0,0,30.894528991065712
1427,0.7330715827045684,21992.147481137054,20.336976574647252,15.0,4.70727561255838,0,0,30.894528991065712
1428,0.7341113511902285,22023.340535706855,20.22798119168645,15.0,4.594424379374899,0,0,30.894528991065712
1429,0.7351659656922904,22054.978970768712,20.122146537041587,15.0,4.484845689289317,0,0,30.894528991065712
1430,0.7362349997913656,22087.04999374097,20.0195039718049,15.0,4.378572012832385,0,0,30.894528991065712
1431,0.737318022795228,22119.540683856838,19.92008391118369,15.0,4.275634841188007,0,0,30.894528991065712
1432,0.7384145998664365,22152.437995993096,19.823915815487563,15.0,4.176064676861712,0,0,30.894528991065712
1433,0.739524292151188,22185.72876453564,19.731028181398766,15.0,4.0798910246420865,0,0,30.894528991065712
1434,0.7406466569093582,22219.399707280743,19.64144853352793,15.0,3.987142382857863,0,0,30.894528991065712
1435,0.7417812476456952,22253.437429370857,19.555203416258074,15.0,3.8978462349333407,0,0,30.894528991065712
1436,0.7429276142421267,22287.8284272638,19.47231838587868,15.0,3.812029041244238,0,0,30.894528991065712
1437,0.7440853030911381,22322.559092734144,19.392818003013115,15.0,3.7297162312771936,0,0,30.894528991065712
1438,0.7452538572301874,22357.615716905624,19.316725825340562,15.0,3.6509321960942325,0,0,30.894528991065712
1439,0.7464328164771128,22392.984494313383,19.244064400615475,15.0,3.5757002811052825,0,0,30.894528991065712
1440,0.7476217175664941,22428.65152699482,19.17485525998614,15.0,3.504042779150376,0,0,30.894528991065712
1441,0.7488200942869288,22464.60282860786,19.109118911614623,15.0,3.4359809238938803,0,0,30.894528991065712
1442,0.7500274776191803,22500.82432857541,19.046874834599606,15.0,3.371534883532348,0,0,30.894528991065712
1443,0.751243395875159,22537.30187625477,18.988141473204493,15.0,3.310723754818451,0,0,30.894528991065712
1444,0.7524673748376924,22574.021245130774,18.932936231391785,15.0,3.2535655574019886,0,0,30.894528991065712
1445,0.7536989379010475,22610.968137031425,18.881275467666082,15.0,3.2000772284904557,0,0,30.894528991065712
1446,0.7549376062121579,22648.12818636474,18.833174490226632,15.0,3.150274617830102,0,0,30.894528991065712
1447,0.7561828988125194,22685.486964375585,18.78864755243112,15.0,3.104172483009263,0,0,30.894528991065712
1448,0.7574343327807079,22723.02998342124,18.747707848572183,15.0,3.061784485085453,0,0,30.894528991065712
1449,0.7586914233754791,22760.742701264375,18.710367509967654,15.0,3.023123184537288,0,0,30.894528991065712
1450,0.7599536841794086,22798.610525382257,18.6766376013657,15.0,2.988200037542472,0,0,30.894528991065712
1451,0.7612206272430271,22836.61881729081,18.64652811766621,15.0,2.9570253925831738,0,0,30.894528991065712
1452,0.7624917632294108,22874.752896882324,18.620047980959026,15.0,2.9296084873795145,0,0,30.894528991065712
1453,0.7637666015591825,22912.998046775476,18.597205037880123,15.0,2.905957446152187,0,0,30.894528991065712
1454,0.7650446505558808,22951.339516676424,18.578006057286547,15.0,2.8860792772151567,0,0,30.894528991065712
1455,0.7663254175916541,22989.762527749623,18.562456728250574,15.0,2.8699798708988706,0,0,30.894528991065712
1456,0.7676084092332375,23028.252276997126,18.550561658373994,15.0,2.8576639978048837,0,0,30.894528991065712
1457,0.7688931313881673,23066.793941645017,18.542324372422726,15.0,2.849135307392193,0,0,30.894528991065712
1458,0.770179089451191,23105.37268353573,18.537747311282367,15.0,2.844396326895823,0,0,30.894528991065712
1459,0.7714657884508302,23143.973653524907,18.536831831234924,15.0,2.843448460577978,0,0,30.894528991065712
1460,0.7727527331960511,23182.581995881534,18.539578203556882,15.0,2.8462919893119016,0,0,30.894528991065712
1461,0.7740394284230001,23221.182852690003,18.545985614438855,15.0,2.852926070498662,0,0,30.894528991065712
1462,0.7753253789417609,23259.761368252828,18.556052165226717,15.0,2.8633487383168306,0,0,30.894528991065712
1463,0.7766100897830908,23298.302693492722,18.569774872984212,15.0,2.8775569043049884,0,0,30.894528991065712
1464,0.7778930663450899,23336.791990352696,18.587149671376874,15.0,2.8955463582769188,0,0,30.894528991065712
1465,0.7791738145397628,23375.214436192884,18.60817141187696,15.0,2.917311769569166,0,0,30.894528991065712
1466,0.7804518409394275,23413.555228182828,18.632833865289072,15.0,2.9428466886206275,0,0,30.894528991065712
1467,0.7817266529229288,23451.799587687863,18.661129723596016,15.0,2.972143548883705,0,0,30.894528991065712
1468,0.7829977588216118,23489.932764648354,18.693050602124273,15.0,3.0051936690664074,0,0,30.894528991065712
1469,0.7842646680650152,23527.940041950456,18.72858704202866,15.0,3.0419872557048713,0,0,30.894528991065712
1470,0.7855268913262369,23565.806739787105,18.76772851309507,15.0,3.0825134060652823,0,0,30.894528991065712
1471,0.7867839406669321,23603.518220007965,18.81046341686089,15.0,3.1267601113746686,0,0,30.894528991065712
1472,0.7880353296819012,23641.059890457036,18.856779090051848,15.0,3.1747142603793277,0,0,30.894528991065712
1473,0.7892805736432204,23678.41720929661,18.9066618083344,15.0,3.2263616432299838,0,0,30.894528991065712
1474,0.7905191896438781,23715.575689316345,18.960096790382536,15.0,3.2816869556924253,0,0,30.894528991065712
1475,0.791750696740871,23752.52090222613,19.017068202257903,15.0,3.340673803682595,0,0,30.894528991065712
1476,0.7929746160977168,23789.238482931505,19.07755916210157,15.0,3.4033047081243444,0,0,30.894528991065712
1477,0.7941904711263448,23825.714133790345,19.141551745136674,15.0,3.4695611101290553,0,0,30.894528991065712
1478,0.7953977876283185,23861.933628849554,19.209026988979762,15.0,3.5394233764948417,0,0,30.894528991065712
1479,0.796596093935351,23897.88281806053,19.279964899259852,15.0,3.61287080552444,0,0,30.894528991065712
1480,0.7977849210490711,23933.54763147213,19.354344455543167,15.0,3.6898816331595086,0,0,30.894528991065712
1481,0.7989638027799966,23968.914083399897,19.432143617561955,15.0,3.770433039429803,0,0,30.894528991065712
1482,0.8001322758856774,24003.968276570322,19.51333933174542,15.0,3.854501155215152,0,0,30.894528991065712
1483,0.8012898802079634,24038.6964062389,19.597907538051157,15.0,3.942061069318579,0,0,30.894528991065712
1484,0.8024361588093595,24073.084764280786,19.685823177094488,15.0,4.033086835847805,0,0,30.894528991065712
1485,0.8035706581084264,24107.11974325279,19.777060197574144,15.0,4.127551481903672,0,0,30.894528991065712
1486,0.8046929280141861,24140.787840425583,19.871591563991977,15.0,4.225427015572915,0,0,30.894528991065712
1487,0.8058025220594938,24174.075661784813,19.96938926466389,15.0,4.326684434222502,0,0,30.894528991065712
1488,0.8068989975333357,24206.96992600007,20.070424320020575,15.0,4.431293733094034,0,0,30.894528991065712
1489,0.8079819156120139,24239.45746836042,20.174666791194625,15.0,4.5392239141946025,0,0,30.894528991065712
1490,0.8090508414891795,24271.525244675384,20.282085788892026,15.0,4.650442995482157,0,0,30.894528991065712
1491,0.8101053445046743,24303.16033514023,20.392649482545558,15.0,4.764918020342698,0,0,30.894528991065712
1492,0.8111449982721459,24334.349948164378,20.50632510974659,15.0,4.882615067355742,0,0,30.894528991065712
1493,0.8121693808053941,24365.081424161825,20.623078985953416,15.0,5.0034992603461,0,0,30.894528991065712
1494,0.8131780746434153,24395.34223930246,20.742876514472847,15.0,5.127534778718591,0,0,30.894528991065712
1495,0.8141706669741047,24425.12000922314,20.865682196711667,15.0,5.25468486807214,0,0,30.894528991065712
1496,0.8151467497565816,24454.40249269745,20.9914596426959,15.0,5.384911851091173,0,0,30.894528991065712
1497,0.8161059198421011,24483.177595263034,21.120171581853796,15.0,5.518177138710095,0,0,30.894528991065712
1498,0.8170477790935149,24511.433372805448,21.251779874059928,15.0,5.654441241548055,0,0,30.894528991065712
1499,0.8179719345032489,24539.158035097465,21.386245520937045,15.0,5.793663781610645,0,0,30.894528991065712
1500,0.8188779983097589,24566.339949292767,21.523528677411928,15.0,5.935803504254523,0,0,30.894528991065712
1501,0.8197655881124336,24592.96764337301,21.663588663522443,15.0,6.080818290412182,0,0,30.894528991065712
1502,0.8206343269849076,24619.029809547228,21.806383976472077,15.0,6.2286651690729276,0,0,30.894528991065712
1503,0.8214838435867527,24644.51530760258,21.95187230292773,15.0,6.379300330015725,0,0,30.894528991065712
1504,0.8223137722735149,24669.413168205447,22.100010531558425,15.0,6.532679136791442,0,0,30.894528991065712
1505,0.8231237532050617,24693.71259615185,22.25075476580992,15.0,6.688756139949448,0,0,30.894528991065712
1506,0.823913432452211,24717.40297356633,22.40406033691232,15.0,6.847485090505323,0,0,30.894528991065712
1507,0.8246824621016083,24740.47386304825,22.5598818171162,15.0,7.008818953645266,0,0,30.894528991065712
1508,0.8254305003588203,24762.91501076461,22.71817303315421,15.0,7.172709922663888,0,0,30.894528991065712
1509,0.826157211649616,24784.71634948848,22.878887079922755,15.0,7.339109433129952,0,0,30.894528991065712
1510,0.8268622667194053,24805.86800158216,23.041976334381236,15.0,7.507968177277241,0,0,30.894528991065712
1511,0.8275453427308035,24826.360281924106,23.20739246966388,15.0,7.679236118615693,0,0,30.894528991065712
1512,0.8282061233592954,24846.183700778864,23.375086469399815,15.0,7.852862506757992,0,0,30.894528991065712
1513,0.8288442988869688,24865.328966609064,23.545008642237782,15.0,8.028795892458167,0,0,30.894528991065712
1514,0.8294595662942906,24883.78698882872,23.717108636570778,15.0,8.20698414285712,0,0,30.894528991065712
1515,0.8300516293498986,24901.548880496957,23.891335455456158,15.0,8.387374456930528,0,0,30.894528991065712
1516,0.8306201986983803,24918.60596095141,24.067637471727508,15.0,8.569913381135338,0,0,30.894528991065712
1517,0.8311649919460158,24934.949758380473,24.245962443292427,15.0,8.754546825248724,0,0,30.894528991065712
1518,0.8316857337444572,24950.572012333716,24.426257528613192,15.0,8.941220078396398,0,0,30.894528991065712
1519,0.83218215587232,24965.464676169602,24.608469302365084,15.0,9.129877825264868,0,0,30.894528991065712
1520,0.832653997314663,24979.61991943989,24.792543771266985,15.0,9.320464162492057,0,0,30.894528991065712
1521,0.8331010043403324,24993.030130209972,24.978426390081097,15.0,9.51292261523305,0,0,30.894528991065712
1522,0.8335229305771482,25005.687917314448,25.166062077775912,15.0,9.707196153894827,0,0,30.894528991065712
1523,0.8339195370849095,25017.586112547284,25.355395233847496,15.0,9.903227211034956,0,0,30.894528991065712
1524,0.8342905924261971,25028.717772785913,25.546369754795723,15.0,10.100957698420665,0,0,30.894528991065712
1525,0.8346358727349544,25039.076182048633,25.738929050748382,15.0,10.300329024241101,0,0,30.894528991065712
1526,0.8349551617828231,25048.654853484695,25.933016062230237,15.0,10.501282110469546,0,0,30.894528991065712
1527,0.8352482510432164,25057.447531296493,26.128573277071208,15.0,10.703757410369791,0,0,30.894528991065712
1528,0.8355149397531098,25065.448192593292,26.325542747447944,15.0,10.907694926140582,0,0,30.894528991065712
1529,0.8357550349725318,25072.651049175955,26.52386610705546,15.0,11.113034226694703,0,0,30.894528991065712
1530,0.8359683516417362,25079.050549252086,26.723484588402144,15.0,11.319714465565813,0,0,30.894528991065712
1531,0.8361547126360389,25084.641379081168,26.924339040223884,15.0,11.527674398938657,0,0,30.894528991065712
1532,0.8363139488183042,25089.418464549126,27.126369945011696,15.0,11.736852403796703,0,0,30.894528991065712
1533,0.8364458990890635,25093.376972671907,27.329517436648466,15.0,11.94718649618285,0,0,30.894528991065712
1534,0.836550410434253,25096.51231302759,27.53372131814798,15.0,12.158614349565969,0,0,30.894528991065712
1535,0.8366273379705542,25098.820139116626,27.73892107949323,15.0,12.371073313310298,0,0,30.894528991065712
1536,0.8366765449883267,25100.2963496498,27.945055915566236,15.0,12.584500431239498,0,0,30.894528991065712
1537,0.8366979029921181,25100.93708976354,28.152064744166353,15.0,12.798832460292445,0,0,30.894528991065712
1538,0.8366912917387398,25100.738752162193,28.359886224110056,15.0,13.01400588926326,0,0,30.894528991065712
1539,0.8366565992728977,25099.69797818693,28.568458773407716,15.0,13.229956957621162,0,0,30.894528991065712
1540,0.836593721960367,25097.81165881101,28.777720587511496,15.0,13.446621674403861,0,0,30.894528991065712
1541,0.8365025645187013,25095.07693556104,28.987609657629797,15.0,13.663935837179938,0,0,30.894528991065712
1542,0.8363830400454668,25091.491201364006,29.19806378910124,15.0,13.881835051072809,0,0,30.894528991065712
1543,0.8362350700439933,25087.0521013198,29.40902061982475,15.0,14.100254747842797,0,0,30.894528991065712
1544,0.8360585844466346,25081.75753339904,29.62041763873855,15.0,14.319130205019858,0,0,30.894528991065712
1545,0.835853521635531,25075.60564906593,29.83219220434362,15.0,14.538396565082316,0,0,30.894528991065712
1546,0.8356198284608676,25068.594853826027,30.044281563265702,15.0,14.757988854675522,0,0,30.894528991065712
1547,0.8353574602566247,25060.72380769874,30.256622868850528,15.0,14.977842003864934,0,0,30.894528991065712
1548,0.8350663808538124,25051.99142561437,30.46915319978642,15.0,15.197890865417488,0,0,30.894528991065712
1549,0.8347465625911887,25042.39687773566,30.681809578749714,15.0,15.418070234106642,0,0,30.894528991065712
1550,0.834397986323456,25031.939589703677,30.894528991065748,15.0,15.638314866033506,0,0,30.894528991065712
1551,0.8340206414269338,25020.619242808014,31.107248403381682,15.0,15.858559497960275,0,0,30.894528991065712
1552,0.8336145258027079,25008.435774081237,31.319904782344935,15.0,16.078738866649385,0,0,30.894528991065712
1553,0.8331796458772512,24995.389376317537,31.53243511328092,15.0,16.29878772820203,0,0,30.894528991065712
1554,0.83271601660052,24981.4804980156,31.744776418865655,15.0,16.51864087739135,0,0,30.894528991065712
1555,0.8322236614415238,24966.709843245713,31.956865777787776,15.0,16.738233166984603,0,0,30.894528991065712
1556,0.8317026123813709,24951.078371441126,32.16864034339281,15.0,16.957499527047013,0,0,30.894528991065712
1557,0.831152909903792,24934.587297113758,32.38003736230665,15.0,17.17637498422412,0,0,30.894528991065712
1558,0.8305746029831436,24917.238089494305,32.5909941930302,15.0,17.39479468099415,0,0,30.894528991065712
1559,0.8299677490698958,24899.032472096875,32.8014483245016,15.0,17.612693894886977,0,0,30.894528991065712
1560,0.8293324140736092,24879.972422208277,33.01133739461991,15.0,17.830008057663058,0,0,30.894528991065712
1561,0.8286686723434038,24860.060170302113,33.220599208723726,15.0,18.0466727744458,0,0,30.894528991065712
1562,0.8279766066459274,24839.298199377823,33.4291717580213,15.0,18.262623842803613,0,0,30.894528991065712
1563,0.8272563081408315,24817.689244224945,33.636993237965044,15.0,18.47779727177447,0,0,30.894528991065712
1564,0.8265078763537571,24795.236290612713,33.84400206656521,15.0,18.692129300827464,0,0,30.894528991065712
1565,0.8257314191468442,24771.942574405326,34.05013690263817,15.0,18.905556418756618,0,0,30.894528991065712
1566,0.8249270526867692,24747.811580603076,34.25533666398342,15.0,19.118015382500946,0,0,30.894528991065712
1567,0.8240949014103228,24722.847042309684,34.45954054548294,15.0,19.32944323588407,0,0,30.894528991065712
1568,0.8232350979875365,24697.052939626094,34.66268803711971,15.0,19.539777328270215,0,0,30.894528991065712
1569,0.8223477832823692,24670.433498471077,34.864718941907554,15.0,19.748955333128304,0,0,30.894528991065712
1570,0.821433106310967,24642.99318932901,35.06557339372925,15.0,19.956915266501106,0,0,30.894528991065712
1571,0.8204912241975054,24614.736725925162,35.265191875075935,15.0,20.163595505372214,0,0,30.894528991065712
1572,0.8195223021276313,24585.66906382894,35.4635152346835,15.0,20.36893480592638,0,0,30.894528991065712
1573,0.8185265132995138,24555.795398985414,35.66048470506019,15.0,20.572872321697126,0,0,30.894528991065712
1574,0.8175040388725224,24525.12116617567,35.85604191990116,15.0,20.775347621597373,0,0,30.894528991065712
1575,0.8164550679135454,24493.652037406362,36.05012893138306,15.0,20.97630070782586,0,0,30.894528991065712
1576,0.8153797973409657,24461.39392022897,36.24268822733568,15.0,21.17567203364625,0,0,30.894528991065712
1577,0.8142784318663088,24428.352955989263,36.43366274828386,15.0,21.373402521031924,0,0,30.894528991065712
1578,0.8131511839335832,24394.535518007495,36.62299590435549,15.0,21.56943357817209,0,0,30.894528991065712
1579,0.8119982736563284,24359.94820968985,36.810631592050264,15.0,21.763707116833828,0,0,30.894528991065712
1580,0.81081992875239,24324.5978625717,36.996514210864454,15.0,21.956165569574903,0,0,30.894528991065712
1581,0.8096163844764428,24288.491534293284,37.18058867976631,15.0,22.146751906802045,0,0,30.894528991065712
1582,0.8083878835502792,24251.636506508377,37.36280045351821,15.0,22.335409653670524,0,0,30.894528991065712
1583,0.8071346760908858,24214.040282726575,37.54309553883905,15.0,22.52208290681827,0,0,30.894528991065712
1584,0.8058570195363282,24175.710586089845,37.721420510403895,15.0,22.706716350931583,0,0,30.894528991065712
1585,0.8045551785694662,24136.655357083986,37.8977225266752,15.0,22.889255275136353,0,0,30.894528991065712
1586,0.8032294250395232,24096.882751185698,38.07194934556066,15.0,23.069645589209838,0,0,30.894528991065712
1587,0.8018800378815314,24056.40113644594,38.24404933989359,15.0,23.247833839608717,0,0,30.894528991065712
1588,0.8005073030336765,24015.219091010295,38.413971512731585,15.0,23.423767225308932,0,0,30.894528991065712
1589,0.7991115133525687,23973.34540057706,38.58166551246749,15.0,23.597393613451192,0,0,30.894528991065712
1590,0.7976929685264633,23930.7890557939,38.74708164775018,15.0,23.76866155478968,0,0,30.894528991065712
1591,0.7962519749864556,23887.55924959367,38.91017090220871,15.0,23.937520298937038,0,0,30.894528991065712
1592,0.7947888458156798,23843.665374470394,39.070884948977195,15.0,24.10391980940303,0,0,30.894528991065712
1593,0.7933039006565348,23799.117019696045,39.22917616501517,15.0,24.267810778421627,0,0,30.894528991065712
1594,0.7917974656159679,23753.923968479037,39.384997645219116,15.0,24.429144641561635,0,0,30.894528991065712
1595,0.790269873168842,23708.09619506526,39.53830321632145,15.0,24.587873592117443,0,0,30.894528991065712
1596,0.7887214620594162,23661.643861782486,39.689047450572986,15.0,24.743950595275482,0,0,30.894528991065712
1597,0.7871525772009685,23614.577316029056,39.83718567920371,15.0,24.89732940205123,0,0,30.894528991065712
1598,0.7855635695735909,23566.907087207725,39.982674005659334,15.0,25.047964562993997,0,0,30.894528991065712
1599,0.7839547961201854,23518.64388360556,40.12546931860897,15.0,25.195811441654747,0,0,30.894528991065712
1600,0.7823266196406956,23469.798589220867,40.26552930471948,15.0,25.3408262278124,0,0,30.894528991065712
1601,0.7806794086846001,23420.382260538,40.40281246119436,15.0,25.482965950456283,0,0,30.894528991065712
1602,0.7790135374417038,23370.406123251112,40.537278108071455,15.0,25.622188490518845,0,0,30.894528991065712
1603,0.7773293856312572,23319.881568937715,40.668886400277586,15.0,25.7584525933568,0,0,30.894528991065712
1604,0.7756273383894376,23268.82015168313,40.79759833943551,15.0,25.89171788097575,0,0,30.894528991065712
1605,0.7739077861552249,23217.233584656748,40.923375785419765,15.0,26.021944863994815,0,0,30.894528991065712
1606,0.7721711245547058,23165.133736641175,41.04618146765856,15.0,26.14909495334834,0,0,30.894528991065712
1607,0.7704177542838418,23112.532628515255,41.165978996178,15.0,26.273130471720826,0,0,30.894528991065712
1608,0.7686480809897337,23059.44242969201,41.28273287238484,15.0,26.394014664711207,0,0,30.894528991065712
1609,0.7668625151504203,23005.875454512607,41.39640849958585,15.0,26.511711711724228,0,0,30.894528991065712
1610,0.7650614719532439,22951.844158597316,41.506972193239356,15.0,26.62618673658475,0,0,30.894528991065712
1611,0.7632453711718227,22897.36113515468,41.614391190936786,15.0,26.73740581787233,0,0,30.894528991065712
1612,0.7614146370416617,22842.43911124985,41.71863366211082,15.0,26.845335998972878,0,0,30.894528991065712
1613,0.7595696981344429,22787.090944033287,41.81966871746753,15.0,26.949945297844426,0,0,30.894528991065712
1614,0.7577109872310307,22731.32961693092,41.91746641813943,15.0,27.051202716494018,0,0,30.894528991065712
1615,0.7558389411932287,22675.16823579686,42.011997784557266,15.0,27.149078250163257,0,0,30.894528991065712
1616,0.753954000834329,22618.620025029868,42.10323480503694,15.0,27.243542896219147,0,0,30.894528991065712
1617,0.7520566107884888,22561.698323654666,42.19115044408025,15.0,27.334568662748353,0,0,30.894528991065712
1618,0.750147219378977,22504.41658136931,42.275718650385976,15.0,27.42212857685176,0,0,30.894528991065712
1619,0.748226278485325,22446.78835455975,42.35691436456948,15.0,27.506196692637143,0,0,30.894528991065712
1620,0.7462942434094257,22388.82730228277,42.434713526588226,15.0,27.586748098907407,0,0,34.89452899106571
1621,0.7441681137508607,22325.04341252582,48.0128627755786,15.0,27.663758926542492,0,0,34.89452899106571
1622,0.7420315040893756,22260.945122681267,48.092985213035064,15.0,27.737206355572077,0,0,34.89452899106571
1623,0.7398848941246292,22196.546823738878,48.169196663066984,15.0,27.80706862193788,0,0,34.89452899106571
1624,0.7377287665195866,22131.8629955876,48.241474542576896,15.0,27.87332502394259,0,0,34.89452899106571
1625,0.7355636067574947,22066.90820272484,48.309797434069196,15.0,27.935955928384338,0,0,34.89452899106571
1626,0.7333899029980236,22001.69708994071,48.37414509199663,15.0,27.9949427763745,0,0,34.89452899106571
1627,0.7312081459326143,21936.24437797843,48.43449844875944,15.0,28.050268088836958,0,0,34.89452899106571
1628,0.7290188286390761,21870.564859172282,48.49083962035543,15.0,28.1019154716876,0,0,34.89452899106571
1629,0.726822446435477,21804.67339306431,48.54315191167957,15.0,28.149869620692265,0,0,34.89452899106571
1630,0.7246194967333704,21738.584902001112,48.591419821470936,15.0,28.194116326001666,0,0,34.89452899106571
1631,0.7224104788904011,21672.314366712035,48.635629046906104,15.0,28.23464247636207,0,0,34.89452899106571
1632,0.7201958940623353,21605.87682187006,48.67576648783752,15.0,28.27143606300053,0,0,34.89452899106571
1633,0.7179762450545567,21539.2873516367,48.71182025067517,15.0,28.30448618318323,0,0,34.89452899106571
1634,0.7157520361730749,21472.561085192247,48.743779651911034,15.0,28.33378304344631,0,0,34.89452899106571
1635,0.7135237730750884,21405.713192252653,48.771635221284775,15.0,28.35931796249777,0,0,34.89452899106571
1636,0.711291962619148,21338.758878574437,48.79537870459003,15.0,28.381083373790016,0,0,34.89452899106571
1637,0.7090571127149623,21271.71338144887,48.815003066120255,15.0,28.399072827761948,0,0,34.89452899106571
1638,0.706819732172895,21204.59196518685,48.83050249075361,15.0,28.413280993750114,0,0,34.89452899106571
1639,0.7045803305531917,21137.409916595752,48.84187238567606,15.0,28.423703661568275,0,0,34.89452899106571
1640,0.7023394180149874,21070.182540449623,48.849109381742366,15.0,28.430337742755036,0,0,34.89452899106571
1641,0.7000975051651344,21002.92515495403,48.852211334474404,15.0,28.433181271488966,0,0,34.89452899106571
1642,0.6978551029068992,20935.653087206978,48.851177324696636,15.0,28.432233405171118,0,0,34.89452899106571
1643,0.6956127222885709,20868.381668657126,48.84600765880847,15.0,28.42749442467475,0,0,34.89452899106571
1644,0.6933708743520255,20801.126230560763,48.83670386869348,15.0,28.41896573426206,0,0,34.89452899106571
1645,0.6911300699812944,20733.902099438834,48.823268711265484,15.0,28.406649861168066,0,0,34.89452899106571
1646,0.6888908197511779,20666.724592535338,48.80570616765155,15.0,28.390550454851788,0,0,34.89452899106571
1647,0.6866536337759507,20599.60901327852,48.78402144201242,15.0,28.370672285914758,0,0,34.89452899106571
1648,0.6844190215582042,20532.570646746128,48.75822096000026,15.0,28.347021244687433,0,0,34.89452899106571
1649,0.6821874918378703,20465.62475513611,48.72831236685474,15.0,28.319604339483764,0,0,34.89452899106571
1650,0.67995955244147,20398.7865732441,48.69430452513747,15.0,28.288429694524474,0,0,34.89452899106571
1651,0.6777357101316338,20332.071303949015,48.65620751210591,15.0,28.253506547529664,0,0,34.89452899106571
1652,0.6755164704569374,20265.494113708122,48.61403261672721,15.0,28.214845246981483,0,0,34.89452899106571
1653,0.673302337602096,20199.070128062882,48.5677923363331,15.0,28.172457249057693,0,0,34.89452899106571
1654,0.6710938142385642,20132.814427156925,48.51750037291659,15.0,28.126355114236848,0,0,34.89452899106571
1655,0.6688914013755828,20066.742041267484,48.463171629071844,15.0,28.076552503576487,0,0,34.89452899106571
1656,0.6666955982117201,20000.867946351602,48.40482220357814,15.0,28.023064174664956,0,0,34.89452899106571
1657,0.6645069019869471,19935.207059608412,48.34246938662959,15.0,27.96590597724851,0,0,34.89452899106571
1658,0.6623258078352959,19869.774235058878,48.27613165471149,15.0,27.9050948485346,0,0,34.89452899106571
1659,0.6601528086381403,19804.58425914421,48.20582866512554,15.0,27.840648808173082,0,0,34.89452899106571
1660,0.657988394878144,19739.65184634432,48.13158125016475,15.0,27.772586952916562,0,0,34.89452899106571
1661,0.6558330544939206,19674.99163481762,48.05341141094065,15.0,27.70092945096168,0,0,34.89452899106571
1662,0.6536872727354467,19610.6181820634,47.971342310863555,15.0,27.62569753597272,0,0,34.89452899106571
1663,0.6515515320202717,19546.545960608153,47.88539826877907,15.0,27.546913500789742,0,0,34.89452899106571
1664,0.6494263117905673,19482.78935371702,47.7956047517617,15.0,27.464600690822717,0,0,34.89452899106571
1665,0.6473120883710581,19419.362651131745,47.70198836756839,15.0,27.37878349713361,0,0,34.89452899106571
1666,0.6452093348278767,19356.2800448363,47.60457685675424,15.0,27.28948734920909,0,0,34.89452899106571
1667,0.6431185208283835,19293.555624851506,47.503399084452184,15.0,27.196738707424885,0,0,34.89452899106571
1668,0.6410401125019949,19231.203375059846,47.39848503181972,15.0,27.100565055205244,0,0,34.89452899106571
1669,0.6389745723020582,19169.237169061747,47.28986578715495,15.0,27.000994890878964,0,0,34.89452899106571
1670,0.6369223588688175,19107.670766064526,47.17757353668419,15.0,26.898057719234572,0,0,34.89452899106571
1671,0.6348839268935079,19046.517806805237,47.061641555024735,15.0,26.791784042777614,0,0,34.89452899106571
1672,0.6328597269836211,18985.791809508635,46.942104195324845,15.0,26.68220535269205,0,0,34.89452899106571
1673,0.6308502055293811,18925.506165881434,46.818996879083905,15.0,26.569354119508578,0,0,34.89452899106571
1674,0.6288558045714684,18865.67413714405,46.69235608565668,15.0,26.453263783483166,0,0,34.89452899106571
1675,0.6268769616700341,18806.308850101024,46.56221934144337,15.0,26.3339687446878,0,0,34.89452899106571
1676,0.6249141097750417,18747.42329325125,46.42862520876986,15.0,26.21150435281708,0,0,34.89452899106571
1677,0.6229676770979737,18689.030312939212,46.291613274460886,15.0,26.085906896713325,0,0,34.89452899106571
1678,0.6210380869849448,18631.142609548344,46.151224138109455,15.0,25.957213593613336,0,0,34.89452899106571
1679,0.619125757791254,18573.77273373762,46.007499400046584,15.0,25.82546257812028,0,0,34.89452899106571
1680,0.6172311027574173,18516.93308272252,45.86048164901405,15.0,25.69069289090354,0,0,34.89452899106571
1681,0.6153545298867159,18460.635896601478,45.71021444954426,15.0,25.55294446712989,0,0,34.89452899106571
1682,0.6134964418242959,18404.893254728875,45.556742329051545,15.0,25.412258124630227,0,0,34.89452899106571
1683,0.6116572357378555,18349.717072135663,45.400110764637375,15.0,25.268675551804073,0,0,34.89452899106571
1684,0.6098373031999562,18295.119095998685,45.24036616961466,15.0,25.122239295266517,0,0,34.89452899106571
1685,0.6080370300719908,18241.110902159726,45.07755587975447,15.0,24.9729927472407,0,0,34.89452899106571
1686,0.6062567963898451,18187.703891695353,44.91172813925951,15.0,24.820980132699887,0,0,34.89452899106571
1687,0.6044969762512842,18134.909287538525,44.742932086468,15.0,24.66624649626236,0,0,34.89452899106571
1688,0.6027579377050997,18082.73813115299,44.571217739293445,15.0,24.50883768884413,0,0,34.89452899106571
1689,0.6010400426420491,18031.201279261473,44.39663598040268,15.0,24.348800354071884,0,0,34.89452899106571
1690,0.5993436466876193,17980.30940062858,44.21923854213874,15.0,24.186181914461883,0,0,34.89452899106571
1691,0.5976690990966477,17930.07297289943,44.03907799119111,15.0,24.021030557367357,0,0,34.89452899106571
1692,0.5960167426498296,17880.50227949489,43.8562077130192,15.0,23.853395220699667,0,0,34.89452899106571
1693,0.5943869135521458,17831.607406564373,43.670681896033074,15.0,23.683325578426896,0,0,34.89452899106571
1694,0.5927799413332369,17783.398239997106,43.48255551553639,15.0,23.510872025854567,0,0,34.89452899106571
1695,0.5911961487497575,17735.884462492722,43.291884317435645,15.0,23.336085664692014,0,0,34.89452899106571
1696,0.5896358516897356,17689.07555069207,43.098724801721914,15.0,23.159018287910317,0,0,34.89452899106571
1697,0.5880993590789689,17642.98077236907,42.90313420572852,15.0,22.97972236439471,0,0,34.89452899106571
1698,0.5865869727894828,17597.609183684483,42.70517048717009,15.0,22.798251023396723,0,0,34.89452899106571
1699,0.5850989875500793,17552.969626502378,42.504892306969,15.0,22.614658038791305,0,0,34.89452899106571
1700,0.5836356908590028,17509.070725770085,42.30235901187226,15.0,22.428997813141944,0,0,34.89452899106571
1701,0.5821973628987481,17465.920886962445,42.09763061686626,15.0,22.241325361580373,0,0,34.89452899106571
1702,0.5807842764530363,17423.52829359109,41.89076778739296,15.0,22.051696295504414,0,0,34.89452899106571
1703,0.5793966968259826,17381.90090477948,41.68183182137301,15.0,21.86016680609871,0,0,34.89452899106571
1704,0.5780348817634817,17341.04645290445,41.470884631042445,15.0,21.66679364768461,0,0,34.89452899106571
1705,0.5766990813768315,17300.972441304944,41.25798872460647,15.0,21.47163412090236,0,0,34.89452899106571
1706,0.5753895380686201,17261.686142058603,41.043207187716646,15.0,21.274746055731466,0,0,34.89452899106571
1707,0.5741064864608967,17223.194593826902,40.82660366477786,15.0,21.07618779435496,0,0,34.89452899106571
1708,0.5728501533256477,17185.504599769432,40.6082423400886,15.0,20.876018173870882,0,0,34.89452899106571
1709,0.5716207575175998,17148.622725527992,40.388187918821984,15.0,20.674296508857797,0,0,34.89452899106571
1710,0.5704185099093677,17112.555297281033,40.16650560785225,15.0,20.471082573798597,0,0,34.89452899106571
1711,0.5692436133289696,17077.308399869085,39.943261096432295,15.0,20.266436585367835,0,0,34.89452899106571
1712,0.5680962624997227,17042.88787499168,39.71852053672896,15.0,20.06041918458859,0,0,34.89452899106571
1713,0.5669766439825444,17009.299319476333,39.49235052422048,15.0,19.85309141886301,0,0,34.89452899106571
1714,0.5658849361206693,16976.548083620077,39.26481807796251,15.0,19.644514723882416,0,0,34.89452899106571
1715,0.5648213089868024,16944.63926960407,39.03599062072958,15.0,19.43475090542311,0,0,34.89452899106571
1716,0.5637859243327231,16913.577729981695,38.805935959035715,15.0,19.22386212103153,0,0,34.89452899106571
1717,0.5627789355413547,16883.36806624064,38.57472226304216,15.0,19.011910861605845,0,0,34.89452899106571
1718,0.5618004875813131,16854.014627439392,38.342418046357,15.0,18.798959932878468,0,0,34.89452899106571
1719,0.5608507169639501,16825.5215089185,38.109092145733314,15.0,18.585072436805568,0,0,34.89452899106571
1720,0.5599297517029019,16797.892551087058,37.87481370067085,15.0,18.370311752868115,0,0,34.89452899106571
1721,0.5590377112761563,16771.13133828469,37.63965213292921,15.0,18.154741519291868,0,0,34.89452899106571
1722,0.5581747065906479,16745.24119771944,37.40367712595594,15.0,17.938425614189228,0,0,34.89452899106571
1723,0.5573408399493951,16720.225198481854,37.16695860423848,15.0,17.721428136631506,0,0,34.89452899106571
1724,0.5565362050211844,16696.086150635532,36.9295667125836,15.0,17.503813387654436,0,0,34.89452899106571
1725,0.5557608868128152,16672.826604384456,36.69157179533213,15.0,17.285645851204656,0,0,34.89452899106571
1726,0.5550149616439101,16650.4488493173,36.45304437551433,15.0,17.066990175031606,0,0,34.89452899106571
1727,0.5542984971242996,16628.954913728987,36.21405513395271,15.0,16.847911151531257,0,0,34.89452899106571
1728,0.553611552133988,16608.34656401964,35.974674888317146,15.0,16.628473698546195,0,0,34.89452899106571
1729,0.5529541768057062,16588.625304171186,35.73497457214077,15.0,16.408742840129683,0,0,34.89452899106571
1730,0.5523264125100558,16569.792375301673,35.495025213800524,15.0,16.188783687277336,0,0,34.89452899106571
1731,0.5517282918432505,16551.848755297513,35.254897915469655,15.0,15.968661418633125,0,0,34.89452899106571
1732,0.5511598386174569,16534.795158523706,35.01466383204908,15.0,15.748441261175914,0,0,34.89452899106571
1733,0.5506210678537389,16518.632035612165,34.774394150082415,15.0,15.528188470891099,0,0,34.89452899106571
1734,0.5501119857776058,16503.359573328173,34.5341600666618,15.0,15.307968313433843,0,0,34.89452899106571
1735,0.5496325898171683,16488.97769451505,34.29403276833098,15.0,15.087846044789675,0,0,34.89452899106571
1736,0.5491828686039008,16475.48605811702,34.05408340999063,15.0,14.867886891937243,0,0,34.89452899106571
1737,0.5487628019760084,16462.88405928025,33.81438309381425,15.0,14.64815603352073,0,0,34.89452899106571
1738,0.548372360984404,16451.17082953212,33.575002848178784,15.0,14.428718580535758,0,0,34.89452899106571
1739,0.5480115079012842,16440.345237038524,33.336013606617065,15.0,14.209639557035317,0,0,34.89452899106571
1740,0.5476801962313099,16430.405886939297,33.09748618679933,15.0,13.990983880862315,0,0,34.89452899106571
1741,0.5473783707253841,16421.351121761523,32.8594912695479,15.0,13.772816344412577,0,0,34.89452899106571
1742,0.5471059673970227,16413.17902191068,32.622099377892965,15.0,13.555201595435463,0,0,34.89452899106571
1743,0.5468629135413152,16405.887406239457,32.385380856175566,15.0,13.338204117877783,0,0,34.89452899106571
1744,0.5466491277564696,16399.473832694086,32.14940584920229,15.0,13.121888212775147,0,0,34.89452899106571
1745,0.5464645199679321,16393.935599037963,31.914244281460554,15.0,12.906317979198809,0,0,34.89452899106571
1746,0.5463089914550795,16389.269743652385,31.679965836398182,15.0,12.691557295261449,0,0,34.89452899106571
1747,0.5461824348804714,16385.47304641414,31.446639935774403,15.0,12.477669799188455,0,0,34.89452899106571
1748,0.5460847343216565,16382.542029649694,31.214335719089288,15.0,12.264718870461122,0,0,34.89452899106571
1749,0.5460157653055238,16380.472959165712,30.98312202309574,15.0,12.052767611035438,0,0,34.89452899106571
1750,0.5459753948451858,16379.261845355571,30.75306736140187,15.0,11.84187882664386,0,0,34.89452899106571
1751,0.5459634814793857,16378.904444381571,30.524239904168894,15.0,11.63211500818451,0,0,34.89452899106571
1752,0.5459798753144157,16379.396259432471,30.29670745791102,15.0,11.423538313204002,0,0,34.89452899106571
1753,0.5460244180685332,16380.732542055997,30.070537445402437,15.0,11.216210547478338,0,0,34.89452899106571
1754,0.5460969431188636,16382.908293565908,29.845796885699148,15.0,11.01019314669913,0,0,34.89452899106571
1755,0.5461972755507737,16385.91826652321,29.622552374279245,15.0,10.80554715826841,0,0,34.89452899106571
1756,0.5463252322097034,16389.7569662911,29.400870063309466,15.0,10.602333223209172,0,0,34.89452899106571
1757,0.5464806217554375,16394.418652663127,29.18081564204285,15.0,10.400611558196086,0,0,34.89452899106571
1758,0.5466632447188051,16399.897341564152,28.96245431735359,15.0,10.200441937712007,0,0,34.89452899106571
1759,0.5468728935607851,16406.186806823553,28.745850794414757,15.0,10.00188367633546,0,0,34.89452899106571
1760,0.5471093527340057,16413.280582020172,28.531069257525022,15.0,9.80499561116465,0,0,34.89452899106571
1761,0.5473723987466154,16421.17196239846,28.318173351088962,15.0,9.609836084382314,0,0,34.89452899106571
1762,0.5476618002285081,16429.854006855243,28.1072261607584,15.0,9.416462925968212,0,0,34.89452899106571
1763,0.5479773179998837,16439.31953999651,27.89829019473854,15.0,9.224933436562594,0,0,34.89452899106571
1764,0.5483187051421218,16449.561154263654,27.69142736526519,15.0,9.035304370486593,0,0,34.89452899106571
1765,0.5486857070709489,16460.571212128467,27.486698970259184,15.0,8.847631918925023,0,0,34.89452899106571
1766,0.5490780616118777,16472.34184835633,27.284165675162495,15.0,8.6619716932757,0,0,34.89452899106571
1767,0.5494954990778945,16484.864972336836,27.083887494961317,15.0,8.478378708670204,0,0,34.89452899106571
1768,0.5499377423493739,16498.132270481216,26.885923776402965,15.0,8.29690736767229,0,0,34.89452899106571
1769,0.5504045069561947,16512.135208685842,26.69033318040949,15.0,8.117611444156614,0,0,34.89452899106571
1770,0.550895501162035,16526.86503486105,26.49717366469577,15.0,7.940544067374915,0,0,34.89452899106571
1771,0.5514104260508196,16542.312781524586,26.30650246659509,15.0,7.765757706212431,0,0,34.89452899106571
1772,0.5519489756152955,16558.469268458866,26.118376086098333,15.0,7.593304153640028,0,0,34.89452899106571
1773,0.5525108368477089,16575.325105431264,25.932850269112244,15.0,7.423234511367296,0,0,34.89452899106571
1774,0.5530956898325549,16592.870694976646,25.74997999094038,15.0,7.25559917469964,0,0,34.89452899106571
1775,0.5537032078413768,16611.096235241304,25.56981943999271,15.0,7.090447817605078,0,0,34.89452899106571
1776,0.5543330574295819,16629.99172288746,25.392422001728733,15.0,6.927829377995047,0,0,34.89452899106571
1777,0.5549848985352485,16649.546956057453,25.217840242838033,15.0,6.767792043222862,0,0,34.89452899106571
1778,0.5556583845798935,16669.751537396805,25.04612589566341,15.0,6.610383235804571,0,0,34.89452899106571
1779,0.556353162571172,16690.594877135158,24.877329842871973,15.0,6.455649599367102,0,0,34.89452899106571
1780,0.557068873207475,16712.06619622425,24.711502102376937,15.0,6.303636984826232,0,0,34.89452899106571
1781,0.5578051509843991,16734.154529531974,24.548691812516772,15.0,6.154390436800442,0,0,34.89452899106571
1782,0.5585616243030538,16756.848729091613,24.388947217494106,15.0,6.007954180262917,0,0,34.89452899106571
1783,0.5593379155801732,16780.137467405195,24.2323156530799,15.0,5.864371607436733,0,0,34.89452899106571
1784,0.5601336413600028,16804.009240800082,24.078843532587154,15.0,5.723685264937043,0,0,34.89452899106571
1785,0.5609484124279256,16828.452372837768,23.928576333117423,15.0,5.585936841163446,0,0,34.89452899106571
1786,0.5617818339257945,16853.455017773835,23.781558582084823,15.0,5.451167153946647,0,0,34.89452899106571
1787,0.5626335054689376,16879.00516406813,23.637833844021984,15.0,5.319416138453623,0,0,34.89452899106571
1788,0.5635030212648009,16905.090637944028,23.497444707670585,15.0,5.190722835353654,0,0,34.89452899106571
1789,0.5643899702331928,16931.699106995784,23.360432773361584,15.0,5.065125379249876,0,0,34.89452899106571
1790,0.5652939361280966,16958.8180838429,23.226838640688072,15.0,4.942660987379153,0,0,34.89452899106571
1791,0.5662144976610134,16986.4349298304,23.09670189647476,15.0,4.82336594858379,0,0,34.89452899106571
1792,0.567151228625798,17014.53685877394,22.970061103047506,15.0,4.707275612558356,0,0,34.89452899106571
1793,0.568103698024954,17043.11094074862,22.846953786806623,15.0,4.594424379374925,0,0,34.89452899106571
1794,0.569071470197347,17072.14410592041,22.727416427106675,15.0,4.484845689289319,0,0,34.89452899106571
1795,0.5700541049473009,17101.62314841903,22.611484445447246,15.0,4.378572012832387,0,0,34.89452899106571
1796,0.5710511576750368,17131.534730251104,22.499192194976505,15.0,4.275634841188008,0,0,34.89452899106571
1797,0.572062179508418,17161.86538525254,22.390572950311714,15.0,4.176064676861714,0,0,34.89452899106571
1798,0.5730867174359601,17192.601523078803,22.28565889767925,15.0,4.079891024642069,0,0,34.89452899106571
1799,0.5741243144410685,17223.729433232056,22.18448112537721,15.0,3.9871423828578836,0,0,34.89452899106571
1800,0.5751745096374621,17255.235289123862,22.087069614563024,15.0,3.8978462349333234,0,0,34.89452899106571
1801,0.5762368384057438,17287.105152172313,21.99345323036975,15.0,3.812029041244257,0,0,34.89452899106571
1802,0.5773108325310773,17319.32497593232,21.90365971335235,15.0,3.7297162312771936,0,0,34.89452899106571
1803,0.5783960203419292,17351.880610257875,21.817715671267855,15.0,3.6509321960942174,0,0,34.89452899106571
1804,0.5794919268498352,17384.757805495057,21.735646571190802,15.0,3.5757002811052825,0,0,34.89452899106571
1805,0.5805980738901505,17417.942216704516,21.65747673196668,15.0,3.5040427791503896,0,0,34.89452899106571
1806,0.5817139802637389,17451.419407912166,21.583229317005898,15.0,3.435980923893868,0,0,34.89452899106571
1807,0.5828391618795631,17485.174856386893,21.512926327419947,15.0,3.3715348835323624,0,0,34.89452899106571
1808,0.5839731318981317,17519.193956943953,21.446588595501844,15.0,3.310723754818441,0,0,34.89452899106571
1809,0.58511540087576,17553.4620262728,21.38423577855327,15.0,3.2535655574019797,0,0,34.89452899106571
1810,0.586265476909602,17587.964307288057,21.325886353059598,15.0,3.2000772284904695,0,0,34.89452899106571
1811,0.5874228657834127,17622.685973502383,21.271557609214835,15.0,3.1502746178300938,0,0,34.89452899106571
1812,0.5885870711139956,17657.612133419865,21.221265645798333,15.0,3.104172483009263,0,0,34.89452899106571
1813,0.5897575944982896,17692.727834948688,21.17502536540421,15.0,3.061784485085453,0,0,34.89452899106571
1814,0.5909339356610588,17728.018069831764,21.132850470025517,15.0,3.023123184537281,0,0,34.89452899106571
1815,0.592115592603134,17763.46777809402,21.094753456993963,15.0,2.9882000375424793,0,0,34.89452899106571
1816,0.5933020617501654,17799.06185250496,21.060745615276687,15.0,2.9570253925831804,0,0,34.89452899106571
1817,0.5944928381018434,17834.785143055302,21.03083702213116,15.0,2.92960848737951,0,0,34.89452899106571
1818,0.5956874153815405,17870.622461446215,21.00503654011901,15.0,2.9059574461521906,0,0,34.89452899106571
1819,0.5968852861863323,17906.55858558997,20.983351814479867,15.0,2.8860792772151536,0,0,34.89452899106571
1820,0.5980859421373517,17942.57826412055,20.965789270865944,15.0,2.8699798708988706,0,0,34.89452899106571
1821,0.599288874030433,17978.66622091299,20.952354113437938,15.0,2.8576639978048854,0,0,34.89452899106571
1822,0.6004935719869994,18014.80715960998,20.943050323322954,15.0,2.8491353073921912,0,0,34.89452899106571
1823,0.6016995256051514,18050.98576815454,20.937880657434786,15.0,2.844396326895823,0,0,34.89452899106571
1824,0.6029062241109099,18087.186723327297,20.93684664765702,15.0,2.843448460577978,0,0,34.89452899106571
1825,0.6041131565095698,18123.394695287094,20.93994860038906,15.0,2.8462919893119016,0,0,34.89452899106571
1826,0.6053198117371181,18159.594352113545,20.947185596455363,15.0,2.8529260704986608,0,0,34.89452899106571
1827,0.606525678811674,18195.770364350217,20.958555491377815,15.0,2.8633487383168306,0,0,34.89452899106571
1828,0.6077302469849029,18231.907409547086,20.974054916011163,15.0,2.8775569043049884,0,0,34.89452899106571
1829,0.6089330058933631,18267.990176800893,20.99367927754139,15.0,2.8955463582769188,0,0,34.89452899106571
1830,0.610133445709737,18304.00337129211,21.017422760846635,15.0,2.917311769569166,0,0,34.89452899106571
1831,0.6113310572939041,18339.931718817123,21.045278330220388,15.0,2.9428466886206324,0,0,34.89452899106571
1832,0.6125253323438099,18375.7599703143,21.077237731456243,15.0,2.9721435488836985,0,0,34.89452899106571
1833,0.6137157635460875,18411.472906382623,21.1132914942939,15.0,3.0051936690664145,0,0,34.89452899106571
1834,0.6149018447263843,18447.05534179153,21.153428935225307,15.0,3.041987255704863,0,0,34.89452899106571
1835,0.6160830709993538,18482.492129980612,21.197638160660496,15.0,3.0825134060652806,0,0,34.89452899106571
1836,0.6172589389182627,18517.76816754788,21.24590607045185,15.0,3.1267601113746775,0,0,34.89452899106571
1837,0.6184289466241742,18552.868398725226,21.29821836177597,15.0,3.174714260379326,0,0,34.89452899106571
1838,0.6195925939946587,18587.77781983976,21.354559533371976,15.0,3.226361643229974,0,0,34.89452899106571
1839,0.6207493827919914,18622.481483759744,21.41491289013478,15.0,3.2816869556924373,0,0,34.89452899106571
1840,0.6218988168107908,18656.964504323725,21.479260548062207,15.0,3.3406738036825807,0,0,34.89452899106571
1841,0.623040402025055,18691.212060751648,21.547583439554533,15.0,3.4033047081243577,0,0,34.89452899106571
1842,0.624173646734552,18725.20940203656,21.61986131906444,15.0,3.4695611101290673,0,0,34.89452899106571
1843,0.6252980617105217,18758.941851315652,21.696072769096325,15.0,3.53942337649484,0,0,34.89452899106571
1844,0.6264131603406445,18792.394810219335,21.776195206552835,15.0,3.6128708055244556,0,0,34.89452899106571
1845,0.6275184587732351,18825.55376319705,21.860204889426484,15.0,3.689881633159507,0,0,34.89452899106571
1846,0.6286134760606181,18858.404281818544,21.948076923835224,15.0,3.7704330394297836,0,0,34.89452899106571
1847,0.6296977343016439,18890.932029049316,22.039785271398816,15.0,3.8545011552151673,0,0,34.89452899106571
1848,0.6307707587832997,18923.122763498992,22.135302756954605,15.0,3.9420610693185605,0,0,34.89452899106571
1849,0.6318320781213786,18954.96234364136,22.234601076610247,15.0,4.0330868358477865,0,0,34.89452899106571
1850,0.6328812244001604,18986.43673200481,22.337650806130576,15.0,4.127551481903691,0,0,34.89452899106571
1851,0.6339177333110645,19017.531999331935,22.444421409656677,15.0,4.225427015572895,0,0,34.89452899106571
1852,0.6349411442902358,19048.234328707076,22.554881248754523,15.0,4.326684434222523,0,0,34.89452899106571
1853,0.6359510006550187,19078.530019650563,22.668997591789804,15.0,4.431293733094054,0,0,34.89452899106571
1854,0.6369468497392826,19108.405492178477,22.786736623627267,15.0,4.539223914194601,0,0,34.89452899106571
1855,0.6379282430275561,19137.847290826685,22.908063455650762,15.0,4.650442995482179,0,0,34.89452899106571
1856,0.6388947362879325,19166.842088637975,23.03294213610149,15.0,4.764918020342673,0,0,34.89452899106571
1857,0.6398458897037046,19195.376691111138,23.161335660731396,15.0,4.882615067355718,0,0,34.89452899106571
1858,0.6407812680036923,19223.43804011077,23.293205983768146,15.0,5.003499260346124,0,0,34.89452899106571
1859,0.641700440591223,19251.01321773669,23.428514029188953,15.0,5.127534778718563,0,0,34.89452899106571
1860,0.6426029816717261,19278.089450151783,23.567219702299887,15.0,5.254684868072138,0,0,34.89452899106571
1861,0.6434884703789058,19304.654111367174,23.70928190161642,15.0,5.3849118510911715,0,0,34.89452899106571
1862,0.6443564908994523,19330.69472698357,23.85465853104295,15.0,5.518177138710094,0,0,34.89452899106571
1863,0.6452066325962565,19356.198977887696,24.003306512346708,15.0,5.654441241548081,0,0,34.89452899106571
1864,0.646038490130091,19381.15470390273,24.155181797922772,15.0,5.7936637816106735,0,0,34.89452899106571
1865,0.6468516635797198,19405.549907391593,24.310239383846195,15.0,5.9358035042544905,0,0,34.89452899106571
1866,0.6476457585604048,19429.372756812147,24.468433323207982,15.0,6.080818290412209,0,0,34.89452899106571
1867,0.6484203863407704,19452.61159022311,24.62971673972966,15.0,6.228665169072896,0,0,34.89452899106571
1868,0.6491751639579912,19475.254918739738,24.79404184165427,15.0,6.379300330015721,0,0,34.89452899106571
1869,0.6499097143312751,19497.291429938254,24.96135993590758,15.0,6.53267913679144,0,0,34.89452899106571
1870,0.650623666373598,19518.70999120794,25.131621442527283,15.0,6.688756139949448,0,0,34.89452899106571
1871,0.6513166551016659,19539.499653049977,25.30477590935442,15.0,6.847485090505288,0,0,34.89452899106571
1872,0.6519883217440675,19559.649652322027,25.480772026983523,15.0,7.008818953645297,0,0,34.89452899106571
1873,0.6526383138475857,19579.14941542757,25.659557643966522,15.0,7.172709922663852,0,0,34.89452899106571
1874,0.6532662853816367,19597.9885614491,25.841079782266753,15.0,7.3391094331299165,0,0,34.89452899106571
1875,0.6538718968408067,19616.1569052242,26.025284652956977,15.0,7.507968177277274,0,0,34.89452899106571
1876,0.654454815345455,19633.644460363652,26.21211767215849,15.0,7.679236118615689,0,0,34.89452899106571
1877,0.655014714740353,19650.44144221059,26.401523477215648,15.0,7.852862506758025,0,0,34.89452899106571
1878,0.655551275691331,19666.53827073993,26.593445943100555,15.0,8.028795892458167,0,0,34.89452899106571
1879,0.6560641857799037,19681.92557339711,26.787828199044654,15.0,8.206984142857081,0,0,34.89452899106571
1880,0.656553139595847,19696.594187875413,26.984612645390406,15.0,8.387374456930562,0,0,34.89452899106571
1881,0.6570178388276977,19710.53516483093,27.183740970659272,15.0,8.569913381135299,0,0,34.89452899106571
1882,0.6574579923511485,19723.739770534456,27.385154168831104,15.0,8.754546825248683,0,0,34.89452899106571
1883,0.6578733163153162,19736.199489459486,27.588792556828345,15.0,8.941220078396432,0,0,34.89452899106571
1884,0.6582635342268512,19747.906026805536,27.794595792201676,15.0,9.129877825264828,0,0,34.89452899106571
1885,0.6586283770318694,19758.85131095608,28.00250289101102,15.0,9.320464162492055,0,0,34.89452899106571
1886,0.6589675831956783,19769.02749587035,28.21245224589587,15.0,9.512922615233085,0,0,34.89452899106571
1887,0.6592808987802755,19778.426963408267,28.424381644331348,15.0,9.707196153894825,0,0,34.89452899106571
1888,0.6595680775195963,19787.04232558789,28.638228287062876,15.0,9.903227211034993,0,0,34.89452899106571
1889,0.6598288808924866,19794.8664267746,28.853928806714983,15.0,10.100957698420626,0,0,34.89452899106571
1890,0.6600630781933834,19801.8923458015,29.071419286568627,15.0,10.300329024241059,0,0,38.89452899106571
1891,0.6601585259601007,19804.75577880302,32.648254496771166,15.0,10.501282110469583,0,0,38.89452899106571
1892,0.6602260859838266,19806.7825795148,32.894450377091616,15.0,10.703757410369747,0,0,38.89452899106571
1893,0.6602655453116283,19807.966359348848,33.14242421019779,15.0,10.907694926140579,0,0,38.89452899106571
1894,0.6602766993174158,19808.300979522475,33.392102516091065,15.0,11.113034226694698,0,0,38.89452899106571
1895,0.660259351762577,19807.78055287731,33.64341130970098,15.0,11.319714465565813,0,0,38.89452899106571
1896,0.6602133148541269,19806.399445623807,33.89627612280827,15.0,11.527674398938611,0,0,38.89452899106571
1897,0.6601384093003555,19804.152279010665,34.15062202611161,15.0,11.736852403796743,0,0,38.89452899106571
1898,0.6600344643639554,19801.033930918664,34.40637365143046,15.0,11.947186496182802,0,0,38.89452899106571
1899,0.6599013179126152,19797.039537378456,34.663455214038876,15.0,12.158614349566012,0,0,38.89452899106571
1900,0.6597388164670621,19792.164494011864,34.921790535121374,15.0,12.37107331331025,0,0,38.89452899106571
1901,0.659546815246542,19786.40445739626,35.18130306434719,15.0,12.584500431239496,0,0,38.89452899106571
1902,0.6593251782117205,19779.755346351616,35.44191590255301,15.0,12.798832460292441,0,0,38.89452899106571
1903,0.6590737781049949,19772.213343149848,35.703551824530464,15.0,13.014005889263256,0,0,38.89452899106571
1904,0.6587924964882027,19763.77489464608,35.96613330190928,15.0,13.229956957621114,0,0,38.89452899106571
1905,0.658481223777718,19754.43671333154,36.22958252613081,15.0,13.4466216744039,0,0,38.89452899106571
1906,0.6581398592769231,19744.195778307694,36.493821431504045,15.0,13.663935837179892,0,0,38.89452899106571
1907,0.6577683112060474,19733.049336181422,36.75877171833879,15.0,13.881835051072809,0,0,38.89452899106571
1908,0.6573664967293633,19720.9949018809,37.024354876146866,15.0,14.10025474784284,0,0,38.89452899106571
1909,0.6569343419797322,19708.030259391966,37.29049220690675,15.0,14.319130205019855,0,0,38.89452899106571
1910,0.6564717820804938,19694.153462414815,37.55710484838379,15.0,14.538396565082312,0,0,38.89452899106571
1911,0.6559787611646895,19679.362834940683,37.82411379749827,15.0,14.75798885467552,0,0,38.89452899106571
1912,0.6554552323916171,19663.65697174851,38.09143993373606,15.0,14.977842003864884,0,0,38.89452899106571
1913,0.6549011579607112,19647.034738821338,38.359004042593675,15.0,15.19789086541753,0,0,38.89452899106571
1914,0.6543165091227442,19629.495273682325,38.62672683905099,15.0,15.418070234106592,0,0,38.89452899106571
1915,0.6537012661883448,19611.037985650342,38.8945289910657,15.0,15.638314866033454,0,0,38.89452899106571
1916,0.6530554185338326,19591.66255601498,39.1623311430804,15.0,15.858559497960316,0,0,38.89452899106571
1917,0.6523789646043671,19571.36893813101,39.430053939537714,15.0,16.07873886664938,0,0,38.89452899106571
1918,0.6516719119144065,19550.157357432196,39.69761804839533,15.0,16.298787728202022,0,0,38.89452899106571
1919,0.650934277045483,19528.02831136449,39.96494418463312,15.0,16.51864087739139,0,0,38.89452899106571
1920,0.6501660856412881,19504.982569238644,40.231953133747545,15.0,16.738233166984553,0,0,38.89452899106571
1921,0.6493673724000742,19481.021172002227,40.498565775224634,15.0,16.957499527047055,0,0,38.89452899106571
1922,0.6485381810643727,19456.14543193118,40.76470310598451,15.0,17.176374984224072,0,0,38.89452899106571
1923,0.6476785644080322,19430.356932240964,41.03028626379259,15.0,17.394794680994103,0,0,38.89452899106571
1924,0.6467885842205803,19403.657526617408,41.295236550627344,15.0,17.61269389488702,0,0,38.89452899106571
1925,0.6458683112889144,19376.04933866743,41.55947545600058,15.0,17.830008057663008,0,0,38.89452899106571
1926,0.6449178253763256,19347.534761289768,41.8229246802221,15.0,18.046672774445796,0,0,38.89452899106571
1927,0.6439372151988633,19318.116455965897,42.08550615760092,15.0,18.262623842803656,0,0,38.89452899106571
1928,0.6429265783990468,19287.797351971403,42.34714207957837,15.0,18.47779727177447,0,0,38.89452899106571
1929,0.6418860215169319,19256.580645507955,42.60775491778419,15.0,18.692129300827414,0,0,38.89452899106571
1930,0.6408156599585398,19224.469798756196,42.86726744701001,15.0,18.90555641875666,0,0,38.89452899106571
1931,0.6397156179616612,19191.468538849836,43.125602768092506,15.0,19.118015382500896,0,0,38.89452899106571
1932,0.6385860285590409,19157.580856771227,43.38268433070092,15.0,19.329443235884106,0,0,38.89452899106571
1933,0.6374270335389579,19122.811006168737,43.63843595601977,15.0,19.53977732827017,0,0,38.89452899106571
1934,0.6362387834032102,19087.163502096304,43.892781859323115,15.0,19.7489553331283,0,0,38.89452899106571
1935,0.6350214373225178,19050.643119675533,44.14564667243041,15.0,19.956915266501102,0,0,38.89452899106571
1936,0.6337751630893574,19013.254892680725,44.396955466040325,15.0,20.163595505372214,0,0,38.89452899106571
1937,0.6325001370682417,18975.004112047252,44.646633771933594,15.0,20.368934805926333,0,0,38.89452899106571
1938,0.6311965441434583,18935.896324303747,44.894607605039766,15.0,20.57287232169716,0,0,38.89452899106571
1939,0.6298645776642848,18895.937329928543,45.140803485360216,15.0,20.775347621597334,0,0,38.89452899106571
1940,0.6285044393876958,18855.133181630874,45.38514845974246,15.0,20.976300707825857,0,0,38.89452899106571
1941,0.6271163394185773,18813.490182557318,45.6275701234971,15.0,21.17567203364629,0,0,38.89452899106571
1942,0.6257004961474681,18771.014884424043,45.86799664185317,15.0,21.37340252103192,0,0,38.89452899106571
1943,0.6242571361858462,18727.714085575386,46.106356771244606,15.0,21.569433578172088,0,0,38.89452899106571
1944,0.622786494298979,18683.59482896937,46.34257988042078,15.0,21.763707116833828,0,0,38.89452899106571
1945,0.6212888133363569,18638.664400090707,46.576595971376335,15.0,21.95616556957486,0,0,38.89452899106571
1946,0.6197643441597323,18592.930324791967,46.80833570009308,15.0,22.146751906802088,0,0,38.89452899106571
1947,0.618213345568783,18546.400367063492,47.03773039708792,15.0,22.33540965367048,0,0,38.89452899106571
1948,0.6166360842244256,18499.082526732767,47.264712087761566,15.0,22.522082906818234,0,0,38.89452899106571
1949,0.6150328345697966,18450.9850370939,47.48921351254032,15.0,22.706716350931615,0,0,38.89452899106571
1950,0.6134038787489302,18402.116362467907,47.71116814680678,15.0,22.88925527513635,0,0,38.89452899106571
1951,0.6117495065231523,18352.485195694568,47.930510220612824,15.0,23.069645589209838,0,0,38.89452899106571
1952,0.610070015185218,18302.100455556538,48.147174738168104,15.0,23.247833839608788,0,0,38.89452899106571
1953,0.6083657094712174,18250.97128413652,48.36109749709999,15.0,23.423767225308925,0,0,38.89452899106571
1954,0.6066369014702759,18199.107044108277,48.57221510747834,15.0,23.59739361345126,0,0,38.89452899106571
1955,0.6048839105320756,18146.51731596227,48.78046501059873,15.0,23.76866155478968,0,0,38.89452899106571
1956,0.6031070631722242,18093.211895166725,48.98578549752066,15.0,23.937520298937034,0,0,38.89452899106571
1957,0.6013066929755024,18039.200789265073,49.18811572735248,15.0,24.10391980940303,0,0,38.89452899106571
1958,0.5994831404970152,17984.494214910457,49.38739574528054,15.0,24.26781077842159,0,0,38.89452899106571
1959,0.5976367531612778,17929.102594838336,49.58356650033481,15.0,24.4291446415616,0,0,38.89452899106571
1960,0.5957678851592665,17873.036554777995,49.77656986288675,15.0,24.58787359211747,0,0,38.89452899106571
1961,0.5938768973434639,17816.30692030392,49.96634864187462,15.0,24.743950595275447,0,0,38.89452899106571
1962,0.5919641571209313,17758.92471362794,50.15284660175058,15.0,24.8973294020512,0,0,38.89452899106571
1963,0.5900300383444375,17700.901150333124,50.33600847914412,15.0,25.047964562994025,0,0,38.89452899106571
1964,0.5880749212016777,17642.24763605033,50.51577999923791,15.0,25.195811441654712,0,0,38.89452899106571
1965,0.5860991921026169,17582.975763078506,50.6921078918509,15.0,25.34082622781243,0,0,38.89452899106571
1966,0.5841032435649871,17523.097306949614,50.86493990722293,15.0,25.48296595045625,0,0,38.89452899106571
1967,0.5820874740979767,17462.6242229393,51.03422483149794,15.0,25.622188490518838,0,0,38.89452899106571
1968,0.5800522880841428,17401.568642524282,51.19991250189932,15.0,25.758452593356857,0,0,38.89452899106571
1969,0.5779980956595846,17339.942869787537,51.36195382159447,15.0,25.89171788097575,0,0,38.89452899106571
1970,0.5759253125924111,17277.759377772334,51.52030077424332,15.0,26.021944863994815,0,0,38.89452899106571
1971,0.5738343601595398,17215.030804786194,51.67490643822628,15.0,26.149094953348335,0,0,38.89452899106571
1972,0.5717256650218635,17151.769950655904,51.82572500054858,15.0,26.273130471720826,0,0,38.89452899106571
1973,0.5695996590978208,17087.989772934627,51.97271177041514,15.0,26.394014664711182,0,0,38.89452899106571
1974,0.5674567794354111,17023.703383062333,52.115823192473925,15.0,26.511711711724228,0,0,38.89452899106571
1975,0.5652974680826853,16958.92404248056,52.2550168597219,15.0,26.62618673658472,0,0,38.89452899106571
1976,0.5631221719567597,16893.66515870279,52.390251526071495,15.0,26.73740581787233,0,0,38.89452899106571
1977,0.5609313427113835,16827.940281341504,52.52148711857236,15.0,26.845335998972853,0,0,38.89452899106571
1978,0.5587254366031041,16761.763098093124,52.64868474928627,15.0,26.949945297844405,0,0,38.89452899106571
1979,0.5565049143560695,16695.147430682086,52.77180672681,15.0,27.05120271649403,0,0,38.89452899106571
1980,0.5542702410255046,16628.107230765138,52.89081656744442,15.0,27.149078250163235,0,0,38.89452899106571
1981,0.5520218858599059,16560.656575797177,53.00567900600537,15.0,27.243542896219147,0,0,38.89452899106571
1982,0.5497603221619928,16492.809664859782,53.11636000627334,15.0,27.334568662748367,0,0,38.89452899106571
1983,0.5474860271484577,16424.580814453733,53.222826771079205,15.0,27.42212857685176,0,0,38.89452899106571
1984,0.5451994818085573,16355.984454256717,53.325047752022904,15.0,27.506196692637143,0,0,38.89452899106571
1985,0.5429011707615834,16287.035122847503,53.42299265882163,15.0,27.58674809890744,0,0,38.89452899106571
1986,0.5405915821132615,16217.747463397847,53.51663246828563,15.0,27.663758926542492,0,0,38.89452899106571
1987,0.5382712073111136,16148.136219333406,53.60593943291852,15.0,27.737206355572106,0,0,38.89452899106571
1988,0.5359405409988315,16078.216229964944,53.69088708913923,15.0,27.80706862193788,0,0,38.89452899106571
1989,0.5336000808697039,16008.002426091116,53.77145026512392,15.0,27.87332502394256,0,0,38.89452899106571
1990,0.5312503275191388,15937.509825574163,53.847605088264864,15.0,27.935955928384335,0,0,38.89452899106571
1991,0.5288917842963261,15866.753528889783,53.91932899224438,15.0,27.994942776374486,0,0,38.89452899106571
1992,0.5265249571550847,15795.748714652544,53.986600723721835,15.0,28.05026808883695,0,0,38.89452899106571
1993,0.5241503545039373,15724.51063511812,54.04940034863132,15.0,28.101915471687605,0,0,38.89452899106571
1994,0.5217684870554579,15653.054611663736,54.10770925808862,15.0,28.149869620692257,0,0,38.89452899106571
1995,0.5193798676749367,15581.396030248101,54.1615101739055,15.0,28.194116326001655,0,0,38.89452899106571
1996,0.5169850112284073,15509.55033685222,54.21078715370946,15.0,28.234642476362076,0,0,38.89452899106571
1997,0.5145844344300805,15437.533032902415,54.25552559566789,15.0,28.27143606300052,0,0,38.89452899106571
1998,0.5121786556892306,15365.359670676917,54.29571224281494,15.0,28.30448618318324,0,0,38.89452899106571
1999,0.5097681949565799,15293.045848697395,54.331335186979715,15.0,28.333783043446303,0,0,38.89452899106571
2000,0.5073535735702258,15220.607207106774,54.3623838723151,15.0,28.35931796249777,0,0,38.89452899106571
2001,0.5049353141011573,15148.059423034721,54.388849098425524,15.0,28.381083373790027,0,0,38.89452899106571
2002,0.502513940198406,15075.41820595218,54.41072302309331,15.0,28.399072827761948,0,0,38.89452899106571
2003,0.500089976433877,15002.69929301631,54.42799916460252,15.0,28.413280993750114,0,0,38.89452899106571
2004,0.49766394814690756,14929.918444407227,54.440672403659555,15.0,28.423703661568275,0,0,38.89452899106571
2005,0.49523638128859754,14857.091438657926,54.44873898491019,15.0,28.430337742755036,0,0,38.89452899106571
2006,0.4928078022659586,14784.234067978758,54.452196518052304,15.0,28.433181271488966,0,0,38.89452899106571
2007,0.4903787377859286,14711.362133577859,54.45104397854422,15.0,28.432233405171118,0,0,38.89452899106571
2008,0.4879497146992969,14638.491440978907,54.44528170790825,15.0,28.42749442467475,0,0,38.89452899106571
2009,0.485521259844587,14565.63779533761,54.434911413629536,15.0,28.41896573426206,0,0,38.89452899106571
2010,0.4830938998919431,14492.816996758294,54.41993616865011,15.0,28.406649861168077,0,0,38.89452899106571
2011,0.4806681611870664,14420.044835611992,54.400360410458234,15.0,28.39055045485179,0,0,38.89452899106571
2012,0.4782445695952472,14347.337087857415,54.376189939773525,15.0,28.37067228591475,0,0,38.89452899106571
2013,0.4758236503455398,14274.709510366194,54.347431918828136,15.0,28.34702124468744,0,0,38.89452899106571
2014,0.47340592787512625,14202.177836253788,54.314094869244265,15.0,28.319604339483764,0,0,38.89452899106571
2015,0.4709919256739135,14129.757770217406,54.27618866950921,15.0,28.288429694524474,0,0,38.89452899106571
2016,0.4685821661294126,14057.464983882379,54.23372455204804,15.0,28.253506547529664,0,0,38.89452899106571
2017,0.46617717037194395,13985.31511115832,54.18671509989518,15.0,28.214845246981483,0,0,38.89452899106571
2018,0.46377745812021487,13913.323743606446,54.13517424296587,15.0,28.172457249057672,0,0,38.89452899106571
2019,0.461383547527316,13841.50642581948,54.07911725392837,15.0,28.126355114236848,0,0,38.89452899106571
2020,0.45899595502718116,13769.878650815435,54.018560743678314,15.0,28.07655250357647,0,0,38.89452899106571
2021,0.456615195181557,13698.455855446711,53.953522656416645,15.0,28.023064174664967,0,0,38.89452899106571
2022,0.4542417805275273,13627.253415825819,53.884022264332245,15.0,27.96590597724852,0,0,38.89452899106571
2023,0.4518762214256368,13556.286642769104,53.81008016189118,15.0,27.9050948485346,0,0,38.89452899106571
2024,0.44951902590866083,13485.570777259825,53.731718259734265,15.0,27.8406488081731,0,0,38.89452899106571
2025,0.4471706995310639,13415.120985931917,53.64895977818424,15.0,27.772586952916576,0,0,38.89452899106571
2026,0.44483174521919305,13344.952356575792,53.561829240365306,15.0,27.700929450961667,0,0,38.89452899106571
2027,0.4425026631222501,13275.079893667504,53.47035246493627,15.0,27.625697535972733,0,0,38.89452899106571
2028,0.44018395046408654,13205.518513922596,53.37455655843985,15.0,27.546913500789756,0,0,38.89452899106571
2029,0.43787610139586525,13136.283041875957,53.274469907270635,15.0,27.464600690822692,0,0,38.89452899106571
2030,0.43557960684963287,13067.388205488985,53.17012216926345,15.0,27.378783497133632,0,0,38.89452899106571
2031,0.4332949543928464,12998.848631785391,53.061544264904974,15.0,27.28948734920907,0,0,38.89452899106571
2032,0.43102262808389596,12930.67884251688,52.948768368171635,15.0,27.19673870742485,0,0,38.89452899106571
2033,0.42876310832866815,12862.893249860044,52.83182789699558,15.0,27.100565055205244,0,0,38.89452899106571
2034,0.42651687173819125,12795.506152145737,52.7107575033621,15.0,27.00099489087893,0,0,38.89452899106571
2035,0.42428439098740517,12728.531729622155,52.58559306304185,15.0,26.898057719234572,0,0,38.89452899106571
2036,0.4220661346750976,12661.984040252928,52.45637166495965,15.0,26.791784042777614,0,0,38.89452899106571
2037,0.4198625671850483,12595.877015551448,52.323131600204704,15.0,26.68220535269206,0,0,38.89452899106571
2038,0.41767414854842166,12530.22445645265,52.18591235068364,15.0,26.569354119508578,0,0,38.89452899106571
2039,0.41550133430745023,12465.040029223506,52.044754577421614,15.0,26.453263783483195,0,0,38.89452899106571
2040,0.413344575380447,12400.33726141341,51.89970010851319,15.0,26.33396874468781,0,0,38.89452899106571
2041,0.4112043179281892,12336.129537845676,51.75079192672814,15.0,26.21150435281711,0,0,38.89452899106571
2042,0.4090810032217109,12272.430096651327,51.59807415677432,15.0,26.08590689671331,0,0,38.89452899106571
2043,0.4069750675115449,12209.252025346346,51.44159205222294,15.0,25.957213593613307,0,0,38.89452899106571
2044,0.4048869418984522,12146.608256953567,51.2813919820988,15.0,25.825462578120316,0,0,38.89452899106571
2045,0.402817052205678,12084.51156617034,51.11752141713996,15.0,25.690692890903517,0,0,38.89452899106571
2046,0.39981689638090867,11994.50689142726,50.95002891573156,15.0,25.55294446712992,1,0,38.89452899106571
2047,0.39682446696670487,11904.734009001146,50.87194223053803,15.0,25.412258124630227,2,0,38.89452899106571
2048,0.3937926209072339,11813.778627217016,52.211336418486304,15.0,25.268675551804044,3,0,38.89452899106571
2049,0.3907212715023382,11721.638145070146,53.55647431799842,15.0,25.122239295266517,4,0,38.89452899106571
2050,0.38761034463563865,11628.31033906916,54.90693099314812,15.0,24.9729927472407,5,0,38.89452899106571
2051,0.38445977899208383,11533.793369762516,56.262274064323044,15.0,24.82098013269983,6,0,38.89452899106571
2052,0.38126952626496946,11438.085787949083,57.62206403846517,15.0,24.66624649626236,7,0,38.89452899106571
2053,0.37803955135185446,11341.186540555635,58.98585465673462,15.0,24.508837688844135,8,0,38.89452899106571
2054,0.374769832538808,11243.09497616424,60.35319325946965,15.0,24.348800354071884,9,0,38.89452899106571
2055,0.37146036167242297,11143.81085017269,61.72362116827574,15.0,24.18618191446192,10,0,38.89452899106571
2056,0.36811114431904185,11043.334329571255,63.09667408503842,15.0,24.02103055736736,11,0,38.89452899106571
2057,0.3647221999106466,10941.665997319398,64.47188250761691,15.0,23.853395220699703,12,0,38.89452899106571
2058,0.36129356187687456,10838.806856306237,65.8487721619315,15.0,23.68332557842694,13,0,38.89452899106571
2059,0.3578252777626322,10734.758332878966,67.22686445012293,15.0,23.510872025854532,14,0,38.89452899106571
2060,0.35431740933079153,10629.522279923745,68.60567691441662,15.0,23.33608566469205,15,0,38.89452899106571
2061,0.35077003264946655,10523.100979483996,69.98472371628752,15.0,23.159018287910353,16,0,38.89452899106571
2062,0.34718323816338253,10415.497144901476,71.36351613048157,15.0,22.97972236439468,17,0,38.89452899106571
2063,0.34355713074886574,10306.713922465971,72.74156305340598,15.0,22.798251023396762,18,0,38.89452899106571
2064,0.3398918297519999,10196.754892559997,74.11837152536499,15.0,22.61465803879127,19,0,38.89452899106571
2065,0.3361874690095138,10085.624070285414,75.493447266078,15.0,22.42899781314187,20,0,38.89452899106571
2066,0.3324441968519833,9973.325905559499,76.86629522287487,15.0,22.24132536158038,21,0,38.89452899106571
2067,0.3286621760889547,9859.865282668641,78.23642013092987,15.0,22.051696295504335,22,0,38.89452899106571
2068,0.3248415839756159,9745.247519268478,79.60332708485734,15.0,21.860166806098718,23,0,38.89452899106571
2069,0.32100562367858143,9630.168710357442,80.9665221209528,15.0,20.976448110268933,24,0,38.89452899106571
2070,0.3172163155465151,9516.489466395453,82.31493040147221,15.0,18.247094122817103,25,0,38.89452899106571
2071,0.3134731058499521,9404.193175498562,83.6199480373183,15.0,15.577925559427143,26,0,38.89452899106571
2072,0.309775447318465,9293.26341955395,84.88205546369757,15.0,12.968262642285168,27,0,38.89452899106571
2073,0.3061227990614042,9183.683971842127,86.10174231698022,15.0,10.41741871766719,28,0,38.89452899106571
2074,0.30251462648964444,9075.438794689333,87.27950718285297,15.0,7.924700479252564,29,0,38.89452899106571
2075,0.29895040123832656,8968.512037149796,88.41585734351736,15.0,5.489408192754638,30,0,38.89452899106571
2076,0.2954296010905831,8862.888032717492,89.51130852404853,15.0,3.110835921749029,31,0,38.89452899106571
2077,0.2919517099022359,8758.551297067077,90.56638463801886,15.0,0.7882717545910509,32,0,38.89452899106571
2078,0.28851621752745527,8655.486525823659,90.1026155648049,15.0,0.0,33,0,38.89452899106571
2079,0.28512261974536846,8553.678592361053,88.86583830988391,15.0,0.0,34,0,38.89452899106571
2080,0.2817704181876076,8453.112545628228,87.64414310833264,15.0,0.0,35,0,38.89452899106571
2081,0.2784591202667857,8353.773608003572,86.43735054753874,15.0,0.0,36,0,38.89452899106571
2082,0.2751882391058903,8255.647173176709,85.24528329604287,15.0,0.0,37,0,38.89452899106571
2083,0.27195729346858294,8158.718804057487,84.06776607812051,15.0,0.0,38,0,38.89452899106571
2084,0.268765807690396,8062.9742307118795,82.90462564868984,15.0,0.0,39,0,38.89452899106571
2085,0.2656133116108147,7968.399348324441,81.75569076854255,15.0,0.0,40,0,38.89452899106571
2086,0.2624993405062347,7874.980215187041,80.6207921798933,15.0,0.0,41,0,38.89452899106571
2087,0.25942343502378473,7782.703050713541,79.49976258224449,15.0,0.0,42,0,38.89452899106571
2088,0.2563851411160048,7691.554233480144,78.3924366085625,15.0,0.0,43,0,38.89452899106571
2089,0.2533840099763693,7601.520299291078,77.29865080176172,15.0,0.0,44,0,38.89452899106571
2090,0.2504195979756453,7512.587939269359,76.21824359149295,15.0,0.0,45,0,38.89452899106571
2091,0.24749146659907653,7424.743997972296,75.15105527123231,15.0,0.0,46,0,38.89452899106571
2092,0.24459918238438288,7337.975471531487,74.09692797566755,15.0,0.0,47,0,38.89452899106571
2093,0.24174231686056616,7252.269505816985,73.05570565837785,15.0,0.0,48,0,38.89452899106571
2094,0.23892044648751237,7167.613394625371,72.02723406980382,15.0,0.0,49,0,38.89452899106571
2095,0.2361331525963815,7083.994577891445,71.01136073550445,15.0,0.0,50,0,38.89452899106571
2096,0.23338002133077485,7001.400639923246,70.00793493469735,15.0,0.0,51,0,38.89452899106571
2097,0.23066064358867128,6919.819307660138,69.01680767907895,15.0,0.0,52,0,38.89452899106571
2098,0.22797461496512297,6839.238448953689,68.03783169192167,15.0,0.0,53,0,38.89452899106571
2099,0.22532153569570168,6759.64607087105,67.07086138744427,15.0,0.0,54,0,38.89452899106571
2100,0.2227010106006866,6681.030318020597,66.1157528504526,15.0,0.0,55,0,38.89452899106571
2101,0.2201126490299848,6603.379470899545,65.17236381624717,15.0,0.0,56,0,38.89452899106571
2102,0.21755606480877593,6526.681944263278,64.24055365079454,15.0,0.0,57,0,38.89452899106571
2103,0.21503087618387157,6450.926285516147,63.32018333115933,15.0,0.0,58,0,38.89452899106571
2104,0.21253670577078185,6376.101173123456,62.41111542619376,15.0,0.0,59,0,38.89452899106571
2105,0.21007318050147988,6302.195415044396,61.513214077481464,15.0,0.0,60,0,38.89452899106571
2106,0.20763993157285576,6229.197947185673,60.62634498053275,15.0,0.0,61,0,38.89452899106571
2107,0.20523659439585232,6157.09783187557,59.750375366228084,15.0,0.0,62,0,38.89452899106571
2108,0.2028628085452735,6085.884256358205,58.88517398250685,15.0,0.0,63,0,38.89452899106571
2109,0.20051821771025788,6015.546531307737,58.03061107629846,15.0,0.0,64,0,38.89452899106571
2110,0.19820246964540902,5946.074089362271,57.18655837569284,15.0,0.0,65,0,38.89452899106571
2111,0.19591521612257423,5877.456483677227,56.35288907234725,15.0,0.0,66,0,38.89452899106571
2112,0.1936561128832645,5809.683386497935,55.52947780412673,15.0,0.0,67,0,38.89452899106571
2113,0.19142481959170718,5742.7445877512155,54.71620063797523,15.0,0.0,68,0,38.89452899106571
2114,0.1892209997885236,5676.629993655708,53.9129350530146,15.0,0.0,69,0,38.89452899106571
2115,0.1870443208450245,5611.329625350735,53.119559923868486,15.0,0.0,70,0,38.89452899106571
2116,0.18489445391811482,5546.833617543444,52.335955504208826,15.0,0.0,71,0,38.89452899106571
2117,0.1827710739058008,5483.132217174024,51.56200341052132,15.0,0.0,72,0,38.89452899106571
2118,0.1806738594032919,5420.215782098757,50.79758660608828,15.0,0.0,73,0,38.89452899106571
2119,0.17860249265968955,5358.074779790687,50.04258938518508,15.0,0.0,74,0,38.89452899106571
2120,0.17655665953525637,5296.699786057691,49.29689735748825,15.0,0.0,75,0,38.89452899106571
2121,0.17453604945925733,5236.08148377772,48.5603974326923,15.0,0.0,76,0,38.89452899106571
2122,0.17254035538836668,5176.210661651,47.83297780533264,15.0,0.0,77,0,38.89452899106571
2123,0.17056927376563308,5117.078212968992,47.11452793981199,15.0,0.0,78,0,38.89452899106571
2124,0.16862250447999572,5058.675134399871,46.40493855562791,15.0,0.0,79,0,38.89452899106571
2125,0.16669975082634458,5000.9925247903375,45.70410161279845,15.0,0.0,80,0,38.89452899106571
2126,0.16480071946611807,4944.021583983542,45.01191029748405,15.0,0.0,81,0,38.89452899106571
2127,0.1629251203884305,4887.7536116529145,44.3282590078025,15.0,0.0,82,0,38.89452899106571
2128,0.16107266687172359,4832.180006151708,43.65304333983497,15.0,0.0,83,0,38.89452899106571
2129,0.15924307544593438,4777.292263378032,42.98616007382049,15.0,0.0,84,0,38.89452899106571
2130,0.15743606585517314,4723.081975655195,42.327507160536385,15.0,0.0,85,0,38.89452899106571
2131,0.15565136102090488,4669.5408306271465,41.676983707862334,15.0,0.0,86,0,38.89452899106571
2132,0.15388868700562758,4616.660610168828,41.03448996752576,15.0,0.0,87,0,38.89452899106571
2133,0.1521477729770408,4564.433189311224,40.39992732202593,15.0,0.0,88,0,38.89452899106571
2134,0.15042835117269826,4512.850535180948,39.773198271734685,15.0,0.0,89,0,38.89452899106571
2135,0.14873015686513802,4461.904705954141,39.15420642217138,15.0,0.0,90,0,38.89452899106571
2136,0.14705292832748362,4411.587849824508,38.54285647144969,15.0,0.0,91,0,38.89452899106571
2137,0.14539640679951052,4361.892203985316,37.9390541978941,15.0,0.0,92,0,38.89452899106571
2138,0.1437603364541712,4312.810093625136,37.342706447823794,15.0,0.0,93,0,38.89452899106571
2139,0.14214446436457287,4264.333930937186,36.75372112350163,15.0,0.0,94,0,38.89452899106571
2140,0.14054854047140175,4216.456214142053,36.17200717124623,15.0,0.0,95,0,38.89452899106571
2141,0.13897231755078807,4169.169526523642,35.59747456970464,15.0,0.0,96,0,38.89452899106571
2142,0.1374155511826054,4122.466535478162,35.030034318283704,15.0,0.0,97,0,38.89452899106571
2143,0.13587799971919884,4076.339991575965,34.46959842573794,15.0,0.0,98,0,38.89452899106571
2144,0.1343594242545361,4030.782727636083,33.91607989891158,15.0,0.0,99,0,38.89452899106571
2145,0.13285958859377547,3985.7876578132646,33.369392731633,15.0,0.0,100,0,38.89452899106571
2146,0.13137825922324525,3941.347776697358,32.82945189375917,15.0,0.0,101,0,38.89452899106571
2147,0.12991520528082864,3897.4561584248595,32.2961733203683,15.0,0.0,102,0,38.89452899106571
2148,0.12847019852674885,3854.105955802466,31.769473901098316,15.0,0.0,103,0,38.89452899106571
2149,0.12704301331474857,3811.290399442457,31.24927146962959,15.0,0.0,104,0,38.89452899106571
2150,0.1256334265636582,3769.002796909746,30.73548479330948,15.0,0.0,105,0,38.89452899106571
2151,0.12424121772934779,3727.2365318804336,30.228033562916956,15.0,0.0,106,0,38.89452899106571
2152,0.12286616877705689,3685.9850633117067,29.7268383825652,15.0,0.0,107,0,38.89452899106571
2153,0.12150806415409707,3645.241924622912,29.23182075974048,15.0,0.0,108,0,38.89452899106571
2154,0.12016669076292184,3605.0007228876552,28.742903095474944,15.0,0.0,109,0,38.89452899106571
2155,0.11884183793455874,3565.255138036762,28.260008674651864,15.0,0.0,110,0,38.89452899106571
2156,0.1175332974023983,3525.998922071949,27.78306165644115,15.0,0.0,111,0,38.89452899106571
2157,0.11624086327633476,3487.225898290043,27.31198706486339,15.0,0.0,112,0,38.89452899106571
2158,0.11496433201725352,3448.9299605176057,26.846710779480517,15.0,0.0,113,0,38.89452899106571
2159,0.11370350241186013,3411.1050723558037,26.38715952621127,15.0,0.0,114,0,38.89452899106571
2160,0.11245817554784596,3373.7452664353787,25.93326086826965,15.0,0.0,115,0,42.89452899106571
2161,0.11122815478938552,3336.8446436815657,25.484943197224545,15.0,0.0,116,0,42.89452899106571
2162,0.11001324575296058,3300.3973725888172,25.04213572417879,15.0,0.0,117,0,42.89452899106571
2163,0.10881325628350602,3264.3976885051807,24.60476847106581,15.0,0.0,118,0,42.89452899106571
2164,0.1076279964308731,3228.839892926193,24.172772262062168,15.0,0.0,119,0,42.89452899106571
2165,0.1064572784266048,3193.7183527981438,23.746078715114315,15.0,0.0,120,0,42.89452899106571
2166,0.10530091666101898,3159.0274998305695,23.324620233577726,15.0,0.0,121,0,42.89452899106571
2167,0.10415872766059447,3124.761829817834,22.90832999796683,15.0,0.0,122,0,42.89452899106571
2168,0.10303053006565553,3090.915901969666,22.49714195781401,15.0,0.0,123,0,42.89452899106571
2169,0.10191614460835013,3057.484338250504,22.09099082363599,15.0,0.0,124,0,42.89452899106571
2170,0.10081539409091754,3024.4618227275264,21.68981205900605,15.0,0.0,125,0,42.89452899106571
2171,0.09972810336424079,2991.8431009272235,21.293541872730316,15.0,0.0,126,0,42.89452899106571
2172,0.09865409930667937,2959.622979200381,20.902117211126686,15.0,0.0,127,0,42.89452899106571
2173,0.09759321080317818,2927.7963240953454,20.515475750404576,15.0,0.0,128,0,42.89452899106571
2174,0.09654526872464803,2896.358061739441,20.133555889144148,15.0,0.0,129,0,42.89452899106571
2175,0.0955101059076136,2865.303177228408,19.75629674087329,15.0,0.0,130,0,42.89452899106571
2176,0.09448755713412452,2834.6267140237355,19.383638126740898,15.0,0.0,131,0,42.89452899106571
2177,0.0934774591119255,2804.323773357765,19.01552056828483,15.0,0.0,132,0,42.89452899106571
2178,0.09247965045488124,2774.389513646437,18.65188528029318,15.0,0.0,133,0,42.89452899106571
2179,0.09149397166365207,2744.819149909562,18.292674163757248,15.0,0.0,134,0,42.89452899106571
2180,0.09052026510661623,2715.607953198487,17.93782979891474,15.0,0.0,135,0,42.89452899106571
2181,0.08955837500103485,2686.7512500310454,17.587295438381844,15.0,0.0,136,0,42.89452899106571
2182,0.08860814739445552,2658.2444218336655,17.241015000372542,15.0,0.0,137,0,42.89452899106571
2183,0.0876694301463507,2630.082904390521,16.898933062003987,15.0,0.0,138,0,42.89452899106571
2184,0.08674207290998691,2602.2621872996074,16.560994852686253,15.0,0.0,139,0,42.89452899106571
2185,0.085825927114521,2574.77781343563,16.22714624759529,15.0,0.0,140,0,42.89452899106571
2186,0.08492084594731955,2547.6253784195865,15.897333761227562,15.0,0.0,141,0,42.89452899106571
2187,0.08402668433649789,2520.8005300949367,15.57150454103504,15.0,0.0,142,0,42.89452899106571
2188,0.08314329893367473,2494.298968010242,15.24960636113924,15.0,0.0,143,0,42.89452899106571
2189,0.08227054809693894,2468.116442908168,14.931587616122902,15.0,0.0,144,0,42.89452899106571
2190,0.08140829187402485,2442.2487562207452,14.617397314898017,15.0,0.0,145,0,42.89452899106571
2191,0.08055639198569223,2416.691759570767,14.306985074648942,15.0,0.0,146,0,42.89452899106571
2192,0.07971471180930788,2391.4413542792363,14.000301114849204,15.0,0.0,147,0,42.89452899106571
2193,0.07888311636262482,2366.4934908787445,13.697296251350835,15.0,0.0,148,0,42.89452899106571
2194,0.07806147228775602,2341.8441686326805,13.397921890544938,15.0,0.0,149,0,42.89452899106571
2195,0.07724964783533901,2317.4894350601703,13.102130023592167,15.0,0.0,150,0,42.89452899106571
2196,0.07644751284888802,2293.425385466641,12.809873220722041,15.0,0.0,151,0,42.89452899106571
2197,0.07565493874933057,2269.648162479917,12.52110462559969,15.0,0.0,152,0,42.89452899106571
2198,0.07487179851972475,2246.1539555917425,12.235777949759004,15.0,0.0,153,0,42.89452899106571
2199,0.07409796669015445,2222.9390007046336,11.953847467100909,15.0,0.0,154,0,42.89452899106571
2200,0.07333331932279895,2199.9995796839685,11.675268008455603,15.0,0.0,155,0,42.89452899106571
2201,0.07257773399717386,2177.332019915216,11.399994956207621,15.0,0.0,156,0,42.89452899106571
2202,0.07183108979554026,2154.932693866208,11.127984238982592,15.0,0.0,157,0,42.89452899106571
2203,0.07109326728847902,2132.7980186543705,10.859192326394496,15.0,0.0,158,0,42.89452899106571
2204,0.07036414852062696,2110.9244556188087,10.593576223852445,15.0,0.0,159,0,42.89452899106571
2205,0.06964361699657232,2089.3085098971696,10.331093467425706,15.0,0.0,160,0,42.89452899106571
2206,0.06893155766690613,2067.9467300071838,10.071702118766037,15.0,0.0,161,0,42.89452899106571
2207,0.06822785691442676,2046.8357074328028,9.815360760086207,15.0,0.0,162,0,42.89452899106571
2208,0.06753240254049478,2025.9720762148434,9.562028489193633,15.0,0.0,163,0,42.89452899106571
2209,0.06684508375153511,2005.3525125460533,9.31166491457812,15.0,0.0,164,0,42.89452899106571
2210,0.06616579114568386,1984.9737343705158,9.064230150552639,15.0,0.0,165,0,42.89452899106571
2211,0.06549441669957692,1964.8325009873076,8.81968481244619,15.0,0.0,166,0,42.89452899106571
2212,0.06483085375527764,1944.925612658329,8.577990011847692,15.0,0.0,167,0,42.89452899106571
2213,0.06417499700734089,1925.2499102202266,8.339107351899951,15.0,0.0,168,0,42.89452899106571
2214,0.06352674249001085,1905.8022747003254,8.102998922642719,15.0,0.0,169,0,42.89452899106571
2215,0.06288598756454986,1886.5796269364957,7.869627296403906,15.0,0.0,170,0,42.89452899106571
2216,0.062252630906695854,1867.5789272008756,7.63895552323795,15.0,0.0,171,0,42.89452899106571
2217,0.0616265724942457,1848.797174827371,7.410947126410509,15.0,0.0,172,0,42.89452899106571
2218,0.06100771359476204,1830.2314078428612,7.185566097928451,15.0,0.0,173,0,42.89452899106571
2219,0.06039595675340113,1811.8787026020339,6.962776894114334,15.0,0.0,174,0,42.89452899106571
2220,0.05979120578085921,1793.7361734257763,6.742544431224406,15.0,0.0,175,0,42.89452899106571
2221,0.059193365741435126,1775.8009722430538,6.524834081109314,15.0,0.0,176,0,42.89452899106571
2222,0.05860234294120665,1758.0702882361995,6.309611666916644,15.0,0.0,177,0,42.89452899106571
2223,0.058018044916318415,1740.5413474895524,6.096843458834396,15.0,0.0,178,0,42.89452899106571
2224,0.05744038042137897,1723.2114126413692,5.886496169874628,15.0,0.0,179,0,42.89452899106571
2225,0.05686925941796486,1706.077782538946,5.6785369516964295,15.0,0.0,180,0,42.89452899106571
2226,0.05630459306322944,1689.1377918968833,5.47293339046735,15.0,0.0,181,0,42.89452899106571
2227,0.05574629369861427,1672.3888109584282,5.2696535027626,15.0,0.0,182,0,42.89452899106571
2228,0.05519427483866094,1655.8282451598282,5.068665731501137,15.0,0.0,183,0,42.89452899106571
2229,0.05464845115992128,1639.4535347976384,4.869938941917937,15.0,0.0,184,0,42.89452899106571
2230,0.054108738489963844,1623.2621546989153,4.6734424175716605,15.0,0.0,185,0,42.89452899106571
2231,0.05357505379647457,1607.2516138942372,4.479145856386985,15.0,0.0,186,0,42.89452899106571
2232,0.05304731517644981,1591.4194552934944,4.287019366730846,15.0,0.0,187,0,42.89452899106571
2233,0.05252544184547958,1575.7632553643875,4.097033463521932,15.0,0.0,188,0,42.89452899106571
2234,0.05200935412711919,1560.2806238135756,3.9091590643726524,15.0,0.0,189,0,42.89452899106571
2235,0.051498973442347364,1544.9692032704208,3.723367485762907,15.0,0.0,190,0,42.89452899106571
2236,0.05099422229910903,1529.826668973271,3.5396304392450517,15.0,0.0,191,0,42.89452899106571
2237,0.05049502428194085,1514.8507284582256,3.3579200276792527,15.0,0.0,192,0,42.89452899106571
2238,0.05000130404167785,1500.0391212503355,3.178208741498708,15.0,0.0,193,0,42.89452899106571
2239,0.04951298728523925,1485.3896185571775,3.0004694550040263,15.0,0.0,194,0,42.89452899106571
