tick,basin_frac,basin_level_ml,dc_total_draw_ml,community_received_ml,farm_total_received_ml,community_complaints,active_cap,total_dc_capacity_ml
0,0.801698816223508,24050.96448670524,5.086457397798837,15.0,3.943268446454928,0,0,8.47612085953327
1,0.8033974526848687,24101.923580546063,5.088215313870256,15.0,3.9524593387151756,0,0,8.47612085953327
2,0.8050954540304466,24152.8636209134,5.090977139471844,15.0,3.9668989595585735,0,0,8.47612085953327
3,0.806792365094805,24203.770952844152,5.094742056215071,15.0,3.986583030213829,0,0,8.47612085953327
4,0.8084877310355812,24254.631931067437,5.099508948473853,15.0,4.011505717865989,0,0,8.47612085953327
5,0.8101810974682657,24305.43292404797,5.105276403715136,15.0,4.04165963738483,0,0,8.47612085953327
6,0.8118720106008465,24356.160318025395,5.11204271291746,15.0,4.077035853513224,0,0,8.47612085953327
7,0.8135600173682772,24406.800521048317,5.119805871077378,15.0,4.1176238835148515,0,0,8.47612085953327
8,0.8152446655667306,24457.339967001917,5.128563577803584,15.0,4.163411700280455,0,0,8.47612085953327
9,0.8169255039875954,24507.765119627864,5.138313237998572,15.0,4.214385735891752,0,0,8.47612085953327
10,0.8186020825511802,24558.062476535404,5.149051962627608,15.0,4.270530885641879,0,0,8.47612085953327
11,0.8202739524400804,24608.21857320241,5.160776569574825,15.0,4.3318305125112495,0,0,8.47612085953327
12,0.8219406662321743,24658.21998696523,5.173483584586147,15.0,4.3982664520974755,0,0,8.47612085953327
13,0.8236017780332023,24708.05334099607,5.1871692422987845,15.0,4.469819017997846,0,0,8.47612085953327
14,0.825256843608896,24757.70530826688,5.201829487357,15.0,4.546467007642855,0,0,8.47612085953327
15,0.8269054205166138,24807.16261549841,5.217459975613784,15.0,4.628187708578974,0,0,8.47612085953327
16,0.8285470682364465,24856.412047093396,5.234056075418137,15.0,4.714956905198837,0,0,8.47612085953327
17,0.8301813483017532,24905.440449052596,5.251612868987513,15.0,4.8067488859168535,0,0,8.47612085953327
18,0.8318078244290875,24954.234732872625,5.270125153865067,15.0,4.903536450788103,0,0,8.47612085953327
19,0.8334260626474784,25002.781879424354,5.289587444461265,15.0,5.005290919568267,0,0,8.47612085953327
20,0.8350356314270255,25051.068942810765,5.309993973679374,15.0,5.111982140212206,0,0,8.47612085953327
21,0.8366361018067697,25099.083054203093,5.3313386946243755,15.0,5.223578497808656,0,0,8.47612085953327
22,0.8382270475218044,25146.811425654134,5.353615282394795,15.0,5.340046923948417,0,0,8.47612085953327
23,0.8398080451295867,25194.241353887603,5.376817135956914,15.0,5.461352906523231,0,0,8.47612085953327
24,0.8413786741354126,25241.360224062377,5.400937380100778,15.0,5.587460499952456,0,0,8.47612085953327
25,0.8429385171170183,25288.15551351055,5.425968867477496,15.0,5.718332335834543,0,0,8.47612085953327
26,0.8444871598482722,25334.614795448164,5.451904180717129,15.0,5.853929634020066,0,0,8.47612085953327
27,0.8460241914219183,25380.72574265755,5.478735634626637,15.0,5.994212214103149,0,0,8.47612085953327
28,0.8475492043713375,25426.476131140127,5.506455278467158,15.0,6.139138507327769,0,0,8.47612085953327
29,0.8490617947912883,25471.85384373865,5.535054898309978,15.0,6.288665568905473,0,0,8.47612085953327
30,0.8505615624575925,25516.846873727776,5.564526019470513,15.0,6.4427490907408576,0,0,8.47612085953327
31,0.852048110945731,25561.44332837193,5.5948599090195215,15.0,6.601343414561011,0,0,8.47612085953327
32,0.8535210477483121,25605.63143244936,5.626047578370869,15.0,6.764401545445037,0,0,8.47612085953327
33,0.8549799843913803,25649.399531741412,5.658079785945046,15.0,6.931875165749675,0,0,8.47612085953327
34,0.8564245365495301,25692.736096485904,5.690947039907634,15.0,7.103714649426852,0,0,8.47612085953327
35,0.8578543241597887,25735.62972479366,5.724639600981951,15.0,7.279869076728947,0,0,8.47612085953327
36,0.8592689715342374,25778.069146027123,5.759147485335007,15.0,7.460286249297438,0,0,8.47612085953327
37,0.8606681074713369,25820.043224140107,5.794460467535925,15.0,7.644912705630365,0,0,8.47612085953327
38,0.8620513653659206,25861.540960977618,5.8305680835859635,15.0,7.833693736924154,0,0,8.47612085953327
39,0.8634183833178293,25902.55149953488,5.8674596340192195,15.0,8.026573403285,0,0,8.47612085953327
40,0.8647688042391489,25943.064127174468,5.905124187073115,15.0,8.223494550305077,0,0,8.47612085953327
41,0.866102275960024,25983.068278800718,5.943550581927715,15.0,8.42439882599862,0,0,8.47612085953327
42,0.8674184513330125,26022.553539990375,5.982727432012911,15.0,8.62922669809287,0,0,8.47612085953327
43,0.868716988335954,26061.50965007862,6.022643128382519,15.0,8.837917471668776,0,0,8.47612085953327
44,0.8699975501733178,26099.926505199535,6.063285843154254,15.0,9.050409307146216,0,0,8.47612085953327
45,0.8712598053760024,26137.794161280075,6.104643533014586,15.0,9.266639238608382,0,0,8.47612085953327
46,0.8725034278995576,26175.102836986727,6.146703942787438,15.0,9.486543192459969,0,0,8.47612085953327
47,0.8737280972207975,26211.842916623926,6.189454609065655,15.0,9.71005600641352,0,0,8.47612085953327
48,0.87493349843278,26248.0049529834,6.232882863904187,15.0,9.937111448798472,0,0,8.47612085953327
49,0.8761193223381188,26283.579670143565,6.276975838573865,15.0,10.167642238186978,0,0,8.47612085953327
50,0.8772852655406065,26318.557966218195,6.321720467374687,15.0,10.40158006333089,0,0,8.47612085953327
51,0.8784310305351171,26352.930916053512,6.367103491507477,15.0,10.638855603403819,0,0,8.47612085953327
52,0.8795563257957627,26386.68977387288,6.4131114630027355,15.0,10.879398548542419,0,0,8.47612085953327
53,0.8806608658622797,26419.82597586839,6.4597307487055735,15.0,11.123137620680698,0,0,8.47612085953327
54,0.8817443714246163,26452.331142738487,6.506947534315514,15.0,11.370000594671271,0,0,8.47612085953327
55,0.882806569405698,26484.19708217094,6.554747828479957,15.0,11.6199143196872,0,0,8.47612085953327
56,0.8838471930423472,26515.415791270414,6.603117466940128,15.0,11.872804740898184,0,0,8.47612085953327
57,0.8848659819643293,26545.97945892988,6.652042116728246,15.0,12.128596921414594,0,0,8.47612085953327
58,0.8858626822715076,26575.880468145227,6.7015072804147024,15.0,12.387215064492896,0,0,8.47612085953327
59,0.8868370466090781,26605.111398272344,6.7514983004039495,15.0,12.64858253599586,0,0,8.47612085953327
60,0.8877888342408671,26633.665027226012,6.80200036327787,15.0,12.91262188710091,0,0,8.47612085953327
61,0.8887178111206657,26661.534333619973,6.85299850418531,15.0,13.179254877249871,0,0,8.47612085953327
62,0.8896237499615836,26688.712498847508,6.904477611276488,15.0,13.448402497333358,0,0,8.47612085953327
63,0.890506430303398,26715.19290910194,6.9564224301809645,15.0,13.719984993102855,0,0,8.47612085953327
64,0.891365638577882,26740.969157336458,7.008817568527837,15.0,13.993921888803635,0,0,8.47612085953327
65,0.892201168172088,26766.03504516264,7.061647500506833,15.0,14.270132011021463,0,0,8.47612085953327
66,0.8930128194895732,26790.384584687195,7.114896571468943,15.0,14.548533512736022,0,0,8.47612085953327
67,0.8938004000095432,26814.012000286297,7.168549002565233,15.0,14.82904389757395,0,0,8.47612085953327
68,0.8945637243439003,26836.91173031701,7.222588895422454,15.0,15.111580044254321,0,0,8.47612085953327
69,0.8953026142921783,26859.078428765348,7.277000236854077,15.0,15.396058231219236,0,0,8.47612085953327
70,0.8960168988943468,26880.506966830402,7.331766903605343,15.0,15.68239416144236,0,0,8.47612085953327
71,0.8967064144814704,26901.19243444411,7.386872667130931,15.0,15.97050298740793,0,0,8.47612085953327
72,0.8973710047242074,26921.130141726222,7.442301198403829,15.0,16.260299336252913,0,0,8.47612085953327
73,0.8980105206791339,26940.315620374018,7.498036072753974,15.0,16.551697335064834,0,0,8.47612085953327
74,0.8986248208328784,26958.744624986353,7.554060774735242,15.0,16.844610636327758,0,0,8.47612085953327
75,0.8992137711440555,26976.413134321665,7.610358703019323,15.0,17.13895244350893,0,0,8.47612085953327
76,0.8997772450829852,26993.317352489554,7.666913175315055,15.0,17.434635536778476,0,0,8.47612085953327
77,0.9003151236691863,27009.453710075588,7.723707433311754,15.0,17.731572298854484,0,0,8.47612085953327
78,0.9008272955066334,27024.818865199002,7.780724647645053,15.0,18.029674740965945,0,0,8.47612085953327
79,0.9013136568167652,27039.409704502956,7.8379479228838145,15.0,18.328854528925667,0,0,8.47612085953327
80,0.9017741114692368,27053.223344077105,7.895360302536605,15.0,18.629023009305662,0,0,8.47612085953327
81,0.9022085710104054,27066.257130312162,7.952944774076272,15.0,18.930091235707025,0,0,8.47612085953327
82,0.9026169546895401,27078.508640686203,8.010684273981127,15.0,19.23196999511668,0,0,8.47612085953327
83,0.902999189482751,27089.97568448253,8.068561692791224,15.0,19.53456983434315,0,0,8.47612085953327
84,0.9033552101146276,27100.656303438827,8.126559880178274,15.0,19.83780108652342,0,0,8.47612085953327
85,0.9036849590775808,27110.548772327424,8.18466165002765,15.0,20.141573897693213,0,0,8.47612085953327
86,0.903988386648884,27119.65159946652,8.242849785531007,15.0,20.44579825341262,0,0,8.47612085953327
87,0.9042654509054074,27127.963527162225,8.301107044287994,15.0,20.75038400543934,0,0,8.47612085953327
88,0.90451611773604,27135.4835320812,8.359416163415545,15.0,21.055240898441554,0,0,8.47612085953327
89,0.9047403608517981,27142.210825553942,8.417759864663251,15.0,21.360278596742514,0,0,8.47612085953327
90,0.9049381617936144,27148.144853808433,8.47612085953327,15.0,21.665406711088956,0,0,8.47612085953327
91,0.9051095099378091,27153.285298134273,8.534481854403287,15.0,21.9705348254354,0,0,8.47612085953327
92,0.9052544024992368,27157.632074977104,8.592825555650993,15.0,22.27557252373635,0,0,8.47612085953327
93,0.9053728445321123,27161.185335963368,8.651134674778545,15.0,22.580429416738568,0,0,8.47612085953327
94,0.905464848928513,27163.94546785539,8.70939193353553,15.0,22.88501516876529,0,0,8.47612085953327
95,0.9055304364145583,27165.91309243675,8.767580069038889,15.0,23.18923952448469,0,0,8.47612085953327
96,0.9055696355442686,27167.08906632806,8.825681838888265,15.0,23.49301233565449,0,0,8.47612085953327
97,0.9055824826911039,27167.474480733115,8.883680026275316,15.0,23.79624358783476,0,0,8.47612085953327
98,0.9055690220371847,27167.07066111554,8.941557445085412,15.0,24.098843427061226,0,0,8.47612085953327
99,0.9055293055602012,27165.879166806037,8.999296944990267,15.0,24.400722186470887,0,0,8.47612085953327
100,0.9054633930180107,27163.90179054032,9.056881416529935,15.0,24.701790412872242,0,0,8.47612085953327
101,0.9053713519309297,27161.14055792789,9.114293796182725,15.0,25.001958893252244,0,0,8.47612085953327
102,0.9052532575617265,27157.597726851793,9.171517071421487,15.0,25.301138681211967,0,0,8.47612085953327
103,0.9051091928933191,27153.275786799575,9.228534285754787,15.0,25.599241123323424,0,0,8.47612085953327
104,0.9049392486041862,27148.177458125585,9.285328543751485,15.0,25.89617788539943,0,0,8.47612085953327
105,0.9047435230414957,27142.305691244874,9.341883016047216,15.0,26.191860978668977,0,0,8.47612085953327
106,0.9045221221919642,27135.663665758926,9.398180944331298,15.0,26.486202785850153,0,0,8.47612085953327
107,0.9042751596504491,27128.254789513474,9.454205646312564,15.0,26.779116087113074,0,0,8.47612085953327
108,0.9040027565862895,27120.082697588685,9.509940520662711,15.0,27.07051408592499,0,0,8.47612085953327
109,0.9037050417073998,27111.151251221996,9.565369051935608,15.0,27.36031043476998,0,0,8.47612085953327
110,0.903382151222132,27101.46453666396,9.620474815461197,15.0,27.648419260735547,0,0,8.47612085953327
111,0.903034228798913,27091.026863967392,9.675241482212462,15.0,27.93475519095867,0,0,8.47612085953327
112,0.9026614255236737,27079.84276571021,9.729652823644084,15.0,28.219233377923587,0,0,8.47612085953327
113,0.9022638998550779,27067.916995652336,9.783692716501307,15.0,28.501769524603958,0,0,8.47612085953327
114,0.9018418175775684,27055.25452732705,9.837345147597595,15.0,28.78227990944189,0,0,8.47612085953327
115,0.9013953517522412,27041.860552567236,9.890594218559707,15.0,29.060681411156445,0,0,8.47612085953327
116,0.9009246826655637,27027.74047996691,9.943424150538702,15.0,29.33689153337427,0,0,8.47612085953327
117,0.900429997775952,27012.89993327856,9.995819288885572,15.0,29.610828429075053,0,0,8.47612085953327
118,0.8999114916582229,26997.344749746688,10.047764107790051,15.0,29.88241092484455,0,0,8.47612085953327
119,0.8993693659459373,26981.08097837812,10.09924321488123,15.0,30.151558544928037,0,0,8.47612085953327
120,0.8988038292716515,26964.114878149543,10.150241355788669,15.0,30.418191535077,0,0,8.47612085953327
121,0.8982150972050951,26946.45291615285,10.200743418662588,15.0,30.682230886182044,0,0,8.47612085953327
122,0.8976033921892932,26928.101765678795,10.250734438651836,15.0,30.94359835768501,0,0,8.47612085953327
123,0.8969689434746515,26909.068304239547,10.300199602338292,15.0,31.202216500763313,0,0,8.47612085953327
124,0.8963119870510248,26889.359611530745,10.349124252126412,15.0,31.458008681279722,0,0,8.47612085953327
125,0.8956327655777874,26868.98296733362,10.397493890586581,15.0,31.710899102490707,0,0,8.47612085953327
126,0.8949315283119282,26847.945849357846,10.445294184751026,15.0,31.960812827506633,0,0,8.47612085953327
127,0.8942085310341912,26826.255931025735,10.492510970360966,15.0,32.20767580149721,0,0,8.47612085953327
128,0.893464035973281,26803.92107919843,10.539130256063803,15.0,32.451414873635485,0,0,8.47612085953327
129,0.8926983117281594,26780.94935184478,10.585138227559062,15.0,32.691957818774085,0,0,8.47612085953327
130,0.891911633188454,26757.34899565362,10.630521251691851,15.0,32.929233358847014,0,0,8.47612085953327
131,0.8911042814530018,26733.128443590052,10.675265880492676,15.0,33.163171183990926,0,0,8.47612085953327
132,0.8902765437465539,26708.296312396615,10.719358855162353,15.0,33.393701973379436,0,0,8.47612085953327
133,0.8894287133346646,26682.861400039936,10.762787110000884,15.0,33.62075741576439,0,0,8.47612085953327
134,0.8885610894367904,26656.832683103712,10.8055377762791,15.0,33.844270229717935,0,0,8.47612085953327
135,0.8876739771376251,26630.219314128753,10.847598186051956,15.0,34.06417418356952,0,0,8.47612085953327
136,0.8867676872966962,26603.030618900884,10.888955875912284,15.0,34.280404115031686,0,0,8.47612085953327
137,0.8858425364562506,26575.276093687517,10.92959859068402,15.0,34.49289595050913,0,0,8.47612085953327
138,0.8848988467474567,26546.9654024237,10.969514287053627,15.0,34.70158672408504,0,0,8.47612085953327
139,0.8839369457949494,26518.10837384848,11.008691137138824,15.0,34.90641459617929,0,0,8.47612085953327
140,0.8829571666197484,26488.71499859245,11.047117531993424,15.0,35.107318871872835,0,0,8.47612085953327
141,0.8819598475405765,26458.795426217297,11.084782085047319,15.0,35.304240018892905,0,0,8.47612085953327
142,0.8809453320736088,26428.359962208266,11.121673635480576,15.0,35.49711968525376,0,0,8.47612085953327
143,0.8799139688306807,26397.41906492042,11.157781251530615,15.0,35.685900716547536,0,0,8.47612085953327
144,0.8788661114159878,26365.983342479634,11.193094233731532,15.0,35.87052717288047,0,0,8.47612085953327
145,0.8778021183213044,26334.063549639133,11.227602118084588,15.0,36.05094434544896,0,0,8.47612085953327
146,0.8767223528197553,26301.67058459266,11.261294679158905,15.0,36.22709877275105,0,0,8.47612085953327
147,0.8756271828581695,26268.815485745086,11.294161933121494,15.0,36.398938256428224,0,0,8.47612085953327
148,0.8745169809480503,26235.50942844151,11.32619414069567,15.0,36.56641187673287,0,0,8.47612085953327
149,0.8733921240551916,26201.76372165575,11.357381810047018,15.0,36.7294700076169,0,0,8.47612085953327
150,0.872252993487975,26167.58980463925,11.387715699596026,15.0,36.88806433143705,0,0,8.47612085953327
151,0.8710999747843798,26132.999243531394,11.417186820756559,15.0,37.04214785327243,0,0,8.47612085953327
152,0.86993345759774,26098.0037279322,11.445786440599381,15.0,37.19167491485014,0,0,8.47612085953327
153,0.8687538355812812,26062.615067438433,11.473506084439903,15.0,37.33660120807476,0,0,8.47612085953327
154,0.8675615062714731,26026.845188144194,11.50033753834941,15.0,37.476883788157835,0,0,8.47612085953327
155,0.8663568709702307,25990.706129106922,11.526272851589043,15.0,37.612481086343365,0,0,8.47612085953327
156,0.8651403346259998,25954.210038779995,11.55130433896576,15.0,37.743352922225455,0,0,8.47612085953327
157,0.863912305713762,25917.369171412858,11.575424583109625,15.0,37.86946051565468,0,0,8.47612085953327
158,0.8626731961139947,25880.19588341984,11.598626436671744,15.0,37.99076649822949,0,0,8.47612085953327
159,0.8614234209906225,25842.702629718675,11.620903024442164,15.0,38.10723492436926,0,0,8.47612085953327
160,0.8601633986679946,25804.90196003984,11.642247745387165,15.0,38.218831281965706,0,0,8.47612085953327
161,0.8588935505069265,25766.806515207794,11.662654274605273,15.0,38.32552250260964,0,0,8.47612085953327
162,0.8576143007798419,25728.429023395256,11.682116565201472,15.0,38.4272769713898,0,0,8.47612085953327
163,0.8563260765450511,25689.782296351532,11.700628850079026,15.0,38.52406453626105,0,0,8.47612085953327
164,0.8550293075202049,25650.879225606146,11.718185643648402,15.0,38.615856516979065,0,0,8.47612085953327
165,0.8537244259549597,25611.73277864879,11.734781743452753,15.0,38.702625713598934,0,0,8.47612085953327
166,0.8524118665028929,25572.355995086786,11.75041223170954,15.0,38.78434641453505,0,0,8.47612085953327
167,0.8510920660927052,25532.761982781154,11.765072476767754,15.0,38.86099440418006,0,0,8.47612085953327
168,0.8497654637987496,25492.96391396249,11.778758134480393,15.0,38.93254697008043,0,0,8.47612085953327
169,0.8484325007109244,25452.97502132773,11.791465149491714,15.0,38.998982909666665,0,0,8.47612085953327
170,0.8470936198039677,25412.80859411903,11.80318975643893,15.0,39.06028253653603,0,0,8.47612085953327
171,0.8457492658061955,25372.477974185866,11.813928481067967,15.0,39.11642768628615,0,0,8.47612085953327
172,0.8443998850677189,25331.996552031567,11.823678141262954,15.0,39.16740172189745,0,0,8.47612085953327
173,0.8430459254281805,25291.377762845415,11.832435847989162,15.0,39.21318953866306,0,0,8.47612085953327
174,0.8416878360840502,25250.635082521505,11.84019900614908,15.0,39.253777568664674,0,0,8.47612085953327
175,0.8403260674555183,25209.78202366555,11.846965315351403,15.0,39.28915378479308,0,0,8.47612085953327
176,0.838961071053027,25168.83213159081,11.852732770592684,15.0,39.31930770431192,0,0,8.47612085953327
177,0.8375932993434771,25127.798980304313,11.857499662851467,15.0,39.344230391964075,0,0,8.47612085953327
178,0.8362232056161528,25086.696168484585,11.861264579594696,15.0,39.363914462619334,0,0,8.47612085953327
179,0.8348512438484024,25045.53731545207,11.864026405196284,15.0,39.37835408346274,0,0,8.47612085953327
180,0.8334778685711149,25004.33605713345,11.865784321267702,15.0,39.387544975722975,0,0,8.47612085953327
181,0.8321035347340326,24963.10604202098,11.86653780690048,15.0,39.391484415940354,0,0,8.47612085953327
182,0.83072869757094,24921.8609271282,11.866286638820563,15.0,39.39017123677368,0,0,8.47612085953327
183,0.8293538124647678,24880.614373943034,11.865030891454472,15.0,39.38360582734631,0,0,8.47612085953327
184,0.827979334812653,24839.380044379588,11.862770936907255,15.0,39.37179013313073,0,0,8.47612085953327
185,0.8266057198909955,24798.171596729866,11.859507444852218,15.0,39.354727655372145,0,0,8.47612085953327
186,0.8252334227205497,24757.00268161649,11.855241382332487,15.0,39.33242345005097,0,0,8.47612085953327
187,0.8238628979315913,24715.88693794774,11.849974013474455,15.0,39.30488412638458,0,0,8.47612085953327
188,0.8224945996292018,24674.837988876054,11.843706899113199,15.0,39.27211784486893,0,0,8.47612085953327
189,0.8211289812587061,24633.869437761183,11.836441896329955,15.0,39.2341343148604,0,0,8.47612085953327
190,0.8197664954713078,24592.994864139233,11.828181157901842,15.0,39.19094479169868,0,0,8.47612085953327
191,0.8184075939899583,24552.22781969875,11.818927131663933,15.0,39.14256207337159,0,0,8.47612085953327
192,0.8170527274755018,24511.581824265057,11.808682559783925,15.0,39.08900049672275,0,0,8.47612085953327
193,0.8157023453931351,24471.070361794053,11.797450477949562,15.0,39.030275933203264,0,0,8.47612085953327
194,0.8143568958792203,24430.70687637661,11.7852342144691,15.0,38.96640578416871,0,0,8.47612085953327
195,0.8130168256084936,24390.50476825481,11.772037389285051,15.0,38.89740897572265,0,0,8.47612085953327
196,0.8116825796617053,24350.47738985116,11.757863912901534,15.0,38.82330595310851,0,0,8.47612085953327
197,0.8103546013937323,24310.63804181197,11.742717985225486,15.0,38.74411867465117,0,0,8.47612085953327
198,0.8090333323022036,24270.99996906611,11.726604094322159,15.0,38.659870605250234,0,0,8.47612085953327
199,0.8077192118966742,24231.576356900227,11.70952701508519,15.0,38.57058670942689,0,0,8.47612085953327
200,0.806412677568389,24192.38032705167,11.691491807821707,15.0,38.47629344392637,0,0,8.47612085953327
201,0.8051141644606746,24153.42493382024,11.672503816752862,15.0,38.377018749878275,0,0,8.47612085953327
202,0.803824105339997,24114.723160199912,11.652568668430199,15.0,38.27279204451693,0,0,8.47612085953327
203,0.8025429304677233,24076.287914031698,11.631692270068399,15.0,38.16364421246459,0,0,8.47612085953327
204,0.8012710674726259,24038.132024178776,11.60988080779485,15.0,38.049607596579456,0,0,8.47612085953327
205,0.8000089412241671,24000.268236725013,11.587140744816551,15.0,37.93071598837193,0,0,8.47612085953327
206,0.7987569737066013,23962.70921119804,11.563478819504933,15.0,37.807004617991424,0,0,8.47612085953327
207,0.7975155838939312,23925.467516817935,11.538902043399139,15.0,37.678510143786895,0,0,8.47612085953327
208,0.7962851876257575,23888.555628772727,11.513417699128329,15.0,37.54527064144417,0,0,8.47612085953327
209,0.7950661974840568,23851.985924521705,11.487033338253713,15.0,37.40732559270336,0,0,8.47612085953327
210,0.7938590226709237,23815.77068012771,11.459756779030842,15.0,37.26471587365948,0,0,8.47612085953327
211,0.7926640688873159,23779.922066619478,11.431596104092886,15.0,37.11748374265007,0,0,8.47612085953327
212,0.7914817382128368,23744.452146385105,11.402559658055585,15.0,36.96567282773307,0,0,8.47612085953327
213,0.7903124289865898,23709.372869597693,11.372656045044563,15.0,36.80932811375894,0,0,8.47612085953327
214,0.7891565356891421,23674.696070674265,11.341894126145723,15.0,36.64849592904059,0,0,8.47612085953327
215,0.7880144488256322,23640.433464768965,11.310283016779533,15.0,36.48322393162542,0,0,8.47612085953327
216,0.7868865548100534,23606.596644301604,11.277832083999922,15.0,36.313561095173114,0,0,8.47612085953327
217,0.7857732358507526,23573.19707552258,11.244550943718622,15.0,36.13955769444374,0,0,8.47612085953327
218,0.7846748698371727,23540.24609511518,11.210449457855763,15.0,35.961265290400235,0,0,8.47612085953327
219,0.7835918302278758,23507.754906836275,11.175537731417576,15.0,35.77873671492979,0,0,8.47612085953327
220,0.78252448593988,23475.7345781964,11.139826109502064,15.0,35.5920260551886,0,0,8.47612085953327
221,0.7814732012393408,23444.196037180223,11.103325174233516,15.0,35.40118863757468,0,0,8.47612085953327
222,0.7804383356336114,23413.15006900834,11.066045741626812,15.0,35.20628101133349,0,0,8.47612085953327
223,0.7794202437647129,23382.607312941385,11.027998858382386,15.0,35.007360931801145,0,0,8.47612085953327
224,0.7784192753042461,23352.578259127386,10.989195798612862,15.0,34.80448734329024,0,0,8.47612085953327
225,0.7774357748497766,23323.073245493295,10.949648060502287,15.0,34.59772036162344,0,0,8.47612085953327
226,0.776470081822722,23294.102454681662,10.90936736289898,15.0,34.38712125631979,0,0,8.47612085953327
227,0.7755225303677761,23265.675911033282,10.868365641842965,15.0,34.1727524324393,0,0,8.47612085953327
228,0.7745934492538922,23237.803477616766,10.826655047029082,15.0,33.95467741209095,0,0,8.47612085953327
229,0.7736831617768636,23210.494853305907,10.784247938206757,15.0,33.73296081560971,0,0,8.47612085953327
230,0.7727919856635229,23183.759569905687,10.741156881517563,15.0,33.50766834240815,0,0,8.47612085953327
231,0.7719202329775938,23157.606989327815,10.697394645771572,15.0,33.278866751508296,0,0,8.47612085953327
232,0.7710682100272189,23132.046300816568,10.652974198663706,15.0,33.04662384175947,0,0,8.47612085953327
233,0.7702362172741943,23107.08651822583,10.60790870293111,15.0,32.811008431748036,0,0,8.47612085953327
234,0.7694245492449366,23082.7364773481,10.562211512452768,15.0,32.572090339404994,0,0,8.47612085953327
235,0.7686334944432077,23059.004833296232,10.515896168292441,15.0,32.32994036131737,0,0,8.47612085953327
236,0.7678633352646257,23035.900057938772,10.468976394686171,15.0,32.084630251749694,0,0,8.47612085953327
237,0.7671143479129845,23013.430437389536,10.421466094975491,15.0,31.836232701381658,0,0,8.47612085953327
238,0.7663868023184087,22991.60406955226,10.373379347487564,15.0,31.5848213157683,0,0,8.47612085953327
239,0.7656809620573674,22970.428861721022,10.324730401363462,15.0,31.330470593529075,0,0,8.47612085953327
240,0.7649970842745711,22949.912528237135,10.275533672335854,15.0,31.073255904272322,0,0,8.47612085953327
241,0.7643354196067742,22930.062588203225,10.225803738457303,15.0,30.813253466261614,0,0,8.47612085953327
242,0.7636962121085052,22910.88636325516,10.17555533578048,15.0,30.550540323830646,0,0,8.47612085953327
243,0.7630796991797492,22892.390975392475,10.124803353991542,15.0,30.285194324553323,0,0,8.47612085953327
244,0.7624861114956,22874.583344868,10.073562831998014,15.0,30.01729409617589,0,0,8.47612085953327
245,0.761915672937907,22857.47018813721,10.021848953472425,15.0,29.74691902331776,0,0,8.47612085953327
246,0.7613686005289337,22841.058015868013,9.969677042353057,15.0,29.474149223948196,0,0,8.47612085953327
247,0.7608451043670499,22825.353131011496,9.917062558303137,15.0,29.199065525645608,0,0,8.47612085953327
248,0.7603453875644737,22810.36162693421,9.864021092129802,15.0,28.921749441646586,0,0,8.47612085953327
249,0.7598696461870864,22796.08938561259,9.81056836116421,15.0,28.642283146691803,0,0,8.47612085953327
250,0.7594180691963334,22782.54207589,9.756720204604147,15.0,28.360749452675826,0,0,8.47612085953327
251,0.7589908383932308,22769.725151796923,9.702492578820543,15.0,28.07723178410819,0,0,8.47612085953327
252,0.7585881283644937,22757.64385093481,9.647901552629245,15.0,27.791814153392895,0,0,8.47612085953327
253,0.7582101064308028,22746.303192924082,9.592963302529483,15.0,27.504581135933748,0,0,8.47612085953327
254,0.757856932597223,22735.70797791669,9.537694107910431,15.0,27.215617845072806,0,0,8.47612085953327
255,0.7575287595057913,22725.86278517374,9.482110346227254,15.0,26.925009906869512,0,0,8.47612085953327
256,0.7572257323902852,22716.771971708557,9.426228488148135,15.0,26.632843434727747,0,0,8.47612085953327
257,0.7569479890331866,22708.439670995598,9.37006509267366,15.0,26.339205003878725,0,0,8.47612085953327
258,0.7566956597248542,22700.869791745627,9.313636802230011,15.0,26.04418162572672,0,0,8.47612085953327
259,0.7564688672249157,22694.06601674747,9.256960337737462,15.0,25.747860722065802,0,0,8.47612085953327
260,0.7562677267258912,22688.031801776735,9.200052493655626,15.0,25.450330099174856,0,0,8.47612085953327
261,0.7560923458190594,22682.77037457178,9.142930133006878,15.0,25.151677921798694,0,0,8.47612085953327
262,0.7559428244625758,22678.284733877274,9.085610182379476,15.0,24.851992687022893,0,0,8.47612085953327
263,0.7558192549518531,22674.577648555594,9.028109626911858,15.0,24.551363198050268,0,0,8.47612085953327
264,0.7557217218922122,22671.651656766368,8.97044550525957,15.0,24.249878537886516,0,0,8.47612085953327
265,0.7556503021738114,22669.50906521434,8.912634904546355,15.0,23.94762804294301,0,0,8.47612085953327
266,0.7556050649488623,22668.151948465867,8.85469495530086,15.0,23.64470127656451,0,0,8.47612085953327
267,0.7555860716111389,22667.582148334168,8.796642826380484,15.0,23.341188002489567,0,0,8.47612085953327
268,0.755593375777785,22667.80127333355,8.738495719883907,15.0,23.037178158251674,0,0,8.47612085953327
269,0.7556270232734261,22668.810698202782,8.680270866053695,15.0,22.732761828528737,0,0,8.47612085953327
270,0.7556870521165909,22670.61156349773,8.62198551817063,15.0,22.42802921844909,0,0,12.47612085953327
271,0.7556387821916336,22669.163465749007,12.604966451804609,15.0,22.12307062686177,0,0,12.47612085953327
272,0.7556178641338648,22668.535924015945,12.519073632901632,15.0,21.817976419579015,0,0,12.47612085953327
273,0.7556243126212204,22668.729378636614,12.433168086164912,15.0,21.512837002598907,0,0,12.47612085953327
274,0.755658134222338,22669.744026670138,12.347275267261933,15.0,21.207742795316147,0,0,12.47612085953327
275,0.7557193273946107,22671.57982183832,12.26142062808866,15.0,20.90278420372882,0,0,12.47612085953327
276,0.7558078824846446,22674.23647453934,12.175629609227578,15.0,20.598051593649178,0,0,12.47612085953327
277,0.7559237817311191,22677.71345193357,12.08992763240909,15.0,20.293635263926227,0,0,12.47612085953327
278,0.7560669992700496,22682.009978101487,12.004340092978534,15.0,19.989625419688338,0,0,12.47612085953327
279,0.7562375011424519,22687.12503427356,11.918892352370971,15.0,19.686112145613407,0,0,12.47612085953327
280,0.7564352453044054,22693.057359132163,11.833609730596057,15.0,19.383185379234906,0,0,12.47612085953327
281,0.7566601816395108,22699.80544918532,11.748517498735172,15.0,19.080934884291402,0,0,12.47612085953327
282,0.7569122519737408,22707.367559212224,11.663640871453058,15.0,18.77945022412765,0,0,12.47612085953327
283,0.757191390092679,22715.74170278037,11.579004999526166,15.0,18.47882073515502,0,0,12.47612085953327
284,0.7574975217611403,22724.92565283421,11.49463496238994,15.0,18.17913550037922,0,0,12.47612085953327
285,0.757830564745168,22734.916942355037,11.410555760707238,15.0,17.880483323003055,0,0,12.47612085953327
286,0.7581904288364015,22745.712865092046,11.326792308960098,15.0,17.582952700112113,0,0,12.47612085953327
287,0.7585770158788081,22757.310476364244,11.243369428067034,15.0,17.286631796451196,0,0,12.47612085953327
288,0.7589902197977674,22769.70659393302,11.160311838028067,15.0,16.99160841829918,0,0,12.47612085953327
289,0.759429926631504,22782.89779894512,11.077644150599657,15.0,16.697969987450158,0,0,12.47612085953327
290,0.7598960145648571,22796.880436945714,10.995390862001702,15.0,16.40580351530841,0,0,12.47612085953327
291,0.7603883539653767,22811.650618961303,10.913576345658788,15.0,16.115195577105105,0,0,12.47612085953327
292,0.7609068074217364,22827.204222652093,10.832224844977807,15.0,15.826232286244167,0,0,12.47612085953327
293,0.7614512297844517,22843.53689353355,10.75136046616412,15.0,15.538999268785016,0,0,12.47612085953327
294,0.7620214682088904,22860.644046266712,10.671007171078369,15.0,15.253581638069724,0,0,12.47612085953327
295,0.7626173622005642,22878.520866016926,10.59118877013605,15.0,14.970063969502085,0,0,12.47612085953327
296,0.7632387436626866,22897.162309880598,10.511928915251985,15.0,14.688530275486109,0,0,12.47612085953327
297,0.7638854369459834,22916.5631083795,10.433251092831744,15.0,14.409063980531327,0,0,12.47612085953327
298,0.7645572589007414,22936.717767022245,10.355178616812115,15.0,14.131747896532303,0,0,12.47612085953327
299,0.7652540189310802,22957.62056793241,10.277734621752689,15.0,13.856664198229709,0,0,12.47612085953327
300,0.7659755190514292,22979.265571542877,10.200942055980578,15.0,13.583894398860146,0,0,12.47612085953327
301,0.7667215539451949,23001.646618355848,10.124823674790342,15.0,13.31351932600202,0,0,12.47612085953327
302,0.7674919110256011,23024.757330768032,10.049402033701092,15.0,13.04561909762458,0,0,12.47612085953327
303,0.7682863704986826,23048.59111496048,9.97469948177282,15.0,12.78027309834727,0,0,12.47612085953327
304,0.7691047054284158,23073.141162852473,9.900738154983872,15.0,12.517559955916301,0,0,12.47612085953327
305,0.7699466818039632,23098.400454118895,9.827539969671594,15.0,12.257557517905589,0,0,12.47612085953327
306,0.7708120586090169,23124.36175827051,9.755126616038037,15.0,12.000342828648837,0,0,12.47612085953327
307,0.7717005878932173,23151.017636796518,9.683519551722696,15.0,11.745992106409615,0,0,12.47612085953327
308,0.7726120148456245,23178.360445368733,9.612739995444128,15.0,11.494580720796254,0,0,12.47612085953327
309,0.7735460778702261,23206.382336106784,9.542808920712408,15.0,11.246183170428207,0,0,12.47612085953327
310,0.7745025086634529,23235.075259903588,9.473747049614222,15.0,11.000873060860535,0,0,12.47612085953327
311,0.7754810322936829,23264.430968810488,9.405574846672447,15.0,10.758723082772912,0,0,12.47612085953327
312,0.7764813672827099,23294.441018481295,9.338312512782093,15.0,10.519804990429865,0,0,12.47612085953327
313,0.777503225689151,23325.09677067453,9.271979979224332,15.0,10.28418958041844,0,0,12.47612085953327
314,0.7785463131937708,23356.389395813123,9.206596901760431,15.0,10.051946670669615,0,0,12.47612085953327
315,0.7796103291866934,23388.3098756008,9.142182654807323,15.0,9.823145079769763,0,0,12.47612085953327
316,0.7806949668564803,23420.84900569441,9.078756325696556,15.0,9.597852606568205,0,0,12.47612085953327
317,0.7817999132810454,23453.997398431362,9.016336709018297,15.0,9.376136010086963,0,0,12.47612085953327
318,0.7829248495203798,23487.745485611395,8.95494230105209,15.0,9.158060989738615,0,0,12.47612085953327
319,0.7840694507110614,23522.083521331842,8.894591294286021,15.0,8.94369216585813,0,0,12.47612085953327
320,0.7852333861625185,23557.001584875554,8.83530157202587,15.0,8.733093060554474,0,0,12.47612085953327
321,0.7864163194550204,23592.489583650615,8.777090703095926,15.0,8.526326078887669,0,0,12.47612085953327
322,0.7876179085393668,23628.537256181004,8.719975936632942,15.0,8.32345249037677,0,0,12.47612085953327
323,0.7888378058382428,23665.134175147283,8.66397419697486,15.0,8.124532410844413,0,0,12.47612085953327
324,0.7900756583492149,23702.269750476447,8.60910207864576,15.0,7.929624784603234,0,0,12.47612085953327
325,0.7913311077493328,23739.933232479983,8.555375841438533,15.0,7.7387873669893175,0,0,12.47612085953327
326,0.7926037905013078,23778.113715039235,8.50281140559678,15.0,7.552076707248128,0,0,12.47612085953327
327,0.7938933379612377,23816.80013883713,8.451424347097264,15.0,7.369548131777673,0,0,12.47612085953327
328,0.7951993764878428,23855.981294635283,8.401229893034452,15.0,7.191255727734175,0,0,12.47612085953327
329,0.7965215275531846,23895.645826595537,8.352242917108363,15.0,7.0172523270047975,0,0,12.47612085953327
330,0.7978594078548317,23935.78223564495,8.30447793521719,15.0,6.847589490552499,0,0,12.47612085953327
331,0.7992126294294405,23976.378882883215,8.257949101155914,15.0,6.6823174931373135,0,0,12.47612085953327
332,0.8005807997677173,24017.42399303152,8.212670202422252,15.0,6.521485308418974,0,0,12.47612085953327
333,0.8019635219307268,24058.905657921805,8.168654656131094,15.0,6.365140594444828,0,0,12.47612085953327
334,0.8033603946675143,24100.811840025428,8.125915505038739,15.0,6.213329679527836,0,0,12.47612085953327
335,0.8047710125340042,24143.130376020126,8.08446541367804,15.0,6.066097548518428,0,0,12.47612085953327
336,0.8061949660131429,24185.848980394287,8.044316664605637,15.0,5.923487829474558,0,0,12.47612085953327
337,0.8076318416362466,24228.955249087398,8.005481154762355,15.0,5.78554278073374,0,0,12.47612085953327
338,0.8090812221055215,24272.436663165645,7.967970391947908,15.0,5.652303278391023,0,0,12.47612085953327
339,0.8105426864177179,24316.280592531537,7.931795491410859,15.0,5.523808804186484,0,0,12.47612085953327
340,0.8120158099888827,24360.47429966648,7.896967172554961,15.0,5.400097433805984,0,0,12.47612085953327
341,0.8135001647801727,24405.004943405183,7.86349575576274,15.0,5.2812058255984535,0,0,12.47612085953327
342,0.8149953194246922,24449.859582740766,7.8313911593373735,15.0,5.16716920971332,0,0,12.47612085953327
343,0.8165008393553153,24495.025180659457,7.80066289656365,15.0,5.058021377660966,0,0,12.47612085953327
344,0.8180162869334582,24540.488608003747,7.771320072889004,15.0,4.953794672299643,0,0,12.47612085953327
345,0.8195412215787614,24586.236647362843,7.743371383225355,15.0,4.854519978251532,0,0,12.47612085953327
346,0.8210751998996423,24632.255996989268,7.716825109372638,15.0,4.760226712751017,0,0,12.47612085953327
347,0.8226177758246819,24678.533274740457,7.691689117564706,15.0,4.6709428169276705,0,0,12.47612085953327
348,0.8241685007348057,24725.055022044173,7.667970856138414,15.0,4.586694747526741,0,0,12.47612085953327
349,0.8257269235962191,24771.807707886575,7.645677353326503,15.0,4.507507469069399,0,0,12.47612085953327
350,0.8272925910940584,24818.777732821753,7.6248152151749915,15.0,4.433404446455264,0,0,12.47612085953327
351,0.8288650477667177,24865.95143300153,7.605390623585652,15.0,4.364407638009207,0,0,12.47612085953327
352,0.830443836140812,24913.31508422436,7.587409334484193,15.0,4.3005374889746415,0,0,12.47612085953327
353,0.8320284968667366,24960.8549060021,7.570876676114641,15.0,4.2418129254551635,0,0,12.47612085953327
354,0.8336185688547824,25008.557065643472,7.555797547460477,15.0,4.188251348806321,0,0,12.47612085953327
355,0.8352135894117664,25056.40768235299,7.542176416792955,15.0,4.139868630479226,0,0,12.47612085953327
356,0.8368130943781376,25104.39283134413,7.530017320347057,15.0,4.096679107317504,0,0,12.47612085953327
357,0.8384166182655182,25152.498547965544,7.519323861125477,15.0,4.058695577308974,0,0,12.47612085953327
358,0.8400236943946368,25200.710831839104,7.510099207830967,15.0,4.025929295793336,0,0,12.47612085953327
359,0.8416338550336167,25249.0156510085,7.502346093927382,15.0,3.9983899721269465,0,0,12.47612085953327
360,0.8432466315365738,25297.39894609721,7.4960668168296944,15.0,3.9760857668057596,0,0,12.47612085953327
361,0.8448615544824875,25345.846634474623,7.4912632372232295,15.0,3.959023289047181,0,0,12.47612085953327
362,0.8464781538142995,25394.344614428985,7.487936778512296,15.0,3.9472075948316023,0,0,12.47612085953327
363,0.8480959589782024,25442.878769346073,7.4860884263983944,15.0,3.9406421854042266,0,0,12.47612085953327
364,0.8497144990630746,25491.43497189224,7.4857187285881555,15.0,3.9393290062375588,0,0,12.47612085953327
365,0.8513333029400216,25539.99908820065,7.486827794631012,15.0,3.943268446454928,0,0,12.47612085953327
366,0.8529518994019818,25588.556982059454,7.4894152958867615,15.0,3.9524593387151756,0,0,12.47612085953327
367,0.8545698173033547,25637.09451910064,7.493480465622941,15.0,3.9668989595585735,0,0,12.47612085953327
368,0.8561865856996123,25685.597570988368,7.499022099242023,15.0,3.986583030213829,0,0,12.47612085953327
369,0.8578017339868497,25734.05201960549,7.5060385546383666,15.0,4.011505717865987,0,0,12.47612085953327
370,0.859414792041235,25782.443761237053,7.514527752684812,15.0,4.04165963738483,0,0,12.47612085953327
371,0.8610252903583182,25830.758710749546,7.524487177848768,15.0,4.077035853513224,0,0,12.47612085953327
372,0.8626327601921536,25878.98280576461,7.535913878937613,15.0,4.1176238835148515,0,0,12.47612085953327
373,0.8642367336942013,25927.102010826038,7.548804469973206,15.0,4.163411700280455,0,0,12.47612085953327
374,0.8658367440519597,25975.10232155879,7.563155131195225,15.0,4.214385735891749,0,0,12.47612085953327
375,0.8674323256272921,26022.969768818763,7.578961610193033,15.0,4.270530885641879,0,0,12.47612085953327
376,0.869023014094406,26070.69042283218,7.596219223165774,15.0,4.3318305125112495,0,0,12.47612085953327
377,0.8706083465774425,26118.250397323274,7.614922856310272,15.0,4.398266452097473,0,0,12.47612085953327
378,0.872187861787636,26165.63585362908,7.635066967336373,15.0,4.469819017997846,0,0,12.47612085953327
379,0.8737611001600045,26212.833004800137,7.656645587109231,15.0,4.546467007642853,0,0,12.47612085953327
380,0.8753276039895289,26259.828119685866,7.679652321418103,15.0,4.628187708578974,0,0,12.47612085953327
381,0.8768869175667799,26306.607527003398,7.704080352871088,15.0,4.714956905198834,0,0,12.47612085953327
382,0.8784385873129558,26353.157619388672,7.7299224429152655,15.0,4.806748885916852,0,0,12.47612085953327
383,0.8799821619142862,26399.464857428586,7.757170933981637,15.0,4.903536450788097,0,0,12.47612085953327
384,0.8815171924557675,26445.515773673025,7.785817751754234,15.0,5.005290919568271,0,0,12.47612085953327
385,0.883043232554185,26491.296976625552,7.815854407562693,15.0,5.111982140212206,0,0,12.47612085953327
386,0.8845598384903869,26536.795154711606,7.847272000897661,15.0,5.223578497808658,0,0,12.47612085953327
387,0.8860665693407664,26581.997080222995,7.88006122204818,15.0,5.340046923948417,0,0,12.47612085953327
388,0.8875629871079187,26626.88961323756,7.91421235486038,15.0,5.461352906523231,0,0,12.47612085953327
389,0.8890486568504272,26671.459705512818,7.94971527961656,15.0,5.587460499952451,0,0,12.47612085953327
390,0.8905231468117478,26715.694404352435,7.986559476033905,15.0,5.718332335834541,0,0,12.47612085953327
391,0.8919860285481462,26759.580856444387,8.02473402638185,15.0,5.853929634020061,0,0,12.47612085953327
392,0.8934368770556561,26803.106311669682,8.064227618717254,15.0,5.994212214103149,0,0,12.47612085953327
393,0.8948752708960164,26846.25812688049,8.105028550236366,15.0,6.139138507327759,0,0,12.47612085953327
394,0.8963007923215526,26889.023769646577,8.147124730742622,15.0,6.288665568905468,0,0,12.47612085953327
395,0.897713027398965,26931.390821968947,8.190503686229228,15.0,6.4427490907408576,0,0,12.47612085953327
396,0.8991115661319848,26973.346983959545,8.235152562575477,15.0,6.601343414561014,0,0,12.47612085953327
397,0.9004960025828664,27014.880077485992,8.281058129355703,15.0,6.764401545445034,0,0,12.47612085953327
398,0.9018659349926742,27055.978049780228,8.328206783759752,15.0,6.931875165749675,0,0,12.47612085953327
399,0.9032209659003335,27096.628977010005,8.37658455462377,15.0,7.103714649426845,0,0,12.47612085953327
400,0.9045607022604057,27136.821067812172,8.426177106570172,15.0,7.279869076728947,0,0,12.47612085953327
401,0.9058847555595572,27176.542666786714,8.476969744255523,15.0,7.460286249297434,0,0,12.47612085953327
402,0.9071927419316836,27215.78225795051,8.52894741672508,15.0,7.644912705630361,0,0,12.47612085953327
403,0.9084842822716578,27254.528468149732,8.58209472187272,15.0,7.8336937369241415,0,0,12.47612085953327
404,0.9097590023476669,27292.770070430008,8.636395911004916,15.0,8.026573403284994,0,0,12.47612085953327
405,0.9110165329121055,27330.495987363163,8.691834893507416,15.0,8.223494550305077,0,0,12.47612085953327
406,0.9122565098109909,27367.69529432973,8.748395241613226,15.0,8.424398825998624,0,0,12.47612085953327
407,0.913478574091871,27404.35722275613,8.806060195270533,15.0,8.629226698092864,0,0,12.47612085953327
408,0.9146823721101883,27440.47116330565,8.864812667109058,15.0,8.837917471668778,0,0,12.47612085953327
409,0.9158675556340738,27476.026669022216,8.924635247503414,15.0,9.05040930714621,0,0,12.47612085953327
410,0.9170337819475346,27511.013458426038,8.985510209731949,15.0,9.266639238608382,0,0,12.47612085953327
411,0.9181807139520082,27545.421418560247,9.047419515229567,15.0,9.48654319245996,0,0,12.47612085953327
412,0.9193080202662527,27579.24060798758,9.110344818932942,15.0,9.710056006413518,0,0,12.47612085953327
413,0.9204153753245414,27612.461259736243,9.174267474716538,15.0,9.93711144879846,0,0,12.47612085953327
414,0.9215024594731354,27645.07378419406,9.239168540917891,15.0,10.167642238186973,0,0,12.47612085953327
415,0.9225689590650038,27677.068771950115,9.305028785950404,15.0,10.401580063330886,0,0,12.47612085953327
416,0.9236145665527645,27708.436996582936,9.371828694002085,15.0,10.638855603403808,0,0,12.47612085953327
417,0.9246389805798163,27739.16941739449,9.439548470818533,15.0,10.879398548542415,0,0,12.47612085953327
418,0.9256419060696378,27769.257182089135,9.508168049568349,15.0,11.123137620680689,0,0,12.47612085953327
419,0.9266230543132253,27798.69162939676,9.57766709678943,15.0,11.370000594671263,0,0,12.47612085953327
420,0.9275821430546427,27827.46429163928,9.648025018414165,15.0,11.619914319687187,0,0,12.47612085953327
421,0.9285188965746608,27855.566897239823,9.719220965871934,15.0,11.872804740898172,0,0,12.47612085953327
422,0.9294330457724583,27882.99137317375,9.79123384226697,15.0,12.128596921414601,0,0,12.47612085953327
423,0.9303243282453627,27909.729847360883,9.864042308629823,15.0,12.387215064492896,0,0,12.47612085953327
424,0.9311924883666054,27935.774650998163,9.937624790240584,15.0,12.648582535995866,0,0,12.47612085953327
425,0.9320372773610696,27961.118320832087,10.011959483021904,15.0,12.912621887100906,0,0,12.47612085953327
426,0.9328584533790077,27985.753601370234,10.087024360000049,15.0,13.179254877249875,0,0,12.47612085953327
427,0.9336557815677071,28009.673447031215,10.162797177831925,15.0,13.448402497333351,0,0,12.47612085953327
428,0.9344290341410811,28032.871024232434,10.239255483396308,15.0,13.719984993102855,0,0,12.47612085953327
429,0.9351779904471677,28055.33971341503,10.316376620447144,15.0,13.99392188880363,0,0,12.47612085953327
430,0.9359024370335131,28077.073111005393,10.394137736327124,15.0,14.27013201102146,0,0,12.47612085953327
431,0.9366021677104226,28098.06503131268,10.472515788739383,15.0,14.548533512736007,0,0,12.47612085953327
432,0.937276983612059,28118.30950836177,10.551487552575459,15.0,14.829043897573943,0,0,12.47612085953327
433,0.9379266932553703,28137.800797661108,10.631029626797378,15.0,15.111580044254318,0,0,12.47612085953327
434,0.938551112596831,28156.53337790493,10.71111844137188,15.0,15.396058231219227,0,0,12.47612085953327
435,0.9391500650869777,28174.50195260933,10.79173026425476,15.0,15.682394161442357,0,0,12.47612085953327
436,0.939723381722725,28191.701451681747,10.872841208423143,15.0,15.970502987407919,0,0,12.47612085953327
437,0.9402709010974436,28208.12703292331,10.954427238953764,15.0,16.260299336252906,0,0,12.47612085953327
438,0.9407924694487904,28223.77408346371,11.036464180144996,15.0,16.551697335064816,0,0,12.47612085953327
439,0.94128794070427,28238.6382211281,11.118927722680676,15.0,16.84461063632776,0,0,12.47612085953327
440,0.94175717652452,28252.715295735597,11.201793430833419,15.0,17.138952443508913,0,0,12.47612085953327
441,0.9422000463443032,28266.001390329096,11.285036749705535,15.0,17.43463553677848,0,0,12.47612085953327
442,0.942616427411198,28278.49282233594,11.368633012505082,15.0,17.731572298854463,0,0,12.47612085953327
443,0.9430062048219714,28290.186144659143,11.452557447855263,15.0,18.02967474096594,0,0,12.47612085953327
444,0.9433692715566283,28301.07814669885,11.536785187134624,15.0,18.328854528925675,0,0,12.47612085953327
445,0.943705528510123,28311.16585530369,11.62129127184624,15.0,18.629023009305655,0,0,12.47612085953327
446,0.944014884521727,28320.44653565181,11.706050661013425,15.0,18.930091235707025,0,0,12.47612085953327
447,0.9442972564020411,28328.917692061234,11.791038238599901,15.0,19.231969995116675,0,0,12.47612085953327
448,0.9445525689576467,28336.577068729403,11.876228820952258,15.0,19.53456983434315,0,0,12.47612085953327
449,0.9447807550133871,28343.42265040161,11.961597164262374,15.0,19.837801086523413,0,0,12.47612085953327
450,0.9449817554322729,28349.452662968186,12.047117972047733,15.0,20.141573897693206,0,0,12.47612085953327
451,0.9451555191330056,28354.665573990165,12.132765902647291,15.0,20.445798253412605,0,0,12.47612085953327
452,0.9453020031051141,28359.060093153425,12.218515576730788,15.0,20.75038400543933,0,0,12.47612085953327
453,0.9454211724217,28362.635172651,12.304341584819152,15.0,21.055240898441554,0,0,12.47612085953327
454,0.9455130002497862,28365.39000749359,12.390218494813912,15.0,21.360278596742496,0,0,12.47612085953327
455,0.9455774678582693,28367.32403574808,12.476120859533271,15.0,21.665406711088963,0,0,12.47612085953327
456,0.945614564623469,28368.43693870407,12.56202322425262,15.0,21.970534825435383,0,0,12.47612085953327
457,0.9456242880322768,28368.728640968304,12.647900134247388,15.0,22.275572523736358,0,0,12.47612085953327
458,0.9456066436829004,28368.199310487013,12.733726142335744,15.0,22.58042941673855,0,0,12.47612085953327
459,0.9455616452832051,28366.84935849615,12.819475816419244,15.0,22.885015168765293,0,0,12.47612085953327
460,0.9454893146466511,28364.679439399533,12.905123747018802,15.0,23.189239524484687,0,0,12.47612085953327
461,0.945389681685831,28361.69045057493,12.990644554804163,15.0,23.49301233565449,0,0,12.47612085953327
462,0.9452627844036049,28357.883532108146,13.076012898114278,15.0,23.796243587834752,0,0,12.47612085953327
463,0.9451086688818395,28353.260066455186,13.161203480466636,15.0,24.098843427061226,0,0,12.47612085953327
464,0.9449273892677541,28347.821678032622,13.246191058053116,15.0,24.40072218647089,0,0,12.47612085953327
465,0.9447190077578738,28341.570232736212,13.330950447220296,15.0,24.701790412872242,0,0,12.47612085953327
466,0.9444835945796011,28334.50783738803,13.415456531931916,15.0,25.001958893252244,0,0,12.47612085953327
467,0.9442212279704048,28326.636839112143,13.499684271211274,15.0,25.30113868121196,0,0,12.47612085953327
468,0.9439319941546372,28317.959824639118,13.58360870656145,15.0,25.599241123323424,0,0,12.47612085953327
469,0.9436159873179839,28308.479619539517,13.667204969361002,15.0,25.896177885399418,0,0,12.47612085953327
470,0.943273309579554,28298.199287386622,13.750448288233114,15.0,26.19186097866897,0,0,12.47612085953327
471,0.9429040709616207,28287.12212884862,13.833313996385861,15.0,26.48620278585014,0,0,12.47612085953327
472,0.9425083893570186,28275.25168071056,13.915777538921535,15.0,26.779116087113067,0,0,12.47612085953327
473,0.9420863904942107,28262.59171482632,13.997814480112769,15.0,27.070514085924977,0,0,12.47612085953327
474,0.9416382079000308,28249.146237000925,14.079400510643389,15.0,27.36031043476997,0,0,12.47612085953327
475,0.941163982860118,28234.91948580354,14.16051145481178,15.0,27.648419260735558,0,0,12.47612085953327
476,0.9406638643770497,28219.91593131149,14.241123277694657,15.0,27.93475519095867,0,0,12.47612085953327
477,0.9401380091261895,28204.140273785684,14.321212092269164,15.0,28.219233377923594,0,0,12.47612085953327
478,0.9395865814092607,28187.59744227782,14.400754166491078,15.0,28.501769524603958,0,0,12.47612085953327
479,0.9390097531056601,28170.292593169805,14.479725930327152,15.0,28.782279909441893,0,0,12.47612085953327
480,0.9384077036215269,28152.231108645807,14.558103982739414,15.0,29.060681411156438,0,0,12.47612085953327
481,0.9377806198365801,28133.418595097402,14.63586509861939,15.0,29.336891533374278,0,0,12.47612085953327
482,0.9371286960487423,28113.860881462268,14.712986235670229,15.0,29.610828429075045,0,0,12.47612085953327
483,0.9364521339165649,28093.56401749695,14.789444541234609,15.0,29.88241092484455,0,0,12.47612085953327
484,0.9357511423994731,28072.534271984194,14.86521735906649,15.0,30.151558544928022,0,0,12.47612085953327
485,0.9350259376958454,28050.778130875362,14.940282236044633,15.0,30.418191535077,0,0,12.47612085953327
486,0.9342767431789503,28028.302295368507,15.014616928825957,15.0,30.682230886182044,0,0,12.47612085953327
487,0.9335037893307555,28005.113679922666,15.088199410436715,15.0,30.943598357685005,0,0,12.47612085953327
488,0.9327073136736319,27981.219410208956,15.16100787679957,15.0,31.20221650076331,0,0,12.47612085953327
489,0.9318875606999695,27956.626820999085,15.2330207531946,15.0,31.458008681279715,0,0,12.47612085953327
490,0.9310447817997297,27931.343453991893,15.30421670065237,15.0,31.7108991024907,0,0,12.47612085953327
491,0.930179235185953,27905.377055578592,15.374574622277104,15.0,31.960812827506622,0,0,12.47612085953327
492,0.9292911858182448,27878.735574547343,15.444073669498188,15.0,32.20767580149722,0,0,12.47612085953327
493,0.9283809053242618,27851.427159727853,15.512693248248002,15.0,32.45141487363548,0,0,12.47612085953327
494,0.9274486719192234,27823.4601575767,15.58041302506445,15.0,32.69195781877409,0,0,12.47612085953327
495,0.9264947703234706,27794.843109704118,15.647212933116128,15.0,32.92923335884701,0,0,12.47612085953327
496,0.9255194916780966,27765.584750342896,15.713073178148644,15.0,33.163171183990926,0,0,12.47612085953327
497,0.9245231334586756,27735.69400376027,15.777974244349997,15.0,33.39370197337944,0,0,12.47612085953327
498,0.9235059993871152,27705.179981613455,15.841896900133596,15.0,33.62075741576439,0,0,12.47612085953327
499,0.9224683993416558,27674.051980249675,15.904822203836968,15.0,33.84427022971794,0,0,12.47612085953327
500,0.9214106492650478,27642.319477951434,15.966731509334588,15.0,34.06417418356951,0,0,12.47612085953327
501,0.9203330710709304,27609.992132127914,16.027606471563125,15.0,34.28040411503169,0,0,12.47612085953327
502,0.9192359925484425,27577.079776453273,16.08742905195748,15.0,34.49289595050912,0,0,12.47612085953327
503,0.9181197472650905,27543.592417952714,16.146181523796002,15.0,34.70158672408504,0,0,12.47612085953327
504,0.916984674467906,27509.54023403718,16.20384647745331,15.0,34.906414596179275,0,0,12.47612085953327
505,0.9158311189829195,27474.933569487584,16.26040682555912,15.0,35.10731887187282,0,0,12.47612085953327
506,0.9146594311129805,27439.782933389415,16.31584580806162,15.0,35.304240018892905,0,0,12.47612085953327
507,0.9134699665339557,27404.09899601867,16.370146997193814,15.0,35.49711968525374,0,0,12.47612085953327
508,0.9122630861893339,27367.89258568002,16.423294302341457,15.0,35.68590071654755,0,0,12.47612085953327
509,0.9110391561832718,27331.174685498154,16.47527197481101,15.0,35.87052717288046,0,0,12.47612085953327
510,0.9097985476721081,27293.95643016324,16.526064612496363,15.0,36.05094434544897,0,0,12.47612085953327
511,0.9085416367543827,27256.249102631482,16.575657164442767,15.0,36.22709877275105,0,0,12.47612085953327
512,0.9072688043593908,27218.064130781724,16.624034935306785,15.0,36.39893825642824,0,0,12.47612085953327
513,0.9059804361343045,27179.413084029133,16.671183589710832,15.0,36.56641187673286,0,0,12.47612085953327
514,0.9046769223298976,27140.307669896927,16.717089156491067,15.0,36.7294700076169,0,0,12.47612085953327
515,0.9033586576849062,27100.759730547186,16.76173803283731,15.0,36.88806433143705,0,0,12.47612085953327
516,0.9020260413090588,27060.781239271764,16.805116988323913,15.0,37.04214785327243,0,0,12.47612085953327
517,0.9006794765648113,27020.38429694434,16.847213168830173,15.0,37.19167491485014,0,0,12.47612085953327
518,0.8993193709478222,26979.581128434667,16.888014100349285,15.0,37.336601208074754,0,0,12.47612085953327
519,0.8979461359662031,26938.38407898609,16.927507692684685,15.0,37.476883788157835,0,0,12.47612085953327
520,0.8965601870185791,26896.805610557374,16.96568224303263,15.0,37.612481086343365,0,0,12.47612085953327
521,0.8951619432709987,26854.858298129962,17.00252643944998,15.0,37.743352922225455,0,0,12.47612085953327
522,0.8937518275327243,26812.55482598173,17.03802936420616,15.0,37.86946051565468,0,0,12.47612085953327
523,0.8923302661309456,26769.907983928366,17.072180497018355,15.0,37.99076649822949,0,0,12.47612085953327
524,0.8908976887844491,26726.930663533472,17.104969718168874,15.0,38.10723492436924,0,0,12.47612085953327
525,0.889454528476284,26683.63585428852,17.136387311503846,15.0,38.218831281965706,0,0,12.47612085953327
526,0.888001221325459,26640.03663976377,17.166423967312305,15.0,38.32552250260964,0,0,12.47612085953327
527,0.8865382064577115,26596.146193731347,17.195070785084898,15.0,38.4272769713898,0,0,12.47612085953327
528,0.8850659258753849,26551.97777626155,17.222319276151275,15.0,38.524064536261065,0,0,12.47612085953327
529,0.8835848243264538,26507.544729793615,17.24816136619545,15.0,38.615856516979065,0,0,12.47612085953327
530,0.8820953491727355,26462.860475182064,17.272589397648435,15.0,38.702625713598934,0,0,12.47612085953327
531,0.880597950257327,26417.93850771981,17.295596131957307,15.0,38.78434641453505,0,0,12.47612085953327
532,0.8790930797713071,26372.792393139214,17.317174751730164,15.0,38.86099440418006,0,0,12.47612085953327
533,0.8775811921197424,26327.43576359227,17.337318862756266,15.0,38.93254697008043,0,0,12.47612085953327
534,0.8760627437870367,26281.882313611102,17.356022495900767,15.0,38.998982909666665,0,0,12.47612085953327
535,0.8745381932016656,26236.14579604997,17.3732801088735,15.0,39.06028253653603,0,0,12.47612085953327
536,0.8730080006003333,26190.24001801,17.389086587871315,15.0,39.11642768628615,0,0,12.47612085953327
537,0.8714726278915957,26144.178836747873,17.403437249093333,15.0,39.16740172189745,0,0,12.47612085953327
538,0.869932538518986,26097.97615556958,17.41632784012893,15.0,39.21318953866306,0,0,12.47612085953327
539,0.8683881973236867,26051.6459197106,17.42775454121777,15.0,39.253777568664674,0,0,12.47612085953327
540,0.8668400704067872,26005.202112203617,17.43771396638172,15.0,39.28915378479307,0,0,16.47612085953327
541,0.8651021759780402,25953.065279341205,23.03967355826366,15.0,39.31930770431192,0,0,16.47612085953327
542,0.8633613562713587,25900.84068814076,23.048939576797565,15.0,39.344230391964075,0,0,16.47612085953327
543,0.8616180960991111,25848.542882973332,23.056257927292503,15.0,39.363914462619334,0,0,16.47612085953327
544,0.8598728809968285,25796.186429904854,23.06162644116327,15.0,39.37835408346274,0,0,16.47612085953327
545,0.8581261970793298,25743.785912379895,23.065043527603354,15.0,39.387544975722975,0,0,16.47612085953327
546,0.8563785308966757,25691.355926900273,23.06650817405629,15.0,39.391484415940354,0,0,16.47612085953327
547,0.8546303692899933,25638.9110786998,23.066019946515727,15.0,39.39017123677368,0,0,16.47612085953327
548,0.8528821992472144,25586.465977416432,23.063578989654015,15.0,39.38360582734631,0,0,16.47612085953327
549,0.8511345077587705,25534.035232763115,23.059186026779365,15.0,39.37179013313073,0,0,16.47612085953327
550,0.8493877816732874,25481.633450198624,23.052842359621472,15.0,39.354727655372145,0,0,16.47612085953327
551,0.8476425075533212,25429.275226599635,23.044549867945832,15.0,39.33242345005097,0,0,16.47612085953327
552,0.8458991715311788,25376.975145935365,23.03431100899669,15.0,39.30488412638458,0,0,16.47612085953327
553,0.8441582591648674,25324.747774946023,23.022128816768927,15.0,39.27211784486893,0,0,16.47612085953327
554,0.8424202552942124,25272.60765882637,23.00800690110901,15.0,39.2341343148604,0,0,16.47612085953327
555,0.8406856438971894,25220.56931691568,22.991949446645332,15.0,39.19094479169868,0,0,16.47612085953327
556,0.8389549079465104,25168.64723839531,22.97396121154819,15.0,39.142562073371586,0,0,16.47612085953327
557,0.8372285292665095,25116.855877995284,22.954047526119872,15.0,39.089000496722754,0,0,16.47612085953327
558,0.8355069883903672,25065.209651711015,22.93221429121513,15.0,39.030275933203264,0,0,16.47612085953327
559,0.8337907644177183,25013.72293253155,22.908467976492677,15.0,38.96640578416871,0,0,16.47612085953327
560,0.8320803348726845,24962.410046180536,22.882815618498046,15.0,38.89740897572265,0,0,16.47612085953327
561,0.8303761755623735,24911.285266871208,22.85526481857854,15.0,38.82330595310851,0,0,16.47612085953327
562,0.8286787604358872,24860.362813076616,22.825823740630767,15.0,38.74411867465117,0,0,16.47612085953327
563,0.8269885614438799,24809.656843316396,22.794501108681505,15.0,38.659870605250234,0,0,16.47612085953327
564,0.8253060483987098,24759.181451961293,22.761306204302613,15.0,38.57058670942689,0,0,16.47612085953327
565,0.8236316888352233,24708.9506650567,22.72624886386066,15.0,38.47629344392637,0,0,16.47612085953327
566,0.8219659478722139,24658.978436166417,22.68933947560221,15.0,38.377018749878275,0,0,16.47612085953327
567,0.8203092880745981,24609.278642237943,22.65058897657558,15.0,38.27279204451693,0,0,16.47612085953327
568,0.8186621693163469,24559.86507949041,22.610008849389935,15.0,38.16364421246459,0,0,16.47612085953327
569,0.8170250486442155,24510.751459326468,22.56761111881275,15.0,38.049607596579456,0,0,16.47612085953327
570,0.8153983801423105,24461.951404269315,22.523408348206615,15.0,37.930715988371944,0,0,16.47612085953327
571,0.8137826147975346,24413.478443926037,22.47741363580643,15.0,37.807004617991424,0,0,16.47612085953327
572,0.8121782003659498,24365.346010978494,22.429640610838124,15.0,37.67851014378688,0,0,16.47612085953327
573,0.8105855812400978,24317.567437202935,22.380103429480044,15.0,37.545270641444176,0,0,16.47612085953327
574,0.8090051983173167,24270.1559495195,22.32881677066809,15.0,37.40732559270336,0,0,16.47612085953327
575,0.807437488869093,24223.12466607279,22.27579583174616,15.0,37.26471587365948,0,0,16.47612085953327
576,0.8058828864114896,24176.48659234469,22.221056323962713,15.0,37.117483742650066,0,0,16.47612085953327
577,0.8043418205766851,24130.254617300554,22.1646144678153,15.0,36.96567282773307,0,0,16.47612085953327
578,0.8028147169856648,24084.441509569944,22.106486988244008,15.0,36.80932811375894,0,0,16.47612085953327
579,0.8013019971220995,24039.059913662986,22.04669110967553,15.0,36.64849592904059,0,0,16.47612085953327
580,0.7998040782074516,23994.122346223547,21.98524455091917,15.0,36.48322393162541,0,0,16.47612085953327
581,0.7983213730773423,23949.64119232027,21.922165519916433,15.0,36.313561095173114,0,0,16.47612085953327
582,0.7968542900592206,23905.62870177662,21.857472708345554,15.0,36.13955769444375,0,0,16.47612085953327
583,0.7954032328513664,23862.096985540993,21.791185286082783,15.0,35.96126529040023,0,0,16.47612085953327
584,0.7939686004032661,23819.058012097983,21.723322895521946,15.0,35.778736714929785,0,0,16.47612085953327
585,0.7925507867973952,23776.523603921858,21.65390564575395,15.0,35.5920260551886,0,0,16.47612085953327
586,0.7911501811324436,23734.505433973307,21.582954106608053,15.0,35.40118863757469,0,0,16.47612085953327
587,0.7897671674080166,23693.015022240495,21.510489302556547,15.0,35.20628101133349,0,0,16.47612085953327
588,0.7884021244108479,23652.063732325438,21.43653270648481,15.0,35.007360931801145,0,0,16.47612085953327
589,0.7870554256025575,23611.662768076723,21.361106233328375,15.0,34.804487343290255,0,0,16.47612085953327
590,0.7857274390089852,23571.823170269556,21.284232233579054,15.0,34.59772036162345,0,0,16.47612085953327
591,0.7844185271111387,23532.555813334162,21.205933486662058,15.0,34.38712125631979,0,0,16.47612085953327
592,0.7831290467377813,23493.871402133438,21.12623319418593,15.0,34.17275243243929,0,0,16.47612085953327
593,0.7818593489596961,23455.780468790883,21.045154973067405,15.0,33.954677412090945,0,0,16.47612085953327
594,0.7806097789856565,23418.293369569696,20.96272284853321,15.0,33.73296081560971,0,0,16.47612085953327
595,0.7793806760601332,23381.420281803996,20.878961247000873,15.0,33.50766834240815,0,0,16.47612085953327
596,0.7781723733627685,23345.171200883055,20.79389498884064,15.0,33.27886675150829,0,0,16.47612085953327
597,0.7769851979096485,23309.555937289453,20.70754928102071,15.0,33.04662384175947,0,0,16.47612085953327
598,0.7758194704564003,23274.58411369201,20.619949709637787,15.0,32.81100843174805,0,0,16.47612085953327
599,0.7746755054031464,23240.265162094394,20.53112223233542,15.0,32.572090339405015,0,0,16.47612085953327
600,0.7735536107013403,23206.60832104021,20.44109317061219,15.0,32.32994036131737,0,0,16.47612085953327
601,0.7724540877625139,23173.622632875416,20.349889202022087,15.0,32.0846302517497,0,0,16.47612085953327
602,0.7713772313689629,23141.316941068886,20.25753735226934,15.0,31.836232701381675,0,0,16.47612085953327
603,0.7703233295863966,23109.699887591898,20.164064987200128,15.0,31.5848213157683,0,0,16.47612085953327
604,0.7692926636785777,23078.77991035733,20.069499804693546,15.0,31.33047059352908,0,0,16.47612085953327
605,0.7682855080239775,23048.565240719327,19.97386982645404,15.0,31.07325590427233,0,0,16.47612085953327
606,0.7673021300344722,23019.063901034166,19.87720338970804,15.0,30.813253466261628,0,0,16.47612085953327
607,0.7663427900761024,22990.28370228307,19.77952913880696,15.0,30.55054032383064,0,0,16.47612085953327
608,0.7654077413919214,22962.23224175764,19.680876016739354,15.0,30.285194324553334,0,0,16.47612085953327
609,0.7644972300269537,22934.91690080861,19.581273256554375,15.0,30.017294096175878,0,0,16.47612085953327
610,0.7636114947552866,22908.344842658596,19.480750372699504,15.0,29.746919023317787,0,0,16.47612085953327
611,0.762750767009316,22882.52301027948,19.379337152274644,15.0,29.474149223948196,0,0,16.47612085953327
612,0.7619152708111687,22857.458124335062,19.27706364620571,15.0,29.199065525645615,0,0,16.47612085953327
613,0.761105222706319,22833.15668118957,19.173960160339792,15.0,28.921749441646583,0,0,16.47612085953327
614,0.7603208316994217,22809.62495098265,19.070057246464906,15.0,28.64228314669181,0,0,16.47612085953327
615,0.7595622991923802,22786.868975771406,18.965385693256838,15.0,28.36074945267584,0,0,16.47612085953327
616,0.7588298189246665,22764.894567739993,18.859976517155793,15.0,28.07723178410818,0,0,16.47612085953327
617,0.7581235769159113,22743.707307477336,18.75386095317559,15.0,27.79181415339289,0,0,16.47612085953327
618,0.7574437514107829,22723.31254232349,18.647070445647984,15.0,27.504581135933748,0,0,16.47612085953327
619,0.75679051282617,22703.7153847851,18.539636638905083,15.0,27.21561784507282,0,0,16.47612085953327
620,0.7561640237006826,22684.920711020477,18.43159136790242,15.0,26.925009906869494,0,0,16.47612085953327
621,0.7555644386464885,22666.933159394655,18.322966648785634,15.0,26.632843434727757,0,0,16.47612085953327
622,0.7549919043034989,22649.757129104968,18.21379466940329,15.0,26.339205003878742,0,0,16.47612085953327
623,0.7544465592959152,22633.396778877457,18.104107779769013,15.0,26.044181625726743,0,0,16.47612085953327
624,0.7539285341911521,22617.856025734563,17.993938482475425,15.0,25.747860722065802,0,0,16.47612085953327
625,0.7534379514611473,22603.13854383442,17.883319423062968,15.0,25.450330099174842,0,0,16.47612085953327
626,0.7529749254460708,22589.247763382125,17.77228338034633,15.0,25.151677921798708,0,0,16.47612085953327
627,0.7525395623204432,22576.186869613295,17.660863256701273,15.0,24.851992687022893,0,0,16.47612085953327
628,0.7521319600616738,22563.958801850215,17.54909206831511,15.0,24.55136319805027,0,0,16.47612085953327
629,0.7517522084210282,22552.566252630844,17.437002935403164,15.0,24.249878537886495,0,0,16.47612085953327
630,0.7514003888970322,22542.011666910967,17.32462907239461,15.0,23.947628042943002,0,0,16.47612085953327
631,0.7510765747113235,22532.297241339704,17.21200377809028,15.0,23.644701276564504,0,0,16.47612085953327
632,0.750780830786953,22523.42492360859,17.099160425795528,15.0,23.341188002489588,0,0,16.47612085953327
633,0.7505132137291474,22515.396411874422,16.986132453430987,15.0,23.03717815825167,0,0,16.47612085953327
634,0.7502737718085362,22508.213154256086,16.872953353624233,15.0,22.73276182852874,0,0,16.47612085953327
635,0.7500625449468473,22501.876348405418,16.759656663785133,15.0,22.428029218449105,0,0,16.47612085953327
636,0.7498795647050777,22496.38694115233,16.646275956168015,15.0,22.12307062686176,0,0,16.47612085953327
637,0.7497248542741415,22491.745628224246,16.532844827923533,15.0,21.81797641957901,0,0,16.47612085953327
638,0.7495984284679978,22487.952854039937,16.41939689114301,15.0,21.512837002598914,0,0,16.47612085953327
639,0.7495002937192609,22485.008811577827,16.305965762898527,15.0,21.207742795316157,0,0,16.47612085953327
640,0.7494304480772939,22482.913442318815,16.192585055281413,15.0,20.902784203728814,0,0,16.47612085953327
641,0.7493888812087873,22481.66643626362,16.07928836544231,15.0,20.59805159364918,0,0,16.47612085953327
642,0.7493755744008208,22481.267232024624,15.966109265635556,15.0,20.293635263926248,0,0,16.47612085953327
643,0.7493905005664082,22481.715016992246,15.853081293271025,15.0,19.989625419688366,0,0,16.47612085953327
644,0.7494336242525238,22483.008727575714,15.740237940976263,15.0,19.686112145613414,0,0,16.47612085953327
645,0.7495049016506081,22485.147049518244,15.62761264667192,15.0,19.383185379234888,0,0,16.47612085953327
646,0.7496042806095491,22488.128418286473,15.515238783663369,15.0,19.080934884291395,0,0,16.47612085953327
647,0.7497317006511359,22491.951019534077,15.40314965075143,15.0,18.779450224127647,0,0,16.47612085953327
648,0.7498870929879796,22496.61278963939,15.29137846236527,15.0,18.478820735155033,0,0,16.47612085953327
649,0.7500703805438965,22502.111416316897,15.179958338720214,15.0,18.17913550037921,0,0,16.47612085953327
650,0.7502814779767477,22508.44433930243,15.068922296003565,15.0,17.88048332300305,0,0,16.47612085953327
651,0.750520291703727,22515.60875111181,14.95830323659112,15.0,17.582952700112116,0,0,16.47612085953327
652,0.7507867199290926,22523.601597872777,14.848133939297542,15.0,17.28663179645121,0,0,16.47612085953327
653,0.7510806526743307,22532.41958022992,14.738447049663254,15.0,16.99160841829918,0,0,16.47612085953327
654,0.7514019718107445,22542.059154322335,14.629275070280912,15.0,16.69796998745016,0,0,16.47612085953327
655,0.751750551094459,22552.516532833768,14.520650351164125,15.0,16.405803515308424,0,0,16.47612085953327
656,0.7521262562038284,22563.787686114854,14.412605080161462,15.0,16.115195577105098,0,0,16.47612085953327
657,0.7525289447792401,22575.868343377206,14.305171273418562,15.0,15.82623228624417,0,0,16.47612085953327
658,0.7529584664652978,22588.753993958937,14.198380765890953,15.0,15.538999268785027,0,0,16.47612085953327
659,0.7534146629553755,22602.439888661265,14.092265201910749,15.0,15.253581638069743,0,0,16.47612085953327
660,0.7538973680385268,22616.921041155805,13.986856025809704,15.0,14.970063969502082,0,0,16.47612085953327
661,0.7544064076487377,22632.19222946213,13.88218447260164,15.0,14.688530275486112,0,0,16.47612085953327
662,0.7549415999165044,22648.247997495135,13.778281558726745,15.0,14.409063980531311,0,0,16.47612085953327
663,0.7555027552227276,22665.08265668183,13.675178072860838,15.0,14.131747896532328,0,0,16.47612085953327
664,0.7560896762548984,22682.690287646954,13.572904566791902,15.0,13.85666419822972,0,0,16.47612085953327
665,0.7567021580655678,22701.064741967035,13.471491346367051,15.0,13.583894398860163,0,0,16.47612085953327
666,0.757339988133076,22720.19964399228,13.370968462512158,15.0,13.313519326002012,0,0,16.47612085953327
667,0.7580029464245279,22740.088392735837,13.27136570232719,15.0,13.045619097624586,0,0,16.47612085953327
668,0.7586908054609933,22760.7241638298,13.172712580259583,15.0,12.78027309834728,0,0,16.47612085953327
669,0.7594033303849139,22782.09991154742,13.075038329358504,15.0,12.51755995591629,0,0,16.47612085953327
670,0.7601402790296966,22804.208370890898,12.9783718926125,15.0,12.257557517905589,0,0,16.47612085953327
671,0.7609014019914726,22827.042059744177,12.882741914372996,15.0,12.00034282864884,0,0,16.47612085953327
672,0.7616864427030013,22850.59328109004,12.788176731866418,15.0,11.745992106409624,0,0,16.47612085953327
673,0.7624951375096969,22874.854125290905,12.694704366797206,15.0,11.494580720796245,0,0,16.47612085953327
674,0.7633272157477541,22899.816472432623,12.602352517044455,15.0,11.246183170428218,0,0,16.47612085953327
675,0.7641823998243529,22925.471994730586,12.51114854845435,15.0,11.000873060860552,0,0,16.47612085953327
676,0.7650604052999141,22951.812158997425,12.42111948673113,15.0,10.758723082772935,0,0,16.47612085953327
677,0.7659609409723862,22978.828229171588,12.332292009428759,15.0,10.519804990429872,0,0,16.47612085953327
678,0.7668837089635333,23006.511268906,12.244692438045824,15.0,10.284189580418426,0,0,16.47612085953327
679,0.7678284048072043,23034.85214421613,12.158346730225903,15.0,10.05194667066963,0,0,16.47612085953327
680,0.7687947175395516,23063.84152618655,12.073280472065669,15.0,9.823145079769755,0,0,16.47612085953327
681,0.7697823297911774,23093.469893735324,11.989518870533333,15.0,9.597852606568205,0,0,16.47612085953327
682,0.7707909178811765,23123.727536435294,11.907086745999127,15.0,9.376136010086952,0,0,16.47612085953327
683,0.7718201519130499,23154.604557391496,11.826008524880603,15.0,9.158060989738605,0,0,16.47612085953327
684,0.7728696958724608,23186.090876173825,11.746308232404482,15.0,8.943692165858128,0,0,16.47612085953327
685,0.7739392077268025,23218.176231804075,11.668009485487495,15.0,8.733093060554488,0,0,16.47612085953327
686,0.7750283395265497,23250.85018579649,11.591135485738171,15.0,8.526326078887665,0,0,16.47612085953327
687,0.7761367375083643,23284.10212525093,11.51570901258173,15.0,8.32345249037677,0,0,16.47612085953327
688,0.7772640421999225,23317.921265997677,11.441752416509997,15.0,8.124532410844427,0,0,16.47612085953327
689,0.7784098885264342,23352.296655793027,11.369287612458491,15.0,7.92962478460323,0,0,16.47612085953327
690,0.779573905918823,23387.21717756469,11.29833607331259,15.0,7.738787366989319,0,0,16.47612085953327
691,0.7807557184235331,23422.671552705993,11.228918823544598,15.0,7.552076707248131,0,0,16.47612085953327
692,0.7819549448139334,23458.648344418,11.16105643298376,15.0,7.369548131777686,0,0,16.47612085953327
693,0.7831711987032822,23495.135961098465,11.094769010720986,15.0,7.19125572773417,0,0,16.47612085953327
694,0.7844040886592226,23532.12265977668,11.030076199150109,15.0,7.017252327004803,0,0,16.47612085953327
695,0.7856532183197721,23569.596549593163,10.96699716814737,15.0,6.847589490552501,0,0,16.47612085953327
696,0.7869181865107732,23607.545595323194,10.90555060939102,15.0,6.682317493137333,0,0,16.47612085953327
697,0.7881985873647699,23645.957620943096,10.84575473082253,15.0,6.521485308418974,0,0,16.47612085953327
698,0.7894940104412754,23684.820313238262,10.787627251251239,15.0,6.3651405944448385,0,0,16.47612085953327
699,0.790804040848394,23724.121225451818,10.731185395103822,15.0,6.213329679527834,0,0,16.47612085953327
700,0.7921282593657625,23763.847780972876,10.676445887320384,15.0,6.06609754851843,0,0,16.47612085953327
701,0.7934662425687747,23803.987277063243,10.623424948398448,15.0,5.923487829474562,0,0,16.47612085953327
702,0.794817562954051,23844.52688862153,10.5721382895865,15.0,5.785542780733735,0,0,16.47612085953327
703,0.7961817890661166,23885.453671983498,10.522601108228411,15.0,5.6523032783910185,0,0,16.47612085953327
704,0.7975584856252513,23926.75456875754,10.474828083260114,15.0,5.523808804186487,0,0,16.47612085953327
705,0.7989472136564726,23968.41640969418,10.42883337085993,15.0,5.400097433805984,0,0,16.47612085953327
706,0.8003475306196131,24010.425918588393,10.38463060025379,15.0,5.2812058255984535,0,0,16.47612085953327
707,0.8017589905404545,24052.769716213636,10.342232869676607,15.0,5.167169209713323,0,0,16.47612085953327
708,0.80318114414288,24095.4343242864,10.301652742490964,15.0,5.058021377660973,0,0,16.47612085953327
709,0.8046135389820039,24138.40616946012,10.26290224346433,15.0,4.9537946722996375,0,0,16.47612085953327
710,0.8060557195782412,24181.671587347235,10.225992855205883,15.0,4.854519978251535,0,0,16.47612085953327
711,0.8075072275522756,24225.216826568267,10.190935514763925,15.0,4.76022671275102,0,0,16.47612085953327
712,0.8089676017608878,24269.028052826634,10.157740610385034,15.0,4.6709428169276785,0,0,16.47612085953327
713,0.8104363784336017,24313.09135300805,10.126417978435777,15.0,4.586694747526735,0,0,16.47612085953327
714,0.8119130913101098,24357.392739303294,10.096976900488,15.0,4.507507469069401,0,0,16.47612085953327
715,0.813397271778436,24401.91815335308,10.069426100568496,15.0,4.433404446455267,0,0,16.47612085953327
716,0.8148884490137956,24446.65347041387,10.043773742573865,15.0,4.36440763800921,0,0,16.47612085953327
717,0.816386150118111,24491.58450354333,10.02002742785141,15.0,4.300537488974644,0,0,16.47612085953327
718,0.8178899002601413,24536.69700780424,9.998194192946672,15.0,4.241812925455168,0,0,16.47612085953327
719,0.8193992228161852,24581.976684485555,9.978280507518347,15.0,4.188251348806318,0,0,16.47612085953327
720,0.8209136395113149,24627.409185339446,9.96029227242121,15.0,4.139868630479226,0,0,16.47612085953327
721,0.8224326705610991,24672.980116832976,9.944234817957529,15.0,4.096679107317504,0,0,16.47612085953327
722,0.823955834813774,24718.67504441322,9.930112902297616,15.0,4.058695577308974,0,0,16.47612085953327
723,0.825482649892818,24764.47949678454,9.917930710069852,15.0,4.025929295793334,0,0,16.47612085953327
724,0.8270126323398914,24810.378970196743,9.90769185112071,15.0,3.9983899721269465,0,0,16.47612085953327
725,0.8285452977580947,24856.35893274284,9.89939935944507,15.0,3.9760857668057623,0,0,16.47612085953327
726,0.8300801609555063,24902.40482866519,9.893055692287176,15.0,3.959023289047179,0,0,16.47612085953327
727,0.8316167360889549,24948.50208266865,9.888662729412523,15.0,3.9472075948316023,0,0,16.47612085953327
728,0.8331545368079861,24994.636104239584,9.886221772550815,15.0,3.9406421854042266,0,0,16.47612085953327
729,0.8346930763989775,25040.792291969326,9.88573354501025,15.0,3.9393290062375588,0,0,16.47612085953327
730,0.8362318679293634,25086.956037880904,9.887198191463186,15.0,3.943268446454928,0,0,16.47612085953327
731,0.837770424391923,25133.11273175769,9.890615277903269,15.0,3.9524593387151756,0,0,16.47612085953327
732,0.8393082588490909,25179.247765472726,9.895983791774036,15.0,3.9668989595585713,0,0,16.47612085953327
733,0.8408448845772475,25225.346537317426,9.903302142268974,15.0,3.986583030213829,0,0,16.47612085953327
734,0.8423798152109462,25271.394456328384,9.91256816080288,15.0,4.011505717865987,0,0,16.47612085953327
735,0.8439125648870326,25317.376946610977,9.92377910165449,15.0,4.041659637384833,0,0,16.47612085953327
736,0.8454426483886179,25363.279451658538,9.936931642780074,15.0,4.077035853513221,0,0,16.47612085953327
737,0.846969581288858,25409.08743866574,9.952021886797846,15.0,4.117623883514849,0,0,16.47612085953327
738,0.8484928800945001,25454.786402835,9.969045362142827,15.0,4.163411700280452,0,0,16.47612085953327
739,0.8500120623891518,25500.361871674555,9.987997024391877,15.0,4.214385735891752,0,0,16.47612085953327
740,0.8515266469762321,25545.799409286963,10.008871257758457,15.0,4.270530885641875,0,0,16.47612085953327
741,0.8530361540215596,25591.08462064679,10.031661876756722,15.0,4.331830512511245,0,0,16.47612085953327
742,0.8545401051955386,25636.20315586616,10.056362128034399,15.0,4.398266452097468,0,0,16.47612085953327
743,0.8560380238148975,25681.140714446923,10.082964692373961,15.0,4.469819017997843,0,0,16.47612085953327
744,0.8575294349839409,25725.883049518226,10.11146168686146,15.0,4.54646700764285,0,0,16.47612085953327
745,0.8590138657352717,25770.415972058152,10.141844667222422,15.0,4.628187708578967,0,0,16.47612085953327
746,0.860490845169941,25814.72535509823,10.174104630324035,15.0,4.714956905198827,0,0,16.47612085953327
747,0.8619599045969859,25858.797137909576,10.208232016843018,15.0,4.806748885916849,0,0,16.47612085953327
748,0.8634205776723125,25902.617330169374,10.24421671409821,15.0,4.903536450788096,0,0,16.47612085953327
749,0.864872400536884,25946.17201610652,10.282048059047197,15.0,5.0052909195682584,0,0,16.47612085953327
750,0.8663149119541722,25989.447358625166,10.321714841446008,15.0,5.111982140212192,0,0,16.47612085953327
751,0.8677476534468316,26032.429603404948,10.363205307170947,15.0,5.2235784978086635,0,0,16.47612085953327
752,0.8691701694325561,26075.105082976683,10.406507161701562,15.0,5.3400469239484085,0,0,16.47612085953327
753,0.8705820073590781,26117.460220772344,10.45160757376384,15.0,5.461352906523215,0,0,16.47612085953327
754,0.8719827178382695,26159.481535148087,10.498493179132346,15.0,5.5874604999524635,0,0,16.47612085953327
755,0.8733718547793048,26201.155643379145,10.547150084590317,15.0,5.718332335834545,0,0,16.47612085953327
756,0.8747489755208477,26242.469265625434,10.597563872046573,15.0,5.853929634020066,0,0,16.47612085953327
757,0.8761136409622213,26283.40922886664,10.649719602807865,15.0,5.994212214103129,0,0,16.47612085953327
758,0.8774654156935227,26323.96247080568,10.70360182200558,15.0,6.139138507327772,0,0,16.47612085953327
759,0.8788038681246446,26364.116043739337,10.759194563175269,15.0,6.288665568905473,0,0,16.47612085953327
760,0.880128570613165,26403.85711839495,10.81648135298794,15.0,6.442749090740853,0,0,16.47612085953327
761,0.8814390995910664,26443.172987731992,10.875445216131428,15.0,6.601343414561004,0,0,16.47612085953327
762,0.8827350356902485,26482.051070707454,10.936068680340542,15.0,6.764401545445042,0,0,16.47612085953327
763,0.8840159638667958,26520.478916003874,10.99833378157446,15.0,6.931875165749673,0,0,16.47612085953327
764,0.8852814735239645,26558.444205718934,11.062222069339905,15.0,7.103714649426843,0,0,16.47612085953327
765,0.8865311586338505,26595.934759015512,11.1277146121584,15.0,7.279869076728955,0,0,16.47612085953327
766,0.8877646178577046,26632.938535731137,11.194792003176042,15.0,7.460286249297438,0,0,16.47612085953327
767,0.888981454664858,26669.44363994574,11.263434365914236,15.0,7.644912705630361,0,0,16.47612085953327
768,0.8901812774502227,26705.43832350668,11.333621360159476,15.0,7.8336937369241415,0,0,16.47612085953327
769,0.8913636996503324,26740.910989509972,11.405332187990618,15.0,8.026573403285001,0,0,16.47612085953327
770,0.8925283398578898,26775.850195736693,11.478545599941715,15.0,8.223494550305071,0,0,16.47612085953327
771,0.8936748219347858,26810.24465804357,11.553239901298735,15.0,8.424398825998608,0,0,16.47612085953327
772,0.894802775123557,26844.08325370671,11.62939295852815,15.0,8.629226698092854,0,0,16.47612085953327
773,0.8959118341572502,26877.355024717504,11.7069822058356,15.0,8.837917471668774,0,0,16.47612085953327
774,0.8970016393676573,26910.04918102972,11.785984651852571,15.0,9.050409307146207,0,0,16.47612085953327
775,0.8980718367918942,26942.155103756824,11.86637688644931,15.0,9.266639238608368,0,0,16.47612085953327
776,0.8991220782772863,26973.66234831859,11.948135087671703,15.0,9.486543192459965,0,0,16.47612085953327
777,0.9001520215845351,27004.560647536055,12.031235028800225,15.0,9.710056006413515,0,0,16.47612085953327
778,0.90116133048913,27034.839914673903,12.11565208552889,15.0,9.937111448798454,0,0,16.47612085953327
779,0.9021496748809792,27064.490246429377,12.201361243261914,15.0,10.167642238186957,0,0,16.47612085953327
780,0.9031167308622287,27093.501925866858,12.288337104526118,15.0,10.401580063330883,0,0,16.47612085953327
781,0.9040621808432394,27121.865425297183,12.376553896496697,15.0,10.638855603403805,0,0,16.47612085953327
782,0.9049857136366973,27149.57140910092,12.465985478634325,15.0,10.879398548542397,0,0,16.47612085953327
783,0.9058870245498235,27176.610736494706,12.556605350431122,15.0,11.123137620680673,0,0,16.47612085953327
784,0.9067658154746618,27202.974464239855,12.648386659263348,15.0,11.370000594671263,0,0,16.47612085953327
785,0.9076217949764147,27228.65384929244,12.741302208348374,15.0,11.619914319687183,0,0,16.47612085953327
786,0.9084546783798018,27253.640351394053,12.835324464803733,15.0,11.872804740898156,0,0,16.47612085953327
787,0.9092641878534146,27277.925635602438,12.930425567805695,15.0,12.128596921414612,0,0,16.47612085953327
788,0.9100500524920452,27301.501574761354,13.026577336844946,15.0,12.387215064492906,0,0,16.47612085953327
789,0.91081200839696,27324.360251908798,13.123751280077206,15.0,12.648582535995835,0,0,16.47612085953327
790,0.9115497987540992,27346.49396262298,13.22191860276593,15.0,12.912621887100874,0,0,16.47612085953327
791,0.9122631739101771,27367.89521730531,13.32105021581479,15.0,13.179254877249885,0,0,16.47612085953327
792,0.9129518914466578,27388.556743399735,13.42111674438737,15.0,13.448402497333362,0,0,16.47612085953327
793,0.9136157162515913,27408.47148754774,13.52208853661165,15.0,13.719984993102852,0,0,16.47612085953327
794,0.9142544205892805,27427.632617678417,13.623935672366443,15.0,13.993921888803595,0,0,16.47612085953327
795,0.9148677841677653,27446.03352503296,13.726627972147423,15.0,14.27013201102147,0,0,16.47612085953327
796,0.9154555942040992,27463.667826122975,13.83013500600983,15.0,14.548533512736018,0,0,16.47612085953327
797,0.9160176454874018,27480.529364622056,13.934426102585686,15.0,14.829043897573943,0,0,16.47612085953327
798,0.9165537404396673,27496.61221319002,14.039470358172304,15.0,15.111580044254328,0,0,16.47612085953327
799,0.9170636891743108,27511.910675229323,14.145236645889689,15.0,15.39605823121924,0,0,16.47612085953327
800,0.9175473095524359,27526.419286573077,14.251693624904178,15.0,15.682394161442351,0,0,16.47612085953327
801,0.9180044272368066,27540.1328171042,14.358809749715359,15.0,15.970502987407915,0,0,16.47612085953327
802,0.918434875743507,27553.04627230521,14.466553279503707,15.0,16.260299336252917,0,0,16.47612085953327
803,0.9188384964912741,27565.154894738225,14.574892287536024,15.0,16.55169733506483,0,0,16.47612085953327
804,0.9192151388484889,27576.454165454667,14.6837946706261,15.0,16.844610636327744,0,0,16.47612085953327
805,0.9195646601778116,27586.939805334347,14.793228158647526,15.0,17.13895244350894,0,0,16.47612085953327
806,0.9198869258784484,27596.607776353452,14.903160324096014,15.0,17.434635536778472,0,0,16.47612085953327
807,0.9201818094260368,27605.454282781102,15.013558591698418,15.0,17.731572298854474,0,0,16.47612085953327
808,0.9204491924101366,27613.475772304097,15.124390248065465,15.0,18.02967474096592,0,0,16.47612085953327
809,0.9206889645693184,27620.66893707955,15.235622451385433,15.0,18.328854528925667,0,0,16.47612085953327
810,0.9209010238238361,27627.03071471508,15.347222241155874,15.0,18.629023009305655,0,0,20.476120859533268
811,0.9209601727763108,27628.805183289325,19.212262434887716,15.0,18.930091235707003,0,0,20.476120859533268
812,0.9209905210589837,27629.71563176951,19.351746167837444,15.0,19.231969995116657,0,0,20.476120859533268
813,0.9209919891393786,27629.759674181358,19.491563077274325,15.0,19.534569834343145,0,0,20.476120859533268
814,0.9209645060428466,27628.9351812854,19.63167173243058,15.0,19.837801086523406,0,0,20.476120859533268
815,0.9209080093735978,27627.240281207934,19.772030616087896,15.0,20.141573897693185,0,0,20.476120859533268
816,0.9208224453331895,27624.673359995682,19.912598136879872,15.0,20.44579825341262,0,0,20.476120859533268
817,0.9207077687364685,27621.233062094056,20.05333264161637,15.0,20.75038400543933,0,0,20.476120859533268
818,0.9205639430249608,27616.918290748825,20.194192427626355,15.0,21.055240898441532,0,0,20.476120859533268
819,0.9203909402777039,27611.728208331115,20.335135755115232,15.0,21.360278596742482,0,0,20.476120859533268
820,0.9201887412195202,27605.662236585606,20.476120859533278,15.0,21.665406711088977,0,0,20.476120859533268
821,0.9199573352267298,27598.720056801896,20.617105963951285,15.0,21.97053482543538,0,0,20.476120859533268
822,0.9196967203302979,27590.90160990894,20.75804929144016,15.0,22.275572523736326,0,0,20.476120859533268
823,0.9194069032164178,27582.207096492533,20.898909077450146,15.0,22.58042941673853,0,0,20.476120859533268
824,0.91908789922453,27572.636976735903,21.039643582186674,15.0,22.885015168765307,0,0,20.476120859533268
825,0.9187397323427775,27562.191970283326,21.180211102978635,15.0,23.189239524484705,0,0,20.476120859533268
826,0.9183624352008963,27550.87305602689,21.320569986635938,15.0,23.493012335654456,0,0,20.476120859533268
827,0.9179560490605476,27538.681471816428,21.460678641792217,15.0,23.79624358783478,0,0,20.476120859533268
828,0.9175206238030902,27525.618714092707,21.600495551229088,15.0,24.098843427061237,0,0,20.476120859533268
829,0.9170562179148005,27511.686537444017,21.739979284178816,15.0,24.400722186470887,0,0,20.476120859533268
830,0.916562898469541,27496.88695408623,21.879088508601022,15.0,24.70179041287224,0,0,20.476120859533268
831,0.916040741108885,27481.22223326655,22.017782003430305,15.0,25.00195889325225,0,0,20.476120859533268
832,0.9154898300197027,27464.694900591083,22.15601867079086,15.0,25.301138681211967,0,0,20.476120859533268
833,0.9149102579092149,27447.307737276446,22.293757548174778,15.0,25.599241123323417,0,0,20.476120859533268
834,0.9143021259775209,27429.06377932563,22.43095782058004,15.0,25.896177885399418,0,0,20.476120859533268
835,0.913665543887612,27409.96631662836,22.567578832604916,15.0,26.191860978668984,0,0,20.476120859533268
836,0.9130006297328751,27390.018891986252,22.703580100495,15.0,26.486202785850146,0,0,20.476120859533268
837,0.9123075100020992,27369.225300062975,22.838921324139484,15.0,26.779116087113064,0,0,20.476120859533268
838,0.9115863195419945,27347.589586259837,22.9735623990129,15.0,27.070514085925,0,0,20.476120859533268
839,0.9108372015172341,27325.116045517025,23.107463428058956,15.0,27.36031043476998,0,0,20.476120859533268
840,0.9100603073680312,27301.809221040938,23.240584733512932,15.0,27.648419260735537,0,0,20.476120859533268
841,0.909255796765264,27277.673902957922,23.372886868659037,15.0,27.934755190958658,0,0,20.476120859533268
842,0.9084238375631621,27252.715126894866,23.504330629519316,15.0,28.219233377923587,0,0,20.476120859533268
843,0.9075646057495674,27226.93817248702,23.63487706647062,15.0,28.50176952460395,0,0,20.476120859533268
844,0.9066782853937849,27200.34856181355,23.76448749578626,15.0,28.78227990944187,0,0,20.476120859533268
845,0.9057650685920399,27172.952057761195,23.893123511098818,15.0,29.060681411156423,0,0,20.476120859533268
846,0.9048251554105542,27144.754662316627,24.020746994780772,15.0,29.33689153337427,0,0,20.476120859533268
847,0.9038587538262641,27115.762614787924,24.14732012923954,15.0,29.610828429075045,0,0,20.476120859533268
848,0.9028660796651905,27085.982389955716,24.272805408123727,15.0,29.882410924844528,0,0,20.476120859533268
849,0.9018473565384864,27055.42069615459,24.397165647437014,15.0,30.151558544928037,0,0,20.476120859533268
850,0.9008028157761748,27024.084473285246,24.520363996556554,15.0,30.41819153507699,0,0,20.476120859533268
851,0.8997326963586021,26991.980890758063,24.642363949152685,15.0,30.682230886182033,0,0,20.476120859533268
852,0.8986372448456218,26959.117345368653,24.763129354006466,15.0,30.94359835768499,0,0,20.476120859533268
853,0.897516715303534,26925.50145910602,24.882624425722128,15.0,31.20221650076331,0,0,20.476120859533268
854,0.8963713692298005,26891.141076894015,25.00081375533098,15.0,31.458008681279708,0,0,20.476120859533268
855,0.8952014754755564,26856.044264266693,25.117662320783936,15.0,31.71089910249069,0,0,20.476120859533268
856,0.8940073101659447,26820.219304978342,25.233135497329254,15.0,31.960812827506608,0,0,20.476120859533268
857,0.8927891566182939,26783.674698548817,25.347199067772635,15.0,32.207675801497224,0,0,20.476120859533268
858,0.8915473052581652,26746.419157744956,25.4598192326164,15.0,32.45141487363548,0,0,20.476120859533268
859,0.8902820535332931,26708.461605998793,25.570962620075214,15.0,32.691957818774064,0,0,20.476120859533268
860,0.8889937058254453,26669.81117476336,25.680596295964712,15.0,32.92923335884703,0,0,20.476120859533268
861,0.8876825733602275,26630.477200806825,25.788687773460587,15.0,33.16317118399094,0,0,20.476120859533268
862,0.8863489741148608,26590.469223445823,25.89520502272529,15.0,33.393701973379436,0,0,20.476120859533268
863,0.8849932327239581,26549.796981718744,26.000116480399008,15.0,33.62075741576436,0,0,20.476120859533268
864,0.8836156803833282,26508.470411499846,26.103391058952706,15.0,33.84427022971795,0,0,20.476120859533268
865,0.8822166547518346,26466.499642555038,26.20499815589986,15.0,34.06417418356952,0,0,20.476120859533268
866,0.8807964998513406,26423.894995540217,26.3049076628648,15.0,34.280404115031686,0,0,20.476120859533268
867,0.8793555659647676,26380.666978943027,26.403089974504397,15.0,34.492895950509116,0,0,20.476120859533268
868,0.8778942095322994,26336.826285968982,26.49951599728076,15.0,34.70158672408504,0,0,20.476120859533268
869,0.8764127930457607,26292.38379137282,26.59415715808229,15.0,34.90641459617929,0,0,20.476120859533268
870,0.8749116849412032,26247.350548236096,26.686985412690518,15.0,35.10731887187282,0,0,20.476120859533268
871,0.87339125948973,26201.737784691897,26.777973254090227,15.0,35.30424001889291,0,0,20.476120859533268
872,0.8718518966865908,26155.556900597723,26.8670937206203,15.0,35.49711968525376,0,0,20.476120859533268
873,0.8702939821385818,26108.819464157452,26.95432040396314,15.0,35.685900716547536,0,0,20.476120859533268
874,0.8687179069497808,26061.537208493424,27.039627456969974,15.0,35.87052717288046,0,0,20.476120859533268
875,0.8671240676056563,26013.72202816969,27.122989601319922,15.0,36.05094434544897,0,0,20.476120859533268
876,0.8655128658555787,25965.385975667363,27.204382135010494,15.0,36.22709877275105,0,0,20.476120859533268
877,0.8638847085937745,25916.541257813235,27.283780939677367,15.0,36.398938256428224,0,0,20.476120859533268
878,0.8622400077387536,25867.20023216261,27.361162487741158,15.0,36.56641187673286,0,0,20.476120859533268
879,0.8605791801112507,25817.37540333752,27.43650384937915,15.0,36.7294700076169,0,0,20.476120859533268
880,0.8589026473107099,25767.079419321297,27.509782699319878,15.0,36.88806433143705,0,0,20.476120859533268
881,0.8572108355903579,25716.32506771074,27.580977323458622,15.0,37.042147853272425,0,0,20.476120859533268
882,0.8555041757308951,25665.125271926852,27.650066625291746,15.0,37.19167491485014,0,0,20.476120859533268
883,0.8537831029128453,25613.49308738536,27.71703013216805,15.0,37.336601208074754,0,0,20.476120859533268
884,0.8520480565876037,25561.441697628114,27.78184800135524,15.0,37.476883788157835,0,0,20.476120859533268
885,0.850299480347217,25508.98441041651,27.844501025919804,15.0,37.61248108634335,0,0,20.476120859533268
886,0.8485378217929377,25456.13465378813,27.904970640418412,15.0,37.74335292222545,0,0,20.476120859533268
887,0.8467635324025902,25402.905972077704,27.963238926399228,15.0,37.86946051565468,0,0,20.476120859533268
888,0.8449770673967882,25349.312021903646,28.019288617711588,15.0,37.990766498229476,0,0,20.476120859533268
889,0.8431788856040434,25295.366568121302,28.0731031056223,15.0,38.10723492436924,0,0,20.476120859533268
890,0.8413694493248038,25241.083479744117,28.124666443737205,15.0,38.218831281965706,0,0,20.476120859533268
891,0.8395492241944651,25186.476725833953,28.173963352726368,15.0,38.32552250260964,0,0,20.476120859533268
892,0.8377186790453921,25131.560371361764,28.220979224851753,15.0,38.427276971389794,0,0,20.476120859533268
893,0.8358782857679941,25076.34857303982,28.265700128295766,15.0,38.524064536261065,0,0,20.476120859533268
894,0.834028519170893,25020.855575126792,28.308112811289547,15.0,38.61585651697907,0,0,20.476120859533268
895,0.8321698568402284,24965.09570520685,28.348204706039795,15.0,38.702625713598934,0,0,20.476120859533268
896,0.8303027789981368,24909.083369944103,28.38596393245284,15.0,38.784346414535044,0,0,20.476120859533268
897,0.8284277683604528,24852.833050813584,28.421379301654987,15.0,38.86099440418007,0,0,20.476120859533268
898,0.8265453099936697,24796.35929981009,28.454440319308013,15.0,38.93254697008044,0,0,20.476120859533268
899,0.8246558911712034,24739.6767351361,28.48513718871887,15.0,38.998982909666665,0,0,20.476120859533268
900,0.8227600012290032,24682.800036870096,28.513460813742654,15.0,39.06028253653603,0,0,20.476120859533268
901,0.8208581314205508,24625.743942616522,28.53940280147801,15.0,39.11642768628616,0,0,20.476120859533268
902,0.8189507747712911,24568.523243138734,28.56295546475409,15.0,39.16740172189745,0,0,20.476120859533268
903,0.8170384259325386,24511.15277797616,28.584111824408453,15.0,39.21318953866306,0,0,20.476120859533268
904,0.8151215810349015,24453.647431047044,28.602865611355156,15.0,39.253777568664674,0,0,20.476120859533268
905,0.8132007375412666,24396.022126238,28.619211268442374,15.0,39.28915378479308,0,0,20.476120859533268
906,0.8112763940993917,24338.29182298175,28.633143952099147,15.0,39.31930770431192,0,0,20.476120859533268
907,0.8093490503941444,24280.471511824333,28.644659533770614,15.0,39.344230391964075,0,0,20.476120859533268
908,0.8074192069994353,24222.576209983057,28.653754601141404,15.0,39.363914462619334,0,0,20.476120859533268
909,0.8054873652298864,24164.620956896593,28.660426459146763,15.0,39.37835408346274,0,0,20.476120859533268
910,0.8035540269922822,24106.620809768465,28.664673130771178,15.0,39.387544975722975,0,0,20.476120859533268
911,0.8016196946368421,24048.590839105265,28.666493357634195,15.0,39.391484415940354,0,0,20.476120859533268
912,0.7996848708083648,23990.546124250945,28.665886600363308,15.0,39.39017123677368,0,0,20.476120859533268
913,0.7977500582972825,23932.501748918476,28.662853038753788,15.0,39.38360582734631,0,0,20.476120859533268
914,0.7958157598906741,23874.472796720223,28.657393571715417,15.0,39.37179013313073,0,0,20.476120859533268
915,0.7938824782232783,23816.47434669835,28.649509817006102,15.0,39.354727655372145,0,0,20.476120859533268
916,0.7919507156285518,23758.521468856554,28.639204110752505,15.0,39.33242345005097,0,0,20.476120859533268
917,0.7900209739898174,23700.62921969452,28.626479506757807,15.0,39.30488412638458,0,0,20.476120859533268
918,0.7880937545915451,23642.812637746352,28.61133977559679,15.0,39.27211784486893,0,0,20.476120859533268
919,0.7861695579708105,23585.086739124312,28.593789403498537,15.0,39.2341343148604,0,0,20.476120859533268
920,0.784248883768975,23527.46651306925,28.573833591017078,15.0,39.19094479169868,0,0,20.476120859533268
921,0.7823322305836312,23469.966917508937,28.55147825149032,15.0,39.14256207337159,0,0,20.476120859533268
922,0.780420095820858,23412.60287462574,28.52673000928784,15.0,39.08900049672275,0,0,20.476120859533268
923,0.778512975547828,23355.38926643484,28.499596197847914,15.0,39.030275933203264,0,0,20.476120859533268
924,0.776611364345812,23298.34093037436,28.470084857504467,15.0,38.96640578416871,0,0,20.476120859533268
925,0.7747157551636248,23241.472654908743,28.43820473310455,15.0,38.89740897572265,0,0,20.476120859533268
926,0.7728266391715526,23184.799175146578,28.403965271417036,15.0,38.8233059531085,0,0,20.476120859533268
927,0.7709445056158094,23128.33516847428,28.367376618333406,15.0,38.74411867465117,0,0,20.476120859533268
928,0.7690698416735626,23072.09525020688,28.328449615861185,15.0,38.65987060525025,0,0,20.476120859533268
929,0.7672031323085723,23016.09396925717,28.28719579891133,15.0,38.570586709426905,0,0,20.476120859533268
930,0.7653448601274851,22960.345803824555,28.243627391880132,15.0,38.476293443926366,0,0,20.476120859533268
931,0.7634955052368283,22904.86515710485,28.19775730502688,15.0,38.377018749878275,0,0,20.476120859533268
932,0.7616555451007435,22849.666353022305,28.149599130648276,15.0,38.27279204451695,0,0,20.476120859533268
933,0.7598254543995036,22794.763631985108,28.099167139050692,15.0,38.16364421246458,0,0,20.476120859533268
934,0.7580057048888553,22740.17114666566,28.046476274321694,15.0,38.04960759657945,0,0,20.476120859533268
935,0.756196765260227,22685.90295780681,27.99154214990164,15.0,37.93071598837193,0,0,20.476120859533268
936,0.754399101001846,22631.973030055382,27.93438104395718,15.0,37.80700461799144,0,0,20.476120859533268
937,0.752613174260804,22578.39522782412,27.87500989455762,15.0,37.67851014378688,0,0,20.476120859533268
938,0.7508394437061128,22525.183311183384,27.813446294655893,15.0,37.54527064144416,0,0,20.476120859533268
939,0.7490783643927914,22472.35093178374,27.749708486875285,15.0,37.40732559270336,0,0,20.476120859533268
940,0.7473303876270225,22419.911628810674,27.683815358103814,15.0,37.26471587365948,0,0,20.476120859533268
941,0.7455959608324213,22367.87882497264,27.61578643389763,15.0,37.11748374265007,0,0,20.476120859533268
942,0.7438755274174542,22316.265822523626,27.54564187269516,15.0,36.96567282773307,0,0,20.476120859533268
943,0.7421695266440472,22265.085799321416,27.473402459843733,15.0,36.80932811375894,0,0,20.476120859533268
944,0.7404783934974232,22214.351804922695,27.399089601440423,15.0,36.64849592904059,0,0,20.476120859533268
945,0.7388025585572062,22164.076756716186,27.32272531798899,15.0,36.48322393162542,0,0,20.476120859533268
946,0.7371424478698317,22114.27343609495,27.24433223787469,15.0,36.313561095173114,0,0,20.476120859533268
947,0.7354984828222996,22064.954484668986,27.16393359065902,15.0,36.13955769444375,0,0,20.476120859533268
948,0.7338710800173082,22016.132400519244,27.081553200196296,15.0,35.96126529040023,0,0,20.476120859533268
949,0.7322606511498061,21967.81953449418,26.99721547757413,15.0,35.77873671492979,0,0,20.476120859533268
950,0.7306676028849977,21920.02808654993,26.910945413879894,15.0,35.5920260551886,0,0,20.476120859533268
951,0.7290923367378397,21872.77010213519,26.82276857279532,15.0,35.40118863757469,0,0,20.476120859533268
952,0.7275352489540639,21826.057468621915,26.732711083021417,15.0,35.20628101133349,0,0,20.476120859533268
953,0.7259967303927602,21779.901911782807,26.640799630536026,15.0,35.007360931801145,0,0,20.476120859533268
954,0.7244771664105578,21734.314992316733,26.54706145068613,15.0,34.804487343290255,0,0,20.476120859533268
955,0.7229769367474342,21689.308102423027,26.45152432011743,15.0,34.59772036162344,0,0,20.476120859533268
956,0.7214964154141917,21644.892462425752,26.354216548543604,15.0,34.387121256319794,0,0,20.476120859533268
957,0.7200359705816286,21601.07911744886,26.255166970357426,15.0,34.17275243243931,0,0,20.476120859533268
958,0.7185959644714427,21557.878934143282,26.154404936086582,15.0,33.95467741209097,0,0,20.476120859533268
959,0.7171767532488977,21515.302597466933,26.05196030369644,15.0,33.73296081560971,0,0,20.476120859533268
960,0.715778686917283,21473.36060751849,25.947863429742526,15.0,33.50766834240816,0,0,20.476120859533268
961,0.7144021092142006,21432.063276426015,25.84214516037519,15.0,33.27886675150831,0,0,20.476120859533268
962,0.7130473575097078,21391.420725291235,25.73483682219922,15.0,33.0466238417595,0,0,20.476120859533268
963,0.711714762706348,21351.44288119044,25.625970212991106,15.0,32.81100843174802,0,0,20.476120859533268
964,0.710404649141096,21312.13947423288,25.51557759227675,15.0,32.572090339405015,0,0,20.476120859533268
965,0.7091173344892512,21273.520034677535,25.403691671772084,15.0,32.3299403613174,0,0,20.476120859533268
966,0.7078531296703023,21235.59389010907,25.290345605690035,15.0,32.08463025174967,0,0,20.476120859533268
967,0.7066123387557965,21198.370162673895,25.17557298091625,15.0,31.836232701381654,0,0,20.476120859533268
968,0.705395258879235,21161.857766377052,25.059407807056424,15.0,31.58482131576833,0,0,20.476120859533268
969,0.7042021801480273,21126.06540444082,24.9418845063586,15.0,31.33047059352911,0,0,20.476120859533268
970,0.7030333855575251,21091.001566725754,24.82303790351313,15.0,31.073255904272308,0,0,20.476120859533268
971,0.7018891509071655,21056.674527214967,24.702903215333393,15.0,30.813253466261607,0,0,20.476120859533268
972,0.7007697447187454,21023.092341562362,24.581516040320203,15.0,30.550540323830646,0,0,20.476120859533268
973,0.6996754281568518,20990.262844705554,24.458912348113273,15.0,30.28519432455336,0,0,20.476120859533268
974,0.6986064549514749,20958.193648544246,24.335128468832558,15.0,30.01729409617588,0,0,20.476120859533268
975,0.6975630713228206,20926.892139684616,24.210201082313027,15.0,29.74691902331776,0,0,20.476120859533268
976,0.6965455159083513,20896.36547725054,24.08416720723544,15.0,29.474149223948203,0,0,20.476120859533268
977,0.6955540196920722,20866.620590762166,23.95706419015699,15.0,29.199065525645594,0,0,20.476120859533268
978,0.6945888059360855,20837.664178082567,23.828929694444785,15.0,28.921749441646586,0,0,20.476120859533268
979,0.6936500901144332,20809.502703432998,23.69980168911525,15.0,28.64228314669181,0,0,20.476120859533268
980,0.6927380798492476,20782.14239547743,23.569718437583187,15.0,28.36074945267584,0,0,20.476120859533268
981,0.6918529748492284,20755.58924547685,23.438718486323424,15.0,28.07723178410818,0,0,20.476120859533268
982,0.690994966850464,20729.84900551392,23.306840653448763,15.0,27.791814153392895,0,0,20.476120859533268
983,0.690164239559617,20704.92718678851,23.174124017207234,15.0,27.504581135933755,0,0,20.476120859533268
984,0.6893609685994875,20680.829057984625,23.040607904402407,15.0,27.21561784507282,0,0,20.476120859533268
985,0.6885853214569722,20657.559643709166,22.906331878740005,15.0,26.9250099068695,0,0,20.476120859533268
986,0.6878374574334342,20635.123723003024,22.77133572910438,15.0,26.63284343472776,0,0,20.476120859533268
987,0.6871175275974989,20613.52582792497,22.635659457768107,15.0,26.339205003878746,0,0,20.476120859533268
988,0.6864256747402896,20592.770242208688,22.499343268538503,15.0,26.04418162572672,0,0,20.476120859533268
989,0.6857620333331141,20572.860999993423,22.362427554844405,15.0,25.74786072206581,0,0,20.476120859533268
990,0.6851267294876192,20553.801884628578,22.22495288776666,15.0,25.450330099174877,0,0,20.476120859533268
991,0.6845198809184205,20535.596427552617,22.086960004016056,15.0,25.151677921798715,0,0,20.476120859533268
992,0.6839415969082209,20518.247907246627,21.948489793862176,15.0,24.851992687022893,0,0,20.476120859533268
993,0.6833919782754281,20501.759348262844,21.809583289016743,15.0,24.551363198050275,0,0,20.476120859533268
994,0.68287111734428,20486.1335203284,21.670281650474976,15.0,24.249878537886534,0,0,20.476120859533268
995,0.6823790979174866,20471.3729375246,21.53062615631876,15.0,23.947628042943034,0,0,20.476120859533268
996,0.6819159952513981,20457.479857541945,21.390658189484995,15.0,23.64470127656451,0,0,20.476120859533268
997,0.681481876033704,20444.45628101112,21.25041922550305,15.0,23.341188002489595,0,0,20.476120859533268
998,0.6810767983636726,20432.30395091018,21.109950820204546,15.0,23.03717815825171,0,0,20.476120859533268
999,0.6807008117349352,20421.024352048058,20.969294597409487,15.0,22.732761828528712,0,0,20.476120859533268
1000,0.6803539570208194,20410.61871062458,20.828492236592385,15.0,22.428029218449105,0,0,20.476120859533268
1001,0.6800362664622377,20401.08799386713,20.687585460531444,15.0,22.123070626861796,0,0,20.476120859533268
1002,0.6797477636581342,20392.432909744024,20.54661602294545,15.0,21.817976419579047,0,0,20.476120859533268
1003,0.6794884635584912,20384.65390675474,20.4056256961211,15.0,21.512837002598886,0,0,20.476120859533268
1004,0.6792583724598997,20377.75117379699,20.264656258535105,15.0,21.207742795316136,0,0,20.476120859533268
1005,0.6790574880036929,20371.724640110788,20.123749482474178,15.0,20.902784203728853,0,0,20.476120859533268
1006,0.6788857991766458,20366.573975299376,19.98294712165706,15.0,20.598051593649213,0,0,20.476120859533268
1007,0.6787432863142385,20362.298589427155,19.842290898862004,15.0,20.293635263926223,0,0,20.476120859533268
1008,0.6786299211064829,20358.897633194487,19.701822493563498,15.0,19.989625419688338,0,0,20.476120859533268
1009,0.6785456666063115,20356.369998189348,19.561583529581554,15.0,19.68611214561342,0,0,20.476120859533268
1010,0.6784904772405267,20354.7143172158,19.421615562747792,15.0,19.38318537923489,0,0,20.476120859533268
1011,0.6784642988233034,20353.928964699102,19.28196006859157,15.0,19.080934884291402,0,0,20.476120859533268
1012,0.6784670685722469,20354.01205716741,19.142658430049806,15.0,18.779450224127654,0,0,20.476120859533268
1013,0.678498715126996,20354.96145380988,19.003751925204373,15.0,18.478820735155036,0,0,20.476120859533268
1014,0.6785591585703685,20356.774757111056,18.865281715050493,15.0,18.179135500379218,0,0,20.476120859533268
1015,0.678648310452043,20359.44931356129,18.72728883129989,15.0,17.880483323003055,0,0,20.476120859533268
1016,0.678766073814768,20362.98221444304,18.58981416422214,15.0,17.582952700112124,0,0,20.476120859533268
1017,0.6789123432230926,20367.370296692778,18.452898450528046,15.0,17.28663179645121,0,0,20.476120859533268
1018,0.6790870047946096,20372.610143838287,18.316582261298443,15.0,16.99160841829918,0,0,20.476120859533268
1019,0.6792899362337008,20378.698087011024,18.18090598996217,15.0,16.69796998745017,0,0,20.476120859533268
1020,0.6795210068677764,20385.630206033293,18.045909840326544,15.0,16.405803515308428,0,0,20.476120859533268
1021,0.6797800776859959,20393.402330579876,17.91163381466413,15.0,16.115195577105073,0,0,20.476120859533268
1022,0.6800670013804595,20402.010041413785,17.7781177018593,15.0,15.826232286244142,0,0,20.476120859533268
1023,0.6803816223898597,20411.44867169579,17.64540106561777,15.0,15.538999268785002,0,0,20.476120859533268
1024,0.6807237769455762,20421.713308367285,17.513523232743136,15.0,15.253581638069777,0,0,20.476120859533268
1025,0.6810932931202051,20432.79879360615,17.382523281483362,15.0,14.970063969502085,0,0,20.476120859533268
1026,0.6814899908785041,20444.699726355124,17.252440029951295,15.0,14.68853027548612,0,0,20.476120859533268
1027,0.6819136821307412,20457.410463922235,17.123312024621764,15.0,14.409063980531341,0,0,20.476120859533268
1028,0.6823641707884295,20470.925123652883,16.995177528909558,15.0,14.131747896532334,0,0,20.476120859533268
1029,0.6828412528224324,20485.23758467297,16.868074511831097,15.0,13.856664198229696,0,0,20.476120859533268
1030,0.6833447163234222,20500.341489702667,16.742040636753508,15.0,13.583894398860139,0,0,20.476120859533268
1031,0.6838743415646731,20516.23024694019,16.617113250233977,15.0,13.31351932600202,0,0,20.476120859533268
1032,0.6844299010671708,20532.897032015124,16.493329370953287,15.0,13.04561909762459,0,0,20.476120859533268
1033,0.68501115966702,20550.3347900106,16.370725678746346,15.0,12.780273098347283,0,0,20.476120859533268
1034,0.6856178745851281,20568.536237553843,16.249338503733153,15.0,12.51755995591632,0,0,20.476120859533268
1035,0.6862497954991461,20587.49386497438,16.12920381555342,15.0,12.257557517905617,0,0,20.476120859533268
1036,0.6869066646176443,20607.199938529327,16.010357212707945,15.0,12.000342828648819,0,0,20.476120859533268
1037,0.6875882167565015,20627.646502695046,15.892833912010124,15.0,11.745992106409599,0,0,20.476120859533268
1038,0.6882941794174852,20648.825382524556,15.776668738150288,15.0,11.494580720796247,0,0,20.476120859533268
1039,0.6890242728689981,20670.728186069944,15.6618961133765,15.0,11.246183170428221,0,0,20.476120859533268
1040,0.689778210228969,20693.34630686907,15.54855004729448,15.0,11.000873060860552,0,0,20.476120859533268
1041,0.6905556975498617,20716.67092649585,15.43666412678981,15.0,10.758723082772935,0,0,20.476120859533268
1042,0.6913564339057788,20740.693017173366,15.326271506075436,15.0,10.5198049904299,0,0,20.476120859533268
1043,0.6921801114816319,20765.403344448958,15.217404896867322,15.0,10.284189580418428,0,0,20.476120859533268
1044,0.693026415664354,20790.79246993062,15.110096558691355,15.0,10.051946670669608,0,0,20.476120859533268
1045,0.6938950251361261,20816.85075408378,15.004378289324016,15.0,9.823145079769763,0,0,20.476120859533268
1046,0.6947856119695907,20843.56835908772,14.900281415370106,15.0,9.597852606568207,0,0,20.476120859533268
1047,0.6956978417250237,20870.93525175071,14.797836782979974,15.0,9.376136010086976,0,0,20.476120859533268
1048,0.696631373549436,20898.941206483083,14.697074748709129,15.0,9.158060989738633,0,0,20.476120859533268
1049,0.6975858602775764,20927.575808327292,14.598025170522954,15.0,8.943692165858154,0,0,20.476120859533268
1050,0.6985609485348027,20956.82845604408,14.500717398949124,15.0,8.733093060554513,0,0,20.476120859533268
1051,0.6995562788417952,20986.688365253856,14.40518026838042,15.0,8.526326078887669,0,0,20.476120859533268
1052,0.7005714857210782,21017.144571632347,14.311442088530518,15.0,8.323452490376773,0,0,20.476120859533268
1053,0.7016061978053185,21048.185934159555,14.219530636045128,15.0,8.12453241084443,0,0,20.476120859533268
1054,0.7026600379473699,21079.801138421095,14.129473146271216,15.0,7.929624784603211,0,0,20.476120859533268
1055,0.7037326233320295,21111.978699960884,14.041296305186641,15.0,7.738787366989305,0,0,20.476120859533268
1056,0.7048235655894747,21144.70696768424,13.95502624149242,15.0,7.552076707248151,0,0,20.476120859533268
1057,0.7059324709103455,21177.974127310365,13.87068851887026,15.0,7.369548131777707,0,0,20.476120859533268
1058,0.7070589401624381,21211.768204873144,13.788308128407522,15.0,7.1912557277341715,0,0,20.476120859533268
1059,0.7082025690089772,21246.077070269315,13.707909481191853,15.0,7.017252327004805,0,0,20.476120859533268
1060,0.7093629480284289,21280.88844085287,13.629516401077554,15.0,6.847589490552503,0,0,20.476120859533268
1061,0.710539662835822,21316.189885074662,13.553152117626105,15.0,6.682317493137302,0,0,20.476120859533268
1062,0.7117322942055389,21351.968826166165,13.478839259222802,15.0,6.521485308418963,0,0,20.476120859533268
1063,0.7129404181955403,21388.21254586621,13.406599846371375,15.0,6.3651405944448225,0,0,20.476120859533268
1064,0.71416360627299,21424.9081881897,13.336455285168906,15.0,6.213329679527836,0,0,20.476120859533268
1065,0.7154014254412371,21462.042763237114,13.268426360962728,15.0,6.066097548518432,0,0,20.476120859533268
1066,0.7166534383681229,21499.603151043688,13.202533232191257,15.0,5.923487829474563,0,0,20.476120859533268
1067,0.7179192035155718,21537.576105467153,13.13879542441065,15.0,5.785542780733749,0,0,20.476120859533268
1068,0.719198275270428,21575.94825811284,13.077231824508925,15.0,5.652303278391033,0,0,20.476120859533268
1069,0.7204902040765011,21614.706122295032,13.017860675109363,15.0,5.523808804186476,0,0,20.476120859533268
1070,0.7217945365677789,21653.836097033367,12.960699569164897,15.0,5.400097433805974,0,0,20.476120859533268
1071,0.7231108157027696,21693.324471083088,12.905765444744842,15.0,5.281205825598456,0,0,20.476120859533268
1072,0.7244385808999331,21733.157426997994,12.85307458001584,15.0,5.167169209713323,0,0,20.476120859533268
1073,0.725777368174161,21773.32104522483,12.802642588418273,15.0,5.058021377660975,0,0,20.476120859533268
1074,0.7271267102742658,21813.801308227972,12.75448441403966,15.0,4.953794672299649,0,0,20.476120859533268
1075,0.7284861368214369,21854.58410464311,12.708614327186414,15.0,4.854519978251546,0,0,20.476120859533268
1076,0.729855174448625,21895.65523345875,12.665045920155208,15.0,4.760226712751012,0,0,20.476120859533268
1077,0.73123334694081,21937.0004082243,12.623792103205355,15.0,4.670942816927669,0,0,20.476120859533268
1078,0.732620175376114,21978.60526128342,12.584865100733138,15.0,4.586694747526739,0,0,20.476120859533268
1079,0.7340151782677167,22020.4553480315,12.5482764476495,15.0,4.507507469069401,0,0,20.476120859533268
1080,0.7354178717065297,22062.53615119589,12.514036985961997,15.0,4.433404446455267,0,0,24.476120859533268
1081,0.7367464900672901,22102.394702018704,14.920539980550288,15.0,4.3644076380092125,0,0,24.476120859533268
1082,0.7380820166320476,22142.46049896143,14.885263614585845,15.0,4.300537488974651,0,0,24.476120859533268
1083,0.7394239456062891,22182.718368188675,14.852829226610726,15.0,4.241812925455161,0,0,24.476120859533268
1084,0.7407717692983292,22223.153078949876,14.82324642763409,15.0,4.188251348806318,0,0,24.476120859533268
1085,0.7421249782697503,22263.74934809251,14.796523983677723,15.0,4.139868630479226,0,0,24.476120859533268
1086,0.7434830614863607,22304.49184459082,14.772669813178474,15.0,4.096679107317504,0,0,24.476120859533268
1087,0.7448455064696239,22345.365194088718,14.751690984641886,15.0,4.0586955773089715,0,0,24.476120859533268
1088,0.7462117994485188,22386.353983455563,14.73359371454762,15.0,4.025929295793336,0,0,24.476120859533268
1089,0.7475814255117793,22427.44276535338,14.718383365507366,15.0,3.9983899721269482,0,0,24.476120859533268
1090,0.7489538687604749,22468.616062814246,14.706064444675814,15.0,3.976085766805764,0,0,24.476120859533268
1091,0.7503286124608821,22509.858373826464,14.696640602415068,15.0,3.959023289047179,0,0,24.476120859533268
1092,0.7517051391976042,22551.154175928124,14.69011463121298,15.0,3.9472075948316023,0,0,24.476120859533268
1093,0.7530829310268918,22592.487930806754,14.686488464855652,15.0,3.9406421854042266,0,0,24.476120859533268
1094,0.7544614696301218,22633.844088903654,14.685763177854442,15.0,3.9393290062375588,0,0,24.476120859533268
1095,0.7558402364673855,22675.207094021567,14.687938985127536,15.0,3.943268446454928,0,0,24.476120859533268
1096,0.7572187129311441,22716.561387934322,14.693015241936282,15.0,3.9524593387151756,0,0,24.476120859533268
1097,0.7585963804999019,22757.891414997055,14.70099044407623,15.0,3.966898959558568,0,0,24.476120859533268
1098,0.7599727208918566,22799.1816267557,14.711862228322875,15.0,3.986583030213827,0,0,24.476120859533268
1099,0.7613472162184776,22840.416486554328,14.725627373131907,15.0,4.011505717865987,0,0,24.476120859533268
1100,0.7627193491379661,22881.580474138984,14.742281799593842,15.0,4.041659637384829,0,0,24.476120859533268
1101,0.7640886030085561,22922.658090256682,14.76182057264269,15.0,4.077035853513221,0,0,24.476120859533268
1102,0.7654544620416054,22963.633861248163,14.78423790251832,15.0,4.1176238835148515,0,0,24.476120859533268
1103,0.7668164114544361,23004.492343633083,14.809527146482074,15.0,4.163411700280458,0,0,24.476120859533268
1104,0.7681739376228748,23045.218128686243,14.837680810785182,15.0,4.214385735891752,0,0,24.476120859533268
1105,0.7695265282334508,23085.795847003523,14.868690552889307,15.0,4.270530885641875,0,0,24.476120859533268
1106,0.7708736724352057,23126.21017305617,14.90254718393862,15.0,4.331830512511245,0,0,24.476120859533268
1107,0.7722148609910697,23166.445829732093,14.939240671482652,15.0,4.398266452097467,0,0,24.476120859533268
1108,0.7735495864287595,23206.487592862784,14.978760142449133,15.0,4.469819017997834,0,0,24.476120859533268
1109,0.7748773431911529,23246.320295734586,15.021093886365929,15.0,4.546467007642858,0,0,24.476120859533268
1110,0.7761976277860967,23285.9288335829,15.066229358831059,15.0,4.628187708578976,0,0,24.476120859533268
1111,0.7775099389356025,23325.298168068075,15.11415318522994,15.0,4.714956905198834,0,0,24.476120859533268
1112,0.7788137777243855,23364.413331731565,15.164851164698526,15.0,4.806748885916849,0,0,24.476120859533268
1113,0.7801086477477043,23403.25943243113,15.218308274331353,15.0,4.903536450788096,0,0,24.476120859533268
1114,0.7813940552584563,23441.821657753688,15.274508673633127,15.0,5.005290919568257,0,0,24.476120859533268
1115,0.7826695093134856,23480.085279404568,15.333435709212644,15.0,5.111982140212192,0,0,24.476120859533268
1116,0.78393452191906,23518.0356575718,15.395071919717516,15.0,5.223578497808662,0,0,24.476120859533268
1117,0.7851886081754743,23555.65824526423,15.459399041008336,15.0,5.340046923948417,0,0,24.476120859533268
1118,0.7864312864207361,23592.938592622082,15.526398011570775,15.0,5.461352906523227,0,0,24.476120859533268
1119,0.7876620783732932,23629.862351198793,15.596048978163903,15.0,5.587460499952449,0,0,24.476120859533268
1120,0.788880509273758,23666.41527821274,15.668331301703128,15.0,5.718332335834528,0,0,24.476120859533268
1121,0.7900861080255899,23702.583240767697,15.74322356337601,15.0,5.85392963402005,0,0,24.476120859533268
1122,0.7912784073346907,23738.35222004072,15.820703570989098,15.0,5.994212214103127,0,0,24.476120859533268
1123,0.792456943847874,23773.70831543622,15.900748365543988,15.0,6.139138507327741,0,0,24.476120859533268
1124,0.7936212582901669,23808.63774870501,15.983334228040556,15.0,6.28866556890547,0,0,24.476120859533268
1125,0.7947708956009034,23843.126868027102,16.06843668650537,15.0,6.4427490907408504,0,0,24.476120859533268
1126,0.7959054050685677,23877.16215205703,16.156030523243334,15.0,6.601343414560999,0,0,24.476120859533268
1127,0.7970243404643508,23910.730213930525,16.246089782310218,15.0,6.764401545445057,0,0,24.476120859533268
1128,0.7981272601743772,23943.817805231316,16.338587777203884,15.0,6.931875165749688,0,0,24.476120859533268
1129,0.7992137273305647,23976.411819916942,16.433497098772165,15.0,7.1037146494268235,0,0,24.476120859533268
1130,0.8002833099400782,24008.499298202347,16.530789623334822,15.0,7.279869076728917,0,0,24.476120859533268
1131,0.8013355810133377,24040.06743040013,16.630436521017074,15.0,7.460286249297436,0,0,24.476120859533268
1132,0.8023701186905453,24071.103560716358,16.732408264292545,15.0,7.644912705630359,0,0,24.476120859533268
1133,0.8033865063666908,24101.595191000724,16.83667463673299,15.0,7.833693736924136,0,0,24.476120859533268
1134,0.8043843328150013,24131.52998445004,16.943204741962006,15.0,8.026573403284978,0,0,24.476120859533268
1135,0.8053631923087964,24160.89576926389,17.051967012810323,15.0,8.223494550305091,0,0,24.476120859533268
1136,0.8063226847417132,24189.680542251397,17.162929220669763,15.0,8.424398825998626,0,0,24.476120859533268
1137,0.8072624157462676,24217.872472388026,17.276058485043404,15.0,8.62922669809287,0,0,24.476120859533268
1138,0.8081819968107122,24245.459904321368,17.39132128328868,15.0,8.837917471668774,0,0,24.476120859533268
1139,0.8090810453941628,24272.431361824885,17.508683460550888,15.0,9.050409307146204,0,0,24.476120859533268
1140,0.8099591850399519,24298.775551198556,17.628110239884034,15.0,9.266639238608366,0,0,24.476120859533268
1141,0.8108160454871813,24324.48136461544,17.749566232555953,15.0,9.486543192459942,0,0,24.476120859533268
1142,0.811651262780439,24349.53788341317,17.873015448534808,15.0,9.710056006413534,0,0,24.476120859533268
1143,0.8124644793776464,24373.934381329393,17.998421307153606,15.0,9.937111448798476,0,0,24.476120859533268
1144,0.813255344256006,24397.66032768018,18.12574664794998,15.0,10.167642238186978,0,0,24.476120859533268
1145,0.8140235130160169,24420.705390480507,18.254953741677546,15.0,10.401580063330883,0,0,24.476120859533268
1146,0.8147686479835281,24443.059439505843,18.386004301485915,15.0,10.638855603403805,0,0,24.476120859533268
1147,0.8154904183097983,24464.71254929395,18.518859494265914,15.0,10.879398548542392,0,0,24.476120859533268
1148,0.8161885000695336,24485.65500208601,18.653479952156673,15.0,11.12313762068067,0,0,24.476120859533268
1149,0.8168625763568736,24505.87729070621,18.789825784211192,15.0,11.370000594671282,0,0,24.476120859533268
1150,0.8175123373792976,24525.370121378928,18.927856588216805,15.0,11.619914319687204,0,0,24.476120859533268
1151,0.8181374805494225,24544.124416482675,19.067531462667358,15.0,11.872804740898179,0,0,24.476120859533268
1152,0.818737710574666,24562.131317239982,19.208809018883123,15.0,12.12859692141458,0,0,24.476120859533268
1153,0.8193127395447489,24579.382186342467,19.351647393275172,15.0,12.387215064492876,0,0,24.476120859533268
1154,0.8198622870170079,24595.86861051024,19.496004259750464,15.0,12.648582535995832,0,0,24.476120859533268
1155,0.8203860800994978,24611.582402984932,19.641836842253994,15.0,12.912621887100869,0,0,24.476120859533268
1156,0.8208838535318546,24626.515605955636,19.789101927444236,15.0,13.179254877249825,0,0,24.476120859533268
1157,0.8213553497638982,24640.660492916948,19.937755877498244,15.0,13.448402497333358,0,0,24.476120859533268
1158,0.8218003190319507,24654.009570958522,20.08775464304233,15.0,13.719984993102845,0,0,24.476120859533268
1159,0.8222185194328454,24666.555582985362,20.23905377620507,15.0,13.99392188880362,0,0,24.476120859533268
1160,0.8226097169956088,24678.291509868264,20.391608443788023,15.0,14.270132011021495,0,0,24.476120859533268
1161,0.8229736857507914,24689.21057252374,20.545373440550698,15.0,14.548533512735986,0,0,24.476120859533268
1162,0.8233102077974267,24699.3062339228,20.700303202606122,15.0,14.829043897573907,0,0,24.476120859533268
1163,0.8236190733676005,24708.572201028015,20.856351820922114,15.0,15.111580044254264,0,0,24.476120859533268
1164,0.8239000808886094,24717.002426658284,21.013473054925296,15.0,15.396058231219232,0,0,24.476120859533268
1165,0.8241530370426914,24724.59111128074,21.17162034620301,15.0,15.682394161442344,0,0,24.476120859533268
1166,0.8243777568243092,24731.332704729277,21.330746832299788,15.0,15.970502987407908,0,0,24.476120859533268
1167,0.8245740635949729,24737.221907849187,21.490805360603563,15.0,16.260299336252885,0,0,24.476120859533268
1168,0.8247417891355806,24742.25367406742,21.651748502318085,15.0,16.55169733506485,0,0,24.476120859533268
1169,0.8248807736962657,24746.42321088797,21.813528566516975,15.0,16.84461063632777,0,0,24.476120859533268
1170,0.8249908660437341,24749.72598131202,21.976097614275726,15.0,17.138952443508934,0,0,24.476120859533268
1171,0.8250719235060783,24752.157705182348,22.13940747287697,15.0,17.43463553677847,0,0,24.476120859533268
1172,0.8251238120150537,24753.71436045161,22.303409750085088,15.0,17.731572298854474,0,0,24.476120859533268
1173,0.825146406145806,24754.39218437418,22.468055848485875,15.0,18.029674740965916,0,0,24.476120859533268
1174,0.8251395891540378,24754.187674621135,22.63329697988703,15.0,18.328854528925632,0,0,24.476120859533268
1175,0.8251032530106016,24753.097590318048,22.799084179775157,15.0,18.62902300930568,0,0,24.476120859533268
1176,0.8250372984335119,24751.118953005356,22.96536832182488,15.0,18.93009123570703,0,0,24.476120859533268
1177,0.8249416349173642,24748.249047520923,23.13210013245623,15.0,19.23196999511668,0,0,24.476120859533268
1178,0.8248161807601536,24744.48542280461,23.29923020543536,15.0,19.534569834343138,0,0,24.476120859533268
1179,0.8246608630874857,24739.82589262457,23.46670901651468,15.0,19.837801086523402,0,0,24.476120859533268
1180,0.8244756178741695,24734.268536225085,23.634486938107976,15.0,20.141573897693185,0,0,24.476120859533268
1181,0.8242603899631905,24727.811698895715,23.802514253996137,15.0,20.44579825341258,0,0,24.476120859533268
1182,0.8240151330820549,24720.453992461647,23.970741174059178,15.0,20.750384005439358,0,0,24.476120859533268
1183,0.8237398098565004,24712.19429569501,24.139117849029976,15.0,21.05524089844156,0,0,24.476120859533268
1184,0.8234343918215716,24703.03175464715,24.307594385265908,15.0,21.360278596742507,0,0,24.476120859533268
1185,0.8230988594300547,24692.96578290164,24.47612085953326,15.0,21.66540671108894,0,0,24.476120859533268
1186,0.8227332020582694,24681.996061748083,24.64464733380062,15.0,21.970534825435372,0,0,24.476120859533268
1187,0.8223374180092176,24670.122540276527,24.81312387003655,15.0,22.275572523736322,0,0,24.476120859533268
1188,0.8219115145130854,24657.345435392563,24.981500545007346,15.0,22.58042941673853,0,0,24.476120859533268
1189,0.8214555077251017,24643.66523175305,25.149727465070388,15.0,22.8850151687653,0,0,24.476120859533268
1190,0.8209694227207497,24629.08268162249,25.31775478095855,15.0,23.189239524484698,0,0,24.476120859533268
1191,0.820453293488338,24613.598804650137,25.485532702551847,15.0,23.493012335654477,0,0,24.476120859533268
1192,0.8199071629189278,24597.214887567836,25.653011513631167,15.0,23.796243587834745,0,0,24.476120859533268
1193,0.8193310827936244,24579.932483808734,25.820141586610294,15.0,24.098843427061198,0,0,24.476120859533268
1194,0.8187251137682326,24561.75341304698,25.986873397241645,15.0,24.400722186470848,0,0,24.476120859533268
1195,0.8180893253552834,24542.679760658502,26.153157539291367,15.0,24.7017904128722,0,0,24.476120859533268
1196,0.8174237959034357,24522.713877103073,26.318944739179457,15.0,25.001958893252187,0,0,24.476120859533268
1197,0.8167286125742605,24501.858377227818,26.48418587058065,15.0,25.301138681211963,0,0,24.476120859533268
1198,0.8160038713164124,24480.116139492373,26.64883196898144,15.0,25.59924112332341,0,0,24.476120859533268
1199,0.8152496768371982,24457.490305115945,26.812834246189553,15.0,25.896177885399418,0,0,24.476120859533268
1200,0.8144661425715498,24433.984277146494,26.976144104790833,15.0,26.191860978669013,0,0,24.476120859533268
1201,0.813653390648411,24409.60171945233,27.138713152549585,15.0,26.486202785850175,0,0,24.476120859533268
1202,0.8128115518545481,24384.346555636443,27.300493216748468,15.0,26.779116087113085,0,0,24.476120859533268
1203,0.8119407655957952,24358.222967873855,27.46143635846293,15.0,27.070514085924934,0,0,24.476120859533268
1204,0.8110411798557446,24331.23539567234,27.62149488676674,15.0,27.36031043476998,0,0,24.476120859533268
1205,0.8101129511518966,24303.3885345569,27.780621372863514,15.0,27.648419260735537,0,0,24.476120859533268
1206,0.80915624448928,24274.6873346784,27.938768664141225,15.0,27.934755190958654,0,0,24.476120859533268
1207,0.8081712333115573,24245.13699934672,28.095889898144375,15.0,28.21923337792356,0,0,24.476120859533268
1208,0.8071580994496296,24214.742983488886,28.251938516460402,15.0,28.50176952460398,0,0,24.476120859533268
1209,0.8061170330677561,24183.510992032683,28.40686827851583,15.0,28.7822799094419,0,0,24.476120859533268
1210,0.8050482326072049,24151.446978216147,28.560633275278533,15.0,29.060681411156448,0,0,24.476120859533268
1211,0.8039519047274499,24118.557141823498,28.713187942861456,15.0,29.336891533374263,0,0,24.476120859533268
1212,0.8028282642449336,24084.847927348008,28.864487076024194,15.0,29.610828429075042,0,0,24.476120859533268
1213,0.8016775340694119,24050.326022082358,29.01448584156828,15.0,29.882410924844525,0,0,24.476120859533268
1214,0.8004999451379016,24014.998354137046,29.163139791622264,15.0,30.151558544928,0,0,24.476120859533268
1215,0.7992957363462482,23978.872090387445,29.310404876812534,15.0,30.418191535077018,0,0,24.476120859533268
1216,0.7980651544783366,23941.9546343501,29.45623745931606,15.0,30.68223088618206,0,0,24.476120859533268
1217,0.7968084541329635,23904.253623988905,29.60059432579136,15.0,30.94359835768501,0,0,24.476120859533268
1218,0.7955258976483939,23865.776929451815,29.743432700183405,15.0,31.202216500763306,0,0,24.476120859533268
1219,0.7942177550246247,23826.53265073874,29.884710256399167,15.0,31.458008681279708,0,0,24.476120859533268
1220,0.7928843038433783,23786.52911530135,30.024385130849723,15.0,31.710899102490686,0,0,24.476120859533268
1221,0.7915258291858491,23745.774875575473,30.162415934855336,15.0,31.9608128275066,0,0,24.476120859533268
1222,0.7901426235482271,23704.27870644681,30.298761766909855,15.0,32.20767580149722,0,0,24.476120859533268
1223,0.7887349867550256,23662.049602650768,30.433382224800617,15.0,32.45141487363549,0,0,24.476120859533268
1224,0.7873032258702367,23619.0967761071,30.566237417580616,15.0,32.691957818774085,0,0,24.476120859533268
1225,0.7858476551063415,23575.429653190244,30.69728797738898,15.0,32.92923335884701,0,0,24.476120859533268
1226,0.7843685957312018,23531.057871936053,30.826495071116543,15.0,33.16317118399091,0,0,24.476120859533268
1227,0.7828663759728622,23485.991279185866,30.953820411912922,15.0,33.39370197337941,0,0,24.476120859533268
1228,0.7813413309222885,23440.239927668656,31.07922627053172,15.0,33.62075741576435,0,0,24.476120859533268
1229,0.7797938024340734,23393.8140730222,31.20267548651055,15.0,33.84427022971791,0,0,24.476120859533268
1230,0.778224139025137,23346.72417075411,31.324131479182498,15.0,34.06417418356952,0,0,24.476120859533268
1231,0.7766326957714547,23298.98087314364,31.44355825851564,15.0,34.280404115031686,0,0,24.476120859533268
1232,0.7750198342028392,23250.595026085175,31.560920435777852,15.0,34.492895950509116,0,0,24.476120859533268
1233,0.7733859221958129,23201.57766587439,31.67618323402315,15.0,34.70158672408506,0,0,24.476120859533268
1234,0.7717313338645971,23151.940015937915,31.78931249839679,15.0,34.9064145961793,0,0,24.476120859533268
1235,0.7700564494502542,23101.693483507624,31.90027470625621,15.0,35.1073188718728,0,0,24.476120859533268
1236,0.7683616552080138,23050.849656240414,32.0090369771045,15.0,35.30424001889287,0,0,24.476120859533268
1237,0.7666473432928176,22999.420298784527,32.11556708233354,15.0,35.49711968525376,0,0,24.476120859533268
1238,0.7649139116431146,22947.41734929344,32.21983345477398,15.0,35.685900716547536,0,0,24.476120859533268
1239,0.7631617638629444,22894.852915888332,32.321805198049454,15.0,35.87052717288046,0,0,24.476120859533268
1240,0.7613913091023394,22841.739273070183,32.42145209573169,15.0,36.05094434544894,0,0,24.476120859533268
1241,0.7596029619360858,22788.088858082574,32.51874462029436,15.0,36.22709877275107,0,0,24.476120859533268
1242,0.7577971422408754,22733.91426722626,32.613653941862665,15.0,36.39893825642824,0,0,24.476120859533268
1243,0.7559742750708873,22679.22825212662,32.70615193675633,15.0,36.56641187673287,0,0,24.476120859533268
1244,0.7541347905318362,22624.043715955086,32.79621119582319,15.0,36.72947000761689,0,0,24.476120859533268
1245,0.7522791236535207,22568.37370960562,32.88380503256116,15.0,36.88806433143705,0,0,24.476120859533268
1246,0.7504077142609166,22512.231427827497,32.96890749102597,15.0,37.042147853272425,0,0,24.476120859533268
1247,0.748521006843846,22455.63020531538,33.05149335352253,15.0,37.191674914850125,0,0,24.476120859533268
1248,0.746619450425266,22398.58351275798,33.13153814807744,15.0,37.33660120807477,0,0,24.476120859533268
1249,0.7447034984282133,22341.1049528464,33.20901815569052,15.0,37.47688378815785,0,0,24.476120859533268
1250,0.7427736085414451,22283.208256243353,33.28391041736341,15.0,37.612481086343365,0,0,24.476120859533268
1251,0.7408302425838162,22224.90727751449,33.35619274090263,15.0,37.74335292222544,0,0,24.476120859533268
1252,0.7388738663674322,22166.215991022968,33.42584370749576,15.0,37.86946051565467,0,0,24.476120859533268
1253,0.7369049495596187,22107.148486788563,33.4928426780582,15.0,37.990766498229476,0,0,24.476120859533268
1254,0.7349239655437497,22047.718966312492,33.55716979934902,15.0,38.10723492436924,0,0,24.476120859533268
1255,0.7329313912789729,21987.941738369187,33.61880600985389,15.0,38.21883128196571,0,0,24.476120859533268
1256,0.7309277071588772,21927.831214766316,33.677733045433406,15.0,38.325522502609644,0,0,24.476120859533268
1257,0.7289133968691415,21867.401906074243,33.73393344473518,15.0,38.4272769713898,0,0,24.476120859533268
1258,0.7268889472442076,21806.66841732623,33.78739055436801,15.0,38.52406453626105,0,0,24.476120859533268
1259,0.7248548481230218,21745.645443690653,33.83808853383659,15.0,38.615856516979065,0,0,24.476120859533268
1260,0.7228115922038839,21684.347766116516,33.886012360235476,15.0,38.702625713598934,0,0,24.476120859533268
1261,0.7207596748984506,21622.79024695352,33.9311478327006,15.0,38.784346414535044,0,0,24.476120859533268
1262,0.7186995941849346,21560.987825548036,33.97348157661739,15.0,38.86099440418005,0,0,24.476120859533268
1263,0.7166318504605421,21498.955513816265,34.013001047583884,15.0,38.93254697008044,0,0,24.476120859533268
1264,0.7145569463931956,21436.708391795866,34.04969453512791,15.0,38.99898290966665,0,0,24.476120859533268
1265,0.7124753867725809,21374.261603177427,34.08355116617723,15.0,39.06028253653603,0,0,24.476120859533268
1266,0.7103876783605683,21311.63035081705,34.11456090828136,15.0,39.11642768628616,0,0,24.476120859533268
1267,0.7082943297410477,21248.82989223143,34.14271457258446,15.0,39.16740172189744,0,0,24.476120859533268
1268,0.706195851169224,21185.87553507672,34.16800381654822,15.0,39.21318953866306,0,0,24.476120859533268
1269,0.7040927544204179,21122.782632612536,34.190421146423844,15.0,39.253777568664674,0,0,24.476120859533268
1270,0.7019855526384153,21059.56657915246,34.209959919472695,15.0,39.28915378479308,0,0,24.476120859533268
1271,0.6998747601834125,20996.242805502377,34.226614345934635,15.0,39.31930770431192,0,0,24.476120859533268
1272,0.6977608924795996,20932.826774387988,34.24037949074366,15.0,39.344230391964075,0,0,24.476120859533268
1273,0.6956444658624287,20869.33397587286,34.2512512749903,15.0,39.363914462619334,0,0,24.476120859533268
1274,0.6935259974256138,20805.779922768415,34.259226477130255,15.0,39.37835408346274,0,0,24.476120859533268
1275,0.691406004867904,20742.18014603712,34.264302733939004,15.0,39.387544975722975,0,0,24.476120859533268
1276,0.689285006339678,20678.55019019034,34.266478541212095,15.0,39.391484415940354,0,0,24.476120859533268
1277,0.6871635202894057,20614.905608682173,34.265753254210885,15.0,39.39017123677368,0,0,24.476120859533268
1278,0.6850420653100202,20551.261959300606,34.26212708785356,15.0,39.38360582734631,0,0,24.476120859533268
1279,0.6829211599852473,20487.634799557418,34.25560111665147,15.0,39.37179013313073,0,0,24.476120859533268
1280,0.6808013227359385,20424.039682078157,34.24617727439073,15.0,39.354727655372145,0,0,24.476120859533268
1281,0.6786830716664518,20360.492149993555,34.23385835355917,15.0,39.33242345005097,0,0,24.476120859533268
1282,0.6765669244111253,20297.00773233376,34.21864800451892,15.0,39.304884126384565,0,0,24.476120859533268
1283,0.6744533979808921,20233.601939426764,34.20055073442465,15.0,39.27211784486893,0,0,24.476120859533268
1284,0.6723430086100778,20170.290258302335,34.17957190588807,15.0,39.2341343148604,0,0,24.476120859533268
1285,0.67023627160343,20107.0881481029,34.15571773538882,15.0,39.19094479169868,0,0,24.476120859533268
1286,0.6681337011834215,20044.011035502645,34.12899529143245,15.0,39.14256207337159,0,0,24.476120859533268
1287,0.6660358103378761,19981.074310136282,34.09941249245581,15.0,39.089000496722754,0,0,24.476120859533268
1288,0.6639431106679583,19918.29332003875,34.0669781044807,15.0,39.03027593320326,0,0,24.476120859533268
1289,0.6618561122365753,19855.68336709726,34.03170173851625,15.0,38.9664057841687,0,0,24.476120859533268
1290,0.6597753234172344,19793.259702517033,33.99359384771105,15.0,38.89740897572265,0,0,24.476120859533268
1291,0.6577012507434009,19731.037522302027,33.952665724255546,15.0,38.823305953108516,0,0,24.476120859533268
1292,0.655634398758401,19669.03196275203,33.908929496036045,15.0,38.744118674651176,0,0,24.476120859533268
1293,0.653575269865915,19607.25809597745,33.86239812304086,15.0,38.65987060525025,0,0,24.476120859533268
1294,0.6515243641811044,19545.73092543313,33.81308539352005,15.0,38.570586709426905,0,0,24.476120859533268
1295,0.6494821793824165,19484.465381472495,33.76100591989962,15.0,38.47629344392638,0,0,24.476120859533268
1296,0.6474492105641122,19423.476316923367,33.706175134451556,15.0,38.377018749878275,0,0,24.476120859533268
1297,0.6454259500895583,19362.77850268675,33.64860928472096,15.0,38.27279204451694,0,0,24.476120859533268
1298,0.6434128874453298,19302.386623359893,33.58832542871147,15.0,38.1636442124646,0,0,24.476120859533268
1299,0.6414105090961645,19242.315272884935,33.525341429830654,15.0,38.04960759657946,0,0,24.476120859533268
1300,0.6394192983408131,19182.578950224393,33.45967595159668,15.0,37.930715988371944,0,0,24.476120859533268
1301,0.6374397351688271,19123.192055064814,33.39134845210793,15.0,37.80700461799144,0,0,24.476120859533268
1302,0.6354722961183277,19064.16888354983,33.320379178277136,15.0,37.67851014378691,0,0,24.476120859533268
1303,0.6335174541347974,19005.523624043923,33.24678915983175,15.0,37.54527064144416,0,0,24.476120859533268
1304,0.6315756784309356,18947.27035292807,33.17060020308247,15.0,37.40732559270336,0,0,24.476120859533268
1305,0.6296474343476214,18889.423030428643,33.09183488446147,15.0,37.26471587365949,0,0,24.476120859533268
1306,0.6277331832160223,18831.99549648067,33.01051654383255,15.0,37.11748374265008,0,0,24.476120859533268
1307,0.6258333822208926,18775.001466626778,32.926669277575016,15.0,36.965672827733066,0,0,24.476120859533268
1308,0.6239484842650989,18718.454527952967,32.84031793144345,15.0,36.80932811375892,0,0,24.476120859533268
1309,0.622078937835416,18662.36813506248,32.75148809320534,15.0,36.64849592904062,0,0,24.476120859533268
1310,0.62022518686963,18606.7556060889,32.66020608505881,15.0,36.48322393162542,0,0,24.476120859533268
1311,0.6183876706249901,18551.630118749705,32.56649895583295,15.0,36.31356109517312,0,0,24.476120859533268
1312,0.6165668235480476,18497.00470644143,32.470394472972494,15.0,36.13955769444375,0,0,24.476120859533268
1313,0.6147630751459191,18442.892254377573,32.37192111430982,15.0,35.961265290400256,0,0,24.476120859533268
1314,0.6129768498590153,18389.30549577046,32.271108059626314,15.0,35.778736714929764,0,0,24.476120859533268
1315,0.6112085669352694,18336.25700805808,32.16798518200583,15.0,35.59202605518858,0,0,24.476120859533268
1316,0.6094586403059051,18283.759209177155,32.062583038982574,15.0,35.40118863757468,0,0,24.476120859533268
1317,0.6077274784627804,18231.824353883414,31.954932863486288,15.0,35.206281011333495,0,0,24.476120859533268
1318,0.6060154843373419,18180.464530120254,31.845066554587248,15.0,35.00736093180115,0,0,24.476120859533268
1319,0.6043230551812274,18129.69165543682,31.733016668043884,15.0,34.80448734329026,0,0,24.476120859533268
1320,0.6026505824485525,18079.517473456577,31.618816406655824,15.0,34.59772036162346,0,0,24.476120859533268
1321,0.600998451679914,18029.95355039742,31.502499610425133,15.0,34.38712125631977,0,0,24.476120859533268
1322,0.599367042388145,17981.01127164435,31.384100746528905,15.0,34.172752432439296,0,0,24.476120859533268
1323,0.5977567279458585,17932.701838375757,31.263654899105738,15.0,33.954677412090945,0,0,24.476120859533268
1324,0.5961678754748082,17885.036264244245,31.14119775885967,15.0,33.73296081560972,0,0,24.476120859533268
1325,0.594600845737102,17838.02537211306,31.016765612484186,15.0,33.50766834240817,0,0,24.476120859533268
1326,0.5930559930283017,17791.67979084905,30.890395331909733,15.0,33.27886675150832,0,0,24.476120859533268
1327,0.5915336650724364,17746.00995217309,30.76212436337773,15.0,33.0466238417595,0,0,24.476120859533268
1328,0.5900342029189647,17701.026087568942,30.631990716344447,15.0,32.81100843174803,0,0,24.476120859533268
1329,0.5885579408417148,17656.738225251444,30.500032952218064,15.0,32.572090339404994,0,0,24.476120859533268
1330,0.5871052062398313,17613.156187194938,30.366290172931944,15.0,32.32994036131737,0,0,24.476120859533268
1331,0.5856763195407603,17570.289586222807,30.23080200935801,15.0,32.08463025174971,0,0,24.476120859533268
1332,0.5842715941052994,17528.147823158983,30.093608609563184,15.0,31.83623270138168,0,0,24.476120859533268
1333,0.5828913361347428,17486.74008404228,29.954750626912713,15.0,31.584821315768334,0,0,24.476120859533268
1334,0.5815358445801462,17446.075337404385,29.814269208023646,15.0,31.330470593529114,0,0,24.476120859533268
1335,0.580205411053742,17406.16233161226,29.67220598057225,15.0,31.07325590427236,0,0,24.476120859533268
1336,0.5789003197425283,17367.00959227585,29.528603040958764,15.0,30.813253466261607,0,0,24.476120859533268
1337,0.5776208473240576,17328.625419721728,29.38350294183345,15.0,30.550540323830646,0,0,24.476120859533268
1338,0.5763672628844516,17291.017886533547,29.236948679487167,15.0,30.285194324553345,0,0,24.476120859533268
1339,0.5751398278386654,17254.19483515996,29.088983681110726,15.0,30.01729409617586,0,0,24.476120859533268
1340,0.573938795853024,17218.16387559072,28.939651791926583,15.0,29.746919023317794,0,0,24.476120859533268
1341,0.5727644127700561,17182.93238310168,28.78899726219625,15.0,29.47414922394824,0,0,24.476120859533268
1342,0.5716169165356452,17148.507496069356,28.637064734108307,15.0,29.199065525645658,0,0,24.476120859533268
1343,0.5704965371285217,17114.89611385565,28.48389922854978,15.0,28.921749441646586,0,0,24.476120859533268
1344,0.5694034964921144,17082.104894763434,28.329546131765603,15.0,28.642283146691817,0,0,24.476120859533268
1345,0.5683380084687847,17050.14025406354,28.174051181909533,15.0,28.360749452675847,0,0,24.476120859533268
1346,0.5673002787364597,17019.00836209379,28.01746045549107,15.0,28.077231784108214,0,0,24.476120859533268
1347,0.5662905047476863,16988.71514243059,27.85982035372193,15.0,27.79181415339287,0,0,24.476120859533268
1348,0.5653088756711208,16959.266270133623,27.70117758876647,15.0,27.50458113593373,0,0,24.476120859533268
1349,0.5643555723354746,16930.66717006424,27.541579169899713,15.0,27.2156178450728,0,0,24.476120859533268
1350,0.5634307671759314,16902.923015277942,27.381072389577596,15.0,26.925009906869505,0,0,28.476120859533268
1351,0.5623863452137055,16871.590356411165,31.668073889741873,15.0,26.632843434727768,0,0,28.476120859533268
1352,0.5613716243918794,16841.14873175638,31.479389034497736,15.0,26.339205003878753,0,0,28.476120859533268
1353,0.5603867558354189,16811.602675062564,31.289814246077515,15.0,26.04418162572675,0,0,28.476120859533268
1354,0.5594318818234187,16782.956454702562,31.09940569958235,15.0,25.74786072206578,0,0,28.476120859533268
1355,0.5585071357469436,16755.214072408307,30.908219817173986,15.0,25.450330099174845,0,0,28.476120859533268
1356,0.5576126420695002,16728.379262085007,30.71631325135549,15.0,25.151677921798687,0,0,28.476120859533268
1357,0.5567485162901564,16702.455488704694,30.523742868183977,15.0,24.8519926870229,0,0,28.476120859533268
1358,0.555914864909317,16677.44594727951,30.330565730420002,15.0,24.551363198050282,0,0,28.476120859533268
1359,0.5551117853971641,16653.353561914922,30.136839080618586,15.0,24.249878537886538,0,0,28.476120859533268
1360,0.5543393661647757,16630.180984943272,29.942620324167024,15.0,23.947628042943037,0,0,28.476120859533268
1361,0.5535976865379275,16607.930596137827,29.747967012274405,15.0,23.64470127656449,0,0,28.476120859533268
1362,0.5528868167335863,16586.60450200759,29.552936824918078,15.0,23.341188002489563,0,0,28.476120859533268
1363,0.5522068178391034,16566.204535173103,29.357587553751614,15.0,23.037178158251677,0,0,28.476120859533268
1364,0.5515577417941135,16546.732253823408,29.161977084980045,15.0,22.73276182852875,0,0,28.476120859533268
1365,0.5509396313751439,16528.188941254317,28.966163382206886,15.0,22.42802921844911,0,0,28.476120859533268
1366,0.5503525201829379,16510.57560548814,28.77020446925828,15.0,22.123070626861796,0,0,28.476120859533268
1367,0.5497964326324997,16493.89297897499,28.574158412989263,15.0,21.81797641957905,0,0,28.476120859533268
1368,0.5492713839458581,16478.14151837574,28.378083306077336,15.0,21.51283700259895,0,0,28.476120859533268
1369,0.5487773801475574,16463.321404426722,28.18203724980828,15.0,21.207742795316136,0,0,28.476120859533268
1370,0.5483144180628711,16449.432541886134,27.98607833685967,15.0,20.902784203728828,0,0,28.476120859533268
1371,0.5478824853187432,16436.474559562295,27.790264634086512,15.0,20.59805159364919,0,0,28.476120859533268
1372,0.5474815603474541,16424.446810423622,27.594654165314942,15.0,20.293635263926255,0,0,28.476120859533268
1373,0.5471116123930122,16413.348371790365,27.399304894148482,15.0,19.989625419688373,0,0,28.476120859533268
1374,0.5467726015202673,16403.17804560802,27.204274706792155,15.0,19.686112145613453,0,0,28.476120859533268
1375,0.5464644786267441,16393.934358802322,27.009621394899572,15.0,19.38318537923496,0,0,28.476120859533268
1376,0.5461871854571922,16385.615563715768,26.81540263844797,15.0,19.080934884291402,0,0,28.476120859533268
1377,0.5459406546208492,16378.219638625476,26.621675988646558,15.0,18.779450224127654,0,0,28.476120859533268
1378,0.545724809611409,16371.74428834227,26.42849885088258,15.0,18.47882073515504,0,0,28.476120859533268
1379,0.5455395648296929,16366.186944890787,26.23592846771107,15.0,18.179135500379253,0,0,28.476120859533268
1380,0.5453848256090142,16361.544768270429,26.044021901892528,15.0,17.880483323003027,0,0,28.476120859533268
1381,0.5452604882432305,16357.814647296913,25.85283601948417,15.0,17.582952700112095,0,0,28.476120859533268
1382,0.5451664400174729,16354.993200524188,25.66242747298908,15.0,17.286631796451246,0,0,28.476120859533268
1383,0.5451025592415475,16353.076777246424,25.472852684568824,15.0,16.991608418299187,0,0,28.476120859533268
1384,0.5450687152859933,16352.0614585798,25.284167829324684,15.0,16.69796998745017,0,0,28.476120859533268
1385,0.5450647686207915,16351.943058623745,25.09642881865138,15.0,16.40580351530843,0,0,28.476120859533268
1386,0.5450905708567108,16352.717125701323,24.90969128366952,15.0,16.11519557710514,0,0,28.476120859533268
1387,0.5451459647892785,16354.378943678354,24.7240105587408,15.0,15.82623228624415,0,0,28.476120859533268
1388,0.5452307844453635,16356.923533360905,24.539441665071422,15.0,15.538999268785009,0,0,28.476120859533268
1389,0.5453448551323579,16360.345653970737,24.356039294407857,15.0,15.253581638069722,0,0,28.476120859533268
1390,0.5454879934899419,16364.639804698258,24.17385779283068,15.0,14.970063969502093,0,0,28.476120859533268
1391,0.5456600075444177,16369.80022633253,23.992951144650608,15.0,14.68853027548612,0,0,28.476120859533268
1392,0.5458606967655951,16375.820902967855,23.813372956411783,15.0,14.409063980531343,0,0,28.476120859533268
1393,0.5460898521262135,16382.695563786407,23.63517644100699,15.0,14.131747896532339,0,0,28.476120859533268
1394,0.5463472561638806,16390.417684916418,23.45841440190955,15.0,13.856664198229758,0,0,28.476120859533268
1395,0.5466326830455113,16398.98049136534,23.28313921752644,15.0,13.583894398860144,0,0,28.476120859533268
1396,0.5469458986342474,16408.37695902742,23.109402825677613,15.0,13.313519326002021,0,0,28.476120859533268
1397,0.5472866605588367,16418.5998167651,22.937256708205485,15.0,13.045619097624593,0,0,28.476120859533268
1398,0.5476547182854535,16429.641548563606,22.766751875719866,15.0,12.780273098347287,0,0,28.476120859533268
1399,0.5480498131919367,16441.4943957581,22.59793885248243,15.0,12.517559955916322,0,0,28.476120859533268
1400,0.5484716786444253,16454.150359332758,22.43086766143524,15.0,12.257557517905623,0,0,28.476120859533268
1401,0.5489200400763677,16467.601202291033,22.265587809377863,15.0,12.000342828648822,0,0,28.476120859533268
1402,0.5493946150698822,16481.838452096465,22.102148272297594,15.0,11.745992106409652,0,0,28.476120859533268
1403,0.5498951134394423,16496.853403183268,21.94059748085645,15.0,11.49458072079625,0,0,28.476120859533268
1404,0.5504212373178663,16512.63711953599,21.78098330604059,15.0,11.246183170428225,0,0,28.476120859533268
1405,0.5509726812445811,16529.180437337433,21.623353044974728,15.0,11.000873060860558,0,0,28.476120859533268
1406,0.5515491322561366,16546.473967684098,21.467753406907168,15.0,10.758723082772939,0,0,28.476120859533268
1407,0.552150269978944,16564.50809936832,21.314230499368744,15.0,10.519804990429854,0,0,28.476120859533268
1408,0.552775766724209,16583.27300172627,21.162829814510353,15.0,10.28418958041848,0,0,28.476120859533268
1409,0.5534252875850333,16602.758627551,21.013596215622286,15.0,10.051946670669613,0,0,28.476120859533268
1410,0.5540984905356549,16622.954716069646,20.86657392384074,15.0,9.823145079769812,0,0,28.476120859533268
1411,0.5547950265327971,16643.85079598391,20.721806505043656,15.0,9.59785260656821,0,0,28.476120859533268
1412,0.5555145396190979,16665.436188572938,20.579336856941623,15.0,9.376136010086931,0,0,28.476120859533268
1413,0.5562566670285884,16687.700010857654,20.43920719636617,15.0,9.158060989738635,0,0,28.476120859533268
1414,0.5570210392941876,16710.631178825628,20.30145904675988,15.0,8.943692165858156,0,0,28.476120859533268
1415,0.5578072803571831,16734.218410715494,20.166133225872343,15.0,8.733093060554472,0,0,28.476120859533268
1416,0.5586150076786661,16758.450230359984,20.03326983366494,15.0,8.526326078887715,0,0,28.476120859533268
1417,0.5594438323528859,16783.314970586576,19.902908240428093,15.0,8.323452490376777,0,0,28.476120859533268
1418,0.5602933592224905,16808.800776674714,19.77508707511537,15.0,8.124532410844392,0,0,28.476120859533268
1419,0.5611631869956208,16834.895609868625,19.649844213896714,15.0,7.929624784603254,0,0,28.476120859533268
1420,0.5620529083648222,16861.587250944667,19.527216768934757,15.0,7.738787366989305,0,0,28.476120859533268
1421,0.5629621101277376,16888.863303832128,19.407241077388058,15.0,7.552076707248155,0,0,28.476120859533268
1422,0.5638903733095493,16916.711199286477,19.28995269064322,15.0,7.369548131777671,0,0,28.476120859533268
1423,0.5648372732871294,16945.118198613884,19.175386363780593,15.0,7.1912557277341715,0,0,28.476120859533268
1424,0.5658023799148657,16974.071397445972,19.06357604527537,15.0,7.01725232700484,0,0,28.476120859533268
1425,0.5667852576521222,17003.557729563665,18.954554866937922,15.0,6.847589490552508,0,0,28.476120859533268
1426,0.5677854656922997,17033.56397076899,18.848355134096302,15.0,6.682317493137302,0,0,28.476120859533268
1427,0.5688025580934564,17064.076742803692,18.745008316023377,15.0,6.521485308418998,0,0,28.476120859533268
1428,0.5698360839104499,17095.082517313498,18.644545036611657,15.0,6.365140594444826,0,0,28.476120859533268
1429,0.570885587328562,17126.567619856858,18.54699506529908,15.0,6.213329679527836,0,0,28.476120859533268
1430,0.5719506077985662,17158.518233956987,18.452387308247417,15.0,6.066097548518434,0,0,28.476120859533268
1431,0.5730306801731992,17190.92040519598,18.360749799776883,15.0,5.923487829474563,0,0,28.476120859533268
1432,0.5741253348449932,17223.760045349794,18.272109694058944,15.0,5.785542780733751,0,0,28.476120859533268
1433,0.5752340978854307,17257.02293656292,18.186493257069937,15.0,5.652303278391036,0,0,28.476120859533268
1434,0.5763564911853805,17290.694735561414,18.10392585880787,15.0,5.523808804186476,0,0,28.476120859533268
1435,0.5774920325967713,17324.760977903137,18.024431965774856,15.0,5.400097433806002,0,0,28.476120859533268
1436,0.5786402360754626,17359.207082263878,17.948035133726943,15.0,5.281205825598456,0,0,28.476120859533268
1437,0.5798006118252701,17394.018354758104,17.874758000694307,15.0,5.167169209713325,0,0,28.476120859533268
1438,0.580972666443103,17429.179993293088,17.804622280272895,15.0,5.058021377660975,0,0,28.476120859533268
1439,0.5821559030651692,17464.677091955076,17.737648755190317,15.0,4.953794672299652,0,0,28.476120859533268
1440,0.5833498215142083,17500.49464542625,17.673857271147455,15.0,4.854519978251527,0,0,28.476120859533268
1441,0.5845539184477038,17536.61755343111,17.613266730937795,15.0,4.760226712751031,0,0,28.476120859533268
1442,0.5857676875070339,17573.030625211017,17.555895088846007,15.0,4.6709428169276705,0,0,28.476120859533268
1443,0.5869906194675181,17609.71858402554,17.501759345327876,15.0,4.586694747526755,0,0,28.476120859533268
1444,0.5882222023893099,17646.666071679298,17.450875541972493,15.0,4.507507469069401,0,0,28.476120859533268
1445,0.5894619217690967,17683.8576530729,17.40325875674899,15.0,4.433404446455253,0,0,28.476120859533268
1446,0.5907092606925576,17721.277820776726,17.3589230995385,15.0,4.3644076380092125,0,0,28.476120859533268
1447,0.5919636999875363,17758.91099962609,17.317881707953063,15.0,4.300537488974651,0,0,28.476120859533268
1448,0.5932247183778834,17796.7415513365,17.280146743442756,15.0,4.2418129254551635,0,0,28.476120859533268
1449,0.5944917926379214,17834.75377913764,17.24572938769197,15.0,4.188251348806331,0,0,28.476120859533268
1450,0.5957643977474884,17872.93193242465,17.214639839305978,15.0,4.139868630479228,0,0,28.476120859533268
1451,0.5970420070475115,17911.260211425346,17.18688731078894,15.0,4.096679107317497,0,0,28.476120859533268
1452,0.5983240923960691,17949.722771882072,17.162480025814027,15.0,4.058695577308979,0,0,28.476120859533268
1453,0.5996101243248892,17988.303729746676,17.1414252167865,15.0,4.025929295793332,0,0,28.476120859533268
1454,0.6008995721962432,18026.987165887298,17.123729122700695,15.0,3.9983899721269482,0,0,28.476120859533268
1455,0.602191904360185,18065.75713080555,17.109396987291184,15.0,3.9760857668057596,0,0,28.476120859533268
1456,0.6034865883120901,18104.597649362702,17.098433057479014,15.0,3.959023289047179,0,0,28.476120859533268
1457,0.6047830908504487,18143.49272551346,17.09084058211321,15.0,3.947207594831605,0,0,28.476120859533268
1458,0.6060808782348646,18182.426347045937,17.086621811008072,15.0,3.9406421854042266,0,0,28.476120859533268
1459,0.6073794163442138,18221.382490326414,17.085777994276537,15.0,3.9393290062375588,0,0,28.476120859533268
1460,0.6086781708349166,18260.345125047497,17.08830938195971,15.0,3.943268446454928,0,0,28.476120859533268
1461,0.6099766072992745,18299.298218978234,17.094215223952787,15.0,3.9524593387151756,0,0,28.476120859533268
1462,0.6112741914238271,18338.225742714814,17.10349377022733,15.0,3.9668989595585735,0,0,28.476120859533268
1463,0.6125703891476811,18377.111674430435,17.116142271349826,15.0,3.986583030213827,0,0,28.476120859533268
1464,0.6138646668207632,18415.9400046229,17.13215697929642,15.0,4.011505717865987,0,0,28.476120859533268
1465,0.6151564913619528,18454.694740858584,17.15153314856352,15.0,4.041659637384829,0,0,28.476120859533268
1466,0.616445330417045,18493.35991251135,17.174265037573996,15.0,4.07703585351322,0,0,28.476120859533268
1467,0.6177306525164991,18531.919575494972,17.200345910378555,15.0,4.1176238835148515,0,0,28.476120859533268
1468,0.6190119272329242,18570.357816987726,17.229768038651684,15.0,4.163411700280446,0,0,28.476120859533268
1469,0.6202886253382563,18608.65876014769,17.262522703981833,15.0,4.214385735891752,0,0,28.476120859533268
1470,0.6215602189605801,18646.806568817403,17.29860020045473,15.0,4.270530885641875,0,0,28.476120859533268
1471,0.6228261817405485,18684.785452216456,17.337989837529566,15.0,4.331830512511245,0,0,28.476120859533268
1472,0.6240859889873551,18722.579669620653,17.38067994320678,15.0,4.398266452097467,0,0,28.476120859533268
1473,0.6253391178342101,18760.173535026304,17.426657867486732,15.0,4.469819017997849,0,0,28.476120859533268
1474,0.6265850473932784,18797.55142179835,17.475909986118147,15.0,4.546467007642841,0,0,28.476120859533268
1475,0.6278232589100288,18834.697767300862,17.528421704635377,15.0,4.628187708578974,0,0,28.476120859533268
1476,0.6290532359169528,18871.597077508584,17.58417746268288,15.0,4.714956905198815,0,0,28.476120859533268
1477,0.630274464386605,18908.233931598148,17.64316073862628,15.0,4.806748885916849,0,0,28.476120859533268
1478,0.6314864328839199,18944.592986517597,17.70535405444792,15.0,4.903536450788096,0,0,28.476120859533268
1479,0.6326886327177621,18980.658981532863,17.77073898092609,15.0,5.005290919568253,0,0,28.476120859533268
1480,0.6338805580916619,19016.416742749858,17.839296143095957,15.0,5.11198214021219,0,0,28.476120859533268
1481,0.6350617062536938,19051.851187610817,17.911005225990802,15.0,5.223578497808662,0,0,28.476120859533268
1482,0.6362315776454531,19086.947329363593,17.985844980661703,15.0,5.340046923948394,0,0,28.476120859533268
1483,0.6373896760500848,19121.690281502542,18.06379323047424,15.0,5.461352906523224,0,0,28.476120859533268
1484,0.6385355087393246,19156.065262179738,18.1448268776797,15.0,5.587460499952472,0,0,28.476120859533268
1485,0.6396685866195043,19190.05759858513,18.228921910259537,15.0,5.718332335834526,0,0,28.476120859533268
1486,0.6407884243764806,19223.65273129442,18.316053409040748,15.0,5.8539296340200755,0,0,28.476120859533268
1487,0.6418945406194452,19256.836218583354,18.406195555079712,15.0,5.9942122141031255,0,0,28.476120859533268
1488,0.6429864580235695,19289.593740707085,18.499321637313194,15.0,6.139138507327738,0,0,28.476120859533268
1489,0.6440637034714481,19321.911104143444,18.5954040604732,15.0,6.288665568905468,0,0,28.476120859533268
1490,0.6451258081932927,19353.77424579878,18.69441435326406,15.0,6.442749090740817,0,0,28.476120859533268
1491,0.6461723079058385,19385.169237175152,18.796323176799287,15.0,6.601343414560997,0,0,28.476120859533268
1492,0.6472027429499221,19416.082288497662,18.901100333295055,15.0,6.764401545445052,0,0,28.476120859533268
1493,0.648216658426688,19446.49975280064,19.008714775018568,15.0,6.931875165749652,0,0,28.476120859533268
1494,0.6492136043323851,19476.40812997155,19.119134613488328,15.0,7.103714649426857,0,0,28.476120859533268
1495,0.6501931356917122,19505.794070751366,19.23232712892306,15.0,7.27986907672895,0,0,28.476120859533268
1496,0.6511548126896742,19534.644380690228,19.34825877993759,15.0,7.460286249297434,0,0,28.476120859533268
1497,0.6520982008019088,19562.946024057266,19.4668952134817,15.0,7.644912705630354,0,0,28.476120859533268
1498,0.6530228709234449,19590.686127703346,19.588201275019724,15.0,7.833693736924097,0,0,28.476120859533268
1499,0.6539283994958559,19617.851984875677,19.712141018947705,15.0,8.026573403284974,0,0,28.476120859533268
1500,0.6548143686327698,19644.431058983093,19.83867771924462,15.0,8.223494550305087,0,0,28.476120859533268
1501,0.6556803662436972,19670.410987310916,19.967773880355246,15.0,8.424398825998582,0,0,28.476120859533268
1502,0.6565259861561429,19695.779584684286,20.099391248301025,15.0,8.629226698092868,0,0,28.476120859533268
1503,0.6573508282359634,19720.5248470789,20.233490822015213,15.0,8.83791747166877,0,0,28.476120859533268
1504,0.6581544985059357,19744.63495517807,20.370032864900047,15.0,9.0504093071462,0,0,28.476120859533268
1505,0.6589366092625007,19768.098277875022,20.50897691660139,15.0,9.26663923860836,0,0,28.476120859533268
1506,0.6596967791906487,19790.903375719463,20.65028180499811,15.0,9.486543192459983,0,0,28.476120859533268
1507,0.6604346334769108,19813.039004307324,20.793905658402068,15.0,9.710056006413485,0,0,28.476120859533268
1508,0.6611498039204246,19834.494117612736,20.93980591796596,15.0,9.937111448798472,0,0,28.476120859533268
1509,0.6618419290420393,19855.25787126118,21.08793935029404,15.0,10.16764223818702,0,0,28.476120859533268
1510,0.6625106541914311,19875.319625742934,21.238262060253263,15.0,10.401580063330876,0,0,28.476120859533268
1511,0.6631556316521925,19894.668949565774,21.390729503980523,15.0,10.638855603403798,0,0,28.476120859533268
1512,0.6637765207448688,19913.295622346064,21.545296502081708,15.0,10.87939854854239,0,0,28.476120859533268
1513,0.6643729879279087,19931.18963783726,21.701917253019445,15.0,11.123137620680664,0,0,28.476120859533268
1514,0.6649447068964995,19948.341206894987,21.860545346685115,15.0,11.370000594671279,0,0,28.476120859533268
1515,0.665491358679259,19964.740760377772,22.021133778150983,15.0,11.61991431968715,0,0,28.476120859533268
1516,0.6660126317327529,19980.378951982588,22.183634961599164,15.0,11.872804740898175,0,0,28.476120859533268
1517,0.6665082220338119,19995.246661014357,22.348000744421874,15.0,12.128596921414632,0,0,28.476120859533268
1518,0.6669778331696209,20009.334995088626,22.514182421490286,15.0,12.387215064492871,0,0,28.476120859533268
1519,0.6674211764255519,20022.635292766558,22.682130749587127,15.0,12.648582535995882,0,0,28.476120859533268
1520,0.6678379708707168,20035.139126121507,22.851795961998057,15.0,12.91262188710092,0,0,28.476120859533268
1521,0.6682279434412132,20046.838303236396,23.023127783258968,15.0,13.179254877249821,0,0,28.476120859533268
1522,0.6685908290210385,20057.724870631155,23.19607544405368,15.0,13.448402497333355,0,0,28.476120859533268
1523,0.6689263705206504,20067.79111561951,23.370587696257637,15.0,13.719984993102788,0,0,28.476120859533268
1524,0.6692343189531477,20077.02956859443,23.546612828124374,15.0,13.993921888803614,0,0,28.476120859533268
1525,0.6695144335080503,20085.43300524151,23.724098679608318,15.0,14.27013201102149,0,0,28.476120859533268
1526,0.6697664816226572,20092.994448679714,23.902992657821134,15.0,14.548533512735982,0,0,28.476120859533268
1527,0.6699902390509588,20099.707171528764,24.08324175261638,15.0,14.82904389757396,0,0,28.476120859533268
1528,0.6701854899300868,20105.564697902602,24.264792552297067,15.0,15.111580044254321,0,0,28.476120859533268
1529,0.6703520268442783,20110.56080532835,24.4475912594431,15.0,15.396058231219229,0,0,28.476120859533268
1530,0.6704896508863385,20114.689526590155,24.631583706852425,15.0,15.682394161442343,0,0,28.476120859533268
1531,0.67059817171658,20117.9451514974,24.81671537359204,15.0,15.970502987407965,0,0,28.476120859533268
1532,0.6706774076192253,20120.32222857676,25.002931401153493,15.0,16.26029933625288,0,0,28.476120859533268
1533,0.6707271855562532,20121.815566687597,25.190176609709113,15.0,16.55169733506485,0,0,28.476120859533268
1534,0.6707473412186734,20122.420236560203,25.378395514462365,15.0,16.844610636327705,0,0,28.476120859533268
1535,0.6707377190752147,20122.131572256443,25.567532342089827,15.0,17.13895244350893,0,0,28.476120859533268
1536,0.6706981724184127,20120.94517255238,25.75753104726745,15.0,17.434635536778465,0,0,28.476120859533268
1537,0.6706285634080816,20118.85690224245,25.948335329278418,15.0,17.731572298854466,0,0,28.476120859533268
1538,0.6705287631121604,20115.86289336481,26.139888648696083,15.0,18.029674740965913,0,0,28.476120859533268
1539,0.6703986515449171,20111.959546347513,26.332134244137876,15.0,18.32885452892569,0,0,28.476120859533268
1540,0.6702381177025039,20107.143531075115,26.525015149084755,15.0,18.629023009305612,0,0,28.476120859533268
1541,0.6700470595958494,20101.411787875484,26.718474208762025,15.0,18.930091235707025,0,0,28.476120859533268
1542,0.6698253842808811,20094.761528426432,26.912454097075006,15.0,19.231969995116675,0,0,28.476120859533268
1543,0.6695730078860652,20087.190236581955,27.106897333596393,15.0,19.534569834343134,0,0,28.476120859533268
1544,0.669289855637261,20078.695669117827,27.30174630059878,15.0,19.8378010865234,0,0,28.476120859533268
1545,0.6689758618798773,20069.27585639632,27.496943260128056,15.0,20.14157389769318,0,0,28.476120859533268
1546,0.668630970098328,20058.929102949838,27.692430371112422,15.0,20.445798253412576,0,0,28.476120859533268
1547,0.6682551329327775,20047.653987983325,27.88814970650197,15.0,20.75038400543935,0,0,28.476120859533268
1548,0.6678483121931762,20035.449365795284,28.08404327043354,15.0,21.055240898441497,0,0,28.476120859533268
1549,0.6674104788705758,20022.314366117273,28.28005301541657,15.0,21.360278596742504,0,0,28.476120859533268
1550,0.6669416131457254,20008.248394371763,28.476120859533303,15.0,21.665406711089002,0,0,28.476120859533268
1551,0.6664417043949452,19993.251131848356,28.672188703649944,15.0,21.970534825435372,0,0,28.476120859533268
1552,0.6659107511932735,19977.322535798205,28.868198448632935,15.0,22.275572523736315,0,0,28.476120859533268
1553,0.6653487613148895,19960.462839446685,29.064092012564586,15.0,22.580429416738586,0,0,28.476120859533268
1554,0.6647557517308096,19942.672551924286,29.259811347954056,15.0,22.885015168765236,0,0,28.476120859533268
1555,0.6641317486038583,19923.95245811575,29.455298458938458,15.0,23.18923952448469,0,0,28.476120859533268
1556,0.6634767872809161,19904.303618427482,29.6504954184677,15.0,23.493012335654413,0,0,28.476120859533268
1557,0.6627909122824447,19883.72736847334,29.84534438547012,15.0,23.796243587834745,0,0,28.476120859533268
1558,0.6620741772892953,19862.22531867886,30.039787621991554,15.0,24.09884342706126,0,0,28.476120859533268
1559,0.6613266451268014,19839.799353804043,30.23376751030449,15.0,24.400722186470848,0,0,28.476120859533268
1560,0.6605483877461624,19816.451632384873,30.427226569981766,15.0,24.701790412872256,0,0,28.476120859533268
1561,0.6597394862031232,19792.184586093696,30.62010747492868,15.0,25.001958893252244,0,0,28.476120859533268
1562,0.658900030633955,19767.00091901865,30.812353070370396,15.0,25.301138681211903,0,0,28.476120859533268
1563,0.6580301202287466,19740.903606862397,31.0039063897881,15.0,25.59924112332341,0,0,28.476120859533268
1564,0.6571298632020119,19713.89589606036,31.19471067179911,15.0,25.896177885399474,0,0,28.476120859533268
1565,0.656199376760624,19685.98130281872,31.38470937697669,15.0,26.191860978668945,0,0,28.476120859533268
1566,0.6552387870690833,19657.1636120725,31.573846204604155,15.0,26.486202785850168,0,0,28.476120859533268
1567,0.6542482292121335,19627.446876364007,31.762065109357405,15.0,26.779116087113024,0,0,28.476120859533268
1568,0.6532278471547324,19596.83541464197,31.949310317913024,15.0,27.07051408592499,0,0,28.476120859533268
1569,0.6521777936993916,19565.333810981745,32.13552634547452,15.0,27.36031043476997,0,0,28.476120859533268
1570,0.6510982304408987,19532.94691322696,32.32065801221409,15.0,27.64841926073553,0,0,28.476120859533268
1571,0.6499893277184328,19499.67983155298,32.50465045962342,15.0,27.934755190958647,0,0,28.476120859533268
1572,0.6488512645650891,19465.537936952674,32.68744916676949,15.0,28.219233377923615,0,0,28.476120859533268
1573,0.6476842286548283,19430.52685964485,32.86899996645014,15.0,28.501769524603915,0,0,28.476120859533268
1574,0.6464884162468639,19394.652487405918,33.04924906124539,15.0,28.782279909441893,0,0,28.476120859533268
1575,0.6452640321275068,19357.920963825203,33.22814303945824,15.0,29.060681411156445,0,0,28.476120859533268
1576,0.6440112895494825,19320.338686484476,33.40562889094215,15.0,29.33689153337426,0,0,28.476120859533268
1577,0.6427304101687401,19281.912305062204,33.58165402280884,15.0,29.610828429075035,0,0,28.476120859533268
1578,0.6414216239787702,19242.648719363107,33.75616627501284,15.0,29.88241092484452,0,0,28.476120859533268
1579,0.6400851692424536,19202.55507727361,33.929113935807514,15.0,30.151558544928,0,0,28.476120859533268
1580,0.6387212924214585,19161.638772643753,34.10044575706849,15.0,30.418191535077014,0,0,28.476120859533268
1581,0.6373302481032083,19119.907443096246,34.27011096947939,15.0,30.68223088618199,0,0,28.476120859533268
1582,0.6359122989254423,19077.36896776327,34.43805929757624,15.0,30.943598357685005,0,0,28.476120859533268
1583,0.6344677154983904,19034.031464951713,34.60424097464471,15.0,31.202216500763353,0,0,28.476120859533268
1584,0.6329967763245856,18989.90328973757,34.76860675746735,15.0,31.4580086812797,0,0,28.476120859533268
1585,0.6314997677163371,18944.993031490114,34.9311079409155,15.0,31.71089910249068,0,0,28.476120859533268
1586,0.6299769837108903,18899.309511326708,35.09169637238145,15.0,31.960812827506647,0,0,28.476120859533268
1587,0.628428725983297,18852.86177949891,35.25032446604705,15.0,32.20767580149717,0,0,28.476120859533268
1588,0.6268553037570228,18805.659112710684,35.40694521698481,15.0,32.45141487363549,0,0,28.476120859533268
1589,0.6252570337123171,18757.711011369513,35.56151221508597,15.0,32.69195781877403,0,0,28.476120859533268
1590,0.6236342398923743,18709.02719677123,35.71397965881326,15.0,32.92923335884701,0,0,28.476120859533268
1591,0.6219872536073127,18659.61760821938,35.86430236877254,15.0,33.163171183990954,0,0,28.476120859533268
1592,0.6203164133360002,18609.492400080006,36.01243580110056,15.0,33.39370197337941,0,0,28.476120859533268
1593,0.6186220646257554,18558.661938772664,36.158336060664425,15.0,33.62075741576435,0,0,28.476120859533268
1594,0.6169045599899551,18507.136799698652,36.30195991406844,15.0,33.84427022971794,0,0,28.476120859533268
1595,0.6151642588035761,18454.92776410728,36.443264802465094,15.0,34.06417418356948,0,0,28.476120859533268
1596,0.6134015271967053,18402.045815901158,36.58220885416648,15.0,34.280404115031686,0,0,28.476120859533268
1597,0.6116167379460473,18348.50213838142,36.718750897051336,15.0,34.49289595050916,0,0,28.476120859533268
1598,0.6098102703644631,18294.308110933893,36.8528504707655,15.0,34.70158672408501,0,0,28.476120859533268
1599,0.6079825101885701,18239.475305657103,36.98446783871128,15.0,34.9064145961793,0,0,28.476120859533268
1600,0.6061338494644415,18184.015483933246,37.113563999821906,15.0,35.1073188718728,0,0,28.476120859533268
1601,0.604264686431434,18127.94059294302,37.24010070011882,15.0,35.30424001889291,0,0,28.476120859533268
1602,0.6023754254041808,18071.26276212542,37.36404044404678,15.0,35.49711968525375,0,0,28.476120859533268
1603,0.6004664766527842,18013.994299583526,37.4853465055848,15.0,35.68590071654749,0,0,28.476120859533268
1604,0.5985382562812447,17956.14768843734,37.60398293912894,15.0,35.87052717288044,0,0,28.476120859533268
1605,0.5965911861041594,17897.73558312478,37.71991459014349,15.0,36.05094434544897,0,0,28.476120859533268
1606,0.5946256935217296,17838.770805651886,37.8331071055782,15.0,36.227098772751035,0,0,28.476120859533268
1607,0.5926422113931129,17779.266341793387,37.94352694404796,15.0,36.39893825642824,0,0,28.476120859533268
1608,0.5906411779081577,17719.235337244732,38.051141385771494,15.0,36.56641187673287,0,0,28.476120859533268
1609,0.5886230364575584,17658.691093726753,38.15591854226724,15.0,36.72947000761689,0,0,28.476120859533268
1610,0.5865882355014682,17597.647065044046,38.25782736580244,15.0,36.88806433143704,0,0,28.476120859533268
1611,0.5845372284366117,17536.116853098352,38.35683765859333,15.0,37.042147853272425,0,0,28.476120859533268
1612,0.5824704734619335,17474.114203858004,38.45292008175331,15.0,37.191674914850125,0,0,28.476120859533268
1613,0.5803884334428231,17411.653003284693,38.546046163986816,15.0,37.33660120807477,0,0,28.476120859533268
1614,0.5782915757739593,17348.747273218778,38.63618831002579,15.0,37.47688378815782,0,0,28.476120859533268
1615,0.5761803722408095,17285.411167224287,38.72331980880699,15.0,37.612481086343365,0,0,28.476120859533268
1616,0.5740552988798313,17221.658966394938,38.807414841386844,15.0,37.74335292222544,0,0,28.476120859533268
1617,0.5719168358374107,17157.50507512232,38.88844848859229,15.0,37.869460515654666,0,0,28.476120859533268
1618,0.5697654672275856,17092.96401682757,38.96639673840481,15.0,37.990766498229476,0,0,28.476120859533268
1619,0.5676016809885923,17028.05042965777,39.04123649307574,15.0,38.10723492436926,0,0,28.476120859533268
1620,0.5654259687382783,16962.77906214835,39.112945575970556,15.0,38.21883128196568,0,0,32.47612085953327
1621,0.563055366638669,16891.660999160067,44.685272430847476,15.0,38.325522502609644,0,0,32.47612085953327
1622,0.5606735260676076,16820.205782028228,44.75984188450202,15.0,38.42727697138979,0,0,32.47612085953327
1623,0.5582809637476023,16748.42891242807,44.8307714065125,15.0,38.52406453626105,0,0,32.47612085953327
1624,0.5558781995782466,16676.3459873474,44.898039978930704,15.0,38.61585651697908,0,0,32.47612085953327
1625,0.5534657564821622,16603.97269446487,44.96162766862684,15.0,38.70262571359893,0,0,32.47612085953327
1626,0.5510441602500459,16531.324807501376,45.02151563319614,15.0,38.784346414535044,0,0,32.47612085953327
1627,0.5486139393848657,16458.41818154597,45.077686126542226,15.0,38.86099440418006,0,0,32.47612085953327
1628,0.546175624945255,16385.26874835765,45.13012250413561,15.0,38.93254697008042,0,0,32.47612085953327
1629,0.5437297503881477,16311.892511644433,45.17880922794602,15.0,38.99898290966665,0,0,32.47612085953327
1630,0.5412768514107041,16238.305542321124,45.22373187104639,15.0,39.06028253653604,0,0,32.47612085953327
1631,0.5388174657915714,16164.523973747142,45.26487712188805,15.0,39.11642768628615,0,0,32.47612085953327
1632,0.5363521332315287,16090.563996945863,45.30223278824523,15.0,39.16740172189746,0,0,32.47612085953327
1633,0.5338813951935624,16016.441855806872,45.335787800827745,15.0,39.213189538663045,0,0,32.47612085953327
1634,0.5314057947424183,15942.17384227255,45.36553221656123,15.0,39.253777568664674,0,0,32.47612085953327
1635,0.5289258763836805,15867.776291510416,45.39145722153334,15.0,39.28915378479307,0,0,32.47612085953327
1636,0.5264421859024221,15793.265577072661,45.4135551336056,15.0,39.31930770431191,0,0,32.47612085953327
1637,0.5239552702014774,15718.658106044322,45.43181940468976,15.0,39.344230391964075,0,0,32.47612085953327
1638,0.5214656771393832,15643.970314181497,45.44624462268811,15.0,39.363914462619334,0,0,32.47612085953327
1639,0.5189739553680361,15569.218661041083,45.45682651309724,15.0,39.378354083462725,0,0,32.47612085953327
1640,0.516480654170115,15494.41962510345,45.46356194027465,15.0,39.387544975722975,0,0,32.47612085953327
1641,0.5139863232963171,15419.589698889515,45.46644890836791,15.0,39.391484415940354,0,0,32.47612085953327
1642,0.511491512802455,15344.74538407365,45.46548656190605,15.0,39.39017123677368,0,0,32.47612085953327
1643,0.5089967728864627,15269.903186593881,45.4606751860531,15.0,39.38360582734631,0,0,32.47612085953327
1644,0.5065026537253607,15195.079611760822,45.45201620652358,15.0,39.37179013313073,0,0,32.47612085953327
1645,0.5040097053122264,15120.291159366792,45.439512189159984,15.0,39.354727655372145,0,0,32.47612085953327
1646,0.5015184772932192,15045.554318796576,45.42316683917252,15.0,39.33242345005097,0,0,32.47612085953327
1647,0.4990295188047087,14970.885564141261,45.402985000041156,15.0,39.30488412638458,0,0,32.47612085953327
1648,0.49654337831055356,14896.301349316607,45.37897265208038,15.0,39.27211784486893,0,0,32.47612085953327
1649,0.49406060343958,14821.818103187401,45.35113691066712,15.0,39.2341343148604,0,0,32.47612085953327
1650,0.49158174082330736,14747.45222469922,45.31948602413232,15.0,39.19094479169868,0,0,32.47612085953327
1651,0.48910733593396943,14673.220078019083,45.284029371316706,15.0,39.14256207337159,0,0,32.47612085953327
1652,0.4866379329228795,14599.137987686385,45.24477745879176,15.0,39.08900049672275,0,0,32.47612085953327
1653,0.4841740744591862,14525.222233775587,45.201741917746276,15.0,39.03027593320327,0,0,32.47612085953327
1654,0.4817163015690692,14451.489047072077,45.154935500539835,15.0,38.96640578416871,0,0,32.47612085953327
1655,0.47926515347542137,14377.95460426264,45.10437207692406,15.0,38.897408975722655,0,0,32.47612085953327
1656,0.4768211674380653,14304.635023141958,45.05006662993255,15.0,38.823305953108516,0,0,32.47612085953327
1657,0.4743848785945518,14231.546357836554,44.99203525144132,15.0,38.744118674651176,0,0,32.47612085953327
1658,0.47195681980158716,14158.704594047615,44.93029513740021,15.0,38.65987060525025,0,0,32.47612085953327
1659,0.46953752147713596,14086.12564431408,44.86486458273748,15.0,38.570586709426905,0,0,32.47612085953327
1660,0.4671275114432469,14013.825343297407,44.79576297593855,15.0,38.47629344392637,0,0,32.47612085953327
1661,0.4647273147696477,13941.819443089431,44.723010793300915,15.0,38.37701874987829,0,0,32.47612085953327
1662,0.46233745361815565,13870.123608544669,44.64662959286635,15.0,38.27279204451694,0,0,32.47612085953327
1663,0.45995844708794975,13798.753412638493,44.56664200803299,15.0,38.163644212464575,0,0,32.47612085953327
1664,0.4575908110617506,13727.724331852518,44.48307174084855,15.0,38.04960759657946,0,0,32.47612085953327
1665,0.4552350580529529,13657.051741588586,44.39594355498673,15.0,37.930715988371915,0,0,32.47612085953327
1666,0.45289169705375687,13586.750911612706,44.305283268409426,15.0,37.80700461799144,0,0,32.47612085953327
1667,0.45056123338434295,13516.837001530288,44.21111774571612,15.0,37.67851014378691,0,0,32.47612085953327
1668,0.4482441685431342,13447.325056294027,44.113474890183454,15.0,37.54527064144417,0,0,32.47612085953327
1669,0.445941000058192,13378.23000174576,44.012383635496874,15.0,37.40732559270339,0,0,32.47612085953327
1670,0.44365222133978727,13309.566640193618,43.907873937176795,15.0,37.2647158736595,0,0,32.47612085953327
1671,0.44137832153419254,13241.349646025776,43.79997676370236,15.0,37.11748374265006,0,0,32.47612085953327
1672,0.43911978537873747,13173.593561362124,43.688724087334755,15.0,36.9656728277331,0,0,32.47612085953327
1673,0.4368770930581706,13106.312791745117,43.574148874642894,15.0,36.80932811375893,0,0,32.47612085953327
1674,0.43465072006237004,13039.521601871102,43.45628507673513,15.0,36.64849592904059,0,0,32.47612085953327
1675,0.4324411370454461,12973.234111363383,43.33516761919845,15.0,36.48322393162542,0,0,32.47612085953327
1676,0.4302488096862757,12907.464290588272,43.21083239174946,15.0,36.31356109517312,0,0,32.47612085953327
1677,0.42807419855051226,12842.225956515367,43.083316237599455,15.0,36.139557694443795,0,0,32.47612085953327
1678,0.4259177589541095,12777.532768623285,42.95265694253685,15.0,35.961265290400256,0,0,32.47612085953327
1679,0.42377994082840215,12713.398224852064,42.81889322373068,15.0,35.778736714929764,0,0,32.47612085953327
1680,0.42166118858678114,12649.835657603435,42.68206471825774,15.0,35.592026055188626,0,0,32.47612085953327
1681,0.41956194099300453,12586.858229790136,42.54221197135711,15.0,35.40118863757468,0,0,32.47612085953327
1682,0.41748263103118216,12524.478930935466,42.399376424416026,15.0,35.206281011333495,0,0,32.47612085953327
1683,0.4154236857774735,12462.710573324206,42.25360040268967,15.0,35.00736093180115,0,0,32.47612085953327
1684,0.41338552627353525,12401.565788206057,42.10492710275939,15.0,34.80448734329026,0,0,32.47612085953327
1685,0.4113685674017579,12341.057022052737,41.95340057973256,15.0,34.597720361623416,0,0,32.47612085953327
1686,0.40937321776232716,12281.196532869815,41.79906573418825,15.0,34.387121256319816,0,0,32.47612085953327
1687,0.40739987955214685,12221.996386564406,41.64196829887187,15.0,34.172752432439296,0,0,32.47612085953327
1688,0.4054489484456591,12163.468453369773,41.4821548251441,15.0,33.954677412091,0,0,32.47612085953327
1689,0.4035208134775977,12105.624404327931,41.31967266918612,15.0,33.73296081560972,0,0,32.47612085953327
1690,0.40161585692770885,12048.475707831265,41.1545699779675,15.0,33.50766834240817,0,0,32.47612085953327
1691,0.39869503764819164,11960.85112944575,40.98689567497881,15.0,33.27886675150832,1,0,32.47612085953327
1692,0.3957704036357899,11873.112109073698,41.349342006752366,15.0,33.0466238417595,2,0,32.47612085953327
1693,0.392820364905269,11784.61094715807,42.36311021107768,15.0,32.81100843174803,3,0,32.47612085953327
1694,0.38984512012376404,11695.353603712922,43.37446615444983,15.0,32.572090339405044,4,0,32.47612085953327
1695,0.3868448777892415,11605.346333677244,44.38303929824754,15.0,32.32994036131738,5,0,32.47612085953327
1696,0.3838198561689427,11514.595685068281,45.3884599216609,15.0,32.08463025174966,6,0,32.47612085953327
1697,0.38077028322595535,11423.108496778661,46.39035950059523,15.0,31.836232701381682,7,0,32.47612085953327
1698,0.37769639653376286,11330.891896012885,47.38837109130572,15.0,31.58482131576828,8,0,32.47612085953327
1699,0.3745984431786417,11237.953295359252,48.38212971828573,15.0,31.330470593529114,9,0,32.47612085953327
1700,0.37147667964979014,11144.300389493705,49.37127276591066,15.0,31.07325590427237,10,0,32.47612085953327
1701,0.36833137171708846,11049.941151512654,50.355440373329266,15.0,30.813253466261614,11,0,32.47612085953327
1702,0.3651627942964108,10954.883828892323,51.334275832076266,15.0,30.550540323830706,12,0,32.47612085953327
1703,0.3619712313024232,10859.136939072696,52.30742598586666,15.0,30.285194324553345,13,0,32.47612085953327
1704,0.3587569754888228,10762.709264664683,53.27454163202249,15.0,30.01729409617586,14,0,32.47612085953327
1705,0.35552032827598995,10665.609848279699,54.23527792396719,15.0,29.746919023317794,15,0,32.47612085953327
1706,0.35226159956604636,10567.847986981391,55.18929477421517,15.0,29.47414922394818,16,0,32.47612085953327
1707,0.348981107545328,10469.43322635984,56.13625725727534,15.0,29.1990655256456,17,0,32.47612085953327
1708,0.3456791784743048,10370.375354229143,57.07583601187628,15.0,28.92174944164659,18,0,32.47612085953327
1709,0.34235614646499485,10270.684393949845,58.00770764191796,15.0,28.642283146691817,19,0,32.47612085953327
1710,0.3390123532459452,10170.370597378356,58.93155511554715,15.0,28.360749452675908,20,0,32.47612085953327
1711,0.33564814791486636,10069.44443744599,59.84706816174945,15.0,28.077231784108214,21,0,32.47612085953327
1712,0.3322638866790314,9967.916600370942,60.75394366385127,15.0,27.791814153392878,22,0,32.47612085953327
1713,0.32885993258356916,9865.797977507074,61.651886049319316,15.0,27.50458113593379,23,0,32.47612085953327
1714,0.3254366552278011,9763.099656834032,62.54060767524866,15.0,27.215617845072803,24,0,32.47612085953327
1715,0.32199443046979126,9659.832914093739,63.419829208933045,15.0,26.925009906869512,25,0,32.47612085953327
1716,0.3185336401192995,9556.009203578986,64.28928000290946,15.0,26.63284343472777,26,0,32.47612085953327
1717,0.3150546716193469,9451.640148580407,65.14869846387951,15.0,26.339205003878753,27,0,32.47612085953327
1718,0.3115579177166222,9346.737531498668,65.99783241491212,15.0,26.044181625726694,28,0,32.47612085953327
1719,0.3080437761209781,9241.313283629343,66.83643945034245,15.0,25.747860722065848,29,0,32.47612085953327
1720,0.3045126491542828,9135.379474628484,67.66428728278785,15.0,25.45033009917485,30,0,32.47612085953327
1721,0.3009649433889153,9028.948301667459,68.4811540817183,15.0,25.151677921798754,31,0,32.47612085953327
1722,0.29742745067187315,8922.823520156195,69.28682880302202,15.0,24.060550816987487,32,0,32.47612085953327
1723,0.2939331085763161,8817.993257289483,70.07198590543132,15.0,22.001896336443025,33,0,32.47612085953327
1724,0.2904814018271568,8714.442054814705,70.82543332023758,15.0,19.990485767236223,34,0,32.47612085953327
1725,0.28707182112422336,8612.154633726701,71.5477044888401,15.0,18.025600168936364,35,0,32.47612085953327
1726,0.28370386306987166,8511.11589209615,72.23933715149774,15.0,16.106518453222677,36,0,32.47612085953327
1727,0.28037703009752846,8411.310902925854,72.9008731194386,15.0,14.2325175857152,37,0,32.47612085953327
1728,0.277090830401154,8312.72491203462,73.5328580477593,15.0,12.402872787350944,38,0,32.47612085953327
1729,0.2738447778656132,8215.343335968395,74.13584120919148,15.0,10.61685773522396,39,0,32.47612085953327
1730,0.2706383919979451,8119.151759938352,74.71037526880463,15.0,8.873744762816116,40,0,32.47612085953327
1731,0.26747119785951967,8024.13593578559,75.25701605971767,15.0,7.172805059542554,41,0,32.47612085953327
1732,0.26434272599907116,7930.281779972134,75.77632235989131,15.0,5.513308869535777,42,0,32.47612085953327
1733,0.261252512386598,7837.575371597941,76.26885567006572,15.0,3.894525689599888,43,0,32.47612085953327
1734,0.258200098348119,7746.002950443571,76.73517999291323,15.0,2.315724466262054,44,0,32.47612085953327
1735,0.25518503050127495,7655.550915038248,77.17586161347097,15.0,0.7761737918518747,45,0,32.47612085953327
1736,0.2522068606917661,7566.2058207529835,76.86661098045897,15.0,0.0,46,0,32.47612085953327
1737,0.24926514593061586,7477.954377918476,75.7944698490358,15.0,0.0,47,0,32.47612085953327
1738,0.24635944833224943,7390.783449967483,74.73545253502172,15.0,0.0,48,0,32.47612085953327
1739,0.2434893350533792,7304.680051601375,73.68940139960979,15.0,0.0,49,0,32.47612085953327
1740,0.24065437823268604,7219.631346980581,72.65616061921651,15.0,0.0,50,0,32.47612085953327
1741,0.23785415493128745,7135.624647938624,71.63557616376697,15.0,0.0,51,0,32.47612085953327
1742,0.2350882470739828,7052.647412219484,70.62749577526348,15.0,0.0,52,0,32.47612085953327
1743,0.2323562413912664,6970.687241737992,69.63176894663381,15.0,0.0,53,0,32.47612085953327
1744,0.22965772936209888,6889.731880862966,68.64824690085591,15.0,0.0,54,0,32.47612085953327
1745,0.2269923071574279,6809.769214722837,67.6767825703556,15.0,0.0,55,0,32.47612085953327
1746,0.22435957558444888,6730.787267533467,66.71723057667405,15.0,0.0,56,0,32.47612085953327
1747,0.2217591400315967,6652.774200947901,65.7694472104016,15.0,0.0,57,0,32.47612085953327
1748,0.21919061041425936,6575.718312427781,64.8332904113748,15.0,0.0,58,0,32.47612085953327
1749,0.21665360112120516,6499.608033636155,63.908619749133365,15.0,0.0,59,0,32.47612085953327
1750,0.21414773096171388,6424.431928851416,62.99529640363386,15.0,0.0,60,0,32.47612085953327
1751,0.2116726231134039,6350.1786934021175,62.093183146217,15.0,0.0,61,0,32.47612085953327
1752,0.20922790507074646,6276.8371521223935,61.20214432082541,15.0,0.0,62,0,32.47612085953327
1753,0.20681320859425817,6204.396257827745,60.32204582546872,15.0,0.0,63,0,32.47612085953327
1754,0.20442816966036426,6132.845089810928,59.452755093932936,15.0,0.0,64,0,32.47612085953327
1755,0.20207242841192294,6062.1728523576885,58.59414107773114,15.0,0.0,65,0,32.47612085953327
1756,0.1997456291094039,5992.368873282117,57.74607422829225,15.0,0.0,66,0,32.47612085953327
1757,0.19744742008271152,5923.422602481345,56.90842647938541,15.0,0.0,67,0,32.47612085953327
1758,0.19517745368364578,5855.323610509374,56.08107122977615,15.0,0.0,68,0,32.47612085953327
1759,0.19293538623899228,5788.061587169768,55.263883326112484,15.0,0.0,69,0,32.47612085953327
1760,0.19072087800423324,5721.626340126997,54.456739046037214,15.0,0.0,70,0,32.47612085953327
1761,0.18853359311787204,5656.007793536161,53.65951608152397,15.0,0.0,71,0,32.47612085953327
1762,0.18637319955636342,5591.195986690903,52.87209352243395,15.0,0.0,72,0,32.47612085953327
1763,0.18423936908964134,5527.18107268924,52.09435184029084,15.0,0.0,73,0,32.47612085953327
1764,0.1821317772372371,5463.953317117113,51.326172872270874,15.0,0.0,74,0,32.47612085953327
1765,0.18005010322498025,5401.503096749408,50.56743980540535,15.0,0.0,75,0,32.47612085953327
1766,0.1779940299422743,5339.820898268229,49.81803716099289,15.0,0.0,76,0,32.47612085953327
1767,0.17596324389994059,5278.897316998217,49.07785077921875,15.0,0.0,77,0,32.47612085953327
1768,0.17395743518862203,5218.723055658661,48.34676780397861,15.0,0.0,78,0,32.47612085953327
1769,0.17197629743774054,5159.288923132216,47.62467666790393,15.0,0.0,79,0,32.47612085953327
1770,0.1700195277749998,5100.585833249994,46.91146707758659,15.0,0.0,80,0,32.47612085953327
1771,0.16808682678642703,5042.604803592811,46.20702999899993,15.0,0.0,81,0,32.47612085953327
1772,0.1661778984769466,4985.336954308398,45.51125764311373,15.0,0.0,82,0,32.47612085953327
1773,0.164292450231478,4928.773506944341,44.82404345170078,15.0,0.0,83,0,32.47612085953327
1774,0.162430192776552,4872.90578329656,44.14528208333209,15.0,0.0,84,0,32.47612085953327
1775,0.16059084014243713,4817.725204273114,43.47486939955872,15.0,0.0,85,0,32.47612085953327
1776,0.15877410962577101,4763.223288773131,42.812702451277374,15.0,0.0,86,0,32.47612085953327
1777,0.15697972175268854,4709.391652580656,42.15867946527757,15.0,0.0,87,0,32.47612085953327
1778,0.15520740024244098,4656.22200727323,41.512699830967875,15.0,0.0,88,0,32.47612085953327
1779,0.15345687197149938,4603.706159144981,40.87466408727875,15.0,0.0,89,0,32.47612085953327
1780,0.1517278669381352,4551.836008144056,40.24447390973978,15.0,0.0,90,0,32.47612085953327
1781,0.15002011822747263,4500.603546824179,39.62203209772867,15.0,0.0,91,0,32.47612085953327
1782,0.14833336197700528,4450.000859310158,39.00724256189015,15.0,0.0,92,0,32.47612085953327
1783,0.14666733734257137,4400.020120277141,38.4000103117219,15.0,0.0,93,0,32.47612085953327
1784,0.1450217864647812,4350.653593943436,37.800241443325696,15.0,0.0,94,0,32.47612085953327
1785,0.14339645443589044,4301.893633076713,37.207843127321226,15.0,0.0,95,0,32.47612085953327
1786,0.14179108926711323,4253.732678013397,36.62272359692056,15.0,0.0,96,0,32.47612085953327
1787,0.14020544185636916,4206.1632556910745,36.044792136160765,15.0,0.0,97,0,32.47612085953327
1788,0.1386392659564576,4159.177978693728,35.47395906829289,15.0,0.0,98,0,32.47612085953327
1789,0.13709231814365402,4112.769544309621,34.910135744324734,15.0,0.0,99,0,32.47612085953327
1790,0.13556435778672216,4066.9307336016645,34.35323453171545,15.0,0.0,100,0,32.47612085953327
1791,0.13405514701633575,4021.654410490072,33.803168803219975,15.0,0.0,101,0,32.47612085953327
1792,0.13256445069490497,3976.933520847149,33.25985292588087,15.0,0.0,102,0,32.47612085953327
1793,0.13109203638680086,3932.761091604026,32.72320225016579,15.0,0.0,103,0,32.47612085953327
1794,0.1296376743289729,3889.130229869187,32.193133099248314,15.0,0.0,104,0,32.47612085953327
1795,0.12820113740195338,3846.0341220586015,31.669562758430242,15.0,0.0,105,0,32.47612085953327
1796,0.12678220110124366,3803.46603303731,31.15240946470322,15.0,0.0,106,0,32.47612085953327
1797,0.12538064350907643,3761.4193052722926,30.64159239644772,15.0,0.0,107,0,32.47612085953327
1798,0.12399624526654848,3719.8873579964543,30.137031663267514,15.0,0.0,108,0,32.47612085953327
1799,0.12262878954611904,3678.8636863835713,29.63864829595745,15.0,0.0,109,0,32.47612085953327
1800,0.12127806202446778,3638.3418607340336,29.146364236602857,15.0,0.0,110,0,32.47612085953327
1801,0.11994385085570762,3598.3155256712284,28.660102328808406,15.0,0.0,111,0,32.47612085953327
1802,0.11862594664494684,3558.7783993484054,28.179786308054744,15.0,0.0,112,0,32.47612085953327
1803,0.11732414242219569,3519.7242726658706,27.705340792180863,15.0,0.0,113,0,32.47612085953327
1804,0.11603823361661181,3481.1470084983544,27.236691271990445,15.0,0.0,114,0,32.47612085953327
1805,0.11476801803108008,3443.0405409324026,26.773764101980255,15.0,0.0,115,0,32.47612085953327
1806,0.11351329581712137,3405.398874513641,26.31648649118883,15.0,0.0,116,0,32.47612085953327
1807,0.1122738694501254,3368.2160835037616,25.864786494163695,15.0,0.0,117,0,32.47612085953327
1808,0.11104954370490284,3331.4863111470854,25.418593002045142,15.0,0.0,118,0,32.47612085953327
1809,0.109840125631552,3295.20376894656,24.977835733765026,15.0,0.0,119,0,32.47612085953327
1810,0.10864542453163473,3259.362735949042,24.542445227358723,15.0,0.0,120,0,32.47612085953327
1811,0.1074652519346574,3223.9575580397222,24.112352831388506,15.0,0.0,121,0,32.47612085953327
1812,0.10629942157485199,3188.9826472455597,23.687490696476665,15.0,0.0,122,0,32.47612085953327
1813,0.10514774936825262,3154.4324810475787,23.267791766946715,15.0,0.0,123,0,32.47612085953327
1814,0.10401005339006299,3120.3016017018895,22.85318977257094,15.0,0.0,124,0,32.47612085953327
1815,0.10288615385231022,3086.5846155693066,22.443619220422676,15.0,0.0,125,0,32.47612085953327
1816,0.1017758730817805,3053.276192453415,22.03901538683168,15.0,0.0,126,0,32.47612085953327
1817,0.10067903549823222,3020.3710649469667,21.639314309440984,15.0,0.0,127,0,32.47612085953327
1818,0.09959546759288208,2987.8640277864624,21.2444527793636,15.0,0.0,128,0,32.47612085953327
1819,0.09852499790715992,2955.7499372147977,20.85436833343755,15.0,0.0,129,0,32.47612085953327
1820,0.09746745701172793,2924.023710351838,20.46899924657757,15.0,0.0,130,0,32.47612085953327
1821,0.09642267748575999,2892.6803245727997,20.08828452422205,15.0,0.0,131,0,32.47612085953327
1822,0.09539049389647704,2861.7148168943113,19.712163894873598,15.0,0.0,132,0,32.47612085953327
1823,0.09437074277893413,2831.122283368024,19.340577802731737,15.0,0.0,133,0,32.47612085953327
1824,0.09336326261605524,2800.8978784816572,18.97346740041629,15.0,0.0,134,0,32.47612085953327
1825,0.09236789381891175,2771.0368145673524,18.61077454177989,15.0,0.0,135,0,32.47612085953327
1826,0.0913844787072405,2741.5343612172146,18.252441774808233,15.0,0.0,136,0,32.47612085953327
1827,0.09041286149019755,2712.3858447059265,17.898412334606576,15.0,0.0,137,0,32.47612085953327
1828,0.08945288824734382,2683.5866474203144,17.548630136471118,15.0,0.0,138,0,32.47612085953327
1829,0.08850440690985839,2655.132207295752,17.203039769043777,15.0,0.0,139,0,32.47612085953327
1830,0.08756726724197615,2627.0180172592845,16.861586487549022,15.0,0.0,140,0,32.47612085953327
1831,0.08664132082264553,2599.239624679366,16.524216207111415,15.0,0.0,141,0,32.47612085953327
1832,0.08572642102740298,2571.7926308220894,16.190875496152394,15.0,0.0,142,0,32.47612085953327
1833,0.0848224230104603,2544.6726903138087,15.861511569865069,15.0,0.0,143,0,32.47612085953327
1834,0.08392918368700115,2517.875510610035,15.536072283765705,15.0,0.0,144,0,32.47612085953327
1835,0.08304656171568349,2491.3968514705048,15.214506127320417,15.0,0.0,145,0,32.47612085953327
1836,0.08217441748134378,2465.2325244403137,14.896762217646055,15.0,0.0,146,0,32.47612085953327
1837,0.08131261307790015,2439.3783923370047,14.582790293283765,15.0,0.0,147,0,32.47612085953327
1838,0.0804610122914506,2413.8303687435177,14.272540708044058,15.0,0.0,148,0,32.47612085953327
1839,0.07961948058356287,2388.584417506886,13.965964424922214,15.0,0.0,149,0,32.47612085953327
1840,0.078787885074753,2363.63655224259,13.663013010082633,15.0,0.0,150,0,32.47612085953327
1841,0.07796609452814864,2338.9828358444593,13.363638626911078,15.0,0.0,151,0,32.47612085953327
1842,0.07715397933333437,2314.619380000031,13.067794030133514,15.0,0.0,152,0,32.47612085953327
1843,0.0763514114903755,2290.542344711265,12.775432560000372,15.0,0.0,153,0,32.47612085953327
1844,0.07555826459401725,2266.7479378205176,12.486508136535178,15.0,0.0,154,0,32.47612085953327
1845,0.07477441381805623,2243.232414541687,12.200975253846211,15.0,0.0,155,0,32.47612085953327
1846,0.07399973589988082,2219.9920769964247,11.918788974500245,15.0,0.0,156,0,32.47612085953327
1847,0.0732341091251779,2197.023273755337,11.639904923957099,15.0,0.0,157,0,32.47612085953327
1848,0.07247741331280234,2174.32239938407,11.364279285064045,15.0,0.0,158,0,32.47612085953327
1849,0.07172952979980676,2151.885893994203,11.091868792608844,15.0,0.0,159,0,32.47612085953327
1850,0.07099034142662822,2129.7102427988466,10.822630727930434,15.0,0.0,160,0,32.47612085953327
1851,0.07025973252242926,2107.791975672878,10.55652291358616,15.0,0.0,161,0,32.47612085953327
1852,0.0695375888905903,2086.127666717709,10.293503708074535,15.0,0.0,162,0,32.47612085953327
1853,0.06882379779435051,2064.713933830515,10.033532000612507,15.0,0.0,163,0,32.47612085953327
1854,0.06811824794259454,2043.547438277836,9.776567205966181,15.0,0.0,164,0,32.47612085953327
1855,0.06742082947578229,2022.6248842734688,9.52256925933403,15.0,0.0,165,0,32.47612085953327
1856,0.06673143395201912,2001.9430185605738,9.271498611281626,15.0,0.0,166,0,32.47612085953327
1857,0.06604995433326365,1981.4986299979093,9.023316222726887,15.0,0.0,167,0,32.47612085953327
1858,0.06537628497167072,1961.2885491501218,8.777983559974913,15.0,0.0,168,0,32.47612085953327
1859,0.06471032159606706,1941.3096478820116,8.535462589801462,15.0,0.0,169,0,32.47612085953327
1860,0.0640519612985567,1921.5588389567008,8.295715774584139,15.0,0.0,170,0,32.47612085953327
1861,0.06340110252125418,1902.0330756376252,8.058706067480411,15.0,0.0,171,0,32.47612085953327
1862,0.0627576450431427,1882.729351294281,7.824396907651504,15.0,0.0,172,0,32.47612085953327
1863,0.06212148996705503,1863.6446990116508,7.592752215531373,15.0,0.0,173,0,32.47612085953327
1864,0.061492539706774645,1844.7761912032393,7.3637363881398095,15.0,0.0,174,0,32.47612085953327
1865,0.060870697974254956,1826.1209392276487,7.137314294438873,15.0,0.0,175,0,32.47612085953327
1866,0.0602558697669542,1807.676093008626,6.913451270731784,15.0,0.0,176,0,32.47612085953327
1867,0.059647961355283684,1789.4388406585106,6.692113116103511,15.0,0.0,177,0,32.47612085953327
1868,0.05904688027016745,1771.4064081050235,6.473266087902129,15.0,0.0,178,0,32.47612085953327
1869,0.0584525352907108,1753.576058721324,6.256876897260284,15.0,0.0,179,0,32.47612085953327
1870,0.057864836431975875,1735.9450929592763,6.042912704655888,15.0,0.0,180,0,32.47612085953327
1871,0.057283694932862,1718.51084798586,5.831341115511314,15.0,0.0,181,0,32.47612085953327
1872,0.05670902324408879,1701.2706973226636,5.622130175830321,15.0,0.0,182,0,32.47612085953327
1873,0.05614073501628001,1684.2220504884003,5.415248367871964,15.0,0.0,183,0,32.47612085953327
1874,0.05557874508814619,1667.3623526443857,5.210664605860803,15.0,0.0,184,0,32.47612085953327
1875,0.055022969474764,1650.68908424292,5.008348231732628,15.0,0.0,185,0,32.47612085953327
1876,0.05447332535595055,1634.1997606785164,4.8082690109150406,15.0,0.0,186,0,32.47612085953327
1877,0.05392973106473066,1617.89193194192,4.610397128142196,15.0,0.0,187,0,32.47612085953327
1878,0.05339210607589538,1601.7631822768615,4.41470318330304,15.0,0.0,188,0,32.47612085953327
1879,0.052860370994649776,1585.8111298394933,4.221158187322339,15.0,0.0,189,0,32.47612085953327
1880,0.05233444754534835,1570.0334263604504,4.0297335580739215,15.0,0.0,190,0,32.47612085953327
1881,0.05181425856031635,1554.4277568094906,3.8404011163254066,15.0,0.0,191,0,32.47612085953327
1882,0.05129972796875524,1538.9918390626572,3.653133081713886,15.0,0.0,192,0,32.47612085953327
1883,0.0507907807857306,1523.723423571918,3.4679020687518864,15.0,0.0,193,0,32.47612085953327
1884,0.05028734310124103,1508.6202930372308,3.284681082863017,15.0,0.0,194,0,32.47612085953327
1885,0.049789342069366214,1493.6802620809865,3.10344351644677,15.0,0.0,195,0,32.47612085953327
