tick,basin_frac,basin_level_ml,dc_total_draw_ml,community_received_ml,farm_total_received_ml,community_complaints,active_cap,total_dc_capacity_ml
0,0.8017692974514351,24053.078923543053,4.517901234967727,15.0,2.397387771475817,0,0,7.528673476277007
1,0.8035385417942308,24106.156253826925,4.519462653961124,15.0,2.4029755555724037,0,0,7.528673476277007
2,0.8053073500039521,24159.220500118565,4.521915767065263,15.0,2.4117544076604043,0,0,7.528673476277007
3,0.8070753391854001,24212.260175562,4.525259847369786,15.0,2.423721726376481,0,0,7.528673476277007
4,0.808842126686071,24265.26380058213,4.52949390395153,15.0,2.438873965545822,0,0,7.528673476277007
5,0.8106073302095456,24318.219906286366,4.534616682168151,15.0,2.457206635232951,0,0,7.528673476277007
6,0.8123705679287706,24371.117037863118,4.5406266640299044,15.0,2.478714303072188,0,0,7.528673476277007
7,0.8141314585992036,24423.943757976107,4.547522068649457,15.0,2.5033905958773794,0,0,7.528673476277007
8,0.815889621671783,24476.68865015349,4.555300852769607,15.0,2.5312282015304057,0,0,7.528673476277007
9,0.8176446774056937,24529.34032217081,4.56396071136874,15.0,2.5622188711479303,0,0,7.528673476277007
10,0.8193962469808918,24581.887409426752,4.573499078343856,15.0,2.5963534215257122,0,0,7.528673476277007
11,0.8211439526103573,24634.31857831072,4.583913127270967,15.0,2.633621737859788,0,0,7.528673476277007
12,0.8228874176520412,24686.622529561235,4.595199772242622,15.0,2.674012776743715,0,0,7.528673476277007
13,0.8246262667204717,24738.78800161415,4.607355668782329,15.0,2.717514569440959,0,0,7.528673476277007
14,0.8263601257979897,24790.80377393969,4.6203772148356,15.0,2.7641142254314985,0,0,7.528673476277007
15,0.8280886223455782,24842.658670367346,4.634260551837309,15.0,2.8137979362315626,0,0,7.528673476277007
16,0.8298113854132536,24894.341562397607,4.649001565855077,15.0,2.8665509794853774,0,0,7.528673476277007
17,0.831528045749986,24945.841372499577,4.664595888808313,15.0,2.922357723327724,0,0,7.528673476277007
18,0.8332382359131161,24997.14707739348,4.681038899762572,15.0,2.981201631015992,0,0,7.528673476277007
19,0.834941590377237,25048.24771131711,4.698325726298841,15.0,3.04306526583038,0,0,7.528673476277007
20,0.8366377456425071,25099.132369275216,4.716451245957336,15.0,3.107930296240764,0,0,7.528673476277007
21,0.8383263403423626,25149.79021027088,4.735410087755399,15.0,3.1757775013387315,0,0,7.528673476277007
22,0.8400070153505984,25200.210460517952,4.755196633779043,15.0,3.2465867765331513,0,0,7.528673476277007
23,0.8416794138877848,25250.382416633543,4.7758050208476535,15.0,3.3203371395075933,0,0,7.528673476277007
24,0.8433431816269893,25300.29544880968,4.797229142251373,15.0,3.397006736437842,0,0,7.528673476277007
25,0.8449979667987713,25349.939003963136,4.819462649560663,15.0,3.476572848467667,0,0,7.528673476277007
26,0.8466434202954181,25399.30260886254,4.842498954507465,15.0,3.55901189844089,0,0,7.528673476277007
27,0.8482791957743944,25448.37587323183,4.866331230937462,15.0,3.6442994578878283,0,0,7.528673476277007
28,0.8499049497609702,25497.148492829107,4.890952416832806,15.0,3.7324102542639617,0,0,7.528673476277007
29,0.8515203417499999,25545.6102525,4.916355216404745,15.0,3.8233181784387344,0,0,7.528673476277007
30,0.8531250343068216,25593.75102920465,4.94253210225553,15.0,3.9169962924322608,0,0,7.528673476277007
31,0.8547186931672459,25641.560795017376,4.969475317608939,15.0,4.013416837397625,0,0,7.528673476277007
32,0.8563009873366056,25689.02962009817,4.997176878608781,15.0,4.112551241846429,0,0,7.528673476277007
33,0.8578715891878371,25736.147675635115,5.025628576684684,15.0,4.214370130115139,0,0,7.528673476277007
34,0.859430174558563,25782.905236756887,5.05482198098447,15.0,4.31884333106973,0,0,7.528673476277007
35,0.8609764228471478,25829.292685414435,5.084748440872398,15.0,4.425939887046038,0,0,7.528673476277007
36,0.8625100171077006,25875.300513231017,5.1153990884925395,15.0,4.535628063023201,0,0,7.528673476277007
37,0.8640306441439914,25920.919324319744,5.146764841396507,15.0,4.647875356027408,0,0,7.528673476277007
38,0.8655379946022589,25966.139838067767,5.17883640523479,15.0,4.762648504763249,0,0,7.528673476277007
39,0.8670317630628783,26010.95289188635,5.211604276510859,15.0,4.879913499469745,0,0,7.528673476277007
40,0.8685116481308641,26055.349443925923,5.245058745397268,15.0,4.999635591998177,0,0,7.528673476277007
41,0.8699773525251793,26099.320575755377,5.27918989861288,15.0,5.121779306108719,0,0,7.528673476277007
42,0.8714285831668266,26142.8574950048,5.313987622360385,15.0,5.246308447982798,0,0,7.528673476277007
43,0.8728650512656941,26185.951537970825,5.349441605323239,15.0,5.373186116948119,0,0,7.528673476277007
44,0.8742864724061301,26228.594172183904,5.385541341721134,15.0,5.502374716413127,0,0,7.528673476277007
45,0.8756925666312212,26270.776998936635,5.422276134423077,15.0,5.633835965007675,0,0,7.528673476277007
46,0.8770830585257497,26312.49175577249,5.4596350981171895,15.0,5.767530907926647,0,0,7.528673476277007
47,0.8784576772978054,26353.730318934162,5.497607162536256,15.0,5.903419928473076,0,0,7.528673476277007
48,0.8798161568590268,26394.484705770803,5.536181075738085,15.0,6.041462759797452,0,0,7.528673476277007
49,0.8811582359034486,26434.747077103457,5.575345407439702,15.0,6.1816184968296435,0,0,7.528673476277007
50,0.882483657984933,26474.50973954799,5.615088552404387,15.0,6.32384560839996,0,0,7.528673476277007
51,0.8837921715931597,26513.76514779479,5.655398733880561,15.0,6.468101949545732,0,0,7.528673476277007
52,0.8850835302281538,26552.505906844613,5.696264007091487,15.0,6.614344773999772,0,0,7.528673476277007
53,0.8863574924733292,26590.724774199876,5.737672262774767,15.0,6.76253074685701,0,0,7.528673476277007
54,0.8876138220670259,26628.414662010775,5.779611230770581,15.0,6.91261595741558,0,0,7.528673476277007
55,0.8888522879725184,26665.56863917555,5.822068483657594,15.0,7.064555932188485,0,0,7.528673476277007
56,0.8900726644464781,26702.179933394345,5.86503144043547,15.0,7.218305648082071,0,0,7.528673476277007
57,0.8912747311058654,26738.241933175963,5.908487370252903,15.0,7.373819545737321,0,0,7.528673476277007
58,0.8924582729932335,26773.748189797006,5.9524233961800315,15.0,7.5310515430301015,0,0,7.528673476277007
59,0.8936230806404258,26808.692419212774,5.996826499024155,15.0,7.689955048726269,0,0,7.528673476277007
60,0.8947689501306448,26843.068503919345,6.041683521187604,15.0,7.850482976287664,0,0,7.528673476277007
61,0.8958956831588784,26876.87049476635,6.086981170566617,15.0,8.012587757824875,0,0,7.528673476277007
62,0.8970030870906603,26910.09261271981,6.13270602449008,15.0,8.176221358192624,0,0,7.528673476277007
63,0.8980909750191536,26942.729250574608,6.178844533696954,15.0,8.341335289223625,0,0,7.528673476277007
64,0.8991591658205336,26974.774974616008,6.225383026351208,15.0,8.507880624096657,0,0,7.528673476277007
65,0.9002074842076597,27006.22452622979,6.272307712093086,15.0,8.67580801183466,0,0,7.528673476277007
66,0.9012357607820166,27037.072823460498,6.319604686125487,15.0,8.84506769192847,0,0,7.528673476277007
67,0.9022438320839107,27067.31496251732,6.367259933334251,15.0,9.015609509081957,0,0,7.528673476277007
68,0.9032315406409066,27096.946219227197,6.4152593324411455,15.0,9.187382928074104,0,0,7.528673476277007
69,0.9041987350144896,27125.962050434686,6.463588660188304,15.0,9.360337048733689,0,0,7.528673476277007
70,0.9051452698449404,27154.358095348212,6.512233595552884,15.0,9.534420621022107,0,0,7.528673476277007
71,0.9060710058944083,27182.13017683225,6.561179723990691,15.0,9.709582060219853,0,0,7.528673476277007
72,0.9069758100881699,27209.274302645095,6.6104125417075235,15.0,9.885769462212204,0,0,7.528673476277007
73,0.9078595555540627,27235.786666621883,6.659917459956965,15.0,10.062930618869512,0,0,7.528673476277007
74,0.9087221216600799,27261.663649802398,6.709679809363333,15.0,10.24101303351761,0,0,7.528673476277007
75,0.9095633940501158,27286.901821503474,6.759684844268538,15.0,10.419963936493701,0,0,7.528673476277007
76,0.9103832646778524,27311.497940335572,6.80991774710154,15.0,10.59973030078316,0,0,7.528673476277007
77,0.9111816318387758,27335.448955163272,6.8603636327691175,15.0,10.78025885773257,0,0,7.528673476277007
78,0.9119584002003132,27358.752006009396,6.911007553066633,15.0,10.961496112834386,0,0,7.528673476277007
79,0.9127134808300824,27381.404424902474,6.961834501107519,15.0,11.143388361578493,0,0,7.528673476277007
80,0.9134467912222443,27403.40373666733,7.012829415770134,15.0,11.325881705366037,0,0,7.528673476277007
81,0.9141582553219508,27424.747659658526,7.063977186160703,15.0,11.508922067480727,0,0,7.528673476277007
82,0.914847803547882,27445.43410643646,7.1152626560910015,15.0,11.692455209112929,0,0,7.528673476277007
83,0.9155153728128641,27465.461184385924,7.166670628569457,15.0,11.87642674543181,0,0,7.528673476277007
84,0.9161609065425638,27484.827196276914,7.21818587030435,15.0,12.060782161700727,0,0,7.528673476277007
85,0.9167843546922527,27503.53064076758,7.269793116217764,15.0,12.245466829431127,0,0,7.528673476277007
86,0.9173856737616362,27521.570212849085,7.3214770739689605,15.0,12.430426022570133,0,0,7.528673476277007
87,0.9179648268077437,27538.944804232313,7.373222428485823,15.0,12.61560493371708,0,0,7.528673476277007
88,0.918521783455876,27555.65350367628,7.425013846503057,15.0,12.800948690364098,0,0,7.528673476277007
89,0.9190565199086055,27571.695597258164,7.476835981105749,15.0,12.986402371156055,0,0,7.528673476277007
90,0.9195690189528279,27587.070568584837,7.528673476277007,15.0,13.17191102216491,0,0,7.528673476277007
91,0.9200592699648632,27601.778098945895,7.5805109714482635,15.0,13.357419673173766,0,0,7.528673476277007
92,0.9205272689136033,27615.818067408098,7.6323331060509565,15.0,13.542873353965721,0,0,7.528673476277007
93,0.9209730183617066,27629.1905508512,7.6841245240681895,15.0,13.72821711061274,0,0,7.528673476277007
94,0.9213965274648391,27641.895823945175,7.735869878585052,15.0,13.913396021759688,0,0,7.528673476277007
95,0.9217978119689608,27653.934359068826,7.787553836336247,15.0,14.098355214898694,0,0,7.528673476277007
96,0.9221768942056601,27665.306826169803,7.839161082249662,15.0,14.283039882629092,0,0,7.528673476277007
97,0.9225338030855362,27676.014092566085,7.890676323984555,15.0,14.467395298898008,0,0,7.528673476277007
98,0.9228685740896325,27686.057222688974,7.94208429646301,15.0,14.651366835216892,0,0,7.528673476277007
99,0.923181249258923,27695.43747776769,7.99336976639331,15.0,14.834899976849094,0,0,7.528673476277007
100,0.9234718771818542,27704.156315455624,8.044517536783879,15.0,15.01794033896378,0,0,7.528673476277007
101,0.9237405129799477,27712.215389398432,8.095512451446496,15.0,15.200433682751328,0,0,7.528673476277007
102,0.9239872182914662,27719.616548743987,8.14633939948738,15.0,15.382325931495437,0,0,7.528673476277007
103,0.9242120612531488,27726.361837594464,8.196983319784897,15.0,15.563563186597248,0,0,7.528673476277007
104,0.9244151164800208,27732.453494400626,8.247429205452473,15.0,15.744091743546662,0,0,7.528673476277007
105,0.9245964650432837,27737.893951298513,8.297662108285476,15.0,15.92385810783612,0,0,7.528673476277007
106,0.9247561944462915,27742.685833388747,8.34766714319068,15.0,16.102809010812212,0,0,7.528673476277007
107,0.9248943985986221,27746.831957958664,8.397429492597048,15.0,16.280891425460307,0,0,7.528673476277007
108,0.9250111777882499,27750.335333647497,8.44693441084649,15.0,16.458052582117613,0,0,7.528673476277007
109,0.9251066386518281,27753.199159554842,8.496167228563323,15.0,16.634239984109968,0,0,7.528673476277007
110,0.9251808941430899,27755.426824292696,8.54511335700113,15.0,16.809401423307712,0,0,7.528673476277007
111,0.925234063499378,27757.02190498134,8.59375829236571,15.0,16.98348499559613,0,0,7.528673476277007
112,0.9252662722063119,27757.988166189356,8.642087620112868,15.0,17.156439116255715,0,0,7.528673476277007
113,0.9252776519606041,27758.32955881812,8.690087019219762,15.0,17.328212535247864,0,0,7.528673476277007
114,0.9252683406310349,27758.050218931046,8.737742266428526,15.0,17.49875435240135,0,0,7.528673476277007
115,0.9252384822175997,27757.15446652799,8.785039240460927,15.0,17.66801403249516,0,0,7.528673476277007
116,0.925188226808838,27755.646804265143,8.831963926202805,15.0,17.835941420233162,0,0,7.528673476277007
117,0.9251177305373597,27753.53191612079,8.878502418857058,15.0,18.002486755106194,0,0,7.528673476277007
118,0.9250271555335784,27750.81466600735,8.924640928063933,15.0,18.16760068613719,0,0,7.528673476277007
119,0.92491666987767,27747.5000963301,8.970365781987397,15.0,18.331234286504944,0,0,7.528673476277007
120,0.9247864475497659,27743.59342649298,9.01566343136641,15.0,18.493339068042154,0,0,7.528673476277007
121,0.9246366683784,27739.100051351998,9.060520453529858,15.0,18.65386699560355,0,0,7.528673476277007
122,0.9244675179872203,27734.025539616607,9.104923556373983,15.0,18.812770501299717,0,0,7.528673476277007
123,0.9242791877399856,27728.375632199568,9.148859582301109,15.0,18.970002498592496,0,0,7.528673476277007
124,0.9240718746838601,27722.156240515804,9.192315512118542,15.0,19.12551639624775,0,0,7.528673476277007
125,0.9238457814910239,27715.373444730718,9.23527846889642,15.0,19.279266112141336,0,0,7.528673476277007
126,0.9236011163986168,27708.033491958504,9.277735721783431,15.0,19.431206086914237,0,0,7.528673476277007
127,0.9233380931470332,27700.142794410996,9.319674689779246,15.0,19.58129129747281,0,0,7.528673476277007
128,0.9230569309165866,27691.7079274976,9.361082945462526,15.0,19.729477270330047,0,0,7.528673476277007
129,0.922757854262561,27682.735627876827,9.401948218673454,15.0,19.875720094784086,0,0,7.528673476277007
130,0.9224410930486708,27673.232791460126,9.442258400149626,15.0,20.019976435929856,0,0,7.528673476277007
131,0.9221068823789476,27663.206471368427,9.482001545114311,15.0,20.162203547500177,0,0,7.528673476277007
132,0.9217554625280727,27652.663875842183,9.521165876815928,15.0,20.302359284532365,0,0,7.528673476277007
133,0.9213870788701798,27641.612366105393,9.559739790017757,15.0,20.440402115856745,0,0,7.528673476277007
134,0.9210019818061442,27630.059454184327,9.597711854436824,15.0,20.57629113640317,0,0,7.528673476277007
135,0.9206004266893847,27618.01280068154,9.635070818130936,15.0,20.709986079322142,0,0,7.528673476277007
136,0.9201826737501956,27605.480212505867,9.671805610832878,15.0,20.84144732791669,0,0,7.528673476277007
137,0.9197489880186359,27592.469640559077,9.707905347230774,15.0,20.9706359273817,0,0,7.528673476277007
138,0.9192996392459953,27578.98917737986,9.743359330193629,15.0,21.09751359634702,0,0,7.528673476277007
139,0.9188349018248599,27565.0470547458,9.778157053941133,15.0,21.2220427382211,0,0,7.528673476277007
140,0.918355054707805,27550.651641234148,9.812288207156744,15.0,21.344186452331645,0,0,7.528673476277007
141,0.9178603813247342,27535.81143974203,9.845742676043153,15.0,21.463908544860075,0,0,7.528673476277007
142,0.9173511694988947,27520.535084966843,9.878510547319223,15.0,21.58117353956657,0,0,7.528673476277007
143,0.9168277113615872,27504.831340847617,9.910582111157506,15.0,21.69594668830241,0,0,7.528673476277007
144,0.9162903032656025,27488.709097968072,9.941947864061474,15.0,21.808193981306623,0,0,7.528673476277007
145,0.9157392456974047,27472.17737092214,9.972598511681614,15.0,21.91788215728378,0,0,7.528673476277007
146,0.9151748431880916,27455.245295642748,10.002524971569542,15.0,22.02497871326009,0,0,7.528673476277007
147,0.9145974042231547,27437.92212669464,10.031718375869328,15.0,22.129451914214677,0,0,7.528673476277007
148,0.9140072411510687,27420.21723453206,10.060170073945232,15.0,22.23127080248339,0,0,7.528673476277007
149,0.9134046700907363,27402.14010272209,10.087871634945074,15.0,22.330405206932195,0,0,7.528673476277007
150,0.9127900108378142,27383.700325134425,10.114814850298483,15.0,22.42682575189756,0,0,7.528673476277007
151,0.9121635867699519,27364.907603098556,10.140991736149267,15.0,22.520503865891087,0,0,7.528673476277007
152,0.9115257247509675,27345.771742529025,10.166394535721206,15.0,22.61141179006586,0,0,7.528673476277007
153,0.9108767550339906,27326.302651019716,10.191015721616552,15.0,22.699522586441994,0,0,7.528673476277007
154,0.9102170111636015,27306.510334908045,10.214847998046547,15.0,22.784810145888926,0,0,7.528673476277007
155,0.909546829876995,27286.40489630985,10.23788430299335,15.0,22.867249195862154,0,0,7.528673476277007
156,0.9088665510041972,27265.996530125918,10.26011781030264,15.0,22.94681530789198,0,0,7.528673476277007
157,0.9081765173673673,27245.295521021017,10.281541931706359,15.0,23.023484904822226,0,0,7.528673476277007
158,0.907477074679211,27224.31224037633,10.30215031877497,15.0,23.097235267796666,0,0,7.528673476277007
159,0.9067685714405395,27203.057143216185,10.321936864798614,15.0,23.16804454299109,0,0,7.528673476277007
160,0.9060513588370005,27181.540765110014,10.340895706596678,15.0,23.235891748089053,0,0,7.528673476277007
161,0.9053257906350144,27159.77371905043,10.359021226255173,15.0,23.300756778499437,0,0,7.528673476277007
162,0.904592223076946,27137.766692308378,10.37630805279144,15.0,23.362620413313827,0,0,7.528673476277007
163,0.9038510147755415,27115.530443266245,10.392751063745699,15.0,23.421464321002095,0,0,7.528673476277007
164,0.9031025266076648,27093.075798229944,10.408345386698937,15.0,23.47727106484444,0,0,7.528673476277007
165,0.9023471216073609,27070.413648220827,10.423086400716704,15.0,23.530024108098257,0,0,7.528673476277007
166,0.9015851648582817,27047.55494574845,10.436969737718412,15.0,23.57970781889832,0,0,7.528673476277007
167,0.9008170233855035,27024.510701565105,10.449991283771684,15.0,23.62630747488886,0,0,7.528673476277007
168,0.9000430660467701,27001.2919814031,10.462147180311392,15.0,23.669809267586103,0,0,7.528673476277007
169,0.8992636634231915,26977.909902695745,10.473433825283047,15.0,23.71020030647003,0,0,7.528673476277007
170,0.8984791877094335,26954.375631283005,10.483847874210158,15.0,23.747468622804107,0,0,7.528673476277007
171,0.8976900126034276,26930.70037810283,10.493386241185274,15.0,23.781603173181885,0,0,7.528673476277007
172,0.896896513195637,26906.89539586911,10.502046099784407,15.0,23.812593842799412,0,0,7.528673476277007
173,0.8960990658579083,26882.97197573725,10.509824883904557,15.0,23.840431448452435,0,0,7.528673476277007
174,0.8952980481319458,26858.941443958374,10.516720288524109,15.0,23.86510774125763,0,0,7.528673476277007
175,0.894493838617436,26834.81515852308,10.522730270385862,15.0,23.88661540909687,0,0,7.528673476277007
176,0.893686816859862,26810.604505795858,10.527853048602482,15.0,23.904948078783995,0,0,7.528673476277007
177,0.8928773632380346,26786.32089714104,10.532087105184226,15.0,23.920100317953334,0,0,7.528673476277007
178,0.8920658588513788,26761.975765541363,10.53543118548875,15.0,23.932067636669416,0,0,7.528673476277007
179,0.8912526854070053,26737.580562210158,10.537884298592889,15.0,23.940846488757416,0,0,7.528673476277007
180,0.8904382251066029,26713.146753198085,10.539445717586286,15.0,23.946434272854,0,0,7.528673476277007
181,0.8896228605331831,26688.685815995494,10.540114979786797,15.0,23.948829333178153,0,0,7.528673476277007
182,0.8888069745377136,26664.20923613141,10.539891886877587,15.0,23.948030960021804,0,0,7.528673476277007
183,0.8879909501256705,26639.728503770115,10.538776504965902,15.0,23.944039389960153,0,0,7.528673476277007
184,0.8871751703435454,26615.255110306363,10.536769164563472,15.0,23.936855805781555,0,0,7.528673476277007
185,0.8863600181653414,26590.800544960242,10.533870460488581,15.0,23.92648233613703,0,0,7.528673476277007
186,0.8855458763790884,26566.376291372653,10.530081251689804,15.0,23.912922054909522,0,0,7.528673476277007
187,0.8847331274734156,26541.99382420247,10.525402660991485,15.0,23.896178980303006,0,0,7.528673476277007
188,0.8839221535242118,26517.664605726353,10.519836074761027,15.0,23.87625807365184,0,0,7.528673476277007
189,0.8831133360814075,26493.400082442226,10.51338314249806,15.0,23.853165237950584,0,0,7.528673476277007
190,0.8823070560559143,26469.21168167743,10.506045776345683,15.0,23.826907316104844,0,0,7.528673476277007
191,0.8815036936067517,26445.110808202553,10.497826150523837,15.0,23.79749208890356,0,0,7.528673476277007
192,0.880703628028399,26421.108840851968,10.48872670068505,15.0,23.76492827271337,0,0,7.528673476277007
193,0.879907237638401,26397.217129152028,10.478750123192688,15.0,23.729225516895816,0,0,7.528673476277007
194,0.8791148996652652,26373.446989957956,10.467899374321977,15.0,23.690394400947966,0,0,7.528673476277007
195,0.8783269901366805,26349.809704100415,10.456177669383987,15.0,23.648446431367518,0,0,7.528673476277007
196,0.877543883768092,26326.31651304276,10.443588481772863,15.0,23.603394038243167,0,0,7.528673476277007
197,0.8767659538516647,26302.97861554994,10.430135541936592,15.0,23.555250571571314,0,0,7.528673476277007
198,0.8759935721456693,26279.80716437008,10.415822836271587,15.0,23.50403029730015,0,0,7.528673476277007
199,0.8752271087643221,26256.813262929663,10.40065460594143,15.0,23.449748393102368,0,0,7.528673476277007
200,0.8744669320681119,26234.007962043357,10.384635345620122,15.0,23.392420943877678,0,0,7.528673476277007
201,0.8737134085546471,26211.402256639412,10.367769802160225,15.0,23.332064936986516,0,0,7.528673476277007
202,0.8729669027500543,26189.00708250163,10.350062973186251,15.0,23.268698257216315,0,0,7.528673476277007
203,0.8722277771009619,26166.833313028856,10.33152010561377,15.0,23.202339681481845,0,0,7.528673476277007
204,0.8714963918670984,26144.891756012952,10.312146694094631,15.0,23.13300887326125,0,0,7.528673476277007
205,0.8707731050145406,26123.19315043622,10.291948479388783,15.0,23.060726376769267,0,0,7.528673476277007
206,0.8700582721096402,26101.748163289205,10.27093144666315,15.0,22.985513610869607,0,0,7.528673476277007
207,0.8693522462136615,26080.567386409843,10.24910182371812,15.0,22.907392862728024,0,0,7.528673476277007
208,0.8686553777781619,26059.66133334486,10.226466079142092,15.0,22.826387281208174,0,0,7.528673476277007
209,0.8679680145411462,26039.040436234387,10.203030920394701,15.0,22.7425208700121,0,0,7.528673476277007
210,0.8672905014240232,26018.715042720694,10.178803291819259,15.0,22.65581848056744,0,0,7.528673476277007
211,0.8666231804293987,25998.69541288196,10.153790372584984,15.0,22.56630580466337,0,0,7.528673476277007
212,0.8659663905397326,25978.991716191977,10.12799957455967,15.0,22.474009366837592,0,0,7.528673476277007
213,0.8653204676168913,25959.614028506738,10.101438540113385,15.0,22.378956516516574,0,0,7.528673476277007
214,0.8646857443026243,25940.572329078732,10.074115139853866,15.0,22.28117541991126,0,0,7.528673476277007
215,0.8640625499199956,25921.87649759987,10.046037470294301,15.0,22.18069505167086,0,0,7.528673476277007
216,0.8634512103757978,25903.536311273932,10.017213851454141,15.0,22.077545186297044,0,0,7.528673476277007
217,0.8628520480639785,25885.561441919355,9.987652824393718,15.0,21.97175638932106,0,0,7.528673476277007
218,0.8622653817701094,25867.961453103282,9.957363148683328,15.0,21.86336000824658,0,0,7.528673476277007
219,0.8616915265769218,25850.745797307656,9.926353799807586,15.0,21.752388163260687,0,0,7.528673476277007
220,0.8611307937709417,25833.92381312825,9.894633966505804,15.0,21.638873737716025,0,0,7.528673476277007
221,0.8605834907502482,25817.504722507445,9.862213048049156,15.0,21.52285036838672,0,0,7.528673476277007
222,0.8600499209333856,25801.49762800157,9.829100651455486,15.0,21.404352435501103,0,0,7.528673476277007
223,0.8595303836694534,25785.911510083602,9.795306588642523,15.0,21.283415052554076,0,0,7.528673476277007
224,0.8590251741494028,25770.755224482084,9.760840873520419,15.0,21.16007405590225,0,0,7.528673476277007
225,0.8585345833185649,25756.037499556947,9.725713719024393,15.0,21.034365994144846,0,0,7.528673476277007
226,0.8580588977904384,25741.766933713152,9.68993553408843,15.0,20.906328117293572,0,0,7.528673476277007
227,0.8575983997617587,25727.95199285276,9.65351692056088,15.0,20.775998365734623,0,0,7.528673476277007
228,0.8571533669288771,25714.601007866313,9.616468670062915,15.0,20.643415358986122,0,0,7.528673476277007
229,0.8567240724054741,25701.722172164224,9.578801760790718,15.0,20.508618384254355,0,0,7.528673476277007
230,0.8563107846416292,25689.32353924888,9.540527354262426,15.0,20.371647384792084,0,0,7.528673476277007
231,0.8559137673442738,25677.413020328215,9.501656792010728,15.0,20.232542948062534,0,0,7.528673476277007
232,0.8555332793990486,25665.998381971458,9.46220159222211,15.0,20.09134629371242,0,0,7.528673476277007
233,0.8551695747935907,25655.08724380772,9.422173446323782,15.0,19.948099261357704,0,0,7.528673476277007
234,0.8548229025422713,25644.68707626814,9.381584215519252,15.0,19.802844298185597,0,0,7.528673476277007
235,0.8544935066124077,25634.805198372233,9.340445927273596,15.0,19.655624446376542,0,0,7.528673476277007
236,0.8541816258519703,25625.44877555911,9.29877077174946,15.0,19.506483330349898,0,0,7.528673476277007
237,0.8538874939188067,25616.6248175642,9.256571098194843,15.0,19.355465143837073,0,0,7.528673476277007
238,0.8536113392114036,25608.34017634211,9.21385941128377,15.0,19.202614636785963,0,0,7.528673476277007
239,0.8533533848012085,25600.601544036253,9.170648367410864,15.0,19.04797710210061,0,0,7.528673476277007
240,0.8531138483665271,25593.415450995813,9.126950770940994,15.0,18.89159836221987,0,0,7.528673476277007
241,0.8528929421280222,25586.788263840666,9.082779570415065,15.0,18.73352475553931,0,0,7.528673476277007
242,0.8526908727858272,25580.726183574818,9.038147854713086,15.0,18.5738031226801,0,0,7.528673476277007
243,0.8525078414582964,25575.23524374889,8.993068849175652,15.0,18.41248079260912,0,0,7.528673476277007
244,0.8523440436224097,25570.32130867229,8.947555911684987,15.0,18.249605568614403,0,0,7.528673476277007
245,0.8521996690558482,25565.990071675446,8.90162252870672,15.0,18.085225714139952,0,0,7.528673476277007
246,0.8520749017807591,25562.247053422772,8.85528231129355,15.0,17.91938993848425,0,0,7.528673476277007
247,0.8519699200092262,25559.097600276786,8.808548991052003,15.0,17.75214738236666,0,0,7.528673476277007
248,0.8518848960904611,25556.546882713836,8.761436416073451,15.0,17.58354760336594,0,0,7.528673476277007
249,0.8518199964597336,25554.59989379201,8.713958546830636,15.0,17.413640561235294,0,0,7.528673476277007
250,0.851775381589052,25553.26144767156,8.666129452040867,15.0,17.242476603098204,0,0,7.528673476277007
251,0.851751205939613,25552.536178188388,8.617963304497167,15.0,17.070106448529486,0,0,7.528673476277007
252,0.8517476179160302,25552.428537480904,8.569474376868568,15.0,16.896581174525988,0,0,7.528673476277007
253,0.85176475982236,25552.9427946708,8.5206770374708,15.0,16.721952200371376,0,0,7.528673476277007
254,0.8518027678199327,25554.08303459798,8.471585746008664,15.0,16.5462712723995,0,0,7.528673476277007
255,0.851861771887006,25555.853156610177,8.422215049291287,15.0,16.369590448660826,0,0,7.528673476277007
256,0.8519418957802484,25558.256873407452,8.37257957692162,15.0,16.19196208349649,0,0,7.528673476277007
257,0.8520432569980687,25561.29770994206,8.322694036961348,15.0,16.013438812024656,0,0,7.528673476277007
258,0.8521659667457977,25564.97900237393,8.27257321157258,15.0,15.834073534543492,0,0,7.528673476277007
259,0.8523101299027361,25569.303897082085,8.22223195263757,15.0,15.653919400855738,0,0,7.528673476277007
260,0.8524758449910768,25574.275349732303,8.171685177357798,15.0,15.47302979451925,0,0,7.528673476277007
261,0.8526632041467098,25579.896124401293,8.120947863833667,15.0,15.291458317028301,0,0,7.528673476277007
262,0.852872293091921,25586.16879275763,8.070035046626174,15.0,15.109258771930307,0,0,7.528673476277007
263,0.853103191109991,25593.09573329973,8.018961812301848,15.0,14.926485148882673,0,0,7.528673476277007
264,0.853355971021701,25600.67913065103,7.9677432949622675,15.0,14.743191607654477,0,0,7.528673476277007
265,0.8536306991637552,25608.920974912657,7.916394671759508,15.0,14.55943246207779,0,0,7.528673476277007
266,0.8539274353691232,25617.823061073697,7.864931158398819,15.0,14.375262163953293,0,0,7.528673476277007
267,0.8542462329493108,25627.386988479324,7.813368004629879,15.0,14.190735286915029,0,0,7.528673476277007
268,0.8545871386785618,25637.614160356854,7.7617204897279795,15.0,14.005906510259102,0,0,7.528673476277007
269,0.8549501927799986,25648.50578339996,7.7100039179664295,15.0,13.820830602740951,0,0,7.528673476277007
270,0.8553354289137032,25660.062867411096,7.658233614081574,15.0,13.635562406346247,0,0,11.528673476277007
271,0.8556081638499301,25668.244915497904,11.647734423095164,15.0,13.450156820039993,0,0,11.528673476277007
272,0.8559040463551617,25677.12139065485,11.568364378973417,15.0,13.264668783498795,0,0,11.528673476277007
273,0.8562230904843291,25686.692714529872,11.4889825735806,15.0,13.079153260831031,0,0,11.528673476277007
274,0.8565653034290742,25696.959102872228,11.409612529458851,15.0,12.893665224289833,0,0,11.528673476277007
275,0.8569306855156194,25707.92056546858,11.33027776566519,15.0,12.708259637983575,0,0,11.528673476277007
276,0.8573192302046694,25719.576906140082,11.251001790802315,15.0,12.522991441588871,0,0,11.528673476277007
277,0.8577309240933509,25731.927722800527,11.17180809605249,15.0,12.337915534070717,0,0,11.528673476277007
278,0.8581657469191826,25744.97240757548,11.092720148216614,15.0,12.153086757414789,0,0,11.528673476277007
279,0.8586236715660799,25758.710146982397,11.013761382760485,15.0,11.968559880376533,0,0,11.528673476277007
280,0.8591046640723904,25773.13992217171,10.934955196870378,15.0,11.784389582252036,0,0,11.528673476277007
281,0.8596086836409567,25788.2605092287,10.856324942519949,15.0,11.600630436675349,0,0,11.528673476277007
282,0.8601356826512062,25804.070479536185,10.777893919550541,15.0,11.417336895447153,0,0,11.528673476277007
283,0.8606856066732617,25820.56820019785,10.699685368766941,15.0,11.234563272399512,0,0,11.528673476277007
284,0.8612583944840702,25837.751834522103,10.621722465050624,15.0,11.05236372730152,0,0,11.528673476277007
285,0.8618539780855446,25855.61934256634,10.544028310492541,15.0,10.87079224981057,0,0,11.528673476277007
286,0.8624722827247134,25874.168481741403,10.466625927547465,15.0,10.689902643474085,0,0,11.528673476277007
287,0.8631132269158706,25893.396807476118,10.389538252211938,15.0,10.50974850978633,0,0,11.528673476277007
288,0.8637767224647229,25913.30167394169,10.312788127227853,15.0,10.330383232305163,0,0,11.528673476277007
289,0.8644626744945231,25933.88023483569,10.236398295313647,15.0,10.151859960833326,0,0,11.528673476277007
290,0.8651709814741834,25955.129444225502,10.160391392425142,15.0,9.974231595669004,0,0,11.528673476277007
291,0.8659015352483626,25977.046057450876,10.08478994104803,15.0,9.797550771930318,0,0,11.528673476277007
292,0.8666542210695136,25999.62663208541,10.009616343523962,15.0,9.621869843958445,0,0,11.528673476277007
293,0.8674289176318866,26022.867528956598,9.93489287541227,15.0,9.447240869803835,0,0,11.528673476277007
294,0.868225497107474,26046.76491322422,9.860641678889216,15.0,9.273715595800335,0,0,11.528673476277007
295,0.8690438251838883,26071.31475551665,9.786884756186804,15.0,9.101345441231615,0,0,11.528673476277007
296,0.8698837611041631,26096.512833124892,9.713643963073032,15.0,8.930181483094525,0,0,11.528673476277007
297,0.8707451577084606,26122.354731253818,9.640941002375568,15.0,8.760274440963885,0,0,11.528673476277007
298,0.8716278614776797,26148.83584433039,9.568797417550723,15.0,8.591674661963165,0,0,11.528673476277007
299,0.8725317125789465,26175.951377368394,9.497234586299669,15.0,8.424432105845566,0,0,11.528673476277007
300,0.873456544912976,26203.69634738928,9.426273714233757,15.0,8.258596330189865,0,0,11.528673476277007
301,0.8744021861632911,26232.065584898734,9.355935828590843,15.0,8.094216475715415,0,0,11.528673476277007
302,0.8753684578472839,26261.053735418518,9.286241772004455,15.0,7.931341251720697,0,0,11.528673476277007
303,0.8763551753691037,26290.65526107311,9.217212196327687,15.0,7.770018921649724,0,0,11.528673476277007
304,0.8773621480743565,26320.864442230697,9.148867556513585,15.0,7.610297288790512,0,0,11.528673476277007
305,0.878389179306601,26351.67537919803,9.081228104553928,15.0,7.452223682109952,0,0,11.528673476277007
306,0.8794360664656208,26383.081993968623,9.01431388347811,15.0,7.295844942229215,0,0,11.528673476277007
307,0.8805026010674601,26415.078032023805,8.948144721413962,15.0,7.141207407543857,0,0,11.528673476277007
308,0.8815885688062018,26447.657064186056,8.88274022571225,15.0,6.98835690049275,0,0,11.528673476277007
309,0.882693749617471,26480.81248852413,8.818119777136596,15.0,6.837338713979918,0,0,11.528673476277007
310,0.8838179177436445,26514.537532309336,8.75430252412054,15.0,6.688197597953275,0,0,11.528673476277007
311,0.8849608418007481,26548.825254022442,8.691307377093436,15.0,6.540977746144224,0,0,11.528673476277007
312,0.8861222848470204,26583.668545410612,8.629153002876896,15.0,6.395722782972115,0,0,11.528673476277007
313,0.887302004453124,26619.06013359372,8.567857819153401,15.0,6.2524757506174,0,0,11.528673476277007
314,0.8884997527739823,26654.992583219468,8.507439989008748,15.0,6.11127909626729,0,0,11.528673476277007
315,0.8897152766222212,26691.458298666636,8.447917415549933,15.0,5.972174659537739,0,0,11.528673476277007
316,0.8909483175431946,26728.449526295837,8.38930773660007,15.0,5.8352036600754715,0,0,11.528673476277007
317,0.8921986118915692,26765.958356747076,8.331628319471937,15.0,5.700406685343703,0,0,11.528673476277007
318,0.8934658909094494,26803.976727283483,8.274896255821648,15.0,5.5678236785952055,0,0,11.528673476277007
319,0.8947498808060151,26842.496424180456,8.219128356584047,15.0,5.437493927036252,0,0,11.528673476277007
320,0.8960503028386524,26881.50908515957,8.164341146991239,15.0,5.3094560501849735,0,0,11.528673476277007
321,0.8973668733955504,26921.006201866512,8.110550861675842,15.0,5.183747988427573,0,0,11.528673476277007
322,0.8986993040797424,26960.979122392273,8.057773439860277,15.0,5.060406991775746,0,0,11.528673476277007
323,0.9000473017945637,27001.41905383691,8.006024520633657,15.0,4.939469608828714,0,0,11.528673476277007
324,0.9014105688305021,27042.317064915063,7.955319438317593,15.0,4.8209716759431,0,0,11.528673476277007
325,0.9027888029534165,27083.664088602494,7.905673217922267,15.0,4.7049483066137965,0,0,11.528673476277007
326,0.9041816974940943,27125.450924822828,7.857100570694243,15.0,4.591433881069138,0,0,11.528673476277007
327,0.9055889414391253,27167.668243173757,7.809615889757174,15.0,4.480462036083242,0,0,11.528673476277007
328,0.9070102195230607,27210.306585691822,7.7632332458468305,15.0,4.37206565500876,0,0,11.528673476277007
329,0.9084452123218338,27253.356369655015,7.717966383141617,15.0,4.266276858032779,0,0,11.528673476277007
330,0.9098935963474117,27296.80789042235,7.673828715189896,15.0,4.163126992658962,0,0,11.528673476277007
331,0.911355044143652,27340.651324309558,7.630833320935244,15.0,4.06264662441856,0,0,11.528673476277007
332,0.9128292243833349,27384.876731500048,7.588992940840905,15.0,3.964865527813249,0,0,11.528673476277007
333,0.9143158019663433,27429.4740589903,7.548319973114483,15.0,3.8698126774922237,0,0,11.528673476277007
334,0.9158144381189597,27474.43314356879,7.508826470034114,15.0,3.7775162396664532,0,0,11.528673476277007
335,0.9173247904942515,27519.743714827546,7.470524134377097,15.0,3.6880035637623783,0,0,11.528673476277007
336,0.9188465132735173,27565.395398205517,7.433424315952124,15.0,3.601301174317719,0,0,11.528673476277007
337,0.9203792572687589,27611.377718062766,7.397538008236067,15.0,3.517434763121649,0,0,11.528673476277007
338,0.9219226700261545,27657.680100784633,7.362875845116398,15.0,3.4364291816018007,0,0,11.528673476277007
339,0.9234763959304975,27704.291877914922,7.329448097740117,15.0,3.3583084334602127,0,0,11.528673476277007
340,0.9250400763105732,27751.202289317196,7.297264671470203,15.0,3.2830956675605534,0,0,11.528673476277007
341,0.9266133495454415,27798.400486363244,7.266335102950432,15.0,3.21081317106857,0,0,11.528673476277007
342,0.9281958511715916,27845.87553514775,7.2366685572794776,15.0,3.141482362847972,0,0,11.528673476277007
343,0.9297872139909419,27893.616419728256,7.2082738252950715,15.0,3.075123787113505,0,0,11.528673476277007
344,0.9313870681796474,27941.612045389422,7.181159320969115,15.0,3.011757107343304,0,0,11.528673476277007
345,0.9329950413976876,27989.851241930628,7.155333078914415,15.0,2.9514011004521397,0,0,11.528673476277007
346,0.9346107588991981,28038.322766975944,7.130802752003872,15.0,2.894073651227452,0,0,11.528673476277007
347,0.9362338436435164,28087.01530930549,7.107575609102751,15.0,2.8397917470296683,0,0,11.528673476277007
348,0.9378639164069066,28135.917492207198,7.085658532914783,15.0,2.788571472758507,0,0,11.528673476277007
349,0.9395005958949323,28185.017876847967,7.065058017942647,15.0,2.7404280060866517,0,0,11.528673476277007
350,0.9411434988554417,28234.30496566325,7.045780168563529,15.0,2.6953756129623043,0,0,11.528673476277007
351,0.9427922401921339,28283.76720576402,7.027830697220246,15.0,2.6534276433818555,0,0,11.528673476277007
352,0.9444464330786716,28333.392992360146,7.011214922728541,15.0,2.6145965274340015,0,0,11.528673476277007
353,0.9461056890733046,28383.17067219914,6.995937768700992,15.0,2.5788937716164457,0,0,11.528673476277007
354,0.9477696182339755,28433.088547019266,6.982003762088048,15.0,2.5463299554262644,0,0,11.528673476277007
355,0.9494378292338665,28483.134877015997,6.969417031836587,15.0,2.516914728224978,0,0,11.528673476277007
356,0.9511099294773584,28533.297884320753,6.958181307666425,15.0,2.4906568063792385,0,0,11.528673476277007
357,0.9527855252163653,28583.56575649096,6.948299918965123,15.0,2.4675639706779813,0,0,11.528673476277007
358,0.9544642216670106,28633.92665001032,6.93977579380141,15.0,2.4476430640268134,0,0,11.528673476277007
359,0.9561456231266097,28684.36869379829,6.932611458057538,15.0,2.430899989420297,0,0,11.528673476277007
360,0.9578293330909253,28734.87999272776,6.926809034680805,15.0,2.4173397081927863,0,0,11.528673476277007
361,0.9595149543716613,28785.44863114984,6.922370243054487,15.0,2.406966238548266,0,0,11.528673476277007
362,0.9612020892141563,28836.062676424688,6.919296398488339,15.0,2.399782654369666,0,0,11.528673476277007
363,0.962890339415248,28886.710182457442,6.917588411828843,15.0,2.395791084308015,0,0,11.528673476277007
364,0.9645793064412698,28937.379193238092,6.917246789189311,15.0,2.3949927111516667,0,0,11.528673476277007
365,0.9662685915461438,28988.05774638431,6.918271631799901,15.0,2.397387771475817,0,0,11.528673476277007
366,0.9679577958895389,29038.73387668617,6.92066263597763,15.0,2.4029755555724037,0,0,11.528673476277007
367,0.9696465206550553,29089.39561965166,6.924419093216359,15.0,2.4117544076604043,0,0,11.528673476277007
368,0.9713343671684024,29140.03101505207,6.929539890396737,15.0,2.423721726376481,0,0,11.528673476277007
369,0.9730209370155345,29190.628110466034,6.936023510116042,15.0,2.4388739655458207,0,0,11.528673476277007
370,0.9747058321607099,29241.174964821297,6.943868031137827,15.0,2.457206635232951,0,0,11.528673476277007
371,0.9763886550644373,29291.659651933118,6.953071128961213,15.0,2.478714303072188,0,0,11.528673476277007
372,0.9780690088012749,29342.070264038248,6.963630076509692,15.0,2.5033905958773794,0,0,11.528673476277007
373,0.9797464971774487,29392.39491532346,6.975541744939228,15.0,2.5312282015304057,0,0,11.528673476277007
374,0.9814207248482528,29442.621745447585,6.988802604565391,15.0,2.5622188711479295,0,0,11.528673476277007
375,0.9830912974351986,29492.73892305596,7.00340872590928,15.0,2.5963534215257122,0,0,11.528673476277007
376,0.9847578216428777,29542.734649286333,7.019355780861916,15.0,2.633621737859788,0,0,11.528673476277007
377,0.9864199053755041,29592.597161265123,7.036639043966748,15.0,2.6740127767437136,0,0,11.528673476277007
378,0.9880771578530999,29642.314735592998,7.055253393819918,15.0,2.717514569440959,0,0,11.528673476277007
379,0.9897291897272928,29691.875691818786,7.075193314587832,15.0,2.7641142254314977,0,0,11.528673476277007
380,0.991375613196688,29741.26839590064,7.096452897641627,15.0,2.8137979362315626,0,0,11.528673476277007
381,0.9930160421217816,29790.481263653448,7.119025843308028,15.0,2.8665509794853756,0,0,11.528673476277007
382,0.9946500921393829,29839.50276418149,7.142905462736067,15.0,2.922357723327722,0,0,11.528673476277007
383,0.9962773807765093,29888.321423295278,7.1680846798791436,15.0,2.9812016310159892,0,0,11.528673476277007
384,0.9978975275637206,29936.925826911618,7.194556033591809,15.0,3.043065265830381,0,0,11.528673476277007
385,0.9995101541478614,29985.30462443584,7.222311679840654,15.0,3.107930296240764,0,0,11.528673476277007
386,1.0,30000.0,7.251343394028685,15.0,3.1757775013387333,0,0,11.528673476277007
387,1.0,30000.0,7.2816425734324275,15.0,3.2465867765331513,0,0,11.528673476277007
388,1.0,30000.0,7.3132002397511195,15.0,3.3203371395075933,0,0,11.528673476277007
389,1.0,30000.0,7.346007041767154,15.0,3.39700673643784,0,0,11.528673476277007
390,1.0,30000.0,7.380053258117072,15.0,3.4765728484676655,0,0,11.528673476277007
391,1.0,30000.0,7.415328800172185,15.0,3.559011898440887,0,0,11.528673476277007
392,1.0,30000.0,7.45182321502808,15.0,3.6442994578878283,0,0,11.528673476277007
393,1.0,30000.0,7.489525688602015,15.0,3.7324102542639563,0,0,11.528673476277007
394,1.0,30000.0,7.528425048837388,15.0,3.823318178438732,0,0,11.528673476277007
395,1.0,30000.0,7.568509769014245,15.0,3.9169962924322608,0,0,11.528673476277007
396,1.0,30000.0,7.609767971164896,15.0,4.013416837397627,0,0,11.528673476277007
397,1.0,30000.0,7.652187429593615,15.0,4.112551241846427,0,0,11.528673476277007
398,1.0,30000.0,7.695755574499391,15.0,4.214370130115139,0,0,11.528673476277007
399,1.0,30000.0,7.740459495700605,15.0,4.318843331069726,0,0,11.528673476277007
400,1.0,30000.0,7.7862859464606196,15.0,4.425939887046038,0,0,11.528673476277007
401,1.0,30000.0,7.833221347413056,15.0,4.535628063023198,0,0,11.528673476277007
402,1.0,30000.0,7.881251790585663,15.0,4.647875356027406,0,0,11.528673476277007
403,1.0,30000.0,7.930363043521547,15.0,4.762648504763243,0,0,11.528673476277007
404,1.0,30000.0,7.9805405534965566,15.0,4.879913499469741,0,0,11.528673476277007
405,1.0,30000.0,8.031769451831568,15.0,4.999635591998177,0,0,11.528673476277007
406,1.0,30000.0,8.084034558298391,15.0,5.12177930610872,0,0,11.528673476277007
407,1.0,30000.0,8.137320385618006,15.0,5.246308447982795,0,0,11.528673476277007
408,1.0,30000.0,8.191611144049778,15.0,5.373186116948121,0,0,11.528673476277007
409,1.0,30000.0,8.246890746070292,15.0,5.502374716413122,0,0,11.528673476277007
410,1.0,30000.0,8.303142811140441,15.0,5.633835965007675,0,0,11.528673476277007
411,1.0,30000.0,8.360350670559319,15.0,5.767530907926641,0,0,11.528673476277007
412,1.0,30000.0,8.418497372403543,15.0,5.903419928473074,0,0,11.528673476277007
413,1.0,30000.0,8.477565686550438,15.0,6.0414627597974455,0,0,11.528673476277007
414,1.0,30000.0,8.537538109783728,15.0,6.181618496829639,0,0,11.528673476277007
415,1.0,30000.0,8.598396870980103,15.0,6.32384560839996,0,0,11.528673476277007
416,1.0,30000.0,8.66012393637517,15.0,6.468101949545726,0,0,11.528673476277007
417,1.0,30000.0,8.722701014907283,15.0,6.614344773999768,0,0,11.528673476277007
418,1.0,30000.0,8.786109563637543,15.0,6.762530746857005,0,0,11.528673476277007
419,1.0,30000.0,8.850330793244497,15.0,6.912615957415575,0,0,11.528673476277007
420,1.0,30000.0,8.915345673591801,15.0,7.064555932188478,0,0,11.528673476277007
421,1.0,30000.0,8.981134939367276,15.0,7.2183056480820635,0,0,11.528673476277007
422,1.0,30000.0,9.047679095791626,15.0,7.373819545737327,0,0,11.528673476277007
423,1.0,30000.0,9.114958424395152,15.0,7.5310515430301015,0,0,11.528673476277007
424,1.0,30000.0,9.182952988860789,15.0,7.689955048726271,0,0,11.528673476277007
425,1.0,30000.0,9.251642640931639,15.0,7.85048297628766,0,0,11.528673476277007
426,1.0,30000.0,9.321007026381356,15.0,8.012587757824877,0,0,11.528673476277007
427,1.0,30000.0,9.391025591045516,15.0,8.176221358192622,0,0,11.528673476277007
428,1.0,30000.0,9.461677586912296,15.0,8.341335289223625,0,0,11.528673476277007
429,1.0,30000.0,9.532942078270516,15.0,8.507880624096654,0,0,11.528673476277007
430,1.0,30000.0,9.60479794791338,15.0,8.675808011834656,0,0,11.528673476277007
431,1.0,30000.0,9.677223903395927,15.0,8.845067691928461,0,0,11.528673476277007
432,1.0,30000.0,9.750198483344477,15.0,9.015609509081953,0,0,11.528673476277007
433,1.0,30000.0,9.82370006381607,15.0,9.187382928074104,0,0,11.528673476277007
434,1.0,30000.0,9.897706864706107,15.0,9.360337048733683,0,0,11.528673476277007
435,1.0,30000.0,9.972196956202302,15.0,9.534420621022104,0,0,11.528673476277007
436,1.0,30000.0,10.047148265282903,15.0,9.709582060219846,0,0,11.528673476277007
437,1.0,30000.0,10.12253858225746,15.0,9.885769462212199,0,0,11.528673476277007
438,1.0,30000.0,10.198345567347987,15.0,10.062930618869501,0,0,11.528673476277007
439,1.0,30000.0,10.274546757308766,15.0,10.24101303351761,0,0,11.528673476277007
440,1.0,30000.0,10.351119572082634,15.0,10.419963936493689,0,0,11.528673476277007
441,1.0,30000.0,10.428041321492021,15.0,10.599730300783161,0,0,11.528673476277007
442,1.0,30000.0,10.505289211962445,15.0,10.780258857732557,0,0,11.528673476277007
443,1.0,30000.0,10.582840353276842,15.0,10.961496112834382,0,0,11.528673476277007
444,1.0,30000.0,10.660671765358328,15.0,11.143388361578495,0,0,11.528673476277007
445,1.0,30000.0,10.738760385079768,15.0,11.325881705366035,0,0,11.528673476277007
446,1.0,30000.0,10.817083073097853,15.0,11.508922067480729,0,0,11.528673476277007
447,1.0,30000.0,10.895616620709777,15.0,11.692455209112925,0,0,11.528673476277007
448,1.0,30000.0,10.974337756730492,15.0,11.87642674543181,0,0,11.528673476277007
449,1.0,30000.0,11.053223154388451,15.0,12.060782161700722,0,0,11.528673476277007
450,1.0,30000.0,11.13224943823785,15.0,12.245466829431123,0,0,11.528673476277007
451,1.0,30000.0,11.211393191085245,15.0,12.430426022570124,0,0,11.528673476277007
452,1.0,30000.0,11.290630960928617,15.0,12.615604933717073,0,0,11.528673476277007
453,1.0,30000.0,11.369939267906663,15.0,12.800948690364098,0,0,11.528673476277007
454,1.0,30000.0,11.449294611256411,15.0,12.98640237115605,0,0,11.528673476277007
455,1.0,30000.0,11.528673476277008,15.0,13.171911022164917,0,0,11.528673476277007
456,1.0,30000.0,11.608052341297595,15.0,13.357419673173755,0,0,11.528673476277007
457,1.0,30000.0,11.687407684647352,15.0,13.542873353965724,0,0,11.528673476277007
458,1.0,30000.0,11.76671599162539,15.0,13.728217110612732,0,0,11.528673476277007
459,1.0,30000.0,11.845953761468765,15.0,13.913396021759691,0,0,11.528673476277007
460,1.0,30000.0,11.92509751431616,15.0,14.098355214898692,0,0,11.528673476277007
461,1.0,30000.0,12.00412379816556,15.0,14.283039882629092,0,0,11.528673476277007
462,1.0,30000.0,12.083009195823518,15.0,14.467395298898005,0,0,11.528673476277007
463,1.0,30000.0,12.161730331844234,15.0,14.651366835216892,0,0,11.528673476277007
464,1.0,30000.0,12.24026387945616,15.0,14.834899976849096,0,0,11.528673476277007
465,1.0,30000.0,12.318586567474243,15.0,15.01794033896378,0,0,11.528673476277007
466,1.0,30000.0,12.396675187195687,15.0,15.200433682751328,0,0,11.528673476277007
467,1.0,30000.0,12.474506599277168,15.0,15.38232593149543,0,0,11.528673476277007
468,1.0,30000.0,12.55205774059156,15.0,15.563563186597248,0,0,11.528673476277007
469,1.0,30000.0,12.629305631061989,15.0,15.744091743546651,0,0,11.528673476277007
470,1.0,30000.0,12.706227380471374,15.0,15.923858107836118,0,0,11.528673476277007
471,1.0,30000.0,12.782800195245244,15.0,16.1028090108122,0,0,11.528673476277007
472,0.9999894850892437,29999.68455267731,12.85900138520602,15.0,16.280891425460304,0,0,11.528673476277007
473,0.9999566684802231,29998.700054406694,12.934808370296548,15.0,16.458052582117602,0,0,11.528673476277007
474,0.999901661628511,29997.04984885533,13.010198687271103,15.0,16.63423998410996,0,0,11.528673476277007
475,0.9998245825651277,29994.737476953833,13.085149996351713,15.0,16.80940142330772,0,0,11.528673476277007
476,0.9997255558615664,29991.766675846993,13.159640087847905,15.0,16.98348499559613,0,0,11.528673476277007
477,0.9996047125928795,29988.141377786385,13.233646888737946,15.0,17.15643911625572,0,0,11.528673476277007
478,0.9994621902988386,29983.86570896516,13.307148469209533,15.0,17.328212535247864,0,0,11.528673476277007
479,0.9992981329431785,29978.943988295356,13.380123049158083,15.0,17.49875435240135,0,0,11.528673476277007
480,0.9991126908709372,29973.380726128118,13.452549004640634,15.0,17.668014032495158,0,0,11.528673476277007
481,0.9989060207639063,29967.18062291719,13.524404874283494,15.0,17.835941420233162,0,0,11.528673476277007
482,0.9986782855942017,29960.34856782605,13.595669365641715,15.0,18.00248675510619,0,0,11.528673476277007
483,0.9984296545759722,29952.889637279168,13.66632136150849,15.0,18.16760068613719,0,0,11.528673476277007
484,0.9981603031152577,29944.80909345773,13.736339926172656,15.0,18.331234286504937,0,0,11.528673476277007
485,0.9978704127580118,29936.112382740353,13.805704311622373,15.0,18.493339068042154,0,0,11.528673476277007
486,0.997560171136307,29926.80513408921,13.874393963693226,15.0,18.65386699560355,0,0,11.528673476277007
487,0.9972297719127344,29916.893157382034,13.94238852815886,15.0,18.812770501299713,0,0,11.528673476277007
488,0.9968794147230178,29906.382441690534,14.009667856762388,15.0,18.970002498592493,0,0,11.528673476277007
489,0.9965093051168568,29895.279153505704,14.076212013186732,15.0,19.125516396247743,0,0,11.528673476277007
490,0.9961196544970184,29883.589634910553,14.142001278962207,15.0,19.279266112141332,0,0,11.528673476277007
491,0.9957106800566938,29871.320401700814,14.20701615930951,15.0,19.43120608691423,0,0,11.528673476277007
492,0.9952826047151391,29858.478141454172,14.271237388916468,15.0,19.581291297472813,0,0,11.528673476277007
493,0.9948356570516196,29845.06971154859,14.334645937646725,15.0,19.72947727033004,0,0,11.528673476277007
494,0.9943700712376772,29831.102137130314,14.39722301617884,15.0,19.87572009478409,0,0,11.528673476277007
495,0.9938860869677396,29816.58260903219,14.458950081573905,15.0,20.01997643592985,0,0,11.528673476277007
496,0.9933839493880946,29801.518481642837,14.519808842770281,15.0,20.162203547500177,0,0,11.528673476277007
497,0.9928639090242468,29785.917270727405,14.579781266003572,15.0,20.302359284532372,0,0,11.528673476277007
498,0.9923262217066828,29769.786651200484,14.638849580150469,15.0,20.44040211585674,0,0,11.528673476277007
499,0.991771148495062,29753.13445485186,14.696996281994691,15.0,20.576291136403174,0,0,11.528673476277007
500,0.9911989556008596,29735.968668025787,14.75420414141357,15.0,20.70998607932214,0,0,11.528673476277007
501,0.9906099143084821,29718.297429254464,14.81045620648372,15.0,20.841447327916697,0,0,11.528673476277007
502,0.9900043008948801,29700.129026846404,14.86573580850423,15.0,20.970635927381696,0,0,11.528673476277007
503,0.9893823965476813,29681.47189643044,14.920026566936006,15.0,21.09751359634702,0,0,11.528673476277007
504,0.9887444872818688,29662.334618456065,14.973312394255618,15.0,21.222042738221095,0,0,11.528673476277007
505,0.9880908638550283,29642.725915650848,15.025577500722441,15.0,21.34418645233164,0,0,11.528673476277007
506,0.9874218216811906,29622.654650435717,15.076806399057453,15.0,21.463908544860075,0,0,11.528673476277007
507,0.9867376607432939,29602.12982229882,15.126983909032463,15.0,21.581173539566564,0,0,11.528673476277007
508,0.9860386855042929,29581.160565128786,15.176095161968348,15.0,21.695946688302413,0,0,11.528673476277007
509,0.9853252048169387,29559.756144508163,15.224125605140955,15.0,21.808193981306612,0,0,11.528673476277007
510,0.9845975318322607,29537.92595496782,15.271061006093392,15.0,21.917882157283785,0,0,11.528673476277007
511,0.9838559839067714,29515.67951720314,15.316887456853403,15.0,22.024978713260083,0,0,11.528673476277007
512,0.9831008825084283,29493.02647525285,15.361591378054621,15.0,22.129451914214684,0,0,11.528673476277007
513,0.9823325531213751,29469.976593641255,15.405159522960396,15.0,22.23127080248338,0,0,11.528673476277007
514,0.9815513251494946,29446.53975448484,15.44757898138912,15.0,22.3304052069322,0,0,11.528673476277007
515,0.9807575318187979,29422.725954563935,15.488837183539767,15.0,22.426825751897553,0,0,11.528673476277007
516,0.9799515100786833,29398.5453023605,15.528921903716622,15.0,22.520503865891087,0,0,11.528673476277007
517,0.9791336005020912,29374.008015062736,15.567821263951998,15.0,22.611411790065862,0,0,11.528673476277007
518,0.978304147184584,29349.12441553752,15.605523737525932,15.0,22.699522586441987,0,0,11.528673476277007
519,0.9774634976423839,29323.904929271517,15.642018152381825,15.0,22.784810145888926,0,0,11.528673476277007
520,0.9766120027093959,29298.360081281877,15.677293694436939,15.0,22.867249195862154,0,0,11.528673476277007
521,0.9757500164332487,29272.50049299746,15.711339910786858,15.0,22.94681530789198,0,0,11.528673476277007
522,0.9748778959703821,29246.336879111463,15.744146712802893,15.0,23.023484904822226,0,0,11.528673476277007
523,0.9739960014802143,29219.88004440643,15.775704379121583,15.0,23.097235267796666,0,0,11.528673476277007
524,0.9731046960184185,29193.140880552557,15.806003558525326,15.0,23.168044542991083,0,0,11.528673476277007
525,0.9722043454293423,29166.13036288027,15.835035272713357,15.0,23.235891748089053,0,0,11.528673476277007
526,0.9712953182375994,29138.85954712798,15.862790918962203,15.0,23.300756778499437,0,0,11.528673476277007
527,0.9703779855388681,29111.339566166043,15.889262272674866,15.0,23.36262041331382,0,0,11.528673476277007
528,0.9694527208899278,29083.581626697836,15.914441489817946,15.0,23.421464321002098,0,0,11.528673476277007
529,0.9685199001979663,29055.597005938987,15.938321109245983,15.0,23.47727106484444,0,0,11.528673476277007
530,0.9675799016091892,29027.397048275674,15.960894054912385,15.0,23.53002410809826,0,0,11.528673476277007
531,0.9666331053967684,28998.99316190305,15.98215363796618,15.0,23.57970781889832,0,0,11.528673476277007
532,0.9656798938481581,28970.396815444743,16.002093558734096,15.0,23.62630747488886,0,0,11.528673476277007
533,0.9647206511518155,28941.619534554466,16.020707908587266,15.0,23.669809267586103,0,0,11.528673476277007
534,0.9637557632833567,28912.6728985007,16.0379911716921,15.0,23.71020030647003,0,0,11.528673476277007
535,0.9627856178911842,28883.568536735525,16.053938226644732,15.0,23.747468622804107,0,0,11.528673476277007
536,0.9618106041816182,28854.318125448546,16.06854434798862,15.0,23.781603173181885,0,0,11.528673476277007
537,0.9608311128035665,28824.933384106993,16.081805207614785,15.0,23.812593842799412,0,0,11.528673476277007
538,0.9598475357327665,28795.426071982994,16.093716876044322,15.0,23.840431448452435,0,0,11.528673476277007
539,0.9588602661556349,28765.80798466905,16.1042758235928,15.0,23.86510774125763,0,0,11.528673476277007
540,0.9578696983527575,28736.090950582726,16.11347892141618,15.0,23.88661540909687,0,0,15.528673476277007
541,0.9566897785689278,28700.693357067834,21.714793836273458,15.0,23.904948078783995,0,0,15.528673476277007
542,0.955507276949969,28665.21830849907,21.723527019130326,15.0,23.920100317953334,0,0,15.528673476277007
543,0.9543226061183898,28629.678183551696,21.730424533186557,15.0,23.932067636669416,0,0,15.528673476277007
544,0.9531361793394842,28594.085380184526,21.735484334559874,15.0,23.940846488757416,0,0,15.528673476277007
545,0.9519484103988706,28558.452311966117,21.738704923921937,15.0,23.946434272854,0,0,15.528673476277007
546,0.950759713479879,28522.79140439637,21.740085346942607,15.0,23.948829333178153,0,0,15.528673476277007
547,0.9495705030408197,28487.11509122459,21.739625194572753,15.0,23.948030960021804,0,0,15.528673476277007
548,0.94838119369217,28451.4358107651,21.737324603165447,15.0,23.944039389960153,0,0,15.528673476277007
549,0.9471922000737159,28415.766002211476,21.733184254435578,15.0,23.936855805781555,0,0,15.528673476277007
550,0.9460039367316861,28380.118101950586,21.727205375257835,15.0,23.92648233613703,0,0,15.528673476277007
551,0.9448168179959128,28344.504539877384,21.71938973730315,15.0,23.912922054909522,0,0,15.528673476277007
552,0.9436312578570558,28308.937735711675,21.70973965651372,15.0,23.896178980303006,0,0,15.528673476277007
553,0.94244766984393,28273.4300953179,21.698257992416753,15.0,23.87625807365184,0,0,15.528673476277007
554,0.9412664669009664,28237.994007028992,21.684948147277115,15.0,23.853165237950584,0,0,15.528673476277007
555,0.9400880612658483,28202.64183797545,21.669814065089174,15.0,23.826907316104844,0,0,15.528673476277007
556,0.9389128643473563,28167.38593042069,21.65286023040809,15.0,23.797492088903553,0,0,15.528673476277007
557,0.937741286603459,28132.23859810377,21.634091667020993,15.0,23.764928272713377,0,0,15.528673476277007
558,0.9365737374196855,28097.212122590565,21.613513936458254,15.0,23.729225516895816,0,0,15.528673476277007
559,0.9354106249878157,28062.31874963447,21.591133136345558,15.0,23.690394400947966,0,0,15.528673476277007
560,0.9342523561849237,28027.57068554771,21.566955898596984,15.0,23.648446431367518,0,0,15.528673476277007
561,0.9330993364528126,27992.980093584378,21.54098938744987,15.0,23.603394038243167,0,0,15.528673476277007
562,0.9319519696778717,27958.55909033615,21.51324129734187,15.0,23.555250571571314,0,0,15.528673476277007
563,0.9308106580713977,27924.31974214193,21.483719850630933,15.0,23.50403029730015,0,0,15.528673476277007
564,0.92967580205041,27890.2740615123,21.452433795158854,15.0,23.449748393102368,0,0,15.528673476277007
565,0.9285478001189985,27856.434003569957,21.419392401659074,15.0,23.392420943877678,0,0,15.528673476277007
566,0.9274270487502387,27822.81146250716,21.38460546100957,15.0,23.33206493698652,0,0,15.528673476277007
567,0.9263139422687078,27789.418268061232,21.348083281331633,15.0,23.268698257216315,0,0,15.528673476277007
568,0.9252088727336378,27756.266182009134,21.309836684935306,15.0,23.202339681481853,0,0,15.528673476277007
569,0.9241122298227403,27723.36689468221,21.26987700511253,15.0,23.13300887326125,0,0,15.528673476277007
570,0.9230244007167363,27690.732021502088,21.228216082778847,15.0,23.060726376769274,0,0,15.528673476277007
571,0.9219457699846259,27658.373099538774,21.184866262964643,15.0,22.985513610869607,0,0,15.528673476277007
572,0.9208767194697324,27626.301584091972,21.139840391157108,15.0,22.907392862728017,0,0,15.528673476277007
573,0.9198176281765545,27594.528845296638,21.093151809493804,15.0,22.826387281208177,0,0,15.528673476277007
574,0.9187688721584584,27563.066164753753,21.044814352809077,15.0,22.7425208700121,0,0,15.528673476277007
575,0.917730824406245,27531.924732187348,20.994842344534575,15.0,22.65581848056744,0,0,15.528673476277007
576,0.9167038547376247,27501.11564212874,20.94325059245481,15.0,22.566305804663365,0,0,15.528673476277007
577,0.9156883296876334,27470.649890629,20.890054384319384,15.0,22.474009366837592,0,0,15.528673476277007
578,0.9146846124000187,27440.538372000563,20.835269483312832,15.0,22.378956516516574,0,0,15.528673476277007
579,0.9136930625196342,27410.791875589028,20.77891212338367,15.0,22.28117541991126,0,0,15.528673476277007
580,0.9127140360858675,27381.421082576027,20.720999004433935,15.0,22.18069505167086,0,0,15.528673476277007
581,0.911747885427139,27352.43656281417,20.661547287370652,15.0,22.077545186297044,0,0,15.528673476277007
582,0.9107949590564989,27323.848771694968,20.600574589020653,15.0,21.971756389321065,0,0,15.528673476277007
583,0.9098556015683555,27295.668047050665,20.538098976910348,15.0,21.863360008246573,0,0,15.528673476277007
584,0.9089301535363645,27267.904606090935,20.474138963911955,15.0,21.752388163260683,0,0,15.528673476277007
585,0.9080189514125092,27240.568542375277,20.408713502757692,15.0,21.63887373771603,0,0,15.528673476277007
586,0.9071223274274033,27213.6698228221,20.34184198042369,15.0,21.522850368386727,0,0,15.528673476277007
587,0.9062406094918432,27187.218284755294,20.27354421238522,15.0,21.4043524355011,0,0,15.528673476277007
588,0.9053741210996409,27161.223632989226,20.20384043674495,15.0,21.283415052554076,0,0,15.528673476277007
589,0.9045231812317664,27135.695436952992,20.13275130823593,15.0,21.160074055902257,0,0,15.528673476277007
590,0.9036881042618261,27110.643127854783,20.06029789210116,15.0,21.034365994144856,0,0,15.528673476277007
591,0.9028691998629075,27086.075995887226,19.986501657851505,15.0,20.906328117293572,0,0,15.528673476277007
592,0.9020667729158163,27062.00318747449,19.911384472903848,15.0,20.77599836573461,0,0,15.528673476277007
593,0.9012811234187335,27038.433702562004,19.83496859610124,15.0,20.64341535898612,0,0,15.528673476277007
594,0.9005125463983197,27015.37639194959,19.757276671117168,15.0,20.508618384254355,0,0,15.528673476277007
595,0.899761331822292,26992.83995466876,19.67833171974574,15.0,20.371647384792087,0,0,15.528673476277007
596,0.899027764513501,26970.83293540503,19.5981571350798,15.0,20.23254294806253,0,0,15.528673476277007
597,0.8983121240655305,26949.363721965914,19.516776674579113,15.0,20.09134629371242,0,0,15.528673476277007
598,0.897614684759849,26928.44054279547,19.434214453030457,15.0,19.94809926135771,0,0,15.528673476277007
599,0.8969357154845335,26908.071464536006,19.350494935401905,15.0,19.802844298185605,0,0,15.528673476277007
600,0.8962754796545928,26888.26438963778,19.265642929593348,15.0,19.655624446376542,0,0,15.528673476277007
601,0.8956342351339107,26869.027054017322,19.179683579085374,15.0,19.5064833303499,0,0,15.528673476277007
602,0.8950122341588372,26850.367024765117,19.09264235548869,15.0,19.355465143837083,0,0,15.528673476277007
603,0.8944097232634438,26832.291697903314,19.004545050996335,15.0,19.202614636785963,0,0,15.528673476277007
604,0.8938269432064709,26814.80829619413,18.915417770740948,15.0,19.04797710210061,0,0,15.528673476277007
605,0.8932641288999857,26797.923866999572,18.82528692505918,15.0,18.891598362219874,0,0,15.528673476277007
606,0.8927215093397725,26781.645280193174,18.7341792216658,15.0,18.73352475553932,0,0,15.528673476277007
607,0.8921993075374766,26765.9792261243,18.64212165773957,15.0,18.573803122680097,0,0,15.528673476277007
608,0.8916977404545208,26750.932213635624,18.549141511923466,15.0,18.412480792609127,0,0,15.528673476277007
609,0.8912170189378156,26736.51056813447,18.45526633624135,15.0,18.249605568614395,0,0,15.528673476277007
610,0.8907573476572799,26722.720429718396,18.3605239479338,15.0,18.085225714139966,0,0,15.528673476277007
611,0.8903189250451935,26709.567751355804,18.26494242121514,15.0,17.91938993848425,0,0,15.528673476277007
612,0.889901943237397,26697.058297121912,18.168550078954578,15.0,17.752147382366665,0,0,15.528673476277007
613,0.8895065880163585,26685.197640490755,18.07137548428344,15.0,17.583547603365936,0,0,15.528673476277007
614,0.8891330387561208,26673.991162683626,17.97344743213133,15.0,17.413640561235297,0,0,15.528673476277007
615,0.8887814683691507,26663.444051074523,17.87479494069356,15.0,17.242476603098215,0,0,15.528673476277007
616,0.8884520432551004,26653.561297653014,17.77544724283242,15.0,17.07010644852948,0,0,15.528673476277007
617,0.8881449232514995,26644.347697544985,17.675433777414916,15.0,16.896581174525984,0,0,15.528673476277007
618,0.8878602615863919,26635.807847591757,17.5747841805893,15.0,16.72195220037138,0,0,15.528673476277007
619,0.8875982048329315,26627.946144987945,17.47352827700331,15.0,16.546271272399512,0,0,15.528673476277007
620,0.8873588928659489,26620.766785978467,17.371696070966454,15.0,16.369590448660816,0,0,15.528673476277007
621,0.8871424588205035,26614.273764615104,17.269317737559117,15.0,16.1919620834965,0,0,15.528673476277007
622,0.8869490290524327,26608.47087157298,17.166423613690977,15.0,16.013438812024667,0,0,15.528673476277007
623,0.8867787231009103,26603.36169302731,17.06304418911158,15.0,15.834073534543506,0,0,15.528673476277007
624,0.8866316536530242,26598.949609590727,16.959210097375532,15.0,15.65391940085574,0,0,15.528673476277007
625,0.8865079265103846,26595.237795311536,16.85495210676514,15.0,15.473029794519238,0,0,15.528673476277007
626,0.8864076405577729,26592.229216733187,16.75030111117312,15.0,15.291458317028313,0,0,15.528673476277007
627,0.8863308877338402,26589.926632015206,16.64528812094797,15.0,15.109258771930307,0,0,15.528673476277007
628,0.8862777530038635,26588.332590115904,16.5399442537051,15.0,14.926485148882675,0,0,15.528673476277007
629,0.8862483143345687,26587.44943003706,16.43430072510586,15.0,14.743191607654465,0,0,15.528673476277007
630,0.8862426426710278,26587.279280130835,16.328388839607765,15.0,14.559432462077785,0,0,15.528673476277007
631,0.8862608019156362,26587.824057469086,16.222239981188242,15.0,14.375262163953291,0,0,15.528673476277007
632,0.8863028489091765,26589.085467275298,16.115885604044923,15.0,14.19073528691504,0,0,15.528673476277007
633,0.886368833413976,26591.06500241928,16.00935722327506,15.0,14.005906510259097,0,0,15.528673476277007
634,0.8864587980991605,26593.763942974816,15.902686405536969,15.0,13.820830602740955,0,0,15.528673476277007
635,0.8865727785280113,26597.183355840338,15.795904759696075,15.0,13.635562406346256,0,0,15.528673476277007
636,0.8867108031474261,26601.324094422784,15.689043927458572,15.0,13.450156820039988,0,0,15.528673476277007
637,0.8868728932794903,26606.186798384708,15.58213557399532,15.0,13.264668783498792,0,0,15.528673476277007
638,0.8870590631151584,26611.771893454752,15.4752113785587,15.0,13.079153260831037,0,0,15.528673476277007
639,0.887269319710049,26618.07959130147,15.368303025095447,15.0,12.89366522428984,0,0,15.528673476277007
640,0.8875036629823544,26625.10988947063,15.261442192857942,15.0,12.708259637983573,0,0,15.528673476277007
641,0.8877620857128641,26632.862571385922,15.154660547017048,15.0,12.522991441588873,0,0,15.528673476277007
642,0.8880445735471046,26641.33720641314,15.047989729278957,15.0,12.337915534070731,0,0,15.528673476277007
643,0.8883511049995932,26650.533149987798,14.941461348509105,15.0,12.153086757414808,0,0,15.528673476277007
644,0.8886816514602037,26660.449543806113,14.835106971365775,15.0,11.968559880376535,0,0,15.528673476277007
645,0.8890361772026449,26671.08531607935,14.728958112946241,15.0,11.784389582252022,0,0,15.528673476277007
646,0.8894146393950471,26682.439181851412,14.623046227448144,15.0,11.600630436675342,0,0,15.528673476277007
647,0.8898169881126533,26694.5096433796,14.517402698848914,15.0,11.417336895447152,0,0,15.528673476277007
648,0.8902431663526141,26707.294990578423,14.412058831606046,15.0,11.23456327239952,0,0,15.528673476277007
649,0.8906931100508783,26720.793301526348,14.3070458413809,15.0,11.052363727301515,0,0,15.528673476277007
650,0.8911667481011762,26735.002443035286,14.202394845788868,15.0,10.87079224981057,0,0,15.528673476277007
651,0.8916640023760904,26749.920071282715,14.098136855178488,15.0,10.689902643474088,0,0,15.528673476277007
652,0.8921847877502067,26765.5436325062,13.994302763442445,15.0,10.50974850978634,0,0,15.528673476277007
653,0.8927290121253378,26781.870363760136,13.89092333886304,15.0,10.33038323230516,0,0,15.528673476277007
654,0.8932965764578151,26798.897293734455,13.788029214994902,15.0,10.151859960833328,0,0,15.528673476277007
655,0.8938873747878369,26816.621243635105,13.685650881587563,15.0,9.97423159566901,0,0,15.528673476277007
656,0.8945012942708659,26835.038828125977,13.583818675550706,15.0,9.797550771930318,0,0,15.528673476277007
657,0.8951382152110688,26854.146456332066,13.482562771964718,15.0,9.621869843958446,0,0,15.528673476277007
658,0.8957980110967844,26873.94033290353,13.3819131751391,15.0,9.44724086980384,0,0,15.528673476277007
659,0.8964805486380105,26894.416459140317,13.281899709721596,15.0,9.273715595800347,0,0,15.528673476277007
660,0.8971856878059025,26915.570634177075,13.182552011860459,15.0,9.101345441231613,0,0,15.528673476277007
661,0.8979132818742657,26937.39845622797,13.083899520422687,15.0,8.930181483094529,0,0,15.528673476277007
662,0.8986631774630334,26959.895323891,12.98597146827057,15.0,8.760274440963874,0,0,15.528673476277007
663,0.8994352145837174,26983.056437511525,12.888796873599446,15.0,8.591674661963177,0,0,15.528673476277007
664,0.9002292266868163,27006.87680060449,12.792404531338882,15.0,8.424432105845574,0,0,15.528673476277007
665,0.9010450407111663,27031.35122133499,12.69682300462023,15.0,8.258596330189878,0,0,15.528673476277007
666,0.9018824771352241,27056.474314056723,12.602080616312659,15.0,8.094216475715413,0,0,15.528673476277007
667,0.9027413500302627,27082.24050090788,12.508205440630555,15.0,7.9313412517207,0,0,15.528673476277007
668,0.9036214671154662,27108.644013463985,12.41522529481445,15.0,7.770018921649731,0,0,15.528673476277007
669,0.9045226298149066,27135.6788944472,12.323167730888217,15.0,7.6102972887905045,0,0,15.528673476277007
670,0.9054446333163864,27163.338999491592,12.232060027494835,15.0,7.452223682109952,0,0,15.528673476277007
671,0.9063872666321284,27191.61799896385,12.141929181813069,15.0,7.295844942229218,0,0,15.528673476277007
672,0.9073503126612964,27220.50937983889,12.052801901557684,15.0,7.141207407543863,0,0,15.528673476277007
673,0.9083335482543263,27250.00644762979,11.964704597065328,15.0,6.988356900492745,0,0,15.528673476277007
674,0.9093367442790511,27280.102328371533,11.877663373468643,15.0,6.837338713979923,0,0,15.528673476277007
675,0.9103596656885966,27310.789970657897,11.791704022960669,15.0,6.688197597953286,0,0,15.528673476277007
676,0.9114020715910316,27342.062147730947,11.70685201715212,15.0,6.540977746144236,0,0,15.528673476277007
677,0.9124637153207491,27373.91145962247,11.623132499523564,15.0,6.395722782972118,0,0,15.528673476277007
678,0.9135443445115585,27406.330335346756,11.540570277974895,15.0,6.252475750617391,0,0,15.528673476277007
679,0.9146437011714679,27439.311035144037,11.45918981747422,15.0,6.111279096267299,0,0,15.528673476277007
680,0.9157615217591316,27472.845652773947,11.379015232808278,15.0,5.972174659537736,0,0,15.528673476277007
681,0.9168975372619437,27506.92611785831,11.300070281436847,15.0,5.8352036600754715,0,0,15.528673476277007
682,0.9180514732757524,27541.54419827257,11.222378356452767,15.0,5.700406685343696,0,0,15.528673476277007
683,0.9192230500861717,27576.69150258515,11.145962479650162,15.0,5.5678236785952,0,0,15.528673476277007
684,0.9204119827514667,27612.359482544,11.070845294702506,15.0,5.43749392703625,0,0,15.528673476277007
685,0.9216179811869885,27648.539435609655,10.997049060452865,15.0,5.309456050184982,0,0,15.528673476277007
686,0.9228407502511318,27685.222507533952,10.924595644318087,15.0,5.183747988427571,0,0,15.528673476277007
687,0.9240799898327922,27722.399694983764,10.853506515809066,15.0,5.060406991775748,0,0,15.528673476277007
688,0.9253353949402955,27760.061848208865,10.783802740168795,15.0,4.939469608828724,0,0,15.528673476277007
689,0.9266066557917734,27798.199673753203,10.715504972130326,15.0,4.820971675943097,0,0,15.528673476277007
690,0.9278934579069585,27836.803737208757,10.648633449796325,15.0,4.704948306613797,0,0,15.528673476277007
691,0.9291954822003714,27875.864466011142,10.58320798864206,15.0,4.59143388106914,0,0,15.528673476277007
692,0.930512405075873,27915.372152276188,10.519247975643667,15.0,4.4804620360832494,0,0,15.528673476277007
693,0.9318438985225522,27955.316955676568,10.456772363533364,15.0,4.3720656550087575,0,0,15.528673476277007
694,0.933189630211924,27995.688906357722,10.395799665183363,15.0,4.266276858032782,0,0,15.528673476277007
695,0.9345492635964042,28036.477907892127,10.336347948120078,15.0,4.163126992658963,0,0,15.528673476277007
696,0.9359224580090366,28077.673740271097,10.27843482917035,15.0,4.062646624418573,0,0,15.528673476277007
697,0.9373088687644396,28119.266062933188,10.222077469241183,15.0,3.964865527813249,0,0,15.528673476277007
698,0.9387081472609441,28161.244417828322,10.167292568234629,15.0,3.8698126774922295,0,0,15.528673476277007
699,0.9401199410838915,28203.598232516746,10.114096360099197,15.0,3.7775162396664514,0,0,15.528673476277007
700,0.941543894110062,28246.31682330186,10.062504608019442,15.0,3.68800356376238,0,0,15.528673476277007
701,0.9429796466132012,28289.389398396037,10.012532599744935,15.0,3.60130117431772,0,0,15.528673476277007
702,0.9444268353706154,28332.805061118463,9.964195143060211,15.0,3.5174347631216465,0,0,15.528673476277007
703,0.9458850937708017,28376.55281312405,9.917506561396902,15.0,3.436429181601798,0,0,15.528673476277007
704,0.947354051922083,28420.62155766249,9.87248068958937,15.0,3.358308433460214,0,0,15.528673476277007
705,0.9488333367622153,28465.00010286646,9.829130869775174,15.0,3.2830956675605534,0,0,15.528673476277007
706,0.9503225721689338,28509.677165068013,9.787469947441483,15.0,3.21081317106857,0,0,15.528673476277007
707,0.9518213790714061,28554.64137214218,9.74751026761871,15.0,3.141482362847973,0,0,15.528673476277007
708,0.9533293755625588,28599.881266876764,9.709263671222384,15.0,3.0751237871135095,0,0,15.528673476277007
709,0.9548461770122453,28645.385310367357,9.672741491544441,15.0,3.0117571073433007,0,0,15.528673476277007
710,0.9563713961812195,28691.141885436584,9.637954550894943,15.0,2.9514011004521414,0,0,15.528673476277007
711,0.9579046433358837,28737.13930007651,9.60491315739516,15.0,2.894073651227454,0,0,15.528673476277007
712,0.9594455263637746,28783.365790913238,9.57362710192308,15.0,2.8397917470296727,0,0,15.528673476277007
713,0.9609936508897549,28829.809526692647,9.544105655212146,15.0,2.7885714727585045,0,0,15.528673476277007
714,0.9625486203928753,28876.458611786256,9.516357565104144,15.0,2.740428006086653,0,0,15.528673476277007
715,0.9641100363238715,28923.301089716144,9.490391053957033,15.0,2.695375612962306,0,0,15.528673476277007
716,0.9656774982232642,28970.324946697925,9.466213816208459,15.0,2.653427643381857,0,0,15.528673476277007
717,0.9672506038400228,29017.518115200684,9.443833016095757,15.0,2.614596527434003,0,0,15.528673476277007
718,0.9688289492507616,29064.868477522847,9.423255285533022,15.0,2.578893771616449,0,0,15.528673476277007
719,0.9704121289794305,29112.363869382916,9.404486722145919,15.0,2.546329955426263,0,0,15.528673476277007
720,0.9719997361174673,29159.99208352402,9.387532887464843,15.0,2.516914728224978,0,0,15.528673476277007
721,0.9735913624443723,29207.740873331168,9.372398805276898,15.0,2.4906568063792385,0,0,15.528673476277007
722,0.9751865985486734,29255.597956460202,9.35908896013726,15.0,2.4675639706779813,0,0,15.528673476277007
723,0.976785033949244,29303.55101847732,9.347607296040295,15.0,2.447643064026812,0,0,15.528673476277007
724,0.9783862572169365,29351.587716508096,9.337957215250867,15.0,2.430899989420297,0,0,15.528673476277007
725,0.9799898560964985,29399.695682894955,9.33014157729618,15.0,2.4173397081927877,0,0,15.528673476277007
726,0.9815954176287324,29447.86252886197,9.324162698118434,15.0,2.4069662385482644,0,0,15.528673476277007
727,0.9832025282728638,29496.075848185916,9.320022349388568,15.0,2.399782654369666,0,0,15.528673476277007
728,0.9848107740290839,29544.323220872517,9.317721757981262,15.0,2.395791084308015,0,0,15.528673476277007
729,0.9864197405612247,29592.592216836743,9.317261605611407,15.0,2.3949927111516667,0,0,15.528673476277007
730,0.9880290133195377,29640.870399586132,9.318642028632077,15.0,2.397387771475817,0,0,15.528673476277007
731,0.9896381776635325,29689.145329905972,9.321862617994137,15.0,2.4029755555724037,0,0,15.528673476277007
732,0.9912468189848438,29737.404569545313,9.326922419367454,15.0,2.4117544076604025,0,0,15.528673476277007
733,0.9928545228300899,29785.635684902696,9.333819933423689,15.0,2.423721726376481,0,0,15.528673476277007
734,0.9944608750236832,29833.826250710496,9.342553116280557,15.0,2.4388739655458207,0,0,15.528673476277007
735,0.9960654617905597,29881.96385371679,9.353119380107506,15.0,2.4572066352329522,0,0,15.528673476277007
736,0.9976678698787893,29930.036096363678,9.36551559389252,15.0,2.4787143030721865,0,0,15.528673476277007
737,0.9992676866820315,29978.030600460945,9.379738084369926,15.0,2.5033905958773777,0,0,15.528673476277007
738,1.0,30000.0,9.39578263710885,15.0,2.5312282015304044,0,0,15.528673476277007
739,1.0,30000.0,9.413644497762045,15.0,2.5622188711479303,0,0,15.528673476277007
740,1.0,30000.0,9.433318373474705,15.0,2.596353421525711,0,0,15.528673476277007
741,1.0,30000.0,9.454798434452863,15.0,2.6336217378597846,0,0,15.528673476277007
742,1.0,30000.0,9.478078315690874,15.0,2.6740127767437105,0,0,15.528673476277007
743,1.0,30000.0,9.503151118857506,15.0,2.717514569440958,0,0,15.528673476277007
744,1.0,30000.0,9.53000941434006,15.0,2.764114225431496,0,0,15.528673476277007
745,1.0,30000.0,9.558645243445946,15.0,2.813797936231558,0,0,15.528673476277007
746,1.0,30000.0,9.589050120760975,15.0,2.866550979485371,0,0,15.528673476277007
747,1.0,30000.0,9.62121503666382,15.0,2.9223577233277207,0,0,15.528673476277007
748,1.0,30000.0,9.655130459995716,15.0,2.9812016310159875,0,0,15.528673476277007
749,1.0,30000.0,9.690786340884772,15.0,3.043065265830374,0,0,15.528673476277007
750,1.0,30000.0,9.72817211372397,15.0,3.107930296240755,0,0,15.528673476277007
751,1.0,30000.0,9.767276700301972,15.0,3.175777501338736,0,0,15.528673476277007
752,1.0,30000.0,9.80808851308581,15.0,3.246586776533146,0,0,15.528673476277007
753,1.0,30000.0,9.85059545865458,15.0,3.3203371395075836,0,0,15.528673476277007
754,1.0,30000.0,9.894784941282941,15.0,3.397006736437847,0,0,15.528673476277007
755,1.0,30000.0,9.940643866673485,15.0,3.4765728484676677,0,0,15.528673476277007
756,1.0,30000.0,9.98815864583691,15.0,3.55901189844089,0,0,15.528673476277007
757,1.0,30000.0,10.03731519911869,15.0,3.6442994578878167,0,0,15.528673476277007
758,1.0,30000.0,10.08809896037123,15.0,3.7324102542639634,0,0,15.528673476277007
759,1.0,30000.0,10.140494881270035,15.0,3.8233181784387344,0,0,15.528673476277007
760,1.0,30000.0,10.194487435772958,15.0,3.9169962924322577,0,0,15.528673476277007
761,1.0,30000.0,10.250060624720849,15.0,4.013416837397621,0,0,15.528673476277007
762,1.0,30000.0,10.307197980578453,15.0,4.1125512418464325,0,0,15.528673476277007
763,1.0,30000.0,10.3658825723141,15.0,4.214370130115137,0,0,15.528673476277007
764,1.0,30000.0,10.42609701041674,15.0,4.318843331069724,0,0,15.528673476277007
765,1.0,30000.0,10.487823452048847,15.0,4.425939887046042,0,0,15.528673476277007
766,1.0,30000.0,10.551043606333575,15.0,4.535628063023201,0,0,15.528673476277007
767,1.0,30000.0,10.61573873977482,15.0,4.647875356027406,0,0,15.528673476277007
768,1.0,30000.0,10.681889681808304,15.0,4.762648504763243,0,0,15.528673476277007
769,1.0,30000.0,10.749476830482259,15.0,4.879913499469747,0,0,15.528673476277007
770,1.0,30000.0,10.818480158265867,15.0,4.9996355919981745,0,0,15.528673476277007
771,1.0,30000.0,10.888879217983899,15.0,5.121779306108712,0,0,15.528673476277007
772,1.0,30000.0,10.960653148875624,15.0,5.246308447982788,0,0,15.528673476277007
773,1.0,30000.0,11.03378068277632,15.0,5.373186116948117,0,0,15.528673476277007
774,1.0,30000.0,11.108240150419451,15.0,5.5023747164131205,0,0,15.528673476277007
775,1.0,30000.0,11.1840094878578,15.0,5.633835965007667,0,0,15.528673476277007
776,1.0,30000.0,11.261066243001455,15.0,5.767530907926647,0,0,15.528673476277007
777,1.0,30000.0,11.339387582270827,15.0,5.903419928473071,0,0,15.528673476277007
778,1.0,30000.0,11.418950297362787,15.0,6.041462759797442,0,0,15.528673476277007
779,1.0,30000.0,11.499730812127751,15.0,6.181618496829629,0,0,15.528673476277007
780,1.0,30000.0,11.581705189555816,15.0,6.323845608399957,0,0,15.528673476277007
781,1.0,30000.0,11.66484913886978,15.0,6.468101949545724,0,0,15.528673476277007
782,1.0,30000.0,11.749138022723077,15.0,6.6143447739997585,0,0,15.528673476277007
783,1.0,30000.0,11.834546864500316,15.0,6.762530746856994,0,0,15.528673476277007
784,1.0,30000.0,11.921050355718416,15.0,6.912615957415575,0,0,15.528673476277007
785,1.0,30000.0,12.00862286352601,15.0,7.064555932188474,0,0,15.528673476277007
786,1.0,30000.0,12.097238438299078,15.0,7.218305648082053,0,0,15.528673476277007
787,1.0,30000.0,12.186870821330352,15.0,7.373819545737334,0,0,15.528673476277007
788,1.0,30000.0,12.277493452610274,15.0,7.531051543030108,0,0,15.528673476277007
789,1.0,30000.0,12.369079478697412,15.0,7.689955048726251,0,0,15.528673476277007
790,1.0,30000.0,12.461601760675665,15.0,7.850482976287642,0,0,15.528673476277007
791,1.0,30000.0,12.555032882196098,15.0,8.012587757824882,0,0,15.528673476277007
792,1.0,30000.0,12.64934515760096,15.0,8.176221358192628,0,0,15.528673476277007
793,1.0,30000.0,12.744510640127638,15.0,8.341335289223622,0,0,15.528673476277007
794,1.0,30000.0,12.840501130189814,15.0,8.507880624096632,0,0,15.528673476277007
795,1.0,30000.0,12.937288183733676,15.0,8.675808011834661,0,0,15.528673476277007
796,1.0,30000.0,13.034843120666373,15.0,8.845067691928469,0,0,15.528673476277007
797,1.0,30000.0,13.133137033354705,15.0,9.015609509081951,0,0,15.528673476277007
798,1.0,30000.0,13.232140795190995,15.0,9.18738292807411,0,0,15.528673476277007
799,1.0,30000.0,13.331825069223916,15.0,9.36033704873369,0,0,15.528673476277007
800,1.0,30000.0,13.432160316851718,15.0,9.5344206210221,0,0,15.528673476277007
801,1.0,30000.0,13.533116806575118,15.0,9.709582060219843,0,0,15.528673476277007
802,1.0,30000.0,13.634664622807401,15.0,9.885769462212206,0,0,15.528673476277007
803,1.0,30000.0,13.736773674739016,15.0,10.062930618869508,0,0,15.528673476277007
804,1.0,30000.0,13.839413705254191,15.0,10.2410130335176,0,0,15.528673476277007
805,1.0,30000.0,13.942554299896742,15.0,10.419963936493707,0,0,15.528673476277007
806,1.0,30000.0,14.0461648958825,15.0,10.599730300783158,0,0,15.528673476277007
807,1.0,30000.0,14.150214791155783,15.0,10.780258857732564,0,0,15.528673476277007
808,1.0,30000.0,14.254673153487044,15.0,10.961496112834372,0,0,15.528673476277007
809,1.0,30000.0,14.359509029609137,15.0,11.143388361578493,0,0,15.528673476277007
810,1.0,30000.0,14.464691354389403,15.0,11.325881705366033,0,0,19.528673476277007
811,1.0,30000.0,18.323294846972146,15.0,11.508922067480714,0,0,19.528673476277007
812,1.0,30000.0,18.45632454994732,15.0,11.69245520911291,0,0,19.528673476277007
813,1.0,30000.0,18.58967201305256,15.0,11.876426745431807,0,0,19.528673476277007
814,1.0,30000.0,18.723297722556655,15.0,12.060782161700718,0,0,19.528673476277007
815,1.0,30000.0,18.85716208227801,15.0,12.245466829431109,0,0,19.528673476277007
816,1.0,30000.0,18.991225425317825,15.0,12.430426022570131,0,0,19.528673476277007
817,1.0,30000.0,19.1254480258142,15.0,12.615604933717071,0,0,19.528673476277007
818,1.0,30000.0,19.259790110713865,15.0,12.800948690364086,0,0,19.528673476277007
819,1.0,30000.0,19.39421187155773,15.0,12.986402371156036,0,0,19.528673476277007
820,1.0,30000.0,19.528673476277014,15.0,13.171911022164924,0,0,19.528673476277007
821,1.0,30000.0,19.66313508099626,15.0,13.357419673173753,0,0,19.528673476277007
822,1.0,30000.0,19.797556841840123,15.0,13.542873353965703,0,0,19.528673476277007
823,1.0,30000.0,19.93189892673979,15.0,13.728217110612718,0,0,19.528673476277007
824,1.0,30000.0,20.066121527236195,15.0,13.913396021759695,0,0,19.528673476277007
825,0.9999875301363237,29999.62590408971,20.200184870275994,15.0,14.0983552148987,0,0,19.528673476277007
826,0.9999501161014311,29998.503483042936,20.334049229997333,15.0,14.283039882629073,0,0,19.528673476277007
827,0.9998877916941233,29996.6337508237,20.467674939501457,15.0,14.467395298898023,0,0,19.528673476277007
828,0.9998005980946816,29994.017942840448,20.601022402606684,15.0,14.651366835216898,0,0,19.528673476277007
829,0.9996885838526659,29990.657515579976,20.73405210558186,15.0,14.834899976849094,0,0,19.528673476277007
830,0.999551804872528,29986.55414617584,20.866724628854968,15.0,15.017940338963776,0,0,19.528673476277007
831,0.9993903243970467,29981.7097319114,20.999000658694072,15.0,15.200433682751331,0,0,19.528673476277007
832,0.9992042129885861,29976.126389657584,21.130840998856755,15.0,15.382325931495437,0,0,19.528673476277007
833,0.9989935485081881,29969.80645524564,21.262206582204886,15.0,15.563563186597246,0,0,19.528673476277007
834,0.9987584160924993,29962.752482774977,21.393058482281027,15.0,15.744091743546647,0,0,19.528673476277007
835,0.9984989081285435,29954.967243856303,21.523357924843175,15.0,15.923858107836121,0,0,19.528673476277007
836,0.9982151242263457,29946.453726790372,21.653066299354382,15.0,16.10280901081221,0,0,19.528673476277007
837,0.9979071711894154,29937.21513568246,21.782145170423966,15.0,16.280891425460304,0,0,19.528673476277007
838,0.9975751629830982,29927.254889492946,21.910556289196677,15.0,16.45805258211762,0,0,19.528673476277007
839,0.9972192207008056,29916.576621024167,22.03826160468667,15.0,16.634239984109968,0,0,19.528673476277007
840,0.9968394725281323,29905.18417584397,22.165223275052867,15.0,16.80940142330771,0,0,19.528673476277007
841,0.9964360537048722,29893.081611146165,22.291403678812287,15.0,16.983484995596122,0,0,19.528673476277007
842,0.9960091064849436,29880.273194548306,22.416765425988096,15.0,17.156439116255715,0,0,19.528673476277007
843,0.9955587800942367,29866.763402827102,22.541271369189076,15.0,17.32821253524786,0,0,19.528673476277007
844,0.9950852306863945,29852.556920591836,22.664884614617186,15.0,17.498754352401342,0,0,19.528673476277007
845,0.9945886212965415,29837.658638896242,22.78756853300004,15.0,17.668014032495147,0,0,19.528673476277007
846,0.9940691217929718,29822.073653789153,22.909286770444872,15.0,17.835941420233162,0,0,19.528673476277007
847,0.9935269088268149,29805.807264804447,23.03000325921102,15.0,18.00248675510619,0,0,19.528673476277007
848,0.9929621657796892,29788.864973390675,23.14968222839761,15.0,18.167600686137185,0,0,19.528673476277007
849,0.9923750827093623,29771.252481280866,23.26828821454318,15.0,18.331234286504944,0,0,19.528673476277007
850,0.9917658562934326,29752.975688802977,23.385786072134294,15.0,18.49333906804215,0,0,19.528673476277007
851,0.9911346897710502,29734.04069313151,23.502140984019952,15.0,18.653866995603543,0,0,19.528673476277007
852,0.990481792882692,29714.45378648076,23.617318471728613,15.0,18.812770501299703,0,0,19.528673476277007
853,0.9898073818080113,29694.221454240338,23.731284405684946,15.0,18.970002498592493,0,0,19.528673476277007
854,0.989111679101779,29673.35037305337,23.844005015323113,15.0,19.12551639624774,0,0,19.528673476277007
855,0.9883949136279362,29651.847408838086,23.955446899093772,15.0,19.279266112141322,0,0,19.528673476277007
856,0.9876573204917766,29629.719614753296,24.065577034361663,15.0,19.43120608691422,0,0,19.528673476277007
857,0.9868991409702793,29606.97422910838,24.174362787190915,15.0,19.581291297472816,0,0,19.528673476277007
858,0.9861206224406142,29583.618673218425,24.28177192201512,15.0,19.72947727033004,0,0,19.528673476277007
859,0.985322018306838,29559.66054920514,24.387772611189604,15.0,19.87572009478407,0,0,19.528673476277007
860,0.9845035879248055,29535.107637744164,24.492333444422485,15.0,20.01997643592987,0,0,19.528673476277007
861,0.9836655965253166,29509.9678957595,24.595423438082225,15.0,20.162203547500184,0,0,19.528673476277007
862,0.982808315135523,29484.24945406569,24.697012044378862,15.0,20.302359284532365,0,0,19.528673476277007
863,0.9819320204986168,29457.960614958505,24.797069160415884,15.0,20.440402115856728,0,0,19.528673476277007
864,0.9810369949918255,29431.109849754765,24.89556513711043,15.0,20.576291136403178,0,0,19.528673476277007
865,0.9801235265427376,29403.705796282127,24.992470787978846,15.0,20.709986079322142,0,0,19.528673476277007
866,0.9791919085439834,29375.757256319503,25.087757397785396,15.0,20.84144732791669,0,0,19.528673476277007
867,0.9782424397662964,29347.273192988894,25.181396731051148,15.0,20.970635927381693,0,0,19.528673476277007
868,0.9772754242699816,29318.26272809945,25.27336104042076,15.0,21.097513596347024,0,0,19.528673476277007
869,0.9762911713148148,29288.735139444445,25.363623074884597,15.0,21.2220427382211,0,0,19.528673476277007
870,0.9752899952684032,29258.699858052096,25.45215608785384,15.0,21.34418645233164,0,0,19.528673476277007
871,0.9742722155130312,29228.166465390936,25.53893384508606,15.0,21.46390854486008,0,0,19.528673476277007
872,0.9732381563510204,29197.14469053061,25.623930632458947,15.0,21.58117353956657,0,0,19.528673476277007
873,0.972188146908632,29165.64440725896,25.707121263590032,15.0,21.695946688302406,0,0,19.528673476277007
874,0.9711225210385392,29133.675631156177,25.788481087299914,15.0,21.808193981306612,0,0,19.528673476277007
875,0.9700416172209003,29101.24851662701,25.867985994916946,15.0,21.917882157283785,0,0,19.528673476277007
876,0.9689457784630587,29068.373353891762,25.945612427421132,15.0,22.02497871326009,0,0,19.528673476277007
877,0.9678353521979033,29035.0605659371,26.0213373824252,15.0,22.129451914214677,0,0,19.528673476277007
878,0.9667106901809158,29001.320705427475,26.09513842099072,15.0,22.23127080248338,0,0,19.528673476277007
879,0.965572148385939,28967.16445157817,26.166993674277204,15.0,22.330405206932195,0,0,19.528673476277007
880,0.9644200868996927,28932.602606990782,26.236881850022336,15.0,22.426825751897553,0,0,19.528673476277007
881,0.9632548698150737,28897.64609445221,26.30478223885133,15.0,22.52050386589108,0,0,19.528673476277007
882,0.9620768651232662,28862.305953697985,26.37067472041357,15.0,22.611411790065862,0,0,19.528673476277007
883,0.9608864446046983,28826.59333814095,26.434539769344696,15.0,22.699522586441987,0,0,19.528673476277007
884,0.9596839837188759,28790.519511566275,26.496358461052377,15.0,22.784810145888926,0,0,19.528673476277007
885,0.958469861493125,28754.09584479375,26.556112477324113,15.0,22.867249195862144,0,0,19.528673476277007
886,0.9572444604102788,28717.333812308363,26.613784111755294,15.0,22.946815307891974,0,0,19.528673476277007
887,0.9560081662953391,28680.244988860173,26.66935627499596,15.0,23.023484904822226,0,0,19.528673476277007
888,0.9547613682011482,28642.841046034446,26.72281249981481,15.0,23.097235267796663,0,0,19.528673476277007
889,0.9535044582931042,28605.133748793123,26.774136945978753,15.0,23.168044542991083,0,0,19.528673476277007
890,0.9522378317329534,28567.134951988603,26.823314404946718,15.0,23.235891748089053,0,0,19.528673476277007
891,0.9509618865616967,28528.8565968509,26.870330304376267,15.0,23.300756778499437,0,0,19.528673476277007
892,0.9496770235816399,28490.310707449196,26.91517071244172,15.0,23.36262041331382,0,0,19.528673476277007
893,0.9483836462376283,28451.509387128848,26.95782234196244,15.0,23.421464321002098,0,0,19.528673476277007
894,0.9470821604974968,28412.464814924904,26.998272554340083,15.0,23.477271064844444,0,0,19.528673476277007
895,0.9457729747317732,28373.189241953198,27.036509363303743,15.0,23.530024108098257,0,0,19.528673476277007
896,0.9444564995926692,28333.694987780076,27.07252143846171,15.0,23.579707818898317,0,0,19.528673476277007
897,0.9431331478923949,28293.994436771845,27.10629810865892,15.0,23.62630747488886,0,0,19.528673476277007
898,0.9418033344808338,28254.100034425013,27.137829365139012,15.0,23.669809267586107,0,0,19.528673476277007
899,0.9404674761226144,28214.02428367843,27.167105864510198,15.0,23.71020030647003,0,0,19.528673476277007
900,0.939125991373613,28173.77974120839,27.194118931513877,15.0,23.747468622804103,0,0,19.528673476277007
901,0.9377793004569268,28133.379013707803,27.218860561595314,15.0,23.781603173181892,0,0,19.528673476277007
902,0.936427825138353,28092.83475415059,27.24132342327554,15.0,23.812593842799412,0,0,19.528673476277007
903,0.9350719886014105,28052.159658042314,27.261500860323846,15.0,23.840431448452435,0,0,19.528673476277007
904,0.933712215321941,28011.36645965823,27.279386893730184,15.0,23.86510774125763,0,0,19.528673476277007
905,0.9323489309423283,27970.46792826985,27.29497622347683,15.0,23.88661540909687,0,0,19.528673476277007
906,0.9309825621453707,27929.47686436112,27.308264230108943,15.0,23.904948078783995,0,0,19.528673476277007
907,0.9296135365278461,27888.40609583538,27.319246976103372,15.0,23.920100317953334,0,0,19.528673476277007
908,0.9282422824738054,27847.26847421416,27.32792120703546,15.0,23.932067636669416,0,0,19.528673476277007
909,0.9268692290276335,27806.076870829005,27.33428435254337,15.0,23.940846488757416,0,0,19.528673476277007
910,0.9254948057669143,27764.84417300743,27.33833452708976,15.0,23.946434272854,0,0,19.528673476277007
911,0.9241194426751368,27723.583280254104,27.34007053052051,15.0,23.948829333178153,0,0,19.528673476277007
912,0.9227435700142826,27682.30710042848,27.33949184842033,15.0,23.948030960021804,0,0,19.528673476277007
913,0.9213676181973295,27641.028545919886,27.336598652265216,15.0,23.944039389960153,0,0,19.528673476277007
914,0.9199920176607109,27599.760529821328,27.331391799371634,15.0,23.936855805781555,0,0,19.528673476277007
915,0.9186171987367684,27558.51596210305,27.323872832642465,15.0,23.92648233613703,0,0,19.528673476277007
916,0.9172435915262347,27517.307745787042,27.314043980109822,15.0,23.912922054909522,0,0,19.528673476277007
917,0.9158716257707858,27476.148773123576,27.301908154274837,15.0,23.896178980303013,0,0,19.528673476277007
918,0.9145017307256991,27435.051921770973,27.287468951244612,15.0,23.87625807365184,0,0,19.528673476277007
919,0.9131343350326558,27394.030050979676,27.27073064966664,15.0,23.853165237950584,0,0,19.528673476277007
920,0.9117698665927254,27353.095997781762,27.25169820946092,15.0,23.826907316104844,0,0,19.528673476277007
921,0.9104087524395685,27312.262573187058,27.230377270350225,15.0,23.79749208890356,0,0,19.528673476277007
922,0.909051418612899,27271.54255838697,27.206774150188963,15.0,23.76492827271337,0,0,19.528673476277007
923,0.9076982900322378,27230.948700967132,27.18089584309104,15.0,23.729225516895816,0,0,19.528673476277007
924,0.9063497903710008,27190.493711130024,27.152750017357345,15.0,23.690394400947966,0,0,19.528673476277007
925,0.9050063419309554,27150.19025792866,27.122345013203482,15.0,23.64844643136752,0,0,19.528673476277007
926,0.9036683655170831,27110.05096551249,27.089689840288365,15.0,23.603394038243163,0,0,19.528673476277007
927,0.9023362803128855,27070.088409386564,27.05479417504451,15.0,23.555250571571314,0,0,19.528673476277007
928,0.9010105037561722,27030.315112685166,27.01766835781061,15.0,23.504030297300154,0,0,19.528673476277007
929,0.8996914514153641,26990.743542460925,26.97832338976757,15.0,23.44974839310238,0,0,19.528673476277007
930,0.8983795368663521,26951.38610599056,26.936770929678545,15.0,23.392420943877674,0,0,19.528673476277007
931,0.8970751715699448,26912.25514709834,26.89302329043424,15.0,23.332064936986516,0,0,19.528673476277007
932,0.8957787647499447,26873.36294249834,26.847093435404325,15.0,23.268698257216318,0,0,19.528673476277007
933,0.8944907232718862,26834.721698156583,26.798994974596066,15.0,23.202339681481845,0,0,19.528673476277007
934,0.8932114515224718,26796.343545674154,26.748742160621475,15.0,23.133008873261247,0,0,19.528673476277007
935,0.8919413512897445,26758.240538692335,26.69634988447387,15.0,23.060726376769267,0,0,19.528673476277007
936,0.890680821644029,26720.42464932087,26.641833671115396,15.0,22.985513610869617,0,0,19.528673476277007
937,0.8894302588196783,26682.90776459035,26.5852096748766,15.0,22.907392862728017,0,0,19.528673476277007
938,0.8881900560976612,26645.701682929837,26.526494674669653,15.0,22.82638728120817,0,0,19.528673476277007
939,0.8869606036890249,26608.818110670745,26.46570606901627,15.0,22.742520870012108,0,0,19.528673476277007
940,0.8857422886192661,26572.26865857798,26.40286187089223,15.0,22.65581848056744,0,0,19.528673476277007
941,0.8845354946136481,26536.064838409442,26.337980702389725,15.0,22.56630580466337,0,0,19.528673476277007
942,0.883340601983494,26500.21805950482,26.271081789199243,15.0,22.474009366837592,0,0,19.528673476277007
943,0.8821579875134927,26464.73962540478,26.202184954912553,15.0,22.378956516516574,0,0,19.528673476277007
944,0.8809880243500493,26429.64073050148,26.131310615148568,15.0,22.281175419911257,0,0,19.528673476277007
945,0.8798310818907137,26394.93245672141,26.058479771503755,15.0,22.18069505167086,0,0,19.528673476277007
946,0.8786875256747199,26360.625770241597,25.983714005328906,15.0,22.077545186297044,0,0,19.528673476277007
947,0.8775577172746694,26326.73151824008,25.90703547133412,15.0,21.971756389321065,0,0,19.528673476277007
948,0.8764420141893889,26293.260425681667,25.82846689102386,15.0,21.863360008246573,0,0,19.528673476277007
949,0.8753407697379961,26260.223092139884,25.74803154596414,15.0,21.752388163260687,0,0,19.528673476277007
950,0.8742543329552034,26227.629988656103,25.665753270883634,15.0,21.63887373771603,0,0,19.528673476277007
951,0.8731830484878912,26195.491454636736,25.581656446610957,15.0,21.522850368386727,0,0,19.528673476277007
952,0.8721272564929822,26163.817694789464,25.495765992850092,15.0,21.404352435501103,0,0,19.528673476277007
953,0.8710872925366447,26132.61877609934,25.408107360796166,15.0,21.283415052554076,0,0,19.528673476277007
954,0.8700634874948583,26101.90462484575,25.318706525593687,15.0,21.160074055902257,0,0,19.528673476277007
955,0.8690561674553667,26071.685023661,25.227589978639532,15.0,21.034365994144846,0,0,19.528673476277007
956,0.8680656536210521,26041.969608631563,25.13478471973305,15.0,20.906328117293576,0,0,19.528673476277007
957,0.8670922622147551,26012.767866442653,25.04031824907534,15.0,20.775998365734626,0,0,19.528673476277007
958,0.8661363043855717,25984.08913156715,24.944218559120415,15.0,20.643415358986132,0,0,19.528673476277007
959,0.8651980861166524,25955.94258349957,24.8465141262804,15.0,20.508618384254355,0,0,19.528673476277007
960,0.8642779081345333,25928.337244036,24.74723390248739,15.0,20.37164738479209,0,0,19.528673476277007
961,0.8633760658200245,25901.281974600734,24.646407306614343,15.0,20.23254294806254,0,0,19.528673476277007
962,0.8624928491206815,25874.785473620443,24.544064215757626,15.0,20.091346293712437,0,0,19.528673476277007
963,0.8616285424648881,25848.856273946643,24.440234956383776,15.0,19.948099261357697,0,0,19.528673476277007
964,0.8607834246775746,25823.50274032724,24.334950295343234,15.0,19.802844298185608,0,0,19.528673476277007
965,0.8599577688975951,25798.733066927853,24.228241430753236,15.0,19.65562444637656,0,0,19.528673476277007
966,0.8591518424967909,25774.555274903727,24.12013998275332,15.0,19.506483330349887,0,0,19.528673476277007
967,0.8583659070007625,25750.977210022877,24.0106779841356,15.0,19.35546514383707,0,0,19.528673476277007
968,0.857600218011374,25728.00654034122,23.89988787085263,15.0,19.20261463678598,0,0,19.528673476277007
969,0.8568550251310123,25705.650753930368,23.787802472406003,15.0,19.047977102100628,0,0,19.528673476277007
970,0.856130571888625,25683.91715665875,23.674455002118265,15.0,18.89159836221986,0,0,19.528673476277007
971,0.8554270956675577,25662.81287002673,23.559879047291155,15.0,18.733524755539307,0,0,19.528673476277007
972,0.8547448276352113,25642.34482905634,23.44410855925281,15.0,18.5738031226801,0,0,19.528673476277007
973,0.854083992674543,25622.519780236293,23.32717784329738,15.0,18.412480792609145,0,0,19.528673476277007
974,0.8534448093174286,25603.34427952286,23.20912154851953,15.0,18.2496055686144,0,0,19.528673476277007
975,0.8528274896799058,25584.824690397174,23.089974657547323,15.0,18.085225714139952,0,0,19.528673476277007
976,0.8522322393993207,25566.96718197962,22.96977247617593,15.0,17.919389938484255,0,0,19.528673476277007
977,0.8516592575733926,25549.777727201777,22.848550622905858,15.0,17.75214738236665,0,0,19.528673476277007
978,0.8511087367012171,25533.262101036515,22.726345018388432,15.0,17.58354760336594,0,0,19.528673476277007
979,0.8505808626262246,25517.425878786737,22.603191874781675,15.0,17.413640561235297,0,0,19.528673476277007
980,0.8500758144811104,25502.27443443331,22.479127685019908,15.0,17.242476603098215,0,0,19.528673476277007
981,0.8495937646347544,25487.812939042633,22.35418921200005,15.0,17.07010644852948,0,0,19.528673476277007
982,0.8491348786411443,25474.04635923433,22.228413477688086,15.0,16.896581174525988,0,0,19.528673476277007
983,0.8486993151903182,25460.979455709545,22.10183775214855,15.0,16.721952200371383,0,0,19.528673476277007
984,0.8482872260613412,25448.616781840235,21.974499542500638,15.0,16.546271272399512,0,0,19.528673476277007
985,0.8478987560773306,25436.962682319918,21.84643658180404,15.0,16.36959044866082,0,0,19.528673476277007
986,0.8475340430625411,25426.021291876234,21.717686817877862,15.0,16.191962083496502,0,0,19.528673476277007
987,0.8471932178015248,25415.796534045745,21.588288402055795,15.0,16.01343881202467,0,0,19.528673476277007
988,0.8468764040003768,25406.292120011305,21.458279677881073,15.0,15.834073534543492,0,0,19.528673476277007
989,0.8465837182500784,25397.511547502352,21.327699169744513,15.0,15.653919400855742,0,0,19.528673476277007
990,0.8463152699919486,25389.45809975846,21.196585571468827,15.0,15.47302979451926,0,0,19.528673476277007
991,0.8460711614852147,25382.13484455644,21.06497773484284,15.0,15.291458317028315,0,0,19.528673476277007
992,0.8458514877767098,25375.544633301295,20.932914658108874,15.0,15.10925877193031,0,0,19.528673476277007
993,0.8456563366727097,25369.69010018129,20.800435474406733,15.0,14.926485148882676,0,0,19.528673476277007
994,0.8454857887129126,25364.573661387378,20.667579440177672,15.0,14.743191607654492,0,0,19.528673476277007
995,0.8453399171465743,25360.19751439723,20.53438592353191,15.0,14.559432462077805,0,0,19.528673476277007
996,0.8452187879108028,25356.563637324085,20.400894392582956,15.0,14.375262163953293,0,0,19.528673476277007
997,0.8451224596110196,25353.673788330587,20.267144403752447,15.0,14.190735286915045,0,0,19.528673476277007
998,0.8450509835035932,25351.529505107796,20.133175590048616,15.0,14.00590651025912,0,0,19.528673476277007
999,0.8450044034806515,25350.132104419547,19.999027649322223,15.0,13.820830602740937,0,0,19.528673476277007
1000,0.8449827560570754,25349.482681712263,19.864740332503327,15.0,13.635562406346256,0,0,19.528673476277007
1001,0.8449860703596781,25349.582110790343,19.730353431822,15.0,13.450156820040007,0,0,19.528673476277007
1002,0.8450143681185748,25350.431043557244,19.595906769017233,15.0,13.264668783498813,0,0,19.528673476277007
1003,0.8450676636607437,25352.02990982231,19.461440183536787,15.0,13.079153260831019,0,0,19.528673476277007
1004,0.8451459639057798,25354.378917173395,19.32699352073202,15.0,12.893665224289823,0,0,19.528673476277007
1005,0.8452492683638454,25357.47805091536,19.192606620050707,15.0,12.708259637983595,0,0,19.528673476277007
1006,0.8453775691358146,25361.327074074437,19.058319303231798,15.0,12.522991441588895,0,0,19.528673476277007
1007,0.8455308509156143,25365.92552746843,18.924171362505405,15.0,12.337915534070714,0,0,19.528673476277007
1008,0.8457090909947599,25371.272729842796,18.790202548801574,15.0,12.15308675741479,0,0,19.528673476277007
1009,0.8459122592690835,25377.367778072505,18.656452559971065,15.0,11.968559880376539,0,0,19.528673476277007
1010,0.8461403182476556,25384.209547429666,18.522961029022113,15.0,11.784389582252025,0,0,19.528673476277007
1011,0.8463932230638933,25391.7966919168,18.389767512376345,15.0,11.600630436675345,0,0,19.528673476277007
1012,0.8466709214888563,25400.12764466569,18.256911478147288,15.0,11.417336895447155,0,0,19.528673476277007
1013,0.8469733539467225,25409.200618401675,18.12443229444515,15.0,11.234563272399523,0,0,19.528673476277007
1014,0.8473004535324423,25419.01360597327,17.99236921771118,15.0,11.052363727301518,0,0,19.528673476277007
1015,0.8476521460315637,25429.56438094691,17.860761381085194,15.0,10.870792249810574,0,0,19.528673476277007
1016,0.8480283499422236,25440.85049826671,17.729647782809508,15.0,10.689902643474092,0,0,19.528673476277007
1017,0.8484289764992988,25452.869294978966,17.59906727467295,15.0,10.509748509786341,0,0,19.528673476277007
1018,0.8488539297007088,25465.617891021266,17.46905855049823,15.0,10.330383232305163,0,0,19.528673476277007
1019,0.8493031063358634,25479.093190075902,17.33966013467616,15.0,10.151859960833331,0,0,19.528673476277007
1020,0.8497763960162462,25493.291880487388,17.210910370749982,15.0,9.97423159566901,0,0,19.528673476277007
1021,0.8502736812081252,25508.210436243757,17.08284741005337,15.0,9.797550771930302,0,0,19.528673476277007
1022,0.8507948372673803,25523.845118021407,16.95550920040546,15.0,9.62186984395843,0,0,19.528673476277007
1023,0.8513397324764382,25540.191974293146,16.828933474865917,15.0,9.447240869803824,0,0,19.528673476277007
1024,0.8519082280833034,25557.246842499102,16.703157740553984,15.0,9.273715595800367,0,0,19.528673476277007
1025,0.8525001783426729,25575.005350280186,16.578219267534116,15.0,9.101345441231615,0,0,19.528673476277007
1026,0.8531154305591243,25593.46291677373,16.45415507777234,15.0,8.930181483094533,0,0,19.528673476277007
1027,0.8537538251323622,25612.614753970865,16.331001934165585,15.0,8.760274440963894,0,0,19.528673476277007
1028,0.8544151956045114,25632.45586813534,16.208796329648163,15.0,8.59167466196318,0,0,19.528673476277007
1029,0.8550993687094423,25652.981061283266,16.087574476378077,15.0,8.424432105845558,0,0,19.528673476277007
1030,0.8558061644241126,25674.18493272338,15.967372295006685,15.0,8.258596330189862,0,0,19.528673476277007
1031,0.8565353960219131,25696.06188065739,15.848225404034478,15.0,8.094216475715415,0,0,19.528673476277007
1032,0.8572868701279974,25718.606103839924,15.73016910925665,15.0,7.931341251720701,0,0,19.528673476277007
1033,0.8580603867765847,25741.81160329754,15.613238393301211,15.0,7.770018921649733,0,0,19.528673476277007
1034,0.8588557394702127,25765.67218410638,15.497467905262864,15.0,7.610297288790523,0,0,19.528673476277007
1035,0.8596727152409278,25790.181457227834,15.382891950435754,15.0,7.45222368210997,0,0,19.528673476277007
1036,0.8605110947133919,25815.33284140176,15.269544480148019,15.0,7.295844942229204,0,0,19.528673476277007
1037,0.8613706521698885,25841.119565096655,15.157459081701392,15.0,7.141207407543847,0,0,19.528673476277007
1038,0.8622511556172067,25867.5346685162,15.046668968418409,15.0,6.988356900492747,0,0,19.528673476277007
1039,0.8631523668553871,25894.57100566161,14.937206969800688,15.0,6.837338713979926,0,0,19.528673476277007
1040,0.8640740415483045,25922.221246449135,14.829105521800797,15.0,6.688197597953287,0,0,19.528673476277007
1041,0.8650159292960709,25950.477878882124,14.722396657210798,15.0,6.540977746144236,0,0,19.528673476277007
1042,0.8659777737092333,25979.333211277,14.617111996170237,15.0,6.395722782972135,0,0,19.528673476277007
1043,0.8669593124847488,26008.779374542464,14.513282736796391,15.0,6.252475750617393,0,0,19.528673476277007
1044,0.8679602774837093,26038.80832451128,14.410939645939674,15.0,6.111279096267285,0,0,19.528673476277007
1045,0.8689803948107977,26069.41184432393,14.310113050066626,15.0,5.972174659537739,0,0,19.528673476277007
1046,0.8700193848954486,26100.581546863457,14.21083282627362,15.0,5.835203660075473,0,0,19.528673476277007
1047,0.8710769625746911,26132.308877240735,14.113128393433614,15.0,5.70040668534371,0,0,19.528673476277007
1048,0.8721528371776495,26164.585115329483,14.017028703478687,15.0,5.567823678595216,0,0,19.528673476277007
1049,0.8732467126116739,26197.401378350216,13.92256223282098,15.0,5.437493927036267,0,0,19.528673476277007
1050,0.8743582874500803,26230.748623502408,13.829756973914494,15.0,5.309456050184997,0,0,19.528673476277007
1051,0.8754872550214688,26264.617650644064,13.738640426960336,15.0,5.183747988427573,0,0,19.528673476277007
1052,0.8766333035005975,26298.999105017927,13.649239591757851,15.0,5.060406991775749,0,0,19.528673476277007
1053,0.8777961160007831,26333.883480023494,13.561580959703928,15.0,4.939469608828725,0,0,19.528673476277007
1054,0.8789753706678007,26369.26112003402,13.47569050594305,15.0,4.820971675943085,0,0,19.528673476277007
1055,0.8801707407752567,26405.122223257702,13.391593681670374,15.0,4.7049483066137885,0,0,19.528673476277007
1056,0.8813818948214046,26441.45684464214,13.309315406589885,15.0,4.591433881069152,0,0,19.528673476277007
1057,0.8826084966273766,26478.2548988213,13.228880061530166,15.0,4.480462036083263,0,0,19.528673476277007
1058,0.8838502054367997,26515.50616310399,13.150311481219898,15.0,4.372065655008759,0,0,19.528673476277007
1059,0.8851066760167701,26553.2002805031,13.073632947225107,15.0,4.266276858032783,0,0,19.528673476277007
1060,0.8863775587601526,26591.326762804576,12.998867181050262,15.0,4.163126992658966,0,0,19.528673476277007
1061,0.8876624997891771,26629.874993675312,12.926036337405435,15.0,4.062646624418553,0,0,19.528673476277007
1062,0.8889611410603001,26668.834231809004,12.855161997641453,15.0,3.9648655278132416,0,0,19.528673476277007
1063,0.8902731204703006,26708.19361410902,12.786265163354765,15.0,3.8698126774922206,0,0,19.528673476277007
1064,0.8915980719635792,26747.942158907375,12.719366250164281,15.0,3.7775162396664532,0,0,19.528673476277007
1065,0.8929356256406282,26788.068769218848,12.654485081661786,15.0,3.6880035637623814,0,0,19.528673476277007
1066,0.8942854078676411,26828.562236029233,12.591640883537746,15.0,3.601301174317722,0,0,19.528673476277007
1067,0.8956470413872278,26869.411241616835,12.530852277884362,15.0,3.5174347631216554,0,0,19.528673476277007
1068,0.8970201454302047,26910.604362906142,12.472137277677414,15.0,3.436429181601807,0,0,19.528673476277007
1069,0.8984043358284244,26952.130074852732,12.41551328143862,15.0,3.3583084334602082,0,0,19.528673476277007
1070,0.8997992251286131,26993.976753858395,12.36099706808014,15.0,3.2830956675605476,0,0,19.528673476277007
1071,0.9012044227071819,27036.13268121546,12.308604791932535,15.0,3.2108131710685717,0,0,19.528673476277007
1072,0.9026195348859762,27078.586046579287,12.258351977957942,15.0,3.141482362847973,0,0,19.528673476277007
1073,0.9040441650489314,27121.32495146794,12.210253517149694,15.0,3.075123787113511,0,0,19.528673476277007
1074,0.9054779137595986,27164.337412787958,12.164323662119772,15.0,3.011757107343308,0,0,19.528673476277007
1075,0.9069203788795068,27207.611366385205,12.120576022875472,15.0,2.9514011004521485,0,0,19.528673476277007
1076,0.9083711556873246,27251.13467061974,12.07902356278644,15.0,2.8940736512274494,0,0,19.528673476277007
1077,0.9098298369987883,27294.895109963647,12.0396785947434,15.0,2.8397917470296674,0,0,19.528673476277007
1078,0.9112960132873587,27338.88039862076,12.002552777509507,15.0,2.7885714727585063,0,0,19.528673476277007
1079,0.9127692728055735,27383.078184167207,11.967657112265643,15.0,2.740428006086653,0,0,19.528673476277007
1080,0.9142492017070567,27427.476051211703,11.935001939350535,15.0,2.695375612962306,0,0,23.528673476277007
1081,0.9156541047318503,27469.623141955508,14.342980054184881,15.0,2.6534276433818587,0,0,23.528673476277007
1082,0.9170650358090511,27511.951074271532,14.309069202830194,15.0,2.6145965274340073,0,0,23.528673476277007
1083,0.918481560052001,27554.44680156003,14.277890319197077,15.0,2.5788937716164444,0,0,23.528673476277007
1084,0.919903240916666,27597.09722749998,14.249452642261659,15.0,2.546329955426263,0,0,23.528673476277007
1085,0.9213296403309942,27639.889209929825,14.223764598721354,15.0,2.516914728224978,0,0,23.528673476277007
1086,0.922760318824725,27682.80956474175,14.200833800497843,15.0,2.4906568063792385,0,0,23.528673476277007
1087,0.9241948356596148,27725.845069788444,14.18066704248153,15.0,2.46756397067798,0,0,23.528673476277007
1088,0.9256327489600361,27768.982468801085,14.163270300518063,15.0,2.4476430640268134,0,0,23.528673476277007
1089,0.9270736158439158,27812.208475317475,14.148648729637522,15.0,2.4308999894202983,0,0,23.528673476277007
1090,0.9285169925539701,27855.509776619103,14.136806662526926,15.0,2.4173397081927894,0,0,23.528673476277007
1091,0.9299624345891996,27898.87303767599,14.127747608246326,15.0,2.4069662385482644,0,0,23.528673476277007
1092,0.9314094968366045,27942.284905098135,14.121474251189024,15.0,2.399782654369666,0,0,23.528673476277007
1093,0.932857733703081,27985.73201109243,14.117988450286099,15.0,2.395791084308015,0,0,23.528673476277007
1094,0.9343066992474605,28029.200977423814,14.117291238455598,15.0,2.3949927111516667,0,0,23.528673476277007
1095,0.9357559473126513,28072.67841937954,14.119382822296426,15.0,2.397387771475817,0,0,23.528673476277007
1096,0.9372050316578449,28116.150949735347,14.12426258202715,15.0,2.4029755555724037,0,0,23.528673476277007
1097,0.9386535060907462,28159.605182722386,14.131929071669648,15.0,2.411754407660401,0,0,23.528673476277007
1098,0.9401009245997904,28203.027737993714,14.142380019477589,15.0,2.4237217263764794,0,0,23.528673476277007
1099,0.9415468414863062,28246.405244589187,14.155612328609582,15.0,2.4388739655458207,0,0,23.528673476277007
1100,0.9429908114965846,28289.72434489754,14.171622078046855,15.0,2.4572066352329496,0,0,23.528673476277007
1101,0.9444323899538188,28332.971698614565,14.190404523755134,15.0,2.4787143030721865,0,0,23.528673476277007
1102,0.9458711328898705,28376.133986696113,14.2119541000904,15.0,2.5033905958773794,0,0,23.528673476277007
1103,0.9473065971768273,28419.19791530482,14.236264421448094,15.0,2.531228201530407,0,0,23.528673476277007
1104,0.9487383406583118,28462.150219749354,14.26332828415535,15.0,2.5622188711479303,0,0,23.528673476277007
1105,0.950165922280501,28504.97766841503,14.293137668605553,15.0,2.596353421525711,0,0,23.528673476277007
1106,0.9515889022228211,28547.667066684633,14.32568374163476,15.0,2.6336217378597846,0,0,23.528673476277007
1107,0.953006842028275,28590.20526084825,14.360956859139126,15.0,2.674012776743709,0,0,23.528673476277007
1108,0.9544193047333672,28632.579142001017,14.398946568932677,15.0,2.7175145694409517,0,0,23.528673476277007
1109,0.955825854997585,28674.77564992755,14.439641613844529,15.0,2.7641142254315003,0,0,23.528673476277007
1110,0.9572260592323996,28716.781776971988,14.483029935054585,15.0,2.813797936231564,0,0,23.528673476277007
1111,0.958619485729748,28758.58457189244,14.52909867566688,15.0,2.8665509794853756,0,0,23.528673476277007
1112,0.9600057047899566,28800.1711436987,14.577834184519325,15.0,2.9223577233277207,0,0,23.528673476277007
1113,0.9613842888490712,28841.52866547214,14.629222020228857,15.0,2.9812016310159875,0,0,23.528673476277007
1114,0.9627548126055533,28882.6443781666,14.683246955470702,15.0,3.0430652658303723,0,0,23.528673476277007
1115,0.9641168531463057,28923.50559438917,14.739892981490605,15.0,3.107930296240755,0,0,23.528673476277007
1116,0.9654699900719914,28964.099702159743,14.79914331284854,15.0,3.175777501338734,0,0,23.528673476277007
1117,0.9668138056216068,29004.414168648203,14.860980392392582,15.0,3.2465867765331513,0,0,23.528673476277007
1118,0.9681478847962728,29044.436543888183,14.925385896461515,15.0,3.3203371395075907,0,0,23.528673476277007
1119,0.9694718154822086,29084.154464466257,14.992340740314498,15.0,3.397006736437838,0,0,23.528673476277007
1120,0.9707851885728496,29123.555657185487,15.061825083786296,15.0,3.476572848467658,0,0,23.528673476277007
1121,0.9720875980900745,29162.627942702235,15.133818337166344,15.0,3.5590118984408803,0,0,23.528673476277007
1122,0.9733786413045055,29201.359239135163,15.208299167299923,15.0,3.644299457887815,0,0,23.528673476277007
1123,0.9746579188548454,29239.737565645362,15.285245503909636,15.0,3.732410254263945,0,0,23.528673476277007
1124,0.9759250348662175,29277.751045986526,15.364634546135322,15.0,3.8233181784387336,0,0,23.528673476277007
1125,0.9771795970674715,29315.387912024144,15.446442769290387,15.0,3.9169962924322563,0,0,23.528673476277007
1126,0.9784212169074216,29352.636507222647,15.530645931832755,15.0,4.013416837397618,0,0,23.528673476277007
1127,0.9796495096699834,29389.485290099503,15.617219082548129,15.0,4.112551241846441,0,0,23.528673476277007
1128,0.980864094588173,29425.92283764519,15.70613656794352,15.0,4.214370130115147,0,0,23.528673476277007
1129,0.9820645949569365,29461.937848708098,15.797372039849002,15.0,4.318843331069712,0,0,23.528673476277007
1130,0.9832506382447764,29497.519147343293,15.89089846322527,15.0,4.4259398870460185,0,0,23.528673476277007
1131,0.9844218562041397,29532.65568612419,15.986688124174606,15.0,4.535628063023199,0,0,23.528673476277007
1132,0.9855778849805387,29567.33654941616,16.08471263815313,15.0,4.647875356027404,0,0,23.528673476277007
1133,0.9867183652203679,29601.550956611038,16.184942958381818,15.0,4.76264850476324,0,0,23.528673476277007
1134,0.9878429421773893,29635.28826532168,16.287349384453645,15.0,4.8799134994697315,0,0,23.528673476277007
1135,0.9889512658178504,29668.537974535513,16.391901571134476,15.0,4.999635591998186,0,0,23.528673476277007
1136,0.9900429909242074,29701.289727726224,16.498568537354927,15.0,5.121779306108722,0,0,23.528673476277007
1137,0.9911177771974204,29733.533315922614,16.607318675390875,15.0,5.246308447982798,0,0,23.528673476277007
1138,0.9921752893577912,29765.258680733736,16.7181197602294,15.0,5.373186116948117,0,0,23.528673476277007
1139,0.993215197244314,29796.45591732942,16.830938959117766,15.0,5.502374716413119,0,0,23.528673476277007
1140,0.9942371759125094,29827.11527737528,16.945742841292528,15.0,5.633835965007665,0,0,23.528673476277007
1141,0.9952409057307122,29857.227171921368,17.062497387885706,15.0,5.7675309079266315,0,0,23.528673476277007
1142,0.9962260724747856,29886.782174243566,17.18116800200541,15.0,5.903419928473083,0,0,23.528673476277007
1143,0.9971923674212319,29915.771022636956,17.301719518987504,15.0,6.041462759797455,0,0,23.528673476277007
1144,0.9981394874386745,29944.184623160236,17.42411621681582,15.0,6.181618496829643,0,0,23.528673476277007
1145,0.9990671350776822,29972.014052330465,17.548321826707244,15.0,6.323845608399957,0,0,23.528673476277007
1146,0.9999750186589096,29999.250559767286,17.674299543859,15.0,6.468101949545724,0,0,23.528673476277007
1147,1.0,30000.0,17.80201203835467,15.0,6.614344773999756,0,0,23.528673476277007
1148,1.0,30000.0,17.931421466225864,15.0,6.762530746856993,0,0,23.528673476277007
1149,1.0,30000.0,18.062489480666258,15.0,6.9126159574155865,0,0,23.528673476277007
1150,1.0,30000.0,18.19517724339444,15.0,7.0645559321884885,0,0,23.528673476277007
1151,1.0,30000.0,18.3294454361627,15.0,7.218305648082067,0,0,23.528673476277007
1152,1.0,30000.0,18.46525427240778,15.0,7.373819545737316,0,0,23.528673476277007
1153,1.0,30000.0,18.6025635090405,15.0,7.53105154303009,0,0,23.528673476277007
1154,1.0,30000.0,18.74133245837067,15.0,7.68995504872625,0,0,23.528673476277007
1155,1.0,30000.0,18.88152000016373,15.0,7.85048297628764,0,0,23.528673476277007
1156,1.0,30000.0,19.023084593825544,15.0,8.012587757824846,0,0,23.528673476277007
1157,1.0,30000.0,19.165984290711833,15.0,8.176221358192626,0,0,23.528673476277007
1158,1.0,30000.0,19.310176746558323,15.0,8.341335289223618,0,0,23.528673476277007
1159,1.0,30000.0,19.455619234028436,15.0,8.507880624096646,0,0,23.528673476277007
1160,1.0,30000.0,19.602268655374274,15.0,8.675808011834677,0,0,23.528673476277007
1161,1.0,30000.0,19.75008155520724,15.0,8.845067691928449,0,0,23.528673476277007
1162,1.0,30000.0,19.899014133375143,15.0,9.01560950908193,0,0,23.528673476277007
1163,1.0,30000.0,20.04902225794081,15.0,9.18738292807407,0,0,23.528673476277007
1164,1.0,30000.0,20.200061478259524,15.0,9.360337048733687,0,0,23.528673476277007
1165,1.0,30000.0,20.35208703815055,15.0,9.534420621022097,0,0,23.528673476277007
1166,1.0,30000.0,20.505053889159548,15.0,9.70958206021984,0,0,23.528673476277007
1167,1.0,30000.0,20.65891670390726,15.0,9.885769462212185,0,0,23.528673476277007
1168,1.0,30000.0,20.813629889521078,15.0,10.062930618869524,0,0,23.528673476277007
1169,1.0,30000.0,20.969147601145064,15.0,10.241013033517616,0,0,23.528673476277007
1170,1.0,30000.0,21.125423755524942,15.0,10.419963936493705,0,0,23.528673476277007
1171,1.0,30000.0,21.282412044663456,15.0,10.599730300783154,0,0,23.528673476277007
1172,1.0,30000.0,21.44006594954245,15.0,10.780258857732562,0,0,23.528673476277007
1173,1.0,30000.0,21.598338753907456,15.0,10.961496112834368,0,0,23.528673476277007
1174,1.0,30000.0,21.757183558110736,15.0,11.143388361578472,0,0,23.528673476277007
1175,1.0,30000.0,21.916553293008686,15.0,11.32588170536605,0,0,23.528673476277007
1176,1.0,30000.0,22.07640073390931,15.0,11.508922067480732,0,0,23.528673476277007
1177,1.0,30000.0,22.23667851456611,15.0,11.692455209112929,0,0,23.528673476277007
1178,1.0,30000.0,22.397339141213596,15.0,11.876426745431804,0,0,23.528673476277007
1179,1.0,30000.0,22.558335006640757,15.0,12.060782161700715,0,0,23.528673476277007
1180,1.0,30000.0,22.71961840429809,15.0,12.245466829431109,0,0,23.528673476277007
1181,1.0,30000.0,22.881141542434094,15.0,12.43042602257011,0,0,23.528673476277007
1182,1.0,30000.0,23.042856558257007,15.0,12.615604933717087,0,0,23.528673476277007
1183,1.0,30000.0,23.204715532117486,15.0,12.800948690364102,0,0,23.528673476277007
1184,1.0,30000.0,23.366670501708406,15.0,12.986402371156052,0,0,23.528673476277007
1185,0.9999791657108891,29999.374971326673,23.528673476277,15.0,13.1719110221649,0,0,23.528673476277007
1186,0.9999324112069444,29997.97233620833,23.690676450845594,15.0,13.357419673173752,0,0,23.528673476277007
1187,0.9998597335452049,29995.792006356147,23.852631420436513,15.0,13.5428733539657,0,0,23.528673476277007
1188,0.9997611374643007,29992.83412392902,24.014490394296992,15.0,13.728217110612718,0,0,23.528673476277007
1189,0.9996366353830487,29989.099061491463,24.176205410119906,15.0,13.913396021759695,0,0,23.528673476277007
1190,0.9994862473967732,29984.587421903194,24.337728548255907,15.0,14.098355214898696,0,0,23.528673476277007
1191,0.9993100012713503,29979.300038140507,24.499011945913246,15.0,14.283039882629087,0,0,23.528673476277007
1192,0.9991079324349812,29973.237973049436,24.660007811340407,15.0,14.467395298898001,0,0,23.528673476277007
1193,0.9988800839676935,29966.402519030802,24.82066843798789,15.0,14.651366835216875,0,0,23.528673476277007
1194,0.9986265065885755,29958.795197657266,24.98094621864469,15.0,14.834899976849073,0,0,23.528673476277007
1195,0.9983472586407481,29950.417759222444,25.140793659545313,15.0,15.017940338963754,0,0,23.528673476277007
1196,0.998042406074075,29941.272182222252,25.300163394443228,15.0,15.200433682751296,0,0,23.528673476277007
1197,0.9977120224256215,29931.360672768646,25.45900819864654,15.0,15.382325931495433,0,0,23.528673476277007
1198,0.9973561887978631,29920.685663935896,25.617281003011552,15.0,15.563563186597243,0,0,23.528673476277007
1199,0.996974993834654,29909.24981503962,25.77493490789054,15.0,15.744091743546647,0,0,23.528673476277007
1200,0.9965685336949588,29897.056010848763,25.93192319702909,15.0,15.92385810783614,0,0,23.528673476277007
1201,0.9961369120243593,29884.107360730777,26.088199351408967,15.0,16.102809010812226,0,0,23.528673476277007
1202,0.995680239924342,29870.40719773026,26.24371706303295,15.0,16.280891425460315,0,0,23.528673476277007
1203,0.9951986359193765,29855.959077581294,26.39843024864671,15.0,16.45805258211758,0,0,23.528673476277007
1204,0.9946922259217936,29840.766777653807,26.552293063394455,15.0,16.634239984109964,0,0,23.528673476277007
1205,0.9941611431944752,29824.83429583426,26.70525991440345,15.0,16.80940142330771,0,0,23.528673476277007
1206,0.9936055283113657,29808.16584934097,26.85728547429447,15.0,16.98348499559612,0,0,23.528673476277007
1207,0.9930255291158162,29790.765873474487,27.008324694613158,15.0,17.1564391162557,0,0,23.528673476277007
1208,0.9924213006767765,29772.639020303293,27.158332819178856,15.0,17.328212535247875,0,0,23.528673476277007
1209,0.9917930052428433,29753.7901572853,27.307265397346757,15.0,17.498754352401356,0,0,23.528673476277007
1210,0.9911408121941842,29734.224365825525,27.455078297179753,15.0,17.668014032495165,0,0,23.528673476277007
1211,0.9904648979923452,29713.946939770354,27.60172771852556,15.0,17.83594142023316,0,0,23.528673476277007
1212,0.989765446127962,29692.96338383886,27.74717020599568,15.0,18.002486755106183,0,0,23.528673476277007
1213,0.9890426470663881,29671.279411991643,27.891362661842162,15.0,18.16760068613718,0,0,23.528673476277007
1214,0.988296698191255,29648.90094573765,28.034262358728427,15.0,18.331234286504927,0,0,23.528673476277007
1215,0.9875278037459835,29625.834112379503,28.175826952390274,15.0,18.493339068042168,0,0,23.528673476277007
1216,0.9867361747732624,29602.08524319787,28.316014494183328,15.0,18.653866995603558,0,0,23.528673476277007
1217,0.9859220290525113,29577.66087157534,28.454783443513506,15.0,18.812770501299717,0,0,23.528673476277007
1218,0.9850855910353485,29552.567731060455,28.592092680146223,15.0,18.970002498592493,0,0,23.528673476277007
1219,0.9842270917790806,29526.81275337242,28.727901516391295,15.0,19.12551639624774,0,0,23.528673476277007
1220,0.9833467688782357,29500.40306634707,28.86216970915956,15.0,19.27926611214132,0,0,23.528673476277007
1221,0.9824448663941583,29473.34599182475,28.99485747188774,15.0,19.431206086914216,0,0,23.528673476277007
1222,0.9815216347826898,29445.649043480695,29.125925486328136,15.0,19.581291297472816,0,0,23.528673476277007
1223,0.980577330819952,29417.31992459856,29.255334914199338,15.0,19.72947727033005,0,0,23.528673476277007
1224,0.9796122175262589,29388.36652578777,29.383047408695006,15.0,19.875720094784086,0,0,23.528673476277007
1225,0.978626564088179,29358.79692264537,29.509025125846755,15.0,20.01997643592985,0,0,23.528673476277007
1226,0.9776206457787683,29328.61937336305,29.63323073573818,15.0,20.162203547500162,0,0,23.528673476277007
1227,0.9765947438760018,29297.842316280054,29.7556274335665,15.0,20.30235928453235,0,0,23.528673476277007
1228,0.9755491455794244,29266.474367382732,29.876178950548592,15.0,20.440402115856724,0,0,23.528673476277007
1229,0.9744841439250478,29234.524317751435,29.99484956466827,15.0,20.576291136403153,0,0,23.528673476277007
1230,0.9734000376985172,29202.001130955516,30.11160411126148,15.0,20.709986079322142,0,0,23.528673476277007
1231,0.9722971313465746,29168.913940397237,30.226407993436233,15.0,20.84144732791669,0,0,23.528673476277007
1232,0.9711757348868452,29135.272046605354,30.339227192324607,15.0,20.970635927381693,0,0,23.528673476277007
1233,0.9700361638159721,29101.084914479165,30.45002827716315,15.0,21.097513596347035,0,0,23.528673476277007
1234,0.9688787390161281,29066.362170483844,30.558778415199097,15.0,21.222042738221113,0,0,23.528673476277007
1235,0.967703786659931,29031.11359979793,30.66544538141953,15.0,21.344186452331627,0,0,23.528673476277007
1236,0.9665116381137918,28995.349143413754,30.769997568100333,15.0,21.463908544860054,0,0,23.528673476277007
1237,0.9653026298397239,28959.078895191717,30.87240399417218,15.0,21.58117353956657,0,0,23.528673476277007
1238,0.9640771032956416,28922.313098869246,30.972634314400874,15.0,21.695946688302406,0,0,23.528673476277007
1239,0.9628354048341795,28885.062145025386,31.070658828379393,15.0,21.808193981306612,0,0,23.528673476277007
1240,0.9615778856000602,28847.336568001807,31.166448489328715,15.0,21.91788215728377,0,0,23.528673476277007
1241,0.9603049014260426,28809.14704278128,31.259974912704998,15.0,22.024978713260097,0,0,23.528673476277007
1242,0.959016812727481,28770.50438182443,31.351210384610496,15.0,22.129451914214684,0,0,23.528673476277007
1243,0.9577139843955264,28731.41953186579,31.44012787000589,15.0,22.23127080248339,0,0,23.528673476277007
1244,0.9563967856890014,28691.90357067004,31.52670102072125,15.0,22.33040520693219,0,0,23.528673476277007
1245,0.9550655901249805,28651.967703749415,31.61090418326362,15.0,22.426825751897553,0,0,23.528673476277007
1246,0.9537207753681093,28611.623261043278,31.69271240641868,15.0,22.52050386589108,0,0,23.528673476277007
1247,0.9523627231186941,28570.881693560823,31.772101448644356,15.0,22.611411790065844,0,0,23.528673476277007
1248,0.950991818999596,28529.75456998788,31.849047785254083,15.0,22.699522586441997,0,0,23.528673476277007
1249,0.9496084524419623,28488.25357325887,31.92352861538766,15.0,22.784810145888933,0,0,23.528673476277007
1250,0.94821301656983,28446.3904970949,31.99552186876771,15.0,22.867249195862154,0,0,23.528673476277007
1251,0.9468059080836344,28404.17724250903,32.06500621223951,15.0,22.946815307891974,0,0,23.528673476277007
1252,0.9453875271426582,28361.625814279745,32.13196105609249,15.0,23.023484904822226,0,0,23.528673476277007
1253,0.9439582772464556,28318.74831739367,32.19636656016143,15.0,23.097235267796663,0,0,23.528673476277007
1254,0.9425185651152874,28275.55695345862,32.258203639705464,15.0,23.168044542991076,0,0,23.528673476277007
1255,0.9410688005695995,28232.064017087985,32.3174539710634,15.0,23.23589174808906,0,0,23.528673476277007
1256,0.9396093964085859,28188.281892257575,32.374099997083306,15.0,23.30075677849944,0,0,23.528673476277007
1257,0.9381407682878663,28144.223048635988,32.42812493232515,15.0,23.36262041331382,0,0,23.528673476277007
1258,0.9366633345963189,28099.900037889565,32.47951276803468,15.0,23.421464321002095,0,0,23.528673476277007
1259,0.9351775163321024,28055.325489963074,32.528248276887126,15.0,23.477271064844437,0,0,23.528673476277007
1260,0.9336837369779059,28010.512109337174,32.574317017499425,15.0,23.530024108098257,0,0,23.528673476277007
1261,0.9321824223754602,27965.472671263808,32.61770533870948,15.0,23.579707818898317,0,0,23.528673476277007
1262,0.9306740005993538,27920.220017980613,32.65840038362132,15.0,23.626307474888854,0,0,23.528673476277007
1263,0.9291589018301836,27874.767054905507,32.696390093414884,15.0,23.669809267586107,0,0,23.528673476277007
1264,0.9276375582270838,27829.126746812515,32.731663210919244,15.0,23.71020030647003,0,0,23.528673476277007
1265,0.9261104037996679,27783.312113990036,32.76420928394845,15.0,23.747468622804103,0,0,23.528673476277007
1266,0.9245778742794215,27737.336228382646,32.794018668398664,15.0,23.781603173181892,0,0,23.528673476277007
1267,0.9230404069905868,27691.212209717603,32.821082531105915,15.0,23.81259384279941,0,0,23.528673476277007
1268,0.9214984407205729,27644.953221617187,32.84539285246361,15.0,23.840431448452435,0,0,23.528673476277007
1269,0.9199524155899345,27598.572467698035,32.86694242879887,15.0,23.865107741257628,0,0,23.528673476277007
1270,0.918402772921954,27552.08318765862,32.885724874507154,15.0,23.88661540909687,0,0,23.528673476277007
1271,0.9168499551118685,27505.498653356055,32.90173462394443,15.0,23.904948078783995,0,0,23.528673476277007
1272,0.915294405495778,27458.83216487334,32.91496693307642,15.0,23.920100317953334,0,0,23.528673476277007
1273,0.9137365682192756,27412.09704657827,32.92541788088436,15.0,23.932067636669416,0,0,23.528673476277007
1274,0.9121768881058377,27365.306643175132,32.93308437052686,15.0,23.940846488757416,0,0,23.528673476277007
1275,0.910615810525013,27318.474315750387,32.93796413025758,15.0,23.946434272854,0,0,23.528673476277007
1276,0.9090537812604494,27271.613437813485,32.94005571409841,15.0,23.948829333178153,0,0,23.528673476277007
1277,0.9074912463778004,27224.737391334013,32.93935850226791,15.0,23.948030960021804,0,0,23.528673476277007
1278,0.905928652092544,27177.85956277632,32.935872701364985,15.0,23.944039389960153,0,0,23.528673476277007
1279,0.904366444637761,27130.993339132827,32.92959934430769,15.0,23.936855805781555,0,0,23.528673476277007
1280,0.9028050701319056,27084.152103957167,32.92054029002709,15.0,23.92648233613703,0,0,23.528673476277007
1281,0.9012449744466117,27037.34923339835,32.908698222916485,15.0,23.912922054909522,0,0,23.528673476277007
1282,0.8996866030745707,26990.59809223712,32.89407665203595,15.0,23.896178980303006,0,0,23.528673476277007
1283,0.8981304009975231,26943.91202992569,32.876679910072475,15.0,23.87625807365184,0,0,23.528673476277007
1284,0.8965768125544001,26897.304376632004,32.856513152056166,15.0,23.853165237950584,0,0,23.528673476277007
1285,0.8950262813096572,26850.788439289718,32.83358235383266,15.0,23.826907316104844,0,0,23.528673476277007
1286,0.8934792499218358,26804.377497655074,32.807894310292355,15.0,23.79749208890356,0,0,23.528673476277007
1287,0.8919361600123938,26758.084800371817,32.779456633356936,15.0,23.764928272713377,0,0,23.528673476277007
1288,0.8903974520348449,26711.923561045347,32.748277749723826,15.0,23.729225516895813,0,0,23.528673476277007
1289,0.8888635651442409,26665.906954327227,32.714366898369136,15.0,23.690394400947962,0,0,23.528673476277007
1290,0.8873349370670419,26620.048112011256,32.677734127809984,15.0,23.648446431367518,0,0,23.528673476277007
1291,0.8858120039714082,26574.360119142246,32.638390293126875,15.0,23.60339403824317,0,0,23.528673476277007
1292,0.884295200337954,26528.856010138617,32.59634705274715,15.0,23.55525057157132,0,0,23.528673476277007
1293,0.8827849588310013,26483.548764930038,32.55161686499029,15.0,23.504030297300154,0,0,23.528673476277007
1294,0.8812817101703728,26438.451305111186,32.50421298437628,15.0,23.44974839310238,0,0,23.528673476277007
1295,0.87978588300376,26393.576490112802,32.45414945769803,15.0,23.39242094387769,0,0,23.528673476277007
1296,0.8782979037797053,26348.93711339116,32.401441119858916,15.0,23.332064936986516,0,0,23.528673476277007
1297,0.8768181966212363,26304.545898637087,32.34610358947701,15.0,23.268698257216315,0,0,23.528673476277007
1298,0.875347183200189,26260.41549600567,32.28815326425684,15.0,23.202339681481853,0,0,23.528673476277007
1299,0.8738852826122576,26216.55847836773,32.22760731613043,15.0,23.133008873261254,0,0,23.528673476277007
1300,0.8724329112528073,26172.987337584218,32.16448368616891,15.0,23.060726376769274,0,0,23.528673476277007
1301,0.8709904826934868,26129.714480804603,32.098801079266146,15.0,22.985513610869617,0,0,23.528673476277007
1302,0.8695584075596787,26086.752226790362,32.03057895859611,15.0,22.907392862728035,0,0,23.528673476277007
1303,0.8681370934088225,26044.112802264674,31.95983753984551,15.0,22.82638728120817,0,0,23.528673476277007
1304,0.8667269446096457,26001.80833828937,31.88659778522346,15.0,22.742520870012108,0,0,23.528673476277007
1305,0.8653283622223417,25959.85086667025,31.810881397249887,15.0,22.655818480567447,0,0,23.528673476277007
1306,0.8639417438797259,25918.252316391776,31.73271081232465,15.0,22.56630580466338,0,0,23.528673476277007
1307,0.862567483669409,25877.024510082272,31.652109194079095,15.0,22.474009366837585,0,0,23.528673476277007
1308,0.8612059720170212,25836.179160510637,31.56910042651227,15.0,22.378956516516567,0,0,23.528673476277007
1309,0.8598575955705191,25795.727867115573,31.483709106913484,15.0,22.281175419911275,0,0,23.528673476277007
1310,0.8585227370856144,25755.682112568433,31.39596053857358,15.0,22.18069505167086,0,0,23.528673476277007
1311,0.8572017753123553,25716.05325937066,31.305880723287164,15.0,22.077545186297044,0,0,23.528673476277007
1312,0.8558950848828943,25676.85254648683,31.213496353647585,15.0,21.971756389321065,0,0,23.528673476277007
1313,0.8546030362004767,25638.0910860143,31.118834805137382,15.0,21.863360008246588,0,0,23.528673476277007
1314,0.8533259953296822,25599.779859890466,31.02192412801632,15.0,21.752388163260676,0,0,23.528673476277007
1315,0.852064323887952,25561.92971663856,30.92279303900957,15.0,21.638873737716015,0,0,23.528673476277007
1316,0.8508183789384336,25524.551368153006,30.821470912798212,15.0,21.522850368386717,0,0,23.528673476277007
1317,0.8495885128841757,25487.65538652527,30.71798777331496,15.0,21.404352435501107,0,0,23.528673476277007
1318,0.8483750733637032,25451.252200911098,30.612374284847384,15.0,21.28341505255408,0,0,23.528673476277007
1319,0.8471784031480049,25415.352094440146,30.50466174295144,15.0,21.16007405590226,0,0,23.528673476277007
1320,0.845998840038962,25379.96520116886,30.394882065177924,15.0,21.034365994144864,0,0,23.528673476277007
1321,0.8448367167692513,25345.101503077538,30.28306778161458,15.0,20.90632811729356,0,0,23.528673476277007
1322,0.8436923609037486,25310.770827112457,30.16925202524682,15.0,20.775998365734615,0,0,23.528673476277007
1323,0.8425660947424645,25276.982842273934,30.05346852213957,15.0,20.64341535898612,0,0,23.528673476277007
1324,0.8414582352250397,25243.747056751192,29.935751581443625,15.0,20.50861838425436,0,0,23.528673476277007
1325,0.8403690938368293,25211.07281510488,29.81613608522905,15.0,20.371647384792094,0,0,23.528673476277007
1326,0.8392989765166025,25178.969295498075,29.69465747814889,15.0,20.232542948062548,0,0,23.528673476277007
1327,0.8382481835658868,25147.445506976605,29.571351756936135,15.0,20.091346293712437,0,0,23.528673476277007
1328,0.8372170095599818,25116.510286799454,29.446255459737117,15.0,19.948099261357697,0,0,23.528673476277007
1329,0.8362057432606702,25086.172297820107,29.319405655284548,15.0,19.802844298185597,0,0,23.528673476277007
1330,0.835214667530652,25056.44002591956,29.1908399319131,15.0,19.655624446376546,0,0,23.528673476277007
1331,0.8342440592497257,25027.32177749177,29.06059638642129,15.0,19.50648333034991,0,0,23.528673476277007
1332,0.8332941892327423,24998.82567698227,28.928713612782534,15.0,19.355465143837083,0,0,23.528673476277007
1333,0.8323653221493584,24970.959664480753,28.79523069070892,15.0,19.202614636785984,0,0,23.528673476277007
1334,0.8314577164456078,24943.731493368236,28.660187174071048,15.0,19.04797710210063,0,0,23.528673476277007
1335,0.8305716242673186,24917.148728019558,28.52362307917739,15.0,18.891598362219895,0,0,23.528673476277007
1336,0.8297072913853971,24891.218741561912,28.385578872916522,15.0,18.733524755539307,0,0,23.528673476277007
1337,0.8288649571230003,24865.94871369001,28.246095460766057,15.0,18.573803122680104,0,0,23.528673476277007
1338,0.8280448542846197,24841.34562853859,28.105214174671275,15.0,18.412480792609134,0,0,23.528673476277007
1339,0.8272472090870959,24817.416272612878,27.9629767607977,15.0,18.249605568614385,0,0,23.528673476277007
1340,0.8264722410925859,24794.167232777578,27.819425367160875,15.0,18.085225714139973,0,0,23.528673476277007
1341,0.825720163143502,24771.604894305063,27.674602531136742,15.0,17.919389938484276,0,0,23.528673476277007
1342,0.8249911812994423,24749.73543898327,27.528551166857174,15.0,17.75214738236669,0,0,23.528673476277007
1343,0.82428549477613,24728.5648432839,27.38131455249343,15.0,17.58354760336594,0,0,23.528673476277007
1344,0.8236032958863825,24708.098876591474,27.232936317432028,15.0,17.413640561235304,0,0,23.528673476277007
1345,0.8229447699831239,24688.34309949372,27.083460429346253,15.0,17.24247660309822,0,0,23.528673476277007
1346,0.8223100954044624,24669.302862133874,26.932931181167696,15.0,17.070106448529504,0,0,23.528673476277007
1347,0.8216994434208433,24650.9833026253,26.78139317796125,15.0,16.896581174525974,0,0,23.528673476277007
1348,0.8211129781842985,24633.389345528954,26.628891323707787,15.0,16.72195220037137,0,0,23.528673476277007
1349,0.8205508566798049,24616.525700394148,26.475470807997947,15.0,16.546271272399494,0,0,23.528673476277007
1350,0.8200132286787664,24600.39686036299,26.321177092641626,15.0,16.369590448660823,0,0,27.528673476277007
1351,0.8193519577252889,24580.55873175867,30.614424978515355,15.0,16.191962083496506,0,0,27.528673476277007
1352,0.8187163414783817,24561.49024435145,30.43201797878542,15.0,16.013438812024674,0,0,27.528673476277007
1353,0.8181065119779823,24543.195359339472,30.248750655420082,15.0,15.83407353454351,0,0,27.528673476277007
1354,0.8175225936228594,24525.67780868578,30.064677314482456,15.0,15.653919400855727,0,0,27.528673476277007
1355,0.8169647031337494,24508.94109401248,29.879852500876158,15.0,15.473029794519242,0,0,27.528673476277007
1356,0.8164329495187707,24492.98848556312,29.69433098218228,15.0,15.2914583170283,0,0,27.528673476277007
1357,0.8159274340411218,24477.823021233653,29.508167732430675,15.0,15.109258771930316,0,0,27.528673476277007
1358,0.8154482501890749,24463.447505672244,29.32141791580999,15.0,14.92648514888268,0,0,27.528673476277007
1359,0.8149954836482729,24449.864509448187,29.13413687032128,15.0,14.743191607654493,0,0,27.528673476277007
1360,0.8145692122763396,24437.07636829019,28.946380091380174,15.0,14.559432462077808,0,0,27.528673476277007
1361,0.8141695060798084,24425.085182394254,28.758203215372365,15.0,14.375262163953277,0,0,27.528673476277007
1362,0.813796427193378,24413.89281580134,28.56966200316747,15.0,14.190735286915025,0,0,27.528673476277007
1363,0.8134500298615001,24403.500895845,28.380812323595688,15.0,14.005906510259102,0,0,27.528673476277007
1364,0.8131303604223061,24393.910812669183,28.19171013689278,15.0,13.82083060274096,0,0,27.528673476277007
1365,0.8128374572938761,24385.123718816285,28.00241147811783,15.0,13.63556240634626,0,0,27.528673476277007
1366,0.8125713509628547,24377.14052888564,27.812972440548837,15.0,13.45015682004001,0,0,27.528673476277007
1367,0.8123320639754167,24369.9619192625,27.623449159061046,15.0,13.264668783498816,0,0,27.528673476277007
1368,0.8121196109305868,24363.588327917605,27.433897793493024,15.0,13.07915326083106,0,0,27.528673476277007
1369,0.8119339984759137,24358.019954277413,27.244374512005198,15.0,12.893665224289828,0,0,27.528673476277007
1370,0.8117752253054997,24353.256759164993,27.0549354744362,15.0,12.708259637983579,0,0,27.528673476277007
1371,0.811643282160388,24349.29846481164,26.86563681566125,15.0,12.522991441588879,0,0,27.528673476277007
1372,0.811538151831306,24346.14455493918,26.676534628958343,15.0,12.337915534070735,0,0,27.528673476277007
1373,0.8114598091637654,24343.79427491296,26.487684949386562,15.0,12.153086757414812,0,0,27.528673476277007
1374,0.8114082210655154,24342.24663196546,26.299143737181666,15.0,11.968559880376562,0,0,27.528673476277007
1375,0.8113833465163489,24341.500395490468,26.110966861173893,15.0,11.784389582252068,0,0,27.528673476277007
1376,0.8113851365802581,24341.554097407745,25.92321008223275,15.0,11.600630436675345,0,0,27.528673476277007
1377,0.8114135344199345,24342.406032598035,25.73592903674404,15.0,11.417336895447157,0,0,27.528673476277007
1378,0.8114684753136114,24344.05425940834,25.549179220123357,15.0,11.234563272399527,0,0,27.528673476277007
1379,0.8115498866742425,24346.496600227278,25.363015970371755,15.0,11.052363727301538,0,0,27.528673476277007
1380,0.811657688071011,24349.73064213033,25.17749445167783,15.0,10.870792249810558,0,0,27.528673476277007
1381,0.8117917912531623,24353.753737594867,24.992669638071536,15.0,10.689902643474074,0,0,27.528673476277007
1382,0.8119521001761554,24358.56300528466,24.80859629713398,15.0,10.509748509786363,0,0,27.528673476277007
1383,0.8121385110301231,24364.155330903694,24.62532897376861,15.0,10.330383232305167,0,0,27.528673476277007
1384,0.8123509122706323,24370.52736811897,24.442921974038672,15.0,10.151859960833333,0,0,27.528673476277007
1385,0.8125891846517376,24377.67553955213,24.261429349074817,15.0,9.974231595669012,0,0,27.528673476277007
1386,0.8128532012613164,24385.596037839492,24.08090487905876,15.0,9.797550771930341,0,0,27.528673476277007
1387,0.8131428275586754,24394.28482676026,23.90140205728696,15.0,9.621869843958434,0,0,27.528673476277007
1388,0.8134579214144182,24403.737642432545,23.72297407431957,15.0,9.447240869803828,0,0,27.528673476277007
1389,0.8137983331525611,24413.949994576833,23.545673802218705,15.0,9.273715595800333,0,0,27.528673476277007
1390,0.8141639055948857,24424.917167846572,23.369553778881432,15.0,9.101345441231619,0,0,27.528673476277007
1391,0.8145544741075139,24436.634223225417,23.194666192471654,15.0,8.930181483094533,0,0,27.528673476277007
1392,0.8149698666496922,24449.095999490764,23.021062865955603,15.0,8.760274440963894,0,0,27.528673476277007
1393,0.8154099038247715,24462.297114743145,22.8487952417456,15.0,8.591674661963184,0,0,27.528673476277007
1394,0.8158743989333663,24476.23196800099,22.677914366456527,15.0,8.424432105845597,0,0,27.528673476277007
1395,0.8163631580286776,24490.89474086033,22.50847087577962,15.0,8.258596330189864,0,0,27.528673476277007
1396,0.8168759799739633,24506.2793992189,22.340514979478115,15.0,8.094216475715417,0,0,27.528673476277007
1397,0.8174126565021393,24522.37969506418,22.174096446508848,15.0,7.9313412517207045,0,0,27.528673476277007
1398,0.8179729722774942,24539.189168324825,22.009264590274732,15.0,7.770018921649735,0,0,27.528673476277007
1399,0.8185567049594972,24556.701148784916,21.846068254012142,15.0,7.610297288790525,0,0,27.528673476277007
1400,0.8191636252686829,24574.908758060486,21.684555796317575,15.0,7.452223682109973,0,0,27.528673476277007
1401,0.8197934970545914,24593.80491163774,21.52477507681793,15.0,7.295844942229206,0,0,27.528673476277007
1402,0.8204460773657449,24613.38232097235,21.366773441988858,15.0,7.141207407543879,0,0,27.528673476277007
1403,0.8211211165216397,24633.63349564919,21.210597711124574,15.0,6.98835690049275,0,0,27.528673476277007
1404,0.8218183581867312,24654.550745601937,21.056294162464773,15.0,6.837338713979927,0,0,27.528673476277007
1405,0.8225375394463927,24676.12618339178,20.90390851948105,15.0,6.688197597953289,0,0,27.528673476277007
1406,0.8232783908848218,24698.351726544654,20.753485937328158,15.0,6.5409777461442395,0,0,27.528673476277007
1407,0.8240406366648746,24721.219099946236,20.60507098946355,15.0,6.395722782972108,0,0,27.528673476277007
1408,0.8248239946098019,24744.71983829406,20.458707654439422,15.0,6.252475750617425,0,0,27.528673476277007
1409,0.8256281762868647,24768.845288605942,20.314439302870603,15.0,6.111279096267289,0,0,27.528673476277007
1410,0.8264528870928026,24793.586612784078,20.17230868458335,15.0,5.97217465953777,0,0,27.528673476277007
1411,0.827297826341131,24818.934790233932,20.03235791594717,15.0,5.835203660075476,0,0,27.528673476277007
1412,0.8281626873512417,24844.88062053725,19.894628467395265,15.0,5.700406685343683,0,0,27.528673476277007
1413,0.829047157539278,24871.41472617834,19.759161151135725,15.0,5.567823678595217,0,0,27.528673476277007
1414,0.8299509185107613,24898.52755532284,19.625996109057905,15.0,5.437493927036268,0,0,27.528673476277007
1415,0.8308736461549369,24926.209384648108,19.495172800837715,15.0,5.309456050184972,0,0,27.528673476277007
1416,0.831815010740816,24954.45032222448,19.366729992244853,15.0,5.1837479884276,0,0,27.528673476277007
1417,0.8327746770148814,24983.240310446443,19.24070574365543,15.0,5.060406991775752,0,0,27.528673476277007
1418,0.8337523043004313,25012.56912901294,19.11713739877417,15.0,4.939469608828703,0,0,27.528673476277007
1419,0.834747546598528,25042.426397955842,18.996061573568547,15.0,4.820971675943111,0,0,27.528673476277007
1420,0.8357600526905259,25072.801580715775,18.877514145418488,15.0,4.7049483066137885,0,0,27.528673476277007
1421,0.8367894662421439,25103.683987264318,18.76153024248552,15.0,4.591433881069154,0,0,27.528673476277007
1422,0.8378354259090567,25135.0627772717,18.648144233303128,15.0,4.480462036083241,0,0,27.528673476277007
1423,0.8388975654439673,25166.92696331902,18.53738971659297,15.0,4.372065655008759,0,0,27.528673476277007
1424,0.8399755138051349,25199.265414154048,18.42929951130862,15.0,4.266276858032804,0,0,27.528673476277007
1425,0.8410688952663221,25232.066857989663,18.323905646910628,15.0,4.1631269926589685,0,0,27.528673476277007
1426,0.842177329528131,25265.31988584393,18.22123935387563,15.0,4.062646624418553,0,0,27.528673476277007
1427,0.8433004318306939,25299.012954920818,18.12133105444203,15.0,3.9648655278132634,0,0,27.528673476277007
1428,0.8444378130676864,25333.13439203059,18.024210353595045,15.0,3.8698126774922224,0,0,27.528673476277007
1429,0.8455890799016273,25367.67239704882,17.929906030294454,15.0,3.7775162396664532,0,0,27.528673476277007
1430,0.8467538348804335,25402.615046413008,17.838446028946475,15.0,3.6880035637623827,0,0,27.528673476277007
1431,0.8479316765551935,25437.950296655807,17.74985745112337,15.0,3.601301174317722,0,0,27.528673476277007
1432,0.8491221995991254,25473.66598797376,17.664166547532655,15.0,3.5174347631216567,0,0,27.528673476277007
1433,0.8503249949276835,25509.749847830506,17.581398710238428,15.0,3.436429181601808,0,0,27.528673476277007
1434,0.8515396498197799,25546.189494593396,17.50157846513713,15.0,3.3583084334602082,0,0,27.528673476277007
1435,0.8527657480400818,25582.97244120245,17.4247294646901,15.0,3.2830956675605645,0,0,27.528673476277007
1436,0.8540028699623512,25620.086098870535,17.350874480914637,15.0,3.2108131710685717,0,0,27.528673476277007
1437,0.8552505926937894,25657.517780813683,17.28003539863641,15.0,3.141482362847974,0,0,27.528673476277007
1438,0.8565084902003494,25695.25470601048,17.212233209004314,15.0,3.075123787113511,0,0,27.528673476277007
1439,0.8577761334329782,25733.284002989345,17.14748800327043,15.0,3.0117571073433096,0,0,27.528673476277007
1440,0.8590530904547543,25771.59271364263,17.085818966836513,15.0,2.951401100452137,0,0,27.528673476277007
1441,0.8603389265688793,25810.16779706638,17.027244373569026,15.0,2.894073651227461,0,0,27.528673476277007
1442,0.8616332044474883,25848.996133424647,16.971781580384054,15.0,2.8397917470296683,0,0,27.528673476277007
1443,0.8629354842612388,25888.064527837163,16.919447022104244,15.0,2.788571472758516,0,0,27.528673476277007
1444,0.8642453238096429,25927.359714289287,16.87025620658864,15.0,2.740428006086653,0,0,27.528673476277007
1445,0.8655622786520999,25966.868359562995,16.824223710137527,15.0,2.695375612962297,0,0,27.528673476277007
1446,0.8668859022395937,26006.577067187813,16.78136317317309,15.0,2.6534276433818587,0,0,27.528673476277007
1447,0.8682157460470157,26046.47238141047,16.741687296197412,15.0,2.6145965274340073,0,0,27.528673476277007
1448,0.8695513597060711,26086.540791182135,16.705207836029103,15.0,2.5788937716164457,0,0,27.528673476277007
1449,0.8708922911387343,26126.76873416203,16.67193560231954,15.0,2.54632995542627,0,0,27.528673476277007
1450,0.8722380866912082,26167.142600736246,16.64188045434961,15.0,2.5169147282249793,0,0,27.528673476277007
1451,0.873588291268352,26207.64873805056,16.61505129810831,15.0,2.490656806379234,0,0,27.528673476277007
1452,0.8749424484685361,26248.27345405608,16.59145608365367,15.0,2.4675639706779844,0,0,27.528673476277007
1453,0.8763001007188829,26289.003021566485,16.571101802756942,15.0,2.4476430640268108,0,0,27.528673476277007
1454,0.877660789410856,26329.82368232568,16.553994486830852,15.0,2.4308999894202983,0,0,27.528673476277007
1455,0.8790240550361564,26370.721651084692,16.540139205142296,15.0,2.4173397081927863,0,0,27.528673476277007
1456,0.8803894373228838,26411.683119686513,16.52954006331027,15.0,2.4069662385482644,0,0,27.528673476277007
1457,0.8817564753719253,26452.694261157758,16.52220020208925,15.0,2.3997826543696674,0,0,27.528673476277007
1458,0.88312470779353,26493.7412338059,16.518121796438518,15.0,2.395791084308015,0,0,27.528673476277007
1459,0.8844936728440287,26534.81018532086,16.517306054877693,15.0,2.3949927111516667,0,0,27.528673476277007
1460,0.8858629085626584,26575.887256879752,16.5197532191286,15.0,2.397387771475817,0,0,27.528673476277007
1461,0.8872319529084515,26616.958587253543,16.525462564043657,15.0,2.4029755555724037,0,0,27.528673476277007
1462,0.8886003438971476,26658.010316914428,16.534432397820748,15.0,2.4117544076604043,0,0,27.528673476277007
1463,0.889967619738091,26699.02859214273,16.54666006250454,15.0,2.4237217263764794,0,0,27.528673476277007
1464,0.8913333189710679,26739.999569132036,16.562141934774097,15.0,2.4388739655458207,0,0,27.528673476277007
1465,0.8926969806030474,26780.90941809142,16.58087342701653,15.0,2.4572066352329496,0,0,27.528673476277007
1466,0.8940581442447839,26821.744327343516,16.60284898868644,15.0,2.478714303072185,0,0,27.528673476277007
1467,0.8954163502472402,26862.490507417206,16.628062107950633,15.0,2.5033905958773794,0,0,27.528673476277007
1468,0.8967711398377914,26903.13419513374,16.656505313617707,15.0,2.5312282015304,0,0,27.528673476277007
1469,0.8981220552561693,26943.66165768508,16.688170177352,15.0,2.5622188711479303,0,0,27.528673476277007
1470,0.8994686398901065,26984.059196703194,16.723047316170977,15.0,2.596353421525711,0,0,27.528673476277007
1471,0.9008104384106401,27024.313152319202,16.76112639522571,15.0,2.6336217378597846,0,0,27.528673476277007
1472,0.9021469969070366,27064.4099072111,16.802396130863254,15.0,2.674012776743709,0,0,27.528673476277007
1473,0.9034778630212942,27104.335890638824,16.84684429397028,15.0,2.71751456944096,0,0,27.528673476277007
1474,0.9048025860821868,27144.077582465605,16.89445771359675,15.0,2.7641142254314897,0,0,27.528673476277007
1475,0.9061207172388079,27183.62151716424,16.9452222808589,15.0,2.8137979362315626,0,0,27.528673476277007
1476,0.9074318095935746,27222.95428780724,16.99912295311982,15.0,2.866550979485364,0,0,27.528673476277007
1477,0.9087354183346523,27262.06255003957,17.056143758447078,15.0,2.9223577233277207,0,0,27.528673476277007
1478,0.910031100867763,27300.93302603289,17.116267800345426,15.0,2.9812016310159875,0,0,27.528673476277007
1479,0.9113184169473352,27339.552508420056,17.17947726276367,15.0,3.043065265830371,0,0,27.528673476277007
1480,0.9125969288069582,27377.907864208744,17.24575341537392,15.0,3.1079302962407542,0,0,27.528673476277007
1481,0.9138662012891015,27415.986038673043,17.315076619121825,15.0,3.175777501338734,0,0,27.528673476277007
1482,0.9151258019740617,27453.77405922185,17.38742633204595,15.0,3.246586776533137,0,0,27.528673476277007
1483,0.9163753013080975,27491.259039242927,17.462781115364976,15.0,3.32033713950759,0,0,27.528673476277007
1484,0.9176142727307162,27528.428181921485,17.541118639830295,15.0,3.3970067364378527,0,0,27.528673476277007
1485,0.918842292801072,27565.26878403216,17.622415692342706,15.0,3.476572848467656,0,0,27.528673476277007
1486,0.9200589413234413,27601.76823970324,17.70664818283108,15.0,3.5590118984408967,0,0,27.528673476277007
1487,0.921263801471736,27637.91404415208,17.79379115139054,15.0,3.6442994578878136,0,0,27.528673476277007
1488,0.922456459913017,27673.693797390508,17.883818775678847,15.0,3.732410254263943,0,0,27.528673476277007
1489,0.9236365069299746,27709.095207899238,17.976704378567966,15.0,3.823318178438732,0,0,27.528673476277007
1490,0.9248035365423366,27744.106096270098,18.07242043604908,15.0,3.916996292432236,0,0,27.528673476277007
1491,0.9259571466271682,27778.714398815046,18.170938585388704,15.0,4.013416837397617,0,0,27.528673476277007
1492,0.9270969390380306,27812.908171140916,18.272229633532966,15.0,4.112551241846438,0,0,27.528673476277007
1493,0.9282225197229597,27846.67559168879,18.376263565758208,15.0,4.214370130115125,0,0,27.528673476277007
1494,0.9293334988412327,27880.00496523698,18.48300955456516,15.0,4.318843331069733,0,0,27.528673476277007
1495,0.9304294908788863,27912.88472636659,18.592435968813508,15.0,4.425939887046039,0,0,27.528673476277007
1496,0.9315101147629522,27945.303442888566,18.704510383095123,15.0,4.535628063023198,0,0,27.528673476277007
1497,0.9325749939743783,27977.249819231347,18.819199587342283,15.0,4.647875356027401,0,0,27.528673476277007
1498,0.933623756659598,28008.71269978794,18.93646959666855,15.0,4.762648504763215,0,0,27.528673476277007
1499,0.9346560357407199,28039.681072221596,19.056285661439343,15.0,4.87991349946973,0,0,27.528673476277007
1500,0.9356714690242999,28070.144070728995,19.178612277568774,15.0,4.999635591998184,0,0,27.528673476277007
1501,0.9366696993086674,28100.09097926002,19.303413197040413,15.0,5.121779306108696,0,0,27.528673476277007
1502,0.9376503744897718,28129.511234693156,19.4306514386485,15.0,5.246308447982797,0,0,27.528673476277007
1503,0.9386131476655184,28158.394429965552,19.560289298955933,15.0,5.373186116948115,0,0,27.528673476277007
1504,0.9395576772385629,28186.730317156886,19.69228836346693,15.0,5.502374716413117,0,0,27.528673476277007
1505,0.9404836270175343,28214.50881052603,19.826609518009885,15.0,5.633835965007663,0,0,27.528673476277007
1506,0.9413906663166558,28241.719989499674,19.963212960327862,15.0,5.7675309079266555,0,0,27.528673476277007
1507,0.9422784700537336,28268.354101612007,20.102058211872667,15.0,5.903419928473054,0,0,27.528673476277007
1508,0.9431467188464862,28294.401565394586,20.24310412979986,15.0,6.041462759797452,0,0,27.528673476277007
1509,0.943995099107184,28319.852973215522,20.386308919159877,15.0,6.181618496829668,0,0,27.528673476277007
1510,0.9448233031355725,28344.699094067175,20.53163014528296,15.0,6.323845608399954,0,0,27.528673476277007
1511,0.9456310292100502,28368.930876301503,20.679024746353605,15.0,6.468101949545721,0,0,27.528673476277007
1512,0.9464179816770749,28392.539450312248,20.828449046170462,15.0,6.614344773999754,0,0,27.528673476277007
1513,0.9471838710387732,28415.516131163196,20.979858767088636,15.0,6.7625307468569895,0,0,27.528673476277007
1514,0.9479284140387242,28437.852421161726,21.13320904314018,15.0,6.912615957415585,0,0,27.528673476277007
1515,0.9486513337458944,28459.54001237683,21.28845443332862,15.0,7.064555932188455,0,0,27.528673476277007
1516,0.9493523596366988,28480.570789100966,21.445548935094507,15.0,7.2183056480820635,0,0,27.528673476277007
1517,0.950031227675163,28500.93683025489,21.604445997946527,15.0,7.373819545737345,0,0,27.528673476277007
1518,0.9506876803911619,28520.63041173486,21.765098537255614,15.0,7.531051543030086,0,0,27.528673476277007
1519,0.9513214669567147,28539.64400870144,21.92745894820733,15.0,7.689955048726279,0,0,27.528673476277007
1520,0.9519323432603098,28557.970297809294,22.091479119907792,15.0,7.850482976287671,0,0,27.528673476277007
1521,0.9525200719792408,28575.602159377224,22.257110449640276,15.0,8.012587757824843,0,0,27.528673476277007
1522,0.9530844226499303,28592.53267949791,22.42430385726727,15.0,8.176221358192624,0,0,27.528673476277007
1523,0.953625171736221,28608.75515208663,22.593009799773625,15.0,8.341335289223585,0,0,27.528673476277007
1524,0.9541421026956143,28624.26308086843,22.763178285947745,15.0,8.507880624096645,0,0,27.528673476277007
1525,0.9546350060434371,28639.05018130311,22.93475889119457,15.0,8.675808011834675,0,0,27.528673476277007
1526,0.9551036794149156,28653.110382447467,23.107700772477678,15.0,8.845067691928447,0,0,27.528673476277007
1527,0.9555479276251413,28666.43782875424,23.2819526833854,15.0,9.015609509081962,0,0,27.528673476277007
1528,0.9559675627269079,28679.026881807236,23.45746298931576,15.0,9.187382928074106,0,0,27.528673476277007
1529,0.9563624040664045,28690.872121992135,23.634179682777326,15.0,9.360337048733683,0,0,27.528673476277007
1530,0.9567322783367472,28701.968350102416,23.81205039879997,15.0,9.534420621022095,0,0,27.528673476277007
1531,0.957077019629333,28712.31058887999,23.991022430451796,15.0,9.709582060219875,0,0,27.528673476277007
1532,0.9573964694830029,28721.89408449009,24.17104274445719,15.0,9.885769462212185,0,0,27.528673476277007
1533,0.9576904769309973,28730.71430792992,24.352057996912105,15.0,10.062930618869522,0,0,27.528673476277007
1534,0.9579588985456903,28738.76695637071,24.534014549090458,15.0,10.241013033517575,0,0,27.528673476277007
1535,0.9582015984810904,28746.047954432714,24.71685848333904,15.0,10.419963936493701,0,0,27.528673476277007
1536,0.9584184485130953,28752.55345539286,24.900535619053933,15.0,10.599730300783152,0,0,27.528673476277007
1537,0.9586093280774863,28758.27984232459,25.08499152873578,15.0,10.780258857732559,0,0,27.528673476277007
1538,0.9587741243056556,28763.223729169666,25.27017155411766,15.0,10.961496112834368,0,0,27.528673476277007
1539,0.9589127320580497,28767.381961741492,25.456020822361577,15.0,11.143388361578507,0,0,27.528673476277007
1540,0.9590250539553267,28770.7516186598,25.642484262318284,15.0,11.32588170536601,0,0,27.528673476277007
1541,0.9591110004072104,28773.330012216313,25.829506620846455,15.0,11.508922067480729,0,0,27.528673476277007
1542,0.9591704896390385,28775.114689171154,26.01703247918488,15.0,11.692455209112925,0,0,27.528673476277007
1543,0.9592034477159938,28776.103431479813,26.20500626937463,15.0,11.8764267454318,0,0,27.528673476277007
1544,0.9592098085650128,28776.294256950383,26.39337229072486,15.0,12.060782161700711,0,0,27.528673476277007
1545,0.9591895139943649,28775.68541983095,26.58207472631817,15.0,12.245466829431106,0,0,27.528673476277007
1546,0.9591425137108955,28774.275411326867,26.771057659550372,15.0,12.430426022570106,0,0,27.528673476277007
1547,0.9590687653349292,28772.06296004788,26.9602650906998,15.0,12.615604933717085,0,0,27.528673476277007
1548,0.9589682344128276,28769.047032384828,27.149640953521054,15.0,12.800948690364063,0,0,27.528673476277007
1549,0.9588408944271987,28765.22683281596,27.339129131859067,15.0,12.98640237115605,0,0,27.528673476277007
1550,0.9586867268047544,28760.601804142632,27.528673476277035,15.0,13.171911022164938,0,0,27.528673476277007
1551,0.9585057209218147,28755.171627654443,27.71821782069492,15.0,13.357419673173748,0,0,27.528673476277007
1552,0.9582978741074555,28748.936223223664,27.9077059990329,15.0,13.542873353965698,0,0,27.528673476277007
1553,0.9580631916442993,28741.895749328978,28.09708186185423,15.0,13.728217110612754,0,0,27.528673476277007
1554,0.9578016867669511,28734.050603008534,28.286289293003577,15.0,13.91339602175965,0,0,27.528673476277007
1555,0.9575133806580761,28725.401419742284,28.475272226235816,15.0,14.098355214898694,0,0,27.528673476277007
1556,0.9571983024421227,28715.94907326368,28.663974661829094,15.0,14.283039882629048,0,0,27.528673476277007
1557,0.9568564891766922,28705.694675300765,28.852340683179364,15.0,14.467395298897998,0,0,27.528673476277007
1558,0.9564879858415584,28694.63957524675,29.04031447336915,15.0,14.651366835216912,0,0,27.528673476277007
1559,0.9560928453253384,28682.785359760153,29.227840331707533,15.0,14.834899976849073,0,0,27.528673476277007
1560,0.9556711284098213,28670.13385229464,29.41486269023571,15.0,15.017940338963788,0,0,27.528673476277007
1561,0.9552229037519566,28656.6871125587,29.60132613019245,15.0,15.20043368275133,0,0,27.528673476277007
1562,0.9547482478635101,28642.447435905302,29.78717539843629,15.0,15.382325931495394,0,0,27.528673476277007
1563,0.9542472450883916,28627.417352651748,29.97235542381821,15.0,15.563563186597237,0,0,27.528673476277007
1564,0.9537199875776621,28611.599627329862,30.156811333500098,15.0,15.744091743546683,0,0,27.528673476277007
1565,0.9531665752622273,28594.997257866817,30.34048846921495,15.0,15.9238581078361,0,0,27.528673476277007
1566,0.9525871158232259,28577.613474696776,30.523332403463534,15.0,16.102809010812223,0,0,27.528673476277007
1567,0.9519817246601215,28559.451739803648,30.70528895564189,15.0,16.28089142546028,0,0,27.528673476277007
1568,0.9513505248565077,28540.515745695233,30.886304208096803,15.0,16.458052582117613,0,0,27.528673476277007
1569,0.9506936471436346,28520.80941430904,31.06632452210223,15.0,16.63423998410996,0,0,27.528673476277007
1570,0.9500112298616713,28500.336895850138,31.245296553754024,15.0,16.809401423307705,0,0,27.528673476277007
1571,0.9493034189187123,28479.102567561367,31.423167269776666,15.0,16.983484995596115,0,0,27.528673476277007
1572,0.948570367747542,28457.11103242626,31.59988396323827,15.0,17.15643911625573,0,0,27.528673476277007
1573,0.9478122372601692,28434.367117805075,31.775394269168594,15.0,17.328212535247836,0,0,27.528673476277007
1574,0.9470291958001451,28410.875874004352,31.949646180076314,15.0,17.49875435240135,0,0,27.528673476277007
1575,0.94622141909268,28386.642572780398,32.12258806135946,15.0,17.66801403249516,0,0,27.528673476277007
1576,0.9453890901925716,28361.672705777146,32.29416866660625,15.0,17.835941420233155,0,0,27.528673476277007
1577,0.9445323994299624,28335.97198289887,32.46433715278033,15.0,18.002486755106183,0,0,27.528673476277007
1578,0.9436515443539402,28309.546330618206,32.63304309528672,15.0,18.167600686137177,0,0,27.528673476277007
1579,0.9427467296740009,28282.401890220026,32.80023650291368,15.0,18.331234286504927,0,0,27.528673476277007
1580,0.9418181671993876,28254.54501598163,32.96586783264623,15.0,18.493339068042165,0,0,27.528673476277007
1581,0.9408660757763277,28225.982273289832,33.12988800434666,15.0,18.65386699560352,0,0,27.528673476277007
1582,0.9398906812231839,28196.720436695516,33.292248415298374,15.0,18.812770501299713,0,0,27.528673476277007
1583,0.938892216263539,28166.76648790617,33.45290095460753,15.0,18.97000249859252,0,0,27.528673476277007
1584,0.9378709204572356,28136.127613717068,33.61179801745949,15.0,19.125516396247736,0,0,27.528673476277007
1585,0.9368270401293884,28104.811203881654,33.76889251922534,15.0,19.279266112141315,0,0,27.528673476277007
1586,0.9357608282973936,28072.82484892181,33.92413790941385,15.0,19.431206086914248,0,0,27.528673476277007
1587,0.9346725445959538,28040.176337878616,34.07748818546533,15.0,19.58129129747278,0,0,27.528673476277007
1588,0.9335624552001432,28006.873656004296,34.22889790638354,15.0,19.72947727033005,0,0,27.528673476277007
1589,0.9324308327465333,27972.924982395998,34.37832220620036,15.0,19.87572009478405,0,0,27.528673476277007
1590,0.9312779562524058,27938.338687572174,34.52571680727104,15.0,20.01997643592985,0,0,27.528673476277007
1591,0.9301041110330732,27903.123330992195,34.67103803339418,15.0,20.162203547500194,0,0,27.528673476277007
1592,0.9289095886173337,27867.287658520014,34.81424282275414,15.0,20.30235928453235,0,0,27.528673476277007
1593,0.9276946866610853,27830.84059983256,34.9552887406813,15.0,20.440402115856724,0,0,27.528673476277007
1594,0.9264597088591235,27793.791265773707,35.09413399222616,15.0,20.576291136403174,0,0,27.528673476277007
1595,0.92520496485515,27756.148945654502,35.23073743454408,15.0,20.709986079322114,0,0,27.528673476277007
1596,0.9239307701500191,27717.923104500573,35.36505858908707,15.0,20.84144732791669,0,0,27.528673476277007
1597,0.9226374460082472,27679.123380247416,35.49705765359809,15.0,20.970635927381714,0,0,27.528673476277007
1598,0.9213253193628161,27639.759580884485,35.6266955139055,15.0,21.097513596347007,0,0,27.528673476277007
1599,0.9199947227182951,27599.841681548853,35.753933755513586,15.0,21.222042738221113,0,0,27.528673476277007
1600,0.9186459940523125,27559.379821569375,35.878734674985225,15.0,21.34418645233162,0,0,27.528673476277007
1601,0.9172794767154062,27518.384301462185,36.00106129111465,15.0,21.46390854486008,0,0,27.528673476277007
1602,0.9158955193292811,27476.865579878435,36.120877355885426,15.0,21.581173539566567,0,0,27.528673476277007
1603,0.9144944756835053,27434.83427050516,36.238147365211695,15.0,21.695946688302385,0,0,27.528673476277007
1604,0.9130767046306739,27392.30113892022,36.35283656945887,15.0,21.80819398130661,0,0,27.528673476277007
1605,0.9116425699800743,27349.27709940223,36.46491098374051,15.0,21.917882157283792,0,0,27.528673476277007
1606,0.9101924403898805,27305.773211696414,36.57433739798884,15.0,22.024978713260076,0,0,27.528673476277007
1607,0.9087266892579127,27261.80067773738,36.68108338679579,15.0,22.129451914214684,0,0,27.528673476277007
1608,0.9072456946109909,27217.370838329727,36.785117319021055,15.0,22.23127080248339,0,0,27.528673476277007
1609,0.9057498389929177,27172.495169787533,36.886408367165295,15.0,22.33040520693219,0,0,27.528673476277007
1610,0.9042395093511222,27127.185280533664,36.9849265165049,15.0,22.426825751897553,0,0,27.528673476277007
1611,0.9027150969219987,27081.45290765996,37.08064257398603,15.0,22.52050386589108,0,0,27.528673476277007
1612,0.9011769971149759,27035.309913449277,37.17352817687514,15.0,22.611411790065844,0,0,27.528673476277007
1613,0.8996256093953474,26988.768281860423,37.26355580116346,15.0,22.699522586441994,0,0,27.528673476277007
1614,0.8980613371659025,26941.840114977076,37.35069876972292,15.0,22.784810145888915,0,0,27.528673476277007
1615,0.8964845876473887,26894.537629421662,37.43493126021129,15.0,22.867249195862154,0,0,27.528673476277007
1616,0.8948957717578436,26846.87315273531,37.516228312723726,15.0,22.946815307891974,0,0,27.528673476277007
1617,0.8932953039908309,26798.859119724926,37.59456583718902,15.0,23.023484904822222,0,0,27.528673476277007
1618,0.8916836022926168,26750.508068778505,37.66992062050804,15.0,23.097235267796663,0,0,27.528673476277007
1619,0.8900610879383243,26701.832638149728,37.74227033343219,15.0,23.16804454299109,0,0,27.528673476277007
1620,0.8884281854070992,26652.845562212977,37.811593537180066,15.0,23.235891748089042,0,0,31.528673476277007
1621,0.8866018632665718,26598.055897997154,43.38163938249737,15.0,23.30075677849944,0,0,31.528673476277007
1622,0.8847657048645267,26542.9711459358,43.45403337209199,15.0,23.362620413313813,0,0,31.528673476277007
1623,0.8829201584779077,26487.604754337233,43.52289362017917,15.0,23.421464321002095,0,0,31.528673476277007
1624,0.8810656751655216,26431.970254965647,43.58819972198124,15.0,23.477271064844444,0,0,31.528673476277007
1625,0.8792027086343784,26376.081259031354,43.64993232589079,15.0,23.530024108098253,0,0,31.528673476277007
1626,0.8773317151052497,26319.95145315749,43.70807313920501,15.0,23.579707818898317,0,0,31.528673476277007
1627,0.8754531531774791,26263.59459532437,43.76260493354615,15.0,23.62630747488886,0,0,31.528673476277007
1628,0.8735674836930905,26207.024510792715,43.81351154996662,15.0,23.669809267586096,0,0,31.528673476277007
1629,0.8716751696002302,26150.255088006907,43.86077790373734,15.0,23.71020030647003,0,0,31.528673476277007
1630,0.8697766758159853,26093.30027447956,43.90438998881761,15.0,23.747468622804114,0,0,31.528673476277007
1631,0.8678724690886188,26036.174072658563,43.94433488200535,15.0,23.781603173181885,0,0,31.528673476277007
1632,0.865963017859262,25978.89053577786,43.980600746766676,15.0,23.812593842799416,0,0,31.528673476277007
1633,0.8640487921231054,25921.463763693162,44.01317683674314,15.0,23.840431448452435,0,0,31.528673476277007
1634,0.8621302632901291,25863.907898703874,44.042053498936255,15.0,23.86510774125763,0,0,31.528673476277007
1635,0.8602079040454133,25806.2371213624,44.067222176567796,15.0,23.88661540909687,0,0,31.528673476277007
1636,0.8582821882090722,25748.465646272165,44.0886754116154,15.0,23.904948078783992,0,0,31.528673476277007
1637,0.8563535905958501,25690.607717875504,44.10640684702252,15.0,23.920100317953334,0,0,31.528673476277007
1638,0.8544225868744245,25632.677606232737,44.12041122858217,15.0,23.932067636669416,0,0,31.528673476277007
1639,0.8524896534264543,25574.68960279363,44.13068440649385,15.0,23.940846488757412,0,0,31.528673476277007
1640,0.8505552672054183,25516.65801616255,44.13722333659324,15.0,23.946434272854,0,0,31.528673476277007
1641,0.848619905595283,25458.59716785849,44.14002608125422,15.0,23.948829333178153,0,0,31.528673476277007
1642,0.846684046269044,25400.52138807132,44.13909180996308,15.0,23.948030960021804,0,0,31.528673476277007
1643,0.8447481670471809,25342.445011415428,44.13442079956453,15.0,23.944039389960153,0,0,31.528673476277007
1644,0.8428127457560687,25284.38237268206,44.126014434179794,15.0,23.936855805781555,0,0,31.528673476277007
1645,0.8408782600863877,25226.34780259163,44.113875204796344,15.0,23.92648233613703,0,0,31.528673476277007
1646,0.8389451874515733,25168.3556235472,44.09800670852983,15.0,23.912922054909522,0,0,31.528673476277007
1647,0.8370140048463482,25110.420145390446,44.078413647558186,15.0,23.896178980303013,0,0,31.528673476277007
1648,0.8350851887053787,25052.55566116136,44.0551018277282,15.0,23.87625807365184,0,0,31.528673476277007
1649,0.8331592147620964,24994.776442862894,44.02807815683522,15.0,23.853165237950584,0,0,31.528673476277007
1650,0.8312365579077289,24937.096737231866,43.99735064257615,15.0,23.826907316104844,0,0,31.528673476277007
1651,0.8293176920505779,24879.530761517337,43.962928390176614,15.0,23.79749208890356,0,0,31.528673476277007
1652,0.8274030899755915,24822.092699267745,43.924821599692876,15.0,23.76492827271337,0,0,31.528673476277007
1653,0.8254932232042669,24764.796696128007,43.8830415629894,15.0,23.729225516895823,0,0,31.528673476277007
1654,0.8235885618549288,24707.656855647863,43.83760066039272,15.0,23.690394400947966,0,0,31.528673476277007
1655,0.8216895745034226,24650.68723510268,43.788512357022995,15.0,23.648446431367525,0,0,31.528673476277007
1656,0.8197967280442664,24593.901841327992,43.73579119880388,15.0,23.60339403824317,0,0,31.528673476277007
1657,0.8179104875522986,24537.314626568957,43.679452808152426,15.0,23.55525057157132,0,0,31.528673476277007
1658,0.8160313161448672,24480.939484346018,43.61951387934964,15.0,23.504030297300154,0,0,31.528673476277007
1659,0.8141596748445984,24424.79024533795,43.555992173593715,15.0,23.44974839310238,0,0,31.528673476277007
1660,0.8122960224427843,24368.88067328353,43.488906513736964,15.0,23.392420943877678,0,0,31.528673476277007
1661,0.8104408153634345,24313.224460903035,43.418276778708275,15.0,23.332064936986527,0,0,31.528673476277007
1662,0.8085945075280272,24257.835225840816,43.344123897622396,15.0,23.268698257216315,0,0,31.528673476277007
1663,0.8067575502210025,24202.726506630075,43.26646984357836,15.0,23.20233968148184,0,0,31.528673476277007
1664,0.8049303919560372,24147.911758681115,43.185337627148336,15.0,23.133008873261254,0,0,31.528673476277007
1665,0.8031134783431404,24093.40435029421,43.10075128955896,15.0,23.060726376769267,0,0,31.528673476277007
1666,0.8013072519566099,24039.217558698296,43.01273589556764,15.0,22.985513610869617,0,0,31.528673476277007
1667,0.7995121522038872,23985.364566116616,42.92131752603511,15.0,22.907392862728035,0,0,31.528673476277007
1668,0.7977286151953525,23931.858455860576,42.826523270197214,15.0,22.826387281208174,0,0,31.528673476277007
1669,0.7959570736150954,23878.71220845286,42.72838121763786,15.0,22.74252087001212,0,0,31.528673476277007
1670,0.7941979565927009,23825.938697781025,42.62692044996521,15.0,22.655818480567447,0,0,31.528673476277007
1671,0.7924516895760892,23773.550687282677,42.522171032194464,15.0,22.566305804663358,0,0,31.528673476277007
1672,0.7907186942054472,23721.560826163415,42.41416400383884,15.0,22.474009366837606,0,0,31.528673476277007
1673,0.788999388188286,23669.98164564858,42.302931369711715,15.0,22.37895651651657,0,0,31.528673476277007
1674,0.7872941851756661,23618.82555526998,42.18850609044327,15.0,22.281175419911257,0,0,31.528673476277007
1675,0.7856034946396234,23568.1048391887,42.070922072713216,15.0,22.180695051670867,0,0,31.528673476277007
1676,0.7839277217518338,23517.831652555014,41.95021415920368,15.0,22.077545186297048,0,0,31.528673476277007
1677,0.7822672672635519,23468.018017906557,41.82641811827455,15.0,21.971756389321094,0,0,31.528673476277007
1678,0.78062252738686,23418.6758216058,41.69957063336441,15.0,21.86336000824659,0,0,31.528673476277007
1679,0.778993893677262,23369.81681031786,41.56970929212069,15.0,21.752388163260676,0,0,31.528673476277007
1680,0.7773817529176567,23321.4525875297,41.43687257526148,15.0,21.638873737716047,0,0,31.528673476277007
1681,0.7757864870037258,23273.594610111773,41.30109984517275,15.0,21.52285036838672,0,0,31.528673476277007
1682,0.7742084728307702,23226.254184923106,41.1624313342447,15.0,21.404352435501107,0,0,31.528673476277007
1683,0.7726480821820276,23179.44246546083,41.02090813294981,15.0,21.28341505255408,0,0,31.528673476277007
1684,0.7711056816185055,23133.170448555164,40.87657217766695,15.0,21.16007405590226,0,0,31.528673476277007
1685,0.76958163237036,23087.4489711108,40.72946623825466,15.0,21.034365994144835,0,0,31.528673476277007
1686,0.7680762902298572,23042.288706895717,40.57963390537769,15.0,20.90632811729359,0,0,31.528673476277007
1687,0.7665900054459431,22997.700163378293,40.427119577589785,15.0,20.775998365734615,0,0,31.528673476277007
1688,0.7651231226204577,22953.69367861373,40.27196844817793,15.0,20.643415358986147,0,0,31.528673476277007
1689,0.7636759806060222,22910.279418180664,40.11422649177008,15.0,20.50861838425436,0,0,31.528673476277007
1690,0.7622489124056289,22867.467372168867,39.95394045071236,15.0,20.371647384792094,0,0,31.528673476277007
1691,0.7608422450739665,22825.267352218994,39.791157821217965,15.0,20.232542948062548,0,0,31.528673476277007
1692,0.7594562996205055,22783.688988615166,39.62592683929314,15.0,20.09134629371244,0,0,31.528673476277007
1693,0.7580913909143769,22742.74172743131,39.458296466443784,15.0,19.948099261357697,0,0,31.528673476277007
1694,0.7567478275910693,22702.43482773208,39.288316375167234,15.0,19.802844298185622,0,0,31.528673476277007
1695,0.7554259119609739,22662.777358829215,39.11603693423286,15.0,19.65562444637655,0,0,31.528673476277007
1696,0.7541259399198028,22623.778197594085,38.94150919375717,15.0,19.50648333034988,0,0,31.528673476277007
1697,0.7528482008609098,22585.446025827292,38.76478487007638,15.0,19.355465143837087,0,0,31.528673476277007
1698,0.7515929775895355,22547.789327686063,38.585916330421455,15.0,19.202614636785952,0,0,31.528673476277007
1699,0.7503605462390072,22510.816387170216,38.404956577401144,15.0,19.04797710210063,0,0,31.528673476277007
1700,0.749151176188914,22474.53528566742,38.221959233295586,15.0,18.891598362219902,0,0,31.528673476277007
1701,0.7479651299852842,22438.953899558524,38.03697852416725,15.0,18.73352475553931,0,0,31.528673476277007
1702,0.7468026632627865,22404.079897883596,37.85006926379258,15.0,18.573803122680136,0,0,31.528673476277007
1703,0.745664024668981,22369.92074006943,37.6612868374191,15.0,18.412480792609134,0,0,31.528673476277007
1704,0.7445494557906386,22336.483673719158,37.47068718535406,15.0,18.249605568614385,0,0,31.528673476277007
1705,0.7434591910821544,22303.775732464634,37.27832678638795,15.0,18.085225714139973,0,0,31.528673476277007
1706,0.7423934577960732,22271.803733882196,37.084262641058295,15.0,17.919389938484244,0,0,31.528673476277007
1707,0.74135247591575,22240.5742774725,36.888552254759716,15.0,17.752147382366655,0,0,31.528673476277007
1708,0.740336458090164,22210.09374270492,36.69125362070342,15.0,17.583547603365943,0,0,31.528673476277007
1709,0.7393456095709064,22180.368287127192,36.492425202732726,15.0,17.413640561235304,0,0,31.528673476277007
1710,0.7383801281513596,22151.403844540786,36.29212591799899,15.0,17.242476603098254,0,0,31.528673476277007
1711,0.7374402041080869,22123.206123242606,36.09041511950296,15.0,17.070106448529504,0,0,31.528673476277007
1712,0.7365260201444495,22095.780604333482,35.887352578507596,15.0,16.896581174525977,0,0,31.528673476277007
1713,0.7356377513364672,22069.13254009402,35.68299846682633,15.0,16.721952200371405,0,0,31.528673476277007
1714,0.7347755650809406,22043.266952428217,35.4774133389926,15.0,16.5462712723995,0,0,31.528673476277007
1715,0.7339396210458462,22018.188631375386,35.2706581143168,15.0,16.369590448660826,0,0,31.528673476277007
1716,0.7331300711230249,21993.902133690746,35.06279405883411,15.0,16.191962083496506,0,0,31.528673476277007
1717,0.7323470593831721,21970.411781495164,34.85388276715024,15.0,16.013438812024674,0,0,31.528673476277007
1718,0.7315907220331473,21947.72166099442,34.64398614418954,15.0,15.834073534543478,0,0,31.528673476277007
1719,0.7308611873756119,21925.835621268357,34.43316638685148,15.0,15.653919400855766,0,0,31.528673476277007
1720,0.7301585757710117,21904.75727313035,34.22148596557984,15.0,15.473029794519245,0,0,31.528673476277007
1721,0.7294829996019109,21884.489988057325,34.00900760585204,15.0,15.29145831702834,0,0,31.528673476277007
1722,0.7288345632396899,21865.036897190697,33.79579426959158,15.0,15.109258771930316,0,0,31.528673476277007
1723,0.7282133630136196,21846.40089040859,33.58190913651162,15.0,14.926485148882684,0,0,31.528673476277007
1724,0.7276194871823153,21828.58461546946,33.36741558539308,15.0,14.743191607654495,0,0,31.528673476277007
1725,0.7270530159075846,21811.59047722754,33.152377175304316,15.0,14.55943246207781,0,0,31.528673476277007
1726,0.7265140212306737,21795.42063692021,32.93685762676708,15.0,14.375262163953277,0,0,31.528673476277007
1727,0.7260025670509197,21780.077011527592,32.720920802875035,15.0,14.190735286915068,0,0,31.528673476277007
1728,0.7255187091068159,21765.56127320448,32.504630690369225,15.0,14.005906510259106,0,0,31.528673476277007
1729,0.7250624949594958,21751.874848784875,32.288051380678006,15.0,13.820830602740925,0,0,31.528673476277007
1730,0.724633963978639,21739.01891935917,32.07124705092509,15.0,13.635562406346263,0,0,31.528673476277007
1731,0.7242331473308052,21726.994419924158,31.854281944912252,15.0,13.450156820040014,0,0,31.528673476277007
1732,0.7238600679701999,21715.802039105994,31.637220354082952,15.0,13.264668783498818,0,0,31.528673476277007
1733,0.7235147406318709,21705.442218956126,31.42012659847113,15.0,13.079153260831063,0,0,31.528673476277007
1734,0.7231971718273432,21695.915154820297,31.20306500764179,15.0,12.89366522428983,0,0,31.528673476277007
1735,0.7229073598426895,21687.220795280686,30.986099901628997,15.0,12.70825963798362,0,0,31.528673476277007
1736,0.7226452947390373,21679.358842171117,30.769295571875986,15.0,12.522991441588882,0,0,31.528673476277007
1737,0.7224109583555144,21672.32875066543,30.552716262184763,15.0,12.3379155340707,0,0,31.528673476277007
1738,0.7222043243146307,21666.12972943892,30.33642614967905,15.0,12.153086757414815,0,0,31.528673476277007
1739,0.7220253580300938,21660.760740902813,30.12048932578692,15.0,11.968559880376525,0,0,31.528673476277007
1740,0.7218740167170582,21656.220501511747,29.90496977724973,15.0,11.784389582252032,0,0,31.528673476277007
1741,0.7217502494048033,21652.507482144098,29.689931367160998,15.0,11.600630436675388,0,0,31.528673476277007
1742,0.7216539969518364,21649.61990855509,29.475437816042415,15.0,11.417336895447159,0,0,31.528673476277007
1743,0.7215851920634186,21647.55576190256,29.261552682962503,15.0,11.234563272399566,0,0,31.528673476277007
1744,0.7215437593115055,21646.312779345164,29.04833934670204,15.0,11.05236372730154,0,0,31.528673476277007
1745,0.7215296151570972,21645.888454712916,28.835860986974158,15.0,10.87079224981056,0,0,31.528673476277007
1746,0.721542667974994,21646.28003924982,28.6241805657026,15.0,10.689902643474113,0,0,31.528673476277007
1747,0.7215828180809462,21647.484542428385,28.41336080836445,15.0,10.509748509786327,0,0,31.528673476277007
1748,0.7216499577611928,21649.498732835782,28.2034641854038,15.0,10.33038323230517,0,0,31.528673476277007
1749,0.7217439713043793,21652.319139131378,27.99455289371993,15.0,10.151859960833336,0,0,31.528673476277007
1750,0.7218647350358459,21655.942051075377,27.786688838237236,15.0,9.974231595669018,0,0,31.528673476277007
1751,0.7220121173542746,21660.363520628238,27.5799336135614,15.0,9.797550771930306,0,0,31.528673476277007
1752,0.7221859787706856,21665.579363120567,27.374348485727758,15.0,9.621869843958471,0,0,31.528673476277007
1753,0.7223861719497707,21671.585158493122,27.1699943740464,15.0,9.447240869803831,0,0,31.528673476277007
1754,0.7226125417535527,21678.37625260658,26.966931833051078,15.0,9.273715595800335,0,0,31.528673476277007
1755,0.7228649252873548,21685.947758620645,26.765221034555093,15.0,9.10134544123162,0,0,31.528673476277007
1756,0.7231431519480713,21694.29455844214,26.564921749821313,15.0,8.930181483094536,0,0,31.528673476277007
1757,0.7234470434747198,21703.411304241592,26.366093331850614,15.0,8.760274440963897,0,0,31.528673476277007
1758,0.7237764140012641,21713.292420037924,26.16879469779432,15.0,8.591674661963188,0,0,31.528673476277007
1759,0.724131070111691,21723.93210335073,25.973084311495704,15.0,8.424432105845563,0,0,31.528673476277007
1760,0.7245108108973227,21735.324326919683,25.779020166166127,15.0,8.258596330189903,0,0,31.528673476277007
1761,0.724915428016351,21747.46284049053,25.58665976719994,15.0,8.09421647571542,0,0,31.528673476277007
1762,0.7253447057555727,21760.341172667184,25.396060115134908,15.0,7.9313412517206725,0,0,31.528673476277007
1763,0.7257984210943115,21773.952632829343,25.207277688761494,15.0,7.770018921649736,0,0,31.528673476277007
1764,0.726276343770502,21788.29031311506,25.020368428386785,15.0,7.6102972887905285,0,0,31.528673476277007
1765,0.726778236348923,21803.34709046769,24.83538771925845,15.0,7.452223682109942,0,0,31.528673476277007
1766,0.7273038542915538,21819.11562874661,24.652390375152933,15.0,7.29584494222924,0,0,31.528673476277007
1767,0.7278529460300358,21835.588380901074,24.471430622132544,15.0,7.1412074075438525,0,0,31.528673476277007
1768,0.7284252530402187,21852.75759120656,24.292562082477694,15.0,6.988356900492782,0,0,31.528673476277007
1769,0.7290205099187658,21870.615297562974,24.115837758796822,15.0,6.83733871397993,0,0,31.528673476277007
1770,0.7296384444617993,21889.153333853978,23.94131001832114,15.0,6.688197597953261,0,0,31.528673476277007
1771,0.7302787777455597,21908.363332366793,23.769030577386836,15.0,6.540977746144243,0,0,31.528673476277007
1772,0.7309412242090577,21928.23672627173,23.59905048611021,15.0,6.395722782972108,0,0,31.528673476277007
1773,0.731625491738691,21948.76475216073,23.431420113260888,15.0,6.252475750617399,0,0,31.528673476277007
1774,0.732331281754805,21969.93845264415,23.266189131336102,15.0,6.111279096267319,0,0,31.528673476277007
1775,0.7330582893001676,21991.748679005028,23.103406501841672,15.0,5.9721746595377425,0,0,31.528673476277007
1776,0.7338062031303348,22014.186093910044,22.94312046078392,15.0,5.83520366007545,0,0,31.528673476277007
1777,0.7345747058058792,22037.24117417638,22.78537850437613,15.0,5.700406685343713,0,0,31.528673476277007
1778,0.7353634737864547,22060.904213593643,22.63022737496421,15.0,5.567823678595193,0,0,31.528673476277007
1779,0.7361721775266674,22085.165325800022,22.477713047176376,15.0,5.43749392703627,0,0,31.528673476277007
1780,0.7370004815737277,22110.01444721183,22.32788071429934,15.0,5.3094560501849735,0,0,31.528673476277007
1781,0.737848044666852,22135.44134000556,22.180774774887077,15.0,5.183747988427576,0,0,31.528673476277007
1782,0.738714519838386,22161.43559515158,22.03643881960425,15.0,5.060406991775778,0,0,31.528673476277007
1783,0.739599554516618,22187.98663549854,21.89491561830933,15.0,4.9394696088287295,0,0,31.528673476277007
1784,0.7405027906302543,22215.083718907626,21.756247107381256,15.0,4.82097167594309,0,0,31.528673476277007
1785,0.7414238647145229,22242.715941435687,21.62047437729257,15.0,4.704948306613815,0,0,31.528673476277007
1786,0.742362408018876,22270.87224056628,21.48763766043331,15.0,4.591433881069132,0,0,31.528673476277007
1787,0.7433180466162592,22299.541398487778,21.357776319189618,15.0,4.480462036083244,0,0,31.528673476277007
1788,0.7442904015139137,22328.71204541741,21.230928834279503,15.0,4.372065655008762,0,0,31.528673476277007
1789,0.7452790887656798,22358.372662970396,21.107132793350345,15.0,4.266276858032785,0,0,31.528673476277007
1790,0.7462837195857693,22388.51158757308,20.98642487984081,15.0,4.1631269926589685,0,0,31.528673476277007
1791,0.7473039004639703,22419.11701391911,20.86884086211076,15.0,4.062646624418576,0,0,31.528673476277007
1792,0.7483392332822533,22450.1769984676,20.754415582842284,15.0,3.9648655278132434,0,0,31.528673476277007
1793,0.7493893154327418,22481.679462982254,20.643182948715214,15.0,3.8698126774922437,0,0,31.528673476277007
1794,0.7504537399370138,22513.612198110415,20.535175920359542,15.0,3.777516239666454,0,0,31.528673476277007
1795,0.7515320955666986,22545.96286700096,20.430426502588816,15.0,3.6880035637623845,0,0,31.528673476277007
1796,0.7526239669653323,22578.719008959968,20.32896573491619,15.0,3.6013011743177232,0,0,31.528673476277007
1797,0.7537289347714367,22611.8680431431,20.230823682356807,15.0,3.517434763121658,0,0,31.528673476277007
1798,0.7548465757427855,22645.397272283564,20.136029426518913,15.0,3.4364291816017936,0,0,31.528673476277007
1799,0.7559764628818202,22679.293886454605,20.0446110569864,15.0,3.3583084334602256,0,0,31.528673476277007
1800,0.7571181655621785,22713.544966865353,19.95659566299505,15.0,3.2830956675605503,0,0,31.528673476277007
1801,0.7582712496562981,22748.137489688943,19.872009325405706,15.0,3.2108131710685877,0,0,31.528673476277007
1802,0.7594352776640585,22783.058329921754,19.79087710897565,15.0,3.141482362847974,0,0,31.528673476277007
1803,0.7606098088424209,22818.294265272627,19.71322305493161,15.0,3.0751237871134975,0,0,31.528673476277007
1804,0.7617943993360307,22853.83198008092,19.639070173845756,15.0,3.0117571073433096,0,0,31.528673476277007
1805,0.7629886023087408,22889.658069262223,19.568440438817053,15.0,2.9514011004521485,0,0,31.528673476277007
1806,0.7641919680760195,22925.759042280584,19.501354778960305,15.0,2.894073651227451,0,0,31.528673476277007
1807,0.765404044238201,22962.12132714603,19.43783307320439,15.0,2.83979174702968,0,0,31.528673476277007
1808,0.7666243758145417,22998.73127443625,19.377894144401594,15.0,2.788571472758507,0,0,31.528673476277007
1809,0.7678525053780405,23035.575161341214,19.321555753750125,15.0,2.740428006086646,0,0,31.528673476277007
1810,0.7690879731909842,23072.639195729527,19.268834595531043,15.0,2.6953756129623088,0,0,31.528673476277007
1811,0.7703303173411785,23109.909520235356,19.219746292161297,15.0,2.653427643381851,0,0,31.528673476277007
1812,0.7715790738788215,23147.372216364645,19.174305389564626,15.0,2.6145965274340073,0,0,31.528673476277007
1813,0.7728337769539827,23185.01330861948,19.132525352861133,15.0,2.5788937716164457,0,0,31.528673476277007
1814,0.774093958954644,23222.818768639318,19.094418562377406,15.0,2.5463299554262644,0,0,31.528673476277007
1815,0.7753591506452635,23260.774519357907,19.059996309977873,15.0,2.516914728224985,0,0,31.528673476277007
1816,0.7766288813058204,23298.866439174613,19.02926879571879,15.0,2.49065680637924,0,0,31.528673476277007
1817,0.7779026788712987,23337.080366138962,19.002245124825805,15.0,2.46756397067798,0,0,31.528673476277007
1818,0.7791800700715708,23375.402102147124,18.97893330499583,15.0,2.4476430640268134,0,0,31.528673476277007
1819,0.7804605805716376,23413.817417149126,18.959340244024176,15.0,2.4308999894202956,0,0,31.528673476277007
1820,0.7817437351121841,23452.312053365524,18.94347174775767,15.0,2.4173397081927863,0,0,31.528673476277007
1821,0.7830290576504093,23490.87172951228,18.931332518374216,15.0,2.406966238548266,0,0,31.528673476277007
1822,0.7843160715010876,23529.482145032627,18.922926152989483,15.0,2.399782654369666,0,0,31.528673476277007
1823,0.7856042994778205,23568.128984334617,18.918255142590937,15.0,2.395791084308015,0,0,31.528673476277007
1824,0.7868932640344386,23606.797921033158,18.91732087129979,15.0,2.3949927111516667,0,0,31.528673476277007
1825,0.7881824874065073,23645.47462219522,18.920123615960776,15.0,2.397387771475817,0,0,31.528673476277007
1826,0.7894714917528998,23684.14475258699,18.92666254606016,15.0,2.402975555572402,0,0,31.528673476277007
1827,0.7907597992973909,23722.793978921727,18.936935723971843,15.0,2.4117544076604043,0,0,31.528673476277007
1828,0.7920469324702334,23761.407974107,18.95094010553149,15.0,2.4237217263764794,0,0,31.528673476277007
1829,0.7933324140496715,23799.972421490143,18.968671540938608,15.0,2.4388739655458207,0,0,31.528673476277007
1830,0.7946157673033519,23838.47301910056,18.99012477598621,15.0,2.4572066352329496,0,0,31.528673476277007
1831,0.7958965161295907,23876.89548388772,19.015293453617755,15.0,2.4787143030721897,0,0,31.528673476277007
1832,0.7971741851984516,23915.225555953548,19.044170115810864,15.0,2.5033905958773737,0,0,31.528673476277007
1833,0.7984483000925972,23953.449002777914,19.076746205787334,15.0,2.5312282015304057,0,0,31.528673476277007
1834,0.7997183874478685,23991.551623436055,19.113012070548645,15.0,2.5622188711479237,0,0,31.528673476277007
1835,0.8009839750935535,24029.519252806604,19.152956963736404,15.0,2.596353421525709,0,0,31.528673476277007
1836,0.8022445921923007,24067.33776576902,19.196569048816663,15.0,2.6336217378597926,0,0,31.528673476277007
1837,0.8034997693796397,24104.99308138919,19.24383540258738,15.0,2.674012776743708,0,0,31.528673476277007
1838,0.8047490389030627,24142.47116709188,19.294742019007852,15.0,2.7175145694409517,0,0,31.528673476277007
1839,0.8059919347606304,24179.75804281891,19.349273813348994,15.0,2.7641142254315003,0,0,31.528673476277007
1840,0.8072279928390581,24216.839785171742,19.40741462666321,15.0,2.813797936231551,0,0,31.528673476277007
1841,0.8084567510512428,24253.702531537285,19.46914723057278,15.0,2.8665509794853756,0,0,31.528673476277007
1842,0.8096777494731896,24290.33248419569,19.534453332374845,15.0,2.922357723327731,0,0,31.528673476277007
1843,0.8108905304802965,24326.715914408895,19.603313580461993,15.0,2.9812016310159866,0,0,31.528673476277007
1844,0.812094638882959,24362.839166488768,19.675707570056648,15.0,3.0430652658303843,0,0,31.528673476277007
1845,0.8132896220614525,24398.688661843575,19.75161384925724,15.0,3.1079302962407525,0,0,31.528673476277007
1846,0.8144750301000534,24434.2509030016,19.831009925395097,15.0,3.1757775013387186,0,0,31.528673476277007
1847,0.8156504159203585,24469.512477610755,19.913872271699347,15.0,3.2465867765331495,0,0,31.528673476277007
1848,0.8168153354137643,24504.460062412927,20.000176334268424,15.0,3.320337139507574,0,0,31.528673476277007
1849,0.8179693475730656,24539.08042719197,20.089896539346057,15.0,3.3970067364378367,0,0,31.528673476277007
1850,0.8191120146231362,24573.360438694086,20.183006300899134,15.0,3.476572848467672,0,0,31.528673476277007
1851,0.8202429021506501,24607.287064519503,20.279478028495785,15.0,3.559011898440879,0,0,31.528673476277007
1852,0.8213615792328083,24640.84737698425,20.379283135481174,15.0,3.644299457887831,0,0,31.528673476277007
1853,0.8224676185650304,24674.02855695091,20.482392047448073,15.0,3.732410254263961,0,0,31.528673476277007
1854,0.8235605965875735,24706.817897627207,20.58877421100061,15.0,3.8233181784387305,0,0,31.528673476277007
1855,0.8246400936110435,24739.202808331305,20.698398102807815,15.0,3.9169962924322546,0,0,31.528673476277007
1856,0.8257056939407565,24771.170818222698,20.811231238944636,15.0,4.013416837397594,0,0,31.528673476277007
1857,0.8267569859999194,24802.709579997583,20.927240184517775,15.0,4.112551241846417,0,0,31.528673476277007
1858,0.8277935624515881,24833.80687354764,21.046390563572935,15.0,4.214370130115146,0,0,31.528673476277007
1859,0.8288150203193705,24864.450609581116,21.16864706928127,15.0,4.31884333106971,0,0,31.528673476277007
1860,0.8298209611068378,24894.628833205134,21.29397347440173,15.0,4.425939887046038,0,0,31.528673476277007
1861,0.8308109909156063,24924.32972746819,21.42233264201564,15.0,4.535628063023196,0,0,31.528673476277007
1862,0.8317847205620593,24953.54161686178,21.553686536531437,15.0,4.6478753560273995,0,0,31.528673476277007
1863,0.8327417656926696,24982.252970780086,21.687996234955328,15.0,4.762648504763236,0,0,31.528673476277007
1864,0.8336817468978918,25010.452406936754,21.825221938425067,15.0,4.879913499469753,0,0,31.528673476277007
1865,0.8346042898245907,25038.12869473772,21.965322984003045,15.0,4.999635591998157,0,0,31.528673476277007
1866,0.8355090252869687,25065.270758609062,22.10825785672595,15.0,5.121779306108719,0,0,31.528673476277007
1867,0.8363955893759646,25091.867681278938,22.253984201906086,15.0,5.246308447982769,0,0,31.528673476277007
1868,0.8372636235670868,25117.908707012604,22.402458837682474,15.0,5.373186116948112,0,0,31.528673476277007
1869,0.8381127748266529,25143.38324479959,22.553637767816085,15.0,5.502374716413115,0,0,31.528673476277007
1870,0.8389426957164006,25168.280871492017,22.707476194727246,15.0,5.633835965007663,0,0,31.528673476277007
1871,0.8397530444964406,25192.59133489322,22.863928532769965,15.0,5.767530907926627,0,0,31.528673476277007
1872,0.8405434852265228,25216.304556795683,23.022948421739986,15.0,5.90341992847308,0,0,31.528673476277007
1873,0.8413136878655817,25239.41063596745,23.184488740612178,15.0,6.041462759797421,0,0,31.528673476277007
1874,0.8420633283695348,25261.899851086044,23.348501621503875,15.0,6.181618496829637,0,0,31.528673476277007
1875,0.8427920887873042,25283.762663619123,23.514938463858705,15.0,6.323845608399981,0,0,31.528673476277007
1876,0.8434996573550319,25304.989720650956,23.683749948848217,15.0,6.4681019495457175,0,0,31.528673476277007
1877,0.8441857285884629,25325.571857653886,23.85488605398629,15.0,6.6143447739997825,0,0,31.528673476277007
1878,0.8448500033734657,25345.500101203972,24.028296067951413,15.0,6.762530746856989,0,0,31.528673476277007
1879,0.8454921890546676,25364.765671640027,24.203928605614056,15.0,6.912615957415551,0,0,31.528673476277007
1880,0.8461119995221732,25383.359985665196,24.381731623262862,15.0,7.064555932188483,0,0,31.528673476277007
1881,0.8467091552963467,25401.2746588904,24.56165243402628,15.0,7.218305648082032,0,0,31.528673476277007
1882,0.8472833836106262,25418.501508318786,24.74363772348521,15.0,7.373819545737311,0,0,31.528673476277007
1883,0.8478344184923513,25435.03255477054,24.927633565470767,15.0,7.531051543030117,0,0,31.528673476277007
1884,0.8483620008415762,25450.860025247286,25.113585438043927,15.0,7.689955048726246,0,0,31.528673476277007
1885,0.8488658785078464,25465.976355235394,25.30143823965183,15.0,7.850482976287669,0,0,31.528673476277007
1886,0.849345806364917,25480.37419094751,25.491136305455047,15.0,8.012587757824875,0,0,31.528673476277007
1887,0.849801546383388,25494.04639150164,25.682623423822704,15.0,8.176221358192622,0,0,31.528673476277007
1888,0.8502328677012383,25506.986031037148,25.875842852989,15.0,8.341335289223617,0,0,31.528673476277007
1889,0.8506395466922343,25519.18640076703,26.070737337867012,15.0,8.50788062409661,0,0,31.528673476277007
1890,0.8510213670321963,25530.64101096589,26.26724912701482,15.0,8.675808011834638,0,0,35.52867347627701
1891,0.8512661991225234,25537.985973675703,29.8229392070186,15.0,8.84506769192848,0,0,35.52867347627701
1892,0.8514849180960818,25544.547542882454,30.047829783405813,15.0,9.015609509081925,0,0,35.52867347627701
1893,0.8516773238157568,25550.319714472702,30.27434445206561,15.0,9.187382928074104,0,0,35.52867347627701
1894,0.8518432239416189,25555.296718248566,30.502416091812933,15.0,9.360337048733681,0,0,35.52867347627701
1895,0.8519824339879182,25559.473019637546,30.7319771200988,15.0,9.534420621022093,0,0,35.52867347627701
1896,0.8520947773777512,25562.843321332537,30.962959513036186,15.0,9.709582060219835,0,0,35.52867347627701
1897,0.8521800854953845,25565.402564861535,31.195294825557106,15.0,9.885769462212217,0,0,35.52867347627701
1898,0.8522381977362194,25567.145932086583,31.428914211694103,15.0,10.062930618869483,0,0,35.52867347627701
1899,0.8522689615543827,25568.068846631482,31.66374844498135,15.0,10.24101303351761,0,0,35.52867347627701
1900,0.8522722325079286,25568.16697523786,31.89972793896719,15.0,10.419963936493659,0,0,35.52867347627701
1901,0.8522478743016407,25567.43622904922,32.13678276783489,15.0,10.59973030078315,0,0,35.52867347627701
1902,0.8521957588274188,25565.872764822565,32.374842687122445,15.0,10.780258857732557,0,0,35.52867347627701
1903,0.8521157662022405,25563.472986067216,32.61383715453807,15.0,10.961496112834364,0,0,35.52867347627701
1904,0.8520077848036847,25560.23354411054,32.85369535086315,15.0,11.143388361578467,0,0,35.52867347627701
1905,0.8518717113030077,25556.15133909023,33.09434620093759,15.0,11.325881705366044,0,0,35.52867347627701
1906,0.8517074506957623,25551.223520872867,33.3357183947207,15.0,11.50892206748069,0,0,35.52867347627701
1907,0.851514916329949,25545.44748989847,33.57774040842243,15.0,11.692455209112925,0,0,35.52867347627701
1908,0.8512940299316936,25538.820897950805,33.820340525696736,15.0,11.876426745431836,0,0,35.52867347627701
1909,0.8510447216284401,25531.341648853206,34.06344685889306,15.0,12.06078216170071,0,0,35.52867347627701
1910,0.8507669299696577,25523.00789908973,34.306987370358335,15.0,12.245466829431102,0,0,35.52867347627701
1911,0.8504606019450472,25513.81805835142,34.55088989378294,15.0,12.430426022570105,0,0,35.52867347627701
1912,0.8501256930002515,25503.770790007547,34.795082155585334,15.0,12.615604933717044,0,0,35.52867347627701
1913,0.8497621670500565,25492.865011501694,35.039491796328306,15.0,12.800948690364098,0,0,35.52867347627701
1914,0.8493699964890841,25481.099894672523,35.28404639216034,15.0,12.986402371156007,0,0,35.52867347627701
1915,0.8489491621999732,25468.474865999196,35.52867347627699,15.0,13.171911022164895,0,0,35.52867347627701
1916,0.8484996535590437,25454.98960677131,35.773300560393636,15.0,13.357419673173782,0,0,35.52867347627701
1917,0.8480214684394445,25440.644053183336,36.01785515622568,15.0,13.542873353965696,0,0,35.52867347627701
1918,0.8475146132117846,25425.438396353537,36.26226479696864,15.0,13.72821711061275,0,0,35.52867347627701
1919,0.8469791027422443,25409.373082267328,36.50645705877104,15.0,13.913396021759688,0,0,35.52867347627701
1920,0.8464149603881705,25392.448811645118,36.750359582195586,15.0,14.098355214898655,0,0,35.52867347627701
1921,0.845822217991156,25374.66653973468,36.993900093660926,15.0,14.283039882629083,0,0,35.52867347627701
1922,0.8452009158676029,25356.027476028088,37.237006426857235,15.0,14.467395298897957,0,0,35.52867347627701
1923,0.8445511027967769,25336.53308390331,37.47960654413155,15.0,14.651366835216871,0,0,35.52867347627701
1924,0.8438728360063529,25316.185080190586,37.72162855783327,15.0,14.834899976849105,0,0,35.52867347627701
1925,0.8431661811554564,25294.985434663693,37.96300075161639,15.0,15.017940338963747,0,0,35.52867347627701
1926,0.8424312123152086,25272.936369456256,38.20365160169084,15.0,15.200433682751328,0,0,35.52867347627701
1927,0.841668011946776,25250.04035840328,38.44350979801591,15.0,15.38232593149543,0,0,35.52867347627701
1928,0.840876670876937,25226.30012630811,38.68250426543154,15.0,15.563563186597236,0,0,35.52867347627701
1929,0.8400572882711668,25201.718648135004,38.92056418471909,15.0,15.744091743546642,0,0,35.52867347627701
1930,0.8392099716042528,25176.299148127586,39.15761901358679,15.0,15.923858107836132,0,0,35.52867347627701
1931,0.8383348366284479,25150.045098853436,39.39359850757263,15.0,16.10280901081218,0,0,35.52867347627701
1932,0.8374320073391697,25122.96022017509,39.62843274085987,15.0,16.28089142546031,0,0,35.52867347627701
1933,0.8365016159382592,25095.048478147775,39.86205212699687,15.0,16.458052582117574,0,0,35.52867347627701
1934,0.8355438027948054,25066.314083844165,40.094387439517796,15.0,16.63423998410996,0,0,35.52867347627701
1935,0.8345587164035522,25036.761492106565,40.32536983245518,15.0,16.8094014233077,0,0,35.52867347627701
1936,0.8335465133408945,25006.395400226833,40.55493086074105,15.0,16.98348499559611,0,0,35.52867347627701
1937,0.8325073582184824,24975.220746554474,40.78300250048838,15.0,17.156439116255694,0,0,35.52867347627701
1938,0.8314414236344437,24943.24270903331,41.00951716914817,15.0,17.328212535247868,0,0,35.52867347627701
1939,0.8303488901222376,24910.466703667127,41.23440774553538,15.0,17.498754352401317,0,0,35.52867347627701
1940,0.8292299460971604,24876.898382914813,41.45760758971887,15.0,17.668014032495158,0,0,35.52867347627701
1941,0.8280847878005134,24842.5436340154,41.679050562767664,15.0,17.835941420233183,0,0,35.52867347627701
1942,0.8269136192414519,24807.408577243557,41.89867104634964,15.0,18.00248675510618,0,0,35.52867347627701
1943,0.8257166521365334,24771.499564096004,42.116403962175845,15.0,18.167600686137174,0,0,35.52867347627701
1944,0.8244941058469819,24734.823175409456,42.3321847912842,15.0,18.331234286504923,0,0,35.52867347627701
1945,0.8232462073136848,24697.386219410546,42.54594959315811,15.0,18.49333906804213,0,0,35.52867347627701
1946,0.8219731909899474,24659.195729698422,42.75763502467342,15.0,18.65386699560355,0,0,35.52867347627701
1947,0.820675298772018,24620.258963160537,42.9671783588681,15.0,18.81277050129968,0,0,35.52867347627701
1948,0.819352779927409,24580.58339782227,43.174517503530055,15.0,18.97000249859249,0,0,35.52867347627701
1949,0.8180058910210343,24540.17673063103,43.37959101959591,15.0,19.125516396247768,0,0,35.52867347627701
1950,0.8166348958391827,24499.04687517548,43.582338139356914,15.0,19.27926611214131,0,0,35.52867347627701
1951,0.8152400653113528,24457.201959340586,43.78269878446601,15.0,19.431206086914248,0,0,35.52867347627701
1952,0.8138216774299707,24414.65032289912,43.98061358373984,15.0,19.58129129747284,0,0,35.52867347627701
1953,0.8123800171680143,24371.40051504043,44.176023890751935,15.0,19.729477270330044,0,0,35.52867347627701
1954,0.8109153763945707,24327.46129183712,44.3688718012112,15.0,19.875720094784107,0,0,35.52867347627701
1955,0.8094280537883483,24282.84161365045,44.5591001701196,15.0,20.01997643592985,0,0,35.52867347627701
1956,0.807918354749172,24237.55064247516,44.74665262870612,15.0,20.16220354750019,0,0,35.52867347627701
1957,0.8063865913074867,24191.597739224602,44.93147360112942,15.0,20.30235928453235,0,0,35.52867347627701
1958,0.8048330820318962,24144.992460956884,45.11350832094668,15.0,20.440402115856692,0,0,35.52867347627701
1959,0.8032581519347637,24097.744558042912,45.292702847341864,15.0,20.576291136403146,0,0,35.52867347627701
1960,0.8016621323759048,24049.863971277144,45.46900408110938,15.0,20.70998607932214,0,0,35.52867347627701
1961,0.800045360964397,24001.360828931913,45.64235978038871,15.0,20.841447327916658,0,0,35.52867347627701
1962,0.7984081814585403,23952.24544375621,45.81271857614498,15.0,20.970635927381686,0,0,35.52867347627701
1963,0.796750943663993,23902.52830991979,45.98002998739028,15.0,21.097513596347035,0,0,35.52867347627701
1964,0.7950740033301176,23852.220099903527,46.14424443614253,15.0,21.222042738221084,0,0,35.52867347627701
1965,0.7933777220445639,23801.331661336917,46.30531326211665,15.0,21.344186452331645,0,0,35.52867347627701
1966,0.7916624671261232,23749.874013783698,46.46318873714323,15.0,21.46390854486005,0,0,35.52867347627701
1967,0.789928611515884,23697.85834547652,46.6178240793119,15.0,21.581173539566564,0,0,35.52867347627701
1968,0.7881765336667208,23645.296010001624,46.76917346683343,15.0,21.695946688302428,0,0,35.52867347627701
1969,0.7864066174311508,23592.198522934523,46.91719205161784,15.0,21.80819398130661,0,0,35.52867347627701
1970,0.7846192519475902,23538.577558427707,47.06183597256407,15.0,21.917882157283792,0,0,35.52867347627701
1971,0.7828148315250442,23484.444945751326,47.20306236855656,15.0,22.024978713260076,0,0,35.52867347627701
1972,0.780993755526264,23429.812665787922,47.34082939116638,15.0,22.129451914214684,0,0,35.52867347627701
1973,0.7791564282494079,23374.692847482238,47.47509621705136,15.0,22.231270802483365,0,0,35.52867347627701
1974,0.7773032588082385,23319.097764247155,47.605823060053375,15.0,22.33040520693219,0,0,35.52867347627701
1975,0.7754346610108935,23263.039830326805,47.73297118298744,15.0,22.426825751897532,0,0,35.52867347627701
1976,0.7735510532372656,23206.531597117966,47.85650290912074,15.0,22.52050386589108,0,0,35.52867347627701
1977,0.7716528583150273,23149.58574945082,47.976381633336686,15.0,22.61141179006583,0,0,35.52867347627701
1978,0.7697405033943383,23092.21510183015,48.09257183298221,15.0,22.699522586441976,0,0,35.52867347627701
1979,0.7678144198212711,23034.432594638132,48.20503907839349,15.0,22.784810145888926,0,0,35.52867347627701
1980,0.7658750430099944,22976.25129029983,48.31375004309845,15.0,22.867249195862136,0,0,35.52867347627701
1981,0.7639228123137503,22917.68436941251,48.41867251369216,15.0,22.946815307891974,0,0,35.52867347627701
1982,0.7619581708946644,22858.745126839935,48.51977539938211,15.0,23.023484904822237,0,0,35.52867347627701
1983,0.7599815655924274,22799.44696777282,48.61702874120127,15.0,23.097235267796663,0,0,35.52867347627701
1984,0.7579934467918863,22739.80340375659,48.71040372088562,15.0,23.16804454299109,0,0,35.52867347627701
1985,0.7559942682895867,22679.828048687603,48.79987266941346,15.0,23.23589174808907,0,0,35.52867347627701
1986,0.7539844871593023,22619.53461477907,48.88540907520441,15.0,23.300756778499437,0,0,35.52867347627701
1987,0.7519645636165944,22558.93690849783,48.966987591975446,15.0,23.362620413313834,0,0,35.52867347627701
1988,0.7499349608824398,22498.048826473194,49.044584046251416,15.0,23.42146432100209,0,0,35.52867347627701
1989,0.7478961450459688,22436.884351379063,49.118175444528255,15.0,23.477271064844423,0,0,35.52867347627701
1990,0.7458485849263525,22375.457547790575,49.18773998008646,15.0,23.53002410809825,0,0,35.52867347627701
1991,0.7437927519338822,22313.782558016464,49.25325703945276,15.0,23.579707818898306,0,0,35.52867347627701
1992,0.7417291199302795,22251.873597908383,49.31470720850855,15.0,23.626307474888854,0,0,35.52867347627701
1993,0.7396581650882816,22189.74495264845,49.372072278242506,15.0,23.669809267586103,0,0,35.52867347627701
1994,0.737580365750541,22127.41097251623,49.42533525014639,15.0,23.71020030647002,0,0,35.52867347627701
1995,0.7354962022878817,22064.88606863645,49.474480341252175,15.0,23.747468622804103,0,0,35.52867347627701
1996,0.733406156956955,22002.18470870865,49.519492988808715,15.0,23.781603173181892,0,0,35.52867347627701
1997,0.7313107137573372,21939.321412720117,49.56035985459705,15.0,23.81259384279941,0,0,35.52867347627701
1998,0.7292103582881094,21876.310748643282,49.59706882888291,15.0,23.840431448452442,0,0,35.52867347627701
1999,0.7271055776039642,21813.167328118925,49.62960903400494,15.0,23.865107741257624,0,0,35.52867347627701
2000,0.7249968600708807,21749.90580212642,49.65797082759812,15.0,23.88661540909687,0,0,35.52867347627701
2001,0.7228846952214116,21686.54085664235,49.682145805450894,15.0,23.904948078783995,0,0,35.52867347627701
2002,0.7207695736096239,21623.087208288718,49.70212680399557,15.0,23.920100317953334,0,0,35.52867347627701
2003,0.7186519866657367,21559.5595999721,49.71790790243108,15.0,23.932067636669416,0,0,35.52867347627701
2004,0.7165324265505004,21495.972796515012,49.72948442447735,15.0,23.940846488757412,0,0,35.52867347627701
2005,0.7144113860093588,21432.341580280765,49.736852939761064,15.0,23.946434272854,0,0,35.52867347627701
2006,0.7122893582264376,21368.68074679313,49.74001126483213,15.0,23.948829333178153,0,0,35.52867347627701
2007,0.7101668366784037,21305.00510035211,49.738958463810654,15.0,23.948030960021804,0,0,35.52867347627701
2008,0.7080443149882374,21241.32944964712,49.733694848664314,15.0,23.944039389960153,0,0,35.52867347627701
2009,0.7059222867789605,21177.668603368817,49.72422197911585,15.0,23.936855805781555,0,0,35.52867347627701
2010,0.7038012455273667,21114.037365821,49.71054266218098,15.0,23.92648233613704,0,0,35.52867347627701
2011,0.7016816844177921,21050.450532533763,49.692660951336514,15.0,23.912922054909526,0,0,35.52867347627701
2012,0.699564096195975,20986.922885879252,49.6705821453193,15.0,23.896178980303006,0,0,35.52867347627701
2013,0.6974489730230446,20923.46919069134,49.64431278655607,15.0,23.876258073651844,0,0,35.52867347627701
2014,0.6953368063296828,20860.104189890484,49.613860659224756,15.0,23.853165237950584,0,0,35.52867347627701
2015,0.6932280866705028,20796.842600115084,49.57923478694789,15.0,23.826907316104844,0,0,35.52867347627701
2016,0.691123303578687,20733.69910736061,49.54044543011874,15.0,23.79749208890356,0,0,35.52867347627701
2017,0.6890229454209283,20670.68836262785,49.49750408286085,15.0,23.76492827271337,0,0,35.52867347627701
2018,0.686927499252716,20607.82497758148,49.450423469622166,15.0,23.72922551689581,0,0,35.52867347627701
2019,0.6848374506740108,20545.123520220324,49.399217541404504,15.0,23.690394400947966,0,0,35.52867347627701
2020,0.6827532836853512,20482.598510560536,49.34390147162946,15.0,23.64844643136751,0,0,35.52867347627701
2021,0.6806754805444337,20420.26441633301,49.284491651642384,15.0,23.603394038243174,0,0,35.52867347627701
2022,0.6786045216232091,20358.135648696272,49.22100568585508,15.0,23.555250571571328,0,0,35.52867347627701
2023,0.6765408852655385,20296.226557966154,49.15346238652932,15.0,23.504030297300154,0,0,35.52867347627701
2024,0.6744850476454493,20234.551429363477,49.08188176820245,15.0,23.44974839310239,0,0,35.52867347627701
2025,0.6724374826260345,20173.124478781036,49.006285041756456,15.0,23.39242094387769,0,0,35.52867347627701
2026,0.6703986616190373,20111.959848571118,48.926694608132934,15.0,23.332064936986516,0,0,35.52867347627701
2027,0.6683690534451608,20051.071603354827,48.8431340516951,15.0,23.26869825721633,0,0,35.52867347627701
2028,0.6663491241951476,19990.473725854426,48.75562813323915,15.0,23.202339681481853,0,0,35.52867347627701
2029,0.6643393370916654,19930.18011274996,48.66420278265727,15.0,23.13300887326124,0,0,35.52867347627701
2030,0.6623401523520455,19870.204570561364,48.56888509125401,15.0,23.06072637676928,0,0,35.52867347627701
2031,0.6603520270519099,19810.560811557298,48.46970330371837,15.0,22.985513610869603,0,0,35.52867347627701
2032,0.65837541498973,19751.262449691898,48.36668680975457,15.0,22.907392862728003,0,0,35.52867347627701
2033,0.6564107665523561,19692.32299657068,48.25986613537307,15.0,22.826387281208177,0,0,35.52867347627701
2034,0.6544585285815586,19633.75585744676,48.149272933845005,15.0,22.74252087001209,0,0,35.52867347627701
2035,0.6525191442416188,19575.574327248563,48.03493997632287,15.0,22.655818480567447,0,0,35.52867347627701
2036,0.6505930528880095,19517.791586640284,47.916901142129376,15.0,22.566305804663358,0,0,35.52867347627701
2037,0.6486806899372047,19460.42069811614,47.7951914087187,15.0,22.47400936683761,0,0,35.52867347627701
2038,0.6467824867376568,19403.474602129703,47.66984684131145,15.0,22.37895651651657,0,0,35.52867347627701
2039,0.6448988704419781,19346.966113259343,47.5409045822082,15.0,22.28117541991128,0,0,35.52867347627701
2040,0.6430302638803664,19290.907916410993,47.40840283978304,15.0,22.180695051670867,0,0,35.52867347627701
2041,0.6411770854353115,19235.312563059346,47.272380877161964,15.0,22.077545186297073,0,0,35.52867347627701
2042,0.6393397489176192,19180.192467528577,47.13287900058799,15.0,21.971756389321072,0,0,35.52867347627701
2043,0.6375186634437903,19125.559903313708,46.98993854747789,15.0,21.86336000824657,0,0,35.52867347627701
2044,0.6357142333147906,19071.426999443716,46.843601874172904,15.0,21.752388163260704,0,0,35.52867347627701
2045,0.6339268578962476,19017.80573688743,46.6939123433874,15.0,21.638873737716022,0,0,35.52867347627701
2046,0.6321569315001104,18964.707945003312,46.54091431136005,15.0,21.52285036838675,0,0,35.52867347627701
2047,0.6304048432678061,18912.145298034182,46.384653114709565,15.0,21.404352435501107,0,0,35.52867347627701
2048,0.6286709770549285,18860.129311647856,46.225175057000996,15.0,21.283415052554055,0,0,35.52867347627701
2049,0.6269557113174943,18808.67133952483,46.062527395024716,15.0,21.16007405590226,0,0,35.52867347627701
2050,0.6252594189997975,18757.782569993928,45.89675832479304,15.0,21.034365994144835,0,0,35.52867347627701
2051,0.6235824674238988,18707.474022716964,45.72791696725916,15.0,20.90632811729354,0,0,35.52867347627701
2052,0.621925218180779,18657.75654542337,45.55605335376127,15.0,20.775998365734623,0,0,35.52867347627701
2053,0.620288027023193,18608.64081069579,45.3812184111971,15.0,20.643415358986154,0,0,35.52867347627701
2054,0.618671243760252,18560.137312807557,45.20346394693331,15.0,20.508618384254362,0,0,35.52867347627701
2055,0.6170752121537673,18512.25636461302,45.02284263345406,15.0,20.371647384792126,0,0,35.52867347627701
2056,0.6155002698163871,18465.00809449161,44.839407992752506,15.0,20.23254294806255,0,0,35.52867347627701
2057,0.6139467481115535,18418.402443346604,44.65321438047169,15.0,20.091346293712473,0,0,35.52867347627701
2058,0.612414972055313,18372.44916165939,44.46431696979716,15.0,19.948099261357733,0,0,35.52867347627701
2059,0.6109052602200074,18327.157806600222,44.27277173510852,15.0,19.802844298185597,0,0,35.52867347627701
2060,0.6094179246398732,18282.537739196196,44.078635435392776,15.0,19.655624446376578,0,0,35.52867347627701
2061,0.60795327071858,18238.5981215574,43.88196559742518,15.0,19.506483330349912,0,0,35.52867347627701
2062,0.606511597138732,18195.34791416196,43.68282049872326,15.0,19.35546514383706,0,0,35.52867347627701
2063,0.6050931957733626,18152.795873200877,43.48125915027777,15.0,19.202614636785988,0,0,35.52867347627701
2064,0.6036983515994455,18110.950547983364,43.27734127906615,15.0,19.047977102100603,0,0,35.52867347627701
2065,0.6023273426134503,18069.82027840351,43.071127310354605,15.0,18.89159836221984,0,0,35.52867347627701
2066,0.6009804397489662,18029.413192468986,42.862678349792624,15.0,18.733524755539314,0,0,35.52867347627701
2067,0.5996579067964182,17989.737203892546,42.652056165305744,15.0,18.573803122680072,0,0,35.52867347627701
2068,0.5983600003249001,17950.800009747003,42.439323168793,15.0,18.412480792609134,0,0,35.52867347627701
2069,0.5970869696061485,17912.609088184454,42.22454239763225,15.0,18.24960556861439,0,0,35.52867347627701
2070,0.5958390565406771,17875.171696220314,42.007777496001495,15.0,18.085225714139973,0,0,35.52867347627701
2071,0.5946164955860973,17838.49486758292,41.78909269601908,15.0,17.919389938484244,0,0,35.52867347627701
2072,0.5934195136876422,17802.585410629268,41.56855279871105,15.0,17.752147382366694,0,0,35.52867347627701
2073,0.5922483302109195,17767.449906327583,41.34622315480842,15.0,17.583547603365943,0,0,35.52867347627701
2074,0.5911031568769067,17733.0947063072,41.122169645383124,15.0,17.413640561235344,0,0,35.52867347627701
2075,0.5899841976992156,17699.52593097647,40.896458662325294,15.0,17.242476603098225,0,0,35.52867347627701
2076,0.5888916489236373,17666.74946770912,40.669157088670545,15.0,17.070106448529472,0,0,35.52867347627701
2077,0.5878256989699908,17634.770969099725,40.44033227878082,15.0,16.896581174526013,0,0,35.52867347627701
2078,0.5867865283762902,17603.595851288705,40.210052038385534,15.0,16.72195220037137,0,0,35.52867347627701
2079,0.5857743097452469,17573.229292357406,39.97838460448997,15.0,16.546271272399537,0,0,35.52867347627701
2080,0.5847892076931246,17543.67623079374,39.745398625154394,15.0,16.36959044866083,0,0,35.52867347627701
2081,0.5838313788009594,17514.941364028782,39.51116313915281,15.0,16.19196208349647,0,0,35.52867347627701
2082,0.5829009715681612,17487.029147044836,39.27574755551505,15.0,16.01343881202468,0,0,35.52867347627701
2083,0.5819981263685107,17459.94379105532,39.03922163295904,15.0,15.834073534543482,0,0,35.52867347627701
2084,0.5811229754085631,17433.689262256892,38.80165545922037,15.0,15.653919400855692,0,0,35.52867347627701
2085,0.5802756426884729,17408.269280654185,38.563119430283514,15.0,15.473029794519249,0,0,35.52867347627701
2086,0.5794562439652495,17383.687318957487,38.32368422952178,15.0,15.291458317028344,0,0,35.52867347627701
2087,0.5786648867184566,17359.9466015537,38.083420806752486,15.0,15.109258771930318,0,0,35.52867347627701
2088,0.577901670118363,17337.05010355089,37.84240035721331,15.0,14.926485148882724,0,0,35.52867347627701
2089,0.5771666849965563,17315.00054989669,37.600694300464895,15.0,14.743191607654499,0,0,35.52867347627701
2090,0.5764600138190281,17293.800414570844,37.3583742592285,15.0,14.55943246207785,0,0,35.52867347627701
2091,0.5757817306617373,17273.45191985212,37.11551203816184,15.0,14.37526216395332,0,0,35.52867347627701
2092,0.5751319011886596,17253.95703565979,36.87217960258251,15.0,14.190735286915032,0,0,35.52867347627701
2093,0.5745105826323301,17235.317478969904,36.62844905714283,15.0,14.005906510259146,0,0,35.52867347627701
2094,0.5739178237768838,17217.534713306515,36.38439262446333,15.0,13.820830602740966,0,0,35.52867347627701
2095,0.5733536649436,17200.609948308,36.14008262373229,15.0,13.635562406346228,0,0,35.52867347627701
2096,0.5728181379789542,17184.544139368627,35.89559144927567,15.0,13.450156820040016,0,0,35.52867347627701
2097,0.5723112662451814,17169.33798735544,35.650991549104816,15.0,13.264668783498783,0,0,35.52867347627701
2098,0.571833064613353,17154.99193840059,35.40635540344914,15.0,13.079153260830989,0,0,35.52867347627701
2099,0.5713835394589709,17141.50618376913,35.161755503278386,15.0,12.893665224289833,0,0,35.52867347627701
2100,0.5709626886600774,17128.880659802322,34.91726432882166,15.0,12.708259637983545,0,0,35.52867347627701
2101,0.5705705015978846,17117.11504793654,34.672954328090725,15.0,12.522991441588886,0,0,35.52867347627701
2102,0.5702069591599207,17106.208774797622,34.428897895411225,15.0,12.337915534070703,0,0,35.52867347627701
2103,0.5698720337456938,17096.161012370816,34.185167349971536,15.0,12.153086757414815,0,0,35.52867347627701
2104,0.5695656892748702,17086.970678246103,33.94183491439231,15.0,11.968559880376603,0,0,35.52867347627701
2105,0.5692878811979655,17078.636435938963,33.69897269332565,15.0,11.784389582252071,0,0,35.52867347627701
2106,0.5690385565095462,17071.156695286383,33.45665265208916,15.0,11.600630436675353,0,0,35.52867347627701
2107,0.568817653763936,17064.52961291808,33.21494659534084,15.0,11.4173368954472,0,0,35.52867347627701
2108,0.5686251030934236,17058.753092802708,32.97392614580157,15.0,11.23456327239953,0,0,35.52867347627701
2109,0.5684608262289661,17053.824786868983,32.733662723032275,15.0,11.052363727301504,0,0,35.52867347627701
2110,0.5683247365233813,17049.74209570144,32.494227522270535,15.0,10.870792249810599,0,0,35.52867347627701
2111,0.5682167389770238,17046.502169310716,32.255691493333586,15.0,10.689902643474078,0,0,35.52867347627701
2112,0.5681367302659349,17044.10190797805,32.01812531959501,15.0,10.509748509786366,0,0,35.52867347627701
2113,0.5680845987724603,17042.53796317381,31.781599397038995,15.0,10.33038323230517,0,0,35.52867347627701
2114,0.5680602246183241,17041.806738549723,31.54618381340114,15.0,10.151859960833303,0,0,35.52867347627701
2115,0.5680634797001519,17041.90439100456,31.31194832739966,15.0,9.97423159566902,0,0,35.52867347627701
2116,0.5680942277274306,17042.826831822917,31.078962348064078,15.0,9.79755077193031,0,0,35.52867347627701
2117,0.5681523242628934,17044.569727886803,30.84729491416851,15.0,9.621869843958475,0,0,35.52867347627701
2118,0.5682376167653211,17047.128502959633,30.61701467377323,15.0,9.447240869803833,0,0,35.52867347627701
2119,0.5683499446347419,17050.498339042257,30.3881898638835,15.0,9.273715595800374,0,0,35.52867347627701
2120,0.5684891392600215,17054.674177800647,30.160888290228755,15.0,9.101345441231622,0,0,35.52867347627701
2121,0.5686550240688264,17059.65072206479,29.935177307171017,15.0,8.930181483094572,0,0,35.52867347627701
2122,0.5688474145799448,17065.422437398345,29.71112379774563,15.0,8.7602744409639,0,0,35.52867347627701
2123,0.5690661184579543,17071.983553738628,29.488794153843084,15.0,8.591674661963223,0,0,35.52867347627701
2124,0.5693109355702132,17079.328067106395,29.26825425653496,15.0,8.4244321058456,0,0,35.52867347627701
2125,0.5695816580461652,17087.449741384957,29.049569456552554,15.0,8.25859633018987,0,0,35.52867347627701
2126,0.569878070338936,17096.34211016808,28.832804554921804,15.0,8.094216475715456,0,0,35.52867347627701
2127,0.5701999492892036,17105.99847867611,28.618023783761046,15.0,7.931341251720712,0,0,35.52867347627701
2128,0.570547064191326,17116.41192573978,28.40529078724822,15.0,7.770018921649706,0,0,35.52867347627701
2129,0.570919176861704,17127.57530585112,28.194668602761425,15.0,7.610297288790531,0,0,35.52867347627701
2130,0.5713160417093603,17139.48125128081,27.98621964219936,15.0,7.452223682109944,0,0,35.52867347627701
2131,0.5717374058087131,17152.122174261393,27.780005673487814,15.0,7.295844942229177,0,0,35.52867347627701
2132,0.5721830089745238,17165.490269235714,27.576087802276266,15.0,7.141207407543853,0,0,35.52867347627701
2133,0.5726525838389949,17179.577515169847,27.3745264538307,15.0,6.988356900492722,0,0,35.52867347627701
2134,0.5731458559309976,17194.37567792993,27.17538135512887,15.0,6.837338713979932,0,0,35.52867347627701
2135,0.5736625437574031,17209.876312722092,26.97871151716127,15.0,6.6881975979532635,0,0,35.52867347627701
2136,0.5742023588864948,17226.070766594847,26.784575217445518,15.0,6.540977746144244,0,0,35.52867347627701
2137,0.5747650060334378,17242.950181003136,26.593029982756956,15.0,6.39572278297217,0,0,35.52867347627701
2138,0.5753501831477771,17260.505494433313,26.404132572082425,15.0,6.252475750617429,0,0,35.52867347627701
2139,0.5759575815029423,17278.72744508827,26.217938959801536,15.0,6.111279096267292,0,0,35.52867347627701
2140,0.5765868857877297,17297.60657363189,26.03450431910006,15.0,5.972174659537773,0,0,35.52867347627701
2141,0.5772377741997355,17317.133225992067,25.85388300562073,15.0,5.83520366007548,0,0,35.52867347627701
2142,0.5779099185407142,17337.297556221423,25.676128541356935,15.0,5.700406685343688,0,0,35.52867347627701
2143,0.5786029843138286,17358.089529414858,25.501293598792763,15.0,5.5678236785952215,0,0,35.52867347627701
2144,0.5793166308227706,17379.498924683117,25.329429985294805,15.0,5.437493927036245,0,0,35.52867347627701
2145,0.5800505112727155,17401.515338181463,25.160588627760994,15.0,5.309456050185002,0,0,35.52867347627701
2146,0.580804272873085,17424.12818619255,24.994819557529333,15.0,5.183747988427578,0,0,35.52867347627701
2147,0.5815775569420873,17447.32670826262,24.832171895552975,15.0,5.060406991775729,0,0,35.52867347627701
2148,0.5823699990130015,17471.099970390045,24.67269383784447,15.0,4.9394696088287295,0,0,35.52867347627701
2149,0.5831812289421773,17495.43686826532,24.516432641193987,15.0,4.820971675943092,0,0,35.52867347627701
2150,0.5840108710187168,17520.326130561505,24.36343460916663,15.0,4.704948306613816,0,0,35.52867347627701
2151,0.5848585440758051,17545.756322274152,24.21374507838113,15.0,4.591433881069134,0,0,35.52867347627701
2152,0.5857238616036589,17571.715848109765,24.06740840507614,15.0,4.480462036083267,0,0,35.52867347627701
2153,0.586606431864057,17598.19295592171,23.924467951966044,15.0,4.372065655008763,0,0,35.52867347627701
2154,0.5875058580064217,17625.17574019265,23.784966075392127,15.0,4.266276858032809,0,0,35.52867347627701
2155,0.5884217381854135,17652.652145562406,23.64894411277099,15.0,4.163126992658969,0,0,35.52867347627701
2156,0.5893536656800067,17680.6099704002,23.516442370345885,15.0,4.062646624418599,0,0,35.52867347627701
2157,0.5903012290140096,17709.03687042029,23.387500111242588,15.0,3.9648655278132647,0,0,35.52867347627701
2158,0.5912640120779941,17737.92036233982,23.262155543835334,15.0,3.8698126774922255,0,0,35.52867347627701
2159,0.5922415942525973,17767.247827577918,23.14044581042465,15.0,3.7775162396664745,0,0,35.52867347627701
2160,0.5932335505331607,17797.00651599482,23.02240697623116,15.0,3.6880035637623845,0,0,39.52867347627701
2161,0.5941534813795415,17824.604441386244,25.487182302501786,15.0,3.6013011743177072,0,0,39.52867347627701
2162,0.5950873387099909,17852.620161299725,25.364137952005105,15.0,3.51743476312166,0,0,39.52867347627701
2163,0.596034670966921,17881.04012900763,25.245290859079923,15.0,3.4364291816017936,0,0,39.52867347627701
2164,0.5969950225998324,17909.85067799497,25.13067624068487,15.0,3.358308433460195,0,0,39.52867347627701
2165,0.5979679342003037,17939.03802600911,25.020328059604992,15.0,3.2830956675605516,0,0,39.52867347627701
2166,0.598952942638124,17968.58827914372,24.914279014387773,15.0,3.21081317106856,0,0,39.52867347627701
2167,0.5999495811985284,17998.487435955853,24.812560529654114,15.0,3.1414823628479756,0,0,39.52867347627701
2168,0.6009573797204956,18028.72139161487,24.71520274678627,15.0,3.075123787113527,0,0,39.52867347627701
2169,0.6019758647360669,18059.275942082008,24.622234514996418,15.0,3.011757107343311,0,0,39.52867347627701
2170,0.603004559610645,18090.136788319352,24.533683382778122,15.0,2.951401100452162,0,0,39.52867347627701
2171,0.604042984684231,18121.28954052693,24.449575589742896,15.0,2.8940736512274627,0,0,39.52867347627701
2172,0.6050906574135578,18152.719722406735,24.369936058845035,15.0,2.83979174702967,0,0,39.52867347627701
2173,0.6061470925150787,18184.41277545236,24.294788388996334,15.0,2.7885714727585174,0,0,39.52867347627701
2174,0.6072118021087667,18216.354063263,24.224154848073134,15.0,2.7404280060866544,0,0,39.52867347627701
2175,0.6082842958626842,18248.528875880525,24.15805636631804,15.0,2.6953756129623,0,0,39.52867347627701
2176,0.6093640811382793,18280.92243414838,24.096512530137726,15.0,2.65342764338186,0,0,39.52867347627701
2177,0.6104506631363645,18313.519894090936,24.03954157629905,15.0,2.614596527434,0,0,39.52867347627701
2178,0.6115435450437369,18346.306351312105,23.987160386525197,15.0,2.5788937716164533,0,0,39.52867347627701
2179,0.6126422281803942,18379.266845411825,23.93938448249315,15.0,2.5463299554262644,0,0,39.52867347627701
2180,0.6137462121473053,18412.38636441916,23.896228021234368,15.0,2.5169147282249718,0,0,39.52867347627701
2181,0.6148549949746881,18445.649849240643,23.857703790939734,15.0,2.49065680637924,0,0,39.52867347627701
2182,0.6159680732707549,18479.042198122646,23.823823207170083,15.0,2.4675639706779813,0,0,39.52867347627701
2183,0.6170849423708777,18512.548271126332,23.7945963094736,15.0,2.447643064026815,0,0,39.52867347627701
2184,0.6182050964871317,18546.15289461395,23.77003175841083,15.0,2.4308999894202956,0,0,39.52867347627701
2185,0.6193280288581706,18579.84086574512,23.750136832988417,15.0,2.4173397081927894,0,0,39.52867347627701
2186,0.6204532318993916,18613.59695698175,23.734917428502108,15.0,2.406966238548266,0,0,39.52867347627701
2187,0.6215801973533432,18647.405920600297,23.724378054789938,15.0,2.3997826543696674,0,0,39.52867347627701
2188,0.6227084164403328,18681.252493209984,23.718521834895775,15.0,2.395791084308015,0,0,39.52867347627701
2189,0.6238373800091893,18715.12140027568,23.717350504143983,15.0,2.3949927111516667,0,0,39.52867347627701
2190,0.6249665786881358,18748.997360644073,23.720864409625126,15.0,2.397387771475817,0,0,39.52867347627701
2191,0.6260955030357271,18782.865091071813,23.729062510093176,15.0,2.4029755555724037,0,0,39.52867347627701
2192,0.6272236436918082,18816.709310754246,23.741942376274036,15.0,2.411754407660401,0,0,39.52867347627701
2193,0.6283504915284489,18850.514745853467,23.759500191585392,15.0,2.4237217263764794,0,0,39.52867347627701
2194,0.6294755378008093,18884.26613402428,23.78173075326764,15.0,2.438873965545824,0,0,39.52867347627701
2195,0.6305982742978918,18917.948228936755,23.80862747392556,15.0,2.4572066352329482,0,0,39.52867347627701
2196,0.6317181934931352,18951.545804794056,23.84018238348037,15.0,2.4787143030721897,0,0,39.52867347627701
2197,0.6328347886948055,18985.043660844163,23.876386131531348,15.0,2.503390595877385,0,0,39.52867347627701
2198,0.6339475541961397,19018.42662588419,23.917227990126577,15.0,2.5312282015304044,0,0,39.52867347627701
2199,0.6350559854251979,19051.679562755937,23.96269585694197,15.0,2.5622188711479352,0,0,39.52867347627701
2200,0.6361595790943785,19084.787372831353,24.012776258867255,15.0,2.596353421525709,0,0,39.52867347627701
2201,0.637257833349553,19117.73500048659,24.067454355998542,15.0,2.633621737859776,0,0,39.52867347627701
2202,0.638350247918777,19150.507437563312,24.12671394603563,15.0,2.674012776743708,0,0,39.52867347627701
2203,0.6394363242605308,19183.089727815925,24.190537469083015,15.0,2.717514569440941,0,0,39.52867347627701
2204,0.6405155657114483,19215.46697134345,24.25890601285344,15.0,2.7641142254314888,0,0,39.52867347627701
2205,0.641587477633489,19247.62432900467,24.331799318271855,15.0,2.8137979362315613,0,0,39.52867347627701
2206,0.6426515675605102,19279.547026815308,24.409195785478666,15.0,2.8665509794853623,0,0,39.52867347627701
2207,0.6437073453441953,19311.220360325857,24.491072480230343,15.0,2.9223577233277194,0,0,39.52867347627701
2208,0.6447543232992943,19342.629698978828,24.577405140695152,15.0,2.9812016310159972,0,0,39.52867347627701
2209,0.6457920163481371,19373.760490444114,24.668168184642568,15.0,3.0430652658303696,0,0,39.52867347627701
2210,0.6468199421643718,19404.59826493115,24.76333471702389,15.0,3.1079302962407653,0,0,39.52867347627701
2211,0.6478376213158877,19435.128639476632,24.86287653794166,15.0,3.175777501338717,0,0,39.52867347627701
2212,0.6488445774068825,19465.337322206477,24.966764151006117,15.0,3.2465867765331486,0,0,39.52867347627701
2213,0.649840337219028,19495.21011657084,25.074966772075395,15.0,3.3203371395076022,0,0,39.52867347627701
2214,0.6508244308516951,19524.732925550852,25.18745233837762,15.0,3.3970067364378354,0,0,39.52867347627701
2215,0.6517963918611952,19553.891755835855,25.304187518011954,15.0,3.476572848467671,0,0,39.52867347627701
2216,0.652755757398998,19582.672721969942,25.425137719825223,15.0,3.559011898440877,0,0,39.52867347627701
2217,0.6537020683488837,19611.06205046651,25.550267103662406,15.0,3.64429945788783,0,0,39.52867347627701
2218,0.6546348694629878,19639.046083889632,25.679538590986464,15.0,3.732410254263942,0,0,39.52867347627701
2219,0.6555537094967021,19666.611284901064,25.812913875865902,15.0,3.823318178438729,0,0,39.52867347627701
2220,0.6564581413423882,19693.744240271648,25.950353436325212,15.0,3.916996292432233,0,0,39.52867347627701
2221,0.6573477221618642,19720.431664855925,26.09181654605657,15.0,4.013416837397614,0,0,39.52867347627701
2222,0.658222013517628,19746.66040552884,26.23726128648741,15.0,4.112551241846394,0,0,39.52867347627701
2223,0.6590805815027756,19772.41744508327,26.386644559202317,15.0,4.214370130115122,0,0,39.52867347627701
2224,0.659922996869577,19797.68990608731,26.539922098713568,15.0,4.31884333106973,0,0,39.52867347627701
2225,0.6607488351566718,19822.465054700155,26.69704848557814,15.0,4.425939887046014,0,0,39.52867347627701
2226,0.6615576768148458,19846.730304445373,26.85797715985667,15.0,4.535628063023195,0,0,39.52867347627701
2227,0.6623491073313528,19870.473219940584,27.022660434909778,15.0,4.647875356027422,0,0,39.52867347627701
2228,0.6631227173527439,19893.681520582315,27.191049511528842,15.0,4.762648504763235,0,0,39.52867347627701
2229,0.6638781028061671,19916.343084185013,27.363094492396463,15.0,4.87991349946975,0,0,39.52867347627701
2230,0.6646148650191037,19938.44595057311,27.53874439687171,15.0,4.9996355919982065,0,0,39.52867347627701
2231,0.6653326108375027,19959.97832512508,27.717947176096974,15.0,5.121779306108717,0,0,39.52867347627701
2232,0.6660309527422814,19980.928582268443,27.900649728421325,15.0,5.246308447982767,0,0,39.52867347627701
2233,0.6667095089641553,20001.285268924657,28.08679791513555,15.0,5.37318611694811,0,0,39.52867347627701
2234,0.6673679035967648,20021.037107902943,28.27633657651436,15.0,5.502374716413086,0,0,39.52867347627701
2235,0.6680057667080646,20040.173001241936,28.46920954816197,15.0,5.633835965007659,0,0,39.52867347627701
2236,0.6686227344499418,20058.682033498255,28.665359677654177,15.0,5.767530907926597,0,0,39.52867347627701
2237,0.6692184491660328,20076.553474980985,28.86472884147452,15.0,5.903419928473049,0,0,39.52867347627701
2238,0.6697925594977042,20093.776784931128,29.06725796223692,15.0,6.041462759797449,0,0,39.52867347627701
2239,0.6703447204881676,20110.34161464503,29.272887026191885,15.0,6.181618496829607,0,0,39.52867347627701
2240,0.6708745936846985,20126.237810540955,29.4815551010101,15.0,6.3238456083999495,0,0,39.52867347627701
2241,0.6713818472389267,20141.4554171678,29.693200353837476,15.0,6.468101949545748,0,0,39.52867347627701
2242,0.6718661560051699,20155.984680155096,29.907760069617844,15.0,6.6143447739997505,0,0,39.52867347627701
2243,0.672327201636782,20169.816049103458,30.125170669677004,15.0,6.762530746857015,0,0,39.52867347627701
2244,0.6727646726804855,20182.940180414564,30.345367730561886,15.0,6.912615957415549,0,0,39.52867347627701
2245,0.6731782646686623,20195.347940059866,30.56828600313128,15.0,7.064555932188482,0,0,39.52867347627701
2246,0.6735676802095735,20207.030406287206,30.79385943188997,15.0,7.218305648082092,0,0,39.52867347627701
2247,0.6739326290754838,20217.978872264513,31.022021174562646,15.0,7.373819545737307,0,0,39.52867347627701
2248,0.6742728282886612,20228.184848659836,31.252703621901006,15.0,7.531051543030115,0,0,39.52867347627701
2249,0.6745880022052303,20237.64006615691,31.485838417717183,15.0,7.689955048726242,0,0,39.52867347627701
2250,0.674877882596851,20246.33647790553,31.7213564791399,15.0,7.850482976287666,0,0,39.52867347627701
2251,0.6751422087302006,20254.266261906017,31.95918801708447,15.0,8.01258775782484,0,0,39.52867347627701
2252,0.6753807274442346,20261.421823327037,32.199262556933576,15.0,8.17622135819262,0,0,39.52867347627701
2253,0.6755931932252037,20267.795796756112,32.44150895941963,15.0,8.34133528922358,0,0,39.52867347627701
2254,0.6757793682794052,20273.381048382158,32.68585544170566,15.0,8.50788062409664,0,0,39.52867347627701
2255,0.6759390226036459,20278.170678109378,32.93222959865535,15.0,8.6758080118346,0,0,39.52867347627701
2256,0.6760719340533974,20282.15802160192,33.18055842428899,15.0,8.845067691928442,0,0,39.52867347627701
2257,0.676177888408622,20285.336652258662,33.43076833341608,15.0,9.015609509081958,0,0,39.52867347627701
2258,0.6762566794372512,20287.700383117535,33.68278518344047,15.0,9.187382928074065,0,0,39.52867347627701
2259,0.6763081089562961,20289.243268688882,33.936534296330734,15.0,9.36033704873368,0,0,39.52867347627701
2260,0.6763319868905737,20289.959606717213,34.191940480748265,15.0,9.534420621022125,0,0,39.52867347627701
2261,0.6763281313290305,20289.843939870912,34.4489280543284,15.0,9.709582060219834,0,0,39.52867347627701
2262,0.6762963685786454,20288.89105735936,34.70742086610704,15.0,9.885769462212217,0,0,39.52867347627701
2263,0.6762365332159006,20287.09599647702,34.96734231908523,15.0,10.062930618869554,0,0,39.52867347627701
2264,0.6761484681357991,20284.454044073973,35.22861539292678,15.0,10.24101303351761,0,0,39.52867347627701
2265,0.6760320245984179,20280.960737952537,35.49116266678128,15.0,10.419963936493659,0,0,39.52867347627701
2266,0.6758870622729837,20276.61186818951,35.75490634222536,15.0,10.599730300783149,0,0,39.52867347627701
2267,0.6757134492794554,20271.40347838366,36.01976826631572,15.0,10.780258857732516,0,0,39.52867347627701
2268,0.6755110622276034,20265.331866828103,36.28566995474827,15.0,10.96149611283436,0,0,39.52867347627701
2269,0.6752797862535724,20258.393587607174,36.55253261511389,15.0,11.143388361578427,0,0,39.52867347627701
2270,0.6750195150539184,20250.585451617553,36.82027717024717,15.0,11.325881705366005,0,0,39.52867347627701
2271,0.6747301509171084,20241.904527513252,37.08882428165791,15.0,11.508922067480725,0,0,39.52867347627701
2272,0.6744116047524746,20232.34814257424,37.35809437304114,15.0,11.692455209112882,0,0,39.52867347627701
2273,0.6740637961166138,20221.913883498415,37.62800765385772,15.0,11.876426745431797,0,0,39.52867347627701
2274,0.6736866532372244,20210.599597116732,37.89848414297721,15.0,12.060782161700747,0,0,39.52867347627701
2275,0.6732801130343745,20198.403391031236,38.169443692378415,15.0,12.245466829431098,0,0,39.52867347627701
2276,0.6728441211391936,20185.323634175806,38.44080601089928,15.0,12.43042602257014,0,0,39.52867347627701
2277,0.672378631909983,20171.35895729949,38.71249068802824,15.0,12.615604933717117,0,0,39.52867347627701
2278,0.6718836084457409,20156.508253372227,38.9844172177319,15.0,12.800948690364095,0,0,39.52867347627701
2279,0.6713590225970969,20140.770677912908,39.2565050223111,15.0,12.986402371156082,0,0,39.52867347627701
2280,0.6708048549746527,20124.14564923958,39.528673476276985,15.0,13.171911022164895,0,0,39.52867347627701
2281,0.670221094954728,20106.632848641842,39.800841930242974,15.0,13.35741967317378,0,0,39.52867347627701
2282,0.6696077406825091,20088.23222047527,40.07292973482206,15.0,13.542873353965692,0,0,39.52867347627701
2283,0.6689647990725972,20068.943972177916,40.34485626452573,15.0,13.728217110612672,0,0,39.52867347627701
2284,0.6682922858069608,20048.76857420882,40.61654094165469,15.0,13.913396021759645,0,0,39.52867347627701
2285,0.6675902253302878,20027.706759908633,40.88790326017555,15.0,14.098355214898689,0,0,39.52867347627701
2286,0.6668586508427428,20005.759525282283,41.15886280957676,15.0,14.283039882629042,0,0,39.52867347627701
2287,0.6660976042901284,19982.928128703854,41.42933929869624,15.0,14.467395298897992,0,0,39.52867347627701
2288,0.6653071363514564,19959.214090543694,41.69925257951282,15.0,14.651366835216907,0,0,39.52867347627701
2289,0.6644873064239302,19934.619192717906,41.968522670896064,15.0,14.834899976849062,0,0,39.52867347627701
2290,0.6636381826053441,19909.145478160324,42.237069782306804,15.0,15.017940338963786,0,0,39.52867347627701
2291,0.6627598416739046,19882.795250217136,42.50481433743996,15.0,15.200433682751285,0,0,39.52867347627701
2292,0.661852369065479,19855.57107196437,42.7716769978057,15.0,15.382325931495426,0,0,39.52867347627701
2293,0.6609158588482799,19827.475765448395,43.03757868623824,15.0,15.563563186597271,0,0,39.52867347627701
2294,0.6599504136949894,19798.512410849682,43.30244061032861,15.0,15.74409174354664,0,0,39.52867347627701
2295,0.658956144852336,19768.68434557008,43.566184285772685,15.0,15.923858107836129,0,0,39.52867347627701
2296,0.6579331721081292,19737.995163243875,43.828731559627194,15.0,16.10280901081218,0,0,39.52867347627701
2297,0.6568816237557641,19706.448712672922,44.090004633468844,15.0,16.28089142546031,0,0,39.52867347627701
2298,0.6558016365562053,19674.049096686158,44.349926086446935,15.0,16.458052582117574,0,0,39.52867347627701
2299,0.6546933556974613,19640.80067092384,44.60841889822558,15.0,16.634239984109957,0,0,39.52867347627701
2300,0.653556934751563,19606.70804254689,44.8654064718057,15.0,16.809401423307662,0,0,39.52867347627701
2301,0.6523925356290557,19571.776068871673,45.12081265622324,15.0,16.98348499559611,0,0,39.52867347627701
2302,0.6512003285310229,19536.00985593069,45.3745617691134,15.0,17.156439116255655,0,0,39.52867347627701
2303,0.6499804918986513,19499.414756959537,45.62657861913789,15.0,17.328212535247832,0,0,39.52867347627701
2304,0.6487332123603542,19461.996370810626,45.87678852826498,15.0,17.49875435240135,0,0,39.52867347627701
2305,0.6474586846764712,19423.760540294134,46.12511735389852,15.0,17.66801403249512,0,0,39.52867347627701
2306,0.6461571116815547,19384.71335044664,46.37149151084831,15.0,17.835941420233148,0,0,39.52867347627701
2307,0.644828704224267,19344.86112672801,46.61583799313435,15.0,18.00248675510621,0,0,39.52867347627701
2308,0.6434736811049004,19304.210433147015,46.858084395620395,15.0,18.16760068613717,0,0,39.52867347627701
2309,0.6420922690105427,19262.76807031628,47.0981589354695,15.0,18.33123428650495,0,0,39.52867347627701
2310,0.6406847024479038,19220.541073437114,47.33599047341417,15.0,18.493339068042193,0,0,39.52867347627701
2311,0.6392512236738276,19177.536710214827,47.571508534836795,15.0,18.653866995603547,0,0,39.52867347627701
2312,0.6377920826235053,19133.762478705157,47.804643330653064,15.0,18.812770501299745,0,0,39.52867347627701
2313,0.6363075368364143,19089.226105092428,48.035325777991325,15.0,18.970002498592486,0,0,39.52867347627701
2314,0.634797851380004,19043.93554140012,48.2634875206641,15.0,19.125516396247765,0,0,39.52867347627701
2315,0.6332632987711502,18997.898963134507,48.4890609494227,15.0,19.27926611214131,0,0,39.52867347627701
2316,0.6317041588954029,18951.124766862085,48.711979221991996,15.0,19.431206086914184,0,0,39.52867347627701
2317,0.6301207189240494,18903.621567721482,48.932176282876966,15.0,19.581291297472777,0,0,39.52867347627701
2318,0.6285132732290204,18855.39819687061,49.149586882936134,15.0,19.729477270330044,0,0,39.52867347627701
2319,0.6268821232956598,18806.463698869797,49.3641465987165,15.0,19.87572009478405,0,0,39.52867347627701
2320,0.6252275776333901,18756.827329001702,49.57579185154388,15.0,20.01997643592984,0,0,39.52867347627701
2321,0.6235499516842918,18706.498550528755,49.78445992636209,15.0,20.162203547500187,0,0,39.52867347627701
2322,0.6218495677296336,18655.48703188901,49.990088990317055,15.0,20.302359284532344,0,0,39.52867347627701
2323,0.6201267547943721,18603.80264383116,50.19261811107947,15.0,20.440402115856745,0,0,39.52867347627701
2324,0.6183818485496544,18551.45545648963,50.39198727489972,15.0,20.576291136403146,0,0,39.52867347627701
2325,0.6166151912133527,18498.45573640058,50.58813740439201,15.0,20.70998607932214,0,0,39.52867347627701
2326,0.6148271314486566,18444.8139434597,50.781010376039625,15.0,20.841447327916708,0,0,39.52867347627701
2327,0.6130180242607575,18390.540727822725,50.97054903741844,15.0,20.970635927381686,0,0,39.52867347627701
2328,0.6111882308916522,18335.646926749567,51.156697224132664,15.0,21.09751359634703,0,0,39.52867347627701
2329,0.6093381187130996,18280.14356139299,51.339399776457014,15.0,21.22204273822108,0,0,39.52867347627701
2330,0.6074680611177604,18224.041833532814,51.51860255568235,15.0,21.344186452331645,0,0,39.52867347627701
2331,0.6055784374085528,18167.353122256583,51.694252460157514,15.0,21.46390854486005,0,0,39.52867347627701
2332,0.6036696326862565,18110.088980587694,51.86629744102514,15.0,21.581173539566564,0,0,39.52867347627701
2333,0.6017420377353996,18052.261132061987,52.034686517644204,15.0,21.695946688302378,0,0,39.52867347627701
2334,0.5997960489084602,17993.881467253806,52.199369792697325,15.0,21.80819398130661,0,0,39.52867347627701
2335,0.5978320680084194,17934.96204025258,52.36029846697578,15.0,21.917882157283742,0,0,39.52867347627701
2336,0.595850502169697,17875.515065090913,52.517424853840424,15.0,22.02497871326007,0,0,39.52867347627701
2337,0.5938517637375108,17815.552912125324,52.670702393351675,15.0,22.129451914214677,0,0,39.52867347627701
2338,0.5918362701456875,17755.088104370625,52.82008566606652,15.0,22.231270802483365,0,0,39.52867347627701
2339,0.5898044437929699,17694.133313789098,52.96553040649742,15.0,22.33040520693219,0,0,39.52867347627701
2340,0.5877567119178502,17632.701357535505,53.106993516228776,15.0,22.42682575189757,0,0,39.52867347627701
2341,0.58569350647197,17570.8051941591,53.2444330766881,15.0,22.520503865891072,0,0,39.52867347627701
2342,0.583615263992124,17508.45791976372,53.377808361567524,15.0,22.611411790065866,0,0,39.52867347627701
2343,0.5815224254709046,17445.67276412714,53.507079848891635,15.0,22.699522586442015,0,0,39.52867347627701
2344,0.5794154362260262,17382.463086780786,53.63220923272877,15.0,22.784810145888926,0,0,39.52867347627701
2345,0.577294745768368,17318.84237305104,53.75315943454209,15.0,22.86724919586217,0,0,39.52867347627701
2346,0.5751608076687744,17254.824230063234,53.869894614176374,15.0,22.946815307891974,0,0,39.52867347627701
2347,0.573014079423652,17190.42238270956,53.9823801804786,15.0,23.0234849048222,0,0,39.52867347627701
2348,0.5708550223194032,17125.650669582097,54.09058280154788,15.0,23.09723526779666,0,0,39.52867347627701
2349,0.568684101295738,17060.52303887214,54.1944704146123,15.0,23.168044542991062,0,0,39.52867347627701
2350,0.5665017848079011,16995.053544237035,54.294012235530104,15.0,23.235891748089042,0,0,39.52867347627701
2351,0.5643085446878598,16929.256340635795,54.38917876791143,15.0,23.300756778499437,0,0,39.52867347627701
2352,0.5621048560044891,16863.145680134672,54.47994181185884,15.0,23.362620413313813,0,0,39.52867347627701
2353,0.5598911969227987,16796.73590768396,54.56627447232366,15.0,23.42146432100209,0,0,39.52867347627701
2354,0.5576680485622427,16730.041456867282,54.64815116707534,15.0,23.477271064844444,0,0,39.52867347627701
2355,0.5554358948541532,16663.076845624597,54.72554763428214,15.0,23.53002410809825,0,0,39.52867347627701
2356,0.5531952223983413,16595.856671950238,54.798440939700555,15.0,23.57970781889832,0,0,39.52867347627701
2357,0.5509465203189065,16528.395609567193,54.86680948347096,15.0,23.626307474888854,0,0,39.52867347627701
2358,0.5486902801192993,16460.70840357898,54.93063300651837,15.0,23.669809267586103,0,0,39.52867347627701
2359,0.5464269955366784,16392.809866100353,54.98989259655546,15.0,23.710200306470036,0,0,39.52867347627701
2360,0.5441571623956045,16324.714871868135,55.04457069368675,15.0,23.747468622804103,0,0,39.52867347627701
2361,0.5418812784611177,16256.438353833531,55.094651095612065,15.0,23.781603173181892,0,0,39.52867347627701
2362,0.5395998432912389,16187.995298737167,55.14011896242742,15.0,23.81259384279941,0,0,39.52867347627701
2363,0.5373133580889398,16119.400742668193,55.18096082102268,15.0,23.840431448452435,0,0,39.52867347627701
2364,0.5350223255536255,16050.669766608766,55.21716456907363,15.0,23.865107741257624,0,0,39.52867347627701
2365,0.5327272497321744,15981.817491965232,55.248719478628445,15.0,23.88661540909687,0,0,39.52867347627701
2366,0.5304286358695774,15912.859076087325,55.27561619928637,15.0,23.904948078783992,0,0,39.52867347627701
2367,0.5281269902592239,15843.809707776718,55.29784676096862,15.0,23.920100317953334,0,0,39.52867347627701
2368,0.525822820092875,15774.68460278625,55.315404576279974,15.0,23.932067636669416,0,0,39.52867347627701
2369,0.5235166333103726,15705.498999311178,55.32828444246084,15.0,23.940846488757412,0,0,39.52867347627701
2370,0.5212089384491253,15636.26815347376,55.33648254292889,15.0,23.946434272854,0,0,39.52867347627701
2371,0.5189002444934182,15567.007334802545,55.339996448410034,15.0,23.948829333178153,0,0,39.52867347627701
2372,0.5165910607235894,15497.73182170768,55.33882511765824,15.0,23.948030960021804,0,0,39.52867347627701
2373,0.5142818965651196,15428.456896953587,55.332968897764076,15.0,23.944039389960153,0,0,39.52867347627701
2374,0.5119732614376783,15359.197843130349,55.322429524051906,15.0,23.936855805781555,0,0,39.52867347627701
2375,0.5096656646041716,15289.969938125148,55.307210119565596,15.0,23.92648233613703,0,0,39.52867347627701
2376,0.5073596150198367,15220.788450595102,55.287315194143176,15.0,23.912922054909522,0,0,39.52867347627701
2377,0.5050556211814277,15151.66863544283,55.262750643080416,15.0,23.896178980303006,0,0,39.52867347627701
2378,0.5027541909765363,15082.625729296089,55.233523745383934,15.0,23.876258073651833,0,0,39.52867347627701
2379,0.5004558315330948,15013.674945992845,55.199643161614276,15.0,23.853165237950584,0,0,39.52867347627701
2380,0.49816104906910236,14944.83147207307,55.161118931319656,15.0,23.82690731610485,0,0,39.52867347627701
2381,0.4958703487426219,14876.110462278657,55.11796247006087,15.0,23.79749208890356,0,0,39.52867347627701
2382,0.49358423450209105,14807.52703506273,55.07018656602884,15.0,23.764928272713384,0,0,39.52867347627701
2383,0.491303208936991,14739.09626810973,55.01780537625497,15.0,23.729225516895823,0,0,39.52867347627701
2384,0.4890277731289188,14670.833193867564,54.9608344224163,15.0,23.690394400947966,0,0,39.52867347627701
2385,0.4867584265031057,14602.75279509317,54.89929058623599,15.0,23.648446431367528,0,0,39.52867347627701
2386,0.4844956666804269,14534.870000412806,54.83319210448089,15.0,23.603394038243174,0,0,39.52867347627701
2387,0.4822399893299455,14467.199679898366,54.76255856355769,15.0,23.55525057157131,0,0,39.52867347627701
2388,0.4799918880220356,14399.756640661068,54.687410893709,15.0,23.504030297300154,0,0,39.52867347627701
2389,0.47775185408212606,14332.555622463782,54.607771362811135,15.0,23.449748393102364,0,0,39.52867347627701
2390,0.4755203764451107,14265.61129335332,54.523663569775934,15.0,23.39242094387769,0,0,39.52867347627701
2391,0.47329794151046595,14198.938245313979,54.43511243755761,15.0,23.33206493698652,0,0,39.52867347627701
2392,0.47108503299812055,14132.550989943617,54.34214420576776,15.0,23.268698257216304,0,0,39.52867347627701
2393,0.46888213180511856,14066.463954153556,54.244786422899914,15.0,23.202339681481853,0,0,39.52867347627701
2394,0.4666897158631194,14000.691475893582,54.14306793816622,15.0,23.13300887326124,0,0,39.52867347627701
2395,0.4645082599967763,13935.247799903289,54.03701889294904,15.0,23.06072637676928,0,0,39.52867347627701
2396,0.4623382357830357,13870.14707349107,53.926670711869114,15.0,22.985513610869603,0,0,39.52867347627701
2397,0.4601801114113984,13805.403342341953,53.81205609347411,15.0,22.907392862728038,0,0,39.52867347627701
2398,0.4580343515451854,13741.030546355561,53.69320900054893,15.0,22.826387281208177,0,0,39.52867347627701
2399,0.45590141718384775,13677.042515515432,53.57016465005225,15.0,22.74252087001212,0,0,39.52867347627701
2400,0.45378176552636257,13613.452965790877,53.44295950268052,15.0,22.655818480567447,0,0,39.52867347627701
2401,0.4516758498357553,13550.27549507266,53.31163125206435,15.0,22.566305804663397,0,0,39.52867347627701
2402,0.449584119304788,13487.523579143639,53.17621881359856,15.0,22.47400936683761,0,0,39.52867347627701
2403,0.4475070189228535,13425.210567685604,53.03676231291117,15.0,22.37895651651657,0,0,39.52867347627701
2404,0.445444989344116,13363.349680323481,52.89330307397311,15.0,22.28117541991128,0,0,39.52867347627701
2405,0.4433984667569354,13301.954002708062,52.745883606852864,15.0,22.180695051670867,0,0,39.52867347627701
2406,0.44136788275461525,13241.036482638458,52.59454759512017,15.0,22.07754518629703,0,0,39.52867347627701
2407,0.4393536642075125,13180.609926225374,52.439339882901464,15.0,21.971756389321072,0,0,39.52867347627701
2408,0.43735623313654637,13120.686994096392,52.280306461591415,15.0,21.863360008246573,0,0,39.52867347627701
2409,0.43537600658814485,13061.280197644346,52.11749445622503,15.0,21.75238816326066,0,0,39.52867347627701
2410,0.43341339651066446,13002.401895319934,51.950952111513345,15.0,21.638873737716022,0,0,39.52867347627701
2411,0.43146880963232115,12944.064288969634,51.78072877754732,15.0,21.52285036838675,0,0,39.52867347627701
2412,0.42954264734066794,12886.279420220038,51.60687489517444,15.0,21.40435243550111,0,0,39.52867347627701
2413,0.4276353055636554,12829.059166909663,51.429441981052285,15.0,21.28341505255411,0,0,39.52867347627701
2414,0.4257471746523093,12772.41523956928,51.24848261238247,15.0,21.160074055902264,0,0,39.52867347627701
2415,0.4238786392650613,12716.35917795184,51.0640504113315,15.0,21.034365994144892,0,0,39.52867347627701
2416,0.42203007825376637,12660.902347612991,50.876200029140776,15.0,20.906328117293597,0,0,39.52867347627701
2417,0.4202018645514409,12606.055936543225,50.684987129932765,15.0,20.775998365734623,0,0,39.52867347627701
2418,0.4183943650617542,12551.830951852626,50.49046837421628,15.0,20.643415358986154,0,0,39.52867347627701
2419,0.41660794055030764,12498.23821650923,50.29270140209654,15.0,20.508618384254362,0,0,39.52867347627701
2420,0.4148429455377317,12445.288366131952,50.091744816195636,15.0,20.37164738479207,0,0,39.52867347627701
2421,0.4130997281946337,12392.991845839011,49.887658164287046,15.0,20.23254294806255,0,0,39.52867347627701
2422,0.41137863023842747,12341.358907152824,49.68050192165012,15.0,20.091346293712412,0,0,39.52867347627701
2423,0.4096799868320753,12290.399604962258,49.47033747315051,15.0,19.948099261357733,0,0,39.52867347627701
2424,0.4080041264847716,12240.123794543148,49.257227095049856,15.0,19.8028442981856,0,0,39.52867347627701
2425,0.4063513709545988,12190.541128637964,49.04123393655257,15.0,19.65562444637652,0,0,39.52867347627701
2426,0.4047220351531833,12141.661054595499,48.82242200109313,15.0,19.506483330349916,0,0,39.52867347627701
2427,0.40311642705238043,12093.492811571414,48.60085612737018,15.0,19.35546514383706,0,0,39.52867347627701
2428,0.4015348475930158,12046.045427790474,48.37660197013407,15.0,19.20261463678599,0,0,39.52867347627701
2429,0.3988540574788608,11965.621724365825,48.14972598073119,15.0,19.047977102100603,1,0,39.52867347627701
2430,0.3961684104793242,11885.052314379727,48.46943442851367,15.0,18.891598362219902,2,0,43.52867347627701
2431,0.3932867347857372,11798.602043572117,54.526201910610844,15.0,18.733524755539317,3,0,43.52867347627701
2432,0.39036972060448205,11711.091618134462,55.76411585055112,15.0,18.57380312268014,4,0,43.52867347627701
2433,0.38741740567032407,11622.522170109722,57.0026977229237,15.0,18.412480792609138,5,0,43.52867347627701
2434,0.38442984045096285,11532.895213528886,58.24151233240707,15.0,18.24960556861446,6,0,43.52867347627701
2435,0.3814070881813375,11442.212645440126,59.480122936920324,15.0,18.085225714139977,7,0,43.52867347627701
2436,0.3783492248811364,11350.476746434093,60.718091767404225,15.0,17.919389938484244,8,0,43.52867347627701
2437,0.3752563393551068,11257.690180653204,61.95498055989363,15.0,17.752147382366694,9,0,43.52867347627701
2438,0.3721285331757818,11163.855995273454,63.190351099208684,15.0,17.583547603365947,10,0,43.52867347627701
2439,0.3689659206482659,11068.977619447976,64.42376577355412,15.0,17.413640561235276,11,0,43.52867347627701
2440,0.3657686287567445,10973.058862702335,65.6547881392774,15.0,17.242476603098225,12,0,43.52867347627701
2441,0.3625367970924098,10876.103912772294,66.88298349500444,15.0,17.070106448529472,13,0,43.52867347627701
2442,0.35927057776252075,10778.117332875623,68.10791946433984,15.0,16.896581174525945,14,0,43.52867347627701
2443,0.3559701352803452,10679.104058410356,69.32916658628272,15.0,16.721952200371376,15,0,43.52867347627701
2444,0.3526356464357584,10579.069393072752,70.54629891248291,15.0,16.546271272399537,16,0,43.52867347627701
2445,0.34926730014630547,10478.019004389163,71.75889461043585,15.0,16.36959044866083,17,0,43.52867347627701
2446,0.34586529728856213,10375.958918656865,72.9665365716858,15.0,16.19196208349655,18,0,43.52867347627701
2447,0.3424298505096645,10272.895515289936,74.16881302408368,15.0,16.01343881202468,19,0,43.52867347627701
2448,0.3389611840189054,10168.835520567161,75.36531814712991,15.0,15.83407353454356,20,0,43.52867347627701
2449,0.33545953335933276,10063.786000779983,76.55565268940545,15.0,15.653919400855772,21,0,43.52867347627701
2450,0.331925145159316,9957.75435477948,77.73942458708792,15.0,15.47302979451925,22,0,43.52867347627701
2451,0.32835827686408053,9850.748305922416,78.91624958252649,15.0,15.291458317028347,23,0,43.52867347627701
2452,0.32475919644724616,9742.775893417385,80.08575184184511,15.0,15.109258771930321,24,0,43.52867347627701
2453,0.32112818210243776,9633.845463073132,81.24756457053475,15.0,14.926485148882652,25,0,43.52867347627701
2454,0.3174655219150729,9523.965657452187,82.40133062598562,15.0,14.743191607654499,26,0,43.52867347627701
2455,0.3137715135144657,9413.14540543397,83.54670312591266,15.0,14.55943246207778,27,0,43.52867347627701
2456,0.3100831591514311,9302.494774542933,84.68334605162786,15.0,13.27439881357978,28,0,43.52867347627701
2457,0.30643977462610916,9193.193238783275,85.7943577889406,15.0,10.835579505574586,29,0,43.52867347627701
2458,0.3028408219953917,9085.224659861751,86.8622527954398,15.0,8.456066069959505,30,0,43.52867347627701
2459,0.29928576956072006,8978.573086821601,87.88779486938282,15.0,6.1349010489581985,31,0,43.52867347627701
2460,0.29577409179271064,8873.22275378132,88.87175273394368,15.0,3.8711243079155366,32,0,43.52867347627701
2461,0.29230526925674805,8769.158077702441,89.81489972116876,15.0,1.6637733242070851,33,0,43.52867347627701
2462,0.28887878853953275,8666.363656185982,90.22989693242928,15.0,0.0,34,0,43.52867347627701
2463,0.2854941421765741,8564.824265297222,88.99636387423178,15.0,0.0,35,0,43.52867347627701
2464,0.28215082858061535,8464.52485741846,87.77789118356668,15.0,0.0,36,0,43.52867347627701
2465,0.2788483519709813,8365.450559129438,86.57429828902153,15.0,0.0,37,0,43.52867347627701
2466,0.275586222303836,8267.58666911508,85.38540670955328,15.0,0.0,38,0,43.52867347627701
2467,0.2723639552033409,8170.918656100227,84.21104002938097,15.0,0.0,39,0,43.52867347627701
2468,0.2691810718937018,8075.432156811053,83.05102387320272,15.0,0.0,40,0,43.52867347627701
2469,0.26603709913209406,7981.112973962822,81.90518588173263,15.0,0.0,41,0,43.52867347627701
2470,0.26293156914245636,7887.94707427369,80.77335568755387,15.0,0.0,42,0,43.52867347627701
2471,0.25986401955014055,7795.920586504216,79.65536489128428,15.0,0.0,43,0,43.52867347627701
2472,0.25683399331740964,7705.01979952229,78.5510470380506,15.0,0.0,44,0,43.52867347627701
2473,0.25384103867977215,7615.231160393164,77.46023759426748,15.0,0.0,45,0,43.52867347627701
2474,0.25088470908314253,7526.541272494276,76.38277392471795,15.0,0.0,46,0,43.52867347627701
2475,0.24796456312181905,7438.936893654572,75.31849526993132,15.0,0.0,47,0,43.52867347627701
2476,0.24508016447726735,7352.40493431802,74.26724272385486,15.0,0.0,48,0,43.52867347627701
2477,0.2422310818577013,7266.932455731039,73.22885921181624,15.0,0.0,49,0,43.52867347627701
2478,0.23941688893845073,7182.506668153522,72.20318946877248,15.0,0.0,50,0,43.52867347627701
2479,0.23663716430310625,7099.114929093187,71.19008001784226,15.0,0.0,51,0,43.52867347627701
2480,0.23389149138543214,7016.744741562964,70.18937914911825,15.0,0.0,52,0,43.52867347627701
2481,0.23117945841203755,6935.383752361126,69.20093689875557,15.0,0.0,53,0,43.52867347627701
2482,0.22850065834579644,6855.019750373894,68.22460502833351,15.0,0.0,54,0,43.52867347627701
2483,0.2258546888300076,6775.640664900227,67.26023700448673,15.0,0.0,55,0,43.52867347627701
2484,0.2232411521332847,6697.234563998541,66.30768797880273,15.0,0.0,56,0,43.52867347627701
2485,0.22065965509516836,6619.789652855051,65.36681476798249,15.0,0.0,57,0,43.52867347627701
2486,0.21810980907245037,6543.294272173511,64.43747583426061,15.0,0.0,58,0,43.52867347627701
2487,0.2155912298862014,6467.736896586042,63.519531266082126,15.0,0.0,59,0,43.52867347627701
2488,0.2131035377694938,6393.106133084814,62.612842759032496,15.0,0.0,60,0,43.52867347627701
2489,0.2106463573158101,6319.390719474303,61.717273597017765,15.0,0.0,61,0,43.52867347627701
2490,0.20821931742812924,6246.579522843877,60.83268863369164,15.0,0.0,62,0,43.52867347627701
2491,0.2058220512686813,6174.661538060439,59.958954274126526,15.0,0.0,63,0,43.52867347627701
2492,0.20345419620936298,6103.625886280889,59.09593845672527,15.0,0.0,64,0,43.52867347627701
2493,0.20111539378280488,6033.461813484147,58.24351063537067,15.0,0.0,65,0,43.52867347627701
2494,0.19880528963408273,5964.158689022482,57.40154176180976,15.0,0.0,66,0,43.52867347627701
2495,0.1965235334730637,5895.706004191911,56.56990426826978,15.0,0.0,67,0,43.52867347627701
2496,0.19426977902738077,5828.093370821423,55.74847205030293,15.0,0.0,68,0,43.52867347627701
2497,0.19204368399602575,5761.3105198807725,54.93712044985708,15.0,0.0,69,0,43.52867347627701
2498,0.1898449100035542,5695.347300106626,54.13572623856927,15.0,0.0,70,0,43.52867347627701
2499,0.18767312255489352,5630.193676646805,53.34416760127951,15.0,0.0,71,0,43.52867347627701
2500,0.1855279909907469,5565.839729722407,52.56232411976166,15.0,0.0,72,0,43.52867347627701
2501,0.18340918844358517,5502.275653307555,51.790076756668896,15.0,0.0,73,0,43.52867347627701
2502,0.18131639179421888,5439.491753826566,51.027307839690664,15.0,0.0,74,0,43.52867347627701
2503,0.17924928162894302,5377.478448868291,50.27390104591879,15.0,0.0,75,0,43.52867347627701
2504,0.17720754219724744,5316.226265917423,49.52974138641948,15.0,0.0,76,0,43.52867347627701
2505,0.17519086137008422,5255.725841102527,48.79471519100908,15.0,0.0,77,0,43.52867347627701
2506,0.17319893059868638,5195.967917960591,48.06871009323032,15.0,0.0,78,0,43.52867347627701
2507,0.17123144487392888,5136.943346217867,47.351615015527095,15.0,0.0,79,0,43.52867347627701
2508,0.16928810268622646,5078.643080586794,46.6433201546144,15.0,0.0,80,0,43.52867347627701
2509,0.1673686059859594,5021.058179578782,45.94371696704153,15.0,0.0,81,0,43.52867347627701
2510,0.16547266014442172,4964.179804332652,45.252698154945385,15.0,0.0,82,0,43.52867347627701
2511,0.16359997391528375,4907.999217458512,44.57015765199182,15.0,0.0,83,0,43.52867347627701
2512,0.16175025939656265,4852.507781896879,43.89599060950215,15.0,0.0,84,0,43.52867347627701
2513,0.15992323199309405,4797.696959792822,43.230093382762554,15.0,0.0,85,0,43.52867347627701
2514,0.15811861037949762,4743.558311384929,42.572363517513864,15.0,0.0,86,0,43.52867347627701
2515,0.15633611646363024,4690.083493908907,41.922699736619144,15.0,0.0,87,0,43.52867347627701
2516,0.1545754753505202,4637.264260515605,41.28100192690689,15.0,0.0,88,0,43.52867347627701
2517,0.1528364153067752,4585.092459203256,40.64717112618727,15.0,0.0,89,0,43.52867347627701
2518,0.1511186677254588,4533.560031763764,40.021109510439075,15.0,0.0,90,0,43.52867347627701
2519,0.14942196709142724,4482.659012742817,39.40272038116517,15.0,0.0,91,0,43.52867347627701
2520,0.1477460509471221,4432.381528413663,38.791908152913805,15.0,0.0,92,0,43.52867347627701
2521,0.1460906598588109,4382.719795764327,38.18857834096396,15.0,0.0,93,0,43.52867347627701
2522,0.1444555373832704,4333.666121498112,37.59263754917192,15.0,0.0,94,0,43.52867347627701
2523,0.14284043003490593,4285.212901047178,37.00399345797735,15.0,0.0,95,0,43.52867347627701
2524,0.14124508725330073,4237.352617599022,36.42255481256614,15.0,0.0,96,0,43.52867347627701
2525,0.1396692613711893,4190.077841135679,35.848231411188266,15.0,0.0,97,0,43.52867347627701
2526,0.13811270758284874,4143.381227485463,35.28093409362814,15.0,0.0,98,0,43.52867347627701
2527,0.13657518391290227,4097.255517387068,34.72057472982555,15.0,0.0,99,0,43.52867347627701
2528,0.1350564511855284,4051.693535565852,34.16706620864481,15.0,0.0,100,0,43.52867347627701
2529,0.13355627299407122,4006.6881898221363,33.620322426790224,15.0,0.0,101,0,43.52867347627701
2530,0.13207441567104453,3962.232470131336,33.08025827786564,15.0,0.0,102,0,43.52867347627701
2531,0.13061064825852545,3918.319447755763,32.54678964157603,15.0,0.0,103,0,43.52867347627701
2532,0.12916474247893087,3874.9422743679256,32.01983337306916,15.0,0.0,104,0,43.52867347627701
2533,0.12773647270617186,3832.0941811851562,31.49930729241511,15.0,0.0,105,0,43.52867347627701
2534,0.12632561593718028,3789.7684781154085,30.985130174221872,15.0,0.0,106,0,43.52867347627701
2535,0.12493195176380174,3747.9585529140522,30.4772217373849,15.0,0.0,107,0,43.52867347627701
2536,0.12355526234505036,3706.657870351511,29.97550263496863,15.0,0.0,108,0,43.52867347627701
2537,0.12219533237971923,3665.859971391577,29.47989444421813,15.0,0.0,109,0,43.52867347627701
2538,0.12085194907934158,3625.558472380247,28.990319656698922,15.0,0.0,110,0,43.52867347627701
2539,0.11952490214149747,3585.747064244924,28.506701668562968,15.0,0.0,111,0,43.52867347627701
2540,0.11821398372346084,3546.4195117038253,28.02896477093909,15.0,0.0,112,0,43.52867347627701
2541,0.1169189884161816,3507.569652485448,27.55703414044591,15.0,0.0,113,0,43.52867347627701
2542,0.1156397132185979,3469.191396557937,27.090835829825373,15.0,0.0,114,0,43.52867347627701
2543,0.11437595751227357,3431.2787253682072,26.630296758695245,15.0,0.0,115,0,43.52867347627701
2544,0.11312752303635569,3393.8256910906707,26.175344704418485,15.0,0.0,116,0,43.52867347627701
2545,0.11189421386284741,3356.826415885422,25.725908293088047,15.0,0.0,117,0,43.52867347627701
2546,0.11067583637219124,3320.275091165737,25.28191699062507,15.0,0.0,118,0,43.52867347627701
2547,0.10947219922915803,3284.165976874741,24.84330109398885,15.0,0.0,119,0,43.52867347627701
2548,0.10828311335903679,3248.4934007711036,24.40999172249689,15.0,0.0,120,0,43.52867347627701
2549,0.10710839192412076,3213.251757723623,23.981920809253246,15.0,0.0,121,0,43.52867347627701
2550,0.10594785030048524,3178.4355090145573,23.55902109268348,15.0,0.0,122,0,43.52867347627701
2551,0.10480130605505222,3144.0391816515667,23.141226108174685,15.0,0.0,123,0,43.52867347627701
2552,0.10366857892293777,3110.057367688133,22.728470179818803,15.0,0.0,124,0,43.52867347627701
2553,0.10254949078507734,3076.4847235523202,22.320688412257596,15.0,0.0,125,0,43.52867347627701
2554,0.10144386564612473,3043.315969383742,21.917816682627848,15.0,0.0,126,0,43.52867347627701
2555,0.1003515296126204,3010.545888378612,21.519791632604907,15.0,0.0,127,0,43.52867347627701
2556,0.09927231087142463,2978.169326142739,21.126550660543344,15.0,0.0,128,0,43.52867347627701
2557,0.0982060396684115,2946.181190052345,20.738031913712867,15.0,0.0,129,0,43.52867347627701
2558,0.09715254828741919,2914.5764486225758,20.354174280628136,15.0,0.0,130,0,43.52867347627701
2559,0.09611167102945287,2883.350130883586,19.97491738347091,15.0,0.0,131,0,43.52867347627701
2560,0.0950832441921355,2852.497325764065,19.600201570603033,15.0,0.0,132,0,43.52867347627701
2561,0.09406710604940297,2822.013181482089,19.229967909168778,15.0,0.0,133,0,43.52867347627701
2562,0.09306309683143932,2791.8929049431795,18.864158177785068,15.0,0.0,134,0,43.52867347627701
2563,0.09207105870484819,2762.1317611454456,18.502714859318154,15.0,0.0,135,0,43.52867347627701
2564,0.0910908357530564,2732.725072591692,18.145581133745345,15.0,0.0,136,0,43.52867347627701
2565,0.09012227395694607,2703.668218708382,17.7927008711003,15.0,0.0,137,0,43.52867347627701
2566,0.08916522117571121,2674.9566352713364,17.444018624500586,15.0,0.0,138,0,43.52867347627701
2567,0.08821952712793517,2646.585813838055,17.099479623256038,15.0,0.0,139,0,43.52867347627701
2568,0.08728504337288517,2618.551301186555,16.75902976605666,15.0,0.0,140,0,43.52867347627701
2569,0.08636162329202024,2590.848698760607,16.42261561423866,15.0,0.0,141,0,43.52867347627701
2570,0.08544912207070887,2563.473662121266,16.090184385127284,15.0,0.0,142,0,43.52867347627701
2571,0.08454739668015303,2536.421900404591,15.761683945455195,15.0,0.0,143,0,43.52867347627701
2572,0.0836563058595147,2509.689175785441,15.437062804855094,15.0,0.0,144,0,43.52867347627701
2573,0.08277571009824165,2483.2713029472498,15.116270109425294,15.0,0.0,145,0,43.52867347627701
2574,0.08190547161858902,2457.1641485576706,14.799255635366997,15.0,0.0,146,0,43.52867347627701
2575,0.08104545435833314,2431.363630749994,14.485969782692049,15.0,0.0,147,0,43.52867347627701
2576,0.08019552395367441,2405.8657186102323,14.176363568999932,15.0,0.0,148,0,43.52867347627701
2577,0.07935554772232596,2380.666431669779,13.870388623322789,15.0,0.0,149,0,43.52867347627701
2578,0.07852539464678464,2355.761839403539,13.567997180037347,15.0,0.0,150,0,43.52867347627701
2579,0.07770493535778127,2331.148060733438,13.269142072842467,15.0,0.0,151,0,43.52867347627701
2580,0.07689404211790704,2306.821263537211,12.973776728801255,15.0,0.0,152,0,43.52867347627701
2581,0.07609258880541274,2282.7776641623823,12.681855162446531,15.0,0.0,153,0,43.52867347627701
2582,0.07530045089817798,2259.0135269453394,12.393331969948587,15.0,0.0,154,0,43.52867347627701
2583,0.07451750545784713,2235.525163735414,12.108162323344075,15.0,0.0,155,0,43.52867347627701
2584,0.07374363111412921,2212.308933423876,11.826301964824967,15.0,0.0,156,0,43.52867347627701
2585,0.07297870804925854,2189.3612414777563,11.547707201086514,15.0,0.0,157,0,43.52867347627701
2586,0.07222261798261367,2166.67853947841,11.272334897733074,15.0,0.0,158,0,43.52867347627701
2587,0.07147524415549104,2144.257324664731,11.000142473740922,15.0,0.0,159,0,43.52867347627701
2588,0.07073647131603139,2122.0941394809415,10.731087895976774,15.0,0.0,160,0,43.52867347627701
2589,0.07000618570429538,2100.1855711288617,10.465129673771298,15.0,0.0,161,0,43.52867347627701
2590,0.06928427503748628,2078.5282511245887,10.202226853546343,15.0,0.0,162,0,43.52867347627701
2591,0.0685706284953166,2057.1188548594982,9.942339013495065,15.0,0.0,163,0,43.52867347627701
2592,0.06786513670551639,2035.9541011654917,9.685426258313978,15.0,0.0,164,0,43.52867347627701
2593,0.06716769172948023,2015.030751884407,9.431449213985898,15.0,0.0,165,0,43.52867347627701
2594,0.06647818704805075,1994.3456114415224,9.180369022612883,15.0,0.0,166,0,43.52867347627701
2595,0.06579651754743575,1973.8955264230724,8.932147337298268,15.0,0.0,167,0,43.52867347627701
2596,0.06512257950525682,1953.6773851577045,8.68674631707687,15.0,0.0,168,0,43.52867347627701
2597,0.06445627057672666,1933.6881173018,8.444128621892453,15.0,0.0,169,0,43.52867347627701
2598,0.06379748978095312,1913.9246934285936,8.2042574076216,15.0,0.0,170,0,43.52867347627701
2599,0.06314613748736704,1894.3841246210113,7.967096321143123,15.0,0.0,171,0,43.52867347627701
2600,0.06250211540227224,1875.0634620681674,7.732609495452138,15.0,0.0,172,0,43.52867347627701
2601,0.06186532655551481,1855.9597966654444,7.500761544818009,15.0,0.0,173,0,43.52867347627701
2602,0.06123567528726977,1837.070258618093,7.271517559985334,15.0,0.0,174,0,43.52867347627701
2603,0.060613067234942815,1818.3920170482845,7.044843103417115,15.0,0.0,175,0,43.52867347627701
2604,0.05999740932018504,1799.9222796055512,6.820704204579413,15.0,0.0,176,0,43.52867347627701
2605,0.05938860973601839,1781.6582920805515,6.599067355266616,15.0,0.0,177,0,43.52867347627701
2606,0.05878657793406988,1763.5973380220962,6.37989950496662,15.0,0.0,178,0,43.52867347627701
2607,0.058191224611912555,1745.7367383573767,6.163168056265157,15.0,0.0,179,0,43.52867347627701
2608,0.057602461700511094,1728.0738510153328,5.94884086028852,15.0,0.0,180,0,43.52867347627701
2609,0.057020202351770105,1710.606070553103,5.736886212183992,15.0,0.0,181,0,43.52867347627701
2610,0.05644436092618323,1693.330827785497,5.5272728466372385,15.0,0.0,182,0,43.52867347627701
2611,0.055874852980581216,1676.2455894174366,5.319969933425963,15.0,0.0,183,0,43.52867347627701
2612,0.055311595255976925,1659.3478576793077,5.1149470730092395,15.0,0.0,184,0,43.52867347627701
2613,0.054754505665505625,1642.6351699651686,4.912174292151693,15.0,0.0,185,0,43.52867347627701
2614,0.05420350328245875,1626.1050984737626,4.711622039582025,15.0,0.0,186,0,43.52867347627701
2615,0.05365850832840933,1609.7552498522798,4.513261181685152,15.0,0.0,187,0,43.52867347627701
2616,0.05311944216142741,1593.5832648428222,4.317062998227357,15.0,0.0,188,0,43.52867347627701
2617,0.052586227264383854,1577.5868179315157,4.122999178113869,15.0,0.0,189,0,43.52867347627701
2618,0.052058787233340786,1561.7636170002236,3.9310418151781903,15.0,0.0,190,0,43.52867347627701
2619,0.051537046766027106,1546.1114029808132,3.741163404002684,15.0,0.0,191,0,43.52867347627701
2620,0.05102093165039763,1530.6279495119288,3.553336835769759,15.0,0.0,192,0,43.52867347627701
2621,0.05051036875327413,1515.311062598224,3.3675353941431467,15.0,0.0,193,0,43.52867347627701
2622,0.0500052860090669,1500.1585802720072,3.183732751178688,15.0,0.0,194,0,43.52867347627701
2623,0.04950561240857542,1485.1683722572627,3.0019029632640866,15.0,0.0,195,0,43.52867347627701
