tick,basin_frac,basin_level_ml,dc_total_draw_ml,community_received_ml,farm_total_received_ml,community_complaints,active_cap,total_dc_capacity_ml
0,0.8017486638439619,24052.459915318857,4.678969431963425,15.0,2.8553277986765884,0,0,7.797079047697592
1,0.8034972371451545,24104.917114354637,4.680586517278184,15.0,2.8619829403494617,0,0,7.797079047697592
2,0.8052453155012851,24157.359465038553,4.683127086589123,15.0,2.872438695862016,0,0,7.797079047697592
3,0.8069924946567238,24209.774839701717,4.6865903870707255,15.0,2.886691966948238,0,0,7.797079047697592
4,0.8087383706222938,24262.151118668815,4.690975392472315,15.0,2.9047385300562913,0,0,7.797079047697592
5,0.8104825397949809,24314.476193849427,4.696280803422155,15.0,2.926573037600055,0,0,7.797079047697592
6,0.8122245990775308,24366.737972325922,4.702505047812482,15.0,2.952189019543715,0,0,7.797079047697592
7,0.8139641459978951,24418.924379936852,4.709646281265352,15.0,2.9815788853189837,0,0,7.797079047697592
8,0.8157007788284928,24471.023364854784,4.717702387679171,15.0,3.014733926074344,0,0,7.797079047697592
9,0.8174340967052504,24523.02290115751,4.7266709798557445,15.0,3.051644317255679,0,0,7.797079047697592
10,0.8191636997463866,24574.910992391597,4.736549400207653,15.0,3.092299121517489,0,0,7.797079047697592
11,0.820889189170906,24626.675675127182,4.747334721545753,15.0,3.136686291963867,0,0,7.797079047697592
12,0.8226101674167673,24678.30502250302,4.759023747946564,15.0,3.184792675718259,0,0,7.797079047697592
13,0.824326238258688,24729.78714776064,4.771613015699295,15.0,3.236604017820936,0,0,7.797079047697592
14,0.8260370069255554,24781.110207766662,4.785098794332213,15.0,3.292104965453052,0,0,7.797079047697592
15,0.8277420802174061,24832.262406522183,4.799477087718058,15.0,3.351279072486016,0,0,7.797079047697592
16,0.8294410666219391,24883.23199865817,4.814743635258196,15.0,3.414108804354833,0,0,7.797079047697592
17,0.8311335764305292,24934.007292915878,4.83089391314511,15.0,3.4805755432539733,0,0,7.797079047697592
18,0.8328192218537067,24984.576655611203,4.847923135702907,15.0,3.550659593654231,0,0,7.797079047697592
19,0.8344976171360674,25034.92851408202,4.865826256805429,15.0,3.6243401881389348,0,0,7.797079047697592
20,0.8361683786705798,25085.051360117395,4.884597971371507,15.0,3.7015954935577815,0,0,7.797079047697592
21,0.8378311251122573,25134.93375336772,4.90423271693699,15.0,3.7824026174964684,0,0,7.797079047697592
22,0.8394854774911581,25184.564324734743,4.924724675303014,15.0,3.866737615060215,0,0,7.797079047697592
23,0.841131059324682,25233.931779740462,4.946067774260065,15.0,3.9545754959691424,0,0,7.797079047697592
24,0.8427674967291312,25283.024901873938,4.968255689387295,15.0,4.045890231963439,0,0,7.797079047697592
25,0.8443944185304992,25331.832555914978,4.991281845926604,15.0,4.140654764516101,0,0,7.797079047697592
26,0.8460114563744583,25380.34369123375,5.015139420730858,15.0,4.238841012850941,0,0,7.797079047697592
27,0.8476182448355105,25428.547345065315,5.039821344285758,15.0,4.340419882263548,0,0,7.797079047697592
28,0.8492144215252714,25476.43264575814,5.0653203028046745,15.0,4.445361272742666,0,0,7.797079047697592
29,0.850799627199853,25523.98881599559,5.091628740395883,15.0,4.553634087889471,0,0,7.797079047697592
30,0.8523735058663165,25571.205175989497,5.118738861301547,15.0,4.665206244132118,0,0,7.797079047697592
31,0.8539357048881596,25618.07114664479,5.1466426322077545,15.0,4.780044680232788,0,0,7.797079047697592
32,0.855485875089811,25664.57625269433,5.175331784624973,15.0,4.898115367084446,0,0,7.797079047697592
33,0.857023670860098,25710.71012580294,5.204797817338181,15.0,5.019383317794407,0,0,7.797079047697592
34,0.8585487502546597,25756.46250763979,5.235031998925956,15.0,5.143812598051698,0,0,7.797079047697592
35,0.8600607750972711,25801.823252918133,5.266025370347785,15.0,5.271366336775172,0,0,7.797079047697592
36,0.8615594110800531,25846.78233240159,5.297768747598826,15.0,5.4020067370392155,0,0,7.797079047697592
37,0.8630443278625346,25891.329835876037,5.330252724431319,15.0,5.5356950872737745,0,0,7.797079047697592
38,0.8645151991695393,25935.45597508618,5.3634676751418695,15.0,5.672391772735447,0,0,7.797079047697592
39,0.8659717028878692,25979.151086636077,5.397403757423742,15.0,5.812056287246172,0,0,7.797079047697592
40,0.8674135211617521,26022.405634852563,5.432050915283358,15.0,5.954647245196093,0,0,7.797079047697592
41,0.8688403404870303,26065.21021461091,5.467398882020095,15.0,6.100122393807008,0,0,7.797079047697592
42,0.8702518518040585,26107.555554121755,5.50343718326854,15.0,6.24843862565277,0,0,7.797079047697592
43,0.8716477505892839,26149.432517678517,5.540155140102258,15.0,6.399551991432954,0,0,7.797079047697592
44,0.8730277369454846,26190.83210836454,5.577541872198205,15.0,6.5534177129959925,0,0,7.797079047697592
45,0.8743915156906344,26231.745470719034,5.615586301060788,15.0,6.709990196607885,0,0,7.797079047697592
46,0.8757387964453721,26272.163893361165,5.654277153304669,15.0,6.8692230464626345,0,0,7.797079047697592
47,0.8770692937190472,26312.078811571417,5.693602963995311,15.0,7.031069078430294,0,0,7.797079047697592
48,0.8783827269943169,26351.481809829507,5.733552080046286,15.0,7.195480334038674,0,0,7.797079047697592
49,0.879678820810269,26390.364624308073,5.774112663672335,15.0,7.362408094684448,0,0,7.797079047697592
50,0.8809573048440481,26428.719145321444,5.8152726958971614,15.0,7.531802896069543,0,0,7.797079047697592
51,0.8822179139909566,26466.5374197287,5.85701998011491,15.0,7.703614542858471,0,0,7.797079047697592
52,0.8834603884430118,26503.811653290355,5.8993421457042885,15.0,7.877792123552288,0,0,7.797079047697592
53,0.8846844737659327,26540.534212977982,5.942226651694242,15.0,8.05428402557477,0,0,7.797079047697592
54,0.885889920974534,26576.69762923602,5.985660790480126,15.0,8.233037950566349,0,0,7.797079047697592
55,0.8870764866065057,26612.29459819517,6.029631691589231,15.0,8.414000929881215,0,0,7.797079047697592
56,0.8882439327945569,26647.317983836707,6.074126325494589,15.0,8.597119340283106,0,0,7.797079047697592
57,0.8893920273369001,26681.760820107003,6.119131507475902,15.0,8.782338919834991,0,0,7.797079047697592
58,0.8905205437660585,26715.616312981754,6.1646339015264555,15.0,8.96960478397809,0,0,7.797079047697592
59,0.8916292614159723,26748.87784247917,6.210620024304871,15.0,9.158861441795327,0,0,7.797079047697592
60,0.8927179654873878,26781.538964621635,6.257076249130508,15.0,9.350052812454498,0,0,7.797079047697592
61,0.8937864471115061,26813.593413345185,6.303988810021342,15.0,9.543122241826225,0,0,7.797079047697592
62,0.8948345034118761,26845.035102356283,6.351343805773126,15.0,9.73801251927181,0,0,7.797079047697592
63,0.8958619375645109,26875.858126935327,6.399127204078615,15.0,9.93466589459597,0,0,7.797079047697592
64,0.896868558856211,26906.056765686328,6.447324845685641,15.0,10.133024095159465,0,0,7.797079047697592
65,0.8978541827410766,26935.6254822323,6.495922448592803,15.0,10.33302834314655,0,0,7.797079047697592
66,0.8988186308951932,26964.558926855796,6.544905612281539,15.0,10.534619372982101,0,0,7.797079047697592
67,0.8997617312694719,26992.851938084157,6.594259821983306,15.0,10.737737448893286,0,0,7.797079047697592
68,0.9006833181406317,27020.499544218954,6.643970452980617,15.0,10.942322382610566,0,0,7.797079047697592
69,0.9015832321603074,27047.496964809223,6.694022774940662,15.0,11.148313551202776,0,0,7.797079047697592
70,0.9024613204022667,27073.839612068,6.744401956280232,15.0,11.35564991504101,0,0,7.797079047697592
71,0.9033174364077267,27099.5230922318,6.79509306856062,15.0,11.564270035885976,0,0,7.797079047697592
72,0.9041514402287522,27124.543206862563,6.846081090911254,15.0,11.774112095093477,0,0,7.797079047697592
73,0.9049631984697255,27148.895954091764,6.897350914480702,15.0,11.985113911932604,0,0,7.797079047697592
74,0.9057525843268746,27172.577529806236,6.948887346913745,15.0,12.197212962011243,0,0,7.797079047697592
75,0.9065194776258473,27195.584328775418,7.000675116853207,15.0,12.410346395803376,0,0,7.797079047697592
76,0.9072637648573221,27217.91294571966,7.052698878465183,15.0,12.624451057272779,0,0,7.797079047697592
77,0.907985339210643,27239.56017631929,7.10494321598634,15.0,12.839463502587497,0,0,7.797079047697592
78,0.9086841006054701,27260.5230181641,7.15739264829195,15.0,13.055320018919641,0,0,7.797079047697592
79,0.9093599557214352,27280.798671643057,7.210031633483267,15.0,13.271956643324852,0,0,7.797079047697592
80,0.9100128180257955,27300.384540773863,7.262844573492935,15.0,13.489309181695916,0,0,7.797079047697592
81,0.9106426077990737,27319.27823397221,7.315815818707035,15.0,13.707313227784866,0,0,7.797079047697592
82,0.911249252158682,27337.477564760462,7.368929672602396,15.0,13.92590418228793,0,0,7.797079047697592
83,0.9118326850805181,27354.98055241554,7.422170396397817,15.0,14.145017271987712,0,0,7.797079047697592
84,0.9123928474185291,27371.785422555873,7.47552221371781,15.0,14.364587568946886,0,0,7.797079047697592
85,0.9129296869222391,27387.890607667174,7.528969315267478,15.0,14.584550009747744,0,0,7.797079047697592
86,0.9134431582522308,27403.294747566924,7.5824958635171456,15.0,14.804839414771905,0,0,7.797079047697592
87,0.9139332229935815,27417.996689807445,7.636085997395369,15.0,15.02539050751442,0,0,7.797079047697592
88,0.9143998496672455,27431.995490017365,7.689723836988913,15.0,15.246137933926626,0,0,7.797079047697592
89,0.9148430137393827,27445.290412181483,7.743393488248306,15.0,15.467016281781966,0,0,7.797079047697592
90,0.9152626976286281,27457.88092885884,7.797079047697592,15.0,15.687960100059016,0,0,7.797079047697592
91,0.9156588907113012,27469.766721339038,7.850764607146877,15.0,15.908903918336067,0,0,7.797079047697592
92,0.9160315893245553,27480.94767973666,7.904434258406269,15.0,16.129782266191405,0,0,7.797079047697592
93,0.9163807967674613,27491.42390302384,7.958072097999813,15.0,16.35052969260361,0,0,7.797079047697592
94,0.9167065233000311,27501.195699000935,8.011662231878036,15.0,16.57108078534613,0,0,7.797079047697592
95,0.9170087861401773,27510.26358420532,8.065188780127704,15.0,16.791370190370287,0,0,7.797079047697592
96,0.9172876094586109,27518.628283758328,8.11863588167737,15.0,17.011332631171147,0,0,7.797079047697592
97,0.9175430243716789,27526.290731150366,8.171987698997365,15.0,17.23090292813032,0,0,7.797079047697592
98,0.9177750689321438,27533.252067964313,8.225228422792785,15.0,17.4500160178301,0,0,7.797079047697592
99,0.9179837881179084,27539.51364353725,8.278342276688148,15.0,17.668606972333166,0,0,7.797079047697592
100,0.9181692338186871,27545.07701456061,8.331313521902247,15.0,17.886611018422112,0,0,7.797079047697592
101,0.9183314648206303,27549.94394461891,8.384126461911917,15.0,18.103963556793182,0,0,7.797079047697592
102,0.9184705467889048,27554.116403667143,8.436765447103232,15.0,18.320600181198394,0,0,7.797079047697592
103,0.9185865522482355,27557.596567447064,8.489214879408843,15.0,18.536456697530532,0,0,7.797079047697592
104,0.918679560561415,27560.38681684245,8.54145921693,15.0,18.751469142845252,0,0,7.797079047697592
105,0.9187496579057867,27562.4897371736,8.593482978541974,15.0,18.96557380431466,0,0,7.797079047697592
106,0.9187969372477083,27563.90811743125,8.645270748481439,15.0,19.17870723810679,0,0,7.797079047697592
107,0.9188214983150041,27564.644949450125,8.696807180914481,15.0,19.390806288185427,0,0,7.797079047697592
108,0.9188234475674139,27564.703427022414,8.748077004483928,15.0,19.601808105024556,0,0,7.797079047697592
109,0.9188028981650456,27564.086944951367,8.799065026834562,15.0,19.811650164232056,0,0,7.797079047697592
110,0.9187599699348445,27562.799098045336,8.84975613911495,15.0,20.02027028507702,0,0,7.797079047697592
111,0.9186947893350856,27560.84368005257,8.90013532045452,15.0,20.227606648915256,0,0,7.797079047697592
112,0.9186074894179012,27558.224682537035,8.950187642414566,15.0,20.433597817507465,0,0,7.797079047697592
113,0.9184982097898543,27554.94629369563,8.999898273411876,15.0,20.638182751224747,0,0,7.797079047697592
114,0.9183670965705713,27551.012897117136,9.049252483113642,15.0,20.84130082713593,0,0,7.797079047697592
115,0.918214302349442,27546.42907048326,9.09823564680238,15.0,21.04289185697148,0,0,7.797079047697592
116,0.9180399861404059,27541.19958421218,9.146833249709543,15.0,21.24289610495856,0,0,7.797079047697592
117,0.9178443133348317,27535.329400044953,9.195030891316566,15.0,21.44125430552206,0,0,7.797079047697592
118,0.9176274556525081,27528.823669575246,9.242814289622057,15.0,21.63790768084622,0,0,7.797079047697592
119,0.9173895910907607,27521.68773272282,9.29016928537384,15.0,21.832797958291806,0,0,7.797079047697592
120,0.917130903871706,27513.927116151182,9.337081846264674,15.0,22.02586738766353,0,0,7.797079047697592
121,0.9168515843876641,27505.547531629923,9.38353807109031,15.0,22.217058758322704,0,0,7.797079047697592
122,0.9165518291447399,27496.554874342197,9.429524193868728,15.0,22.40631541613994,0,0,7.797079047697592
123,0.9162318407045951,27486.95522113785,9.475026587919281,15.0,22.59358128028304,0,0,7.797079047697592
124,0.915891827624424,27476.75482873272,9.520031769900593,15.0,22.778800859834924,0,0,7.797079047697592
125,0.9155320043951543,27465.960131854627,9.564526403805951,15.0,22.961919270236812,0,0,7.797079047697592
126,0.9151525913778882,27454.577741336645,9.608497304915057,15.0,23.142882249551683,0,0,7.797079047697592
127,0.914753814738605,27442.61444215815,9.651931443700942,15.0,23.32163617454326,0,0,7.797079047697592
128,0.9143359063811428,27430.077191434284,9.694815949690895,15.0,23.49812807656574,0,0,7.797079047697592
129,0.9138991038784811,27416.97311635443,9.737138115280272,15.0,23.672305657259557,0,0,7.797079047697592
130,0.9134436504023421,27403.309512070264,9.778885399498021,15.0,23.84411730404849,0,0,7.797079047697592
131,0.9129697946511341,27389.093839534024,9.820045431722846,15.0,24.013512105433584,0,0,7.797079047697592
132,0.9124777907762566,27374.3337232877,9.860606015348896,15.0,24.18043986607936,0,0,7.797079047697592
133,0.9119678983067898,27359.036949203695,9.900555131399871,15.0,24.34485112168774,0,0,7.797079047697592
134,0.9114403820725907,27343.211462177722,9.939880942090513,15.0,24.506697153655395,0,0,7.797079047697592
135,0.910895512125818,27326.86536377454,9.978571794334396,15.0,24.665930003510145,0,0,7.797079047697592
136,0.9103335636609099,27310.006909827298,10.016616223196976,15.0,24.822502487122037,0,0,7.797079047697592
137,0.9097548169330381,27292.644507991143,10.054002955292924,15.0,24.976368208685074,0,0,7.797079047697592
138,0.9091595571750625,27274.786715251874,10.090720912126644,15.0,25.127481574465264,0,0,7.797079047697592
139,0.9085480745130096,27256.44223539029,10.126759213375086,15.0,25.275797806311022,0,0,7.797079047697592
140,0.9079206638801031,27237.61991640309,10.162107180111825,15.0,25.42127295492194,0,0,7.797079047697592
141,0.9072776249293678,27218.328747881034,10.19675433797144,15.0,25.56386391287186,0,0,7.797079047697592
142,0.9066192619448367,27198.5778583451,10.230690420253314,15.0,25.703528427382587,0,0,7.797079047697592
143,0.9059458837513842,27178.376512541527,10.263905370963863,15.0,25.84022511284426,0,0,7.797079047697592
144,0.905257803623216,27157.734108696477,10.296389347796357,15.0,25.973913463078816,0,0,7.797079047697592
145,0.9045553391910374,27136.660175731122,10.328132725047396,15.0,26.10455386334286,0,0,7.797079047697592
146,0.9038388123479341,27115.164370438022,10.359126096469227,15.0,26.23210760206633,0,0,7.797079047697592
147,0.9031085491539873,27093.25647461962,10.389360278057001,15.0,26.356536882323624,0,0,7.797079047697592
148,0.9023648797396555,27070.946392189664,10.41882631077021,15.0,26.477804833033584,0,0,7.797079047697592
149,0.9016081382079498,27048.244146238496,10.447515463187429,15.0,26.595875519885244,0,0,7.797079047697592
150,0.9008386625354317,27025.15987606295,10.475419234093636,15.0,26.710713955985913,0,0,7.797079047697592
151,0.9000567944720631,27001.703834161894,10.502529354999298,15.0,26.82228611222856,0,0,7.797079047697592
152,0.8992628794399394,26977.886383198183,10.528837792590508,15.0,26.930558927375365,0,0,7.797079047697592
153,0.8984572664309324,26953.71799292797,10.554336751109425,15.0,27.035500317854485,0,0,7.797079047697592
154,0.8976403079032769,26929.209237098305,10.579018674664322,15.0,27.137079187267087,0,0,7.797079047697592
155,0.8968123596771298,26904.370790313893,10.60287624946858,15.0,27.23526543560193,0,0,7.797079047697592
156,0.8959737808291331,26879.213424873993,10.625902406007887,15.0,27.330029968154594,0,0,7.797079047697592
157,0.8951249335860112,26853.748007580336,10.648090321135118,15.0,27.421344704148886,0,0,7.797079047697592
158,0.8942661832172357,26827.98549651707,10.669433420092169,15.0,27.509182585057815,0,0,7.797079047697592
159,0.8933978979267878,26801.936937803635,10.689925378458193,15.0,27.593517582621566,0,0,7.797079047697592
160,0.8925204487440523,26775.61346232157,10.709560124023675,15.0,27.67432470656025,0,0,7.797079047697592
161,0.8916342094138724,26749.026282416173,10.728331838589755,15.0,27.751580011979094,0,0,7.797079047697592
162,0.8907395562858023,26722.186688574067,10.746234959692275,15.0,27.8252606064638,0,0,7.797079047697592
163,0.8898368682025856,26695.106046077566,10.763264182250072,15.0,27.895344656864054,0,0,7.797079047697592
164,0.8889265263878968,26667.795791636905,10.779414460136987,15.0,27.961811395763196,0,0,7.797079047697592
165,0.8880089143333764,26640.26743000129,10.794681007677124,15.0,28.024641127632016,0,0,7.797079047697592
166,0.8870844176849935,26612.532530549805,10.80905930106297,15.0,28.08381523466498,0,0,7.797079047697592
167,0.886153424128771,26584.60272386313,10.822545079695887,15.0,28.139316182297094,0,0,7.797079047697592
168,0.8852163232759058,26556.489698277175,10.83513434744862,15.0,28.191127524399768,0,0,7.797079047697592
169,0.8842735065473191,26528.20519641957,10.84682337384943,15.0,28.239233908154166,0,0,7.797079047697592
170,0.8833253670576686,26499.761011730057,10.85760869518753,15.0,28.283621078600543,0,0,7.797079047697592
171,0.8823722994988615,26471.168984965847,10.867487115539438,15.0,28.324275882862352,0,0,7.797079047697592
172,0.8814147000230983,26442.44100069295,10.876455707716012,15.0,28.361186274043686,0,0,7.797079047697592
173,0.880452966125484,26413.58898376452,10.884511814129832,15.0,28.394341314799043,0,0,7.797079047697592
174,0.8794874965262423,26384.624895787267,10.8916530475827,15.0,28.423731180574315,0,0,7.797079047697592
175,0.8785186910525655,26355.560731576967,10.897877291973026,15.0,28.449347162517977,0,0,7.797079047697592
176,0.8775469505201382,26326.408515604147,10.903182702922868,15.0,28.47118167006174,0,0,7.797079047697592
177,0.8765726766143657,26297.18029843097,10.907567708324457,15.0,28.48922823316979,0,0,7.797079047697592
178,0.8755962717713464,26267.88815314039,10.91103100880606,15.0,28.503481504256015,0,0,7.797079047697592
179,0.8746181390586217,26238.54417175865,10.913571578116999,15.0,28.513937259768568,0,0,7.797079047697592
180,0.8736386820557381,26209.160461672145,10.915188663431756,15.0,28.52059240144144,0,0,7.797079047697592
181,0.8726583047346578,26179.749142039735,10.915881785573056,15.0,28.523444957212533,0,0,7.797079047697592
182,0.871677411340053,26150.32234020159,10.915650739153849,15.0,28.52249408180799,0,0,7.797079047697592
183,0.8706964062695197,26120.892188085592,10.914495592638172,15.0,28.517740056992732,0,0,7.797079047697592
184,0.8697156939537459,26091.47081861238,10.912416688320869,15.0,28.509184291486903,0,0,7.797079047697592
185,0.8687356787366702,26062.07036210011,10.909414642226158,15.0,28.49682932054847,0,0,7.797079047697592
186,0.8677567647556657,26032.70294266997,10.905490343925086,15.0,28.48067880522197,0,0,7.797079047697592
187,0.8667793558217852,26003.380674653556,10.900644956271927,15.0,28.460737531253653,0,0,7.797079047697592
188,0.8658038553001038,25974.115659003117,10.894879915059624,15.0,28.437011407673356,0,0,7.797079047697592
189,0.8648306659901933,25944.9199797058,10.8881969285943,15.0,28.409507465043554,0,0,7.797079047697592
190,0.863860190006763,25915.805700202887,10.880597977189083,15.0,28.378233853376024,0,0,7.797079047697592
191,0.8628928286605048,25886.784859815143,10.872085312577266,15.0,28.343199839716846,0,0,7.797079047697592
192,0.861928982339177,25857.869470175312,10.862661457245094,15.0,28.304415805400367,0,0,7.797079047697592
193,0.8609690503889601,25829.071511668804,10.852329203684286,15.0,28.261893242972988,0,0,7.797079047697592
194,0.8600134309961216,25800.402929883647,10.841091613564563,15.0,28.215644752787654,0,0,7.797079047697592
195,0.8590625210690253,25771.875632070758,10.8289520168264,15.0,28.16568403927014,0,0,7.797079047697592
196,0.8581167161205188,25743.501483615564,10.815914010694307,15.0,28.112025906858094,0,0,7.797079047697592
197,0.8571764101507342,25715.292304522027,10.801981458610882,15.0,28.0546862556142,0,0,7.797079047697592
198,0.8562419955303378,25687.25986591013,10.787158489092,15.0,27.993682076514606,0,0,7.797079047697592
199,0.8553138628842614,25659.41588652784,10.771449494503434,15.0,27.929031446414157,0,0,7.797079047697592
200,0.8543924009759528,25631.772029278585,10.754859129759305,15.0,27.860753522689823,0,0,7.797079047697592
201,0.8534779965921759,25604.33989776528,10.737392310942742,15.0,27.788868537563964,0,0,7.797079047697592
202,0.852571034428398,25577.13103285194,10.71905421384912,15.0,27.71339779210908,0,0,7.797079047697592
203,0.8516718969747956,25550.15690924387,10.699850272452379,15.0,27.634363649935842,0,0,7.797079047697592
204,0.8507809644029153,25523.42893208746,10.679786177294808,15.0,27.551789530566275,0,0,7.797079047697592
205,0.8498986144530196,25496.95843359059,10.658867873800824,15.0,27.46569990249403,0,0,7.797079047697592
206,0.8490252223221554,25470.75666966466,10.637101560515202,15.0,27.376120275933886,0,0,7.797079047697592
207,0.8481611605529739,25444.834816589217,10.614493687266329,15.0,27.28307719526248,0,0,7.797079047697592
208,0.8473067989233392,25419.203967700174,10.591050953254964,15.0,27.18659823115263,0,0,7.797079047697592
209,0.8464625043367545,25393.875130102635,10.566780305069127,15.0,27.08671197240361,0,0,7.797079047697592
210,0.8456286407136412,25368.859221409235,10.541688934625686,15.0,26.9834480174696,0,0,7.797079047697592
211,0.8448055688835007,25344.16706650502,10.515784277039213,15.0,26.876836965689062,0,0,7.797079047697592
212,0.8439936464779932,25319.809394339798,10.489074008418822,15.0,26.766910408217502,0,0,7.797079047697592
213,0.8431932278249643,25295.79683474893,10.46156604359356,15.0,26.653700918666303,0,0,7.797079047697592
214,0.8424046638434489,25272.13991530347,10.433268533767077,15.0,26.53724204345049,0,0,7.797079047697592
215,0.8416283019396874,25248.849058190623,10.40418986410224,15.0,26.417568291848156,0,0,7.797079047697592
216,0.8408644859041807,25225.934577125423,10.374338651236442,15.0,26.294715125774687,0,0,7.797079047697592
217,0.8401135558098186,25203.406674294558,10.3437237407283,15.0,26.16871894927458,0,0,7.797079047697592
218,0.8393758479111081,25181.275437333243,10.312354204436518,15.0,26.03961709773415,0,0,7.797079047697592
219,0.8386516945445345,25159.550836336035,10.280239337831711,15.0,25.90744782681825,0,0,7.797079047697592
220,0.8379414240300825,25138.242720902475,10.247388657241949,15.0,25.772250301134306,0,0,7.797079047697592
221,0.8372453605739483,25117.360817218447,10.213811897032867,15.0,25.634064582626976,0,0,7.797079047697592
222,0.8365638241724699,25096.914725174098,10.17951900672316,15.0,25.49293161870694,0,0,7.797079047697592
223,0.8358971305173057,25076.913915519173,10.144520148036328,15.0,25.34889323011732,0,0,7.797079047697592
224,0.8352455909018881,25057.367727056644,10.108825691889539,15.0,25.201992098541247,0,0,7.797079047697592
225,0.8346095121291801,25038.285363875402,10.072446215320493,15.0,25.052271753954393,0,0,7.797079047697592
226,0.8339891964207637,25019.675892622912,10.035392498353238,15.0,24.8997765617261,0,0,7.797079047697592
227,0.8333849413272846,25001.548239818538,9.997675520803792,15.0,24.74455170947293,0,0,7.797079047697592
228,0.8327970396402815,24983.911189208444,9.959306459026603,15.0,24.586643193668635,0,0,7.797079047697592
229,0.8322257793054261,24966.773379162783,9.92029668260275,15.0,24.42609780601439,0,0,7.797079047697592
230,0.8316714433371982,24950.143300115946,9.880657750970883,15.0,24.26296311957342,0,0,7.797079047697592
231,0.8311343097350227,24934.02929205068,9.840401410001926,15.0,24.09728747467404,0,0,7.797079047697592
232,0.8306146514008917,24918.439542026754,9.79953958851851,15.0,23.929119964585414,0,0,7.797079047697592
233,0.8301127360584989,24903.382081754968,9.75808439476021,15.0,23.758510420970133,0,0,7.797079047697592
234,0.829628826173906,24888.864785217178,9.716048112795615,15.0,23.585509399118028,0,0,7.797079047697592
235,0.8291631788777692,24874.895366333076,9.673443198882286,15.0,23.410168162965533,0,0,7.797079047697592
236,0.8287160458891457,24861.481376674372,9.630282277775706,15.0,23.232538669905104,0,0,7.797079047697592
237,0.8282876734409038,24848.630203227116,9.586578138988287,15.0,23.052673555389084,0,0,7.797079047697592
238,0.8278783022067588,24836.349066202765,9.542343732999568,15.0,22.87062611733272,0,0,7.797079047697592
239,0.827488167229956,24824.64501689868,9.497592167418695,15.0,22.686450300320807,0,0,7.797079047697592
240,0.8271174978536227,24813.52493560868,9.45233670310037,15.0,22.500200679622772,0,0,7.797079047697592
241,0.8267665176528084,24802.995529584252,9.406590750215363,15.0,22.311932445020815,0,0,7.797079047697592
242,0.8264354443682354,24793.063331047062,9.360367864276792,15.0,22.121701384456017,0,0,7.797079047697592
243,0.8261244898417767,24783.7346952533,9.313681742123334,15.0,21.929563867497137,0,0,7.797079047697592
244,0.8258338599536833,24775.0157986105,9.266546217860549,15.0,21.73557682863713,0,0,7.797079047697592
245,0.8255637545615773,24766.91263684732,9.218975258761548,15.0,21.539797750422185,0,0,7.797079047697592
246,0.8253143674412292,24759.431023236877,9.170982961128175,15.0,21.342284646418435,0,0,7.797079047697592
247,0.8250858862291391,24752.576586874173,9.122583546113976,15.0,21.143096044021284,0,0,7.797079047697592
248,0.8248784923669348,24746.354771008042,9.073791355510167,15.0,20.942290967112456,0,0,7.797079047697592
249,0.8246923610476071,24740.770831428214,9.024620847495846,15.0,20.739928918569973,0,0,7.797079047697592
250,0.8245276611635971,24735.829834907912,8.97508659235372,15.0,20.536069862636154,0,0,7.797079047697592
251,0.8243845552567487,24731.53665770246,8.92520326815263,15.0,20.330774207148906,0,0,7.797079047697592
252,0.8242631994701444,24727.895984104332,8.874985656398104,15.0,20.124102785641586,0,0,7.797079047697592
253,0.8241637435018366,24724.9123050551,8.824448637652292,15.0,19.916116839316732,0,0,7.797079047697592
254,0.8240863305604889,24722.589916814664,8.773607187124524,15.0,19.70687799889894,0,0,7.797079047697592
255,0.8240310973229402,24720.932919688206,8.722476370233839,15.0,19.496448266372376,0,0,7.797079047697592
256,0.8239981738937049,24719.945216811146,8.671071338144772,15.0,19.284889996608204,0,0,7.797079047697592
257,0.8239876837664192,24719.630512992575,8.619407323277752,15.0,19.072265878887595,0,0,7.797079047697592
258,0.823999743787248,24719.99231361744,8.567499634795382,15.0,18.85863891832542,0,0,7.797079047697592
259,0.8240344641202607,24721.03392360782,8.515363654066014,15.0,18.64407241720054,0,0,7.797079047697592
260,0.824091948214787,24722.75844644361,8.463014830105928,15.0,18.42862995619796,0,0,7.797079047697592
261,0.8241722927747631,24725.168783242894,8.410468675001445,15.0,18.212375375568506,0,0,7.797079047697592
262,0.8242755877300755,24728.267631902265,8.357740759312358,15.0,17.995372756211573,0,0,7.797079047697592
263,0.8244019162099135,24732.057486297406,8.304846707458049,15.0,17.77768640068658,0,0,7.797079047697592
264,0.824551354518136,24736.54063554408,8.251802193087629,15.0,17.559380814158725,0,0,7.797079047697592
265,0.8247239721106606,24741.71916331982,8.1986229344355,15.0,17.340520685284716,0,0,7.797079047697592
266,0.8249198315748835,24747.594947246504,8.145324689663704,15.0,17.12117086704413,0,0,7.797079047697592
267,0.8251389886111319,24754.169658333958,8.091923252192435,15.0,16.901396357522046,0,0,7.797079047697592
268,0.8253814920161602,24761.444760484806,8.03843444602012,15.0,16.681262280648788,0,0,7.797079047697592
269,0.8256473836686895,24769.421510060685,7.984874121034403,15.0,16.460833866902206,0,0,7.797079047697592
270,0.8259366985169985,24778.100955509955,7.931258148315507,15.0,16.24017643397853,0,0,11.79707904769759
271,0.8261147542517555,24783.442627552664,11.91891191979669,15.0,16.019355367437306,0,0,11.79707904769759
272,0.8263172001917998,24789.516005753994,11.837694016761251,15.0,15.798436101326264,0,0,11.79707904769759
273,0.8265440505762,24796.321517286,11.756464078633936,15.0,15.577484098791777,0,0,11.79707904769759
274,0.8267953124124607,24803.859372373823,11.675246175598495,15.0,15.356564832680732,0,0,11.79707904769759
275,0.827070985474447,24812.12956423341,11.594064374272428,15.0,15.135743766139505,0,0,11.79707904769759
276,0.8273710623024506,24821.131869073517,11.51294273057551,15.0,14.915086333215825,0,0,11.79707904769759
277,0.8276955282054005,24830.865846162014,11.431905282601521,15.0,14.694657919469236,0,0,11.79707904769759
278,0.8280443612652169,24841.330837956506,11.350976043495226,15.0,14.474523842595982,0,0,11.79707904769759
279,0.8284175323433051,24852.525970299153,11.270178994336767,15.0,14.254749333073914,0,0,11.79707904769759
280,0.8288150050891906,24864.45015267572,11.189538077035555,15.0,14.035399514833323,0,0,11.79707904769759
281,0.8292367359512903,24877.102078538708,11.109077187235757,15.0,13.816539385959313,0,0,11.79707904769759
282,0.8296826741898176,24890.480225694526,11.028820167235509,15.0,13.598233799431455,0,0,11.79707904769759
283,0.8301527618918176,24904.58285675453,10.948790798921927,15.0,13.38054744390646,0,0,11.79707904769759
284,0.8306469339883287,24919.40801964986,10.869012796724016,15.0,13.163544824549529,0,0,11.79707904769759
285,0.8311651182736631,24934.953548209895,10.78950980058558,15.0,12.947290243920074,0,0,11.79707904769759
286,0.8317072354268032,24951.2170628041,10.710305368960189,15.0,12.731847782917498,0,0,11.79707904769759
287,0.8322731990349063,24968.19597104719,10.631422971830306,15.0,12.517281281792613,0,0,11.79707904769759
288,0.8328629156189103,24985.88746856731,10.552885983752617,15.0,12.303654321230434,0,0,11.79707904769759
289,0.8334762846612339,25004.288539837016,10.474717676931663,15.0,12.091030203509826,0,0,11.79707904769759
290,0.8341131986355618,25023.395959066853,10.39694121432376,15.0,11.87947193374567,0,0,11.79707904769759
291,0.8347735430387071,25043.206291161212,10.319579642773338,15.0,11.669042201219092,0,0,11.79707904769759
292,0.8354571964245413,25063.71589273624,10.242655886183643,15.0,11.459803360801303,0,0,11.79707904769759
293,0.8361640304399816,25084.920913199447,10.166192738723904,15.0,11.251817414476447,0,0,11.79707904769759
294,0.8368939098630237,25106.817295890713,10.090212858074924,15.0,11.04514599296913,0,0,11.79707904769759
295,0.8376466926428122,25129.400779284366,10.014738758715119,15.0,10.83985033748188,0,0,11.79707904769759
296,0.8384222299417327,25152.66689825198,9.939792805248992,15.0,10.635991281548058,0,0,11.79707904769759
297,0.8392203661795153,25176.61098538546,9.865397205780022,15.0,10.433629233005579,0,0,11.79707904769759
298,0.8400409390793375,25201.228172380124,9.79157400532992,15.0,10.232824156096752,0,0,11.79707904769759
299,0.8408837797159089,25226.513391477267,9.718345079306214,15.0,10.033635553699595,0,0,11.79707904769759
300,0.8417487125655287,25252.46137696586,9.645732127020098,15.0,9.836122449695846,0,0,11.79707904769759
301,0.8426355555580962,25279.066666742885,9.57375666525645,15.0,9.640343371480903,0,0,11.79707904769759
302,0.8435441201310625,25306.323603931876,9.502440021897943,15.0,9.446356332620894,0,0,11.79707904769759
303,0.844474211285306,25334.22633855918,9.431803329605149,15.0,9.254218815662018,0,0,11.79707904769759
304,0.8454256276429141,25362.768829287423,9.361867519554457,15.0,9.06398775509722,0,0,11.79707904769759
305,0.8463981615068563,25391.94484520569,9.292653315235722,15.0,8.875719520495263,0,0,11.79707904769759
306,0.8473915989225294,25421.74796767588,9.22418122631145,15.0,8.689469899797228,0,0,11.79707904769759
307,0.8484057197411565,25452.171592234696,9.156471542539336,15.0,8.505294082785317,0,0,11.79707904769759
308,0.8494402976850222,25483.208930550663,9.089544327759977,15.0,8.323246644728952,0,0,11.79707904769759
309,0.850495100414523,25514.85301243569,9.023419413951519,15.0,8.143381530212924,0,0,11.79707904769759
310,0.8515698895970154,25547.096687910464,8.95811639535302,15.0,7.965752037152495,0,0,11.79707904769759
311,0.8526644209774383,25579.93262932315,8.893654622658243,15.0,7.7904108010000055,0,0,11.79707904769759
312,0.8537784444506913,25613.35333352074,8.830053197281636,15.0,7.617409779147897,0,0,11.79707904769759
313,0.8549117041357461,25647.351124072386,8.767330965698171,15.0,7.446800235532617,0,0,11.79707904769759
314,0.8560639384514702,25681.918153544106,8.70550651385872,15.0,7.278632725443995,0,0,11.79707904769759
315,0.8572348801941378,25717.046405824134,8.644598161682646,15.0,7.112957080544618,0,0,11.79707904769759
316,0.8584242566166093,25752.72769849828,8.584623957629208,15.0,6.949822394103646,0,0,11.79707904769759
317,0.8596317895091512,25788.953685274537,8.525601673349417,15.0,6.789277006449403,0,0,11.79707904769759
318,0.8608571952818764,25825.715858456293,8.467548798419907,15.0,6.631368490645109,0,0,11.79707904769759
319,0.8621001850487777,25863.00555146333,8.410482535160408,15.0,6.476143638391939,0,0,11.79707904769759
320,0.8633604647133308,25900.813941399923,8.354419793536309,15.0,6.323648446163636,0,0,11.79707904769759
321,0.8646377350556415,25939.132051669243,8.299377186147893,15.0,6.173928101576786,0,0,11.79707904769759
322,0.8659316918211111,25977.950754633333,8.245371023307642,15.0,6.027026970000714,0,0,11.79707904769759
323,0.8672420258105937,26017.260774317812,8.192417308207153,15.0,5.8829885814110865,0,0,11.79707904769759
324,0.8685684229720186,26057.05268916056,8.140531732175052,15.0,5.74185561749106,0,0,11.79707904769759
325,0.8699105644934504,26097.31693480351,8.08972967002729,15.0,5.603669898983727,0,0,11.79707904769759
326,0.87126812689756,26138.0438069268,8.040026175511287,15.0,5.468472373299786,0,0,11.79707904769759
327,0.8726407821374781,26179.22346412434,7.991435976845152,15.0,5.336303102383884,0,0,11.79707904769759
328,0.8740281976940022,26220.845930820065,7.943973472353418,15.0,5.207201250843456,0,0,11.79707904769759
329,0.8754300366741297,26262.90110022389,7.897652726200485,15.0,5.081205074343345,0,0,11.79707904769759
330,0.876845957910886,26305.37873732658,7.852487464223127,15.0,4.958351908269883,0,0,11.79707904769759
331,0.8782756160644203,26348.26848193261,7.808491069863205,15.0,4.8386781566675445,0,0,11.79707904769759
332,0.8797186617243367,26391.5598517301,7.765676580201899,15.0,4.7222192814517285,0,0,11.79707904769759
333,0.881174741513232,26435.242245396963,7.724056682096502,15.0,4.609009791900528,0,0,11.79707904769759
334,0.88264349819141,26479.3049457423,7.683643708421055,15.0,4.4990832344289675,0,0,11.79707904769759
335,0.8841245707627379,26523.737122882136,7.64444963441184,15.0,4.392472182648432,0,0,11.79707904769759
336,0.885617594581618,26568.527837448542,7.606486074118866,15.0,4.2892082277144254,0,0,11.79707904769759
337,0.8871222014610407,26613.66604383122,7.569764276964365,15.0,4.189321968965402,0,0,11.79707904769759
338,0.8886380197816848,26659.140593450542,7.5342951244093594,15.0,4.092843004855561,0,0,11.79707904769759
339,0.8901646746020372,26704.940238061117,7.500089126729234,15.0,3.9997999241841455,0,0,11.79707904769759
340,0.8917017877694966,26751.0536330849,7.4671564198993305,15.0,3.9102202976240044,0,0,11.79707904769759
341,0.8932489780324273,26797.46934097282,7.435506762591424,15.0,3.8241306695517587,0,0,11.79707904769759
342,0.894805861153133,26844.17583459399,7.405149533282037,15.0,3.7415565501821897,0,0,11.79707904769759
343,0.896372050021714,26891.161500651422,7.376093727473371,15.0,3.6625224080089493,0,0,11.79707904769759
344,0.8979471547707774,26938.41464312332,7.348347955027768,15.0,3.587051662554069,0,0,11.79707904769759
345,0.8995307828909617,26985.92348672885,7.321920437616401,15.0,3.5151666774282098,0,0,11.79707904769759
346,0.9011225393472471,27033.676180417413,7.2968190062830365,15.0,3.4468887537038784,0,0,11.79707904769759
347,0.9027220266960122,27081.660800880367,7.273051099123507,15.0,3.3822381236034254,0,0,11.79707904769759
348,0.9043288452028054,27129.865356084163,7.250623759081662,15.0,3.3212339445038324,0,0,11.79707904769759
349,0.9059425929607947,27178.27778882384,7.229543631862373,15.0,3.263894293259934,0,0,11.79707904769759
350,0.9075628660098614,27226.88598029584,7.209816963962284,15.0,3.210236160847894,0,0,11.79707904769759
351,0.909189258456302,27275.677753689062,7.191449600818831,15.0,3.1602754473303802,0,0,11.79707904769759
352,0.9108213625931043,27324.64087779313,7.174446985078111,15.0,3.114026957145045,0,0,11.79707904769759
353,0.912458769020758,27373.76307062274,7.158814154982116,15.0,3.0715043947176603,0,0,11.79707904769759
354,0.9141010667685701,27423.032003057102,7.144555742875789,15.0,3.0327203604011834,0,0,11.79707904769759
355,0.915747843416444,27472.43530249332,7.131675973834357,15.0,2.997686346742009,0,0,11.79707904769759
356,0.9173986852170879,27521.960556512637,7.120178664411354,15.0,2.9664127350744804,0,0,11.79707904769759
357,0.9190531772186178,27571.595316558534,7.110067221507696,15.0,2.938908792444674,0,0,11.79707904769759
358,0.9207109033875165,27621.327101625495,7.101344641362139,15.0,2.9151826688643805,0,0,11.79707904769759
359,0.9223714467319127,27671.143401957383,7.094013508663426,15.0,2.8952413948960585,0,0,11.79707904769759
360,0.9240343894251458,27721.031682754376,7.088075995784397,15.0,2.8790908795695587,0,0,11.79707904769759
361,0.9256993129295763,27770.979387887288,7.083533862138259,15.0,2.8667359086311306,0,0,11.79707904769759
362,0.927365798120607,27820.97394361821,7.08038845365724,15.0,2.8581801431253018,0,0,11.79707904769759
363,0.9290334254108799,27871.002762326396,7.078640702393753,15.0,2.8534261183100407,0,0,11.79707904769759
364,0.9307017748746079,27921.053246238236,7.078291126244221,15.0,2.852475242905502,0,0,11.79707904769759
365,0.9323704263720086,27971.11279116026,7.0793398287956,15.0,2.8553277986765884,0,0,11.79707904769759
366,0.9340389596738007,28021.168790214022,7.08178649929469,15.0,2.8619829403494617,0,0,11.79707904769759
367,0.9357069545857263,28071.208637571788,7.08563041274022,15.0,2.872438695862016,0,0,11.79707904769759
368,0.9373739910730642,28121.219732191927,7.0908704300976755,15.0,2.886691966948238,0,0,11.79707904769759
369,0.9390396493850953,28171.18948155286,7.097504998636828,15.0,2.9047385300562896,0,0,11.79707904769759
370,0.9407035101794834,28221.105305384503,7.105532152391832,15.0,2.926573037600055,0,0,11.79707904769759
371,0.9423651546465357,28270.95463939607,7.114949512743791,15.0,2.952189019543715,0,0,11.79707904769759
372,0.9440241646333047,28320.72493899914,7.125754289125586,15.0,2.9815788853189837,0,0,11.79707904769759
373,0.9456801227674968,28370.403683024902,7.137943279848791,15.0,3.014733926074344,0,0,11.79707904769759
374,0.9473326125811476,28419.97837743443,7.151512873052397,15.0,3.0516443172556773,0,0,11.79707904769759
375,0.9489812186340316,28469.43655902095,7.166459047773077,15.0,3.092299121517489,0,0,11.79707904769759
376,0.9506255266367648,28518.765799102945,7.182777375136702,15.0,3.136686291963867,0,0,11.79707904769759
377,0.9522651235735685,28567.953707207056,7.20046301967069,15.0,3.1847926757182576,0,0,11.79707904769759
378,0.9538995978246545,28616.987934739635,7.219510740736883,15.0,3.236604017820936,0,0,11.79707904769759
379,0.9555285392881969,28665.856178645907,7.2399148940844436,15.0,3.29210496545305,0,0,11.79707904769759
380,0.9571515395018542,28714.546185055624,7.261669433522377,15.0,3.351279072486016,0,0,11.79707904769759
381,0.9587681917638053,28763.04575291416,7.284767912711147,15.0,3.4141088043548313,0,0,11.79707904769759
382,0.9603780912532646,28811.342737597937,7.309203487072863,15.0,3.4805755432539716,0,0,11.79707904769759
383,0.9619808351504382,28859.425054513147,7.334968915819479,15.0,3.5506595936542276,0,0,11.79707904769759
384,0.963576022755889,28907.280682676672,7.362056564098397,15.0,3.6243401881389365,0,0,11.79707904769759
385,0.9651632556092721,28954.89766827816,7.390458405254826,15.0,3.7015954935577815,0,0,11.79707904769759
386,0.9667421376074071,29002.264128222214,7.420166023210275,15.0,3.78240261749647,0,0,11.79707904769759
387,0.9683122751216527,29049.368253649583,7.451170614956398,15.0,3.866737615060215,0,0,11.79707904769759
388,0.9698732771145466,29096.198313436398,7.48346299316353,15.0,3.9545754959691424,0,0,11.79707904769759
389,0.9714247552556786,29142.74265767036,7.517033588903077,15.0,4.045890231963435,0,0,11.79707904769759
390,0.9729663240367614,29188.989721102844,7.551872454483013,15.0,4.140654764516099,0,0,11.79707904769759
391,0.974497600885865,29234.92802657595,7.587969266395579,15.0,4.238841012850937,0,0,11.79707904769759
392,0.976018206280781,29280.54618842343,7.625313328376376,15.0,4.340419882263548,0,0,11.79707904769759
393,0.9775277638614828,29325.832915844483,7.663893574573883,15.0,4.44536127274266,0,0,11.79707904769759
394,0.9790259005416501,29370.777016249504,7.703698572828527,15.0,4.553634087889469,0,0,11.79707904769759
395,0.9805122466192217,29415.36739857665,7.744716528060261,15.0,4.665206244132118,0,0,11.79707904769759
396,0.9819864358859463,29459.59307657839,7.78693528576371,15.0,4.780044680232789,0,0,11.79707904769759
397,0.9834481057358981,29503.443172076943,7.8303423356098065,15.0,4.898115367084444,0,0,11.79707904769759
398,0.9848968972729246,29546.90691818774,7.874924815152888,15.0,5.019383317794407,0,0,11.79707904769759
399,0.9863324554169957,29589.97366250987,7.920669513642092,15.0,5.143812598051694,0,0,11.79707904769759
400,0.9877544290094208,29632.632870282625,7.967562875936006,15.0,5.271366336775172,0,0,11.79707904769759
401,0.9891624709169055,29674.874127507162,8.015591006519342,15.0,5.402006737039212,0,0,11.79707904769759
402,0.990556238134414,29716.687144032418,8.064739673620476,15.0,5.535695087273771,0,0,11.79707904769759
403,0.9919353918868091,29758.061756604275,8.114994313428626,15.0,5.6723917727354385,0,0,11.79707904769759
404,0.9932995977292395,29798.987931877185,8.16634003440944,15.0,5.812056287246168,0,0,11.79707904769759
405,0.9946485256462413,29839.455769387238,8.218761621717658,15.0,5.954647245196093,0,0,11.79707904769759
406,0.99598185014953,29879.4555044859,8.272243541705608,15.0,6.10012239380701,0,0,11.79707904769759
407,0.9972992503744494,29918.977511233483,8.326769946526161,15.0,6.248438625652767,0,0,11.79707904769759
408,0.9986004101750506,29958.01230525152,8.382324678828798,15.0,6.399551991432957,0,0,11.79707904769759
409,0.9998850182177731,29996.55054653319,8.438891276547364,15.0,6.553417712995987,0,0,11.79707904769759
410,1.0,30000.0,8.496452977778153,15.0,6.709990196607885,0,0,11.79707904769759
411,1.0,30000.0,8.5549927257468,15.0,6.869223046462627,0,0,11.79707904769759
412,1.0,30000.0,8.614493173862598,15.0,7.031069078430292,0,0,11.79707904769759
413,1.0,30000.0,8.674936690858638,15.0,7.195480334038665,0,0,11.79707904769759
414,1.0,30000.0,8.736305366016364,15.0,7.362408094684444,0,0,11.79707904769759
415,1.0,30000.0,8.798581014472878,15.0,7.531802896069542,0,0,11.79707904769759
416,1.0,30000.0,8.86174518260952,15.0,7.703614542858464,0,0,11.79707904769759
417,1.0,30000.0,8.925779153520084,15.0,7.877792123552284,0,0,11.79707904769759
418,1.0,30000.0,8.990663952557018,15.0,8.054284025574763,0,0,11.79707904769759
419,1.0,30000.0,9.056380352954042,15.0,8.233037950566342,0,0,11.79707904769759
420,1.0,30000.0,9.12290888152344,15.0,8.414000929881206,0,0,11.79707904769759
421,1.0,30000.0,9.190229824426396,15.0,8.597119340283097,0,0,11.79707904769759
422,1.0,30000.0,9.258323233014625,15.0,8.782338919834997,0,0,11.79707904769759
423,1.0,30000.0,9.327168929741575,15.0,8.96960478397809,0,0,11.79707904769759
424,1.0,30000.0,9.396746514141505,15.0,9.158861441795331,0,0,11.79707904769759
425,1.0,30000.0,9.467035368874543,15.0,9.350052812454496,0,0,11.79707904769759
426,1.0,30000.0,9.53801466583608,15.0,9.543122241826229,0,0,11.79707904769759
427,1.0,30000.0,9.609663372328562,15.0,9.738012519271807,0,0,11.79707904769759
428,1.0,30000.0,9.681960257293959,15.0,9.93466589459597,0,0,11.79707904769759
429,1.0,30000.0,9.754883897604948,15.0,10.13302409515946,0,0,11.79707904769759
430,1.0,30000.0,9.828412684413095,15.0,10.333028343146546,0,0,11.79707904769759
431,1.0,30000.0,9.90252482955198,15.0,10.534619372982093,0,0,11.79707904769759
432,1.0,30000.0,9.977198371993532,15.0,10.73773744889328,0,0,11.79707904769759
433,1.0,30000.0,10.052411184355538,15.0,10.942322382610566,0,0,11.79707904769759
434,1.0,30000.0,10.128140979458466,15.0,11.148313551202769,0,0,11.79707904769759
435,1.0,30000.0,10.20436531692965,15.0,11.355649915041006,0,0,11.79707904769759
436,1.0,30000.0,10.281061609852832,15.0,11.564270035885967,0,0,11.79707904769759
437,1.0,30000.0,10.35820713146119,15.0,11.774112095093471,0,0,11.79707904769759
438,1.0,30000.0,10.435779021871722,15.0,11.985113911932594,0,0,11.79707904769759
439,1.0,30000.0,10.513754294859178,15.0,12.197212962011246,0,0,11.79707904769759
440,1.0,30000.0,10.592109844667302,15.0,12.410346395803362,0,0,11.79707904769759
441,1.0,30000.0,10.670822452855662,15.0,12.624451057272779,0,0,11.79707904769759
442,1.0,30000.0,10.749868795179669,15.0,12.839463502587481,0,0,11.79707904769759
443,1.0,30000.0,10.829225448502159,15.0,13.05532001891964,0,0,11.79707904769759
444,1.0,30000.0,10.908868897734077,15.0,13.271956643324856,0,0,11.79707904769759
445,1.0,30000.0,10.98877554280257,15.0,13.489309181695914,0,0,11.79707904769759
446,1.0,30000.0,11.068921705644186,15.0,13.70731322778487,0,0,11.79707904769759
447,1.0,30000.0,11.14928363722117,15.0,13.925904182287928,0,0,11.79707904769759
448,1.0,30000.0,11.229837524558853,15.0,14.145017271987712,0,0,11.79707904769759
449,1.0,30000.0,11.310559497801911,15.0,14.364587568946877,0,0,11.79707904769759
450,1.0,30000.0,11.391425637287561,15.0,14.58455000974774,0,0,11.79707904769759
451,1.0,30000.0,11.472411980633428,15.0,14.804839414771894,0,0,11.79707904769759
452,1.0,30000.0,11.553494529838161,15.0,15.025390507514413,0,0,11.79707904769759
453,1.0,30000.0,11.63464925839252,15.0,15.246137933926626,0,0,11.79707904769759
454,1.0,30000.0,11.715852118398967,15.0,15.467016281781955,0,0,11.79707904769759
455,1.0,30000.0,11.797079047697594,15.0,15.687960100059023,0,0,11.79707904769759
456,1.0,30000.0,11.87830597699621,15.0,15.908903918336057,0,0,11.79707904769759
457,1.0,30000.0,11.959508837002666,15.0,16.12978226619141,0,0,11.79707904769759
458,1.0,30000.0,12.040663565557013,15.0,16.3505296926036,0,0,11.79707904769759
459,1.0,30000.0,12.12174611476175,15.0,16.571080785346133,0,0,11.79707904769759
460,1.0,30000.0,12.202732458107619,15.0,16.791370190370284,0,0,11.79707904769759
461,1.0,30000.0,12.283598597593269,15.0,17.011332631171147,0,0,11.79707904769759
462,1.0,30000.0,12.364320570836329,15.0,17.230902928130313,0,0,11.79707904769759
463,1.0,30000.0,12.44487445817401,15.0,17.4500160178301,0,0,11.79707904769759
464,1.0,30000.0,12.525236389750997,15.0,17.66860697233317,0,0,11.79707904769759
465,1.0,30000.0,12.60538255259261,15.0,17.886611018422112,0,0,11.79707904769759
466,1.0,30000.0,12.685289197661108,15.0,18.103963556793182,0,0,11.79707904769759
467,0.9999948097282815,29999.844291848443,12.76493264689302,15.0,18.320600181198387,0,0,11.79707904769759
468,0.9999656460402518,29998.969381207557,12.844289300215506,15.0,18.536456697530532,0,0,11.79707904769759
469,0.9999125918059112,29997.377754177334,12.923335642539518,15.0,18.751469142845245,0,0,11.79707904769759
470,0.9998357369745433,29995.0721092363,13.002048250727874,15.0,18.96557380431465,0,0,11.79707904769759
471,0.999735178548063,29992.05535644189,13.080403800536,15.0,19.178707238106778,0,0,11.79707904769759
472,0.9996110205522719,29988.330616568157,13.158379073523452,15.0,19.390806288185424,0,0,11.79707904769759
473,0.9994633740060332,29983.901220180996,13.235950963933986,15.0,19.60180810502454,0,0,11.79707904769759
474,0.9992923568883747,29978.77070665124,13.313096485542342,15.0,19.81165016423205,0,0,11.79707904769759
475,0.9990980941035287,29972.94282310586,13.389792778465534,15.0,20.02027028507703,0,0,11.79707904769759
476,0.9988807174439204,29966.42152331761,13.466017115936715,15.0,20.227606648915256,0,0,11.79707904769759
477,0.998640365551115,29959.21096653345,13.541746911039645,15.0,20.43359781750747,0,0,11.79707904769759
478,0.9983771838747352,29951.315516242055,13.616959723401648,15.0,20.638182751224747,0,0,11.79707904769759
479,0.998091324629361,29942.73973888083,13.6916332658432,15.0,20.84130082713593,0,0,11.79707904769759
480,0.9977829467494259,29933.488402482777,13.765745410982086,15.0,21.04289185697148,0,0,11.79707904769759
481,0.9974522158421205,29923.566475263615,13.839274197790232,15.0,21.242896104958568,0,0,11.79707904769759
482,0.99709930413832,29912.979124149602,13.912197838101221,15.0,21.441254305522055,0,0,11.79707904769759
483,0.9967243904415484,29901.731713246452,13.984494723066614,15.0,21.63790768084622,0,0,11.79707904769759
484,0.9963276600749947,29889.829802249842,14.0561434295591,15.0,21.8327979582918,0,0,11.79707904769759
485,0.9959093048265982,29877.279144797947,14.12712272652064,15.0,22.02586738766353,0,0,11.79707904769759
486,0.9954695228922175,29864.085686766524,14.197411581253679,15.0,22.217058758322704,0,0,11.79707904769759
487,0.9950085188169004,29850.255564507013,14.266989165653605,15.0,22.406315416139936,0,0,11.79707904769759
488,0.9945265034342735,29835.795103028206,14.335834862380558,15.0,22.593581280283036,0,0,11.79707904769759
489,0.9940236938040669,29820.710814122005,14.403928270968782,15.0,22.778800859834917,0,0,11.79707904769759
490,0.993500313147795,29805.009394433848,14.471249213871738,15.0,22.961919270236812,0,0,11.79707904769759
491,0.9929565907826112,29788.697723478337,14.537777742441135,15.0,23.142882249551672,0,0,11.79707904769759
492,0.9923927620533568,29771.782861600703,14.603494142838162,15.0,23.321636174543265,0,0,11.79707904769759
493,0.9918090682628219,29754.272047884657,14.668378941875094,15.0,23.498128076565735,0,0,11.79707904769759
494,0.9912057566002433,29736.1726980073,14.73241291278566,15.0,23.67230565725956,0,0,11.79707904769759
495,0.9905830800680568,29717.492402041706,14.7955770809223,15.0,23.844117304048478,0,0,11.79707904769759
496,0.9899412974069269,29698.23892220781,14.857852729378816,15.0,24.013512105433584,0,0,11.79707904769759
497,0.9892806730190766,29678.4201905723,14.919221404536541,15.0,24.18043986607936,0,0,11.79707904769759
498,0.9886014768899388,29658.044306698164,14.979664921532585,15.0,24.344851121687736,0,0,11.79707904769759
499,0.9879039845081544,29637.119535244634,15.03916536964838,15.0,24.506697153655402,0,0,11.79707904769759
500,0.9871884767839391,29615.65430351817,15.097705117617028,15.0,24.665930003510137,0,0,11.79707904769759
501,0.9864552399658426,29593.657198975277,15.155266818847817,15.0,24.82250248712204,0,0,11.79707904769759
502,0.9857045655559282,29571.13696667785,15.211833416566382,15.0,24.976368208685074,0,0,11.79707904769759
503,0.9849367502233944,29548.102506701834,15.267388148869019,15.0,25.127481574465264,0,0,11.79707904769759
504,0.9841520957166644,29524.562871499933,15.321914553689572,15.0,25.275797806311015,0,0,11.79707904769759
505,0.9833509087739724,29500.52726321917,15.375396473677522,15.0,25.421272954921932,0,0,11.79707904769759
506,0.98253350103247,29476.0050309741,15.42781806098574,15.0,25.56386391287186,0,0,11.79707904769759
507,0.9817001889358816,29451.00566807645,15.479163781966552,15.0,25.70352842738258,0,0,11.79707904769759
508,0.9808512936407358,29425.53880922207,15.529418421774707,15.0,25.840225112844262,0,0,11.79707904769759
509,0.979987140921198,29399.61422763594,15.578567088875838,15.0,25.97391346307881,0,0,11.79707904769759
510,0.979108061072539,29373.24183217617,15.626595219459174,15.0,26.104553863342865,0,0,11.79707904769759
511,0.9782143888132595,29346.431664397784,15.673488581753087,15.0,26.23210760206633,0,0,11.79707904769759
512,0.9773064631859065,29319.193895577195,15.719233280242294,15.0,26.356536882323624,0,0,11.79707904769759
513,0.9763846274566075,29291.538823698225,15.763815759785372,15.0,26.47780483303358,0,0,11.79707904769759
514,0.9754492290133537,29263.476870400613,15.807222809631474,15.0,26.595875519885247,0,0,11.79707904769759
515,0.9745006192630608,29235.018577891824,15.84944156733492,15.0,26.71071395598591,0,0,11.79707904769759
516,0.97353915352744,29206.174605823202,15.890459522566651,15.0,26.82228611222856,0,0,11.79707904769759
517,0.9725651909377087,29176.95572813126,15.930264520821298,15.0,26.93055892737537,0,0,11.79707904769759
518,0.9715790943281712,29147.37282984514,15.968844767018807,15.0,27.035500317854478,0,0,11.79707904769759
519,0.9705812301287047,29117.43690386114,16.0061888289996,15.0,27.137079187267087,0,0,11.79707904769759
520,0.9695719682561762,29087.159047685287,16.042285640912166,15.0,27.23526543560193,0,0,11.79707904769759
521,0.9685516820048301,29056.550460144903,16.077124506492105,15.0,27.330029968154594,0,0,11.79707904769759
522,0.9675207479356717,29025.62243807015,16.110695102231652,15.0,27.421344704148886,0,0,11.79707904769759
523,0.9664795457648846,28994.386372946537,16.14298748043878,15.0,27.509182585057815,0,0,11.79707904769759
524,0.9654284582513125,28962.853747539375,16.1739920721849,15.0,27.59351758262156,0,0,11.79707904769759
525,0.9643678710830397,28931.03613249119,16.203699690140354,15.0,27.67432470656025,0,0,11.79707904769759
526,0.9632981727631029,28898.945182893087,16.232101531296784,15.0,27.751580011979094,0,0,11.79707904769759
527,0.96221975449437,28866.5926348311,16.2591891795757,15.0,27.8252606064638,0,0,11.79707904769759
528,0.9611330100636176,28833.99030190853,16.28495460832232,15.0,27.895344656864065,0,0,11.79707904769759
529,0.9600383357248441,28801.150071745324,16.309390182684034,15.0,27.961811395763196,0,0,11.79707904769759
530,0.9589361300818505,28768.083902455517,16.332488661872805,15.0,28.024641127632016,0,0,11.79707904769759
531,0.957826793970126,28734.80381910378,16.354243201310737,15.0,28.08381523466498,0,0,11.79707904769759
532,0.9567107303380714,28701.321910142142,16.374647354658297,15.0,28.139316182297094,0,0,11.79707904769759
533,0.9555883441275971,28667.65032382791,16.39369507572449,15.0,28.191127524399768,0,0,11.79707904769759
534,0.9544600421541299,28633.801264623897,16.41138072025848,15.0,28.239233908154166,0,0,11.79707904769759
535,0.953326232986065,28599.78698958195,16.427699047622102,15.0,28.283621078600543,0,0,11.79707904769759
536,0.9521873268236979,28565.619804710936,16.442645222342783,15.0,28.324275882862352,0,0,11.79707904769759
537,0.9510437353776736,28531.31206133021,16.45621481554639,15.0,28.361186274043686,0,0,11.79707904769759
538,0.949895871746988,28496.87615240964,16.4684038062696,15.0,28.394341314799043,0,0,11.79707904769759
539,0.9487441502965773,28462.32450889732,16.479208582651392,15.0,28.423731180574315,0,0,11.79707904769759
540,0.947588986534533,28427.66959603599,16.48862594300335,15.0,28.449347162517974,0,0,15.79707904769759
541,0.9462443479758499,28387.330439275498,22.09012349059384,15.0,28.47118167006174,0,0,15.79707904769759
542,0.9448970260729458,28346.910782188374,22.099007622270555,15.0,28.48922823316979,0,0,15.79707904769759
543,0.9435474547850032,28306.423643550097,22.106024356503866,15.0,28.503481504256015,0,0,15.79707904769759
544,0.9421960687377463,28265.88206213239,22.111171614083986,15.0,28.513937259768568,0,0,15.79707904769759
545,0.9408433030946516,28225.29909283955,22.114447869767407,15.0,28.52059240144144,0,0,15.79707904769759
546,0.9394895934279993,28184.68780283998,22.115852152728863,15.0,28.523444957212533,0,0,15.79707904769759
547,0.9381353755898046,28144.06126769414,22.11538404684901,15.0,28.52249408180799,0,0,15.79707904769759
548,0.9367810855826647,28103.43256747994,22.113043690837713,15.0,28.517740056992732,0,0,15.79707904769759
549,0.9354271594305619,28062.814782916856,22.10883177819298,15.0,28.509184291486903,0,0,15.79707904769759
550,0.9340740330496605,28022.220991489816,22.102749556995413,15.0,28.49682932054847,0,0,15.79707904769759
551,0.9327221421191355,27981.664263574065,22.09479882953843,15.0,28.48067880522197,0,0,15.79707904769759
552,0.9313719219520709,27941.157658562126,22.08498195179416,15.0,28.460737531253653,0,0,15.79707904769759
553,0.9300238073664677,27900.714220994032,22.073301832715348,15.0,28.437011407673356,0,0,15.79707904769759
554,0.9286782325563978,27860.346976691933,22.059761933373355,15.0,28.409507465043554,0,0,15.79707904769759
555,0.9273356309633426,27820.068928900277,22.044366265932574,15.0,28.378233853376024,0,0,15.79707904769759
556,0.925996435147755,27779.89305443265,22.02711939246152,15.0,28.343199839716846,0,0,15.79707904769759
557,0.9246610766608828,27739.832299826485,22.008026423581036,15.0,28.304415805400374,0,0,15.79707904769759
558,0.9233299859168904,27699.899577506712,21.987093016949856,15.0,28.261893242972988,0,0,15.79707904769759
559,0.9220035920653178,27660.107761959534,21.964325375588142,15.0,28.215644752787654,0,0,15.79707904769759
560,0.9206823228639144,27620.469685917433,21.939730246039396,15.0,28.16568403927014,0,0,15.79707904769759
561,0.9193666045518853,27580.99813655656,21.913314916371313,15.0,28.112025906858094,0,0,15.79707904769759
562,0.9180568617235874,27541.705851707622,21.88508721401616,15.0,28.0546862556142,0,0,15.79707904769759
563,0.9167535172027123,27502.605516081367,21.855055503451347,15.0,27.993682076514606,0,0,15.79707904769759
564,0.9154569919169954,27463.70975750986,21.823228683720856,15.0,27.929031446414157,0,0,15.79707904769759
565,0.9141677047734854,27425.031143204564,21.789616185798256,15.0,27.860753522689823,0,0,15.79707904769759
566,0.9128860725344136,27386.582176032407,21.754227969792087,15.0,27.788868537563967,0,0,15.79707904769759
567,0.9116125096936974,27348.375290810924,21.7170745219945,15.0,27.71339779210908,0,0,15.79707904769759
568,0.9103474283541177,27310.422850623534,21.678166851773913,15.0,27.634363649935846,0,0,15.79707904769759
569,0.9090912381052036,27272.737143156108,21.637516488312706,15.0,27.551789530566275,0,0,15.79707904769759
570,0.9078443459018616,27235.33037705585,21.595135477190887,15.0,27.465699902494038,0,0,15.79707904769759
571,0.9066071559437873,27198.21467831362,21.551036376816693,15.0,27.376120275933886,0,0,15.79707904769759
572,0.9053800695556912,27161.402086670736,21.505232254705316,15.0,27.28307719526247,0,0,15.79707904769759
573,0.9041634850683781,27124.904552051343,21.457736683606672,15.0,27.186598231152637,0,0,15.79707904769759
574,0.902957797700713,27088.73393102139,21.408563737483504,15.0,27.08671197240361,0,0,15.79707904769759
575,0.9017633994425092,27052.901983275275,21.357727987341,15.0,26.9834480174696,0,0,15.79707904769759
576,0.900580678938373,27017.42036815119,21.30524449690904,15.0,26.87683696568906,0,0,15.79707904769759
577,0.8994100213725402,26982.300641176207,21.251128818178536,15.0,26.766910408217502,0,0,15.79707904769759
578,0.8982518083547381,26947.55425064214,21.195396986793007,15.0,26.653700918666306,0,0,15.79707904769759
579,0.897106417807105,26913.19253421315,21.13806551729688,15.0,26.53724204345049,0,0,15.79707904769759
580,0.8959742238522055,26879.226715566165,21.079151398241876,15.0,26.41756829184815,0,0,15.79707904769759
581,0.8948555967021683,26845.667901065048,21.018672087152954,15.0,26.294715125774687,0,0,15.79707904769759
582,0.8937509025489851,26812.527076469556,20.956645505355233,15.0,26.16871894927459,0,0,15.79707904769759
583,0.8926605034560006,26779.815103680015,20.893090032663537,15.0,26.039617097734144,0,0,15.79707904769759
584,0.8915847572506235,26747.542717518703,20.82802450193608,15.0,25.90744782681825,0,0,15.79707904769759
585,0.8905240174182963,26715.72052254889,20.761468193493837,15.0,25.772250301134306,0,0,15.79707904769759
586,0.8894786329977495,26684.358989932487,20.6934408294074,15.0,25.634064582626984,0,0,15.79707904769759
587,0.8884489484775735,26653.468454327205,20.623962567652892,15.0,25.49293161870694,0,0,15.79707904769759
588,0.8874353036941393,26623.05911082418,20.553053996138757,15.0,25.348893230117323,0,0,15.79707904769759
589,0.8864380337308978,26593.141011926935,20.48073612660505,15.0,25.201992098541254,0,0,15.79707904769759
590,0.8854574688190872,26563.724064572616,20.40703038839726,15.0,25.05227175395441,0,0,15.79707904769759
591,0.8844939342398787,26534.81802719636,20.331958622116318,15.0,24.8997765617261,0,0,15.79707904769759
592,0.8835477502279881,26506.432506839643,20.255543073146757,15.0,24.74455170947292,0,0,15.79707904769759
593,0.8826192318767837,26478.57695630351,20.177806385064926,15.0,24.58664319366863,0,0,15.79707904769759
594,0.8817086890449174,26451.26067134752,20.098771592929204,15.0,24.42609780601439,0,0,15.79707904769759
595,0.8808164262645067,26424.492787935204,20.01846211645419,15.0,24.26296311957342,0,0,15.79707904769759
596,0.8799427426508956,26398.282279526866,19.936901753070995,15.0,24.097287474674037,0,0,15.79707904769759
597,0.8790879318140193,26372.63795442058,19.854114670875514,15.0,23.929119964585414,0,0,15.79707904769759
598,0.8782522817714029,26347.56845314209,19.770125401466885,15.0,23.758510420970143,0,0,15.79707904769759
599,0.8774360748628138,26323.082245884416,19.684958832678266,15.0,23.58550939911804,0,0,15.79707904769759
600,0.8766395876665998,26299.187629997992,19.598640201202038,15.0,23.410168162965533,0,0,15.79707904769759
601,0.8758630909177317,26275.89272753195,19.511195085111616,15.0,23.232538669905107,0,0,15.79707904769759
602,0.87510684942758,26253.2054828274,19.422649396282132,15.0,23.052673555389095,0,0,15.79707904769759
603,0.8743711220054445,26231.133660163337,19.33302937271213,15.0,22.87062611733272,0,0,15.79707904769759
604,0.8736561613818642,26209.684841455924,19.242361570748777,15.0,22.68645030032081,0,0,15.79707904769759
605,0.8729622141337269,26188.866424011805,19.150672857218556,15.0,22.50020067962278,0,0,15.79707904769759
606,0.8722895206112042,26168.685618336127,19.0579904014661,15.0,22.311932445020826,0,0,15.79707904769759
607,0.8716383148665303,26149.14944599591,18.964341667303273,15.0,22.12170138445601,0,0,15.79707904769759
608,0.8710088245846467,26130.2647375394,18.869754404871145,15.0,21.929563867497144,0,0,15.79707904769759
609,0.870401271015735,26112.038130472047,18.774256642416912,15.0,21.73557682863712,0,0,15.79707904769759
610,0.8698158689096546,26094.476067289637,18.67787667798863,15.0,21.539797750422203,0,0,15.79707904769759
611,0.8692528264523092,26077.584793569276,18.58064307104976,15.0,21.342284646418435,0,0,15.79707904769759
612,0.8687123452039557,26061.37035611867,18.482584634016554,15.0,21.14309604402129,0,0,15.79707904769759
613,0.8681946200394777,26045.83860118433,18.383730423720156,15.0,20.942290967112452,0,0,15.79707904769759
614,0.8676998390906401,26030.995172719202,18.28410973279654,15.0,20.73992891856998,0,0,15.79707904769759
615,0.8672281836903416,26016.84551071025,18.18375208100641,15.0,20.536069862636165,0,0,15.79707904769759
616,0.8667798283188821,26003.394849566463,18.082687206487883,15.0,20.3307742071489,0,0,15.79707904769759
617,0.8663549405522596,25990.648216567788,17.980945056944453,15.0,20.124102785641583,0,0,15.79707904769759
618,0.8659536810125146,25978.610430375436,17.87855578077079,15.0,19.916116839316736,0,0,15.79707904769759
619,0.8655762033201335,25967.286099604007,17.775549718119173,15.0,19.706877998898953,0,0,15.79707904769759
620,0.8652226540485292,25956.679621455874,17.671957391909004,15.0,19.49644826637236,0,0,15.79707904769759
621,0.8648931726806058,25946.795180418176,17.567809498782267,15.0,19.28488999660821,0,0,15.79707904769759
622,0.8645878915674291,25937.636747022872,17.46313690000738,15.0,19.07226587888761,0,0,15.79707904769759
623,0.8643069358890066,25929.2080766702,17.357970612334384,15.0,18.858638918325436,0,0,15.79707904769759
624,0.8640504236171948,25921.512708515842,17.252341798803975,15.0,18.64407241720054,0,0,15.79707904769759
625,0.8638184654807409,25914.553964422226,17.14628175951327,15.0,18.428629956197945,0,0,15.79707904769759
626,0.8636111649324724,25908.33494797417,17.0398219223409,15.0,18.21237537556852,0,0,15.79707904769759
627,0.8634286181186406,25902.858543559218,16.932993833634153,15.0,17.995372756211573,0,0,15.79707904769759
628,0.8632709138504318,25898.127415512954,16.825829148861303,15.0,17.777686400686584,0,0,15.79707904769759
629,0.8631381335776495,25894.144007329483,16.718359623231223,15.0,17.559380814158715,0,0,15.79707904769759
630,0.8630303513645793,25890.910540937377,16.610617102283754,15.0,17.34052068528471,0,0,15.79707904769759
631,0.8629476338680424,25888.42901604127,16.502633512453126,15.0,17.121170867044125,0,0,15.79707904769759
632,0.8628900403176437,25886.70120952931,16.394440851607477,15.0,16.90139635752206,0,0,15.79707904769759
633,0.8628576224982204,25885.72867494661,16.286071179567198,15.0,16.681262280648788,0,0,15.79707904769759
634,0.8628504247344974,25885.51274203492,16.17755660860494,15.0,16.460833866902213,0,0,15.79707904769759
635,0.8628684838779526,25886.054516338576,16.068929293930008,15.0,16.24017643397854,0,0,15.79707904769759
636,0.8629118292958974,25887.354878876922,15.960221424160096,15.0,16.0193553674373,0,0,15.79707904769759
637,0.8629804828627743,25889.41448588323,15.851465211783152,15.0,15.79843610132626,0,0,15.79707904769759
638,0.8630744589536753,25892.23376861026,15.742692883612035,15.0,15.57748409879178,0,0,15.79707904769759
639,0.8631937644400816,25895.812933202447,15.63393667123509,15.0,15.356564832680743,0,0,15.79707904769759
640,0.863338398687828,25900.15196063484,15.525228801465179,15.0,15.135743766139502,0,0,15.79707904769759
641,0.863508353557291,25905.25060671873,15.416601486790245,15.0,14.915086333215829,0,0,15.79707904769759
642,0.8637036134058,25911.108402174003,15.308086915827987,15.0,14.694657919469254,0,0,15.79707904769759
643,0.8639241550922734,25917.7246527682,15.199717243787717,15.0,14.474523842596003,0,0,15.79707904769759
644,0.8641699479840746,25925.09843952224,15.091524582942059,15.0,14.254749333073917,0,0,15.79707904769759
645,0.8644409539660911,25933.228618982732,14.983540993111419,15.0,14.035399514833308,0,0,15.79707904769759
646,0.8647371274520265,25942.113823560794,14.875798472163952,15.0,13.816539385959304,0,0,15.79707904769759
647,0.8650584153979104,25951.75246193731,14.768328946533881,15.0,13.598233799431455,0,0,15.79707904769759
648,0.8654047573178157,25962.142719534473,14.66116426176103,15.0,13.380547443906469,0,0,15.79707904769759
649,0.8657760853017826,25973.282559053478,14.554336173054292,15.0,13.163544824549522,0,0,15.79707904769759
650,0.8661723240359405,25985.169721078215,14.447876335881906,15.0,12.947290243920072,0,0,15.79707904769759
651,0.8665933908248263,25997.80172474479,14.341816296591213,15.0,12.731847782917502,0,0,15.79707904769759
652,0.8670391956158884,26011.17586847665,14.236187483060812,15.0,12.517281281792625,0,0,15.79707904769759
653,0.8675096410261712,26025.289230785136,14.131021195387802,15.0,12.30365432123043,0,0,15.79707904769759
654,0.868004622371172,26040.138671135162,14.026348596612918,15.0,12.09103020350983,0,0,15.79707904769759
655,0.8685240276958611,26055.720830875835,13.922200703486183,15.0,11.879471933745677,0,0,15.79707904769759
656,0.8690677378078564,26072.03213423569,13.818608377276014,15.0,11.66904220121909,0,0,15.79707904769759
657,0.8696356263127426,26089.06878938228,13.715602314624396,15.0,11.459803360801303,0,0,15.79707904769759
658,0.8702275596515253,26106.82678954576,13.613213038450734,15.0,11.251817414476454,0,0,15.79707904769759
659,0.8708433971402064,26125.301914206193,13.511470888907303,15.0,11.045145992969143,0,0,15.79707904769759
660,0.8714829910114724,26144.489730344172,13.410406014388773,15.0,10.839850337481877,0,0,15.79707904769759
661,0.8721461864584812,26164.385593754436,13.310048362598645,15.0,10.635991281548062,0,0,15.79707904769759
662,0.8728328216807341,26184.984650422022,13.210427671675022,15.0,10.433629233005568,0,0,15.79707904769759
663,0.8735427279320213,26206.281837960636,13.111573461378642,15.0,10.232824156096768,0,0,15.79707904769759
664,0.8742757295704247,26228.27188711274,13.013515024345427,15.0,10.033635553699602,0,0,15.79707904769759
665,0.8750316441103648,26250.949323310946,12.916281417406571,15.0,9.836122449695859,0,0,15.79707904769759
666,0.875810282276675,26274.30846830025,12.819901452978266,15.0,9.640343371480899,0,0,15.79707904769759
667,0.8766114480606871,26298.343441820612,12.724403690524042,15.0,9.446356332620896,0,0,15.79707904769759
668,0.8774349387783142,26323.048163349427,12.629816428091912,15.0,9.254218815662028,0,0,15.79707904769759
669,0.8782805451301099,26348.416353903296,12.536167693929087,15.0,9.063987755097212,0,0,15.79707904769759
670,0.8791480512632874,26374.441537898623,12.443485238176628,15.0,8.875719520495263,0,0,15.79707904769759
671,0.8800372348356827,26401.11704507048,12.351796524646408,15.0,8.689469899797231,0,0,15.79707904769759
672,0.8809478670816384,26428.436012449154,12.261128722683058,15.0,8.505294082785325,0,0,15.79707904769759
673,0.8818797128797923,26456.391386393767,12.171508699113055,15.0,8.323246644728943,0,0,15.79707904769759
674,0.8828325308227487,26484.97592468246,12.082963010283564,15.0,8.143381530212931,0,0,15.79707904769759
675,0.8838060732886132,26514.182198658396,11.99551789419315,15.0,7.965752037152507,0,0,15.79707904769759
676,0.8848000865143675,26544.002595431026,11.909199262716927,15.0,7.790410801000021,0,0,15.79707904769759
677,0.8858143106710656,26574.42932013197,11.824032693928302,15.0,7.6174097791479,0,0,15.79707904769759
678,0.8868484799408265,26605.454398224796,11.740043424519664,15.0,7.4468002355326055,0,0,15.79707904769759
679,0.8879023225956016,26637.06967786805,11.65725634232419,15.0,7.278632725444005,0,0,15.79707904769759
680,0.888975561077694,26669.26683233082,11.575695978940992,15.0,7.112957080544614,0,0,15.79707904769759
681,0.8900679120820042,26702.037362460127,11.495386502465983,15.0,6.949822394103646,0,0,15.79707904769759
682,0.8911790866399801,26735.372599199403,11.416351710330247,15.0,6.789277006449394,0,0,15.79707904769759
683,0.8923087902052445,26769.263706157333,11.338615022248419,15.0,6.631368490645102,0,0,15.79707904769759
684,0.8934567227408751,26803.701682226252,11.262199473278868,15.0,6.476143638391937,0,0,15.79707904769759
685,0.8946225788083128,26838.677364249383,11.187127706997934,15.0,6.323648446163647,0,0,15.79707904769759
686,0.8958060476578686,26874.181429736058,11.113421968790139,15.0,6.173928101576784,0,0,15.79707904769759
687,0.8970068133208067,26910.2043996242,11.04110409925643,15.0,6.0270269700007155,0,0,15.79707904769759
688,0.8982245547029715,26946.736641089145,10.970195527742291,15.0,5.882988581411096,0,0,15.79707904769759
689,0.8994589456799359,26983.768370398077,10.900717265987783,15.0,5.741855617491057,0,0,15.79707904769759
690,0.9007096551936385,27021.289655809156,10.832689901901347,15.0,5.603669898983728,0,0,15.79707904769759
691,0.9019763473504832,27059.290420514495,10.766133593459106,15.0,5.468472373299787,0,0,15.79707904769759
692,0.9032586815208717,27097.76044562615,10.701068062731647,15.0,5.3363031023838925,0,0,15.79707904769759
693,0.9045563124401396,27136.689373204186,10.63751259003995,15.0,5.207201250843452,0,0,15.79707904769759
694,0.9058688903108656,27176.06670932597,10.575486008242232,15.0,5.081205074343348,0,0,15.79707904769759
695,0.9071960609065243,27215.881827195728,10.515006697153307,15.0,4.958351908269885,0,0,15.79707904769759
696,0.9085374656764507,27256.12397029352,10.45609257809831,15.0,4.838678156667559,0,0,15.79707904769759
697,0.909892741852087,27296.78225556261,10.398761108602177,15.0,4.7222192814517285,0,0,15.79707904769759
698,0.9112615225544785,27337.845676634355,10.343029277216647,15.0,4.609009791900535,0,0,15.79707904769759
699,0.9126434369029877,27379.30310708963,10.288913598486138,15.0,4.499083234428967,0,0,15.79707904769759
700,0.914038110125194,27421.14330375582,10.236430108054185,15.0,4.392472182648434,0,0,15.79707904769759
701,0.9154451636679478,27463.354910038433,10.185594357911677,15.0,4.289208227714427,0,0,15.79707904769759
702,0.916864215309543,27505.92645928629,10.13642141178851,15.0,4.189321968965398,0,0,15.79707904769759
703,0.9182948792729777,27548.84637818933,10.088925840689862,15.0,4.092843004855557,0,0,15.79707904769759
704,0.9197367663402685,27592.102990208055,10.043121718578488,15.0,3.999799924184147,0,0,15.79707904769759
705,0.9211894839677843,27635.68451903353,9.9990226182043,15.0,3.9102202976240044,0,0,15.79707904769759
706,0.9226526364025653,27679.57909207696,9.956641607082474,15.0,3.8241306695517587,0,0,15.79707904769759
707,0.9241258247995932,27723.774743987793,9.915991243621269,15.0,3.7415565501821915,0,0,15.79707904769759
708,0.9256086473399767,27768.2594201993,9.877083573400684,15.0,3.6625224080089542,0,0,15.79707904769759
709,0.9271006993500208,27813.020980500623,9.839930125603093,15.0,3.5870516625540656,0,0,15.79707904769759
710,0.9286015734211391,27858.047202634174,9.804541909596928,15.0,3.515166677428211,0,0,15.79707904769759
711,0.930110859530578,27903.325785917343,9.770929411674324,15.0,3.44688875370388,0,0,15.79707904769759
712,0.9316281451629158,27948.844354887475,9.739102591943835,15.0,3.3822381236034307,0,0,15.79707904769759
713,0.9331530154322991,27994.590462968972,9.709070881379024,15.0,3.321233944503829,0,0,15.79707904769759
714,0.9346850532053829,28040.551596161487,9.68084317902387,15.0,3.263894293259936,0,0,15.79707904769759
715,0.9362238392249363,28086.71517674809,9.654427849355788,15.0,3.210236160847896,0,0,15.79707904769759
716,0.9377689522340775,28133.068567022325,9.629832719807045,15.0,3.160275447330382,0,0,15.79707904769759
717,0.9393199691011008,28179.599073033023,9.607065078445327,15.0,3.1140269571450467,0,0,15.79707904769759
718,0.9408764649448601,28226.293948345803,9.586131671814146,15.0,3.071504394717664,0,0,15.79707904769759
719,0.9424380132606703,28273.14039782011,9.567038702933658,15.0,3.0327203604011816,0,0,15.79707904769759
720,0.9440041860466898,28320.125581400695,9.549791829462613,15.0,2.997686346742009,0,0,15.79707904769759
721,0.9455745539307467,28367.2366179224,9.534396162021826,15.0,2.9664127350744804,0,0,15.79707904769759
722,0.9471486862975709,28414.460588927126,9.520856262679832,15.0,2.938908792444674,0,0,15.79707904769759
723,0.9487261514163948,28461.784542491845,9.509176143601023,15.0,2.9151826688643787,0,0,15.79707904769759
724,0.9503065165688848,28509.195497066543,9.499359265856755,15.0,2.8952413948960585,0,0,15.79707904769759
725,0.951889348177364,28556.680445320922,9.49140853839977,15.0,2.87909087956956,0,0,15.79707904769759
726,0.9534742119332923,28604.22635799877,9.485326317202205,15.0,2.866735908631129,0,0,15.79707904769759
727,0.9550606729259596,28651.82018777879,9.481114404557468,15.0,2.8581801431253018,0,0,15.79707904769759
728,0.9566482957713608,28699.448873140824,9.478774048546171,15.0,2.8534261183100407,0,0,15.79707904769759
729,0.9582366447412082,28747.099342236244,9.478305942666317,15.0,2.852475242905502,0,0,15.79707904769759
730,0.9598252838920479,28794.758516761438,9.479710225627775,15.0,2.8553277986765884,0,0,15.79707904769759
731,0.9614137771944394,28842.413315833182,9.482986481311196,15.0,2.8619829403494617,0,0,15.79707904769759
732,0.9630016886621598,28890.050659864795,9.488133738891316,15.0,2.872438695862014,0,0,15.79707904769759
733,0.9645885824813968,28937.657474441905,9.495150473124628,15.0,2.886691966948238,0,0,15.79707904769759
734,0.9661740231398891,28985.220694196672,9.50403460480134,15.0,2.9047385300562896,0,0,15.79707904769759
735,0.9677575755559781,29032.727266679343,9.51478350136151,15.0,2.9265730376000567,0,0,15.79707904769759
736,0.9693388052075327,29080.16415622598,9.527393977675098,15.0,2.952189019543713,0,0,15.79707904769759
737,0.9709172782607064,29127.51834782119,9.54186229698582,15.0,2.9815788853189824,0,0,15.79707904769759
738,0.9724925616984927,29174.776850954782,9.558184172018413,15.0,3.0147339260743427,0,0,15.79707904769759
739,0.9740642234490371,29221.926703471112,9.57635476624905,15.0,3.051644317255679,0,0,15.79707904769759
740,0.9756318325136689,29268.954975410066,9.596368695338501,15.0,3.0922991215174873,0,0,15.79707904769759
741,0.9771949590946157,29315.84877283847,9.618220028727649,15.0,3.1366862919638634,0,0,15.79707904769759
742,0.978753174722362,29362.59524167086,9.641902291394818,15.0,3.184792675718254,0,0,15.79707904769759
743,0.9803060523826134,29409.181571478402,9.667408465774471,15.0,3.236604017820934,0,0,15.79707904769759
744,0.9818531666428306,29455.59499928492,9.694730993836673,15.0,3.2921049654530483,0,0,15.79707904769759
745,0.9833940937782945,29501.822813348834,9.723861779326695,15.0,3.3512790724860113,0,0,15.79707904769759
746,0.9849284118976639,29547.852356929918,9.754792190164094,15.0,3.414108804354826,0,0,15.79707904769759
747,0.9864557010679923,29593.67103203977,9.787513061000615,15.0,3.4805755432539702,0,0,15.79707904769759
748,0.9879755434391622,29639.266303174863,9.822014695936051,15.0,3.550659593654226,0,0,15.79707904769759
749,0.9894875233677032,29684.625701031095,9.858286871391359,15.0,3.6243401881389286,0,0,15.79707904769759
750,0.9909912275399567,29729.736826198703,9.89631883913814,15.0,3.7015954935577713,0,0,15.79707904769759
751,0.9924862450945494,29774.587352836483,9.936099329483563,15.0,3.7824026174964738,0,0,15.79707904769759
752,0.99397216774414,29819.1650323242,9.97761655460978,15.0,3.8667376150602073,0,0,15.79707904769759
753,0.9954485898964037,29863.45769689211,10.02085821206699,15.0,3.954575495969131,0,0,15.79707904769759
754,0.9969151087742185,29907.453263226555,10.065811488418863,15.0,4.045890231963444,0,0,15.79707904769759
755,0.9983713245350161,29951.13973605048,10.112463063039426,15.0,4.1406547645161025,0,0,15.79707904769759
756,0.9998168403892642,29994.505211677926,10.160799112060303,15.0,4.238841012850941,0,0,15.79707904769759
757,1.0,30000.0,10.210805312466986,15.0,4.340419882263534,0,0,15.79707904769759
758,1.0,30000.0,10.262466846343099,15.0,4.445361272742669,0,0,15.79707904769759
759,1.0,30000.0,10.315768405261174,15.0,4.553634087889471,0,0,15.79707904769759
760,1.0,30000.0,10.370694194818975,15.0,4.665206244132115,0,0,15.79707904769759
761,1.0,30000.0,10.42722793931966,15.0,4.780044680232782,0,0,15.79707904769759
762,1.0,30000.0,10.485352886594645,15.0,4.898115367084449,0,0,15.79707904769759
763,1.0,30000.0,10.545051812967595,15.0,5.019383317794405,0,0,15.79707904769759
764,1.0,30000.0,10.606307028358227,15.0,5.143812598051692,0,0,15.79707904769759
765,1.0,30000.0,10.669100381524231,15.0,5.271366336775177,0,0,15.79707904769759
766,1.0,30000.0,10.73341326543986,15.0,5.4020067370392155,0,0,15.79707904769759
767,1.0,30000.0,10.799226622809632,15.0,5.535695087273771,0,0,15.79707904769759
768,1.0,30000.0,10.866520951715382,15.0,5.6723917727354385,0,0,15.79707904769759
769,1.0,30000.0,10.93527631139514,15.0,5.812056287246174,0,0,15.79707904769759
770,1.0,30000.0,11.005472328151956,15.0,5.954647245196091,0,0,15.79707904769759
771,1.0,30000.0,11.077088201391115,15.0,6.100122393807,0,0,15.79707904769759
772,1.0,30000.0,11.150102709783777,15.0,6.248438625652756,0,0,15.79707904769759
773,1.0,30000.0,11.224494217555337,15.0,6.399551991432952,0,0,15.79707904769759
774,1.0,30000.0,11.300240680896524,15.0,6.553417712995985,0,0,15.79707904769759
775,1.0,30000.0,11.377319654495512,15.0,6.709990196607874,0,0,15.79707904769759
776,1.0,30000.0,11.455708298188934,15.0,6.869223046462633,0,0,15.79707904769759
777,1.0,30000.0,11.535383383729881,15.0,7.0310690784302885,0,0,15.79707904769759
778,1.0,30000.0,11.616321301670988,15.0,7.1954803340386615,0,0,15.79707904769759
779,1.0,30000.0,11.698498068360385,15.0,7.36240809468443,0,0,15.79707904769759
780,1.0,30000.0,11.781889333048591,15.0,7.5318028960695385,0,0,15.79707904769759
781,1.0,30000.0,11.86647038510413,15.0,7.70361454285846,0,0,15.79707904769759
782,1.0,30000.0,11.952216161335878,15.0,7.877792123552273,0,0,15.79707904769759
783,1.0,30000.0,12.03910125341979,15.0,8.05428402557475,0,0,15.79707904769759
784,1.0,30000.0,12.127099915427959,15.0,8.233037950566342,0,0,15.79707904769759
785,1.0,30000.0,12.216186071457647,15.0,8.414000929881203,0,0,15.79707904769759
786,1.0,30000.0,12.306333323358196,15.0,8.597119340283085,0,0,15.79707904769759
787,1.0,30000.0,12.39751495855335,15.0,8.782338919835006,0,0,15.79707904769759
788,1.0,30000.0,12.489703957956698,15.0,8.969604783978099,0,0,15.79707904769759
789,1.0,30000.0,12.582873003978127,15.0,9.15886144179531,0,0,15.79707904769759
790,1.0,30000.0,12.676994488618568,15.0,9.350052812454472,0,0,15.79707904769759
791,1.0,30000.0,12.772040521650823,15.0,9.543122241826236,0,0,15.79707904769759
792,1.0,30000.0,12.867982938884007,15.0,9.738012519271814,0,0,15.79707904769759
793,1.0,30000.0,12.964793310509299,15.0,9.934665894595966,0,0,15.79707904769759
794,1.0,30000.0,13.062442949524247,15.0,10.133024095159435,0,0,15.79707904769759
795,1.0,30000.0,13.160902920233392,15.0,10.333028343146553,0,0,15.79707904769759
796,1.0,30000.0,13.260144046822425,15.0,10.5346193729821,0,0,15.79707904769759
797,1.0,30000.0,13.36013692200376,15.0,10.737737448893279,0,0,15.79707904769759
798,1.0,30000.0,13.460851915730466,15.0,10.942322382610573,0,0,15.79707904769759
799,1.0,30000.0,13.562259183976273,15.0,11.148313551202778,0,0,15.79707904769759
800,1.0,30000.0,13.664328677579066,15.0,11.355649915041003,0,0,15.79707904769759
801,1.0,30000.0,13.767030151145047,15.0,11.564270035885963,0,0,15.79707904769759
802,1.0,30000.0,13.870333172011131,15.0,11.774112095093479,0,0,15.79707904769759
803,1.0,30000.0,13.974207129262751,15.0,11.9851139119326,0,0,15.79707904769759
804,1.0,30000.0,14.078621242804603,15.0,12.197212962011232,0,0,15.79707904769759
805,1.0,30000.0,14.18354457248141,15.0,12.410346395803384,0,0,15.79707904769759
806,1.0,30000.0,14.28894602724614,15.0,12.624451057272777,0,0,15.79707904769759
807,1.0,30000.0,14.394794374373005,15.0,12.83946350258749,0,0,15.79707904769759
808,1.0,30000.0,14.501058248712361,15.0,13.055320018919627,0,0,15.79707904769759
809,1.0,30000.0,14.607706161984884,15.0,13.271956643324852,0,0,15.79707904769759
810,1.0,30000.0,14.714706512112203,15.0,13.489309181695912,0,0,19.79707904769759
811,1.0,30000.0,18.575133479518477,15.0,13.707313227784855,0,0,19.79707904769759
812,1.0,30000.0,18.70999156645871,15.0,13.925904182287912,0,0,19.79707904769759
813,1.0,30000.0,18.84517178088092,15.0,14.14501727198771,0,0,19.79707904769759
814,1.0,30000.0,18.980634065970115,15.0,14.364587568946874,0,0,19.79707904769759
815,1.0,30000.0,19.11633828132772,15.0,14.584550009747726,0,0,19.79707904769759
816,1.0,30000.0,19.25224421486601,15.0,14.804839414771902,0,0,19.79707904769759
817,1.0,30000.0,19.388311594723746,15.0,15.02539050751441,0,0,19.79707904769759
818,1.0,30000.0,19.524500101199724,15.0,15.246137933926615,0,0,19.79707904769759
819,1.0,30000.0,19.660769378700287,15.0,15.467016281781943,0,0,19.79707904769759
820,1.0,30000.0,19.7970790476976,15.0,15.687960100059032,0,0,19.79707904769759
821,0.9999934389456883,29999.803168370647,19.933388716694875,15.0,15.908903918336053,0,0,19.79707904769759
822,0.9999606301010826,29998.81890303248,20.069657994195435,15.0,16.129782266191384,0,0,19.79707904769759
823,0.9999015783972329,29997.047351916986,20.205846500671413,15.0,16.350529692603583,0,0,19.79707904769759
824,0.9998162965415144,29994.48889624543,20.34191388052918,15.0,16.57108078534614,0,0,19.79707904769759
825,0.9997048050138626,29991.14415041588,20.477819814067452,15.0,16.791370190370294,0,0,19.79707904769759
826,0.9995671320607046,29987.013961821136,20.613524029425044,15.0,17.011332631171122,0,0,19.79707904769759
827,0.9994033136865885,29982.099410597657,20.748986314514266,15.0,17.230902928130334,0,0,19.79707904769759
828,0.9992133936435154,29976.401809305462,20.88416652893646,15.0,17.45001601783011,0,0,19.79707904769759
829,0.9989974234179737,29969.92270253921,21.019024615876695,15.0,17.668606972333166,0,0,19.79707904769759
830,0.9987554622156833,29962.6638664705,21.153520613973335,15.0,17.88661101842211,0,0,19.79707904769759
831,0.9984875769440517,29954.62730832155,21.287614669159495,15.0,18.103963556793186,0,0,19.79707904769759
832,0.9981938421923471,29945.815265770412,21.421267046472607,15.0,18.320600181198394,0,0,19.79707904769759
833,0.9978743402095971,29936.230206287913,21.554438141828832,15.0,18.536456697530525,0,0,19.79707904769759
834,0.9975291608802157,29925.87482640647,21.687088493758555,15.0,18.751469142845238,0,0,19.79707904769759
835,0.9971584016973688,29914.752050921063,21.819178795099678,15.0,18.96557380431466,0,0,19.79707904769759
836,0.9967621677340849,29902.865032022546,21.95066990464514,15.0,19.17870723810679,0,0,19.79707904769759
837,0.9963405716121198,29890.217148363594,22.081522858741398,15.0,19.390806288185416,0,0,19.79707904769759
838,0.9958937334685845,29876.812004057534,22.211698882834117,15.0,19.601808105024563,0,0,19.79707904769759
839,0.9954217809203454,29862.653427610363,22.34115940295791,15.0,19.811650164232056,0,0,19.79707904769759
840,0.9949248490262094,29847.74547078628,22.46986605716669,15.0,20.02027028507701,0,0,19.79707904769759
841,0.9944030802469023,29832.092407407068,22.597780706901094,15.0,20.227606648915245,0,0,19.79707904769759
842,0.9938566244028553,29815.698732085657,22.724865448289798,15.0,20.433597817507465,0,0,19.79707904769759
843,0.9932856386298095,29798.569158894283,22.85108262338119,15.0,20.63818275122474,0,0,19.79707904769759
844,0.9926902873322533,29780.708619967598,22.976394831302304,15.0,20.84130082713592,0,0,19.79707904769759
845,0.9920707421347061,29762.122264041183,23.10076493934149,15.0,21.042891856971465,0,0,19.79707904769759
846,0.9914271818308621,29742.81545492586,23.224156093951613,15.0,21.24289610495856,0,0,19.79707904769759
847,0.9907597923306093,29722.79376991828,23.34653173167053,15.0,21.441254305522055,0,0,19.79707904769759
848,0.9900687666049413,29702.062998148238,23.467855589955732,15.0,21.637907680846205,0,0,19.79707904769759
849,0.9893543046287752,29680.629138863256,23.588091717929625,15.0,21.832797958291806,0,0,19.79707904769759
850,0.9886166133216949,29658.49839965085,23.707204487032563,15.0,22.02586738766353,0,0,19.79707904769759
851,0.9878559064866366,29635.6771945991,23.825158601580405,15.0,22.217058758322693,0,0,19.79707904769759
852,0.987072404746534,29612.17214239602,23.941919109223356,15.0,22.406315416139922,0,0,19.79707904769759
853,0.9862663354789429,29587.99006436829,24.057451411303116,15.0,22.593581280283036,0,0,19.79707904769759
854,0.985437932748665,29563.13798245995,24.171721273105163,15.0,22.778800859834917,0,0,19.79707904769759
855,0.9845874372383887,29537.623117151663,24.284694834003307,15.0,22.961919270236802,0,0,19.79707904769759
856,0.9837150961773701,29511.4528853211,24.39633861749329,15.0,23.14288224955166,0,0,19.79707904769759
857,0.982821163268173,29484.63489804519,24.506619541112613,15.0,23.321636174543272,0,0,19.79707904769759
858,0.9819058986114925,29457.176958344775,24.61550492624349,15.0,23.498128076565735,0,0,19.79707904769759
859,0.9809695686290802,29429.087058872406,24.722962507796424,15.0,23.672305657259542,0,0,19.79707904769759
860,0.9800124459847989,29400.373379543966,24.82896044377088,15.0,23.844117304048495,0,0,19.79707904769759
861,0.9790348095038253,29371.044285114756,24.93346732469076,15.0,24.01351210543359,0,0,19.79707904769759
862,0.9780369440900291,29341.10832270087,25.03645218291183,15.0,24.18043986607936,0,0,19.79707904769759
863,0.977019140641549,29310.57421924647,25.137884501798,15.0,24.344851121687718,0,0,19.79707904769759
864,0.9759816959645943,29279.450878937827,25.237734224764118,15.0,24.50669715365541,0,0,19.79707904769759
865,0.9749249126854932,29247.747380564797,25.335971764182304,15.0,24.665930003510145,0,0,19.79707904769759
866,0.97384909916102,29215.4729748306,25.432568010149495,15.0,24.822502487122037,0,0,19.79707904769759
867,0.972754569387021,29182.63708161063,25.5274943391133,15.0,24.976368208685066,0,0,19.79707904769759
868,0.971641642905371,29149.249287161132,25.620722622353775,15.0,25.127481574465264,0,0,19.79707904769759
869,0.9705106447092867,29115.319341278602,25.712225234318552,15.0,25.275797806311022,0,0,19.79707904769759
870,0.9693619051470237,29080.85715441071,25.80197506080892,15.0,25.421272954921932,0,0,19.79707904769759
871,0.968195759823987,29045.87279471961,25.889945507014346,15.0,25.563863912871867,0,0,19.79707904769759
872,0.9670125495032845,29010.376485098535,25.976110505393038,15.0,25.703528427382587,0,0,19.79707904769759
873,0.9658126200047511,28974.378600142532,26.06044452339639,15.0,25.84022511284425,0,0,19.79707904769759
874,0.9645963221024747,28937.889663074242,26.1429225710348,15.0,25.97391346307881,0,0,19.79707904769759
875,0.963364011420855,28900.92034262565,26.22352020828273,15.0,26.104553863342865,0,0,19.79707904769759
876,0.9621160483292233,28863.481449876697,26.302213552320815,15.0,26.23210760206633,0,0,19.79707904769759
877,0.960852797835058,28825.583935051738,26.378979284612875,15.0,26.35653688232362,0,0,19.79707904769759
878,0.9595746294758246,28787.23888427474,26.4537946578157,15.0,26.47780483303358,0,0,19.79707904769759
879,0.9582819172094745,28748.457516284237,26.526637502519563,15.0,26.595875519885244,0,0,19.79707904769759
880,0.9569750393036323,28709.251179108967,26.597486233817488,15.0,26.71071395598591,0,0,19.79707904769759
881,0.955654378223507,28669.63134670521,26.66631985770136,15.0,26.822286112228554,0,0,19.79707904769759
882,0.9543203205185602,28629.609615556805,26.733117977282873,15.0,26.93055892737537,0,0,19.79707904769759
883,0.9529732567079621,28589.197701238863,26.79786079883757,15.0,27.035500317854478,0,0,19.79707904769759
884,0.951613581164873,28548.40743494619,26.860529137670156,15.0,27.137079187267084,0,0,19.79707904769759
885,0.9502416919995818,28507.25075998745,26.921104423799342,15.0,27.235265435601924,0,0,19.79707904769759
886,0.9488579909415367,28465.7397282461,26.97956870746054,15.0,27.33002996815459,0,0,19.79707904769759
887,0.9474628832203051,28423.886496609153,27.03590466442472,15.0,27.421344704148886,0,0,19.79707904769759
888,0.9460567774454949,28381.703323364847,27.09009560113201,15.0,27.509182585057808,0,0,19.79707904769759
889,0.9446400854856745,28339.202564570234,27.14212545963833,15.0,27.593517582621555,0,0,19.79707904769759
890,0.9432132223463272,28296.396670389815,27.191978822373716,15.0,27.67432470656025,0,0,19.79707904769759
891,0.9417766060468766,28253.2981814063,27.239640916710847,15.0,27.751580011979094,0,0,19.79707904769759
892,0.9403306574968181,28209.919724904543,27.285097619342558,15.0,27.825260606463793,0,0,19.79707904769759
893,0.9388758003709942,28166.274011129826,27.32833546046681,15.0,27.895344656864065,0,0,19.79707904769759
894,0.9374124609840508,28122.373829521526,27.369341627778134,15.0,27.9618113957632,0,0,19.79707904769759
895,0.9359410681641109,28078.232044923327,27.408103970264165,15.0,28.024641127632012,0,0,19.79707904769759
896,0.9344620531257031,28033.861593771093,27.44461100180627,15.0,28.08381523466497,0,0,19.79707904769759
897,0.9329758493419843,27989.27548025953,27.478851904583124,15.0,28.139316182297097,0,0,19.79707904769759
898,0.9314828924162916,27944.486772488748,27.510816532276237,15.0,28.19112752439977,0,0,19.79707904769759
899,0.9299836199530638,27899.508598591914,27.540495413076584,15.0,28.239233908154166,0,0,19.79707904769759
900,0.9284784714281699,27854.354142845095,27.56787975249125,15.0,28.28362107860054,0,0,19.79707904769759
901,0.9269678880586825,27809.036641760475,27.59296143594948,15.0,28.324275882862352,0,0,19.79707904769759
902,0.9254523126721361,27763.569380164085,27.615733031207146,15.0,28.361186274043686,0,0,19.79707904769759
903,0.9239321895753079,27717.965687259235,27.636187790549123,15.0,28.394341314799043,0,0,19.79707904769759
904,0.9224079644225592,27672.238932676777,27.654319652788775,15.0,28.423731180574315,0,0,19.79707904769759
905,0.9208800840837795,27626.402522513385,27.670123245063998,15.0,28.449347162517977,0,0,19.79707904769759
906,0.9193489965119686,27580.469895359056,27.683593884429328,15.0,28.47118167006174,0,0,19.79707904769759
907,0.9178151506104987,27534.45451831496,27.694727579243605,15.0,28.48922823316979,0,0,19.79707904769759
908,0.9162789961000946,27488.369883002837,27.70352103035277,15.0,28.503481504256015,0,0,19.79707904769759
909,0.9147409833855716,27442.229501567148,27.70997163206748,15.0,28.513937259768568,0,0,19.79707904769759
910,0.9132015634223714,27396.04690267114,27.71407747293523,15.0,28.52059240144144,0,0,19.79707904769759
911,0.9116611875829331,27349.835627487995,27.71583733630677,15.0,28.523444957212533,0,0,19.79707904769759
912,0.9101203075229435,27303.609225688306,27.71525070069659,15.0,28.52249408180799,0,0,19.79707904769759
913,0.9085793750475003,27257.38125142501,27.712317739937486,15.0,28.517740056992732,0,0,19.79707904769759
914,0.907038841977233,27211.16525931699,27.70703932312903,15.0,28.509184291486903,0,0,19.79707904769759
915,0.9054991600144188,27164.974800432563,27.699417014380042,15.0,28.49682932054847,0,0,19.79707904769759
916,0.9039607806091335,27118.823418274005,27.689453072345103,15.0,28.48067880522197,0,0,19.79707904769759
917,0.902424154825477,27072.72464476431,27.677150449555278,15.0,28.460737531253656,0,0,19.79707904769759
918,0.9008897332079129,27026.691996237387,27.66251279154321,15.0,28.437011407673356,0,0,19.79707904769759
919,0.8993579656477633,26980.7389694329,27.645544435762883,15.0,28.409507465043554,0,0,19.79707904769759
920,0.8978293012498957,26934.87903749687,27.626250410304316,15.0,28.378233853376024,0,0,19.79707904769759
921,0.8963041881996434,26889.1256459893,27.60463643240365,15.0,28.343199839716853,0,0,19.79707904769759
922,0.8947830736299989,26843.492208899966,27.58070890674901,15.0,28.304415805400367,0,0,19.79707904769759
923,0.8932664034891186,26797.992104673558,27.55447492358264,15.0,28.261893242972988,0,0,19.79707904769759
924,0.8917546224081789,26752.638672245368,27.525942256599933,15.0,28.215644752787654,0,0,19.79707904769759
925,0.890248173569622,26707.445207088662,27.495119360645894,15.0,28.16568403927014,0,0,19.79707904769759
926,0.8887474985758318,26662.424957274954,27.462015369209812,15.0,28.112025906858094,0,0,19.79707904769759
927,0.887253037318277,26617.59111954831,27.426640091718802,15.0,28.0546862556142,0,0,19.79707904769759
928,0.8857652278471625,26572.956835414876,27.389004010631027,15.0,27.993682076514613,0,0,19.79707904769759
929,0.8842845062416252,26528.53518724876,27.349118278329573,15.0,27.929031446414164,0,0,19.79707904769759
930,0.8828113064805148,26484.339194415443,27.306994713817726,15.0,27.86075352268982,0,0,19.79707904769759
931,0.8813460603137954,26440.381809413862,27.262645799216756,15.0,27.788868537563964,0,0,19.79707904769759
932,0.8798891971346102,26396.675914038307,27.216084676067197,15.0,27.713397792109085,0,0,19.79707904769759
933,0.878441143852042,26353.234315561258,27.167325141434674,15.0,27.63436364993584,0,0,19.79707904769759
934,0.8770023247646107,26310.06974293832,27.116381643821654,15.0,27.551789530566268,0,0,19.79707904769759
935,0.8755731614345456,26267.194843036366,27.063269278885915,15.0,27.46569990249403,0,0,19.79707904769759
936,0.8741540725628663,26224.622176885987,27.00800378496745,15.0,27.376120275933896,0,0,19.79707904769759
937,0.8727454738653128,26182.364215959384,26.95060153842481,15.0,27.28307719526247,0,0,19.79707904769759
938,0.8713477779491604,26140.433338474813,26.891079548782525,15.0,27.18659823115263,0,0,19.79707904769759
939,0.8699613941909551,26098.841825728654,26.8294554536907,15.0,27.086711972403613,0,0,19.79707904769759
940,0.8685867286152061,26057.601858456183,26.765747513698656,15.0,26.9834480174696,0,0,19.79707904769759
941,0.8672241837740721,26016.72551322216,26.699974606843952,15.0,26.876836965689062,0,0,19.79707904769759
942,0.8658741586280767,25976.2247588423,26.632156223058395,15.0,26.766910408217502,0,0,19.79707904769759
943,0.8645370484278878,25936.111452836634,26.56231245839273,15.0,26.653700918666306,0,0,19.79707904769759
944,0.8632132445971961,25896.39733791588,26.490464009061775,15.0,26.537242043450483,0,0,19.79707904769759
945,0.8619031346167275,25857.094038501826,26.416632165311697,15.0,26.417568291848156,0,0,19.79707904769759
946,0.860607101909425,25818.213057282752,26.34083880511121,15.0,26.294715125774687,0,0,19.79707904769759
947,0.8593255257268316,25779.76577180495,26.2631063876687,15.0,26.16871894927459,0,0,19.79707904769759
948,0.8580587810367097,25741.76343110129,26.183457946777054,15.0,26.039617097734144,0,0,19.79707904769759
949,0.856807238411931,25704.217152357927,26.101917083988265,15.0,25.90744782681825,0,0,19.79707904769759
950,0.8555712639206663,25667.137917619988,26.018507961619783,15.0,25.772250301134306,0,0,19.79707904769759
951,0.8543512190179133,25630.5365705374,25.93325529559467,15.0,25.634064582626984,0,0,19.79707904769759
952,0.8531474604383885,25594.423813151654,25.846184348117767,15.0,25.49293161870694,0,0,19.79707904769759
953,0.8519603400908192,25558.810202724577,25.75732092018997,15.0,25.348893230117323,0,0,19.79707904769759
954,0.8507902049536659,25523.706148609977,25.666691343962803,15.0,25.201992098541254,0,0,19.79707904769759
955,0.8496373969723041,25489.121909169124,25.57432247493563,15.0,25.052271753954393,0,0,19.79707904769759
956,0.8485022529576997,25455.067588730988,25.48024168399786,15.0,24.899776561726103,0,0,19.79707904769759
957,0.8473851044866032,25421.553134598096,25.384476849318254,15.0,24.744551709472937,0,0,19.79707904769759
958,0.8462862778032982,25388.588334098946,25.287056348084107,15.0,24.586643193668646,0,0,19.79707904769759
959,0.8452060937229265,25356.182811687795,25.188009048092432,15.0,24.42609780601439,0,0,19.79707904769759
960,0.8441448675364245,25324.346026092735,25.087364299195848,15.0,24.262963119573428,0,0,19.79707904769759
961,0.8431029089170954,25293.087267512863,24.985151924605542,15.0,24.097287474674054,0,0,19.79707904769759
962,0.8420805218288467,25262.415654865403,24.881402212054027,15.0,23.929119964585432,0,0,19.79707904769759
963,0.8410780044361185,25232.340133083555,24.776145904820208,15.0,23.758510420970122,0,0,19.79707904769759
964,0.8400956490155315,25202.869470465943,24.669414192619595,15.0,23.58550939911804,0,0,19.79707904769759
965,0.8391337418692787,25174.01225607836,24.561238702361926,15.0,23.410168162965554,0,0,19.79707904769759
966,0.8381925632402885,25145.776897208652,24.451651488779568,15.0,23.23253866990509,0,0,19.79707904769759
967,0.837272387229182,25118.171616875457,24.340685024929044,15.0,23.052673555389077,0,0,19.79707904769759
968,0.8363734817130511,25091.204451391535,24.228372192568425,15.0,22.87062611733274,0,0,19.79707904769759
969,0.8354961082660819,25064.883247982456,24.114746272413832,15.0,22.686450300320832,0,0,19.79707904769759
970,0.8346405220820425,25039.215662461276,23.999840934277643,15.0,22.50020067962276,0,0,19.79707904769759
971,0.8338069718986657,25014.209156959972,23.883690227091453,15.0,22.31193244502081,0,0,19.79707904769759
972,0.8329956999239415,24989.870997718244,23.766328568816515,15.0,22.121701384456017,0,0,19.79707904769759
973,0.8322069417643454,24966.208252930363,23.647790736245064,15.0,21.929563867497162,0,0,19.79707904769759
974,0.8314409263550243,24943.22779065073,23.528111854695094,15.0,21.73557682863712,0,0,19.79707904769759
975,0.830697875891957,24920.936276758708,23.40732738760215,15.0,21.539797750422185,0,0,19.79707904769759
976,0.8299780057661129,24899.340172983386,23.285473126010555,15.0,21.34228464641844,0,0,19.79707904769759
977,0.8292815244996277,24878.44573498883,23.16258517796783,15.0,21.143096044021277,0,0,19.79707904769759
978,0.8286086336840127,24858.25901052038,23.038699957825152,15.0,20.942290967112456,0,0,19.79707904769759
979,0.82795952792042,24838.785837612602,22.913854175446886,15.0,20.73992891856998,0,0,19.79707904769759
980,0.8273343947619775,24820.031842859324,22.78808482533276,15.0,20.536069862636165,0,0,19.79707904769759
981,0.8267334146582124,24802.00243974637,22.661429175655513,15.0,20.3307742071489,0,0,19.79707904769759
982,0.8261567609015807,24784.702827047422,22.533924757217626,15.0,20.124102785641586,0,0,19.79707904769759
983,0.825604599576117,24768.13798728351,22.40560935233004,15.0,19.916116839316743,0,0,19.79707904769759
984,0.8250770895082195,24752.312685246583,22.2765209836165,15.0,19.706877998898953,0,0,19.79707904769759
985,0.8245743822195871,24737.231466587615,22.14669790274659,15.0,19.49644826637237,0,0,19.79707904769759
986,0.8240966218823198,24722.898656469595,22.016178579101016,15.0,19.284889996608214,0,0,19.79707904769759
987,0.8236439452761976,24709.318358285927,21.8850016883722,15.0,19.072265878887613,0,0,19.79707904769759
988,0.8232164817481494,24696.494452444484,21.753206101103874,15.0,18.85863891832542,0,0,19.79707904769759
989,0.8228143531739253,24684.430595217756,21.620830871172956,15.0,18.644072417200547,0,0,19.79707904769759
990,0.8224376739219812,24673.130217659436,21.48791522421696,15.0,18.428629956197973,0,0,19.79707904769759
991,0.8220865508195903,24662.59652458771,21.35449854601062,15.0,18.212375375568524,0,0,19.79707904769759
992,0.8217610831211866,24652.832493635597,21.220620370795057,15.0,17.995372756211577,0,0,19.79707904769759
993,0.8214613624789543,24643.84087436863,21.086320369562937,15.0,17.777686400686587,0,0,19.79707904769759
994,0.8211874729156695,24635.624187470086,20.951638338303034,15.0,17.55938081415874,0,0,19.79707904769759
995,0.8209394907998018,24628.184723994054,20.8166141862079,15.0,17.340520685284734,0,0,19.79707904769759
996,0.8207174848228852,24621.524544686556,20.68128792384784,15.0,17.12117086704413,0,0,19.79707904769759
997,0.820521515979163,24615.64547937489,20.545699651315005,15.0,16.901396357522064,0,0,19.79707904769759
998,0.8203516375475138,24610.549126425416,20.409889546340757,15.0,16.681262280648813,0,0,19.79707904769759
999,0.8202078950756647,24606.23685226994,20.273897852390196,15.0,16.460833866902192,0,0,19.79707904769759
1000,0.820090326366693,24602.70979100079,20.13776486673726,15.0,16.24017643397854,0,0,19.79707904769759
1001,0.8199989614678257,24599.96884403477,20.001530928523525,15.0,16.019355367437324,0,0,19.79707904769759
1002,0.8199338226615352,24598.01467984606,19.865236406805067,15.0,15.798436101326287,0,0,19.79707904769759
1003,0.819894924458937,24596.84773376811,19.728921688590123,15.0,15.57748409879176,0,0,19.79707904769759
1004,0.8198822735954887,24596.468207864662,19.592627166871665,15.0,15.356564832680721,0,0,19.79707904769759
1005,0.8198958690289955,24596.876070869865,19.456393228657944,15.0,15.135743766139527,0,0,19.79707904769759
1006,0.819935701939918,24598.07105819754,19.320260243004995,15.0,14.915086333215854,0,0,19.79707904769759
1007,0.8200017557339861,24600.052672019585,19.184268549054437,15.0,14.694657919469234,0,0,19.79707904769759
1008,0.8200940060471164,24602.82018141349,19.04845844408019,15.0,14.474523842595985,0,0,19.79707904769759
1009,0.820212420752631,24606.37262257893,18.91287017154735,15.0,14.25474933307392,0,0,19.79707904769759
1010,0.8203569599707781,24610.708799123342,18.77754390918729,15.0,14.035399514833312,0,0,19.79707904769759
1011,0.8205275760805493,24615.827282416478,18.642519757092153,15.0,13.81653938595931,0,0,19.79707904769759
1012,0.8207242137337899,24621.726412013697,18.507837725832257,15.0,13.598233799431458,0,0,19.79707904769759
1013,0.8209468098716006,24628.40429614802,18.373537724600133,15.0,13.380547443906472,0,0,19.79707904769759
1014,0.821195293743023,24635.85881229069,18.23965954938457,15.0,13.163544824549525,0,0,19.79707904769759
1015,0.8214695869260045,24644.087607780133,18.10624287117823,15.0,12.947290243920076,0,0,19.79707904769759
1016,0.8217696033506359,24653.088100519075,17.97332722422223,15.0,12.731847782917503,0,0,19.79707904769759
1017,0.8220952493246568,24662.857479739705,17.84095199429132,15.0,12.517281281792627,0,0,19.79707904769759
1018,0.8224464235612186,24673.392706836556,17.709156407022995,15.0,12.303654321230434,0,0,19.79707904769759
1019,0.8228230172088966,24684.6905162669,17.577979516294175,15.0,12.091030203509831,0,0,19.79707904769759
1020,0.823224913883947,24696.74741651841,17.4474601926486,15.0,11.879471933745679,0,0,19.79707904769759
1021,0.8236519897047921,24709.559691143764,17.31763711177868,15.0,11.669042201219073,0,0,19.79707904769759
1022,0.8241041133287303,24723.12339986191,17.188548743065137,15.0,11.459803360801285,0,0,19.79707904769759
1023,0.8245811459908554,24737.434379725662,17.06023333817755,15.0,11.251817414476438,0,0,19.79707904769759
1024,0.8250829415451755,24752.488246355264,16.93272891973969,15.0,11.045145992969168,0,0,19.79707904769759
1025,0.8256093465079191,24768.280395237573,16.80607327006243,15.0,10.83985033748188,0,0,19.79707904769759
1026,0.8261602001030162,24784.806003090485,16.6803039199483,15.0,10.635991281548066,0,0,19.79707904769759
1027,0.8267353343097391,24802.060029292174,16.555458137570042,15.0,10.433629233005592,0,0,19.79707904769759
1028,0.8273345739124913,24820.03721737474,16.43157291742736,15.0,10.232824156096772,0,0,19.79707904769759
1029,0.8279577365527268,24838.732096581803,16.308684969384625,15.0,10.033635553699586,0,0,19.79707904769759
1030,0.8286046327829875,24858.138983489625,16.18683070779303,15.0,9.836122449695841,0,0,19.79707904769759
1031,0.8292750661230402,24878.251983691207,16.066046240700086,15.0,9.640343371480903,0,0,19.79707904769759
1032,0.8299688331180982,24899.064993542946,15.94636735915014,15.0,9.446356332620898,0,0,19.79707904769759
1033,0.8306857233991092,24920.571701973277,15.827829526578675,15.0,9.254218815662028,0,0,19.79707904769759
1034,0.8314255197450924,24942.76559235277,15.710467868303736,15.0,9.063987755097234,0,0,19.79707904769759
1035,0.8321879981475051,24965.639944425155,15.594317161117548,15.0,8.875719520495284,0,0,19.79707904769759
1036,0.8329729278766226,24989.18783629868,15.479411822981358,15.0,8.689469899797214,0,0,19.79707904769759
1037,0.8337800715499069,25013.402146497207,15.365785902826765,15.0,8.505294082785309,0,0,19.79707904769759
1038,0.834609185202349,25038.275556070468,15.253473070466136,15.0,8.323246644728945,0,0,19.79707904769759
1039,0.8354600183587609,25063.80055076283,15.14250660661561,15.0,8.143381530212935,0,0,19.79707904769759
1040,0.8363323141079975,25089.969423239923,15.032919393033277,15.0,7.965752037152509,0,0,19.79707904769759
1041,0.8372258091790831,25116.774275372492,14.924743902775607,15.0,7.790410801000021,0,0,19.79707904769759
1042,0.8381402340192263,25144.20702057679,14.81801219057498,15.0,7.61740977914792,0,0,19.79707904769759
1043,0.8390753128736931,25172.259386210793,14.71275588334116,15.0,7.446800235532607,0,0,19.79707904769759
1044,0.8400307638675194,25200.92291602558,14.609006170789645,15.0,7.278632725443989,0,0,19.79707904769759
1045,0.8410062990890365,25230.188972671094,14.50679379619934,15.0,7.112957080544618,0,0,19.79707904769759
1046,0.8420016246751855,25260.048740255563,14.406149047302758,15.0,6.949822394103648,0,0,19.79707904769759
1047,0.8430164408985952,25290.493226957857,14.307101747311094,15.0,6.789277006449412,0,0,19.79707904769759
1048,0.8440504422563986,25321.513267691957,14.209681246076945,15.0,6.631368490645121,0,0,19.79707904769759
1049,0.8451033175607586,25353.09952682276,14.11391641139734,15.0,6.476143638391957,0,0,19.79707904769759
1050,0.846174750031081,25385.24250093243,14.019835620459563,15.0,6.323648446163663,0,0,19.79707904769759
1051,0.847264417387882,25417.932521636463,13.927466751432387,15.0,6.173928101576786,0,0,19.79707904769759
1052,0.8483719919482885,25451.159758448655,13.836837175205218,15.0,6.027026970000717,0,0,19.79707904769759
1053,0.8494971407231355,25484.914221694067,13.747973747277424,15.0,5.882988581411098,0,0,19.79707904769759
1054,0.8506395255156396,25519.18576546919,13.66090279980051,15.0,5.7418556174910425,0,0,19.79707904769759
1055,0.8517988030216131,25553.964090648395,13.575650133775397,15.0,5.603669898983717,0,0,19.79707904769759
1056,0.8529746249311929,25589.238747935786,13.492241011406929,15.0,5.468472373299803,0,0,19.79707904769759
1057,0.8541666380320518,25624.999140961554,13.410700148618146,15.0,5.3363031023839085,0,0,19.79707904769759
1058,0.8553744843140635,25661.234529421905,13.331051707726488,15.0,5.207201250843454,0,0,19.79707904769759
1059,0.8565978010753882,25697.934032261644,13.253319290283976,15.0,5.08120507434335,0,0,19.79707904769759
1060,0.857836221029949,25735.086630898473,13.17752593008349,15.0,4.958351908269886,0,0,19.79707904769759
1061,0.8590893724162677,25772.68117248803,13.103694086333396,15.0,4.8386781566675365,0,0,19.79707904769759
1062,0.860356879107624,25810.70637322872,13.031845637002448,15.0,4.72221928145172,0,0,19.79707904769759
1063,0.8616383607235115,25849.150821705345,12.962001872336781,15.0,4.609009791900524,0,0,19.79707904769759
1064,0.8629334327423517,25888.00298227055,12.894183488551223,15.0,4.4990832344289675,0,0,19.79707904769759
1065,0.8642417066154368,25927.251198463102,12.828410581696529,15.0,4.392472182648436,0,0,19.79707904769759
1066,0.8655627898820641,25966.883696461926,12.764702641704488,15.0,4.289208227714429,0,0,19.79707904769759
1067,0.8668962862858318,26006.888588574955,12.70307854661266,15.0,4.189321968965409,0,0,19.79707904769759
1068,0.8682417958920572,26047.253876761715,12.643556556970376,15.0,4.092843004855568,0,0,19.79707904769759
1069,0.8695989152062864,26087.96745618859,12.586154310427737,15.0,3.99979992418414,0,0,19.79707904769759
1070,0.8709672372938587,26129.017118815762,12.530888816509268,15.0,3.9102202976239977,0,0,19.79707904769759
1071,0.8723463519004901,26170.390557014704,12.477776451573527,15.0,3.8241306695517605,0,0,19.79707904769759
1072,0.8737358455738399,26212.075367215195,12.426832953960503,15.0,3.7415565501821915,0,0,19.79707904769759
1073,0.8751353017860258,26254.059053580775,12.378073419327993,15.0,3.6625224080089556,0,0,19.79707904769759
1074,0.8765443010570507,26296.32903171152,12.331512296178424,15.0,3.587051662554074,0,0,19.79707904769759
1075,0.8779624210791029,26338.872632373088,12.287163381577459,15.0,3.51516667742822,0,0,19.79707904769759
1076,0.8793892368416956,26381.677105250867,12.245039817065607,15.0,3.446888753703875,0,0,19.79707904769759
1077,0.880824320757606,26424.72962272818,12.205154084764157,15.0,3.382238123603424,0,0,19.79707904769759
1078,0.8822672427895794,26468.01728368738,12.167518003676385,15.0,3.3212339445038306,0,0,19.79707904769759
1079,0.8837175705777578,26511.527117332735,12.132142726185368,15.0,3.263894293259936,0,0,19.79707904769759
1080,0.8851748695677982,26555.246087033946,12.099038734749291,15.0,3.210236160847896,0,0,23.79707904769759
1081,0.8865574237023401,26596.722711070204,14.506598957783467,15.0,3.1602754473303833,0,0,23.79707904769759
1082,0.8879462660298055,26638.387980894167,14.472301265179764,15.0,3.114026957145052,0,0,23.79707904769759
1083,0.8893409407057761,26680.22822117328,14.4407667054782,15.0,3.071504394717659,0,0,23.79707904769759
1084,0.8907409901575823,26722.22970472747,14.4120046230494,15.0,3.0327203604011816,0,0,23.79707904769759
1085,0.8921459552198934,26764.3786565968,14.386023540719123,15.0,2.997686346742009,0,0,23.79707904769759
1086,0.8935553752707762,26806.661258123288,14.362831157242772,15.0,2.9664127350744804,0,0,23.79707904769759
1087,0.894968788368189,26849.06365104567,14.342434345024104,15.0,2.938908792444672,0,0,23.79707904769759
1088,0.8963857313868638,26891.571941605915,14.32483914807879,15.0,2.9151826688643805,0,0,23.79707904769759
1089,0.8978057401555408,26934.172204666225,14.310050780243412,15.0,2.8952413948960602,0,0,23.79707904769759
1090,0.8992283495945125,26976.850487835374,14.298073623630517,15.0,2.8790908795695622,0,0,23.79707904769759
1091,0.9006530938534364,27019.592815603093,14.288911227330097,15.0,2.866735908631129,0,0,23.79707904769759
1092,0.9020795064493772,27062.385193481314,14.282566306357925,15.0,2.8581801431253018,0,0,23.79707904769759
1093,0.9035071204050347,27105.21361215104,14.27904074085101,15.0,2.8534261183100407,0,0,23.79707904769759
1094,0.9049354683871205,27148.064051613615,14.278335575510509,15.0,2.852475242905502,0,0,23.79707904769759
1095,0.906364082844838,27190.92248534514,14.280451019292125,15.0,2.8553277986765884,0,0,23.79707904769759
1096,0.9077924961484285,27233.774884452854,14.285386445344209,15.0,2.8619829403494617,0,0,23.79707904769759
1097,0.9092202407277388,27276.607221832164,14.293140391193509,15.0,2.8724386958620127,0,0,23.79707904769759
1098,0.910646849210774,27319.40547632322,14.30371055917853,15.0,2.8866919669482356,0,0,23.79707904769759
1099,0.9120718545621886,27362.15563686566,14.317093817130367,15.0,2.9047385300562896,0,0,23.79707904769759
1100,0.9134947902216798,27404.843706650394,14.333286199300861,15.0,2.926573037600053,0,0,23.79707904769759
1101,0.9149151902422389,27447.455707267167,14.352282907537713,15.0,2.952189019543713,0,0,23.79707904769759
1102,0.9163325894282219,27489.977682846657,14.374078312706294,15.0,2.9815788853189837,0,0,23.79707904769759
1103,0.917746523473197,27532.395704195907,14.39866595635766,15.0,3.0147339260743458,0,0,23.79707904769759
1104,0.9191565290975281,27574.695872925844,14.426038552642355,15.0,3.051644317255679,0,0,23.79707904769759
1105,0.9205621441856555,27616.864325569666,14.45618799046935,15.0,3.0922991215174873,0,0,23.79707904769759
1106,0.9219629079230296,27658.887237690888,14.489105335909546,15.0,3.1366862919638634,0,0,23.79707904769759
1107,0.9233583609326609,27700.750827979828,14.524780834843071,15.0,3.1847926757182528,0,0,23.79707904769759
1108,0.9247480454112431,27742.441362337293,14.563203915849643,15.0,3.2366040178209277,0,0,23.79707904769759
1109,0.9261315052648103,27783.94515794431,14.604363193341142,15.0,3.2921049654530536,0,0,23.79707904769759
1110,0.927508286243887,27825.24858731661,14.648246470935334,15.0,3.3512790724860184,0,0,23.79707904769759
1111,0.928877936078093,27866.33808234279,14.69484074507,15.0,3.4141088043548313,0,0,23.79707904769759
1112,0.9302400046101595,27907.200138304786,14.744132208856122,15.0,3.4805755432539702,0,0,23.79707904769759
1113,0.9315940439293215,27947.821317879647,14.796106256169193,15.0,3.550659593654226,0,0,23.79707904769759
1114,0.932939608504043,27988.18825512129,14.85074748597729,15.0,3.6243401881389263,0,0,23.79707904769759
1115,0.9342762553140377,28028.28765942113,14.908039706904777,15.0,3.7015954935577713,0,0,23.79707904769759
1116,0.9356035439815454,28068.106319446364,14.967965942030132,15.0,3.782402617496472,0,0,23.79707904769759
1117,0.9369210369018257,28107.63110705477,15.030508433916554,15.0,3.866737615060215,0,0,23.79707904769759
1118,0.9382282993728293,28146.848981184878,15.095648649873926,15.0,3.954575495969139,0,0,23.79707904769759
1119,0.9395248997240097,28185.74699172029,15.163367287450422,15.0,4.045890231963433,0,0,23.79707904769759
1120,0.9408104094442368,28224.312283327105,15.233644280152237,15.0,4.14065476451609,0,0,23.79707904769759
1121,0.942084403308774,28262.53209926322,15.30645880338974,15.0,4.238841012850928,0,0,23.79707904769759
1122,0.9433464595052807,28300.393785158423,15.381789280648219,15.0,4.340419882263533,0,0,23.79707904769759
1123,0.9445961597588057,28337.884792764173,15.459613389881504,15.0,4.445361272742646,0,0,23.79707904769759
1124,0.9458330894557299,28374.992683671895,15.539908070126462,15.0,4.55363408788947,0,0,23.79707904769759
1125,0.9470568377666255,28411.705132998766,15.622649528336403,15.0,4.665206244132113,0,0,23.79707904769759
1126,0.9482669977679945,28448.009933039833,15.70781324643157,15.0,4.780044680232779,0,0,23.79707904769759
1127,0.9494631665628478,28483.894996885432,15.795373988564322,15.0,4.8981153670844595,0,0,23.79707904769759
1128,0.9506449454000929,28519.348362002787,15.885305808597018,15.0,5.019383317794416,0,0,23.79707904769759
1129,0.9518119397926924,28554.358193780772,15.977582057790489,15.0,5.143812598051678,0,0,23.79707904769759
1130,0.9529637596345588,28588.912789036764,16.072175392700657,15.0,5.271366336775149,0,0,23.79707904769759
1131,0.9541000193161513,28623.00057948454,16.169057783280895,15.0,5.402006737039214,0,0,23.79707904769759
1132,0.9552203378387409,28656.610135162227,16.26820052118794,15.0,5.535695087273769,0,0,23.79707904769759
1133,0.9563243389273076,28689.730167819227,16.369574228288897,15.0,5.672391772735435,0,0,23.79707904769759
1134,0.9574116511420393,28722.34953426118,16.47314886536653,15.0,5.812056287246157,0,0,23.79707904769759
1135,0.9584819079883976,28754.45723965193,16.578893741020565,15.0,5.954647245196103,0,0,23.79707904769759
1136,0.9595347480257179,28786.042440771536,16.686777520762146,15.0,6.100122393807012,0,0,23.79707904769759
1137,0.9605698149743116,28817.09444922935,16.79676823629903,15.0,6.24843862565277,0,0,23.79707904769759
1138,0.9615867578210403,28847.602734631208,16.908833295008417,15.0,6.399551991432952,0,0,23.79707904769759
1139,0.9625852309233277,28877.556927699832,17.02293948959484,15.0,6.553417712995983,0,0,23.79707904769759
1140,0.963564894111582,28906.946823347458,17.139053007930237,15.0,6.7099901966078725,0,0,23.79707904769759
1141,0.964525412789994,28935.76238369982,17.257139443073186,15.0,6.869223046462615,0,0,23.79707904769759
1142,0.9654664580356868,28963.993741070604,17.377163803464462,15.0,7.031069078430303,0,0,23.79707904769759
1143,0.9663877066961816,28991.631200885447,17.499090523295706,15.0,7.1954803340386775,0,0,23.79707904769759
1144,0.9672888414851546,29018.66524455464,17.622883473048454,15.0,7.362408094684447,0,0,23.79707904769759
1145,0.9681695510764569,29045.086532293706,17.74850597020002,15.0,7.5318028960695385,0,0,23.79707904769759
1146,0.9690295301963661,29070.88590589098,17.87592079009335,15.0,7.70361454285846,0,0,23.79707904769759
1147,0.9698684797140458,29096.054391421374,18.005090176967467,15.0,7.877792123552269,0,0,23.79707904769759
1148,0.970686106730185,29120.58320190555,18.13597585514534,15.0,8.054284025574749,0,0,23.79707904769759
1149,0.9714821246637897,29144.463739913692,18.268539040375806,15.0,8.233037950566356,0,0,23.79707904769759
1150,0.9722562533371035,29167.687600113106,18.40274045132608,15.0,8.414000929881219,0,0,23.79707904769759
1151,0.9730082190586304,29190.246571758915,18.53854032122182,15.0,8.597119340283102,0,0,23.79707904769759
1152,0.9737377547042352,29212.132641127057,18.67589840963078,15.0,8.782338919834983,0,0,23.79707904769759
1153,0.9744445997962982,29233.337993888945,18.814774014386924,15.0,8.969604783978077,0,0,23.79707904769759
1154,0.9751285005809004,29253.855017427013,18.955125983651385,15.0,9.158861441795308,0,0,23.79707904769759
1155,0.9757892101030167,29273.6763030905,19.09691272810663,15.0,9.350052812454468,0,0,23.79707904769759
1156,0.9764264882796929,29292.794648390787,19.24009223328027,15.0,9.543122241826193,0,0,23.79707904769759
1157,0.9770401019711888,29311.203059135667,19.384622071994883,15.0,9.738012519271813,0,0,23.79707904769759
1158,0.9776298250500616,29328.894751501848,19.530459416939983,15.0,9.934665894595962,0,0,23.79707904769759
1159,0.9781954384681724,29345.86315404517,19.677561053362872,15.0,10.133024095159453,0,0,23.79707904769759
1160,0.9787367303215955,29362.101909647863,19.82588339187399,15.0,10.333028343146573,0,0,23.79707904769759
1161,0.9792534959134093,29377.60487740228,19.97538248136329,15.0,10.534619372982075,0,0,23.79707904769759
1162,0.9797455378143533,29392.3661344306,20.126014022024197,15.0,10.737737448893254,0,0,23.79707904769759
1163,0.9802126659213298,29406.379977639896,20.277733378480278,15.0,10.942322382610527,0,0,23.79707904769759
1164,0.9806546975137364,29419.64092541209,20.430495593011884,15.0,11.148313551202774,0,0,23.79707904769759
1165,0.981071457307609,29432.143719228272,20.5842553988779,15.0,11.355649915040999,0,0,23.79707904769759
1166,0.9814627775075634,29443.883325226903,20.738967233729475,15.0,11.56427003588596,0,0,23.79707904769759
1167,0.9818284978565156,29454.854935695468,20.89458525311099,15.0,11.774112095093454,0,0,23.79707904769759
1168,0.9821684656831702,29465.053970495104,21.051063344044813,15.0,11.985113911932618,0,0,23.79707904769759
1169,0.9824825359472598,29474.476078417792,21.208355138695477,15.0,12.197212962011251,0,0,23.79707904769759
1170,0.982770571282524,29483.117138475718,21.36641402810961,15.0,12.41034639580338,0,0,23.79707904769759
1171,0.9830324420374132,29490.9732611224,21.5251931760271,15.0,12.624451057272774,0,0,23.79707904769759
1172,0.9832680263135084,29498.04078940525,21.684645532759674,15.0,12.839463502587487,0,0,23.79707904769759
1173,0.9834772100016408,29504.316300049224,21.84472384913277,15.0,13.055320018919623,0,0,23.79707904769759
1174,0.9836598868157059,29509.79660447118,22.005380690486486,15.0,13.271956643324827,0,0,23.79707904769759
1175,0.9838159583241581,29514.478749724745,22.16656845073149,15.0,13.48930918169593,0,0,23.79707904769759
1176,0.9839453339791782,29518.360019375345,22.32823936645564,15.0,13.707313227784873,0,0,23.79707904769759
1177,0.984047931143504,29521.43793430512,22.4903455310775,15.0,13.92590418228793,0,0,23.79707904769759
1178,0.9841236751149184,29523.710253447553,22.652838909041954,15.0,14.145017271987706,0,0,23.79707904769759
1179,0.9841724991483849,29525.174974451547,22.815671350054217,15.0,14.364587568946872,0,0,23.79707904769759
1180,0.9841943444758255,29525.830334274768,22.978794603347804,15.0,14.584550009747726,0,0,23.79707904769759
1181,0.9841891603235352,29525.674809706055,23.142160331982275,15.0,14.804839414771877,0,0,23.79707904769759
1182,0.9841569039272268,29524.707117816804,23.305720127166552,15.0,15.02539050751443,0,0,23.79707904769759
1183,0.9840975405447036,29522.926216341108,23.46942552260334,15.0,15.246137933926633,0,0,23.79707904769759
1184,0.9840110434661541,29520.33130398462,23.63322800885096,15.0,15.467016281781962,0,0,23.79707904769759
1185,0.983897394022066,29516.92182066198,23.797079047697583,15.0,15.687960100059005,0,0,23.79707904769759
1186,0.9837565815887593,29512.69744766278,23.96093008654421,15.0,15.908903918336051,0,0,23.79707904769759
1187,0.9835886035915338,29507.658107746014,24.124732572791828,15.0,16.12978226619138,0,0,23.79707904769759
1188,0.9833934655054322,29501.803965162966,24.288437968228617,15.0,16.350529692603583,0,0,23.79707904769759
1189,0.9831711808536177,29495.13542560853,24.45199776341289,15.0,16.571080785346133,0,0,23.79707904769759
1190,0.9829217712033665,29487.653136100995,24.615363492047365,15.0,16.79137019037029,0,0,23.79707904769759
1191,0.982645266159678,29479.35798479034,24.778486745340953,15.0,17.011332631171136,0,0,23.79707904769759
1192,0.9823417033565006,29470.25110069502,24.941319186353216,15.0,17.23090292813031,0,0,23.79707904769759
1193,0.9820111284455814,29460.33385336744,25.103812564317668,15.0,17.45001601783008,0,0,23.79707904769759
1194,0.9816535950829376,29449.607852488127,25.265918728939525,15.0,17.668606972333137,0,0,23.79707904769759
1195,0.9812691649129577,29438.07494738873,25.427589644663684,15.0,17.88661101842208,0,0,23.79707904769759
1196,0.9808579075501344,29425.737226504032,25.58877740490865,15.0,18.10396355679314,0,0,23.79707904769759
1197,0.980419900558437,29412.59701675311,25.749434246262396,15.0,18.320600181198387,0,0,23.79707904769759
1198,0.9799552294283267,29398.656882849802,25.9095125626355,15.0,18.536456697530525,0,0,23.79707904769759
1199,0.9794639875514249,29383.91962654275,26.06896491936807,15.0,18.751469142845238,0,0,23.79707904769759
1200,0.9789462761928386,29368.388285785157,26.22774406728559,15.0,18.96557380431468,0,0,23.79707904769759
1201,0.9784022044611529,29352.066133834585,26.385802956699724,15.0,19.17870723810681,0,0,23.79707904769759
1202,0.9778318892761009,29334.956678283026,26.54309475135038,15.0,19.390806288185438,0,0,23.79707904769759
1203,0.9772354553339172,29317.063660017517,26.699572842284148,15.0,19.601808105024514,0,0,23.79707904769759
1204,0.9766130350703879,29298.391052111638,26.855190861665694,15.0,19.811650164232056,0,0,23.79707904769759
1205,0.9759647686216069,29278.943058648205,27.00990269651727,15.0,20.02027028507701,0,0,23.79707904769759
1206,0.9752908037824503,29258.72411347351,27.163662502383282,15.0,20.22760664891524,0,0,23.79707904769759
1207,0.9745912959627824,29237.738878883472,27.31642471691486,15.0,20.433597817507447,0,0,23.79707904769759
1208,0.9738664081414036,29215.99224424211,27.468144073370972,15.0,20.63818275122476,0,0,23.79707904769759
1209,0.9731163108177565,29193.489324532697,27.618775614031875,15.0,20.84130082713594,0,0,23.79707904769759
1210,0.9723411819614035,29170.235458842104,27.768274703521207,15.0,21.042891856971483,0,0,23.79707904769759
1211,0.97154120695929,29146.2362087787,27.916597042032294,15.0,21.24289610495856,0,0,23.79707904769759
1212,0.9707165785608111,29121.497356824333,28.063698678455186,15.0,21.44125430552205,0,0,23.79707904769759
1213,0.969867496820695,29096.02490462085,28.209536023400286,15.0,21.637907680846205,0,0,23.79707904769759
1214,0.9689941690397227,29069.82507119168,28.354065862114872,15.0,21.832797958291785,0,0,23.79707904769759
1215,0.9680968097033006,29042.904291099017,28.49724536728854,15.0,22.025867387663546,0,0,23.79707904769759
1216,0.9671756404179035,29015.269212537103,28.63903211174378,15.0,22.21705875832271,0,0,23.79707904769759
1217,0.9662308898454078,28986.926695362235,28.77938408100825,15.0,22.40631541613994,0,0,23.79707904769759
1218,0.9652627936353348,28957.883809060044,28.918259685764397,15.0,22.593581280283033,0,0,23.79707904769759
1219,0.9642715943550213,28928.14783065064,29.05561777417335,15.0,22.778800859834917,0,0,23.79707904769759
1220,0.9632575414177428,28897.726242532284,29.19141764406909,15.0,22.9619192702368,0,0,23.79707904769759
1221,0.9622208910088066,28866.626730264197,29.325619055019366,15.0,23.14288224955166,0,0,23.79707904769759
1222,0.9611619060096384,28834.85718028915,29.45818224024983,15.0,23.32163617454327,0,0,23.79707904769759
1223,0.9600808559198849,28802.425677596548,29.589067918427705,15.0,23.49812807656575,0,0,23.79707904769759
1224,0.9589780167775557,28769.34050332667,29.718237305301823,15.0,23.672305657259557,0,0,23.79707904769759
1225,0.957853671077227,28735.610132316808,29.84565212519515,15.0,23.844117304048478,0,0,23.79707904769759
1226,0.9567081076863315,28701.243230589946,29.971274622346716,15.0,24.01351210543357,0,0,23.79707904769759
1227,0.9555416217595624,28666.24865278687,30.095067572099467,15.0,24.180439866079343,0,0,23.79707904769759
1228,0.9543545146514112,28630.635439542337,30.216994291930707,15.0,24.34485112168771,0,0,23.79707904769759
1229,0.953147093826871,28594.41281480613,30.33701865232196,15.0,24.506697153655374,0,0,23.79707904769759
1230,0.9519196727703273,28557.59018310982,30.455105087464936,15.0,24.665930003510145,0,0,23.79707904769759
1231,0.9506725708926658,28520.177126779974,30.571218605800333,15.0,24.822502487122037,0,0,23.79707904769759
1232,0.9494061134366242,28482.183403098727,30.68532480038676,15.0,24.976368208685066,0,0,23.79707904769759
1233,0.9481206313804161,28443.618941412486,30.797389859096164,15.0,25.12748157446528,0,0,23.79707904769759
1234,0.9468164613396548,28404.493840189643,30.90738057463305,15.0,25.275797806311033,0,0,23.79707904769759
1235,0.9454939454676062,28364.818364028186,31.015264354374608,15.0,25.421272954921918,0,0,23.79707904769759
1236,0.9441534313538024,28324.60294061407,31.121009230028623,15.0,25.563863912871835,0,0,23.79707904769759
1237,0.9427952719210427,28283.858157631283,31.224583867106272,15.0,25.703528427382587,0,0,23.79707904769759
1238,0.9414198253208156,28242.594759624466,31.325957574207234,15.0,25.84022511284425,0,0,23.79707904769759
1239,0.9400274548271699,28200.823644815096,31.425100312114278,15.0,25.97391346307881,0,0,23.79707904769759
1240,0.9386185287290698,28158.555861872093,31.521982702694498,15.0,26.104553863342847,0,0,23.79707904769759
1241,0.937193420221262,28115.80260663786,31.616576037604684,15.0,26.232107602066346,0,0,23.79707904769759
1242,0.9357525072936905,28072.575218810714,31.708852286798173,15.0,26.356536882323624,0,0,23.79707904769759
1243,0.93429617261949,28028.8851785847,31.798784106830873,15.0,26.477804833033584,0,0,23.79707904769759
1244,0.9328248034415918,27984.744103247755,31.886344848963603,15.0,26.59587551988524,0,0,23.79707904769759
1245,0.9313387914579747,27940.163743739242,31.971508567058773,15.0,26.71071395598591,0,0,23.79707904769759
1246,0.9298385327055972,27895.155981167918,32.05425002526871,15.0,26.822286112228554,0,0,23.79707904769759
1247,0.9283244274430428,27849.732823291284,32.134544705513655,15.0,26.93055892737535,0,0,23.79707904769759
1248,0.9267968800319144,27803.906400957432,32.21236881474696,15.0,27.035500317854492,0,0,23.79707904769759
1249,0.9252562988170142,27757.688964510427,32.287699292005435,15.0,27.137079187267094,0,0,23.79707904769759
1250,0.9237030960053414,27711.092880160242,32.36051381524294,15.0,27.23526543560193,0,0,23.79707904769759
1251,0.9221376875439469,27664.130626318405,32.43079080794475,15.0,27.330029968154587,0,0,23.79707904769759
1252,0.9205604929966787,27616.814789900363,32.49850944552125,15.0,27.421344704148886,0,0,23.79707904769759
1253,0.918971935419857,27569.15806259571,32.56364966147863,15.0,27.509182585057808,0,0,23.79707904769759
1254,0.9173724412369123,27521.17323710737,32.62619215336505,15.0,27.59351758262155,0,0,23.79707904769759
1255,0.9157624401120279,27472.873203360836,32.6861183884904,15.0,27.674324706560256,0,0,23.79707904769759
1256,0.9141423648228203,27424.27094468461,32.743410609417886,15.0,27.751580011979097,0,0,23.79707904769759
1257,0.9125126511320991,27375.379533962972,32.798051839225984,15.0,27.8252606064638,0,0,23.79707904769759
1258,0.9108737376587395,27326.212129762185,32.85002588653905,15.0,27.895344656864054,0,0,23.79707904769759
1259,0.9092260657477113,27276.781972431338,32.89931735032518,15.0,27.961811395763192,0,0,23.79707904769759
1260,0.907570079339298,27227.10238017894,32.945911624459846,15.0,28.024641127632012,0,0,23.79707904769759
1261,0.9059062248375488,27177.186745126462,32.98979490205404,15.0,28.08381523466497,0,0,23.79707904769759
1262,0.9042349509779979,27127.048529339936,33.030954179545525,15.0,28.139316182297087,0,0,23.79707904769759
1263,0.9025567086946961,27076.70126084088,33.069377260552116,15.0,28.19112752439977,0,0,23.79707904769759
1264,0.9008719509865879,27026.158529597637,33.10505275948563,15.0,28.239233908154162,0,0,23.79707904769759
1265,0.8991811327832795,26975.433983498384,33.13797010492583,15.0,28.28362107860054,0,0,23.79707904769759
1266,0.897484710810232,26924.54132430696,33.168119542752834,15.0,28.32427588286236,0,0,23.79707904769759
1267,0.8957831434534247,26873.49430360274,33.19549213903752,15.0,28.361186274043682,0,0,23.79707904769759
1268,0.894076890623525,26822.30671870575,33.22007978268889,15.0,28.394341314799043,0,0,23.79707904769759
1269,0.8923664136196074,26770.992408588223,33.24187518785747,15.0,28.423731180574315,0,0,23.79707904769759
1270,0.8906521749924601,26719.5652497738,33.26087189609432,15.0,28.449347162517977,0,0,23.79707904769759
1271,0.8889346384075213,26668.03915222564,33.27706427826481,15.0,28.47118167006174,0,0,23.79707904769759
1272,0.8872142685074856,26616.42805522457,33.290447536216654,15.0,28.48922823316979,0,0,23.79707904769759
1273,0.8854915307746198,26564.745923238595,33.30101770420167,15.0,28.503481504256015,0,0,23.79707904769759
1274,0.8837668913928308,26513.006741784924,33.30877165005097,15.0,28.513937259768568,0,0,23.79707904769759
1275,0.8820408171095249,26461.224513285746,33.31370707610306,15.0,28.52059240144144,0,0,23.79707904769759
1276,0.8803137750973007,26409.41325291902,33.31582251988467,15.0,28.523444957212533,0,0,23.79707904769759
1277,0.8785862328155162,26357.586984465484,33.31511735454417,15.0,28.52249408180799,0,0,23.79707904769759
1278,0.8768586578717695,26305.759736153086,33.31159178903726,15.0,28.517740056992732,0,0,23.79707904769759
1279,0.8751315178833375,26253.945536500127,33.30524686806508,15.0,28.509184291486903,0,0,23.79707904769759
1280,0.8734052803386105,26202.158410158318,33.29608447176467,15.0,28.49682932054847,0,0,23.79707904769759
1281,0.8716804124585651,26150.412373756953,33.28410731515177,15.0,28.48067880522197,0,0,23.79707904769759
1282,0.8699573810583164,26098.721431749495,33.26931894731639,15.0,28.46073753125365,0,0,23.79707904769759
1283,0.8682366524087916,26047.099572263745,33.25172375037108,15.0,28.437011407673356,0,0,23.79707904769759
1284,0.8665186920985624,25995.56076295687,33.23132693815241,15.0,28.409507465043554,0,0,23.79707904769759
1285,0.8648039648958824,25944.11894687647,33.208134554676064,15.0,28.378233853376024,0,0,23.79707904769759
1286,0.8630929346109654,25892.78803832896,33.18215347234578,15.0,28.343199839716853,0,0,23.79707904769759
1287,0.8613860639585486,25841.581918756456,33.15339138991698,15.0,28.304415805400374,0,0,23.79707904769759
1288,0.8596838144207805,25790.514432623415,33.12185683021542,15.0,28.26189324297298,0,0,23.79707904769759
1289,0.8579866461104738,25739.599383314213,33.08755913761171,15.0,28.215644752787654,0,0,23.79707904769759
1290,0.8562950176347632,25688.8505290429,33.05050847525239,15.0,28.16568403927014,0,0,23.79707904769759
1291,0.8546093859592118,25638.281578776354,33.01071582204832,15.0,28.1120259068581,0,0,23.79707904769759
1292,0.8529302062724002,25587.906188172008,32.96819296942144,15.0,28.054686255614207,0,0,23.79707904769759
1293,0.8512579318510465,25537.737955531393,32.9229525178107,15.0,27.993682076514613,0,0,23.79707904769759
1294,0.849593013925689,25487.79041777067,32.87500787293829,15.0,27.929031446414164,0,0,23.79707904769759
1295,0.8479359015469777,25438.077046409333,32.824373241837215,15.0,27.860753522689834,0,0,23.79707904769759
1296,0.8462870414526109,25388.61124357833,32.771063628641436,15.0,27.788868537563964,0,0,23.79707904769759
1297,0.8446468779349566,25339.4063380487,32.71509483013988,15.0,27.713397792109085,0,0,23.79707904769759
1298,0.8430158527093995,25290.475581281986,32.65648343109545,15.0,27.63436364993585,0,0,23.79707904769759
1299,0.8413944047834513,25241.83214350354,32.59524679933061,15.0,27.551789530566282,0,0,23.79707904769759
1300,0.839782970326663,25193.48910979989,32.53140308058095,15.0,27.465699902494038,0,0,23.79707904769759
1301,0.8381819825413788,25145.45947624136,32.464971193118195,15.0,27.376120275933896,0,0,23.79707904769759
1302,0.836591871534368,25097.75614603104,32.39597082214432,15.0,27.28307719526249,0,0,23.79707904769759
1303,0.8350130641893765,25050.391925681295,32.32442241395838,15.0,27.18659823115263,0,0,23.79707904769759
1304,0.833445984040631,25003.37952121893,32.250347169897886,15.0,27.086711972403613,0,0,23.79707904769759
1305,0.8318910511473366,24956.731534420098,32.17376704005631,15.0,26.983448017469605,0,0,23.79707904769759
1306,0.8303486819692047,24910.46045907614,32.09470471677888,15.0,26.876836965689073,0,0,23.79707904769759
1307,0.8288192892430467,24864.5786772914,32.01318362793825,15.0,26.76691040821749,0,0,23.79707904769759
1308,0.8273032818604711,24819.09845581413,31.929227929992447,15.0,26.653700918666296,0,0,23.79707904769759
1309,0.8258010647467204,24774.031942401612,31.84286250082669,15.0,26.537242043450505,0,0,23.79707904769759
1310,0.8243130387406828,24729.391162220487,31.754112932381517,15.0,26.417568291848156,0,0,23.79707904769759
1311,0.8228396004761152,24685.188014283456,31.663005523069465,15.0,26.294715125774694,0,0,23.79707904769759
1312,0.8213811422641113,24641.434267923338,31.56956726998217,15.0,26.16871894927459,0,0,23.79707904769759
1313,0.8199380519768523,24598.141559305568,31.473825860890575,15.0,26.039617097734162,0,0,23.79707904769759
1314,0.8185107129326717,24555.32138798015,31.375809666040446,15.0,25.907447826818238,0,0,23.79707904769759
1315,0.8170995037824696,24512.98511347409,31.275547729745714,15.0,25.772250301134296,0,0,23.79707904769759
1316,0.8157047983975103,24471.14395192531,31.173069761781925,15.0,25.63406458262697,0,0,23.79707904769759
1317,0.8143269657586366,24429.8089727591,31.068406128582634,15.0,25.492931618706947,0,0,23.79707904769759
1318,0.8129663698469324,24388.99109540797,30.961587844241187,15.0,25.348893230117326,0,0,23.79707904769759
1319,0.8116233695358671,24348.701086076013,30.852646561320558,15.0,25.20199209854126,0,0,23.79707904769759
1320,0.810298318484954,24308.94955454862,30.741614561474027,15.0,25.052271753954415,0,0,23.79707904769759
1321,0.8089915650349535,24269.746951048604,30.62852474587939,15.0,24.899776561726092,0,0,23.79707904769759
1322,0.8077034521046514,24231.103563139543,30.51341062548973,15.0,24.744551709472923,0,0,23.79707904769759
1323,0.8064343170892458,24193.029512677374,30.39630631110326,15.0,24.586643193668632,0,0,23.79707904769759
1324,0.8051844917603688,24155.53475281106,30.27724650325566,15.0,24.426097806014397,0,0,23.79707904769759
1325,0.8039543021677753,24118.62906503326,30.156266481937507,15.0,24.262963119573428,0,0,23.79707904769759
1326,0.8027440685427284,24082.322056281853,30.033402096140087,15.0,24.09728747467406,0,0,23.79707904769759
1327,0.8015541052031071,24046.623156093214,29.908689753232537,15.0,23.929119964585432,0,0,23.79707904769759
1328,0.8003847204602671,24011.541613808015,29.782166408173545,15.0,23.758510420970126,0,0,23.79707904769759
1329,0.799236216527682,23977.08649583046,29.65386955256091,15.0,23.585509399118028,0,0,23.79707904769759
1330,0.7981088894313906,23943.266682941718,29.523837203521786,15.0,23.410168162965537,0,0,23.79707904769759
1331,0.7970030289222781,23910.090867668343,29.392107892447537,15.0,23.23253866990511,0,0,23.79707904769759
1332,0.7959189183902167,23877.5675517065,29.258720653575978,15.0,23.0526735553891,0,0,23.79707904769759
1333,0.7948568347800907,23845.705043402722,29.12371501242471,15.0,22.87062611733274,0,0,23.79707904769759
1334,0.7938170485097326,23814.511455291977,28.987130974078877,15.0,22.686450300320836,0,0,23.79707904769759
1335,0.7927998233897913,23783.994701693737,28.849009011336765,15.0,22.5002006796228,0,0,23.79707904769759
1336,0.7918054165455602,23754.162496366807,28.70939005271682,15.0,22.311932445020812,0,0,23.79707904769759
1337,0.7908340783407855,23725.022350223564,28.56831547032976,15.0,22.12170138445602,0,0,23.79707904769759
1338,0.7898860523034769,23696.581569104306,28.425827067618957,15.0,21.92956386749715,0,0,23.79707904769759
1339,0.7889615750537465,23668.847251612395,28.281967066973262,15.0,21.735576828637107,0,0,23.79707904769759
1340,0.7880608762336919,23641.826287010757,28.136778097215704,15.0,21.53979775042221,0,0,23.79707904769759
1341,0.7871841784393492,23615.525353180474,27.990303180971367,15.0,21.342284646418463,0,0,23.79707904769759
1342,0.7863316971547321,23589.950914641962,27.84258572191915,15.0,21.14309604402132,0,0,23.79707904769759
1343,0.7855036406879803,23565.10922063941,27.693669491930144,15.0,20.942290967112456,0,0,23.79707904769759
1344,0.7847002101096328,23541.00630328898,27.54359861809724,15.0,20.739928918569987,0,0,23.79707904769759
1345,0.7839215991930459,23517.647975791377,27.39241756965911,15.0,20.536069862636168,0,0,23.79707904769759
1346,0.7831679943569753,23495.03983070926,27.240171144823158,15.0,20.330774207148924,0,0,23.79707904769759
1347,0.7824395746103346,23473.187238310038,27.08690445749079,15.0,20.12410278564157,0,0,23.79707904769759
1348,0.7817365114991522,23452.09534497457,26.93266292388928,15.0,19.91611683931672,0,0,23.79707904769759
1349,0.7810589690557381,23431.769071672144,26.777492249113806,15.0,19.706877998898932,0,0,23.79707904769759
1350,0.7804071037500779,23412.213112502337,26.62143841358418,15.0,19.49644826637237,0,0,27.79707904769759
1351,0.7796327854741227,23388.983564223683,30.91291673973851,15.0,19.284889996608218,0,0,27.79707904769759
1352,0.7788853178821096,23366.559536463286,30.728731265101825,15.0,19.072265878887617,0,0,27.79707904769759
1353,0.7781648386548101,23344.945159644303,30.543677078642887,15.0,18.858638918325447,0,0,27.79707904769759
1354,0.7774714774757613,23324.14432427284,30.3578090159109,15.0,18.644072417200526,0,0,27.79707904769759
1355,0.776805355992837,23304.16067978511,30.17118215362429,15.0,18.428629956197952,0,0,27.79707904769759
1356,0.7761665877822014,23284.997633466042,29.983851793350055,15.0,18.212375375568502,0,0,27.79707904769759
1357,0.7755552783146535,23266.658349439607,29.79587344511686,15.0,17.99537275621158,0,0,27.79707904769759
1358,0.7749715249243747,23249.14574773124,29.607302810966193,15.0,17.77768640068659,0,0,27.79707904769759
1359,0.7744154167800851,23232.462503402552,29.418195768446644,15.0,17.559380814158743,0,0,27.79707904769759
1360,0.7738870348586224,23216.611045758673,29.228608354056167,15.0,17.340520685284737,0,0,27.79707904769759
1361,0.7733864519209461,23201.593557628385,29.038596746637253,15.0,17.121170867044107,0,0,27.79707904769759
1362,0.7729137324905767,23187.411974717303,28.848217250730027,15.0,16.901396357522046,0,0,27.79707904769759
1363,0.772468932834476,23174.067985034282,28.657526279887826,15.0,16.68126228064879,0,0,27.79707904769759
1364,0.7720521009463744,23161.563028391232,28.466580339960753,15.0,16.460833866902217,0,0,27.79707904769759
1365,0.7716632765325488,23149.898295976465,28.27543601235176,15.0,16.240176433978544,0,0,27.79707904769759
1366,0.7713024910000573,23139.07473000172,28.084149937250363,15.0,16.019355367437328,0,0,27.79707904769759
1367,0.7709697674474322,23129.093023422964,27.89277879684888,15.0,15.79843610132629,0,0,27.79707904769759
1368,0.7706651206578351,23119.953619735054,27.70137929854636,15.0,15.57748409879181,0,0,27.79707904769759
1369,0.7703885570946778,23111.656712840333,27.510008158144842,15.0,15.356564832680725,0,0,27.79707904769759
1370,0.770140074899705,23104.20224699115,27.318722083043436,15.0,15.135743766139507,0,0,27.79707904769759
1371,0.7699196638935465,23097.589916806395,27.127577755434444,15.0,14.915086333215834,0,0,27.79707904769759
1372,0.7697273055787328,23091.819167361984,26.936631815507376,15.0,14.694657919469257,0,0,27.79707904769759
1373,0.7695629731451769,23086.889194355306,26.74594084466517,15.0,14.47452384259601,0,0,27.79707904769759
1374,0.7694266314781177,23082.798944343533,26.55556134875795,15.0,14.254749333073946,0,0,27.79707904769759
1375,0.7693182371685265,23079.547115055797,26.36554974133907,15.0,14.03539951483336,0,0,27.79707904769759
1376,0.7692377385259692,23077.132155779076,26.175962326948557,15.0,13.81653938595931,0,0,27.79707904769759
1377,0.7691850755939234,23075.5522678177,25.98685528442901,15.0,13.59823379943146,0,0,27.79707904769759
1378,0.7691601801675448,23074.805405026345,25.79828465027834,15.0,13.380547443906474,0,0,27.79707904769759
1379,0.7691629758138786,23074.889274416357,25.610306302045146,15.0,13.16354482454955,0,0,27.79707904769759
1380,0.7691933778945068,23075.801336835204,25.422975941770872,15.0,12.947290243920058,0,0,27.79707904769759
1381,0.7692512935906295,23077.538807718884,25.23634907948426,15.0,12.731847782917482,0,0,27.79707904769759
1382,0.7693366219305684,23080.098657917053,25.05048101675235,15.0,12.517281281792652,0,0,27.79707904769759
1383,0.7694492538196878,23083.477614590633,24.865426830293373,15.0,12.303654321230438,0,0,27.79707904769759
1384,0.7695890720727204,23087.672162181614,24.681241355656688,15.0,12.091030203509835,0,0,27.79707904769759
1385,0.7697559514484933,23092.6785434548,24.497979170973437,15.0,11.879471933745684,0,0,27.79707904769759
1386,0.7699497586870383,23098.49276061115,24.31569458078407,15.0,11.669042201219119,0,0,27.79707904769759
1387,0.7701703525490805,23105.110576472416,24.134441599946637,15.0,11.459803360801288,0,0,27.79707904769759
1388,0.7704175838578905,23112.527515736714,23.954273937631207,15.0,11.251817414476442,0,0,27.79707904769759
1389,0.7706912955434883,23120.738866304648,23.775244981404413,15.0,11.045145992969129,0,0,27.79707904769759
1390,0.7709913226891869,23129.739680675608,23.597407781409746,15.0,10.839850337481884,0,0,27.79707904769759
1391,0.7713174925804608,23139.524777413822,23.420815034647614,15.0,10.635991281548069,0,0,27.79707904769759
1392,0.7716696247561241,23150.08874268372,23.245519069360057,15.0,10.433629233005593,0,0,27.79707904769759
1393,0.7720475310618062,23161.425931854188,23.071571829524792,15.0,10.232824156096775,0,0,27.79707904769759
1394,0.7724510157057057,23173.530471171172,22.899024859463076,15.0,10.033635553699629,0,0,27.79707904769759
1395,0.7728798753166073,23186.39625949822,22.72792928856596,15.0,9.836122449695846,0,0,27.79707904769759
1396,0.7733338990041452,23200.016970124354,22.558335816143725,15.0,9.640343371480906,0,0,27.79707904769759
1397,0.7738128684212947,23214.38605263884,22.390294696402336,15.0,9.446356332620901,0,0,27.79707904769759
1398,0.7743165578290733,23229.4967348722,22.223855723552198,15.0,9.254218815662032,0,0,27.79707904769759
1399,0.7748447341634314,23245.34202490294,22.059068217053014,15.0,9.063987755097237,0,0,27.79707904769759
1400,0.7753971571043148,23261.914713129445,21.895981006999367,15.0,8.875719520495288,0,0,27.79707904769759
1401,0.7759735791468766,23279.2073744063,21.734642419651273,15.0,8.689469899797217,0,0,27.79707904769759
1402,0.776573745674818,23297.21237024454,21.575100263114233,15.0,8.505294082785346,0,0,27.79707904769759
1403,0.7771973950358365,23315.921851075094,21.4174018131723,15.0,8.32324664472895,0,0,27.79707904769759
1404,0.7778442586191597,23335.327758574793,21.261593799279698,15.0,8.143381530212936,0,0,27.79707904769759
1405,0.7785140609351402,23355.421828054205,21.10772239071353,15.0,7.965752037152512,0,0,27.79707904769759
1406,0.7792065196968886,23376.195590906656,20.955833182892967,15.0,7.790410801000025,0,0,27.79707904769759
1407,0.7799213459039219,23397.64037711766,20.805971183868287,15.0,7.617409779147888,0,0,27.79707904769759
1408,0.7806582439278006,23419.74731783402,20.65818080098419,15.0,7.4468002355326455,0,0,27.79707904769759
1409,0.7814169115997291,23442.507347991876,20.512505827720574,15.0,7.278632725443993,0,0,27.79707904769759
1410,0.7821970403000957,23465.911209002872,20.368989430716063,15.0,7.112957080544654,0,0,27.79707904769759
1411,0.7829983150499222,23489.94945149767,20.227674136976308,15.0,6.94982239410365,0,0,27.79707904769759
1412,0.7838204146042,23514.612438126,20.088601821272743,15.0,6.78927700644938,0,0,27.79707904769759
1413,0.7846630115470815,23539.890346412445,19.951813693733982,15.0,6.631368490645123,0,0,27.79707904769759
1414,0.7855257723889003,23565.77317166701,19.81735028763427,15.0,6.4761436383919575,0,0,27.79707904769759
1415,0.7864083576649918,23592.250729949756,19.685251447382786,15.0,6.323648446163634,0,0,27.79707904769759
1416,0.7873104220362835,23619.312661088505,19.555556316716906,15.0,6.173928101576819,0,0,27.79707904769759
1417,0.7882316143916266,23646.9484317488,19.428303327102796,15.0,6.027026970000721,0,0,27.79707904769759
1418,0.789171577951838,23675.14733855514,19.303530186347665,15.0,5.882988581411071,0,0,27.79707904769759
1419,0.7901299503754212,23703.898511262636,19.181273867426007,15.0,5.7418556174910735,0,0,27.79707904769759
1420,0.7911063638659365,23733.190915978095,19.061570597523513,15.0,5.603669898983717,0,0,27.79707904769759
1421,0.7921004452809863,23763.01335842959,18.944455847302564,15.0,5.468472373299804,0,0,27.79707904769759
1422,0.7931118162427863,23793.35448728359,18.829964320391106,15.0,5.336303102383882,0,0,27.79707904769759
1423,0.7941400932502856,23824.202797508566,18.718129943099555,15.0,5.207201250843454,0,0,27.79707904769759
1424,0.7951848877928074,23855.546633784223,18.608985854367493,15.0,5.0812050743433765,0,0,27.79707904769759
1425,0.7962458064651731,23887.37419395519,18.502564395943857,15.0,4.95835190826989,0,0,27.79707904769759
1426,0.797322451084276,23919.67353252828,18.39889710280359,15.0,4.8386781566675365,0,0,27.79707904769759
1427,0.7984144188070723,23952.43256421217,18.298014693803026,15.0,4.722219281451746,0,0,27.79707904769759
1428,0.7995213022499518,23985.639067498552,18.199947062577067,15.0,4.609009791900526,0,0,27.79707904769759
1429,0.8006426896094544,24019.28068828363,18.104723268681397,15.0,4.4990832344289675,0,0,27.79707904769759
1430,0.8017781647842965,24053.344943528897,18.012371528981216,15.0,4.392472182648437,0,0,27.79707904769759
1431,0.8029273074986711,24087.819224960134,17.922919209290114,15.0,4.289208227714429,0,0,27.79707904769759
1432,0.8040896934267838,24122.690802803514,17.836392816260954,15.0,4.189321968965411,0,0,27.79707904769759
1433,0.8052648943185905,24157.946829557713,17.752817989531387,15.0,4.0928430048555695,0,0,27.79707904769759
1434,0.8064524781266963,24193.57434380089,17.672219494126246,15.0,3.99979992418414,0,0,27.79707904769759
1435,0.8076520091343816,24229.56027403145,17.594621213119225,15.0,3.9102202976240186,0,0,27.79707904769759
1436,0.8088630480847135,24265.891442541408,17.52004614055563,15.0,3.8241306695517605,0,0,27.79707904769759
1437,0.8100851523107073,24302.55456932122,17.44851637463897,15.0,3.7415565501821932,0,0,27.79707904769759
1438,0.8113178758664982,24339.536275994946,17.380053111182615,15.0,3.6625224080089556,0,0,27.79707904769759
1439,0.8125607696594848,24376.823089784542,17.314676637329082,15.0,3.5870516625540763,0,0,27.79707904769759
1440,0.813813381583405,24414.40144750215,17.2524063255385,15.0,3.515166677428206,0,0,27.79707904769759
1441,0.8150752566523048,24452.257699569145,17.19326062784819,15.0,3.446888753703889,0,0,27.79707904769759
1442,0.8163459371353606,24490.37811406082,17.13725707040481,15.0,3.3822381236034254,0,0,27.79707904769759
1443,0.8176249626925142,24528.748880775423,17.08441224827112,15.0,3.3212339445038426,0,0,27.79707904769759
1444,0.8189118705108818,24567.356115326453,17.034741820508366,15.0,3.263894293259936,0,0,27.79707904769759
1445,0.8202061954418959,24606.185863256876,16.98826050553628,15.0,3.2102361608478858,0,0,27.79707904769759
1446,0.8215074701391383,24645.224104174147,16.944982076771677,15.0,3.1602754473303833,0,0,27.79707904769759
1447,0.8228152251968247,24684.456755904743,16.90491935854698,15.0,3.114026957145052,0,0,27.79707904769759
1448,0.8241289892889009,24723.869678667026,16.86808422231023,15.0,3.0715043947176603,0,0,27.79707904769759
1449,0.8254482893087053,24763.448679261157,16.83448758310728,15.0,3.03272036040119,0,0,27.79707904769759
1450,0.826772650509162,24803.17951527486,16.80413939634738,15.0,2.997686346742011,0,0,27.79707904769759
1451,0.8281015966434578,24843.047899303736,16.77704865485324,15.0,2.9664127350744756,0,0,27.79707904769759
1452,0.8294346501061649,24883.039503184948,16.753223386196247,15.0,2.9389087924446775,0,0,27.79707904769759
1453,0.8307713320747651,24923.139962242953,16.732670650317672,15.0,2.915182668864377,0,0,27.79707904769759
1454,0.8321111626515356,24963.33487954607,16.71539653743674,15.0,2.8952413948960602,0,0,27.79707904769759
1455,0.8334536610057534,25003.6098301726,16.70140616624589,15.0,2.8790908795695587,0,0,27.79707904769759
1456,0.8347983455161752,25043.950365485256,16.690703682394044,15.0,2.866735908631129,0,0,27.79707904769759
1457,0.8361447339137527,25084.34201741258,16.683292257258152,15.0,2.8581801431253036,0,0,27.79707904769759
1458,0.8374923434245385,25124.770302736153,16.679174087003428,15.0,2.8534261183100407,0,0,27.79707904769759
1459,0.8388406909127435,25165.220727382304,16.678350391932604,15.0,2.852475242905502,0,0,27.79707904769759
1460,0.8401892930239,25205.678790717,16.6808214161243,15.0,2.8553277986765884,0,0,27.79707904769759
1461,0.8415376663280898,25246.129989842695,16.686586427360716,15.0,2.8619829403494617,0,0,27.79707904769759
1462,0.8428853274631952,25286.559823895856,16.69564371734461,15.0,2.872438695862016,0,0,27.79707904769759
1463,0.8442317932781296,25326.953798343886,16.70799060220548,15.0,2.8866919669482356,0,0,27.79707904769759
1464,0.8455765809760054,25367.297429280163,16.72362342329488,15.0,2.9047385300562896,0,0,27.79707904769759
1465,0.8469192082571976,25407.576247715926,16.742537548270537,15.0,2.926573037600053,0,0,27.79707904769759
1466,0.8482591934622589,25447.775803867768,16.764727372469018,15.0,2.9521890195437113,0,0,27.79707904769759
1467,0.8495960557146466,25487.881671439398,16.79018632056653,15.0,2.9815788853189837,0,0,27.79707904769759
1468,0.850929315063216,25527.87945189648,16.81890684852727,15.0,3.0147339260743373,0,0,27.79707904769759
1469,0.8522584926244406,25567.75477873322,16.850880445839007,15.0,3.051644317255679,0,0,27.79707904769759
1470,0.8535831107243158,25607.493321729475,16.886097638034776,15.0,3.0922991215174873,0,0,27.79707904769759
1471,0.8549026930399035,25647.080791197106,16.924547989500496,15.0,3.1366862919638634,0,0,27.79707904769759
1472,0.8562167647404775,25686.502942214323,16.966220106567196,15.0,3.1847926757182528,0,0,27.79707904769759
1473,0.8575248526282251,25725.745578846752,17.011101640887244,15.0,3.2366040178209374,0,0,27.79707904769759
1474,0.8588264852784671,25764.794558354013,17.05917929309336,15.0,3.2921049654530417,0,0,27.79707904769759
1475,0.8601211931793504,25803.635795380513,17.110438816739652,15.0,3.351279072486016,0,0,27.79707904769759
1476,0.8614085088709745,25842.255266129236,17.16486502252294,15.0,3.4141088043548176,0,0,27.79707904769759
1477,0.86268796708391,25880.639012517302,17.222441782783875,15.0,3.4805755432539702,0,0,27.79707904769759
1478,0.8639591048770683,25918.773146312047,17.283152036285763,15.0,3.550659593654226,0,0,27.79707904769759
1479,0.8652214617748799,25956.643853246398,17.346977793270256,15.0,3.624340188138925,0,0,27.79707904769759
1480,0.8664745799037452,25994.237397112356,17.413900140788094,15.0,3.7015954935577695,0,0,27.79707904769759
1481,0.8677180041277106,26031.540123831317,17.483899248303416,15.0,3.782402617496472,0,0,27.79707904769759
1482,0.8689512821833357,26068.53846550007,17.556954373569923,15.0,3.866737615060197,0,0,27.79707904769759
1483,0.8701739648137091,26105.218944411274,17.63304386877739,15.0,3.954575495969137,0,0,27.79707904769759
1484,0.8713856059015723,26141.56817704717,17.712145186966218,15.0,4.045890231963451,0,0,27.79707904769759
1485,0.8725857626015143,26177.57287804543,17.794234888708647,15.0,4.140654764516088,0,0,27.79707904769759
1486,0.8737739954711959,26213.219864135877,17.879288649054477,15.0,4.238841012850948,0,0,27.79707904769759
1487,0.8749498686015664,26248.496058046992,17.967281264738837,15.0,4.340419882263531,0,0,27.79707904769759
1488,0.8761129497460324,26283.38849238097,18.058186661650716,15.0,4.445361272742645,0,0,27.79707904769759
1489,0.8772628104485419,26317.88431345626,18.151977902559107,15.0,4.553634087889469,0,0,27.79707904769759
1490,0.8783990261705458,26351.970785116373,18.248627195095096,15.0,4.665206244132088,0,0,27.79707904769759
1491,0.8795211764167962,26385.635292503885,18.34810589998752,15.0,4.780044680232777,0,0,27.79707904769759
1492,0.88062884485995,26418.8653457985,18.45038453954916,15.0,4.898115367084456,0,0,27.79707904769759
1493,0.8817216194639346,26451.64858391804,18.5554328064117,15.0,5.019383317794389,0,0,27.79707904769759
1494,0.8827990926060435,26483.972778181305,18.663219572506648,15.0,5.143812598051701,0,0,27.79707904769759
1495,0.8838608611977236,26515.825835931708,18.773712898288895,15.0,5.2713663367751735,0,0,27.79707904769759
1496,0.8849065268040188,26547.195804120565,18.886880042201412,15.0,5.402006737039212,0,0,27.79707904769759
1497,0.8859356957616354,26578.070872849064,19.002687470377094,15.0,5.5356950872737665,0,0,27.79707904769759
1498,0.8869479792955925,26608.439378867777,19.12110086657563,15.0,5.672391772735406,0,0,27.79707904769759
1499,0.8879429936344247,26638.289809032744,19.242085142352227,15.0,5.812056287246155,0,0,27.79707904769759
1500,0.888920360123902,26667.61080371706,19.365604447454864,15.0,5.954647245196102,0,0,27.79707904769759
1501,0.8898797053392327,26696.39116017698,19.491622180447628,15.0,6.100122393806981,0,0,27.79707904769759
1502,0.8908206611957179,26724.619835871537,19.620100999556655,15.0,6.248438625652768,0,0,27.79707904769759
1503,0.8917428650578223,26752.28595173467,19.75100283373495,15.0,6.399551991432949,0,0,27.79707904769759
1504,0.8926459598466315,26779.378795398945,19.884288893944,15.0,6.553417712995981,0,0,27.79707904769759
1505,0.8935295941456618,26805.887824369853,20.019919684647594,15.0,6.709990196607869,0,0,27.79707904769759
1506,0.8943934223049924,26831.802669149773,20.15785501551534,15.0,6.869223046462645,0,0,27.79707904769759
1507,0.8952371045436897,26857.11313631069,20.298054013331722,15.0,7.031069078430267,0,0,27.79707904769759
1508,0.8960603070504907,26881.80921151472,20.44047513410806,15.0,7.195480334038674,0,0,27.79707904769759
1509,0.8968627020827189,26905.881062481567,20.58507617539251,15.0,7.362408094684477,0,0,27.79707904769759
1510,0.897643968063402,26929.319041902058,20.731814288775738,15.0,7.531802896069536,0,0,27.79707904769759
1511,0.8984037896765613,26952.11369029684,20.880645992587958,15.0,7.703614542858458,0,0,27.79707904769759
1512,0.8991418579606473,26974.25573881942,21.03152718478326,15.0,7.877792123552268,0,0,27.79707904769759
1513,0.899857870400091,26995.73611200273,21.184413156008112,15.0,8.054284025574745,0,0,27.79707904769759
1514,0.9005515310149467,27016.5459304484,21.339258602849725,15.0,8.233037950566352,0,0,27.79707904769759
1515,0.9012225504485959,27036.676513457878,21.49601764126026,15.0,8.414000929881178,0,0,27.79707904769759
1516,0.9018706460534919,27056.119381604756,21.654643820153627,15.0,8.597119340283099,0,0,27.79707904769759
1517,0.902495541974912,27074.86625924736,21.815090135169527,15.0,8.78233891983502,0,0,27.79707904769759
1518,0.9030969692327011,27092.909076981032,21.977309042602037,15.0,8.969604783978074,0,0,27.79707904769759
1519,0.9036746658009754,27110.239974029264,22.14125247348805,15.0,9.158861441795342,0,0,27.79707904769759
1520,0.9042283766857668,27126.851300573006,22.306871847850694,15.0,9.350052812454505,0,0,27.79707904769759
1521,0.9047578540005826,27142.73562001748,22.474118089095,15.0,9.54312224182619,0,0,27.79707904769759
1522,0.9052628570398601,27157.885711195802,22.64294163855032,15.0,9.738012519271809,0,0,27.79707904769759
1523,0.9057431523502923,27172.29457050877,22.813292470155286,15.0,9.93466589459592,0,0,27.79707904769759
1524,0.9061985138000058,27185.955414000175,22.985120105282178,15.0,10.133024095159449,0,0,27.79707904769759
1525,0.9066287226455682,27198.861679367044,23.158373627694285,15.0,10.33302834314657,0,0,27.79707904769759
1526,0.9070335675968063,27211.00702790419,23.33300169863373,15.0,10.534619372982073,0,0,27.79707904769759
1527,0.9074128448794166,27222.3853463825,23.508952572034456,15.0,10.737737448893292,0,0,27.79707904769759
1528,0.9077663582953474,27232.990748860422,23.68617410985523,15.0,10.94232238261057,0,0,27.79707904769759
1529,0.9080939192809367,27242.8175784281,23.864613797529685,15.0,11.148313551202772,0,0,27.79707904769759
1530,0.9083953469627878,27251.860408883633,24.044218759527315,15.0,11.355649915040997,0,0,27.79707904769759
1531,0.9086704682113658,27260.114046340972,24.224935775021727,15.0,11.564270035886,0,0,27.79707904769759
1532,0.9089191176922996,27267.573530768987,24.40671129366092,15.0,11.77411209509345,0,0,27.79707904769759
1533,0.9091411379153743,27274.23413746123,24.58949145143584,15.0,11.985113911932617,0,0,27.79707904769759
1534,0.909336379281199,27280.091378435973,24.773222086640867,15.0,12.197212962011204,0,0,27.79707904769759
1535,0.9095047001255361,27285.141003766083,24.95784875592371,15.0,12.410346395803376,0,0,27.79707904769759
1536,0.9096459667612792,27289.379002838374,25.143316750417576,15.0,12.62445105727277,0,0,27.79707904769759
1537,0.9097600535180678,27292.801605542034,25.329571111953005,15.0,12.839463502587485,0,0,27.79707904769759
1538,0.9098468427795265,27295.405283385797,25.516556649342977,15.0,13.05532001891962,0,0,27.79707904769759
1539,0.9099062250181167,27297.1867505435,25.704217954737324,15.0,13.271956643324867,0,0,27.79707904769759
1540,0.9099380988275918,27298.142964827755,25.892499420041084,15.0,13.489309181695884,0,0,27.79707904769759
1541,0.9099423709530472,27298.271128591416,26.081345253392787,15.0,13.70731322778487,0,0,27.79707904769759
1542,0.9099189563185524,27297.56868955657,26.270699495696274,15.0,13.925904182287928,0,0,27.79707904769759
1543,0.9098677780523615,27296.033341570845,26.46050603720299,15.0,14.145017271987703,0,0,27.79707904769759
1544,0.9097887675096918,27293.663025290756,26.65070863413832,15.0,14.364587568946867,0,0,27.79707904769759
1545,0.9096818642930653,27290.45592879196,26.841250925367884,15.0,14.584550009747723,0,0,27.79707904769759
1546,0.9095470162702043,27286.41048810613,27.032076449098557,15.0,14.804839414771873,0,0,27.79707904769759
1547,0.9093841795894813,27281.525387684436,27.223128659609344,15.0,15.025390507514427,0,0,27.79707904769759
1548,0.9091933186929113,27275.799560787338,27.41435094400691,15.0,15.246137933926583,0,0,27.79707904769759
1549,0.90897440632669,27269.2321898007,27.605686639001622,15.0,15.467016281781959,0,0,27.79707904769759
1550,0.9087274235492686,27261.82270647806,27.797079047697622,15.0,15.687960100059051,0,0,27.79707904769759
1551,0.9084523597369669,27253.570792109007,27.988471456393533,15.0,15.908903918336048,0,0,27.79707904769759
1552,0.9081492125871216,27244.476377613646,28.17980715138821,15.0,16.129782266191377,0,0,27.79707904769759
1553,0.907817988118768,27234.53964356304,28.371029435785857,15.0,16.350529692603626,0,0,27.79707904769759
1554,0.9074587006708572,27223.761020125716,28.562081646296562,15.0,16.571080785346087,0,0,27.79707904769759
1555,0.9070713728980068,27212.141186940204,28.752907170027274,15.0,16.791370190370287,0,0,27.79707904769759
1556,0.9066560357637877,27199.68107291363,28.943449461256805,15.0,17.011332631171094,0,0,27.79707904769759
1557,0.906212728531549,27186.38185594647,29.133652058192173,15.0,17.230902928130305,0,0,27.79707904769759
1558,0.9057414987527836,27172.24496258351,29.323458599698927,15.0,17.450016017830123,0,0,27.79707904769759
1559,0.9052424022530378,27157.272067591133,29.512812842002372,15.0,17.668606972333137,0,0,27.79707904769759
1560,0.904715503115368,27141.46509346104,29.70165867535408,15.0,17.886611018422123,0,0,27.79707904769759
1561,0.9041608736613531,27124.826209840594,29.88994014065787,15.0,18.103963556793182,0,0,27.79707904769759
1562,0.9035785944296627,27107.35783288988,30.077601446052142,15.0,18.320600181198344,0,0,27.79707904769759
1563,0.9029687541521924,27089.06262456577,30.264586983442157,15.0,18.536456697530518,0,0,27.79707904769759
1564,0.9023314497277702,27069.943491833106,30.450841344977626,15.0,18.75146914284528,0,0,27.79707904769759
1565,0.9016667861934442,27050.003585803326,30.636309339471453,15.0,18.965573804314634,0,0,27.79707904769759
1566,0.9009748766933566,27029.2463008007,30.820936008754295,15.0,19.178707238106803,0,0,27.79707904769759
1567,0.9002558424452176,27007.67527335653,31.00466664395932,15.0,19.39080628818539,0,0,27.79707904769759
1568,0.8995098127043857,26985.29438113157,31.187446801734243,15.0,19.601808105024556,0,0,27.79707904769759
1569,0.8987369247255661,26962.107741766984,31.36922232037347,15.0,19.81165016423205,0,0,27.79707904769759
1570,0.89793732372214,26938.1197116642,31.549939335867844,15.0,20.02027028507701,0,0,27.79707904769759
1571,0.8971111628231341,26913.33488469402,31.729544297865473,15.0,20.227606648915238,0,0,27.79707904769759
1572,0.8962586030278453,26887.75809083536,31.90798398553997,15.0,20.433597817507483,0,0,27.79707904769759
1573,0.8953798131581335,26861.394394744006,32.085205523360706,15.0,20.63818275122471,0,0,27.79707904769759
1574,0.8944749698083955,26834.249094251863,32.261156396761436,15.0,20.84130082713593,0,0,27.79707904769759
1575,0.8935442572932363,26806.32771879709,32.43578446770091,15.0,21.04289185697148,0,0,27.79707904769759
1576,0.8925878675928536,26777.636027785607,32.60903799011298,15.0,21.242896104958554,0,0,27.79707904769759
1577,0.8916060002961486,26748.180008884457,32.780865625239834,15.0,21.441254305522047,0,0,27.79707904769759
1578,0.8905988625415843,26717.965876247526,32.95121645684485,15.0,21.637907680846197,0,0,27.79707904769759
1579,0.8895666689558058,26687.000068674173,33.12004000630012,15.0,21.832797958291785,0,0,27.79707904769759
1580,0.8885096415900418,26655.289247701254,33.2872862475445,15.0,22.025867387663546,0,0,27.79707904769759
1581,0.8874280098543058,26622.840295629176,33.452905621907114,15.0,22.217058758322665,0,0,27.79707904769759
1582,0.8863220104494175,26589.660313482524,33.61684905279313,15.0,22.406315416139936,0,0,27.79707904769759
1583,0.8851918872968624,26555.75661890587,33.7790679602257,15.0,22.59358128028307,0,0,27.79707904769759
1584,0.8840378914665132,26521.136743995397,33.939514275241535,15.0,22.77880085983491,0,0,27.79707904769759
1585,0.8828602811022326,26485.808433066977,34.09814045413487,15.0,22.96191927023679,0,0,27.79707904769759
1586,0.8816593213453788,26449.779640361365,34.254899492545476,15.0,23.142882249551693,0,0,27.79707904769759
1587,0.8804352842562393,26413.05852768718,34.40974493938702,15.0,23.32163617454323,0,0,27.79707904769759
1588,0.8791884487334132,26375.653462002396,34.5626309106119,15.0,23.49812807656575,0,0,27.79707904769759
1589,0.8779191004311672,26337.573012935016,34.71351210280718,15.0,23.672305657259518,0,0,27.79707904769759
1590,0.8766275316747908,26298.825950243725,34.862343806619435,15.0,23.844117304048478,0,0,27.79707904769759
1591,0.8753140413739735,26259.421241219206,35.009081920002714,15.0,24.013512105433605,0,0,27.79707904769759
1592,0.8739789349342314,26219.368048026943,35.1536829612871,15.0,24.18043986607934,0,0,27.79707904769759
1593,0.8726225241664093,26178.675724992278,35.29610408206341,15.0,24.34485112168771,0,0,27.79707904769759
1594,0.8712451271942838,26137.353815828516,35.43630307987985,15.0,24.506697153655402,0,0,27.79707904769759
1595,0.8698470683602973,26095.41205080892,35.57423841074754,15.0,24.665930003510113,0,0,27.79707904769759
1596,0.8684286781294475,26052.860343883425,35.70986920145117,15.0,24.82250248712203,0,0,27.79707904769759
1597,0.8669902929913634,26009.708789740904,35.84315526166024,15.0,24.976368208685095,0,0,27.79707904769759
1598,0.8655322553605974,25965.96766081792,35.97405709583852,15.0,25.127481574465243,0,0,27.79707904769759
1599,0.8640549134751587,25921.647404254763,36.10253591494754,15.0,25.275797806311033,0,0,27.79707904769759
1600,0.8625586212933246,25876.75863879974,36.22855364794031,15.0,25.42127295492191,0,0,27.79707904769759
1601,0.8610437383887536,25831.31215166261,36.35207295304294,15.0,25.56386391287186,0,0,27.79707904769759
1602,0.859510629843937,25785.31889531811,36.47305722881951,15.0,25.703528427382583,0,0,27.79707904769759
1603,0.8579596661420162,25738.789984260486,36.59147062501805,15.0,25.840225112844223,0,0,27.79707904769759
1604,0.8563912230570012,25691.736691710037,36.70727805319376,15.0,25.973913463078805,0,0,27.79707904769759
1605,0.8548056815424208,25644.170446272623,36.820445197106295,15.0,26.104553863342872,0,0,27.79707904769759
1606,0.8532034276184368,25596.102828553103,36.930938522888525,15.0,26.232107602066318,0,0,27.79707904769759
1607,0.8515848522574591,25547.545567723773,37.038725288983464,15.0,26.356536882323624,0,0,27.79707904769759
1608,0.8499503512682914,25498.510538048744,37.14377355584603,15.0,26.477804833033584,0,0,27.79707904769759
1609,0.8483003251788451,25449.009755365354,37.24605219540765,15.0,26.59587551988524,0,0,27.79707904769759
1610,0.8466351791174535,25399.055373523603,37.34553090030005,15.0,26.710713955985906,0,0,27.79707904769759
1611,0.8449553226928238,25348.659680784713,37.44218019283606,15.0,26.822286112228554,0,0,27.79707904769759
1612,0.8432611698726616,25297.83509617985,37.535971433744436,15.0,26.93055892737535,0,0,27.79707904769759
1613,0.841553138861003,25246.59416583009,37.62687683065634,15.0,27.035500317854485,0,0,27.79707904769759
1614,0.8398316519742917,25194.94955922875,37.7148694463407,15.0,27.137079187267076,0,0,27.79707904769759
1615,0.8380971355162374,25142.914065487123,37.79992320668652,15.0,27.23526543560193,0,0,27.79707904769759
1616,0.8363500196514934,25090.5005895448,37.88201290842897,15.0,27.330029968154587,0,0,27.79707904769759
1617,0.8345907382781887,25037.722148345663,37.96111422661778,15.0,27.42134470414888,0,0,27.79707904769759
1618,0.8328197288993554,24984.591866980663,38.037203721825236,15.0,27.509182585057808,0,0,27.79707904769759
1619,0.8310374324932865,24931.122974798596,38.11025884709177,15.0,27.593517582621566,0,0,27.79707904769759
1620,0.8292442933828649,24877.328801485946,38.180257954607065,15.0,27.674324706560235,0,0,31.79707904769759
1621,0.8272573001141436,24817.719003424307,43.750949994831956,15.0,27.751580011979097,0,0,31.79707904769759
1622,0.8252600561420966,24757.8016842629,43.82396027899282,15.0,27.825260606463782,0,0,31.79707904769759
1623,0.8232530299736656,24697.59089920997,43.893406738683545,15.0,27.895344656864054,0,0,31.79707904769759
1624,0.8212366930144676,24637.100790434026,43.95926879541929,15.0,27.961811395763206,0,0,31.79707904769759
1625,0.819211519429108,24576.34558287324,44.0215269328512,15.0,28.02464112763201,0,0,31.79707904769759
1626,0.8171779860006755,24515.339580020263,44.08016270254957,15.0,28.08381523466497,0,0,31.79707904769759
1627,0.8151365719894604,24454.097159683814,44.135158729470355,15.0,28.139316182297094,0,0,31.79707904769759
1628,0.8130877589909401,24392.632769728203,44.186498717103845,15.0,28.19112752439976,0,0,31.79707904769759
1629,0.8110320307930714,24330.960923792143,44.23416745230373,15.0,28.239233908154162,0,0,31.79707904769759
1630,0.8089698732329341,24269.096196988023,44.27815080979499,15.0,28.283621078600547,0,0,31.79707904769759
1631,0.8069017740527664,24207.05322158299,44.31843575635951,15.0,28.324275882862352,0,0,31.79707904769759
1632,0.8048282227554371,24144.846682663112,44.35501035469828,15.0,28.36118627404369,0,0,31.79707904769759
1633,0.8027497104593948,24082.491313781844,44.387863766968415,15.0,28.394341314799043,0,0,31.79707904769759
1634,0.8006667297531394,24020.00189259418,44.41698625799485,15.0,28.423731180574315,0,0,31.79707904769759
1635,0.7985797745492567,23957.3932364777,44.442369198154964,15.0,28.449347162517974,0,0,31.79707904769759
1636,0.7964893399380621,23894.680198141865,44.46400506593578,15.0,28.471181670061732,0,0,31.79707904769759
1637,0.7943959220408949,23831.87766122685,44.48188745016275,15.0,28.48922823316979,0,0,31.79707904769759
1638,0.7923000178631059,23769.000535893178,44.49601105189948,15.0,28.503481504256015,0,0,31.79707904769759
1639,0.7902021251467846,23706.063754403538,44.50637168601796,15.0,28.513937259768568,0,0,31.79707904769759
1640,0.7881027422232675,23643.082266698024,44.51296628243871,15.0,28.52059240144144,0,0,31.79707904769759
1641,0.7860023678654715,23580.071035964145,44.51579288704048,15.0,28.523444957212533,0,0,31.79707904769759
1642,0.7839015011400972,23517.045034202914,44.51485066223933,15.0,28.52249408180799,0,0,31.79707904769759
1643,0.7818006412597439,23454.019237792316,44.510139887236804,15.0,28.517740056992732,0,0,31.79707904769759
1644,0.7797002874349829,23391.008623049485,44.501661957937195,15.0,28.509184291486903,0,0,31.79707904769759
1645,0.7776009387264302,23328.028161792907,44.489419386533925,15.0,28.49682932054847,0,0,31.79707904769759
1646,0.7755030938968643,23265.09281690593,44.47341580076512,15.0,28.48067880522197,0,0,31.79707904769759
1647,0.7734072512634316,23202.217537902947,44.45365594283863,15.0,28.460737531253656,0,0,31.79707904769759
1648,0.7713139085499847,23139.417256499542,44.4301456680268,15.0,28.437011407673356,0,0,31.79707904769759
1649,0.7692235627395961,23076.706882187886,44.40289194293146,15.0,28.409507465043554,0,0,31.79707904769759
1650,0.7671367099272914,23014.101297818743,44.371902843419555,15.0,28.378233853376024,0,0,31.79707904769759
1651,0.765053845173045,22951.61535519135,44.337187552230034,15.0,28.343199839716853,0,0,31.79707904769759
1652,0.7629754623550837,22889.26387065251,44.29875635625292,15.0,28.304415805400367,0,0,31.79707904769759
1653,0.7609020540235402,22827.061620706205,44.256620643481,15.0,28.26189324297299,0,0,31.79707904769759
1654,0.7588341112544993,22765.02333763498,44.2107928996353,15.0,28.215644752787654,0,0,31.79707904769759
1655,0.7567721235044818,22703.16370513445,44.161286704465404,15.0,28.165684039270147,0,0,31.79707904769759
1656,0.7547165784654076,22641.49735396223,44.108116727725324,15.0,28.1120259068581,0,0,31.79707904769759
1657,0.7526679619200826,22580.038857602478,44.051298724826715,15.0,28.054686255614207,0,0,31.79707904769759
1658,0.7506267575982503,22518.802727947506,43.99084953217005,15.0,27.993682076514613,0,0,31.79707904769759
1659,0.7485934470332521,22457.803410997563,43.926787062155725,15.0,27.929031446414164,0,0,31.79707904769759
1660,0.7465685094193396,22397.05528258019,43.85913029787615,15.0,27.860753522689823,0,0,31.79707904769759
1661,0.7445524214696778,22336.572644090335,43.787899287490795,15.0,27.788868537563978,0,0,31.79707904769759
1662,0.7425456572750854,22276.36971825256,43.71311513828526,15.0,27.713397792109085,0,0,31.79707904769759
1663,0.7405486881635509,22216.46064490653,43.634800010416974,15.0,27.634363649935832,0,0,31.79707904769759
1664,0.7385619825605688,22156.859476817066,43.552977110348515,15.0,27.551789530566282,0,0,31.79707904769759
1665,0.7365860058503342,22097.580175510026,43.467670683970994,15.0,27.465699902494023,0,0,31.79707904769759
1666,0.7346212202378397,22038.63660713519,43.378906009419694,15.0,27.3761202759339,0,0,31.79707904769759
1667,0.7326680846119143,21980.04253835743,43.286709389583315,15.0,27.28307719526249,0,0,31.79707904769759
1668,0.7307270544092443,21921.81163227733,43.191108144310085,15.0,27.18659823115263,0,0,31.79707904769759
1669,0.7287985814794183,21863.95744438255,43.09213060231229,15.0,27.086711972403634,0,0,31.79707904769759
1670,0.7268831139510334,21806.493418531005,42.98980609277164,15.0,26.983448017469605,0,0,31.79707904769759
1671,0.7249810960989059,21749.43288296718,42.88416493664869,15.0,26.87683696568905,0,0,31.79707904769759
1672,0.7230929682124226,21692.78904637268,42.77523843769799,15.0,26.76691040821752,0,0,31.79707904769759
1673,0.7212191664650738,21636.574993952214,42.66305887319189,15.0,26.653700918666303,0,0,31.79707904769759
1674,0.7193601227852056,21580.803683556165,42.54765948435648,15.0,26.537242043450483,0,0,31.79707904769759
1675,0.71751626472803,21525.4879418409,42.42907446652116,15.0,26.417568291848156,0,0,31.79707904769759
1676,0.7156880153489318,21470.640460467952,42.30733895898598,15.0,26.294715125774697,0,0,31.79707904769759
1677,0.7138757930781069,21416.273792343207,42.182489034609134,15.0,26.168718949274616,0,0,31.79707904769759
1678,0.7120800115965737,21362.40034789721,42.054561689117605,15.0,26.039617097734165,0,0,31.79707904769759
1679,0.7103010797135897,21309.03239140769,41.923594830144815,15.0,25.907447826818238,0,0,31.79707904769759
1680,0.7085394012455125,21256.182037365375,41.78962726599762,15.0,25.77225030113433,0,0,31.79707904769759
1681,0.7067953748961407,21203.861246884222,41.65269869415646,15.0,25.634064582626976,0,0,31.79707904769759
1682,0.7050693941385694,21152.08182415708,41.51284968951237,15.0,25.492931618706947,0,0,31.79707904769759
1683,0.703361847098595,21100.855412957848,41.370121692343616,15.0,25.348893230117326,0,0,31.79707904769759
1684,0.7016731164397059,21050.193493191175,41.22455699603607,15.0,25.20199209854126,0,0,31.79707904769759
1685,0.7000035792496901,21000.107377490705,41.076198734550765,15.0,25.052271753954386,0,0,31.79707904769759
1686,0.6983536069288975,20950.608207866924,40.9250908696425,15.0,24.89977656172612,0,0,31.79707904769759
1687,0.696723565080184,20901.70695240552,40.7712781778327,15.0,24.744551709472926,0,0,31.79707904769759
1688,0.6951138134005771,20853.41440201731,40.61480623714162,15.0,24.586643193668667,0,0,31.79707904769759
1689,0.693524705574689,20805.74116724067,40.45572141358211,15.0,24.426097806014397,0,0,31.79707904769759
1690,0.6919565891699128,20758.697675097384,40.29407084742082,15.0,24.262963119573428,0,0,31.79707904769759
1691,0.6904098055334303,20712.29416600291,40.12990243920916,15.0,24.09728747467406,0,0,31.79707904769759
1692,0.6888846896910638,20666.540690731912,39.96326483558954,15.0,23.92911996458544,0,0,31.79707904769759
1693,0.6873815702480002,20621.447107440006,39.79420741488022,15.0,23.758510420970126,0,0,31.79707904769759
1694,0.685900769291419,20577.023078742568,39.62278027244359,15.0,23.58550939911806,0,0,31.79707904769759
1695,0.6844426022950502,20533.278068851505,39.44903420584155,15.0,23.41016816296554,0,0,31.79707904769759
1696,0.6830073780256931,20490.221340770793,39.273020699783416,15.0,23.232538669905082,0,0,31.79707904769759
1697,0.6815953984517219,20447.861953551655,39.09479191086982,15.0,23.052673555389102,0,0,31.79707904769759
1698,0.6802069586536055,20406.208759608166,38.914400652137246,15.0,22.870626117332705,0,0,31.79707904769759
1699,0.6788423467364697,20365.27040209409,38.73190037740898,15.0,22.686450300320836,0,0,31.79707904769759
1700,0.6775018437447244,20325.055312341734,38.54734516545496,15.0,22.500200679622804,0,0,31.79707904769759
1701,0.6761857235787851,20285.571707363553,38.360789703967555,15.0,22.311932445020815,0,0,31.79707904769759
1702,0.6748942529139095,20246.827587417283,38.17228927335629,15.0,22.12170138445606,0,0,31.79707904769759
1703,0.673627691121176,20208.83073363528,37.98189973036678,15.0,21.92956386749715,0,0,31.79707904769759
1704,0.672386290190627,20171.588705718812,37.78967749152962,15.0,21.735576828637107,0,0,31.79707904769759
1705,0.6711702946565984,20135.10883969795,37.59567951644278,15.0,21.53979775042221,0,0,31.79707904769759
1706,0.6699799415252581,20099.398245757744,37.39996329089292,15.0,21.342284646418424,0,0,31.79707904769759
1707,0.6688154602043777,20064.46380613133,37.202586809821696,15.0,21.14309604402128,0,0,31.79707904769759
1708,0.6676770724353522,20030.312173060567,37.00360856014014,15.0,20.94229096711246,0,0,31.79707904769759
1709,0.6665649922274945,19996.949766824837,36.80308750339793,15.0,20.739928918569987,0,0,31.79707904769759
1710,0.6654794257946194,19964.38277383858,36.60108305831184,15.0,20.53606986263621,0,0,31.79707904769759
1711,0.6644205714939375,19932.617144818127,36.39765508315842,15.0,20.330774207148924,0,0,31.79707904769759
1712,0.6633886197672787,19901.65859301836,36.19286385803713,15.0,20.124102785641576,0,0,31.79707904769759
1713,0.662383753084659,19871.51259253977,35.98677006700782,15.0,19.91611683931677,0,0,31.79707904769759
1714,0.6614061458902117,19842.18437670635,35.77943478010846,15.0,19.70687799889894,0,0,31.79707904769759
1715,0.6604559645504955,19813.678936514865,35.57091943525935,15.0,19.496448266372376,0,0,31.79707904769759
1716,0.6595333673051963,19786.00101915589,35.36128582005726,15.0,19.28488999660822,0,0,31.79707904769759
1717,0.6586385042202376,19759.15512660713,35.15059605346665,15.0,19.072265878887617,0,0,31.79707904769759
1718,0.6577715171433125,19733.145514299376,34.938912567412345,15.0,18.858638918325404,0,0,31.79707904769759
1719,0.6569325396618515,19707.976189855544,34.726298088279925,15.0,18.644072417200572,0,0,31.79707904769759
1720,0.6561216970634371,19683.650911903114,34.51281561832797,15.0,18.428629956197952,0,0,31.79707904769759
1721,0.6553391062986793,19660.17318896038,34.298528417019824,15.0,18.21237537556855,0,0,31.79707904769759
1722,0.6545848759465595,19637.546278396785,34.083499982277765,15.0,17.99537275621158,0,0,31.79707904769759
1723,0.6538591061822572,19615.773185467715,33.86779403166782,15.0,17.777686400686594,0,0,31.79707904769759
1724,0.6531618887474652,19594.856662423954,33.65147448351844,15.0,17.559380814158747,0,0,31.79707904769759
1725,0.652493306923205,19574.79920769615,33.43460543798031,15.0,17.34052068528474,0,0,31.79707904769759
1726,0.6518534355051488,19555.603065154464,33.21725115803196,15.0,17.121170867044107,0,0,31.79707904769759
1727,0.6512423407814557,19537.270223443673,32.99947605043759,15.0,16.901396357522092,0,0,31.79707904769759
1728,0.6506600805131293,19519.80241539388,32.78134464666137,15.0,16.681262280648795,0,0,31.79707904769759
1729,0.6501067039169015,19503.201117507044,32.56292158374598,15.0,16.460833866902178,0,0,31.79707904769759
1730,0.6495822516506491,19487.46754951947,32.34427158515902,15.0,16.240176433978547,0,0,31.79707904769759
1731,0.6490867558013454,19472.602674040365,32.12545944161378,15.0,16.01935536743733,0,0,31.79707904769759
1732,0.6486202398755528,19458.607196266585,31.90654999187079,15.0,15.798436101326292,0,0,31.79707904769759
1733,0.6481827187924567,19445.4815637737,31.687608103524465,15.0,15.577484098791812,0,0,31.79707904769759
1734,0.6477741988794448,19433.225966383343,31.46869865378143,15.0,15.356564832680728,0,0,31.79707904769759
1735,0.6473946778702323,19421.84033610697,31.249886510236237,15.0,15.135743766139557,0,0,31.79707904769759
1736,0.6470441449055333,19411.324347166,31.03123651164918,15.0,14.915086333215838,0,0,31.79707904769759
1737,0.6467225805362787,19401.67741608836,30.812813448733795,15.0,14.694657919469217,0,0,31.79707904769759
1738,0.6464299567293796,19392.89870188139,30.59468204495766,15.0,14.47452384259601,0,0,31.79707904769759
1739,0.6461662368760336,19384.98710628101,30.376906937363202,15.0,14.254749333073903,0,0,31.79707904769759
1740,0.6459313758025732,19377.941274077195,30.159552657414906,15.0,14.035399514833319,0,0,31.79707904769759
1741,0.6457253197838515,19371.759593515544,29.94268361187681,15.0,13.81653938595936,0,0,31.79707904769759
1742,0.6455480065591622,19366.440196774867,29.726364063727384,15.0,13.598233799431464,0,0,31.79707904769759
1743,0.6453993653506891,19361.980960520672,29.51065811311749,15.0,13.380547443906522,0,0,31.79707904769759
1744,0.6452793168844785,19358.379506534355,29.29562967837543,15.0,13.163544824549554,0,0,31.79707904769759
1745,0.6451877734139302,19355.633202417906,29.0813424770672,15.0,12.947290243920062,0,0,31.79707904769759
1746,0.6451246387457985,19353.739162373957,28.867860007115326,15.0,12.731847782917532,0,0,31.79707904769759
1747,0.6450898082686966,19352.694248060896,28.65524552798282,15.0,12.51728128179261,0,0,31.79707904769759
1748,0.6450831689840948,19352.495069522844,28.443562041928562,15.0,12.303654321230441,0,0,31.79707904769759
1749,0.6451045995398047,19353.137986194142,28.232872275337947,15.0,12.091030203509838,0,0,31.79707904769759
1750,0.6451539702659389,19354.619107978167,28.023238660135856,15.0,11.879471933745688,0,0,31.79707904769759
1751,0.6452311432133337,19356.934296400013,27.814723315286713,15.0,11.669042201219078,0,0,31.79707904769759
1752,0.645335972194428,19360.079165832838,27.607388028387437,15.0,11.459803360801335,0,0,31.79707904769759
1753,0.6454683028265804,19364.04908479741,27.401294237358034,15.0,11.251817414476445,0,0,31.79707904769759
1754,0.6456279725778171,19368.839177334514,27.196503012236782,15.0,11.04514599296913,0,0,31.79707904769759
1755,0.6458148108149934,19374.4443244498,26.993075037083408,15.0,10.839850337481888,0,0,31.79707904769759
1756,0.6460286388543555,19380.859165630663,26.791070591997272,15.0,10.63599128154807,0,0,31.79707904769759
1757,0.646269270014489,19388.078100434668,26.59054953525507,15.0,10.433629233005597,0,0,31.79707904769759
1758,0.6465365096716362,19396.095290149085,26.391571285573516,15.0,10.232824156096779,0,0,31.79707904769759
1759,0.6468301553173676,19404.90465952103,26.194194804502253,15.0,10.03363555369959,0,0,31.79707904769759
1760,0.6471499966185897,19414.499898557693,25.99847857895247,15.0,9.836122449695889,0,0,31.79707904769759
1761,0.6474958154798702,19424.874464396107,25.804480603865546,15.0,9.64034337148091,0,0,31.79707904769759
1762,0.6478673861080656,19436.021583241967,25.612258365028392,15.0,9.446356332620864,0,0,31.79707904769759
1763,0.6482644750792278,19447.934252376836,25.42186882203896,15.0,9.254218815662034,0,0,31.79707904769759
1764,0.6486868414077734,19460.605242233203,25.233368391427657,15.0,9.06398775509724,0,0,31.79707904769759
1765,0.6491342366178922,19474.027098536764,25.04681292994024,15.0,8.875719520495252,0,0,31.79707904769759
1766,0.649606404817176,19488.19214451528,24.862257717986274,15.0,8.689469899797256,0,0,31.79707904769759
1767,0.6501030827724459,19503.092483173376,24.67975744325792,15.0,8.505294082785312,0,0,31.79707904769759
1768,0.6506239999877526,19518.719999632576,24.49936618452542,15.0,8.32324664472899,0,0,31.79707904769759
1769,0.6511688787845313,19535.06636353594,24.321137395611743,15.0,8.14338153021294,0,0,31.79707904769759
1770,0.6517374343838839,19552.123031516516,24.145123889553624,15.0,7.965752037152477,0,0,31.79707904769759
1771,0.6523293749909636,19569.881249728907,23.971377822951645,15.0,7.790410801000028,0,0,31.79707904769759
1772,0.6529444018814422,19588.332056443265,23.799950680514954,15.0,7.617409779147888,0,0,31.79707904769759
1773,0.6535822094900268,19607.466284700804,23.63089325980566,15.0,7.446800235532615,0,0,31.79707904769759
1774,0.6542424855010066,19627.2745650302,23.464255656186076,15.0,7.278632725444028,0,0,31.79707904769759
1775,0.6549249109407979,19647.747328223937,23.300087247974385,15.0,7.112957080544621,0,0,31.79707904769759
1776,0.6556291602724632,19668.874808173896,23.138436681813054,15.0,6.94982239410362,0,0,31.79707904769759
1777,0.656354901492175,19690.64704476525,22.97935185825361,15.0,6.789277006449417,0,0,31.79707904769759
1778,0.6571017962275955,19713.053886827864,22.822879917562467,15.0,6.6313684906450945,0,0,31.79707904769759
1779,0.6578694998381436,19736.08499514431,22.669067225752737,15.0,6.476143638391959,0,0,31.79707904769759
1780,0.6586576615171198,19759.729845513593,22.517959360844408,15.0,6.323648446163636,0,0,31.79707904769759
1781,0.6594659243956568,19783.9777318697,22.36960109935913,15.0,6.17392810157679,0,0,31.79707904769759
1782,0.6602939256484682,19808.817769454046,22.224036403051613,15.0,6.027026970000751,0,0,31.79707904769759
1783,0.6611412966013617,19834.23889804085,22.081308405882826,15.0,5.882988581411103,0,0,31.79707904769759
1784,0.6620076628404844,19860.229885214532,21.941459401238717,15.0,5.741855617491048,0,0,31.79707904769759
1785,0.6628926443232706,19886.779329698118,21.804530829397596,15.0,5.603669898983748,0,0,31.79707904769759
1786,0.6637958554910556,19913.875664731666,21.670563265250358,15.0,5.468472373299779,0,0,31.79707904769759
1787,0.6647169053833258,19941.507161499776,21.539596406277596,15.0,5.336303102383885,0,0,31.79707904769759
1788,0.6656553977535689,19969.661932607065,21.411669060786092,15.0,5.2072012508434575,0,0,31.79707904769759
1789,0.6666109311866895,19998.327935600682,21.286819136409214,15.0,5.081205074343352,0,0,31.79707904769759
1790,0.6675830992179573,20027.49297653872,21.16508362887404,15.0,4.95835190826989,0,0,31.79707904769759
1791,0.6685714904534523,20057.14471360357,21.046498611038718,15.0,4.838678156667564,0,0,31.79707904769759
1792,0.6695756886919687,20087.270660759063,20.93109922220328,15.0,4.722219281451721,0,0,31.79707904769759
1793,0.6705952730483442,20117.858191450327,20.818919657697233,15.0,4.609009791900552,0,0,31.79707904769759
1794,0.671629818078178,20148.89454234534,20.709993158746485,15.0,4.49908323442897,0,0,31.79707904769759
1795,0.6726788939038988,20180.366817116963,20.60435200262356,15.0,4.39247218264844,0,0,31.79707904769759
1796,0.673742066342147,20212.261990264407,20.502027493082927,15.0,4.28920822771443,0,0,31.79707904769759
1797,0.6748188970324321,20244.566910972964,20.403049951085105,15.0,4.1893219689654115,0,0,31.79707904769759
1798,0.6759089435670295,20277.268307010883,20.307448705811872,15.0,4.092843004855553,0,0,31.79707904769759
1799,0.6770117596220737,20310.35278866221,20.21525208597552,15.0,3.9997999241841606,0,0,31.79707904769759
1800,0.6781268950898155,20343.806852694466,20.126487411424176,15.0,3.910220297624001,0,0,31.79707904769759
1801,0.6792538962119978,20377.616886359934,20.041180985046697,15.0,3.8241306695517796,0,0,31.79707904769759
1802,0.6803923057143136,20411.76917142941,19.95935808497821,15.0,3.7415565501821932,0,0,31.79707904769759
1803,0.6815416629419069,20446.249888257207,19.881042957109912,15.0,3.6625224080089405,0,0,31.79707904769759
1804,0.6827015039958743,20481.045119876228,19.80625880790441,15.0,3.5870516625540763,0,0,31.79707904769759
1805,0.6838713618707285,20516.140856121856,19.735027797519038,15.0,3.51516667742822,0,0,31.79707904769759
1806,0.685050766592782,20551.52299778346,19.66737103323947,15.0,3.4468887537038766,0,0,31.79707904769759
1807,0.6862392453594104,20587.177360782312,19.60330856322515,15.0,3.3822381236034396,0,0,31.79707904769759
1808,0.6874363226791541,20623.089680374622,19.542859370568472,15.0,3.3212339445038324,0,0,31.79707904769759
1809,0.6886415205126164,20659.24561537849,19.486041367669852,15.0,3.263894293259927,0,0,31.79707904769759
1810,0.6898543584141174,20695.63075242352,19.432871390929797,15.0,3.2102361608478995,0,0,31.79707904769759
1811,0.6910743536740601,20732.230610221803,19.38336519575988,15.0,3.160275447330375,0,0,31.79707904769759
1812,0.6923010214619677,20769.03064385903,19.337537451914198,15.0,3.114026957145052,0,0,31.79707904769759
1813,0.6935338749701494,20806.016249104483,19.295401739142257,15.0,3.0715043947176603,0,0,31.79707904769759
1814,0.6947724255579519,20843.172766738557,19.256970543165146,15.0,3.0327203604011834,0,0,31.79707904769759
1815,0.6960161828965544,20880.485486896632,19.222255251975643,15.0,2.997686346742018,0,0,31.79707904769759
1816,0.6972646551142633,20917.939653427897,19.19126615246372,15.0,2.966412735074482,0,0,31.79707904769759
1817,0.6985173489422646,20955.520468267936,19.164012427368377,15.0,2.938908792444672,0,0,31.79707904769759
1818,0.69977376986079,20993.2130958237,19.140502152556557,15.0,2.9151826688643805,0,0,31.79707904769759
1819,0.7010334222456541,21031.002667369623,19.120742294630062,15.0,2.8952413948960567,0,0,31.79707904769759
1820,0.702295809515118,21068.87428545354,19.10473870886126,15.0,2.8790908795695587,0,0,31.79707904769759
1821,0.7035604342770377,21106.81302831113,19.09249613745799,15.0,2.8667359086311306,0,0,31.79707904769759
1822,0.7048267984762517,21144.803954287552,19.084018208158383,15.0,2.8581801431253018,0,0,31.79707904769759
1823,0.7060944035421659,21182.832106264977,19.079307433155847,15.0,2.8534261183100407,0,0,31.79707904769759
1824,0.7073627505364903,21220.88251609471,19.0783652083547,15.0,2.852475242905502,0,0,31.79707904769759
1825,0.7086313403010857,21258.94020903257,19.081191812956476,15.0,2.8553277986765884,0,0,31.79707904769759
1826,0.709899673605875,21296.990208176252,19.087786409377223,15.0,2.86198294034946,0,0,31.79707904769759
1827,0.7111672512967754,21335.017538903263,19.098147043495704,15.0,2.872438695862016,0,0,31.79707904769759
1828,0.7124335744436088,21373.007233308264,19.112270645232428,15.0,2.8866919669482356,0,0,31.79707904769759
1829,0.7136981444879458,21410.944334638374,19.130153029459393,15.0,2.9047385300562896,0,0,31.79707904769759
1830,0.7149604633908389,21448.813901725167,19.151788897240216,15.0,2.926573037600053,0,0,31.79707904769759
1831,0.7162200337804026,21486.601013412077,19.177171837400333,15.0,2.9521890195437166,0,0,31.79707904769759
1832,0.7174763590991949,21524.290772975848,19.206294328426758,15.0,2.981578885318977,0,0,31.79707904769759
1833,0.7187289437513587,21561.86831254076,19.2391477406969,15.0,3.014733926074344,0,0,31.79707904769759
1834,0.7199772932494768,21599.318797484302,19.275722339035653,15.0,3.05164431725567,0,0,31.79707904769759
1835,0.7212209143610998,21636.627430832996,19.3160072856002,15.0,3.092299121517485,0,0,31.79707904769759
1836,0.7224593152549013,21673.779457647037,19.35999064309145,15.0,3.136686291963872,0,0,31.79707904769759
1837,0.7236920056464176,21710.760169392528,19.40765937829132,15.0,3.184792675718251,0,0,31.79707904769759
1838,0.7249184969433307,21747.55490829992,19.458999365924818,15.0,3.2366040178209277,0,0,31.79707904769759
1839,0.7261383023902477,21784.14907170743,19.513995392845608,15.0,3.2921049654530536,0,0,31.79707904769759
1840,0.7273509372129375,21820.528116388126,19.572631162543956,15.0,3.351279072486003,0,0,31.79707904769759
1841,0.7285559187619799,21856.677562859397,19.634889299975903,15.0,3.4141088043548313,0,0,31.79707904769759
1842,0.7297527666557846,21892.582999673537,19.700751356711645,15.0,3.480575543253982,0,0,31.79707904769759
1843,0.7309410029229388,21928.230087688164,19.77019781640233,15.0,3.550659593654224,0,0,31.79707904769759
1844,0.7321201521438407,21963.60456431522,19.843208100563235,15.0,3.62434018813894,0,0,31.79707904769759
1845,0.7332897415915764,21998.692247747294,19.91976057467141,15.0,3.7015954935577673,0,0,31.79707904769759
1846,0.7344493013719994,22033.479041159982,19.999832554576688,15.0,3.7824026174964525,0,0,31.79707904769759
1847,0.7355983645629695,22067.950936889083,20.08340031322332,15.0,3.866737615060213,0,0,31.79707904769759
1848,0.7367364673527127,22102.094020581382,20.170439087680837,15.0,3.9545754959691184,0,0,31.79707904769759
1849,0.7378631491772588,22135.894475317764,20.26092308648198,15.0,4.045890231963432,0,0,31.79707904769759
1850,0.7389779528569156,22169.338585707468,20.354825497265075,15.0,4.140654764516107,0,0,31.79707904769759
1851,0.7400804247317417,22202.412741952252,20.45211849471918,15.0,4.238841012850927,0,0,31.79707904769759
1852,0.7411701147959758,22235.103443879274,20.55277324882947,15.0,4.340419882263552,0,0,31.79707904769759
1853,0.7422465768313827,22267.39730494148,20.65675993341994,15.0,4.445361272742664,0,0,31.79707904769759
1854,0.7433093685394778,22299.281056184336,20.76404773499175,15.0,4.553634087889467,0,0,31.79707904769759
1855,0.7443580516725896,22330.74155017769,20.87460486185383,15.0,4.665206244132111,0,0,31.79707904769759
1856,0.7453921921637214,22361.765764911645,20.988398553543455,15.0,4.780044680232751,0,0,31.79707904769759
1857,0.7464113602551757,22392.340807655273,21.105395090533964,15.0,4.898115367084433,0,0,31.79707904769759
1858,0.7474151306258999,22422.453918777,21.22555980422643,15.0,5.019383317794414,0,0,31.79707904769759
1859,0.7484030825175184,22452.09247552555,21.348857087222758,15.0,5.1438125980516745,0,0,31.79707904769759
1860,0.7493747998590121,22481.243995770365,21.475250403877116,15.0,5.271366336775172,0,0,31.79707904769759
1861,0.7503298713900101,22509.8961417003,21.604702301121925,15.0,5.402006737039209,0,0,31.79707904769759
1862,0.7512678907826537,22538.03672347961,21.737174419566248,15.0,5.535695087273764,0,0,31.79707904769759
1863,0.7521884567620012,22565.653702860036,21.872627504862407,15.0,5.672391772735432,0,0,31.79707904769759
1864,0.7530911732249339,22592.735196748017,22.011021419337947,15.0,5.8120562872461825,0,0,31.79707904769759
1865,0.75397564935753,22619.2694807259,22.152315153889134,15.0,5.954647245196069,0,0,31.79707904769759
1866,0.7548414997508712,22645.244992526135,22.296466840133164,15.0,6.100122393807008,0,0,31.79707904769759
1867,0.7556883445152478,22670.650335457434,22.44343376281424,15.0,6.248438625652735,0,0,31.79707904769759
1868,0.7565158093927279,22695.474281781837,22.593172372461492,15.0,6.399551991432946,0,0,31.79707904769759
1869,0.7573235258680587,22719.705776041763,22.745638298293155,15.0,6.553417712995979,0,0,31.79707904769759
1870,0.7581111312778651,22743.333938335953,22.900786361364958,15.0,6.709990196607869,0,0,31.79707904769759
1871,0.7588782689181144,22766.348067543433,23.058570587957444,15.0,6.86922304646261,0,0,31.79707904769759
1872,0.759624588149816,22788.737644494482,23.21894422319904,15.0,7.031069078430299,0,0,31.79707904769759
1873,0.7603497445029234,22810.4923350877,23.381859744920376,15.0,7.1954803340386375,0,0,31.79707904769759
1874,0.7610533997784068,22831.601993352204,23.54726887773651,15.0,7.362408094684442,0,0,31.79707904769759
1875,0.7617352221484707,22852.05666445412,23.71512260735148,15.0,7.5318028960695695,0,0,31.79707904769759
1876,0.7623948862548803,22871.846587646407,23.885371195082566,15.0,7.703614542858453,0,0,31.79707904769759
1877,0.7630320733053724,22890.96219916117,24.057964192599094,15.0,7.877792123552299,0,0,31.79707904769759
1878,0.7636464711681207,22909.39413504362,24.23285045687089,15.0,8.054284025574745,0,0,31.79707904769759
1879,0.7642377744642271,22927.133233926816,24.4099781653236,15.0,8.233037950566313,0,0,31.79707904769759
1880,0.7648056846582121,22944.170539746363,24.5892948311945,15.0,8.414000929881212,0,0,31.79707904769759
1881,0.7653499101464769,22960.497304394306,24.770747319085395,15.0,8.597119340283058,0,0,31.79707904769759
1882,0.7658701663437124,22976.10499031137,24.95428186070821,15.0,8.782338919834977,0,0,31.79707904769759
1883,0.7663661757672275,22990.985273016828,25.13984407081719,15.0,8.969604783978108,0,0,31.79707904769759
1884,0.7668376681191741,23005.130043575224,25.32737896332464,15.0,9.1588614417953,0,0,31.79707904769759
1885,0.7672843803666407,23018.53141099922,25.516830967594732,15.0,9.350052812454503,0,0,31.79707904769759
1886,0.767706056819596,23031.18170458788,25.708143944909775,15.0,9.543122241826225,0,0,31.79707904769759
1887,0.768102449206655,23043.07347619965,25.901261205105754,15.0,9.738012519271807,0,0,31.79707904769759
1888,0.7684733167486466,23054.1995024594,26.096125523370663,15.0,9.934665894595959,0,0,31.79707904769759
1889,0.7688184262299629,23064.552786898887,26.292679157201444,15.0,10.133024095159406,0,0,31.79707904769759
1890,0.7691375520676647,23074.12656202994,26.490863863514537,15.0,10.333028343146527,0,0,35.79707904769759
1891,0.7693185557377514,23079.55667213254,30.04824013317465,15.0,10.534619372982112,0,0,35.79707904769759
1892,0.7694723037836944,23084.16911351083,30.274829672054867,15.0,10.737737448893247,0,0,35.79707904769759
1893,0.7695985878175334,23087.957634526003,30.503055572605078,15.0,10.942322382610566,0,0,35.79707904769759
1894,0.7696972075894882,23090.916227684647,30.73285020656529,15.0,11.148313551202769,0,0,35.79707904769759
1895,0.7697679710472961,23093.039131418882,30.964145480826147,15.0,11.355649915040996,0,0,35.79707904769759
1896,0.7698106943931212,23094.320831793637,31.196872857606113,15.0,11.564270035885952,0,0,35.79707904769759
1897,0.7698252021380183,23094.75606414055,31.430963374760836,15.0,11.774112095093491,0,0,35.79707904769759
1898,0.7698113271539339,23094.339814618015,31.66634766621784,15.0,11.98511391193257,0,0,35.79707904769759
1899,0.769768910723229,23093.067321696868,31.902955982531765,15.0,12.197212962011246,0,0,35.79707904769759
1900,0.7696978025857116,23090.93407757135,32.14071821155186,15.0,12.410346395803327,0,0,35.79707904769759
1901,0.7695978609831621,23087.93582949486,32.37956389919853,15.0,12.624451057272768,0,0,35.79707904769759
1902,0.7694689527013377,23084.068581040134,32.61942227033967,15.0,12.839463502587481,0,0,35.79707904769759
1903,0.7693109531094492,23079.328593283477,32.86022224976339,15.0,13.055320018919616,0,0,35.79707904769759
1904,0.7691237461970892,23073.712385912677,33.10189248323889,15.0,13.27195664332482,0,0,35.79707904769759
1905,0.7689072246086105,23067.216738258314,33.34436135866039,15.0,13.489309181695925,0,0,35.79707904769759
1906,0.7686612896749366,23059.8386902481,33.58755702726704,15.0,13.70731322778482,0,0,35.79707904769759
1907,0.7683858514428006,23051.575543284016,33.83140742493382,15.0,13.925904182287926,0,0,35.79707904769759
1908,0.7680808287013989,23042.424861041967,34.075840293525104,15.0,14.145017271987745,0,0,35.79707904769759
1909,0.767746149006457,23032.38447019371,34.320783202306515,15.0,14.364587568946863,0,0,35.79707904769759
1910,0.7673817487016957,23021.45246105087,34.56616356940805,15.0,14.58455000974772,0,0,35.79707904769759
1911,0.7669875729376936,23009.62718813081,34.811908683331126,15.0,14.80483941477187,0,0,35.79707904769759
1912,0.766563575688141,22996.90727064423,35.057945724494886,15.0,15.025390507514377,0,0,35.79707904769759
1913,0.7661097197634776,22983.29159290433,35.30420178681416,15.0,15.246137933926626,0,0,35.79707904769759
1914,0.765625976821913,22968.77930465739,35.5506038993029,15.0,15.467016281781909,0,0,35.79707904769759
1915,0.765112327377825,22953.36982133475,35.79707904769758,15.0,15.687960100058998,0,0,35.79707904769759
1916,0.7645687608075333,22937.062824226,36.043554196092245,15.0,15.908903918336089,0,0,35.79707904769759
1917,0.7639952753524482,22919.858260573445,36.28995630858099,15.0,16.129782266191373,0,0,35.79707904769759
1918,0.7633918781195907,22901.756343587724,36.53621237090026,15.0,16.350529692603622,0,0,35.79707904769759
1919,0.7627585850794878,22882.757552384635,36.78224941206402,15.0,16.57108078534613,0,0,35.79707904769759
1920,0.7620954210614388,22862.862631843163,37.02799452598705,15.0,16.791370190370237,0,0,35.79707904769759
1921,0.7614024197461585,22842.072592384757,37.27337489308863,15.0,17.011332631171136,0,0,35.79707904769759
1922,0.7606796236557972,22820.388709673916,37.51831780187004,15.0,17.230902928130256,0,0,35.79707904769759
1923,0.7599270841413398,22797.812524240195,37.76275067046132,15.0,17.450016017830077,0,0,35.79707904769759
1924,0.7591448613673897,22774.34584102169,38.00660106812811,15.0,17.66860697233318,0,0,35.79707904769759
1925,0.7583330242943408,22749.990728830224,38.24979673673475,15.0,17.886611018422073,0,0,35.79707904769759
1926,0.7574916506579426,22724.749519738278,38.49226561215625,15.0,18.103963556793182,0,0,35.79707904769759
1927,0.7566208269462661,22698.624808387984,38.73393584563176,15.0,18.320600181198387,0,0,35.79707904769759
1928,0.7557206483740753,22671.619451222257,38.97473582505548,15.0,18.536456697530518,0,0,35.79707904769759
1929,0.7547912188546125,22643.736565638377,39.214594196196614,15.0,18.75146914284523,0,0,35.79707904769759
1930,0.7538326509688075,22614.979529064225,39.45343988384329,15.0,18.965573804314673,0,0,35.79707904769759
1931,0.7528450659319162,22585.35197795749,39.69120211286338,15.0,19.178707238106753,0,0,35.79707904769759
1932,0.7518285935576033,22554.8578067281,39.9278104291773,15.0,19.39080628818543,0,0,35.79707904769759
1933,0.7507833722194748,22523.501166584243,40.16319472063431,15.0,19.60180810502451,0,0,35.79707904769759
1934,0.7497095488100747,22491.28646430224,40.397285237789035,15.0,19.81165016423205,0,0,35.79707904769759
1935,0.7486072786973585,22458.218360920757,40.630012614569,15.0,20.020270285077007,0,0,35.79707904769759
1936,0.7474767256786539,22424.301770359616,40.861307888829856,15.0,20.227606648915234,0,0,35.79707904769759
1937,0.7463180619321235,22389.541857963704,41.091102522790074,15.0,20.43359781750744,0,0,35.79707904769759
1938,0.7451314679657457,22353.94403897237,41.31932842334028,15.0,20.638182751224754,0,0,35.79707904769759
1939,0.7439171325638256,22317.513976914768,41.54591796222049,15.0,20.841300827135893,0,0,35.79707904769759
1940,0.7426752527310546,22280.257581931637,41.770803996060316,15.0,21.04289185697148,0,0,35.79707904769759
1941,0.741406033634133,22242.181009023992,41.9939198862744,15.0,21.242896104958596,0,0,35.79707904769759
1942,0.7401096885409757,22203.29065622927,42.21519951880914,15.0,21.441254305522044,0,0,35.79707904769759
1943,0.738786438757515,22163.59316272545,42.43457732373396,15.0,21.637907680846197,0,0,35.79707904769759
1944,0.7374365135621241,22123.095406863726,42.65198829467064,15.0,21.832797958291778,0,0,35.79707904769759
1945,0.7360601501376764,22081.804504130294,42.86736800805638,15.0,22.025867387663503,0,0,35.79707904769759
1946,0.734657593501263,22039.72780503789,43.08065264223387,15.0,22.217058758322704,0,0,35.79707904769759
1947,0.7332290964315891,21996.87289294767,43.29177899636284,15.0,22.406315416139897,0,0,35.79707904769759
1948,0.7317749193940698,21953.247581822096,43.50068450914823,15.0,22.59358128028303,0,0,35.79707904769759
1949,0.7302953304636495,21908.859913909484,43.70730727737796,15.0,22.778800859834945,0,0,35.79707904769759
1950,0.7287906052453644,21863.718157360934,43.911586074266445,15.0,22.96191927023679,0,0,35.79707904769759
1951,0.7272610267926756,21817.830803780267,44.11346036759763,15.0,23.142882249551693,0,0,35.79707904769759
1952,0.7257068855235936,21771.20656570781,44.312870337661536,15.0,23.3216361745433,0,0,35.79707904769759
1953,0.7241284791346219,21723.854374038656,44.509756894980306,15.0,23.49812807656574,0,0,35.79707904769759
1954,0.7225261125125422,21675.783375376264,44.70406169781802,15.0,23.672305657259585,0,0,35.79707904769759
1955,0.7209000976440709,21627.002929322127,44.89572716946799,15.0,23.844117304048478,0,0,35.79707904769759
1956,0.7192507535234098,21577.522605702296,45.08469651531466,15.0,24.013512105433602,0,0,35.79707904769759
1957,0.7175784060577219,21527.352181731658,45.27091373966239,15.0,24.18043986607934,0,0,35.79707904769759
1958,0.7158833879705575,21476.501639116726,45.45432366232879,15.0,24.344851121687675,0,0,35.79707904769759
1959,0.7141660387032617,21424.98116109785,45.63487193499555,15.0,24.506697153655367,0,0,35.79707904769759
1960,0.7124267043143896,21372.80112943169,45.81250505731283,15.0,24.665930003510137,0,0,35.79707904769759
1961,0.7106657373771631,21319.97212131489,45.98717039275281,15.0,24.822502487121998,0,0,35.79707904769759
1962,0.7088834968749941,21266.504906249822,46.158816184207126,15.0,24.97636820868506,0,0,35.79707904769759
1963,0.7070803480951118,21212.410442853354,46.3273915693233,15.0,25.127481574465275,0,0,35.79707904769759
1964,0.7052566625203189,21157.699875609567,46.49284659557648,15.0,25.275797806311004,0,0,35.79707904769759
1965,0.7034128177189137,21102.38453156741,46.655132235071726,15.0,25.42127295492194,0,0,35.79707904769759
1966,0.7015491972328085,21046.475916984255,46.81420039907151,15.0,25.56386391287183,0,0,35.79707904769759
1967,0.6996661904638776,20989.98571391633,46.97000395224599,15.0,25.70352842738258,0,0,35.79707904769759
1968,0.6977641925585694,20932.92577675708,47.12249672663978,15.0,25.84022511284428,0,0,35.79707904769759
1969,0.6958436042908158,20875.308128724475,47.27163353535272,15.0,25.973913463078805,0,0,35.79707904769759
1970,0.6939048319432745,20817.144958298235,47.417370185929855,15.0,26.104553863342872,0,0,35.79707904769759
1971,0.6919482871869382,20758.448615608148,47.55966349345624,15.0,26.232107602066314,0,0,35.79707904769759
1972,0.6899743869591483,20699.231608774448,47.698471293354054,15.0,26.356536882323624,0,0,35.79707904769759
1973,0.6879835533400462,20639.50660020139,47.833752453876336,15.0,26.477804833033556,0,0,35.79707904769759
1974,0.6859762134275037,20579.28640282511,47.96546688829573,15.0,26.59587551988524,0,0,35.79707904769759
1975,0.6839527992105624,20518.583976316873,48.09357556678259,15.0,26.710713955985884,0,0,35.79707904769759
1976,0.6819137474414283,20457.412423242848,48.21804052797077,15.0,26.82228611222855,0,0,35.79707904769759
1977,0.6798594995060507,20395.784985181523,48.338824890205984,15.0,26.93055892737533,0,0,35.79707904769759
1978,0.6777905012933314,20333.715038799943,48.45589286247508,15.0,27.035500317854467,0,0,35.79707904769759
1979,0.6757072030629977,20271.21609188993,48.569209755011265,15.0,27.137079187267087,0,0,35.79707904769759
1980,0.6736100593121804,20208.301779365414,48.67874198957368,15.0,27.23526543560191,0,0,35.79707904769759
1981,0.6714995286407375,20144.985859222124,48.7844571093974,15.0,27.330029968154587,0,0,35.79707904769759
1982,0.6693760736153598,20081.282208460794,48.88632378881087,15.0,27.4213447041489,0,0,35.79707904769759
1983,0.6672401606325034,20017.2048189751,48.98431184251846,15.0,27.509182585057808,0,0,35.79707904769759
1984,0.6650922597801859,19952.76779340558,49.078392234545205,15.0,27.593517582621566,0,0,35.79707904769759
1985,0.6629328446986898,19887.985340960695,49.16853708684046,15.0,27.674324706560267,0,0,35.79707904769759
1986,0.6607623924402116,19822.87177320635,49.25471968753899,15.0,27.751580011979094,0,0,35.79707904769759
1987,0.658581383327502,19757.44149982506,49.33691449887628,15.0,27.82526060646381,0,0,35.79707904769759
1988,0.6563903008115352,19691.709024346055,49.41509716475579,15.0,27.895344656864054,0,0,35.79707904769759
1989,0.6541896313282521,19625.688939847565,49.489244517966306,15.0,27.961811395763178,0,0,35.79707904769759
1990,0.6519798641544194,19559.395924632583,49.55933458704688,15.0,28.024641127632005,0,0,35.79707904769759
1991,0.6497614912626454,19492.84473787936,49.62534660279732,15.0,28.083815234664957,0,0,35.79707904769759
1992,0.6475350071755982,19426.050215267947,49.68726100443275,15.0,28.139316182297087,0,0,35.79707904769759
1993,0.6453009088194688,19359.027264584063,49.74505944537973,15.0,28.191127524399768,0,0,35.79707904769759
1994,0.6430596953767198,19291.790861301593,49.798724798712776,15.0,28.239233908154155,0,0,35.79707904769759
1995,0.6408118681381679,19224.35604414504,49.84824116222955,15.0,28.28362107860054,0,0,35.79707904769759
1996,0.6385579303544402,19156.737910633205,49.89359386316288,15.0,28.32427588286236,0,0,35.79707904769759
1997,0.6362983870868498,19088.951612605495,49.93476946252865,15.0,28.361186274043682,0,0,35.79707904769759
1998,0.6340337450577362,19021.012351732086,49.97175575910819,15.0,28.39434131479905,0,0,35.79707904769759
1999,0.6317645125003118,18952.935375009354,50.00454179306353,15.0,28.423731180574308,0,0,35.79707904769759
2000,0.6294911990080613,18884.73597024184,50.03311784918528,15.0,28.449347162517974,0,0,35.79707904769759
2001,0.627214315383739,18816.42946151217,50.057475459771275,15.0,28.47118167006174,0,0,35.79707904769759
2002,0.6249343734880061,18748.03120464018,50.0776074071358,15.0,28.48922823316979,0,0,35.79707904769759
2003,0.6226518860877553,18679.55658263266,50.09350772574838,15.0,28.503481504256015,0,0,35.79707904769759
2004,0.6203673667041679,18611.02100112504,50.10517170400145,15.0,28.513937259768568,0,0,35.79707904769759
2005,0.6180813294605453,18542.439883816358,50.11259588560653,15.0,28.52059240144144,0,0,35.79707904769759
2006,0.6157942889299632,18473.8286678989,50.11577807061838,15.0,28.523444957212533,0,0,35.79707904769759
2007,0.613506759982794,18405.20279948382,50.11471731608691,15.0,28.52249408180799,0,0,35.79707904769759
2008,0.6112192576341374,18336.577729024124,50.10941393633658,15.0,28.517740056992732,0,0,35.79707904769759
2009,0.608932296891212,18267.968906736358,50.09986950287325,15.0,28.509184291486903,0,0,35.79707904769759
2010,0.6066463926007464,18199.391778022393,50.08608684391855,15.0,28.49682932054848,0,0,35.79707904769759
2011,0.6043620592964203,18130.86177889261,50.068070043571794,15.0,28.480678805221977,0,0,35.79707904769759
2012,0.6020798110463956,18062.394331391868,50.04582444059974,15.0,28.460737531253653,0,0,35.79707904769759
2013,0.5998001613009879,17994.004839029636,50.01935662685467,15.0,28.437011407673364,0,0,35.79707904769759
2014,0.5975236227405197,17925.70868221559,49.98867444532099,15.0,28.409507465043554,0,0,35.79707904769759
2015,0.5952507071234026,17857.521213702075,49.95378698779129,15.0,28.378233853376024,0,0,35.79707904769759
2016,0.5929819251344913,17789.457754034738,49.91470459217217,15.0,28.343199839716853,0,0,35.79707904769759
2017,0.5907177862337577,17721.53358701273,49.87143883942089,15.0,28.304415805400367,0,0,35.79707904769759
2018,0.5884587985053265,17653.763955159793,49.82400255011376,15.0,28.261893242972974,0,0,35.79707904769759
2019,0.5862054685069185,17586.164055207555,49.77240978064709,15.0,28.215644752787654,0,0,35.79707904769759
2020,0.5839583011197474,17518.749033592423,49.716675819071874,15.0,28.165684039270126,0,0,35.79707904769759
2021,0.581717799398912,17451.53398196736,49.65681718056383,15.0,28.1120259068581,0,0,35.79707904769759
2022,0.5794844644243301,17384.533932729904,49.59285160252937,15.0,28.05468625561422,0,0,35.79707904769759
2023,0.5772587951522584,17317.76385456775,49.52479803934973,15.0,27.993682076514613,0,0,35.79707904769759
2024,0.57504128826744,17251.2386480232,49.45267665676445,15.0,27.92903144641418,0,0,35.79707904769759
2025,0.5728324380359269,17184.973141077808,49.37650882589564,15.0,27.860753522689837,0,0,35.79707904769759
2026,0.5706327361586176,17118.98208475853,49.29631711691545,15.0,27.788868537563964,0,0,35.79707904769759
2027,0.5684426716255561,17053.28014876668,49.21212529235797,15.0,27.713397792109102,0,0,35.79707904769759
2028,0.5662627305710329,16987.881917130988,49.12395830007775,15.0,27.63436364993585,0,0,35.79707904769759
2029,0.5640933961295338,16922.801883886015,49.03184226585745,15.0,27.551789530566264,0,0,35.79707904769759
2030,0.5619351482925761,16858.054448777282,48.935804485666054,15.0,27.46569990249405,0,0,35.79707904769759
2031,0.5597884637664766,16793.653912994298,48.83587341757042,15.0,27.376120275933886,0,0,35.79707904769759
2032,0.5576538158310939,16729.614474932816,48.73207867330277,15.0,27.283077195262457,0,0,35.79707904769759
2033,0.5555316741995848,16665.950225987544,48.62445100948594,15.0,27.186598231152637,0,0,35.79707904769759
2034,0.5534225048792186,16602.675146376558,48.51302231851943,15.0,27.08671197240359,0,0,35.79707904769759
2035,0.5513267700332886,16539.803100998655,48.39782561912929,15.0,26.983448017469605,0,0,35.79707904769759
2036,0.5492449278441631,16477.347835324894,48.2788950465836,15.0,26.876836965689055,0,0,35.79707904769759
2037,0.5471774323775171,16415.322971325513,48.15626584257785,15.0,26.76691040821752,0,0,35.79707904769759
2038,0.5451247334477817,16353.74200343345,48.02997434479162,15.0,26.653700918666303,0,0,35.79707904769759
2039,0.5430872764848547,16292.618294545638,47.90005797612141,15.0,26.537242043450508,0,0,35.79707904769759
2040,0.5410655024021102,16231.965072063304,47.76655523359098,15.0,26.41756829184816,0,0,35.79707904769759
2041,0.5390598474657465,16171.795423972397,47.62950567694426,15.0,26.294715125774722,0,0,35.79707904769759
2042,0.5370707431655113,16112.122294965338,47.48894991692257,15.0,26.1687189492746,0,0,35.79707904769759
2043,0.535098616086841,16052.958482605229,47.34492960323109,15.0,26.039617097734137,0,0,35.79707904769759
2044,0.5331438877844551,15994.316633533654,47.19748741219703,15.0,25.907447826818274,0,0,35.79707904769759
2045,0.5312069746574404,15936.209239723212,47.04666703412355,15.0,25.772250301134303,0,0,35.79707904769759
2046,0.5292882878258625,15878.648634775875,46.89251316034375,15.0,25.634064582627005,0,0,35.79707904769759
2047,0.5273882330089423,15821.64699026827,46.73507146997724,15.0,25.492931618706947,0,0,35.79707904769759
2048,0.525507210404833,15765.216312144988,46.5743886163948,15.0,25.348893230117298,0,0,35.79707904769759
2049,0.5236456145720318,15709.368437160954,46.41051221339383,15.0,25.20199209854126,0,0,35.79707904769759
2050,0.5218038343124649,15654.115029373947,46.24349082108914,15.0,25.052271753954386,0,0,35.79707904769759
2051,0.5199822525562761,15599.467576688283,46.073373931523975,15.0,24.899776561726064,0,0,35.79707904769759
2052,0.5181812462483569,15545.437387450707,45.90021195400418,15.0,24.74455170947293,0,0,35.79707904769759
2053,0.5164011862366493,15492.03558709948,45.72405620016079,15.0,24.58664319366867,0,0,35.79707904769759
2054,0.5146424371622559,15439.273114867676,45.54495886874534,15.0,24.4260978060144,0,0,35.79707904769759
2055,0.5129053573513883,15387.16072054165,45.36297303016251,15.0,24.262963119573463,0,0,35.79707904769759
2056,0.511190298709188,15335.70896127564,45.1781526107437,15.0,24.09728747467406,0,0,35.79707904769759
2057,0.5094976066154487,15284.928198463464,44.990552376768086,15.0,23.929119964585478,0,0,35.79707904769759
2058,0.5078276198222735,15234.828594668204,44.80022791823359,15.0,23.75851042097017,0,0,35.79707904769759
2059,0.5061806703536942,15185.420110610827,44.607235632384885,15.0,23.585509399118028,0,0,35.79707904769759
2060,0.5045570834072868,15136.712502218605,44.41163270700146,15.0,23.410168162965576,0,0,35.79707904769759
2061,0.5029571772578075,15088.715317734226,44.213477103451424,15.0,23.232538669905118,0,0,35.79707904769759
2062,0.5013812631628815,15041.437894886443,44.01282753951671,15.0,23.052673555389067,0,0,35.79707904769759
2063,0.4998296452707699,14994.889358123097,43.80974347199357,15.0,22.870626117332748,0,0,35.79707904769759
2064,0.49830262053024527,14949.078615907358,43.604285079073975,15.0,22.6864503003208,0,0,35.79707904769759
2065,0.4968004786025981,14904.014358077942,43.396513242513976,15.0,22.50020067962273,0,0,35.79707904769759
2066,0.49532350177580464,14859.70505327414,43.18648952959292,15.0,22.31193244502082,0,0,35.79707904769759
2067,0.49387196488087853,14816.158946426356,42.97427617486945,15.0,22.12170138445599,0,0,35.79707904769759
2068,0.4924461352104327,14773.38405631298,42.75993606174068,15.0,21.92956386749715,0,0,35.79707904769759
2069,0.4910462724394744,14731.388173184232,42.543532703807806,15.0,21.73557682863711,0,0,35.79707904769759
2070,0.4896726285484585,14690.178856453755,42.32513022605632,15.0,21.53979775042221,0,0,35.79707904769759
2071,0.4883254477486196,14649.763432458587,42.10479334585371,15.0,21.342284646418427,0,0,35.79707904769759
2072,0.4870049664096074,14610.148992288221,41.882587353773026,15.0,21.14309604402132,0,0,35.79707904769759
2073,0.4857114129894451,14571.342389683352,41.65857809424514,15.0,20.942290967112463,0,0,35.79707904769759
2074,0.48444500796683243,14533.350239004973,41.43283194604834,15.0,20.73992891857003,0,0,35.79707904769759
2075,0.48320596377581304,14496.17891327439,41.20541580263815,15.0,20.536069862636175,0,0,35.79707904769759
2076,0.4819944847428255,14459.834542284765,40.97639705232601,15.0,20.330774207148888,0,0,35.79707904769759
2077,0.48081076702615744,14424.323010784723,40.745843558310355,15.0,20.124102785641618,0,0,35.79707904769759
2078,0.47965499855781907,14389.649956734573,40.51382363856702,15.0,19.916116839316725,0,0,35.79707904769759
2079,0.4785273589878553,14355.820769635659,40.28040604560583,15.0,19.70687799889898,0,0,35.79707904769759
2080,0.47742801963111126,14322.840588933337,40.04565994609694,15.0,19.496448266372376,0,0,35.79707904769759
2081,0.4763571434164682,14290.714302494045,39.80965490037596,15.0,19.28488999660818,0,0,35.79707904769759
2082,0.475314884838564,14259.44654515692,39.57246084183146,15.0,19.072265878887624,0,0,35.79707904769759
2083,0.4743013899120132,14229.041697360397,39.334148056181846,15.0,18.858638918325408,0,0,35.79707904769759
2084,0.47331679612813987,14199.503883844196,39.09478716064881,15.0,18.644072417200487,0,0,35.79707904769759
2085,0.4723612324142354,14170.836972427061,38.85444908303164,15.0,18.428629956197955,0,0,35.79707904769759
2086,0.4714348190953551,14143.044572860654,38.61320504068956,15.0,18.212375375568556,0,0,35.79707904769759
2087,0.4705376678586633,14116.1300357599,38.37112651943867,15.0,17.99537275621158,0,0,35.79707904769759
2088,0.46966988172033763,14090.096451610128,38.12828525236951,15.0,17.777686400686644,0,0,35.79707904769759
2089,0.4688315549950433,14064.9466498513,37.88475319859025,15.0,17.55938081415875,0,0,35.79707904769759
2090,0.46802277326798575,14040.683198039573,37.64060252190448,15.0,17.34052068528479,0,0,35.79707904769759
2091,0.46724361336954984,14017.308401086495,37.39590556942673,15.0,17.121170867044157,0,0,35.79707904769759
2092,0.4664941433525332,13994.824300575996,37.15073485014507,15.0,16.901396357522053,0,0,35.79707904769759
2093,0.4657744224719809,13973.232674159428,36.905163013434965,15.0,16.681262280648845,0,0,35.79707904769759
2094,0.46508450116762695,13952.535035028808,36.6592628275313,15.0,16.460833866902227,0,0,35.79707904769759
2095,0.46442442104894754,13932.732631468427,36.41310715796622,15.0,16.240176433978505,0,0,35.79707904769759
2096,0.4637942148828318,13913.826446484954,36.166768945977196,15.0,16.019355367437335,0,0,35.79707904769759
2097,0.4631939065838718,13895.817197516153,35.92032118689264,15.0,15.798436101326251,0,0,35.79707904769759
2098,0.46262351120727635,13878.70533621829,35.67383690850247,15.0,15.577484098791722,0,0,35.79707904769759
2099,0.4620830349444099,13862.491048332296,35.42738914941802,15.0,15.356564832680732,0,0,35.79707904769759
2100,0.46157247512095756,13847.174253628727,35.18105093742889,15.0,15.13574376613947,0,0,35.79707904769759
2101,0.46109182019771816,13832.754605931545,34.934895267863915,15.0,14.915086333215841,0,0,35.79707904769759
2102,0.4606410497740228,13819.231493220685,34.68899508196025,15.0,14.69465791946922,0,0,35.79707904769759
2103,0.4602201345937807,13806.60403781342,34.443423245250145,15.0,14.474523842596014,0,0,35.79707904769759
2104,0.4598290365541478,13794.871096624434,34.19825252596859,15.0,14.254749333073995,0,0,35.79707904769759
2105,0.45946770871681825,13784.031261504548,33.95355557349083,15.0,14.035399514833365,0,0,35.79707904769759
2106,0.4591360953219323,13774.082859657969,33.70940489680497,15.0,13.816539385959317,0,0,35.79707904769759
2107,0.4588341318045998,13765.023954137994,33.46587284302581,15.0,13.598233799431512,0,0,35.79707904769759
2108,0.45856174481403206,13756.852344420962,33.223031575956554,15.0,13.38054744390648,0,0,35.79707904769759
2109,0.45831885223527713,13749.565567058315,32.980953054705665,15.0,13.163544824549511,0,0,35.79707904769759
2110,0.4581053632135522,13743.160896406567,32.739709012363576,15.0,12.947290243920108,0,0,35.79707904769759
2111,0.4579211781811662,13737.635345434985,32.4993709347463,15.0,12.731847782917491,0,0,35.79707904769759
2112,0.45776618888702314,13732.985666610693,32.26001003921338,15.0,12.517281281792657,0,0,35.79707904769759
2113,0.45764027842870014,13729.208352861004,32.02169725356376,15.0,12.303654321230443,0,0,35.79707904769759
2114,0.4575433212870875,13726.299638612625,31.784503195019155,15.0,12.091030203509796,0,0,35.79707904769759
2115,0.45747518336358284,13724.255500907486,31.54849814929828,15.0,11.879471933745691,0,0,35.79707904769759
2116,0.45743572201982763,13723.07166059483,31.313752049789386,15.0,11.669042201219082,0,0,35.79707904769759
2117,0.45742478611997384,13722.743583599215,31.080334456828194,15.0,11.459803360801336,0,0,35.79707904769759
2118,0.45744221607546864,13723.26648226406,30.848314537084864,15.0,11.251817414476445,0,0,35.79707904769759
2119,0.45748784389234437,13724.635316770331,30.61776104306921,15.0,11.045145992969175,0,0,35.79707904769759
2120,0.45756149322099815,13726.844796629945,30.38874229275707,15.0,10.839850337481888,0,0,35.79707904769759
2121,0.45766297940844863,13729.88938225346,30.161326149346976,15.0,10.635991281548115,0,0,35.79707904769759
2122,0.4577921095530524,13733.763286591571,29.93558000115008,15.0,10.4336292330056,0,0,35.79707904769759
2123,0.45794868256166477,13738.460476849943,29.711570741622282,15.0,10.232824156096822,0,0,35.79707904769759
2124,0.4581324892092284,13743.974676276852,29.489364749541505,15.0,10.033635553699636,0,0,35.79707904769759
2125,0.4583433122007708,13750.299366023124,29.269027869338895,15.0,9.836122449695853,0,0,35.79707904769759
2126,0.4585809262357939,13757.427787073817,29.05062539158741,15.0,9.640343371480952,0,0,35.79707904769759
2127,0.4588450980750351,13765.352942251053,28.834222033654534,15.0,9.446356332620908,0,0,35.79707904769759
2128,0.4591355866095812,13774.067598287436,28.61988192052568,15.0,9.254218815661996,0,0,35.79707904769759
2129,0.4594521429323144,13783.564287969431,28.407668565802297,15.0,9.063987755097244,0,0,35.79707904769759
2130,0.45979451041166847,13793.835312350055,28.19764485288115,15.0,8.875719520495252,0,0,35.79707904769759
2131,0.4601624247676746,13804.872743030239,27.98987301632115,15.0,8.689469899797183,0,0,35.79707904769759
2132,0.460555614150273,13816.66842450819,27.784414623401638,15.0,8.505294082785316,0,0,35.79707904769759
2133,0.4609737992198681,13829.213976596042,27.581330555878424,15.0,8.323246644728917,0,0,35.79707904769759
2134,0.46141669323010254,13842.500796903076,27.38068099194379,15.0,8.143381530212942,0,0,35.79707904769759
2135,0.461884002112827,13856.520063384809,27.18252538839375,15.0,7.96575203715248,0,0,35.79707904769759
2136,0.4623754245652381,13871.262736957144,26.986922463010323,15.0,7.7904108010000295,0,0,35.79707904769759
2137,0.46289065213916175,13886.719564174853,26.793930177161695,15.0,7.6174097791479625,0,0,35.79707904769759
2138,0.4634293693324524,13902.881079973571,26.603605718627193,15.0,7.446800235532651,0,0,35.79707904769759
2139,0.46399125368248323,13919.737610474496,26.416005484651507,15.0,7.278632725443996,0,0,35.79707904769759
2140,0.46457597586169913,13937.279275850973,26.231185065232772,15.0,7.112957080544657,0,0,35.79707904769759
2141,0.4651831997752031,13955.495993256094,26.049199226649865,15.0,6.949822394103656,0,0,35.79707904769759
2142,0.46581258266034886,13974.377479810466,25.870101895234413,15.0,6.789277006449385,0,0,35.79707904769759
2143,0.46646377518830845,13993.913255649253,25.693946141391024,15.0,6.631368490645128,0,0,35.79707904769759
2144,0.467136421567586,14014.09264702758,25.520784163871166,15.0,6.47614363839193,0,0,35.79707904769759
2145,0.46783015964944674,14034.904789483402,25.350667274306062,15.0,6.32364844616367,0,0,35.79707904769759
2146,0.468544621035229,14056.33863105687,25.183645882001382,15.0,6.173928101576793,0,0,35.79707904769759
2147,0.46927943118550886,14078.382935565265,25.01976947900034,15.0,6.027026970000692,0,0,35.79707904769759
2148,0.47003420953108455,14101.026285932536,24.859086625417962,15.0,5.882988581411103,0,0,35.79707904769759
2149,0.4708085695857469,14124.257087572407,24.701644935051448,15.0,5.74185561749105,0,0,35.79707904769759
2150,0.47160211906080385,14148.063571824116,24.547491061271657,15.0,5.603669898983751,0,0,35.79707904769759
2151,0.47241445998132386,14172.433799439716,24.396670683198174,15.0,5.4684723732997815,0,0,35.79707904769759
2152,0.4732451888040646,14197.355664121937,24.249228492164114,15.0,5.336303102383914,0,0,35.79707904769759
2153,0.4740938965370513,14222.816896111539,24.10520817847263,15.0,5.207201250843459,0,0,35.79707904769759
2154,0.47496016886077036,14248.805065823111,23.964652418450992,15.0,5.081205074343381,0,0,35.79707904769759
2155,0.4758435862509407,14275.307587528221,23.827602861804223,15.0,4.958351908269892,0,0,35.79707904769759
2156,0.476743724102828,14302.31172308484,23.694100119273845,15.0,4.838678156667591,0,0,35.79707904769759
2157,0.4776601528570643,14329.804585711929,23.564183750603583,15.0,4.722219281451748,0,0,35.79707904769759
2158,0.47859243812693575,14357.773143808072,23.437892252817356,15.0,4.6090097919005295,0,0,35.79707904769759
2159,0.4795401408271006,14386.204224813018,23.315263048811595,15.0,4.499083234428994,0,0,35.79707904769759
2160,0.4805028173036999,14415.084519110998,23.1963324762659,15.0,4.39247218264844,0,0,39.79707904769759
2161,0.48139404918969514,14441.821475690855,25.660244060668525,15.0,4.289208227714411,0,0,39.79707904769759
2162,0.4822997694043254,14468.993082129762,25.536364220733404,15.0,4.189321968965413,0,0,39.79707904769759
2163,0.4832195072245039,14496.585216735117,25.416710138372885,15.0,4.092843004855553,0,0,39.79707904769759
2164,0.48415278777342496,14524.583633202748,25.301317269673987,15.0,3.9997999241841242,0,0,39.79707904769759
2165,0.48509913216127987,14552.973964838397,25.19021980803412,15.0,3.9102202976240026,0,0,39.79707904769759
2166,0.4860580576271627,14581.74172881488,25.08345067402876,15.0,3.824130669551747,0,0,39.79707904769759
2167,0.4870290776821225,14610.872330463675,24.981041505656677,15.0,3.7415565501821946,0,0,39.79707904769759
2168,0.4880117022533206,14640.351067599617,24.88302264896457,15.0,3.662522408008975,0,0,39.79707904769759
2169,0.48900543782924955,14670.163134877486,24.789423149055068,15.0,3.587051662554078,0,0,39.79707904769759
2170,0.49000978760597175,14700.293628179152,24.70027074148011,15.0,3.5151666774282355,0,0,39.79707904769759
2171,0.49102425163433244,14730.727549029973,24.61559184402206,15.0,3.4468887537038904,0,0,39.79707904769759
2172,0.4920483269681061,14761.449809043183,24.535411548865792,15.0,3.382238123603427,0,0,39.79707904769759
2173,0.4930815078130298,14792.445234390894,24.459753615163212,15.0,3.3212339445038443,0,0,39.79707904769759
2174,0.4941232856766813,14823.69857030044,24.38864046199286,15.0,3.263894293259938,0,0,39.79707904769759
2175,0.4951731495191561,14855.194485574682,24.322093161716793,15.0,3.2102361608478893,0,0,39.79707904769759
2176,0.4962305859044996,14886.917577134987,24.260131433736312,15.0,3.1602754473303847,0,0,39.79707904769759
2177,0.4972950791528493,14918.85237458548,24.202773638648623,15.0,3.114026957145043,0,0,39.79707904769759
2178,0.4983661114932422,14950.983344797267,24.15003677280632,15.0,3.0715043947176692,0,0,39.79707904769759
2179,0.49944316321704085,14983.294896511226,24.10193646328089,15.0,3.0327203604011834,0,0,39.79707904769759
2180,0.5005257128319347,15015.771384958041,24.058486963232138,15.0,2.997686346742002,0,0,39.79707904769759
2181,0.5016132372164694,15048.397116494083,24.019701147684664,15.0,2.966412735074482,0,0,39.79707904769759
2182,0.5027052117750592,15081.156353251776,23.985590509712654,15.0,2.938908792444674,0,0,39.79707904769759
2183,0.5038011105934354,15114.033317803061,23.956165157034327,15.0,2.915182668864382,0,0,39.79707904769759
2184,0.5049004065944865,15147.012197834598,23.931433809016717,15.0,2.8952413948960567,0,0,39.79707904769759
2185,0.5060025716944428,15180.077150833285,23.91140379409201,15.0,2.8790908795695622,0,0,39.79707904769759
2186,0.5071070769593582,15213.212308780747,23.89608104758588,15.0,2.8667359086311306,0,0,39.79707904769759
2187,0.5082133927618456,15246.401782855368,23.88547010995884,15.0,2.8581801431253036,0,0,39.79707904769759
2188,0.5093209889380163,15279.629668140487,23.879574125460685,15.0,2.8534261183100407,0,0,39.79707904769759
2189,0.5104293349445792,15312.880048337376,23.87839484119889,15.0,2.852475242905502,0,0,39.79707904769759
2190,0.5115379000160526,15346.137000481576,23.881932606620822,15.0,2.8553277986765884,0,0,39.79707904769759
2191,0.5126461533220407,15379.38459966122,23.890186373410234,15.0,2.8619829403494617,0,0,39.79707904769759
2192,0.513753564124531,15412.60692373593,23.903153695797894,15.0,2.8724386958620127,0,0,39.79707904769759
2193,0.5148596019351627,15445.788058054879,23.92083073128633,15.0,2.8866919669482356,0,0,39.79707904769759
2194,0.515963736672422,15478.912100172662,23.943212241788423,15.0,2.904738530056293,0,0,39.79707904769759
2195,0.5170654388187172,15511.963164561517,23.970291595179567,15.0,2.9265730376000514,0,0,39.79707904769759
2196,0.5181641795772856,15544.925387318566,24.002060767262947,15.0,2.9521890195437166,0,0,39.79707904769759
2197,0.5192594310288873,15577.782930866617,24.03851034414724,15.0,2.981578885318991,0,0,39.79707904769759
2198,0.5203506662882397,15610.519988647191,24.07962952503614,15.0,3.0147339260743427,0,0,39.79707904769759
2199,0.5214373596601448,15643.120789804343,24.125406125428974,15.0,3.0516443172556844,0,0,39.79707904769759
2200,0.5225189867952634,15675.569603857903,24.175826580731048,15.0,3.092299121517485,0,0,39.79707904769759
2201,0.523595024845492,15707.85074536476,24.230875950273326,15.0,3.136686291963853,0,0,39.79707904769759
2202,0.5246649526188935,15739.948578566802,24.29053792173957,15.0,3.184792675718251,0,0,39.79707904769759
2203,0.5257282507341373,15771.847522024118,24.35479481599998,15.0,3.2366040178209152,0,0,39.79707904769759
2204,0.5267844017744041,15803.532053232124,24.423627592350055,15.0,3.29210496545304,0,0,39.79707904769759
2205,0.5278328904407071,15834.986713221213,24.497015854152608,15.0,3.3512790724860144,0,0,39.79707904769759
2206,0.5288732037045859,15866.196111137579,24.574937854881785,15.0,3.414108804354816,0,0,39.79707904769759
2207,0.5299048309601286,15897.14492880386,24.657370504567137,15.0,3.480575543253969,0,0,39.79707904769759
2208,0.530927264175275,15927.817925258252,24.74428937663549,15.0,3.5506595936542373,0,0,39.79707904769759
2209,0.5319399980423575,15958.199941270725,24.835668715149154,15.0,3.6243401881389232,0,0,39.79707904769759
2210,0.5329425301278344,15988.275903835034,24.931481442438063,15.0,3.701595493557783,0,0,39.79707904769759
2211,0.5339343610211725,16018.030830635176,25.03169916712325,15.0,3.782402617496451,0,0,39.79707904769759
2212,0.5349149944828323,16047.44983448497,25.136292192530085,15.0,3.8667376150602104,0,0,39.79707904769759
2213,0.5358839375913155,16076.518127739464,25.245229525487808,15.0,3.954575495969153,0,0,39.79707904769759
2214,0.5368407008892272,16105.221026676814,25.35847888551354,15.0,4.045890231963431,0,0,39.79707904769759
2215,0.5377847985283135,16133.543955849405,25.476006714377895,15.0,4.140654764516105,0,0,39.79707904769759
2216,0.5387157484134287,16161.472452402862,25.597778186048615,15.0,4.2388410128509255,0,0,39.79707904769759
2217,0.5396330723453902,16188.992170361706,25.7237572170107,15.0,4.34041988226355,0,0,39.79707904769759
2218,0.5405362961626793,16216.088884880377,25.853906476958333,15.0,4.445361272742643,0,0,39.79707904769759
2219,0.5414249498819456,16242.748496458367,25.98818739985704,15.0,4.553634087889465,0,0,39.79707904769759
2220,0.5422985678372735,16268.957035118203,26.126560195371226,15.0,4.665206244132085,0,0,39.79707904769759
2221,0.5431566888181683,16294.700664545047,26.268983860655382,15.0,4.780044680232773,0,0,39.79707904769759
2222,0.5439988562062236,16319.965686186708,26.4154161925036,15.0,4.898115367084404,0,0,39.79707904769759
2223,0.5448246181104267,16344.738543312802,26.56581379985581,15.0,5.019383317794386,0,0,39.79707904769759
2224,0.5456335275010641,16369.005825031922,26.72013211665505,15.0,5.143812598051698,0,0,39.79707904769759
2225,0.5464251423421853,16392.75427026556,26.878325415053524,15.0,5.271366336775143,0,0,39.79707904769759
2226,0.5471990257225885,16415.970771677654,27.040346818962956,15.0,5.402006737039208,0,0,39.79707904769759
2227,0.5479547459852862,16438.642379558583,27.20614831794459,15.0,5.5356950872737904,0,0,39.79707904769759
2228,0.5486918768554145,16460.756305662435,27.375680781435918,15.0,5.6723917727354305,0,0,39.79707904769759
2229,0.5494099975665482,16482.299926996446,27.548893973309344,15.0,5.812056287246179,0,0,39.79707904769759
2230,0.550108692985382,16503.26078956146,27.7257365667578,15.0,5.954647245196128,0,0,39.79707904769759
2231,0.5507875537347442,16523.626612042324,27.90615615950419,15.0,6.100122393807007,0,0,39.79707904769759
2232,0.5514461763149037,16543.38528944711,28.09009928932948,15.0,6.248438625652733,0,0,39.79707904769759
2233,0.5520841632231355,16562.524896694064,28.27751144991457,15.0,6.399551991432944,0,0,39.79707904769759
2234,0.5527011230715096,16581.03369214529,28.46833710699143,15.0,6.5534177129959446,0,0,39.79707904769759
2235,0.5532966707028681,16598.900121086044,28.662519714799682,15.0,6.709990196607865,0,0,39.79707904769759
2236,0.5538704273049546,16616.11281914864,28.860001732841656,15.0,6.869223046462573,0,0,39.79707904769759
2237,0.5544220205226651,16632.660615679953,29.06072464293357,15.0,7.031069078430262,0,0,39.79707904769759
2238,0.5549510845683848,16648.532537051546,29.264628966545118,15.0,7.19548033403867,0,0,39.79707904769759
2239,0.5554572603303788,16663.717809911363,29.471654282424517,15.0,7.3624080946844055,0,0,39.79707904769759
2240,0.5559401954792043,16678.205864376127,29.68173924450287,15.0,7.5318028960695305,0,0,39.79707904769759
2241,0.5563995445721142,16691.986337163424,29.894821600071825,15.0,7.703614542858487,0,0,39.79707904769759
2242,0.5568349691554185,16705.049074662555,30.110838208230643,15.0,7.877792123552261,0,0,39.79707904769759
2243,0.5572461378647761,16717.38413594328,30.32972505859648,15.0,8.054284025574777,0,0,39.79707904769759
2244,0.5576327265233841,16728.981795701526,30.55141729027143,15.0,8.23303795056631,0,0,39.79707904769759
2245,0.5579944182380401,16739.832547141203,30.775849211062916,15.0,8.414000929881212,0,0,39.79707904769759
2246,0.5583309034930428,16749.927104791284,31.00295431694909,15.0,8.597119340283133,0,0,39.79707904769759
2247,0.5586418802419091,16759.25640725727,31.23266531178564,15.0,8.782338919834974,0,0,39.79707904769759
2248,0.5589270539968767,16767.8116199063,31.46491412724743,15.0,8.969604783978106,0,0,39.79707904769759
2249,0.5591861379161674,16775.584137485024,31.699631942997897,15.0,9.158861441795295,0,0,39.79707904769759
2250,0.5594188528889845,16782.565586669534,31.9367492070828,15.0,9.350052812454502,0,0,39.79707904769759
2251,0.5596249276182189,16788.747828546566,32.1761956565392,15.0,9.543122241826184,0,0,39.79707904769759
2252,0.5598040987008408,16794.122961025223,32.417900338216626,15.0,9.738012519271805,0,0,39.79707904769759
2253,0.5599561107059515,16798.683321178545,32.66179162980129,15.0,9.934665894595913,0,0,39.79707904769759
2254,0.5600807162504731,16802.42148751419,32.907797261040095,15.0,10.133024095159444,0,0,39.79707904769759
2255,0.5601776760724533,16805.3302821736,33.15584433515507,15.0,10.33302834314648,0,0,39.79707904769759
2256,0.5602467591019644,16807.402773058933,33.40585935044504,15.0,10.534619372982068,0,0,39.79707904769759
2257,0.5602877425295737,16808.632275887212,33.65776822206514,15.0,10.737737448893288,0,0,39.79707904769759
2258,0.560300411872367,16809.01235617101,33.911496303979945,15.0,10.94232238261052,0,0,39.79707904769759
2259,0.5602845610375046,16808.536831125137,34.16696841108309,15.0,11.148313551202765,0,0,39.79707904769759
2260,0.5602399923832906,16807.19977149872,34.424108841475615,15.0,11.355649915041035,0,0,39.79707904769759
2261,0.5601665167777394,16804.995503332182,34.682841398898326,15.0,11.56427003588595,0,0,39.79707904769759
2262,0.5600639536546181,16801.918609638546,34.943089415310766,15.0,11.77411209509349,0,0,39.79707904769759
2263,0.5599321310669539,16797.963932008617,35.204775773608965,15.0,11.985113911932656,0,0,39.79707904769759
2264,0.5597708857379842,16793.126572139525,35.46782293047719,15.0,12.197212962011243,0,0,39.79707904769759
2265,0.5595800631095398,16787.401893286195,35.732152939365946,15.0,12.410346395803327,0,0,39.79707904769759
2266,0.5593595173878438,16780.785521635316,35.997687473589004,15.0,12.624451057272765,0,0,39.79707904769759
2267,0.5591091115867132,16773.273347601396,36.26434784953294,15.0,12.839463502587435,0,0,39.79707904769759
2268,0.558828717568151,16764.86152704453,36.53205504997359,15.0,13.055320018919613,0,0,39.79707904769759
2269,0.558518216080316,16755.54648240948,36.80072974748964,15.0,13.271956643324772,0,0,39.79707904769759
2270,0.5581774967928602,16745.324903785808,37.070292327969966,15.0,13.489309181695877,0,0,39.79707904769759
2271,0.557806458329622,16734.19374988866,37.34066291420423,15.0,13.707313227784866,0,0,39.79707904769759
2272,0.5574050082986653,16722.15024895996,37.611761389552534,15.0,13.925904182287876,0,0,39.79707904769759
2273,0.5569730633196583,16709.19189958975,37.88350742168608,15.0,14.145017271987697,0,0,39.79707904769759
2274,0.5565105490485803,16695.31647145741,38.155820486390674,15.0,14.36458756894691,0,0,39.79707904769759
2275,0.5560174001997515,16680.522005992545,38.42861989142813,15.0,14.584550009747714,0,0,39.79707904769759
2276,0.5554935605651788,16664.806816955366,38.70182480044746,15.0,14.804839414771912,0,0,39.79707904769759
2277,0.5549389830312115,16648.169490936343,38.97535425693778,15.0,15.025390507514466,0,0,39.79707904769759
2278,0.5543536295925011,16630.608887775034,39.24912720821776,15.0,15.246137933926622,0,0,39.79707904769759
2279,0.5537374713632648,16612.124140897944,39.52306252945366,15.0,15.467016281781998,0,0,39.79707904769759
2280,0.5530904885858434,16592.714657575303,39.797079047697565,15.0,15.687960100058998,0,0,39.79707904769759
2281,0.5524126706365569,16572.380119096706,40.07109556594159,15.0,15.908903918336083,0,0,39.79707904769759
2282,0.5517040160288519,16551.120480865557,40.34503088717737,15.0,16.12978226619137,0,0,39.79707904769759
2283,0.5509645324137425,16528.935972412277,40.61880383845735,15.0,16.35052969260353,0,0,39.79707904769759
2284,0.5501942365775434,16505.827097326302,40.892333294947676,15.0,16.57108078534608,0,0,39.79707904769759
2285,0.549393154436895,16481.79463310685,41.165538203967,15.0,16.79137019037028,0,0,39.79707904769759
2286,0.5485613210310843,16456.83963093253,41.43833760900446,15.0,17.011332631171086,0,0,39.79707904769759
2287,0.5476987805116619,16430.963415349855,41.710650673709054,15.0,17.2309029281303,0,0,39.79707904769759
2288,0.5468055861293585,16404.167583880753,41.982396705842596,15.0,17.450016017830116,0,0,39.79707904769759
2289,0.5458818002183062,16376.454006549187,42.2534951811909,15.0,17.66860697233313,0,0,39.79707904769759
2290,0.5449274941775675,16347.824825327025,42.523865767425164,15.0,17.88661101842212,0,0,39.79707904769759
2291,0.5439427484499776,16318.282453499329,42.79342834790538,15.0,18.103963556793133,0,0,39.79707904769759
2292,0.5429276524983082,16287.829574949246,43.06210304542155,15.0,18.320600181198383,0,0,39.79707904769759
2293,0.5418823047787571,16256.469143362714,43.32981024586219,15.0,18.53645669753056,0,0,39.79707904769759
2294,0.5408068127117741,16224.204381353224,43.596470621806134,15.0,18.75146914284523,0,0,39.79707904769759
2295,0.5397012926502295,16191.038779506885,43.862005156029184,15.0,18.96557380431467,0,0,39.79707904769759
2296,0.5385658698449366,16156.976095348096,44.12633516491795,15.0,19.178707238106753,0,0,39.79707904769759
2297,0.5374006784075367,16122.020352226102,44.38938232178627,15.0,19.39080628818543,0,0,39.79707904769759
2298,0.5362058612707598,16086.175838122792,44.65106868008437,15.0,19.601808105024507,0,0,39.79707904769759
2299,0.5349815701460694,16049.447104382083,44.91131669649682,15.0,19.811650164232045,0,0,39.79707904769759
2300,0.5337279654787084,16011.83896436125,45.170049253919515,15.0,20.02027028507696,0,0,39.79707904769759
2301,0.5324452164001543,15973.356492004628,45.42718968431204,15.0,20.227606648915234,0,0,39.79707904769759
2302,0.5311335006780031,15934.005020340093,45.68266179141509,15.0,20.43359781750739,0,0,39.79707904769759
2303,0.5297930046632924,15893.79013989877,45.93638987333,15.0,20.63818275122471,0,0,39.79707904769759
2304,0.5284239232352813,15852.71769705844,46.188298744950096,15.0,20.84130082713593,0,0,39.79707904769759
2305,0.5270264597437043,15810.79379231113,46.43831376023997,15.0,21.042891856971433,0,0,39.79707904769759
2306,0.5256008259485135,15768.024778455405,46.68636083435504,15.0,21.24289610495855,0,0,39.79707904769759
2307,0.5241472419571299,15724.417258713898,46.93236646559385,15.0,21.44125430552208,0,0,39.79707904769759
2308,0.5226659361592212,15679.978084776634,47.17625775717851,15.0,21.63790768084619,0,0,39.79707904769759
2309,0.5211571451590241,15634.714354770724,47.417962438855945,15.0,21.832797958291813,0,0,39.79707904769759
2310,0.5196211137052346,15588.633411157036,47.65740888831243,15.0,22.02586738766358,0,0,39.79707904769759
2311,0.5180580946184823,15541.74283855447,47.89452615239724,15.0,22.2170587583227,0,0,39.79707904769759
2312,0.5164683487164156,15494.050461492467,48.129243968147804,15.0,22.40631541613997,0,0,39.79707904769759
2313,0.5148521447364143,15445.564342092428,48.36149278360949,15.0,22.593581280283026,0,0,39.79707904769759
2314,0.5132097592559584,15396.29277767875,48.59120377844615,15.0,22.778800859834945,0,0,39.79707904769759
2315,0.5115414766106711,15346.244298320133,48.818308884332225,15.0,22.96191927023679,0,0,39.79707904769759
2316,0.5098475888100648,15295.427664301942,49.042740805123614,15.0,23.14288224955162,0,0,39.79707904769759
2317,0.5081283954510115,15243.851863530346,49.264433036798664,15.0,23.321636174543222,0,0,39.79707904769759
2318,0.506384203628967,15191.526108869008,49.4833198871645,15.0,23.49812807656574,0,0,39.79707904769759
2319,0.5046153278469705,15138.459835409114,49.69933649532332,15.0,23.672305657259518,0,0,39.79707904769759
2320,0.5028220899224517,15084.66269767355,49.91241885089227,15.0,23.84411730404847,0,0,39.79707904769759
2321,0.5010048188918688,15030.144566756062,50.12250381297062,15.0,24.0135121054336,0,0,39.79707904769759
2322,0.4991638509132079,14974.915527396237,50.32952912885002,15.0,24.180439866079332,0,0,39.79707904769759
2323,0.49729952916637243,14918.985874991173,50.53343345246158,15.0,24.34485112168774,0,0,39.79707904769759
2324,0.49541220375149125,14862.366112544738,50.734156362553406,15.0,24.506697153655367,0,0,39.79707904769759
2325,0.4935022315851764,14805.066947555293,50.931638380595466,15.0,24.665930003510137,0,0,39.79707904769759
2326,0.49156997629476135,14747.09928884284,51.12582098840372,15.0,24.82250248712206,0,0,39.79707904769759
2327,0.48961580811055005,14688.474243316501,51.31664664548059,15.0,24.97636820868506,0,0,39.79707904769759
2328,0.48764010375610967,14629.20311268329,51.50405880606567,15.0,25.12748157446527,0,0,39.79707904769759
2329,0.48564324633663963,14569.29739009919,51.688001935890966,15.0,25.275797806310997,0,0,39.79707904769759
2330,0.48362562522544894,14508.768756763468,51.86842152863743,15.0,25.42127295492194,0,0,39.79707904769759
2331,0.4815876359485765,14447.629078457296,52.0452641220858,15.0,25.56386391287183,0,0,39.79707904769759
2332,0.47952968006758845,14385.890402027653,52.21847731395923,15.0,25.70352842738258,0,0,39.79707904769759
2333,0.47745216506058646,14323.564951817594,52.38800977745056,15.0,25.840225112844216,0,0,39.79707904769759
2334,0.47535550420146355,14260.665126043907,52.5538112764322,15.0,25.973913463078805,0,0,39.79707904769759
2335,0.4732401164374418,14197.203493123254,52.715832680341556,15.0,26.104553863342815,0,0,39.79707904769759
2336,0.47110642626492943,14133.192787947883,52.8740259787401,15.0,26.23210760206631,0,0,39.79707904769759
2337,0.4689548636037332,14068.645908111996,53.02834429553934,15.0,26.356536882323624,0,0,39.79707904769759
2338,0.4667858636696641,14003.575910089923,53.178741902891495,15.0,26.477804833033556,0,0,39.79707904769759
2339,0.46459986684557336,13937.9960053672,53.32517423473978,15.0,26.595875519885237,0,0,39.79707904769759
2340,0.4623973185508574,13871.919556525723,53.467597900023925,15.0,26.710713955985927,0,0,39.79707904769759
2341,0.460178669109471,13805.36007328413,53.60597069553812,15.0,26.822286112228547,0,0,39.79707904769759
2342,0.4579443736164857,13738.331208494572,53.74025161843682,15.0,26.930558927375372,0,0,39.79707904769759
2343,0.45569489180323625,13670.846754097087,53.8704008783845,15.0,27.035500317854506,0,0,39.79707904769759
2344,0.4534306879010913,13602.92063703274,53.99637990934654,15.0,27.137079187267087,0,0,39.79707904769759
2345,0.45115223050389275,13534.566915116782,54.11815138101731,15.0,27.235265435601946,0,0,39.79707904769759
2346,0.4488599924291003,13465.79977287301,54.235679209881624,15.0,27.330029968154587,0,0,39.79707904769759
2347,0.44655445057768606,13396.633517330582,54.34892856990735,15.0,27.42134470414886,0,0,39.79707904769759
2348,0.4442360857928181,13327.082573784543,54.45786590286507,15.0,27.509182585057804,0,0,39.79707904769759
2349,0.4419053827173764,13257.161481521292,54.56245892827187,15.0,27.59351758262153,0,0,39.79707904769759
2350,0.439562829650343,13186.88488951029,54.662676652957096,15.0,27.674324706560235,0,0,39.79707904769759
2351,0.4372089184021079,13116.267552063237,54.75848938024601,15.0,27.751580011979094,0,0,39.79707904769759
2352,0.4348441441487354,13045.324324462063,54.84986871875967,15.0,27.825260606463782,0,0,39.79707904769759
2353,0.43246900528523285,12974.070158556986,54.93678759082803,15.0,27.895344656864054,0,0,39.79707904769759
2354,0.43008400327786495,12902.520098335948,55.01922024051339,15.0,27.961811395763206,0,0,39.79707904769759
2355,0.4276896425155589,12830.689275466768,55.09714224124256,15.0,28.024641127632005,0,0,39.79707904769759
2356,0.4252864301604432,12758.592904813297,55.17053050304511,15.0,28.08381523466498,0,0,39.79707904769759
2357,0.4228748759975641,12686.246279926923,55.239363279395164,15.0,28.139316182297087,0,0,39.79707904769759
2358,0.42045549228382545,12613.664768514764,55.303620173655595,15.0,28.191127524399768,0,0,39.79707904769759
2359,0.4180287935961962,12540.863807885886,55.36328214512184,15.0,28.23923390815417,0,0,39.79707904769759
2360,0.4155952966792298,12467.858900376894,55.41833151466412,15.0,28.28362107860054,0,0,39.79707904769759
2361,0.41315552029194186,12394.665608758256,55.46875196996623,15.0,28.32427588286236,0,0,39.79707904769759
2362,0.41070998505409057,12321.299551622717,55.51452857035903,15.0,28.36118627404368,0,0,39.79707904769759
2363,0.4082592132919057,12247.77639875717,55.55564775124795,15.0,28.394341314799043,0,0,39.79707904769759
2364,0.4058037288833123,12174.111866499368,55.592097328132226,15.0,28.423731180574308,0,0,39.79707904769759
2365,0.4033440571026942,12100.321713080826,55.623866500215605,15.0,28.449347162517974,0,0,39.79707904769759
2366,0.4008807244652441,12026.421733957322,55.65094585360675,15.0,28.471181670061732,0,0,39.79707904769759
2367,0.3976172535766153,11928.51760729846,55.67332736410885,15.0,28.48922823316979,1,0,39.79707904769759
2368,0.3943084088113417,11829.252264340252,57.01797981507571,15.0,28.503481504256015,2,0,39.79707904769759
2369,0.39093726964616815,11728.118089385045,58.87441406824615,15.0,28.513937259768568,3,0,39.79707904769759
2370,0.38750296087578606,11625.088826273583,60.761274258940766,15.0,28.52059240144144,4,0,39.79707904769759
2371,0.38400460658951535,11520.13819768546,62.67858398642762,15.0,28.523444957212533,5,0,39.79707904769759
2372,0.38044133066299507,11413.239919889853,64.62635086294034,15.0,28.52249408180799,6,0,39.79707904769759
2373,0.3768122572649683,11304.36771794905,66.60456606049163,15.0,28.517740056992732,7,0,39.79707904769759
2374,0.37311651137902924,11193.495341370877,68.61320386201507,15.0,28.509184291486903,8,0,39.79707904769759
2375,0.3693532193401705,11080.596580205116,70.65222121773714,15.0,28.49682932054847,9,0,39.79707904769759
2376,0.3655215093859378,10965.645281578134,72.72155730771051,15.0,28.48067880522197,10,0,39.79707904769759
2377,0.3616205122219656,10848.615366658969,74.82113311146621,15.0,28.460737531253653,11,0,39.79707904769759
2378,0.357649361601638,10729.480848049141,76.95085098576955,15.0,28.437011407673353,12,0,39.79707904769759
2379,0.3536071949195808,10608.215847587424,79.11059425148878,15.0,28.409507465043554,13,0,39.79707904769759
2380,0.34949315381866064,10484.79461455982,81.30022679061011,15.0,28.378233853376038,14,0,39.79707904769759
2381,0.34534122671411105,10360.23680142333,83.5195926544542,15.0,27.297942720263634,15,0,39.79707904769759
2382,0.3412392181395797,10237.17654418739,85.74919789665597,15.0,23.573643720424002,16,0,39.79707904769759
2383,0.33718654129513825,10115.596238854148,87.93979504684219,15.0,19.906323483406496,17,0,39.79707904769759
2384,0.3331826163905653,9995.478491716958,90.09124264851717,15.0,16.29591221773262,18,0,39.79707904769759
2385,0.3292268705576172,9876.806116728516,92.20341258927016,15.0,12.742329311333336,19,0,39.79707904769759
2386,0.32531873776336306,9759.562132900892,94.27619008742764,15.0,9.245483313314551,20,0,39.79707904769759
2387,0.32145765872457055,9643.729761737117,96.30947367272213,15.0,5.805271922088565,21,0,39.79707904769759
2388,0.31764308082313186,9529.292424693956,98.30317516107829,15.0,2.4215819797671116,22,0,39.79707904769759
2389,0.3138744580225187,9416.23374067556,99.35150909632748,15.0,0.0,23,0,39.79707904769759
2390,0.31015125078525374,9304.537523557612,97.99480488810671,15.0,0.0,24,0,39.79707904769759
2391,0.3064729259913894,9194.187779741682,96.65445028269134,15.0,0.0,25,0,39.79707904769759
2392,0.3028389568579804,9085.168705739412,95.33025335690019,15.0,0.0,26,0,39.79707904769759
2393,0.29924882285954185,8977.464685786255,94.02202446887294,15.0,0.0,27,0,39.79707904769759
2394,0.2957020096494798,8871.060289484394,92.72957622943505,15.0,0.0,28,0,39.79707904769759
2395,0.2921980089824851,8765.940269474553,91.45272347381274,15.0,0.0,29,0,39.79707904769759
2396,0.28873631863787946,8662.089559136384,90.19128323369463,15.0,0.0,30,0,39.79707904769759
2397,0.2853164423439034,8559.493270317102,88.94507470963661,15.0,0.0,31,0,39.79707904769759
2398,0.28193788970293554,8458.136691088066,87.71391924380522,15.0,0.0,32,0,39.79707904769759
2399,0.27860017611763355,8358.005283529006,86.49764029305679,15.0,0.0,33,0,39.79707904769759
2400,0.2753028227179864,8259.084681539593,85.2960634023481,15.0,0.0,34,0,39.79707904769759
2401,0.2720453562892681,8161.3606886780435,84.10901617847512,15.0,0.0,35,0,39.79707904769759
2402,0.2688273092008826,8064.819276026478,82.93632826413652,15.0,0.0,36,0,39.79707904769759
2403,0.265648219336091,7969.44658008273,81.77783131231774,15.0,0.0,37,0,39.79707904769759
2404,0.26250763002261085,7875.228900678325,80.63335896099275,15.0,0.0,38,0,39.79707904769759
2405,0.259405089964078,7782.15269892234,79.5027468081399,15.0,0.0,39,0,39.79707904769759
2406,0.2563401531723621,7690.204595170862,78.38583238706809,15.0,0.0,40,0,39.79707904769759
2407,0.25331237890072567,7599.371367021769,77.28245514205035,15.0,0.0,41,0,39.79707904769759
2408,0.2503213315778184,7509.639947334551,76.19245640426124,15.0,0.0,42,0,39.79707904769759
2409,0.24736658074249693,7420.997422274908,75.11567936801461,15.0,0.0,43,0,39.79707904769759
2410,0.24444770097946167,7333.43102938385,74.0519690672989,15.0,0.0,44,0,39.79707904769759
2411,0.24156427185570087,7246.928155671026,73.0011723526062,15.0,0.0,45,0,39.79707904769759
2412,0.23871587785773424,7161.476335732027,71.96313786805231,15.0,0.0,46,0,39.79707904769759
2413,0.2359021083296468,7077.063249889405,70.93771602878431,15.0,0.0,47,0,39.79707904769759
2414,0.23312255741190424,6993.676722357127,69.92475899867286,15.0,0.0,48,0,39.79707904769759
2415,0.23037682398094145,6911.3047194282435,68.92412066828552,15.0,0.0,49,0,39.79707904769759
2416,0.22766451158951614,6829.935347685484,67.93565663313892,15.0,0.0,50,0,39.79707904769759
2417,0.22498522840781843,6749.556852234553,66.9592241722258,15.0,0.0,51,0,39.79707904769759
2418,0.22233858716532895,6670.157614959869,65.99468222681463,15.0,0.0,52,0,39.79707904769759
2419,0.2197242050934166,6591.726152802498,65.0418913795184,15.0,0.0,53,0,39.79707904769759
2420,0.21714170386866843,6514.251116060053,64.10071383362998,15.0,0.0,54,0,39.79707904769759
2421,0.21459070955694343,6437.721286708303,63.17101339272063,15.0,0.0,55,0,39.79707904769759
2422,0.21207085255814206,6362.125576744262,62.252655440499645,15.0,0.0,56,0,39.79707904769759
2423,0.20958176755168426,6287.453026550527,61.34550692093114,15.0,0.0,57,0,39.79707904769759
2424,0.20712309344268756,6213.692803280627,60.44943631860633,15.0,0.0,58,0,39.79707904769759
2425,0.20469447330883822,6140.834199265147,59.564313639367526,15.0,0.0,59,0,39.79707904769759
2426,0.2022955543479471,6068.866630438413,58.690010391181765,15.0,0.0,60,0,39.79707904769759
2427,0.19992598782618365,5997.779634785509,57.82639956526096,15.0,0.0,61,0,39.79707904769759
2428,0.1975854290269794,5927.562870809382,56.97335561742611,15.0,0.0,62,0,39.79707904769759
2429,0.1952735372005951,5858.206116017853,56.130754449712576,15.0,0.0,63,0,39.79707904769759
2430,0.1929899755143425,5789.699265430275,55.298473392214234,15.0,0.0,64,0,43.79707904769759
2431,0.1907344110034551,5722.032330103652,54.476391185163294,15.0,0.0,65,0,43.79707904769759
2432,0.18850651452259953,5655.195435677986,53.66438796124383,15.0,0.0,66,0,43.79707904769759
2433,0.18630596069802147,5589.178820940644,52.86234522813584,15.0,0.0,67,0,43.79707904769759
2434,0.18413242788031806,5523.972836409542,52.070145851287734,15.0,0.0,68,0,43.79707904769759
2435,0.1819855980978309,5459.5679429349275,51.287674036914495,15.0,0.0,69,0,43.79707904769759
2436,0.17986515701065212,5395.954710319564,50.514815315219124,15.0,0.0,70,0,43.79707904769759
2437,0.17777079386523667,5333.1238159571,49.75145652383476,15.0,0.0,71,0,43.79707904769759
2438,0.17570220144961468,5271.06604348844,48.99748579148521,15.0,0.0,72,0,43.79707904769759
2439,0.17365907604919636,5209.772281475891,48.25279252186129,15.0,0.0,73,0,43.79707904769759
2440,0.17164111740316382,5149.233522094914,47.517267377710695,15.0,0.0,74,0,43.79707904769759
2441,0.16964802866144227,5089.440859843268,46.79080226513897,15.0,0.0,75,0,43.79707904769759
2442,0.16767951634224482,5030.385490267345,46.07329031811922,15.0,0.0,76,0,43.79707904769759
2443,0.16573529029018413,4972.058708705524,45.364625883208134,15.0,0.0,77,0,43.79707904769759
2444,0.16381506363494455,4914.451909048336,44.66470450446628,15.0,0.0,78,0,43.79707904769759
2445,0.1619185527505088,4857.5565825152635,43.973422908580034,15.0,0.0,79,0,43.79707904769759
2446,0.16004547721493215,4801.3643164479645,43.29067899018316,15.0,0.0,80,0,43.79707904769759
2447,0.15819555977065894,4745.866793119768,42.61637179737558,15.0,0.0,81,0,43.79707904769759
2448,0.15636852628537432,4691.05578856123,41.950401517437214,15.0,0.0,82,0,43.79707904769759
2449,0.15456410571338589,4636.923171401577,41.29266946273476,15.0,0.0,83,0,43.79707904769759
2450,0.15278203005752874,4583.460901725863,40.64307805681892,15.0,0.0,84,0,43.79707904769759
2451,0.15102203433158817,4530.661029947645,40.00153082071035,15.0,0.0,85,0,43.79707904769759
2452,0.14928385652323395,4478.515695697019,39.36793235937175,15.0,0.0,86,0,43.79707904769759
2453,0.14756723755746065,4427.017126723819,38.74218834836422,15.0,0.0,87,0,43.79707904769759
2454,0.14587192126052767,4376.15763781583,38.124205520685834,15.0,0.0,88,0,43.79707904769759
2455,0.14419765432439377,4325.929629731813,37.513891653789955,15.0,0.0,89,0,43.79707904769759
2456,0.14254418627164003,4276.325588149201,36.91115555678176,15.0,0.0,90,0,43.79707904769759
2457,0.14091126942087565,4227.338082626269,36.31590705779042,15.0,0.0,91,0,43.79707904769759
2458,0.13929865885262097,4178.959765578629,35.72805699151523,15.0,0.0,92,0,43.79707904769759
2459,0.13770611237566255,4131.183371269876,35.14751718694355,15.0,0.0,93,0,43.79707904769759
2460,0.13613339049387388,4084.001714816216,34.57420045523851,15.0,0.0,94,0,43.79707904769759
2461,0.1345802563734973,4037.4076912049186,34.008020577794596,15.0,0.0,95,0,43.79707904769759
2462,0.13304647581088103,3991.3942743264306,33.44889229445902,15.0,0.0,96,0,43.79707904769759
2463,0.13153181720066617,3945.954516019985,32.89673129191717,15.0,0.0,97,0,43.79707904769759
2464,0.13003605150441835,3901.08154513255,32.35145419223982,15.0,0.0,98,0,43.79707904769759
2465,0.12855895221969865,3856.76856659096,31.812978541590603,15.0,0.0,99,0,43.79707904769759
2466,0.12710029534956876,3813.008860487063,31.281222799091516,15.0,0.0,100,0,43.79707904769759
2467,0.12565985937252488,3769.7957811757465,30.75610632584475,15.0,0.0,101,0,43.79707904769759
2468,0.12423742521285557,3727.122756385667,30.23754937410896,15.0,0.0,102,0,43.79707904769759
2469,0.12283277621141805,3684.9832863425418,29.725473076628006,15.0,0.0,103,0,43.79707904769759
2470,0.12144569809682844,3643.370942904853,29.2197994361105,15.0,0.0,104,0,43.79707904769759
2471,0.12007597895706014,3602.279368711804,28.720451314858238,15.0,0.0,105,0,43.79707904769759
2472,0.11872340921144624,3561.702276343387,28.22735242454165,15.0,0.0,106,0,43.79707904769759
2473,0.11738778158308026,3521.633447492408,27.74042731612065,15.0,0.0,107,0,43.79707904769759
2474,0.11606889107161097,3482.0667321483293,27.259601369908896,15.0,0.0,108,0,43.79707904769759
2475,0.11476653492642587,3442.996047792776,26.78480078577995,15.0,0.0,109,0,43.79707904769759
2476,0.11348051262021891,3404.415378606567,26.315952573513314,15.0,0.0,110,0,43.79707904769759
2477,0.11221062582293748,3366.3187746881244,25.852984543278808,15.0,0.0,111,0,43.79707904769759
2478,0.11095667837610407,3328.700351283122,25.39582529625749,15.0,0.0,112,0,43.79707904769759
2479,0.10971847626750775,3291.5542880252324,24.944404215397462,15.0,0.0,113,0,43.79707904769759
2480,0.10849582760626082,3254.8748281878247,24.498651456302785,15.0,0.0,114,0,43.79707904769759
2481,0.10728854259821628,3218.6562779464884,24.0584979382539,15.0,0.0,115,0,43.79707904769759
2482,0.10609643352174104,3182.8930056522313,23.62387533535786,15.0,0.0,116,0,43.79707904769759
2483,0.10491931470384082,3147.5794411152247,23.19471606782677,15.0,0.0,117,0,43.79707904769759
2484,0.10375700249663192,3112.7100748989574,22.7709532933827,15.0,0.0,118,0,43.79707904769759
2485,0.10260931525415541,3078.2794576246624,22.35252089878749,15.0,0.0,119,0,43.79707904769759
2486,0.10147607330952955,3044.2821992858867,21.93935349149595,15.0,0.0,120,0,43.79707904769759
2487,0.10035709895243564,3010.7129685730692,21.531386391430644,15.0,0.0,121,0,43.79707904769759
2488,0.09925221640693323,2977.566492207997,21.128555622876835,15.0,0.0,122,0,43.79707904769759
2489,0.09816125180960028,2944.8375542880085,20.730797906495965,15.0,0.0,123,0,43.79707904769759
2490,0.09708403318799394,2912.520995639818,20.3380506514561,15.0,0.0,124,0,43.79707904769759
2491,0.0960203904394276,2880.611713182828,19.95025194767782,15.0,0.0,125,0,43.79707904769759
2492,0.09497015531006034,2849.10465930181,19.56734055819394,15.0,0.0,126,0,43.79707904769759
2493,0.09393316137429389,2817.9948412288168,19.18925591162172,15.0,0.0,127,0,43.79707904769759
2494,0.09290924401447385,2787.2773204342157,18.815938094745803,15.0,0.0,128,0,43.79707904769759
2495,0.09189824040089017,2756.947212026705,18.447327845210587,15.0,0.0,129,0,43.79707904769759
2496,0.09089998947207333,2726.9996841621996,18.08336654432046,15.0,0.0,130,0,43.79707904769759
2497,0.089914331915382,2697.42995746146,17.7239962099464,15.0,0.0,131,0,43.79707904769759
2498,0.08894111014787819,2668.2333044363454,17.369159489537523,15.0,0.0,132,0,43.79707904769759
2499,0.08798016829748563,2639.4050489245687,17.018799653236144,15.0,0.0,133,0,43.79707904769759
2500,0.08703135218442792,2610.940565532838,16.672860587094824,15.0,0.0,134,0,43.79707904769759
2501,0.08609450930294203,2582.835279088261,16.331286786394056,15.0,0.0,135,0,43.79707904769759
2502,0.08516948880326342,2555.0846640979025,15.99402334905913,15.0,0.0,136,0,43.79707904769759
2503,0.08425614147387905,2527.6842442163716,15.66101596917483,15.0,0.0,137,0,43.79707904769759
2504,0.0833543197240442,2500.629591721326,15.332210930596462,15.0,0.0,138,0,43.79707904769759
2505,0.08246387756655943,2473.916326996783,15.007555100655914,15.0,0.0,139,0,43.79707904769759
2506,0.08158467060080384,2447.540118024115,14.6869959239614,15.0,0.0,140,0,43.79707904769759
2507,0.08071655599602096,2421.4966798806286,14.370481416289383,15.0,0.0,141,0,43.79707904769759
2508,0.0798593924748534,2395.781774245602,14.057960158567543,15.0,0.0,142,0,43.79707904769759
2509,0.07901304029712279,2370.391208913684,13.749381290947223,15.0,0.0,143,0,43.79707904769759
2510,0.07817736124385113,2345.320837315534,13.444694506964206,15.0,0.0,144,0,43.79707904769759
2511,0.07735221860151999,2320.5665580456,13.143850047786408,15.0,0.0,145,0,43.79707904769759
2512,0.07653747714656409,2296.1243143969227,12.846798696547195,15.0,0.0,146,0,43.79707904769759
2513,0.07573300313009548,2271.9900939028644,12.553491772763072,15.0,0.0,147,0,43.79707904769759
2514,0.07493866426285502,2248.1599278856506,12.263881126834372,15.0,0.0,148,0,43.79707904769759
2515,0.07415432970038736,2224.629891011621,11.977919134627808,15.0,0.0,149,0,43.79707904769759
2516,0.07337987002843621,2201.3961008530864,11.695558692139453,15.0,0.0,150,0,43.79707904769759
2517,0.07261515724855626,2178.454717456688,11.416753210237037,15.0,0.0,151,0,43.79707904769759
2518,0.07186006476393844,2155.801942918153,11.141456609480255,15.0,0.0,152,0,43.79707904769759
2519,0.07111446736544512,2133.4340209633538,10.869623315017837,15.0,0.0,153,0,43.79707904769759
2520,0.07037824121785174,2111.3472365355524,10.601208251560244,15.0,0.0,154,0,43.79707904769759
2521,0.06965126384629178,2089.5379153887534,10.336166838426628,15.0,0.0,155,0,43.79707904769759
2522,0.06893341412290153,2068.002423687046,10.074454984665042,15.0,0.0,156,0,43.79707904769759
2523,0.06822457225366148,2046.7371676098444,9.816029084244551,15.0,0.0,157,0,43.79707904769759
2524,0.06752461976543118,2025.7385929629356,9.560846011318134,15.0,0.0,158,0,43.79707904769759
2525,0.06683343949317418,2005.0031847952253,9.308863115555226,15.0,0.0,159,0,43.79707904769759
2526,0.06615091556736982,1984.5274670210945,9.060038217542703,15.0,0.0,160,0,43.79707904769759
2527,0.06547693340160905,1964.3080020482716,8.814329604253135,15.0,0.0,161,0,43.79707904769759
2528,0.06481137968037072,1944.3413904111217,8.57169602457926,15.0,0.0,162,0,43.79707904769759
2529,0.06415414234697542,1924.6242704092626,8.332096684933461,15.0,0.0,163,0,43.79707904769759
2530,0.06350511059171389,1905.1533177514168,8.095491244911152,15.0,0.0,164,0,43.79707904769759
2531,0.06286417484014677,1885.9252452044032,7.861839813017004,15.0,0.0,165,0,43.79707904769759
2532,0.062231226741572734,1866.936802247182,7.631102942452837,15.0,0.0,166,0,43.79707904769759
2533,0.061606159157662044,1848.1847747298614,7.403241626966185,15.0,0.0,167,0,43.79707904769759
2534,0.06098886615125257,1829.665984537577,7.178217296758337,15.0,0.0,168,0,43.79707904769759
2535,0.06037924297530516,1811.3772892591548,6.955991814450925,15.0,0.0,169,0,43.79707904769759
2536,0.05977718606201574,1793.3155818604723,6.736527471109859,15.0,0.0,170,0,43.79707904769759
2537,0.05918259301208102,1775.4777903624306,6.51978698232567,15.0,0.0,171,0,43.79707904769759
2538,0.058595362584115004,1757.8608775234502,6.305733484349169,15.0,0.0,172,0,43.79707904769759
2539,0.05801539468421362,1740.4618405264087,6.094330530281404,15.0,0.0,173,0,43.79707904769759
2540,0.0574425903556644,1723.277710669932,5.885542086316903,15.0,0.0,174,0,43.79707904769759
2541,0.05687685176879872,1706.3055530639615,5.679332528039186,15.0,0.0,175,0,43.79707904769759
2542,0.05631808221098362,1689.5424663295084,5.475666636767539,15.0,0.0,176,0,43.79707904769759
2543,0.05576618607675067,1672.98558230252,5.2745095959541,15.0,0.0,177,0,43.79707904769759
2544,0.05522106885805906,1656.6320657417718,5.07582698763024,15.0,0.0,178,0,43.79707904769759
2545,0.054682637134690334,1640.47911404071,4.879584788901263,15.0,0.0,179,0,43.79707904769759
2546,0.054150798564772055,1624.5239569431617,4.685749368488523,15.0,0.0,180,0,43.79707904769759
2547,0.053625461875427875,1608.7638562628363,4.49428748331794,15.0,0.0,181,0,43.79707904769759
2548,0.05310653685355138,1593.1961056065413,4.305166275154036,15.0,0.0,182,0,43.79707904769759
2549,0.052593934336701176,1577.8180301010352,4.118353267278497,15.0,0.0,183,0,43.79707904769759
2550,0.05208756620411468,1562.6269861234402,3.933816361212422,15.0,0.0,184,0,43.79707904769759
2551,0.05158734536783809,1547.6203610351429,3.751523833481283,15.0,0.0,185,0,43.79707904769759
2552,0.05109318576397021,1532.7955729191065,3.5714443324217164,15.0,0.0,186,0,43.79707904769759
2553,0.050605002344017394,1518.1500703205218,3.3935468750292763,15.0,0.0,187,0,43.79707904769759
2554,0.0501227110663575,1503.681331990725,3.2178008438462626,15.0,0.0,188,0,43.79707904769759
2555,0.049646228887810374,1489.3868666343112,3.044175983888703,15.0,0.0,189,0,43.79707904769759
