tick,basin_frac,basin_level_ml,dc_total_draw_ml,community_received_ml,farm_total_received_ml,community_complaints,active_cap,total_dc_capacity_ml
0,0.8018485556372211,24055.456669116633,1.6602358543766678,15.0,2.8773075784878275,0,0,9.422796878383739
1,0.8036970538005358,24110.911614016073,1.6608096437672988,15.0,2.8840139501976334,0,0,9.422796878383739
2,0.8055451089725953,24166.35326917786,1.6617111124180097,15.0,2.894550192162228,0,0,9.422796878383739
3,0.8073923357673192,24221.770073019576,1.6629399932041842,15.0,2.9089131822657226,0,0,9.422796878383739
4,0.8092383490440925,24277.150471322777,1.6644959219819235,15.0,2.9270986644441717,0,0,9.422796878383739
5,0.8110827640218922,24332.482920656767,1.6663784376959514,15.0,2.9491012499467324,0,0,9.422796878383739
6,0.8129251963933056,24387.75589179917,1.668586982516234,15.0,2.9749144189324657,0,0,9.422796878383739
7,0.8147652624384094,24442.95787315228,1.6711209020032762,15.0,3.004530522402307,0,0,9.422796878383739
8,0.8166025791384732,24498.077374154196,1.6739794453020478,15.0,3.0379407844656283,0,0,9.422796878383739
9,0.8184367642894576,24553.102928683726,1.6771617653644773,15.0,3.075135304940731,0,0,9.422796878383739
10,0.8202674366152682,24608.02309845805,1.680666919200449,15.0,3.116103062288473,0,0,9.422796878383739
11,0.822094215880737,24662.82647642211,1.6844938681572355,15.0,3.1608319168781938,0,0,9.422796878383739
12,0.8239167230042933,24717.5016901288,1.6886414782272672,15.0,3.2093086145849554,0,0,9.422796878383739
13,0.8257345801702946,24772.037405108837,1.6931085203841683,15.0,3.2615187907170107,0,0,9.422796878383739
14,0.8275474109409808,24826.422328229426,1.697893670946941,15.0,3.317446974272383,0,0,9.422796878383739
15,0.8293548403680219,24880.645211040657,1.702995511972201,15.0,3.377076592523259,0,0,9.422796878383739
16,0.831156495103622,24934.69485310866,1.7084125316743464,15.0,3.440389975926837,0,0,9.422796878383739
17,0.8329520035111511,24988.56010533453,1.7141431248735308,15.0,3.5073683633612003,0,0,9.422796878383739
18,0.8347409957752685,25042.229873258057,1.7201855934713117,15.0,3.5779919076846394,0,0,9.422796878383739
19,0.8365231040115083,25095.693120345248,1.726538146953838,15.0,3.652239681616791,0,0,9.422796878383739
20,0.8382979623752896,25148.938871258688,1.7331989029224122,15.0,3.73008968393984,0,0,9.422796878383739
21,0.840065207170326,25201.956215109778,1.7401658876512909,15.0,3.811518846017957,0,0,9.422796878383739
22,0.8418244769563953,25254.73430869186,1.747437036672538,15.0,3.8965030386330355,0,0,9.422796878383739
23,0.8435754126564429,25307.262379693286,1.755010195387776,15.0,3.9850170791346935,0,0,9.422796878383739
24,0.8453176576629835,25359.529729889506,1.7628831197066333,15.0,4.077034738902437,0,0,9.422796878383739
25,0.847050857943772,25411.52573831316,1.7710534767117243,15.0,4.17252875111778,0,0,9.422796878383739
26,0.8487746621467107,25463.239864401323,1.7795188453499364,15.0,4.271470818843968,0,0,9.422796878383739
27,0.8504887217039626,25514.661651118877,1.7882767171498455,15.0,4.3738316234109895,0,0,9.422796878383739
28,0.8521926909352393,25565.78072805718,1.7973244969650266,15.0,4.479580833103329,0,0,9.422796878383739
29,0.8538862271502342,25616.586814507027,1.8066595037430528,15.0,4.588687112147895,0,0,9.422796878383739
30,0.8555689907501682,25667.069722505046,1.816278971319951,15.0,4.7011181299995,0,0,9.422796878383739
31,0.8572406453284206,25717.219359852617,1.8261800492398717,15.0,4.816840570921099,0,0,9.422796878383739
32,0.8589008577702136,25767.02573310641,1.8363598035997448,15.0,4.935820143855946,0,0,9.422796878383739
33,0.8605492983513215,25816.478950539647,1.8468152179186574,15.0,5.058021592588798,0,0,9.422796878383739
34,0.862185640835775,25865.56922507325,1.8575431940316998,15.0,5.183408706193067,0,0,9.422796878383739
35,0.8638095625725315,25914.286877175946,1.8685405530080206,15.0,5.311944329760914,0,0,9.422796878383739
36,0.8654207445910845,25962.622337732537,1.8798040360928134,15.0,5.443590375413058,0,0,9.422796878383739
37,0.867018871695981,26010.56615087943,1.8913303056729538,15.0,5.578307833585013,0,0,9.422796878383739
38,0.8686036325602199,26058.108976806598,1.9031159462660083,15.0,5.716056784586485,0,0,9.422796878383739
39,0.8701747198175066,26105.2415945252,1.9151574655323138,15.0,5.8567964104304195,0,0,9.422796878383739
40,0.8717318301533309,26151.954904599927,1.9274512953098346,15.0,6.000485006928274,0,0,9.422796878383739
41,0.8732746643948461,26198.239931845383,1.9399937926714854,15.0,6.147079996047854,0,0,9.422796878383739
42,0.8748029275995204,26244.08782798561,1.9527812410046081,15.0,6.296537938530101,0,0,9.422796878383739
43,0.8763163291425345,26289.489874276038,1.9658098511122863,15.0,6.448814546761091,0,0,9.422796878383739
44,0.8778145828029007,26334.437484087022,1.9790757623361646,15.0,6.6038646978954105,0,0,9.422796878383739
45,0.8792974068482752,26378.922205448256,1.992575043700445,15.0,6.761642447227015,0,0,9.422796878383739
46,0.8807645241184424,26422.935723553273,2.006303695076722,15.0,6.922101041803665,0,0,9.422796878383739
47,0.8822156621074434,26466.4698632233,2.020257648369303,15.0,7.085192934280798,0,0,9.422796878383739
48,0.8836505530443248,26509.516591329746,2.034432768720677,15.0,7.250869797010867,0,0,9.422796878383739
49,0.8850689339724856,26552.06801917457,2.0488248557367603,15.0,7.419082536363842,0,0,9.422796878383739
50,0.8864705468275967,26594.116404827902,2.0634296447315625,15.0,7.589781307274727,0,0,9.422796878383739
51,0.8878551385140708,26635.654155422126,2.0782428079909074,15.0,7.762915528013718,0,0,9.422796878383739
52,0.8892224609800603,26676.67382940181,2.093259956054828,15.0,7.938433895174672,0,0,9.422796878383739
53,0.8905722712909604,26717.16813872881,2.1084766390182548,15.0,8.116284398877394,0,0,9.422796878383739
54,0.8919043317013955,26757.129951041865,2.1238883478496238,15.0,8.296414338179321,0,0,9.422796878383739
55,0.893218409725669,26796.55229177007,2.1394905157269966,15.0,8.478770336691904,0,0,9.422796878383739
56,0.8945142782066532,26835.428346199595,2.1552785193913078,15.0,8.663298358397224,0,0,9.422796878383739
57,0.8957917153831009,26873.751461493026,2.171247680516339,15.0,8.849943723660008,0,0,9.422796878383739
58,0.8970505049553584,26911.515148660754,2.1873932670950067,15.0,9.038651125430391,0,0,9.422796878383739
59,0.8982904361494598,26948.713084483796,2.2037104948415567,15.0,9.229364645632593,0,0,9.422796878383739
60,0.8995113037795833,26985.3391133875,2.2201945286092535,15.0,9.42202777173464,0,0,9.422796878383739
61,0.9007129083088526,27021.38724926558,2.2368404838231366,15.0,9.616583413494254,0,0,9.422796878383739
62,0.9018950559084641,27056.851677253922,2.2536434279274276,15.0,9.812973919875933,0,0,9.422796878383739
63,0.9030575585151219,27091.72675545366,2.270598381847151,15.0,10.011141096134178,0,0,9.422796878383739
64,0.9042002338867661,27126.007016602984,2.2877003214635425,15.0,10.211026221057868,0,0,9.422796878383739
65,0.9053229056565741,27159.687169697223,2.304944179102803,15.0,10.412570064370614,0,0,9.422796878383739
66,0.9064254033852222,27192.762101556666,2.3223248450377625,15.0,10.615712904281967,0,0,9.422796878383739
67,0.9075075626113905,27225.226878341717,2.339837169001998,15.0,10.820394545184282,0,0,9.422796878383739
68,0.9085692249004966,27257.0767470149,2.3574759617159717,15.0,11.026554335489969,0,0,9.422796878383739
69,0.9096102378916429,27288.307136749285,2.3752359964247263,15.0,11.234131185603863,0,0,9.422796878383739
70,0.9106304553427638,27318.913660282913,2.3931120104466856,15.0,11.443063586025406,0,0,9.422796878383739
71,0.9116297371739617,27348.89211521885,2.4110987067330982,15.0,11.65328962557522,0,0,9.422796878383739
72,0.9126079495090146,27378.238485270438,2.4291907554376695,15.0,11.864747009740734,0,0,9.422796878383739
73,0.9135649647150473,27406.94894145142,2.44738279549591,15.0,12.077373079135402,0,0,9.422796878383739
74,0.9145006614403512,27435.01984321054,2.4656694362137346,15.0,12.29110482806601,0,0,9.422796878383739
75,0.9154149246503437,27462.44773951031,2.4840452588648403,15.0,12.505878923202642,0,0,9.422796878383739
76,0.916307645661655,27489.22936984965,2.5025048182963925,15.0,12.721631722345709,0,0,9.422796878383739
77,0.9171787221743342,27515.361665230026,2.5210426445425425,15.0,12.938299293284492,0,0,9.422796878383739
78,0.9180280583021622,27540.841749064864,2.5396532444452937,15.0,13.155817432741658,0,0,9.422796878383739
79,0.9188555646010649,27565.666938031947,2.5583311032822453,15.0,13.374121685398059,0,0,9.422796878383739
80,0.9196611580956183,27589.83474286855,2.5770706864007233,15.0,13.593147362992235,0,0,9.422796878383739
81,0.9204447623036347,27613.34286910904,2.595866440857816,15.0,13.812829563488961,0,0,9.422796878383739
82,0.9212063072588268,27636.189217764804,2.6147127970658324,15.0,14.033103190311095,0,0,9.422796878383739
83,0.9219457295315399,27658.371885946195,2.63360417044269,15.0,14.25390297162912,0,0,9.422796878383739
84,0.9226629722475475,27679.889167426423,2.652534963066748,15.0,14.475163479702578,0,0,9.422796878383739
85,0.9233579851049046,27700.739553147137,2.6714995653355924,15.0,14.696819150267736,0,0,9.422796878383739
86,0.9240307243888528,27720.921731665585,2.690492357628281,15.0,14.918804301965682,0,0,9.422796878383739
87,0.9246811529847746,27740.434589543238,2.7095077119705597,15.0,15.141053155805139,0,0,9.422796878383739
88,0.9253092403891905,27759.277211675715,2.7285399937025514,15.0,15.363499854654187,0,0,9.422796878383739
89,0.9259149627187986,27777.448881563956,2.7475835631484293,15.0,15.586078482755173,0,0,9.422796878383739
90,0.926498302717551,27794.949081526527,2.766632777287572,15.0,15.808723085256936,0,0,9.422796878383739
91,0.9270592497617673,27811.77749285302,2.785681991426715,15.0,16.031367687758706,0,0,9.422796878383739
92,0.9275977998632835,27827.933995898504,2.8047255608725927,15.0,16.253946315859686,0,0,9.422796878383739
93,0.9281139556706324,27843.418670118972,2.8237578426045844,15.0,16.476393014708734,0,0,9.422796878383739
94,0.92860772646826,27858.2317940478,2.8427731969468626,15.0,16.698641868548194,0,0,9.422796878383739
95,0.9290791281737732,27872.3738452132,2.8617659892395513,15.0,16.92062702024614,0,0,9.422796878383739
96,0.9295281833332244,27885.845499996733,2.880730591508396,15.0,17.1422826908113,0,0,9.422796878383739
97,0.9299549211144293,27898.64763343288,2.899661384132454,15.0,17.363543198884756,0,0,9.422796878383739
98,0.9303593772983246,27910.78131894974,2.9185527575093118,15.0,17.58434298020278,0,0,9.422796878383739
99,0.9307415942683652,27922.247828050957,2.937399113717328,15.0,17.80461660702492,0,0,9.422796878383739
100,0.9311016209979648,27933.048629938945,2.956194868174421,15.0,18.02429880752164,0,0,9.422796878383739
101,0.9314395130359847,27943.18539107954,2.974934451292899,15.0,18.24332448511582,0,0,9.422796878383739
102,0.9317553324902725,27952.659974708175,2.9936123101298504,15.0,18.461628737772216,0,0,9.422796878383739
103,0.9320491480092591,27961.474440277772,3.012222910032602,15.0,18.679146877229382,0,0,9.422796878383739
104,0.9323210347616162,27969.631042848487,3.0307607362787516,15.0,18.895814448168167,0,0,9.422796878383739
105,0.9325710744139825,27977.132232419473,3.049220295710304,15.0,19.111567247311232,0,0,9.422796878383739
106,0.9327993551067634,27983.9806532029,3.0675961183614096,15.0,19.32634134244787,0,0,9.422796878383739
107,0.9330059714280139,27990.179142840418,3.085882759079234,15.0,19.540073091378474,0,0,9.422796878383739
108,0.9331910243854102,27995.730731562307,3.104074799137475,15.0,19.75269916077314,0,0,9.422796878383739
109,0.9333546213763182,28000.638641289544,3.122166847842046,15.0,19.96415654493866,0,0,9.422796878383739
110,0.9334968761559697,28004.90628467909,3.1401535441284585,15.0,20.17438258448847,0,0,9.422796878383739
111,0.9336179088037545,28008.537264112634,3.158029558150418,15.0,20.38331498491001,0,0,9.422796878383739
112,0.9337178456876379,28011.53537062914,3.1757895928591724,15.0,20.59089183502391,0,0,9.422796878383739
113,0.9337968194267156,28013.904582801468,3.1934283855731462,15.0,20.797051625329594,0,0,9.422796878383739
114,0.9338549688519151,28015.649065557453,3.2109407095373816,15.0,21.00173326623191,0,0,9.422796878383739
115,0.9338924389648579,28016.773168945736,3.228321375472341,15.0,21.204876106143264,0,0,9.422796878383739
116,0.9339093808948918,28017.281426846755,3.2455652331116016,15.0,21.40641994945601,0,0,9.422796878383739
117,0.9339059518543087,28017.17855562926,3.262667172727993,15.0,21.606305074379698,0,0,9.422796878383739
118,0.9338823150917579,28016.469452752735,3.2796221266477166,15.0,21.804472250637943,0,0,9.422796878383739
119,0.9338386398438734,28015.159195316202,3.2964250707520075,15.0,22.000862757019625,0,0,9.422796878383739
120,0.9337751012851249,28013.253038553747,3.3130710259658906,15.0,22.195418398779236,0,0,9.422796878383739
121,0.9336918804759096,28010.756414277286,3.329555059733587,15.0,22.388081524881283,0,0,9.422796878383739
122,0.9335891643089,28007.674929267003,3.345872287480138,15.0,22.578795045083485,0,0,9.422796878383739
123,0.9334671454536648,28004.014363609946,3.3620178740588047,15.0,22.767502446853868,0,0,9.422796878383739
124,0.933326022299575,27999.78066898725,3.3779870351838364,15.0,22.954147812116652,0,0,9.422796878383739
125,0.9331659988970177,27994.97996691053,3.3937750388481476,15.0,23.13867583382197,0,0,9.422796878383739
126,0.9329872848969318,27989.618546907954,3.4093772067255204,15.0,23.321031832334555,0,0,9.422796878383739
127,0.9327900954886835,27983.702864660507,3.42478891555689,15.0,23.501161771636482,0,0,9.422796878383739
128,0.9325746513363014,27977.239540089042,3.440005598520316,15.0,23.679012275339204,0,0,9.422796878383739
129,0.9323411785130882,27970.235355392644,3.4550227465842367,15.0,23.85453064250016,0,0,9.422796878383739
130,0.9320899084346314,27962.69725303894,3.4698359098435816,15.0,24.02766486323915,0,0,9.422796878383739
131,0.9318210777902289,27954.632333706868,3.484440698838384,15.0,24.198363634150034,0,0,9.422796878383739
132,0.9315349284727539,27946.047854182616,3.498832785854467,15.0,24.36657637350301,0,0,9.422796878383739
133,0.9312317075069754,27936.95122520926,3.513007906205841,15.0,24.53225323623308,0,0,9.422796878383739
134,0.9309116669763609,27927.350009290825,3.5269618594984222,15.0,24.695345128710212,0,0,9.422796878383739
135,0.9305750639483775,27917.251918451326,3.5406905108746995,15.0,24.85580372328686,0,0,9.422796878383739
136,0.9302221603983182,27906.664811949544,3.5541897922389794,15.0,25.013581472618466,0,0,9.422796878383739
137,0.9298532231316717,27895.596693950152,3.567455703462858,15.0,25.16863162375278,0,0,9.422796878383739
138,0.9294685237050639,27884.05571115192,3.580484313570536,15.0,25.320908231983775,0,0,9.422796878383739
139,0.9290683383457883,27872.05015037365,3.5932717619036585,15.0,25.470366174466022,0,0,9.422796878383739
140,0.9286529478699544,27859.588436098635,3.6058142592653093,15.0,25.616961163585604,0,0,9.422796878383739
141,0.9282226375992765,27846.679127978296,3.6181080890428303,15.0,25.760649760083453,0,0,9.422796878383739
142,0.9277776972765254,27833.33091829576,3.6301496083091362,15.0,25.901389385927395,0,0,9.422796878383739
143,0.9273184209796721,27819.552629390164,3.6419352489021906,15.0,26.03913833692886,0,0,9.422796878383739
144,0.9268451070347469,27805.353211042406,3.653461518482331,15.0,26.173855795100817,0,0,9.422796878383739
145,0.9263580579274373,27790.74173782312,3.6647250015671236,15.0,26.30550184075296,0,0,9.422796878383739
146,0.9258575802134563,27775.72740640369,3.6757223605434444,15.0,26.43403746432081,0,0,9.422796878383739
147,0.9253439844277029,27760.319532831087,3.6864503366564865,15.0,26.55942457792508,0,0,9.422796878383739
148,0.9248175849922434,27744.527549767303,3.6969057509753993,15.0,26.68162602665793,0,0,9.422796878383739
149,0.9242787001231426,27728.361003694277,3.7070855053352725,15.0,26.800605599592778,0,0,9.422796878383739
150,0.923727651736168,27711.82955208504,3.7169865832551934,15.0,26.916328040514376,0,0,9.422796878383739
151,0.9231647653514005,27694.942960542015,3.726606050832091,15.0,27.028759058365985,0,0,9.422796878383739
152,0.9225903699967749,27677.71109990325,3.7359410576101175,15.0,27.137865337410545,0,0,9.422796878383739
153,0.9220047981105823,27660.14394331747,3.7449888374252986,15.0,27.243614547102887,0,0,9.422796878383739
154,0.9214083854429614,27642.251563288843,3.7537467092252075,15.0,27.345975351669907,0,0,9.422796878383739
155,0.9208014709564081,27624.044128692243,3.7622120778634196,15.0,27.4449174193961,0,0,9.422796878383739
156,0.9201843967253343,27605.531901760027,3.770382434868511,15.0,27.54041143161144,0,0,9.422796878383739
157,0.9195575078347029,27586.72523504109,3.7782553591873684,15.0,27.632429091379183,0,0,9.422796878383739
158,0.9189211522777729,27567.63456833319,3.785828517902606,15.0,27.72094313188084,0,0,9.422796878383739
159,0.9182756808529806,27548.270425589417,3.7930996669238533,15.0,27.80592732449592,0,0,9.422796878383739
160,0.9176214470599902,27528.643411799705,3.800066651652732,15.0,27.887356486574035,0,0,9.422796878383739
161,0.9169588069949454,27508.76420984836,3.8067274076213065,15.0,27.965206488897085,0,0,9.422796878383739
162,0.9162881192449492,27488.643577348477,3.8130799611038326,15.0,28.03945426282924,0,0,9.422796878383739
163,0.915609744781808,27468.29234345424,3.8191224297016135,15.0,28.110077807152674,0,0,9.422796878383739
164,0.9149240468550663,27447.72140565199,3.8248530229007978,15.0,28.17705619458704,0,0,9.422796878383739
165,0.9142313908843698,27426.941726531095,3.830270042602943,15.0,28.240369577990617,0,0,9.422796878383739
166,0.9135321443511822,27405.964330535466,3.835371883628203,15.0,28.299999196241494,0,0,9.422796878383739
167,0.9128266766898931,27384.800300696796,3.840157034190976,15.0,28.355927379796867,0,0,9.422796878383739
168,0.9121153591783471,27363.460775350413,3.844624076347877,15.0,28.40813755592892,0,0,9.422796878383739
169,0.9113985648278252,27341.956944834757,3.848771686417909,15.0,28.456614253635685,0,0,9.422796878383739
170,0.9106766682725144,27320.30004817543,3.852598635374695,15.0,28.501343108225406,0,0,9.422796878383739
171,0.9099500456584946,27298.50136975484,3.856103789210667,15.0,28.542310865573143,0,0,9.422796878383739
172,0.9092190745322792,27276.57223596838,3.8592861092730963,15.0,28.579505386048247,0,0,9.422796878383739
173,0.9084841337289398,27254.524011868194,3.8621446525718683,15.0,28.612915648111567,0,0,9.422796878383739
174,0.9077456032598485,27232.368097795457,3.86467857205891,15.0,28.64253175158141,0,0,9.422796878383739
175,0.9070038642000733,27210.1159260022,3.8668871168791927,15.0,28.668344920567147,0,0,9.422796878383739
176,0.9062592985754567,27187.7789572637,3.868769632593221,15.0,28.690347506069706,0,0,9.422796878383739
177,0.9055122892494133,27165.3686774824,3.87032556137096,15.0,28.70853298824815,0,0,9.422796878383739
178,0.9047632198094792,27142.896594284375,3.8715544421571346,15.0,28.722895978351648,0,0,9.422796878383739
179,0.9040124744536465,27120.374233609396,3.872455910807845,15.0,28.733432220316242,0,0,9.422796878383739
180,0.903260437876518,27097.81313629554,3.8730297001984764,15.0,28.74013859202605,0,0,9.422796878383739
181,0.9025074951553125,27075.224854659373,3.8732756403028477,15.0,28.7430131062384,0,0,9.422796878383739
182,0.9017540316357592,27052.620949072774,3.873193658243599,15.0,28.742054911172687,0,0,9.422796878383739
183,0.901000432817911,27030.01298453733,3.8727837783137824,15.0,28.737264290762795,0,0,9.422796878383739
184,0.9002470842419127,27007.41252725738,3.8720461219696687,15.0,28.728642664572945,0,0,9.422796878383739
185,0.8994943713737571,26984.83114121271,3.870980907794752,15.0,28.716192587377037,0,0,9.422796878383739
186,0.8987426794910628,26962.280384731883,3.8695884514349808,15.0,28.699917748401642,0,0,9.422796878383739
187,0.8979923935689086,26939.771807067256,3.8678691655052266,15.0,28.6798229702328,0,0,9.422796878383739
188,0.8972438981657567,26917.3169449727,3.865823559467016,15.0,28.65591420738695,0,0,9.422796878383739
189,0.8964975773094999,26894.927319284994,3.8634522394775654,15.0,28.628198544546514,0,0,9.422796878383739
190,0.8957538143836659,26872.614431509977,3.8607559082101663,15.0,28.596684194460554,0,0,9.422796878383739
191,0.8950129920138123,26850.38976041437,3.8577353646459627,15.0,28.561380495511138,0,0,9.422796878383739
192,0.8942754919541467,26828.264758624402,3.8543915038372023,15.0,28.522297908946165,0,0,9.422796878383739
193,0.8935416949744043,26806.25084923213,3.8507253166420092,15.0,28.479448015779525,0,0,9.422796878383739
194,0.8928119807470178,26784.359422410536,3.846737889430773,15.0,28.43284351335933,0,0,9.422796878383739
195,0.8920867277346125,26762.601832038374,3.8424304037642307,15.0,28.382498211605455,0,0,9.422796878383739
196,0.8913663130778592,26740.989392335774,3.837804136043349,15.0,28.328427028917346,0,0,9.422796878383739
197,0.8906511124837193,26719.53337451158,3.8328604571310967,15.0,28.270645987753394,0,0,9.422796878383739
198,0.8899415001141153,26698.24500342346,3.827600831946229,15.0,28.20917220988311,0,0,9.422796878383739
199,0.8892378484750583,26677.135454251747,3.8220268190292,15.0,28.14402391131359,0,0,9.422796878383739
200,0.8885405283062656,26656.215849187967,3.8161400700803334,15.0,28.07522039689171,0,0,9.422796878383739
201,0.8878499084713039,26635.497254139114,3.809942329470391,15.0,28.002782054583697,0,0,9.422796878383739
202,0.887166355848286,26614.99067544858,3.803435433723672,15.0,27.926730349433726,0,0,9.422796878383739
203,0.8864902352211573,26594.70705663472,3.796621310973817,15.0,27.847087817203366,0,0,9.422796878383739
204,0.8858219091716029,26574.657275148085,3.7895019803924574,15.0,27.763878057693745,0,0,9.422796878383739
205,0.8851617379716056,26554.852139148166,3.782079551590893,15.0,27.67712572775241,0,0,9.422796878383739
206,0.8845100794766908,26535.302384300725,3.7743562239949653,15.0,27.586856533966994,0,0,9.422796878383739
207,0.8838672890198856,26516.018670596568,3.766334286193326,15.0,27.49309722504779,0,0,9.422796878383739
208,0.8832337193064258,26497.011579192775,3.758016115259272,15.0,27.39587558390152,0,0,9.422796878383739
209,0.8826097203092421,26478.291609277265,3.749404176046372,15.0,27.29522041939867,0,0,9.422796878383739
210,0.8819956391652555,26459.869174957665,3.740501020458076,15.0,27.191161557836796,0,0,9.422796878383739
211,0.8813918200725128,26441.754602175384,3.731309286691531,15.0,27.083729834102357,0,0,9.422796878383739
212,0.8807986041881936,26423.958125645808,3.7218316984558246,15.0,26.972957082533654,0,0,9.422796878383739
213,0.8802163295275183,26406.489885825547,3.7120710641648955,15.0,26.85887612748766,0,0,9.422796878383739
214,0.8796453308635862,26389.359925907585,3.7020302761053356,15.0,26.741520773613424,0,0,9.422796878383739
215,0.8790859396281759,26372.578188845277,3.691712309579344,15.0,26.62092579583502,0,0,9.422796878383739
216,0.8785384838135339,26356.15451440602,3.681120222023083,15.0,26.49712692904703,0,0,9.422796878383739
217,0.8780032878751843,26340.09863625553,3.6702571521006915,15.0,26.370160857525477,0,0,9.422796878383739
218,0.8774806726357851,26324.420179073553,3.659126318774231,15.0,26.240065204057508,0,0,9.422796878383739
219,0.8769709551900616,26309.12865570185,3.6477310203498403,15.0,26.106878518792936,0,0,9.422796878383739
220,0.8764744488108448,26294.233464325345,3.636074633500373,15.0,25.97064026782101,0,0,9.422796878383739
221,0.8759914628562412,26279.743885687236,3.624160612264818,15.0,25.83139082147575,0,0,9.422796878383739
222,0.8755223026779639,26265.669080338917,3.6119924870247924,15.0,25.68917144237337,0,0,9.422796878383739
223,0.87506726953085,26252.0180859255,3.599573863458415,15.0,25.544024273185236,0,0,9.422796878383739
224,0.8746266604835928,26238.799814507784,3.5869084214718643,15.0,25.395992324150107,0,0,9.422796878383739
225,0.8742007683307127,26226.02304992138,3.573999914108943,15.0,25.245119460329285,0,0,9.422796878383739
226,0.8737898815057973,26213.69644517392,3.560852166438972,15.0,25.09145038860841,0,0,9.422796878383739
227,0.8733942839960316,26201.828519880946,3.5474690744233373,15.0,24.93503064444989,0,0,9.422796878383739
228,0.8730142552580462,26190.427657741388,3.533854603761034,15.0,24.775906578399734,0,0,9.422796878383739
229,0.8726500701351092,26179.502104053277,3.520012788713543,15.0,24.614125342352885,0,0,9.422796878383739
230,0.8723019987756832,26169.059963270494,3.5059477309093943,15.0,24.449734875581118,0,0,9.422796878383739
231,0.8719703065533749,26159.109196601246,3.491663598128764,15.0,24.282783890527572,0,0,9.422796878383739
232,0.8716552539882995,26149.657619648984,3.477164623068472,15.0,24.11332185837221,0,0,9.422796878383739
233,0.8713570966698823,26140.712900096467,3.462455102087742,15.0,23.941398994372456,0,0,9.422796878383739
234,0.8710760851811223,26132.28255543367,3.447539393935098,15.0,23.767066242983304,0,0,9.422796878383739
235,0.87081246502434,26124.373950730198,3.4324219184567726,15.0,23.590375262761413,0,0,9.422796878383739
236,0.8705664765484277,26116.99429645283,3.4171071552870127,15.0,23.411378411057512,0,0,9.422796878383739
237,0.870338354877631,26110.15064632893,3.4015996425206643,15.0,23.23012872850184,0,0,9.422796878383739
238,0.8701283298418752,26103.849895256255,3.3859039753684406,15.0,23.046679923287023,0,0,9.422796878383739
239,0.869936625908662,26098.09877725986,3.3700248047952583,15.0,22.8610863552532,0,0,9.422796878383739
240,0.8697634621165553,26092.90386349666,3.353966836142059,15.0,22.673403019780007,0,0,9.422796878383739
241,0.8696090520102749,26088.271560308247,3.3377348277315138,15.0,22.48368553149029,0,0,9.422796878383739
242,0.8694736035774188,26084.208107322564,3.3213335894580305,15.0,22.291990107770268,0,0,9.422796878383739
243,0.8693573191868317,26080.71957560495,3.3047679813624766,15.0,22.098373552111102,0,0,9.422796878383739
244,0.8692603955286393,26077.81186585918,3.288042912192047,15.0,21.902893237276842,0,0,9.422796878383739
245,0.8691830235559644,26075.490706678935,3.2711633379456924,15.0,21.705607088303577,0,0,9.422796878383739
246,0.8691253884283434,26073.761652850302,3.254134260405554,15.0,21.506573565335025,0,0,9.422796878383739
247,0.8690876694568593,26072.63008370578,3.236960725654824,15.0,21.305851646299544,0,0,9.422796878383739
248,0.8690700400510085,26072.101201530255,3.219647822582484,15.0,21.10350080943367,0,0,9.422796878383739
249,0.8690726676673153,26072.18003001946,3.202200681375358,15.0,20.89958101565746,0,0,9.422796878383739
250,0.8690957137597115,26072.871412791344,3.1846244719979255,15.0,20.694152690806764,0,0,9.422796878383739
251,0.8691393337316936,26074.180011950808,3.1669244026603502,15.0,20.487276707727737,0,0,9.422796878383739
252,0.8692036768902734,26076.110306708204,3.1491057182751767,15.0,20.279014368238915,0,0,9.422796878383739
253,0.8692888864017356,26078.666592052068,3.1311736989031465,15.0,20.06942738496616,0,0,9.422796878383739
254,0.8693950992492138,26081.852977476414,3.1131336581886044,15.0,19.85857786305587,0,0,9.422796878383739
255,0.8695224461921002,26085.673385763006,3.0949909417849493,15.0,19.6465282817719,0,0,9.422796878383739
256,0.8696710517272981,26090.131551818944,3.076750925770603,15.0,19.43334147598156,0,0,9.422796878383739
257,0.8698410340523315,26095.231021569944,3.0584190150559647,15.0,19.21908061753639,0,0,9.422796878383739
258,0.8700325050303198,26100.975150909595,3.0400006417818135,15.0,19.003809196552872,0,0,9.422796878383739
259,0.8702455701568312,26107.367104704936,3.02150126370965,15.0,18.787591002598962,0,0,9.422796878383739
260,0.8704803285286211,26114.409855858634,3.0029263626044473,15.0,18.57049010579191,0,0,9.422796878383739
261,0.8707368728142688,26122.106184428063,2.9842814426102824,15.0,18.352570837812863,0,0,9.422796878383739
262,0.8710152892267166,26130.458676801496,2.965572028619339,15.0,18.133897772843998,0,0,9.422796878383739
263,0.8713156574977237,26139.46972493171,2.9468036646347655,15.0,17.914535708433824,0,0,9.422796878383739
264,0.8716380508542402,26149.141525627205,2.9279819121278647,15.0,17.694549646296245,0,0,9.422796878383739
265,0.8719825359967075,26159.476079901226,2.9091123483901113,15.0,17.474004773049156,0,0,9.422796878383739
266,0.8723491730792946,26170.47519237884,2.890200564880479,15.0,17.252966440898255,0,0,9.422796878383739
267,0.8727380156920723,26182.14047076217,2.871252165568571,15.0,17.031500148271743,0,0,9.422796878383739
268,0.8731491108451334,26194.473325354,2.8522727652740447,15.0,16.809671520411776,0,0,9.422796878383739
269,0.8735824989546628,26207.474968639883,2.8332679880028167,15.0,16.58754628992824,0,0,9.422796878383739
270,0.8740382138309616,26221.146414928848,2.814243465280547,15.0,16.365190277320778,0,0,10.422796878383739
271,0.8744826050892247,26234.47815267674,3.805532210574756,15.0,16.14266937147476,0,0,10.422796878383739
272,0.8749496003650031,26248.488010950095,3.779600535925551,15.0,15.920049510136987,0,0,10.422796878383739
273,0.8754392136326835,26263.176408980504,3.7536650186495946,15.0,15.6973966603769,0,0,10.422796878383739
274,0.8759514521644522,26278.543564933567,3.7277333440003892,15.0,15.474776799039123,0,0,10.422796878383739
275,0.8764863165281427,26294.58949584428,3.701813196092785,15.0,15.252255893193102,0,0,10.422796878383739
276,0.8770438005870654,26311.314017611963,3.675912255626011,15.0,15.029899880585639,0,0,10.422796878383739
277,0.8776238915018273,26328.71674505482,3.650038197607713,15.0,14.807774650102097,0,0,10.422796878383739
278,0.878226569734136,26346.79709202408,3.624198689079693,15.0,14.585946022242132,0,0,10.422796878383739
279,0.8788518090525892,26365.554271577676,3.5984013868459876,15.0,14.364479729615628,0,0,10.422796878383739
280,0.8794995765404481,26384.987296213443,3.572653935204001,15.0,14.143441397464727,0,0,10.422796878383739
281,0.8801698326053911,26405.09497816173,3.5469639636793304,15.0,13.92289652421764,0,0,10.422796878383739
282,0.8808625309912457,26425.87592973737,3.521339084764973,15.0,13.702910462080059,0,0,10.422796878383739
283,0.8815776187916955,26447.328563750863,3.4957868916655808,15.0,13.483548397669882,0,0,10.422796878383739
284,0.8823150364659574,26469.45109397872,3.4703149560474316,15.0,13.264875332701019,0,0,10.422796878383739
285,0.8830747178564249,26492.241535692745,3.4449308257947786,15.0,13.046956064721968,0,0,10.422796878383739
286,0.8838565902082712,26515.69770624814,3.41964202277325,15.0,12.829855167914918,0,0,10.422796878383739
287,0.8846605741910096,26539.81722573029,3.394456040600957,15.0,12.613636973961011,0,0,10.422796878383739
288,0.8854865839219996,26564.59751765999,3.3693803424279762,15.0,12.39836555297748,0,0,10.422796878383739
289,0.886334526991896,26590.03580975688,3.344422358724854,15.0,12.184104694532312,0,0,10.422796878383739
290,0.887204304492032,26616.129134760962,3.319589485080799,15.0,11.97091788874199,0,0,10.422796878383739
291,0.8880958110437281,26642.874331311843,3.2948890800122097,15.0,11.758868307458007,0,0,10.422796878383739
292,0.8890089348295176,26670.268044885528,3.2703284627821856,15.0,11.548018785547718,0,0,10.422796878383739
293,0.889943557626281,26698.30672878843,3.245914911231674,15.0,11.338431802274961,0,0,10.422796878383739
294,0.8908995548402776,26726.98664520833,3.221655659622887,15.0,11.13016946278614,0,0,10.422796878383739
295,0.891876795544066,26756.303866321978,3.197557896495633,15.0,10.923293479707116,0,0,10.422796878383739
296,0.8928751425152999,26786.254275458996,3.1736287625372,15.0,10.717865154856419,0,0,10.422796878383739
297,0.8938944522773905,26816.833568321716,3.149875348466412,15.0,10.513945361080214,0,0,10.422796878383739
298,0.8949345751420219,26848.037254260656,3.1263046929324987,15.0,10.311594524214339,0,0,10.422796878383739
299,0.8959953552535066,26879.860657605197,3.102923780429392,15.0,10.110872605178852,0,0,10.422796878383739
300,0.897076630634969,26912.29891904907,3.079739539226068,15.0,9.9118390822103,0,0,10.422796878383739
301,0.8981782332363427,26945.34699709028,3.0567588393135514,15.0,9.714552933237034,0,0,10.422796878383739
302,0.8992999889841673,26978.99966952502,3.0339884903691914,15.0,9.51907261840277,0,0,10.422796878383739
303,0.9004417178331702,27013.251534995106,3.011435239738804,15.0,9.325456062743616,0,0,10.422796878383739
304,0.901603233819618,27048.09701458854,2.9891057704372894,15.0,9.133760639023592,0,0,10.422796878383739
305,0.9027843451164211,27083.530353492635,2.9670066991683126,15.0,8.944043150733872,0,0,10.422796878383739
306,0.9039848540899771,27119.545622699312,2.9451445743636264,15.0,8.756359815260682,0,0,10.422796878383739
307,0.9052045573587328,27156.136720761984,2.923525874242634,15.0,8.570766247226857,0,0,10.422796878383739
308,0.9064432458534512,27193.297375603535,2.90215700489275,15.0,8.387317442012039,0,0,10.422796878383739
309,0.9077007048791633,27231.0211463749,2.8810442983711417,15.0,8.206067759456356,0,0,10.422796878383739
310,0.9089767141787867,27269.3014253636,2.8601940108284025,15.0,8.027070907752462,0,0,10.422796878383739
311,0.910271047998392,27308.131439951758,2.8396123206547155,15.0,7.85037992753057,0,0,10.422796878383739
312,0.9115834751540995,27347.504254622985,2.819305326649068,15.0,7.676047176141422,0,0,10.422796878383739
313,0.9129137591005837,27387.41277301751,2.7992790462120465,15.0,7.504124312141666,0,0,10.422796878383739
314,0.9142616580011661,27427.849740034984,2.779539413562746,15.0,7.334662279986309,0,0,10.422796878383739
315,0.9156269247994775,27468.807743984325,2.7600922779803367,15.0,7.1677112949327615,0,0,10.422796878383739
316,0.9170093072926657,27510.27921877997,2.740943402070795,15.0,7.003320828160994,0,0,10.422796878383739
317,0.9184085482061285,27552.256446183856,2.7220984600593203,15.0,6.841539592114149,0,0,10.422796878383739
318,0.9198243852697502,27594.731558092506,2.7035630361089362,15.0,6.682415526063993,0,0,10.422796878383739
319,0.9212565512956176,27637.696538868528,2.685342622665788,15.0,6.525995781905473,0,0,10.422796878383739
320,0.9227047742571934,27681.143227715802,2.6674426188316063,15.0,6.372326710184593,0,0,10.422796878383739
321,0.9241687773699239,27725.063321097718,2.649868328763842,15.0,6.221453846363767,0,0,10.422796878383739
322,0.9256482791732561,27769.448375197684,2.632624960103926,15.0,6.073421897328641,0,0,10.422796878383739
323,0.9271429936140402,27814.289808421207,2.6157176224341345,15.0,5.928274728140503,0,0,10.422796878383739
324,0.928652630131294,27859.57890393882,2.599151325763511,15.0,5.786055349038125,0,0,10.422796878383739
325,0.9301768937423016,27905.30681226905,2.5829309790432853,15.0,5.6468059026928685,0,0,10.422796878383739
326,0.9317154851300238,27951.464553900714,2.5670613887122578,15.0,5.510567651720946,0,0,10.422796878383739
327,0.9332681007317919,27998.043021953756,2.551547257272535,15.0,5.37738096645637,0,0,10.422796878383739
328,0.9348344328292597,28045.03298487779,2.536393181896087,15.0,5.247285312988403,0,0,10.422796878383739
329,0.9364141696395877,28092.42508918763,2.5216036530624977,15.0,5.120319241466847,0,0,10.422796878383739
330,0.9380069954078302,28140.209862234904,2.507183053228346,15.0,4.996520374678861,0,0,10.422796878383739
331,0.9396125905005012,28188.377715015034,2.493135655528583,15.0,4.875925396900453,0,0,10.422796878383739
332,0.9412306315002881,28236.91894500864,2.4794656225103178,15.0,4.758570043026215,0,0,10.422796878383739
333,0.9428607913018875,28285.823739056625,2.4661770048993548,15.0,4.644489087980218,0,0,10.422796878383739
334,0.9445027392089335,28335.082176268003,2.4532737403998848,15.0,4.533716336411521,0,0,10.422796878383739
335,0.9461561410319898,28384.684230959694,2.4407596525276536,15.0,4.42628461267708,0,0,10.422796878383739
336,0.9478206591875781,28434.619775627343,2.428638449476975,15.0,4.3222257511152105,0,0,10.422796878383739
337,0.9494959527982105,28484.878583946316,2.4169137230219087,15.0,4.221570586612357,0,0,10.422796878383739
338,0.9511816777933995,28535.450333801982,2.405588947451945,15.0,4.124348945466089,0,0,10.422796878383739
339,0.9528774870116127,28586.32461034838,2.3946674785424924,15.0,4.030589636546882,0,0,10.422796878383739
340,0.9545830303031454,28637.490909094362,2.3841525525604945,15.0,3.9403204427614726,0,0,10.422796878383739
341,0.9562979546338767,28688.9386390163,2.374047285305449,15.0,3.853568112820133,0,0,10.422796878383739
342,0.9580219041898813,28740.657125696438,2.3643546711861356,15.0,3.7703583533105096,0,0,10.422796878383739
343,0.9597545204828647,28792.635614485942,2.3550775823332994,15.0,3.6907158210801474,0,0,10.422796878383739
344,0.9614954424563914,28844.863273691743,2.346218767748585,15.0,3.614664115930182,0,0,10.422796878383739
345,0.9632443065928734,28897.329197786203,2.3377808524899417,15.0,3.542225773622169,0,0,10.422796878383739
346,0.9650007470212886,28950.022410638656,2.3297663368937664,15.0,3.4734222592002917,0,0,10.422796878383739
347,0.9667643956255957,29002.93186876787,2.3221775958339967,15.0,3.408273960630767,0,0,10.422796878383739
348,0.9685348821538158,29056.046464614472,2.315016878018388,15.0,3.346800182760484,0,0,10.422796878383739
349,0.9703118343277451,29109.355029832353,2.3082863053221696,15.0,3.289019141596529,0,0,10.422796878383739
350,0.9720948779532698,29162.846338598094,2.3019878721592892,15.0,3.2349479589084247,0,0,10.422796878383739
351,0.9738836370312473,29216.50911093742,2.2961234448914243,15.0,3.1846026571545485,0,0,10.422796878383739
352,0.9756777338689233,29270.3320160677,2.290694761274939,15.0,3.1379981547343494,0,0,10.422796878383739
353,0.97747678919185,29324.3036757555,2.285703429945949,15.0,3.0951482615677075,0,0,10.422796878383739
354,0.9792804222562731,29378.412667688193,2.28115092994365,15.0,3.0560656750027415,0,0,10.422796878383739
355,0.9810882509619553,29432.64752885866,2.2770386102720424,15.0,3.0207619760533215,0,0,10.422796878383739
356,0.9828998919653998,29486.996758961996,2.273367689500197,15.0,2.989247625967362,0,0,10.422796878383739
357,0.984714960793444,29541.44882380332,2.2701392554011623,15.0,2.9615319631269292,0,0,10.422796878383739
358,0.9865330719571865,29595.992158715595,2.2673542646296387,15.0,2.93762320028108,0,0,10.422796878383739
359,0.9883538390662164,29650.615171986494,2.265013542438496,15.0,2.9175284221122313,0,0,10.422796878383739
360,0.990176874943109,29705.30624829327,2.2631177824342354,15.0,2.901253583136839,0,0,10.422796878383739
361,0.9920017917381546,29760.05375214464,2.261667546371462,15.0,2.8888035059409347,0,0,10.422796878383739
362,0.9938282010442868,29814.846031328605,2.2606632639864186,15.0,2.8801818797510808,0,0,10.422796878383739
363,0.9956557140121761,29869.671420365285,2.26010523286965,15.0,2.8753912593411908,0,0,10.422796878383739
364,0.997483941465454,29924.518243963623,2.25999361837782,15.0,2.8744330642754803,0,0,10.422796878383739
365,0.999312494016035,29979.374820481047,2.2603284535847115,15.0,2.8773075784878275,0,0,10.422796878383739
366,1.0,30000.0,2.2611096392714254,15.0,2.8840139501976334,0,0,10.422796878383739
367,1.0,30000.0,2.262336943955784,15.0,2.894550192162228,0,0,10.422796878383739
368,1.0,30000.0,2.2640100039609217,15.0,2.9089131822657226,0,0,10.422796878383739
369,1.0,30000.0,2.2661283235230516,15.0,2.92709866444417,0,0,10.422796878383739
370,1.0,30000.0,2.2686912749383707,15.0,2.9491012499467324,0,0,10.422796878383739
371,1.0,30000.0,2.271698098749061,15.0,2.9749144189324657,0,0,10.422796878383739
372,1.0,30000.0,2.275147903968335,15.0,3.004530522402307,0,0,10.422796878383739
373,1.0,30000.0,2.279039668344453,15.0,3.0379407844656283,0,0,10.422796878383739
374,1.0,30000.0,2.2833722386636404,15.0,3.075135304940729,0,0,10.422796878383739
375,1.0,30000.0,2.2881443310918055,15.0,3.116103062288473,0,0,10.422796878383739
376,1.0,30000.0,2.293354531554973,15.0,3.1608319168781938,0,0,10.422796878383739
377,1.0,30000.0,2.299001296158299,15.0,3.2093086145849536,0,0,10.422796878383739
378,1.0,30000.0,2.3050829516435654,15.0,3.2615187907170107,0,0,10.422796878383739
379,1.0,30000.0,2.311597695884999,15.0,3.3174469742723813,0,0,10.422796878383739
380,1.0,30000.0,2.3185435984232807,15.0,3.377076592523259,0,0,10.422796878383739
381,1.0,30000.0,2.3259186010375843,15.0,3.440389975926835,0,0,10.422796878383739
382,1.0,30000.0,2.333720518355469,15.0,3.5073683633611985,0,0,10.422796878383739
383,1.0,30000.0,2.3419470385004546,15.0,3.577991907684636,0,0,10.422796878383739
384,1.0,30000.0,2.3505957237770803,15.0,3.652239681616793,0,0,10.422796878383739
385,1.0,30000.0,2.3596640113932423,15.0,3.73008968393984,0,0,10.422796878383739
386,1.0,30000.0,2.369149214219612,15.0,3.8115188460179588,0,0,10.422796878383739
387,1.0,30000.0,2.3790485215858843,15.0,3.8965030386330355,0,0,10.422796878383739
388,1.0,30000.0,2.389359000113642,15.0,3.9850170791346935,0,0,10.422796878383739
389,1.0,30000.0,2.4000775945855786,15.0,4.077034738902434,0,0,10.422796878383739
390,1.0,30000.0,2.4112011288508266,15.0,4.172528751117778,0,0,10.422796878383739
391,1.0,30000.0,2.4227263067661164,15.0,4.271470818843964,0,0,10.422796878383739
392,1.0,30000.0,2.4346497131725,15.0,4.3738316234109895,0,0,10.422796878383739
393,1.0,30000.0,2.4469678149073286,15.0,4.479580833103323,0,0,10.422796878383739
394,1.0,30000.0,2.4596769618512138,15.0,4.588687112147891,0,0,10.422796878383739
395,1.0,30000.0,2.4727733880096294,15.0,4.7011181299995,0,0,10.422796878383739
396,1.0,30000.0,2.486253212628861,15.0,4.8168405709211,0,0,10.422796878383739
397,1.0,30000.0,2.5001124413459537,15.0,4.935820143855945,0,0,10.422796878383739
398,1.0,30000.0,2.5143469673723344,15.0,5.058021592588798,0,0,10.422796878383739
399,1.0,30000.0,2.528952572710734,15.0,5.183408706193061,0,0,10.422796878383739
400,1.0,30000.0,2.543924929405076,15.0,5.311944329760914,0,0,10.422796878383739
401,1.0,30000.0,2.5592596008229425,15.0,5.443590375413056,0,0,10.422796878383739
402,1.0,30000.0,2.5749520429702426,15.0,5.5783078335850105,0,0,10.422796878383739
403,1.0,30000.0,2.590997605837697,15.0,5.716056784586476,0,0,10.422796878383739
404,1.0,30000.0,2.6073915347787384,15.0,5.856796410430416,0,0,10.422796878383739
405,1.0,30000.0,2.6241289719184095,15.0,6.000485006928274,0,0,10.422796878383739
406,1.0,30000.0,2.6412049575928633,15.0,6.1470799960478555,0,0,10.422796878383739
407,1.0,30000.0,2.6586144318190135,15.0,6.296537938530097,0,0,10.422796878383739
408,1.0,30000.0,2.6763522357939213,15.0,6.448814546761093,0,0,10.422796878383739
409,1.0,30000.0,2.694413113423454,15.0,6.603864697895405,0,0,10.422796878383739
410,1.0,30000.0,2.712791712879786,15.0,6.761642447227015,0,0,10.422796878383739
411,1.0,30000.0,2.731482588187254,15.0,6.922101041803659,0,0,10.422796878383739
412,1.0,30000.0,2.7504802008361247,15.0,7.085192934280796,0,0,10.422796878383739
413,1.0,30000.0,2.769778921423765,15.0,7.250869797010857,0,0,10.422796878383739
414,1.0,30000.0,2.789373031322767,15.0,7.419082536363836,0,0,10.422796878383739
415,1.0,30000.0,2.8092567243754916,15.0,7.589781307274725,0,0,10.422796878383739
416,1.0,30000.0,2.8294241086145595,15.0,7.762915528013712,0,0,10.422796878383739
417,1.0,30000.0,2.849869208008777,15.0,7.9384338951746685,0,0,10.422796878383739
418,1.0,30000.0,2.8705859642339484,15.0,8.116284398877388,0,0,10.422796878383739
419,1.0,30000.0,2.8915682384681025,15.0,8.296414338179313,0,0,10.422796878383739
420,1.0,30000.0,2.912809813210548,15.0,8.478770336691895,0,0,10.422796878383739
421,1.0,30000.0,2.934304394124259,15.0,8.663298358397217,0,0,10.422796878383739
422,1.0,30000.0,2.95604561190102,15.0,8.849943723660013,0,0,10.422796878383739
423,1.0,30000.0,2.9780270241487865,15.0,9.038651125430391,0,0,10.422796878383739
424,1.0,30000.0,3.0002421173007154,15.0,9.229364645632597,0,0,10.422796878383739
425,1.0,30000.0,3.022684308545262,15.0,9.422027771734637,0,0,10.422796878383739
426,1.0,30000.0,3.0453469477768214,15.0,9.616583413494258,0,0,10.422796878383739
427,1.0,30000.0,3.068223319566287,15.0,9.81297391987593,0,0,10.422796878383739
428,1.0,30000.0,3.0913066451509867,15.0,10.011141096134178,0,0,10.422796878383739
429,1.0,30000.0,3.114590084443369,15.0,10.211026221057864,0,0,10.422796878383739
430,1.0,30000.0,3.1380667380578764,15.0,10.41257006437061,0,0,10.422796878383739
431,1.0,30000.0,3.1617296493553724,15.0,10.615712904281956,0,0,10.422796878383739
432,1.0,30000.0,3.185571806504554,15.0,10.820394545184277,0,0,10.422796878383739
433,1.0,30000.0,3.2095861445597023,15.0,11.026554335489967,0,0,10.422796878383739
434,1.0,30000.0,3.233765547554177,15.0,11.234131185603854,0,0,10.422796878383739
435,1.0,30000.0,3.25810285060904,15.0,11.443063586025403,0,0,10.422796878383739
436,1.0,30000.0,3.2825908420561514,15.0,11.653289625575209,0,0,10.422796878383739
437,1.0,30000.0,3.3072222655751533,15.0,11.864747009740729,0,0,10.422796878383739
438,1.0,30000.0,3.3319898223436653,15.0,12.07737307913539,0,0,10.422796878383739
439,1.0,30000.0,3.356886173200093,15.0,12.291104828066013,0,0,10.422796878383739
440,1.0,30000.0,3.381903940818364,15.0,12.505878923202628,0,0,10.422796878383739
441,1.0,30000.0,3.4070357118940127,15.0,12.72163172234571,0,0,10.422796878383739
442,1.0,30000.0,3.432274039340874,15.0,12.938299293284476,0,0,10.422796878383739
443,1.0,30000.0,3.457611444497846,15.0,13.155817432741657,0,0,10.422796878383739
444,1.0,30000.0,3.483040419344948,15.0,13.374121685398062,0,0,10.422796878383739
445,1.0,30000.0,3.508553428728132,15.0,13.593147362992232,0,0,10.422796878383739
446,1.0,30000.0,3.534142912592104,15.0,13.812829563488961,0,0,10.422796878383739
447,1.0,30000.0,3.559801288220526,15.0,14.033103190311092,0,0,10.422796878383739
448,1.0,30000.0,3.5855209524829488,15.0,14.25390297162912,0,0,10.422796878383739
449,1.0,30000.0,3.6112942840877733,15.0,14.47516347970257,0,0,10.422796878383739
450,1.0,30000.0,3.6371136458406137,15.0,14.696819150267732,0,0,10.422796878383739
451,1.0,30000.0,3.662971386907352,15.0,14.918804301965672,0,0,10.422796878383739
452,1.0,30000.0,3.6888598450812577,15.0,15.141053155805132,0,0,10.422796878383739
453,1.0,30000.0,3.714771349053453,15.0,15.363499854654187,0,0,10.422796878383739
454,1.0,30000.0,3.740698220686095,15.0,15.586078482755163,0,0,10.422796878383739
455,1.0,30000.0,3.766632777287573,15.0,15.808723085256945,0,0,10.422796878383739
456,1.0,30000.0,3.792567333889048,15.0,16.031367687758696,0,0,10.422796878383739
457,1.0,30000.0,3.818494205521692,15.0,16.253946315859693,0,0,10.422796878383739
458,1.0,30000.0,3.844405709493884,15.0,16.476393014708727,0,0,10.422796878383739
459,1.0,30000.0,3.870294167667791,15.0,16.698641868548197,0,0,10.422796878383739
460,1.0,30000.0,3.8961519087345295,15.0,16.920627020246137,0,0,10.422796878383739
461,1.0,30000.0,3.9219712704873704,15.0,17.1422826908113,0,0,10.422796878383739
462,1.0,30000.0,3.947744602092195,15.0,17.36354319888475,0,0,10.422796878383739
463,1.0,30000.0,3.9734642663546174,15.0,17.58434298020278,0,0,10.422796878383739
464,1.0,30000.0,3.999122641983041,15.0,17.80461660702492,0,0,10.422796878383739
465,1.0,30000.0,4.024712125847012,15.0,18.02429880752164,0,0,10.422796878383739
466,1.0,30000.0,4.050225135230197,15.0,18.24332448511582,0,0,10.422796878383739
467,1.0,30000.0,4.075654110077298,15.0,18.46162873777221,0,0,10.422796878383739
468,1.0,30000.0,4.100991515234267,15.0,18.679146877229382,0,0,10.422796878383739
469,1.0,30000.0,4.126229842681131,15.0,18.895814448168156,0,0,10.422796878383739
470,1.0,30000.0,4.151361613756778,15.0,19.11156724731123,0,0,10.422796878383739
471,1.0,30000.0,4.1763793813750505,15.0,19.326341342447854,0,0,10.422796878383739
472,1.0,30000.0,4.201275732231477,15.0,19.540073091378474,0,0,10.422796878383739
473,1.0,30000.0,4.226043288999989,15.0,19.752699160773126,0,0,10.422796878383739
474,1.0,30000.0,4.2506747125189905,15.0,19.964156544938653,0,0,10.422796878383739
475,1.0,30000.0,4.275162703966105,15.0,20.174382584488477,0,0,10.422796878383739
476,1.0,30000.0,4.299500007020966,15.0,20.38331498491001,0,0,10.422796878383739
477,1.0,30000.0,4.323679410015442,15.0,20.590891835023914,0,0,10.422796878383739
478,1.0,30000.0,4.347693748070589,15.0,20.797051625329594,0,0,10.422796878383739
479,1.0,30000.0,4.371535905219771,15.0,21.00173326623191,0,0,10.422796878383739
480,0.9999985741982412,29999.957225947237,4.395198816517268,15.0,21.20487610614326,0,0,10.422796878383739
481,0.9999764124537079,29999.29237361124,4.418675470131774,15.0,21.40641994945601,0,0,10.422796878383739
482,0.9999336736885681,29998.010210657045,4.441958909424157,15.0,21.60630507437969,0,0,10.422796878383739
483,0.9998705229224053,29996.115687672158,4.465042235008856,15.0,21.804472250637943,0,0,10.422796878383739
484,0.9997871312233193,29993.613936699578,4.487918606798322,15.0,22.00086275701961,0,0,10.422796878383739
485,0.9996836756572353,29990.51026971706,4.510581246029882,15.0,22.195418398779236,0,0,10.422796878383739
486,0.9995603392354352,29986.810177063056,4.53302343727443,15.0,22.388081524881283,0,0,10.422796878383739
487,0.9994173108603277,29982.51932580983,4.555238530426357,15.0,22.57879504508348,0,0,10.422796878383739
488,0.9992547852694719,29977.643558084157,4.577219942674125,15.0,22.767502446853864,0,0,10.422796878383739
489,0.9990729629778732,29972.188889336194,4.598961160450884,15.0,22.954147812116645,0,0,10.422796878383739
490,0.9988720502185654,29966.16150655696,4.620455741364594,15.0,23.13867583382197,0,0,10.422796878383739
491,0.9986522588815,29959.567766445,4.64169731610704,15.0,23.321031832334548,0,0,10.422796878383739
492,0.9984138064507591,29952.41419352277,4.662679590341195,15.0,23.501161771636486,0,0,10.422796878383739
493,0.9981569159401086,29944.707478203258,4.683396346566366,15.0,23.679012275339197,0,0,10.422796878383739
494,0.9978818158269162,29936.454474807484,4.703841445960584,15.0,23.85453064250016,0,0,10.422796878383739
495,0.9975887399844475,29927.662199533424,4.724008830199651,15.0,24.02766486323914,0,0,10.422796878383739
496,0.9972779276125646,29918.337828376938,4.743892523252376,15.0,24.198363634150034,0,0,10.422796878383739
497,0.9969496231668462,29908.488695005388,4.763486633151378,15.0,24.366576373503015,0,0,10.422796878383739
498,0.9966040762861501,29898.1222885845,4.782785353739019,15.0,24.532253236233075,0,0,10.422796878383739
499,0.9962415417186392,29887.246251559176,4.801782966387889,15.0,24.695345128710215,0,0,10.422796878383739
500,0.9958622792462953,29875.86837738886,4.820473841695358,15.0,24.855803723286854,0,0,10.422796878383739
501,0.9954665536079388,29863.996608238165,4.8388524411516896,15.0,25.01358147261847,0,0,10.422796878383739
502,0.9950546344207818,29851.639032623454,4.856913318781222,15.0,25.16863162375278,0,0,10.422796878383739
503,0.9946267961005345,29838.803883016037,4.87465112275613,15.0,25.320908231983775,0,0,10.422796878383739
504,0.9941833177800896,29825.49953340269,4.8920605969822795,15.0,25.470366174466015,0,0,10.422796878383739
505,0.9937244832268095,29811.734496804285,4.909136582656734,15.0,25.616961163585593,0,0,10.422796878383739
506,0.9932505807584396,29797.51742275319,4.925874019796406,15.0,25.760649760083453,0,0,10.422796878383739
507,0.9927619031576742,29782.857094730225,4.942267948737445,15.0,25.901389385927388,0,0,10.422796878383739
508,0.9922587475853977,29767.76242756193,4.958313511604901,15.0,26.03913833692887,0,0,10.422796878383739
509,0.9917414154926301,29752.2424647789,4.974005953752201,15.0,26.17385579510081,0,0,10.422796878383739
510,0.9912102125312005,29736.306375936012,4.989340625170068,15.0,26.305501840752964,0,0,10.422796878383739
511,0.9906654484631754,29719.963453895263,5.004312981864409,15.0,26.434037464320802,0,0,10.422796878383739
512,0.9901074370690703,29703.22311207211,5.01891858720281,15.0,26.559424577925082,0,0,10.422796878383739
513,0.9895364960548693,29686.094881646077,5.03315311322919,15.0,26.681626026657923,0,0,10.422796878383739
514,0.9889529469578814,29668.588408736443,5.047012341946284,15.0,26.800605599592778,0,0,10.422796878383739
515,0.9883571150514632,29650.713451543896,5.060492166565514,15.0,26.916328040514372,0,0,10.422796878383739
516,0.9877493292486327,29632.47987745898,5.0735885927239295,15.0,27.028759058365985,0,0,10.422796878383739
517,0.9871299220046053,29613.89766013816,5.086297739667815,15.0,27.13786533741055,0,0,10.422796878383739
518,0.9864992292182801,29594.976876548404,5.098615841402644,15.0,27.243614547102883,0,0,10.422796878383739
519,0.9858575901327065,29575.727703981192,5.110539247809027,15.0,27.345975351669907,0,0,10.422796878383739
520,0.9852053472345578,29556.16041703673,5.122064425724317,15.0,27.4449174193961,0,0,10.422796878383739
521,0.9845428461526464,29536.285384579394,5.133187959989566,15.0,27.54041143161144,0,0,10.422796878383739
522,0.983870435555506,29516.11306666518,5.143906554461502,15.0,27.632429091379183,0,0,10.422796878383739
523,0.9831884670480732,29495.654011442195,5.154217032989259,15.0,27.72094313188084,0,0,10.422796878383739
524,0.9824972950674996,29474.918852024988,5.164116340355531,15.0,27.805927324495915,0,0,10.422796878383739
525,0.9817972767781249,29453.918303343748,5.173601543181902,15.0,27.887356486574035,0,0,10.422796878383739
526,0.9810887719656408,29432.663158969226,5.182669830798064,15.0,27.965206488897085,0,0,10.422796878383739
527,0.9803721429304791,29411.164287914373,5.191318516074689,15.0,28.03945426282923,0,0,10.422796878383739
528,0.9796477543804538,29389.432631413616,5.199545036219676,15.0,28.11007780715268,0,0,10.422796878383739
529,0.9789159733226911,29367.479199680733,5.207346953537559,15.0,28.17705619458704,0,0,10.422796878383739
530,0.9781771689548763,29345.315068646287,5.214721956151863,15.0,28.24036957799062,0,0,10.422796878383739
531,0.9774317125558531,29322.951376675595,5.221667858690145,15.0,28.299999196241494,0,0,10.422796878383739
532,0.9766799773756062,29300.399321268185,5.228182602931579,15.0,28.355927379796867,0,0,10.422796878383739
533,0.9759223385246578,29277.670155739735,5.234264258416846,15.0,28.40813755592892,0,0,10.422796878383739
534,0.9751591728629159,29254.775185887476,5.239911023020172,15.0,28.456614253635685,0,0,10.422796878383739
535,0.9743908588880015,29231.725766640044,5.245121223483338,15.0,28.501343108225406,0,0,10.422796878383739
536,0.9736177766230917,29208.53329869275,5.249893315911504,15.0,28.542310865573143,0,0,10.422796878383739
537,0.972840307504311,29185.209225129332,5.254225886230691,15.0,28.579505386048247,0,0,10.422796878383739
538,0.9720588342677038,29161.765028031114,5.25811765060681,15.0,28.612915648111567,0,0,10.422796878383739
539,0.9712737408358203,29138.21222507461,5.261567455826083,15.0,28.64253175158141,0,0,10.422796878383739
540,0.9704854122039532,29114.562366118596,5.264574279636773,15.0,28.668344920567144,0,0,11.422796878383739
541,0.9696476220727726,29089.428662183178,6.665504829510964,15.0,28.690347506069706,0,0,11.422796878383739
542,0.9688073507474463,29064.220522423388,6.668185539857485,15.0,28.70853298824815,0,0,11.422796878383739
543,0.9679649896962813,29038.94969088844,6.670302779081587,15.0,28.722895978351648,0,0,11.422796878383739
544,0.9671209310068157,29013.62793020447,6.671855919799593,15.0,28.733432220316242,0,0,11.422796878383739
545,0.9662755672696344,28988.26701808903,6.672844501782389,15.0,28.74013859202605,0,0,11.422796878383739
546,0.9654292914620358,28962.878743861074,6.6732682320918,15.0,28.7430131062384,0,0,11.422796878383739
547,0.964582496831585,28937.47490494755,6.67312698516739,15.0,28.742054911172687,0,0,11.422796878383739
548,0.9637355767795852,28912.067303387557,6.672420802863669,15.0,28.737264290762795,0,0,11.422796878383739
549,0.9628889247445046,28886.66774233514,6.671149894437696,15.0,28.728642664572945,0,0,11.422796878383739
550,0.9620429340853925,28861.288022561777,6.669314636487067,15.0,28.716192587377037,0,0,11.422796878383739
551,0.9611979979653181,28835.939938959546,6.666915572838318,15.0,28.699917748401642,0,0,11.422796878383739
552,0.9603545092348679,28810.635277046036,6.663953414385785,15.0,28.6798229702328,0,0,11.422796878383739
553,0.9595128603157355,28785.385809472064,6.660429038880948,15.0,28.65591420738695,0,0,11.422796878383739
554,0.9586734430844387,28760.203292533162,6.65634349067233,15.0,28.628198544546514,0,0,11.422796878383739
555,0.9578366487561986,28735.099462685957,6.651697980396039,15.0,28.596684194460554,0,0,11.422796878383739
556,0.9570028677690127,28710.08603307038,6.646493884617026,15.0,28.561380495511134,0,0,11.422796878383739
557,0.956172489667961,28685.174690038828,6.640732745421189,15.0,28.52229790894617,0,0,11.422796878383739
558,0.9553459029897746,28660.37708969324,6.634416269958402,15.0,28.479448015779525,0,0,11.422796878383739
559,0.9545234951477046,28635.70485443114,6.627546329936669,15.0,28.43284351335933,0,0,11.422796878383739
560,0.9537056523167226,28611.169569501675,6.62012496106748,15.0,28.382498211605455,0,0,11.422796878383739
561,0.9528927593190885,28586.782779572655,6.612154362462601,15.0,28.328427028917346,0,0,11.422796878383739
562,0.9520851995103203,28562.55598530961,6.603636895982417,15.0,28.270645987753394,0,0,11.422796878383739
563,0.9512833546655967,28538.5006399679,6.594575085536066,15.0,28.20917220988311,0,0,11.422796878383739
564,0.9504876048666294,28514.628145998882,6.584971616333557,15.0,28.14402391131359,0,0,11.422796878383739
565,0.9496983283890365,28490.949851671092,6.574829334090072,15.0,28.07522039689171,0,0,11.422796878383739
566,0.9489159015902509,28467.477047707525,6.564151244182728,15.0,28.002782054583697,0,0,11.422796878383739
567,0.9481406987979983,28444.22096393995,6.552940510760018,15.0,27.926730349433726,0,0,11.422796878383739
568,0.9473730921993755,28421.192765981265,6.541200455804201,15.0,27.847087817203374,0,0,11.422796878383739
569,0.9466134517305625,28398.403551916876,6.528934558146933,15.0,27.763878057693745,0,0,11.422796878383739
570,0.9458621449672038,28375.864349016112,6.516146452438409,15.0,27.677125727752415,0,0,11.422796878383739
571,0.9451195370154866,28353.586110464596,6.502839928070339,15.0,27.586856533966994,0,0,11.422796878383739
572,0.9443859904039527,28331.57971211858,6.489018928053073,15.0,27.493097225047784,0,0,11.422796878383739
573,0.9436618649760732,28309.855949282195,6.474687547847201,15.0,27.395875583901528,0,0,11.422796878383739
574,0.9429475177836193,28288.42553350858,6.459850034149967,15.0,27.29522041939867,0,0,11.422796878383739
575,0.9422433029808601,28267.299089425804,6.444510783636906,15.0,27.191161557836796,0,0,11.422796878383739
576,0.9415495717196184,28246.487151588553,6.428674341658988,15.0,27.08372983410235,0,0,11.422796878383739
577,0.940866672045218,28226.00016135654,6.412345400895754,15.0,26.972957082533654,0,0,11.422796878383739
578,0.9401949487933494,28205.84846380048,6.395528799964758,15.0,26.85887612748767,0,0,11.422796878383739
579,0.9395347434878879,28186.042304636638,6.3782295219877865,15.0,26.741520773613424,0,0,11.422796878383739
580,0.9388863942396931,28166.591827190794,6.360452693114253,15.0,26.620925795835014,0,0,11.422796878383739
581,0.9382502356464185,28147.507069392555,6.342203581002211,15.0,26.49712692904703,0,0,11.422796878383739
582,0.9376265986933637,28128.797960800912,6.323487593257425,15.0,26.370160857525484,0,0,11.422796878383739
583,0.937015810655396,28110.47431966188,6.304310275830987,15.0,26.2400652040575,0,0,11.422796878383739
584,0.9364181949999717,28092.54584999915,6.284677311375933,15.0,26.106878518792932,0,0,11.422796878383739
585,0.935834071291286,28075.022138738583,6.264594517563346,15.0,25.970640267821015,0,0,11.422796878383739
586,0.9352637550955794,28057.91265286738,6.244067845358452,15.0,25.831390821475765,0,0,11.422796878383739
587,0.9347075578876276,28041.22673662883,6.223103377257226,15.0,25.689171442373365,0,0,11.422796878383739
588,0.9341657869584463,28024.97360875339,6.201707325484023,15.0,25.54402427318524,0,0,11.422796878383739
589,0.933638745324233,28009.16235972699,6.179886030150743,15.0,25.395992324150114,0,0,11.422796878383739
590,0.9331267316365772,27993.801949097317,6.1576459573781355,15.0,25.245119460329295,0,0,11.422796878383739
591,0.9326300400939639,27978.901202818917,6.134993697379742,15.0,25.09145038860841,0,0,11.422796878383739
592,0.9321489603545954,27964.46881063786,6.111935962509079,15.0,24.93503064444988,0,0,11.422796878383739
593,0.9316837774505597,27950.513323516792,6.0884795852706155,15.0,24.775906578399727,0,0,11.422796878383739
594,0.93123477170337,27937.0431511011,6.064631516295156,15.0,24.614125342352885,0,0,11.422796878383739
595,0.9308022186408982,27924.066559226947,6.040398822280222,15.0,24.44973487558112,0,0,11.422796878383739
596,0.9303863889157311,27911.591667471934,6.015788683896032,15.0,24.28278389052757,0,0,11.422796878383739
597,0.9299875482249693,27899.62644674908,5.990808393657724,15.0,24.11332185837221,0,0,11.422796878383739
598,0.9296059572314962,27888.178716944887,5.965465353764412,15.0,23.941398994372463,0,0,11.422796878383739
599,0.9292418714867373,27877.25614460212,5.939767073905761,15.0,23.76706624298332,0,0,11.422796878383739
600,0.9288955413549355,27866.866240648065,5.9137211690367115,15.0,23.590375262761413,0,0,11.422796878383739
601,0.9285672119389622,27857.016358168865,5.887335357120992,15.0,23.411378411057516,0,0,11.422796878383739
602,0.928257123007688,27847.71369023064,5.8606174568441265,15.0,23.230128728501853,0,0,11.422796878383739
603,0.9279655089249346,27838.965267748037,5.833575385296581,15.0,23.046679923287023,0,0,11.422796878383739
604,0.9276925985800271,27830.777957400813,5.80621715562778,15.0,22.8610863552532,0,0,11.422796878383739
605,0.9274386153199694,27823.158459599083,5.778550874671606,15.0,22.673403019780014,0,0,11.422796878383739
606,0.9272037768832619,27816.113306497857,5.750584740544198,15.0,22.483685531490302,0,0,11.422796878383739
607,0.9269882953353804,27809.648860061414,5.722327040214651,15.0,22.29199010777026,0,0,11.422796878383739
608,0.9267923770059371,27803.771310178112,5.693786147049431,15.0,22.098373552111113,0,0,11.422796878383739
609,0.92661622242754,27798.486672826202,5.664970518331137,15.0,21.902893237276835,0,0,11.422796878383739
610,0.9264600262763716,27793.800788291148,5.635888692752463,15.0,21.705607088303594,0,0,11.422796878383739
611,0.9263239773145011,27789.719319435033,5.606549287885952,15.0,21.506573565335025,0,0,11.422796878383739
612,0.9262082583339512,27786.247750018534,5.576960997630469,15.0,21.30585164629955,0,0,11.422796878383739
613,0.9261130461025319,27783.391383075956,5.547132589634982,15.0,21.103500809433665,0,0,11.422796878383739
614,0.9260385113114612,27781.155339343837,5.517072902700532,15.0,20.899581015657464,0,0,11.422796878383739
615,0.9259848185247853,27779.54455574356,5.486790844161099,15.0,20.694152690806774,0,0,11.422796878383739
616,0.9259521261306146,27778.56378391844,5.456295387244164,15.0,20.48727670772773,0,0,11.422796878383739
617,0.9259405862941901,27778.2175888257,5.425595568411764,15.0,20.27901436823891,0,0,11.422796878383739
618,0.9259503449127929,27778.510347383788,5.394700484682772,15.0,20.06942738496616,0,0,11.422796878383739
619,0.9259815415725128,27779.446247175383,5.363619290937268,15.0,19.85857786305588,0,0,11.422796878383739
620,0.9260343095068853,27781.029285206558,5.332361197203741,15.0,19.646528281771886,0,0,11.422796878383739
621,0.9261087755574112,27783.263266722337,5.300935465929978,15.0,19.433341475981564,0,0,11.422796878383739
622,0.9262050601359719,27786.151804079156,5.269351409238373,15.0,19.219080617536406,0,0,11.422796878383739
623,0.9263232771891475,27789.698315674425,5.237618386166565,15.0,19.003809196552886,0,0,11.422796878383739
624,0.9264635341644526,27793.906024933578,5.205745799894141,15.0,18.787591002598965,0,0,11.422796878383739
625,0.9266259319784975,27798.777959354924,5.173743094956282,15.0,18.570490105791897,0,0,11.422796878383739
626,0.926810564987084,27804.31694961252,5.141619754445146,15.0,18.352570837812873,0,0,11.422796878383739
627,0.9270175209572457,27810.52562871737,5.109385297199789,15.0,18.133897772843998,0,0,11.422796878383739
628,0.9272468810412412,27817.406431237236,5.07704927498558,15.0,17.914535708433824,0,0,11.422796878383739
629,0.9274987197525064,27824.961592575193,5.044621269663764,15.0,17.69454964629623,0,0,11.422796878383739
630,0.9277731049435751,27833.193148307255,5.012110890352176,15.0,17.474004773049145,0,0,11.422796878383739
631,0.9280700977859724,27842.10293357917,4.979527770577835,15.0,17.252966440898255,0,0,11.422796878383739
632,0.9283897527520882,27851.692582562646,4.946881565422332,15.0,17.031500148271757,0,0,11.422796878383739
633,0.9287321175990363,27861.96352797109,4.914181948660816,15.0,16.809671520411776,0,0,11.422796878383739
634,0.9290972333545027,27872.91700063508,4.881438609895452,15.0,16.58754628992824,0,0,11.422796878383739
635,0.9294851343045879,27884.55402913764,4.848661251684173,15.0,16.36519027732079,0,0,11.422796878383739
636,0.929895847983648,27896.87543950944,4.815859586665608,15.0,16.142669371474753,0,0,11.422796878383739
637,0.9303293951661347,27909.88185498404,4.783043334681027,15.0,15.920049510136984,0,0,11.422796878383739
638,0.93078578986044,27923.5736958132,4.75022221989412,15.0,15.697396660376903,0,0,11.422796878383739
639,0.9312650393047451,27937.951179142354,4.717405967909539,15.0,15.474776799039134,0,0,11.422796878383739
640,0.9317671439648756,27953.01431894627,4.684604302890973,15.0,15.252255893193098,0,0,11.422796878383739
641,0.9322920975341633,27968.762926024898,4.651826944679694,15.0,15.029899880585642,0,0,11.422796878383739
642,0.9328398869353148,27985.196608059447,4.61908360591433,15.0,14.807774650102111,0,0,11.422796878383739
643,0.9334104923242877,28002.314769728633,4.586383989152816,15.0,14.585946022242151,0,0,11.422796878383739
644,0.9340038870961693,28020.11661288508,4.553737783997311,15.0,14.364479729615631,0,0,11.422796878383739
645,0.9346200378930608,28038.601136791825,4.521154664222967,15.0,14.143441397464713,0,0,11.422796878383739
646,0.9352589046139628,28057.767138418883,4.48864428491138,15.0,13.922896524217634,0,0,11.422796878383739
647,0.9359204404266566,28077.613212799697,4.456216279589566,15.0,13.702910462080059,0,0,11.422796878383739
648,0.9366045917815827,28098.13775344748,4.423880257375357,15.0,13.483548397669889,0,0,11.422796878383739
649,0.9373112984277087,28119.33895283126,4.391645800130001,15.0,13.26487533270101,0,0,11.422796878383739
650,0.9380404934303819,28141.214802911458,4.35952245961886,15.0,13.046956064721964,0,0,11.422796878383739
651,0.9387921031911648,28163.763095734943,4.327519754681006,15.0,12.829855167914921,0,0,11.422796878383739
652,0.9395660474696429,28186.98142408929,4.295647168408585,15.0,12.613636973961018,0,0,11.422796878383739
653,0.9403622394072026,28210.86718221608,4.2639141453367735,15.0,12.398365552977477,0,0,11.422796878383739
654,0.9411805855527683,28235.417566583048,4.232330088645169,15.0,12.184104694532316,0,0,11.422796878383739
655,0.9420209858904947,28260.62957671484,4.200904357371405,15.0,11.970917888742,0,0,11.422796878383739
656,0.9428833338694033,28286.500016082096,4.169646263637879,15.0,11.758868307458005,0,0,11.422796878383739
657,0.9437675164349557,28313.02549304867,4.138565069892374,15.0,11.54801878554772,0,0,11.422796878383739
658,0.9446734140625546,28340.20242187664,4.1076699861633825,15.0,11.338431802274968,0,0,11.422796878383739
659,0.945600900792961,28368.02702378883,4.076970167330982,15.0,11.130169462786155,0,0,11.422796878383739
660,0.9465498442696186,28396.49532808856,4.0464747104140475,15.0,10.923293479707112,0,0,11.422796878383739
661,0.9475201057778747,28425.60317333624,4.016192651874614,15.0,10.717865154856423,0,0,11.422796878383739
662,0.9485115402860828,28455.346208582483,3.9861329649401624,15.0,10.513945361080202,0,0,11.422796878383739
663,0.9495239964885804,28485.719894657414,3.95630455694468,15.0,10.311594524214353,0,0,11.422796878383739
664,0.9505573168505231,28516.719505515695,3.926716266689195,15.0,10.110872605178857,0,0,11.422796878383739
665,0.9516113376545656,28548.34012963697,3.8973768618226865,15.0,9.911839082210312,0,0,11.422796878383739
666,0.952685889049375,28580.57667148125,3.868295036244006,15.0,9.71455293323703,0,0,11.422796878383739
667,0.9537807950999609,28613.42385299883,3.839479407525716,15.0,9.519072618402776,0,0,11.422796878383739
668,0.9548958738398098,28646.876215194294,3.8109385143604952,15.0,9.325456062743623,0,0,11.422796878383739
669,0.9560309373248045,28680.928119744134,3.782680814030948,15.0,9.133760639023585,0,0,11.422796878383739
670,0.9571857916889165,28715.573750667496,3.7547146799035396,15.0,8.944043150733872,0,0,11.422796878383739
671,0.958360237201653,28750.80711604959,3.727048398947366,15.0,8.756359815260684,0,0,11.422796878383739
672,0.9595540683272408,28786.622049817222,3.699690169278565,15.0,8.570766247226864,0,0,11.422796878383739
673,0.9607670737855313,28823.012213565937,3.67264809773102,15.0,8.387317442012032,0,0,11.422796878383739
674,0.9619990366146073,28859.971098438218,3.645930197454154,15.0,8.206067759456364,0,0,11.422796878383739
675,0.9632497342350735,28897.492027052205,3.6195443855384353,15.0,8.027070907752474,0,0,11.422796878383739
676,0.9645189385160117,28935.56815548035,3.593498480669387,15.0,7.850379927530586,0,0,11.422796878383739
677,0.9658064158425805,28974.192475277418,3.5678002008107352,15.0,7.6760471761414255,0,0,11.422796878383739
678,0.9671119271852412,29013.357815557236,3.54245716091742,15.0,7.504124312141657,0,0,11.422796878383739
679,0.9684352281705865,29053.056845117593,3.5174768706791144,15.0,7.334662279986318,0,0,11.422796878383739
680,0.969776069153754,29093.28207461262,3.4928667322949236,15.0,7.167711294932758,0,0,11.422796878383739
681,0.9711341952924019,29134.025858772056,3.4686340382799896,15.0,7.003320828160994,0,0,11.422796878383739
682,0.9725093466222232,29175.280398666695,3.4447859693045277,15.0,6.84153959211414,0,0,11.422796878383739
683,0.9739012581339795,29217.037744019388,3.4213295920660647,15.0,6.682415526063986,0,0,11.422796878383739
684,0.9753096598520293,29259.28979556088,3.3982718571954034,15.0,6.525995781905471,0,0,11.422796878383739
685,0.9767342769143262,29302.028307429788,3.375619597197013,15.0,6.372326710184604,0,0,11.422796878383739
686,0.978174829653868,29345.244889616042,3.353379524424404,15.0,6.221453846363766,0,0,11.422796878383739
687,0.9796310336815673,29388.93101044702,3.3315582290911236,15.0,6.073421897328643,0,0,11.422796878383739
688,0.981102599970522,29433.07799911566,3.3101621773179195,15.0,5.928274728140513,0,0,11.422796878383739
689,0.9825892349416606,29477.677048249818,3.2891977092166935,15.0,5.786055349038121,0,0,11.422796878383739
690,0.9840906405507359,29522.719216522077,3.2686710370117997,15.0,5.646805902692869,0,0,11.422796878383739
691,0.9856065143766418,29568.195431299253,3.2485882431992126,15.0,5.510567651720947,0,0,11.422796878383739
692,0.9871365497110275,29614.096491330823,3.228955278744159,15.0,5.377380966456379,0,0,11.422796878383739
693,0.9886804356491813,29660.41306947544,3.2097779613177204,15.0,5.2472853129883985,0,0,11.422796878383739
694,0.9902378571821588,29707.135715464767,3.1910619735729346,15.0,5.12031924146685,0,0,11.422796878383739
695,0.991808495290127,29754.25485870381,3.172812861460892,15.0,4.9965203746788625,0,0,11.422796878383739
696,0.993392027036896,29801.76081110688,3.1550360325873603,15.0,4.875925396900467,0,0,11.422796878383739
697,0.9949881256656129,29849.64376996839,3.137736754610388,15.0,4.758570043026215,0,0,11.422796878383739
698,0.9965964606955864,29897.89382086759,3.1209201536793914,15.0,4.644489087980224,0,0,11.422796878383739
699,0.998216698020215,29946.50094060645,3.104591212916156,15.0,4.533716336411519,0,0,11.422796878383739
700,0.999848500005991,29995.45500017973,3.0887547709382397,15.0,4.426284612677081,0,0,11.422796878383739
701,1.0,30000.0,3.0734155204251783,15.0,4.322225751115212,0,0,11.422796878383739
702,1.0,30000.0,3.0585780067279447,15.0,4.221570586612354,0,0,11.422796878383739
703,1.0,30000.0,3.0442466265220705,15.0,4.124348945466085,0,0,11.422796878383739
704,1.0,30000.0,3.030425626504806,15.0,4.030589636546884,0,0,11.422796878383739
705,1.0,30000.0,3.0171191021367374,15.0,3.9403204427614726,0,0,11.422796878383739
706,1.0,30000.0,3.004330996428212,15.0,3.853568112820133,0,0,11.422796878383739
707,1.0,30000.0,2.992065098770944,15.0,3.7703583533105114,0,0,11.422796878383739
708,1.0,30000.0,2.980325043815128,15.0,3.6907158210801527,0,0,11.422796878383739
709,1.0,30000.0,2.9691143103924165,15.0,3.6146641159301787,0,0,11.422796878383739
710,1.0,30000.0,2.9584362204850736,15.0,3.542225773622171,0,0,11.422796878383739
711,1.0,30000.0,2.9482939382415885,15.0,3.4734222592002935,0,0,11.422796878383739
712,1.0,30000.0,2.938690469039079,15.0,3.408273960630772,0,0,11.422796878383739
713,1.0,30000.0,2.929628658592729,15.0,3.3468001827604805,0,0,11.422796878383739
714,1.0,30000.0,2.921111192112544,15.0,3.289019141596531,0,0,11.422796878383739
715,1.0,30000.0,2.9131405935076655,15.0,3.2349479589084265,0,0,11.422796878383739
716,1.0,30000.0,2.9057192246384775,15.0,3.18460265715455,0,0,11.422796878383739
717,1.0,30000.0,2.898849284616743,15.0,3.137998154734351,0,0,11.422796878383739
718,1.0,30000.0,2.892532809153957,15.0,3.0951482615677106,0,0,11.422796878383739
719,1.0,30000.0,2.8867716699581174,15.0,3.0560656750027397,0,0,11.422796878383739
720,1.0,30000.0,2.8815675741791065,15.0,3.0207619760533215,0,0,11.422796878383739
721,1.0,30000.0,2.876922063902815,15.0,2.989247625967362,0,0,11.422796878383739
722,1.0,30000.0,2.872836515694197,15.0,2.9615319631269292,0,0,11.422796878383739
723,1.0,30000.0,2.86931214018936,15.0,2.9376232002810783,0,0,11.422796878383739
724,1.0,30000.0,2.8663499817368283,15.0,2.9175284221122313,0,0,11.422796878383739
725,1.0,30000.0,2.8639509180880793,15.0,2.9012535831368407,0,0,11.422796878383739
726,1.0,30000.0,2.8621156601374484,15.0,2.888803505940933,0,0,11.422796878383739
727,1.0,30000.0,2.860844751711476,15.0,2.8801818797510808,0,0,11.422796878383739
728,1.0,30000.0,2.860138569407755,15.0,2.8753912593411908,0,0,11.422796878383739
729,1.0,30000.0,2.8599973224833444,15.0,2.8744330642754803,0,0,11.422796878383739
730,1.0,30000.0,4.442824193217262,15.0,2.8773075784878275,0,0,11.422796878383739
731,1.0,30000.0,4.444359665047837,15.0,2.8840139501976334,0,0,11.422796878383739
732,1.0,30000.0,4.446772013100824,15.0,2.894550192162226,0,0,11.422796878383739
733,1.0,30000.0,4.450060522545433,15.0,2.9089131822657226,0,0,11.422796878383739
734,1.0,30000.0,4.454224218925342,15.0,2.92709866444417,0,0,11.422796878383739
735,1.0,30000.0,4.459261868447456,15.0,2.949101249946734,0,0,11.422796878383739
736,1.0,30000.0,4.465171978347496,15.0,2.974914418932464,0,0,11.422796878383739
737,1.0,30000.0,4.471952797332352,15.0,3.004530522402306,0,0,11.422796878383739
738,1.0,30000.0,4.479602316099016,15.0,3.037940784465627,0,0,11.422796878383739
739,1.0,30000.0,4.488118267929987,15.0,3.075135304940731,0,0,11.422796878383739
740,1.0,30000.0,4.497498129364946,15.0,3.116103062288471,0,0,11.422796878383739
741,1.0,30000.0,4.507739120948518,15.0,3.160831916878191,0,0,11.422796878383739
742,1.0,30000.0,4.518838208053879,15.0,3.20930861458495,0,0,11.422796878383739
743,1.0,30000.0,4.530792101781979,15.0,3.261518790717009,0,0,11.422796878383739
744,1.0,30000.0,4.5435972599361225,15.0,3.31744697427238,0,0,11.422796878383739
745,1.0,30000.0,4.55724988807159,15.0,3.3770765925232538,0,0,11.422796878383739
746,1.0,30000.0,4.571745940620016,15.0,3.4403899759268297,0,0,11.422796878383739
747,1.0,30000.0,4.587081122088183,15.0,3.5073683633611967,0,0,11.422796878383739
748,1.0,30000.0,4.603250888330858,15.0,3.5779919076846336,0,0,11.422796878383739
749,1.0,30000.0,4.620250447897331,15.0,3.652239681616784,0,0,11.422796878383739
750,1.0,30000.0,4.6380747634512245,15.0,3.730089683939829,0,0,11.422796878383739
751,1.0,30000.0,4.656718553263163,15.0,3.811518846017962,0,0,11.422796878383739
752,1.0,30000.0,4.676176292775848,15.0,3.896503038633028,0,0,11.422796878383739
753,1.0,30000.0,4.696442216241139,15.0,3.985017079134681,0,0,11.422796878383739
754,1.0,30000.0,4.71751031842854,15.0,4.077034738902443,0,0,11.422796878383739
755,1.0,30000.0,4.73937435640468,15.0,4.172528751117782,0,0,11.422796878383739
756,1.0,30000.0,4.762027851383242,15.0,4.271470818843968,0,0,11.422796878383739
757,1.0,30000.0,4.785464090644762,15.0,4.373831623410975,0,0,11.422796878383739
758,1.0,30000.0,4.80967612952576,15.0,4.479580833103331,0,0,11.422796878383739
759,1.0,30000.0,4.834656793476565,15.0,4.588687112147895,0,0,11.422796878383739
760,1.0,30000.0,4.860398680187328,15.0,4.7011181299994975,0,0,11.422796878383739
761,1.0,30000.0,4.886894161781458,15.0,4.816840570921093,0,0,11.422796878383739
762,1.0,30000.0,4.9141353870759445,15.0,4.93582014385595,0,0,11.422796878383739
763,1.0,30000.0,4.942114283907812,15.0,5.058021592588796,0,0,11.422796878383739
764,1.0,30000.0,4.970822561526099,15.0,5.18340870619306,0,0,11.422796878383739
765,1.0,30000.0,5.000251713048575,15.0,5.3119443297609195,0,0,11.422796878383739
766,1.0,30000.0,5.030393017982504,15.0,5.443590375413058,0,0,11.422796878383739
767,1.0,30000.0,5.061237544808734,15.0,5.5783078335850105,0,0,11.422796878383739
768,1.0,30000.0,5.092776153628288,15.0,5.716056784586476,0,0,11.422796878383739
769,1.0,30000.0,5.124999498870716,15.0,5.856796410430421,0,0,11.422796878383739
770,1.0,30000.0,5.157898032063382,15.0,6.000485006928271,0,0,11.422796878383739
771,1.0,30000.0,5.191462004660893,15.0,6.147079996047846,0,0,11.422796878383739
772,1.0,30000.0,5.2256814709337975,15.0,6.296537938530088,0,0,11.422796878383739
773,1.0,30000.0,5.26054629091573,15.0,6.44881454676109,0,0,11.422796878383739
774,1.0,30000.0,5.296046133408075,15.0,6.603864697895403,0,0,11.422796878383739
775,1.0,30000.0,5.332170479041358,15.0,6.761642447227005,0,0,11.422796878383739
776,1.0,30000.0,5.368908623392343,15.0,6.922101041803663,0,0,11.422796878383739
777,1.0,30000.0,5.4062496801559785,15.0,7.085192934280792,0,0,11.422796878383739
778,1.0,30000.0,5.444182584371262,15.0,7.250869797010854,0,0,11.422796878383739
779,1.0,30000.0,5.482696095700016,15.0,7.419082536363824,0,0,11.422796878383739
780,1.0,30000.0,5.521778801757648,15.0,7.5897813072747216,0,0,11.422796878383739
781,1.0,30000.0,5.561419121494873,15.0,7.762915528013709,0,0,11.422796878383739
782,1.0,30000.0,5.601605308629446,15.0,7.938433895174656,0,0,11.422796878383739
783,1.0,30000.0,5.64232545512683,15.0,8.116284398877376,0,0,11.422796878383739
784,1.0,30000.0,5.683567494728811,15.0,8.296414338179313,0,0,11.422796878383739
785,1.0,30000.0,5.725319206528971,15.0,8.47877033669189,0,0,11.422796878383739
786,1.0,30000.0,5.767568218594028,15.0,8.663298358397203,0,0,11.422796878383739
787,1.0,30000.0,5.810302011629913,15.0,8.849943723660022,0,0,11.422796878383739
788,1.0,30000.0,5.853507922691458,15.0,9.0386511254304,0,0,11.422796878383739
789,1.0,30000.0,5.897173148934759,15.0,9.229364645632575,0,0,11.422796878383739
790,1.0,30000.0,5.941284751410919,15.0,9.422027771734614,0,0,11.422796878383739
791,1.0,30000.0,5.985829658900121,15.0,9.616583413494265,0,0,11.422796878383739
792,1.0,30000.0,6.0307946717849,15.0,9.812973919875937,0,0,11.422796878383739
793,1.0,30000.0,6.076166465961522,15.0,10.011141096134175,0,0,11.422796878383739
794,1.0,30000.0,6.121931596788167,15.0,10.211026221057839,0,0,11.422796878383739
795,1.0,30000.0,6.168076503068896,15.0,10.412570064370618,0,0,11.422796878383739
796,1.0,30000.0,6.2145875110720645,15.0,10.615712904281967,0,0,11.422796878383739
797,1.0,30000.0,6.261450838582222,15.0,10.820394545184275,0,0,11.422796878383739
798,1.0,30000.0,6.30865259898404,15.0,11.026554335489973,0,0,11.422796878383739
799,1.0,30000.0,6.356178805377201,15.0,11.234131185603864,0,0,11.422796878383739
800,1.0,30000.0,6.404015374721059,15.0,11.4430635860254,0,0,11.422796878383739
801,1.0,30000.0,6.452148132007718,15.0,11.653289625575207,0,0,11.422796878383739
802,1.0,30000.0,6.50056281446241,15.0,11.86474700974074,0,0,11.422796878383739
803,1.0,30000.0,6.549245075769838,15.0,12.077373079135398,0,0,11.422796878383739
804,1.0,30000.0,6.598180490325334,15.0,12.291104828065999,0,0,11.422796878383739
805,1.0,30000.0,6.647354557509457,15.0,12.50587892320265,0,0,11.422796878383739
806,1.0,30000.0,6.696752705984826,15.0,12.721631722345709,0,0,11.422796878383739
807,1.0,30000.0,6.746360298013954,15.0,12.938299293284485,0,0,11.422796878383739
808,1.0,30000.0,6.796162633796705,15.0,13.155817432741642,0,0,11.422796878383739
809,1.0,30000.0,6.846144955826166,15.0,13.374121685398059,0,0,11.422796878383739
810,1.0,30000.0,6.896292453261604,15.0,13.59314736299223,0,0,12.422796878383739
811,1.0,30000.0,7.884866738051551,15.0,13.812829563488947,0,0,12.422796878383739
812,1.0,30000.0,7.942111981820313,15.0,14.033103190311078,0,0,12.422796878383739
813,1.0,30000.0,7.999493963894122,15.0,14.253902971629117,0,0,12.422796878383739
814,1.0,30000.0,8.056995680753275,15.0,14.475163479702568,0,0,12.422796878383739
815,1.0,30000.0,8.114600093398083,15.0,14.696819150267716,0,0,12.422796878383739
816,1.0,30000.0,8.172290132397881,15.0,14.91880430196568,0,0,12.422796878383739
817,1.0,30000.0,8.230048702949048,15.0,15.141053155805132,0,0,12.422796878383739
818,1.0,30000.0,8.287858689940602,15.0,15.363499854654174,0,0,12.422796878383739
819,1.0,30000.0,8.345702963025758,15.0,15.586078482755148,0,0,12.422796878383739
820,1.0,30000.0,8.40356438169803,15.0,15.808723085256956,0,0,12.422796878383739
821,1.0,30000.0,8.461425800370284,15.0,16.031367687758692,0,0,12.422796878383739
822,1.0,30000.0,8.519270073455441,15.0,16.253946315859668,0,0,12.422796878383739
823,1.0,30000.0,8.577080060446995,15.0,16.47639301470871,0,0,12.422796878383739
824,1.0,30000.0,8.634838630998173,15.0,16.698641868548204,0,0,12.422796878383739
825,1.0,30000.0,8.692528669997966,15.0,16.920627020246144,0,0,12.422796878383739
826,1.0,30000.0,8.750133082642769,15.0,17.142282690811275,0,0,12.422796878383739
827,1.0,30000.0,8.807634799501933,15.0,17.36354319888477,0,0,12.422796878383739
828,1.0,30000.0,8.865016781575736,15.0,17.584342980202784,0,0,12.422796878383739
829,1.0,30000.0,8.9222620253445,15.0,17.80461660702492,0,0,12.422796878383739
830,1.0,30000.0,8.979353567807035,15.0,18.024298807521635,0,0,12.422796878383739
831,1.0,30000.0,9.036274491507188,15.0,18.243324485115828,0,0,12.422796878383739
832,1.0,30000.0,9.093007929546795,15.0,18.461628737772216,0,0,12.422796878383739
833,1.0,30000.0,9.149537070583762,15.0,18.67914687722938,0,0,12.422796878383739
834,1.0,30000.0,9.205845163813605,15.0,18.895814448168153,0,0,12.422796878383739
835,1.0,30000.0,9.261915523933073,15.0,19.111567247311235,0,0,12.422796878383739
836,1.0,30000.0,9.317731536084358,15.0,19.32634134244786,0,0,12.422796878383739
837,0.9999970365245272,29999.911095735817,9.373276660778455,15.0,19.540073091378467,0,0,12.422796878383739
838,0.9999712741606015,29999.138224818045,9.428534438796161,15.0,19.752699160773147,0,0,12.422796878383739
839,0.9999228270965687,29997.68481289706,9.483488496065277,15.0,19.96415654493866,0,0,12.422796878383739
840,0.9998518162427407,29995.55448728222,9.538122548512636,15.0,20.174382584488463,0,0,12.422796878383739
841,0.9997583691955675,29992.751075867025,9.592420406889397,15.0,20.38331498491,0,0,12.422796878383739
842,0.9996426201998273,29989.27860599482,9.646365981568284,15.0,20.59089183502391,0,0,12.422796878383739
843,0.999504710108847,29985.14130326541,9.699943287311271,15.0,20.79705162532959,0,0,12.422796878383739
844,0.9993447863427642,29980.343590282926,9.753136448006373,15.0,21.0017332662319,0,0,12.422796878383739
845,0.9991630028448436,29974.89008534531,9.805929701372081,15.0,21.204876106143246,0,0,12.422796878383739
846,0.9989595200358604,29968.78560107581,9.85830740362805,15.0,21.40641994945601,0,0,12.422796878383739
847,0.9987345047665638,29962.035142996912,9.910254034130691,15.0,21.60630507437969,0,0,12.422796878383739
848,0.9984881302682355,29954.643908047063,9.96175419997229,15.0,21.80447225063793,0,0,12.422796878383739
849,0.9982205761013581,29946.61728304074,10.01279264054225,15.0,22.000862757019625,0,0,12.422796878383739
850,0.9979320281024068,29937.960843072204,10.063354232049118,15.0,22.195418398779232,0,0,12.422796878383739
851,0.9976226783287824,29928.680349863473,10.11342399200213,15.0,22.388081524881272,0,0,12.422796878383739
852,0.9972927250019007,29918.78175005702,10.162987083650812,15.0,22.578795045083467,0,0,12.422796878383739
853,0.9969423724484546,29908.27117345364,10.212028820381462,15.0,22.767502446853864,0,0,12.422796878383739
854,0.9965718310398685,29897.154931196055,10.260534670069067,15.0,22.95414781211664,0,0,12.422796878383739
855,0.99618131712996,29885.4395138988,10.308490259383523,15.0,23.138675833821956,0,0,12.422796878383739
856,0.99577105299083,29873.1315897249,10.355881378048755,15.0,23.321031832334533,0,0,12.422796878383739
857,0.9953412667469986,29860.23800240996,10.402693983053528,15.0,23.50116177163649,0,0,12.422796878383739
858,0.9948921923078067,29846.7657692342,10.44891420281265,15.0,23.679012275339197,0,0,12.422796878383739
859,0.9944240692981036,29832.72207894311,10.494528341277519,15.0,23.85453064250014,0,0,12.422796878383739
860,0.9939371429872418,29818.114289617253,10.539522881994477,15.0,24.02766486323916,0,0,12.422796878383739
861,0.9934316642163971,29802.94992649191,10.583884492110027,15.0,24.19836363415004,0,0,12.422796878383739
862,0.9929078893242397,29787.23667972719,10.627600026321698,15.0,24.36657637350301,0,0,12.422796878383739
863,0.9923660800709757,29770.98240212927,10.670656530773245,15.0,24.53225323623306,0,0,12.422796878383739
864,0.9918065035607814,29754.19510682344,10.713041246893177,15.0,24.695345128710223,0,0,12.422796878383739
865,0.9912294321626547,29736.88296487964,10.754741615175352,15.0,24.85580372328686,0,0,12.422796878383739
866,0.9906351434297067,29719.0543028912,10.795745278900684,15.0,25.013581472618466,0,0,12.422796878383739
867,0.9900239200169157,29700.717600507473,10.836040087798686,15.0,25.168631623752773,0,0,12.422796878383739
868,0.9893960495973722,29681.881487921164,10.875614101647846,15.0,25.32090823198378,0,0,12.422796878383739
869,0.9887518247770328,29662.554743310986,10.91445559381378,15.0,25.470366174466022,0,0,12.422796878383739
870,0.9880915430080172,29642.746290240513,10.952553054724095,15.0,25.616961163585593,0,0,12.422796878383739
871,0.9874155065004646,29622.465195013938,10.989895195278914,15.0,25.76064976008346,0,0,12.422796878383739
872,0.9867240221329838,29601.720663989516,11.026470950196074,15.0,25.901389385927395,0,0,12.422796878383739
873,0.9860174013617178,29580.522040851534,11.062269481290027,15.0,26.039138336928858,0,0,12.422796878383739
874,0.9852959601280524,29558.878803841573,11.097280180683416,15.0,26.17385579510081,0,0,12.422796878383739
875,0.9845600187649968,29536.800562949902,11.131492673950424,15.0,26.305501840752964,0,0,12.422796878383739
876,0.9838099019022609,29514.297057067826,11.164896823190919,15.0,26.43403746432081,0,0,12.422796878383739
877,0.9830459383700614,29491.378151101842,11.197482730034562,15.0,26.559424577925075,0,0,12.422796878383739
878,0.982268461101682,29468.05383305046,11.229240738573896,15.0,26.681626026657923,0,0,12.422796878383739
879,0.9814778070348181,29444.334211044545,11.260161438225603,15.0,26.800605599592778,0,0,12.422796878383739
880,0.9806743170117348,29420.229510352045,11.290235666519045,15.0,26.916328040514372,0,0,12.422796878383739
881,0.979858335678268,29395.75007034804,11.319454511811326,15.0,27.028759058365974,0,0,12.422796878383739
882,0.9790302113816987,29370.90634145096,11.34780931592799,15.0,27.13786533741055,0,0,12.422796878383739
883,0.9781902960675293,29345.70888202588,11.375291676728633,15.0,27.243614547102883,0,0,12.422796878383739
884,0.9773389451751959,29320.16835525588,11.40189345059663,15.0,27.345975351669903,0,0,12.422796878383739
885,0.9764765175327431,29294.295525982292,11.427606754852269,15.0,27.444917419396088,0,0,12.422796878383739
886,0.9756033752504952,29268.101257514856,11.452423970088569,15.0,27.540411431611435,0,0,12.422796878383739
887,0.9747198836137558,29241.596508412676,11.476337742429045,15.0,27.632429091379183,0,0,12.422796878383739
888,0.9738264109745657,29214.79232923697,11.499340985706855,15.0,27.72094313188083,0,0,12.422796878383739
889,0.9729233286425518,29187.699859276556,11.521426883564569,15.0,27.80592732449591,0,0,12.422796878383739
890,0.9720110107749008,29160.330323247024,11.542588891473995,15.0,27.887356486574035,0,0,12.422796878383739
891,0.9710898342654875,29132.695027964623,11.562820738675477,15.0,27.965206488897085,0,0,12.422796878383739
892,0.9701601786331936,29104.805358995807,11.58211643003605,15.0,28.039454262829228,0,0,12.422796878383739
893,0.9692224259094481,29076.672777283442,11.600470247825932,15.0,28.11007780715268,0,0,12.422796878383739
894,0.9682769605250228,29048.308815750683,11.617876753412798,15.0,28.177056194587042,0,0,12.422796878383739
895,0.9673241691961172,29019.725075883514,11.634330788873381,15.0,28.240369577990613,0,0,12.422796878383739
896,0.9663644408097662,28990.93322429299,11.649827478521868,15.0,28.299999196241487,0,0,12.422796878383739
897,0.9653981663086051,28961.944989258154,11.664362230354676,15.0,28.355927379796867,0,0,12.422796878383739
898,0.9644257385750236,28932.772157250707,11.677930737411142,15.0,28.408137555928924,0,0,12.422796878383739
899,0.9634475523147472,28903.426569442418,11.690528979049798,15.0,28.456614253635685,0,0,12.422796878383739
900,0.9624640039398775,28873.920118196325,11.70215322213975,15.0,28.5013431082254,0,0,12.422796878383739
901,0.9614754914514259,28844.264743542775,11.712800022166903,15.0,28.542310865573143,0,0,12.422796878383739
902,0.9604824143213778,28814.472429641333,11.722466224254632,15.0,28.579505386048247,0,0,12.422796878383739
903,0.9594851733743207,28784.55520122962,11.73114896409864,15.0,28.612915648111567,0,0,12.422796878383739
904,0.958484170668671,28754.52512006013,11.73884566881573,15.0,28.64253175158141,0,0,12.422796878383739
905,0.957479809377535,28724.394281326047,11.74555405770618,15.0,28.668344920567147,0,0,12.422796878383739
906,0.9564724936692405,28694.174810077213,11.751272142929581,15.0,28.690347506069706,0,0,12.422796878383739
907,0.9554626285875729,28663.878857627187,11.755998230093883,15.0,28.70853298824815,0,0,12.422796878383739
908,0.9544506199317521,28633.518597952563,11.759730918757455,15.0,28.722895978351648,0,0,12.422796878383739
909,0.9534368741361849,28603.10622408555,11.76246910284409,15.0,28.733432220316242,0,0,12.422796878383739
910,0.9524217981500306,28572.65394450092,11.764211970970749,15.0,28.74013859202605,0,0,12.422796878383739
911,0.9514057993166122,28542.173979498366,11.76495900668799,15.0,28.7430131062384,0,0,12.422796878383739
912,0.9503892852527126,28511.678557581377,11.764709988633012,15.0,28.742054911172687,0,0,12.422796878383739
913,0.9493726637277884,28481.179911833653,11.763464990595232,15.0,28.737264290762795,0,0,12.422796878383739
914,0.9483563425431393,28450.69027629418,11.761224381494443,15.0,28.728642664572945,0,0,12.422796878383739
915,0.9473407294110677,28420.221882332033,11.757988825271479,15.0,28.716192587377037,0,0,12.422796878383739
916,0.946326231834065,28389.786955021948,11.753759280691474,15.0,28.699917748401642,0,0,12.422796878383739
917,0.9453132569840589,28359.397709521767,11.74853700105977,15.0,28.6798229702328,0,0,12.422796878383739
918,0.9443022115817609,28329.066347452826,11.742323533850527,15.0,28.65591420738695,0,0,12.422796878383739
919,0.943293501776145,28298.80505328435,11.735120720248176,15.0,28.628198544546514,0,0,12.422796878383739
920,0.9422875330240981,28268.625990722943,11.72693069460184,15.0,28.596684194460554,0,0,12.422796878383739
921,0.941284709970273,28238.54129910819,11.717755883792872,15.0,28.561380495511138,0,0,12.422796878383739
922,0.9402854363271848,28208.563089815543,11.70759900651572,15.0,28.522297908946165,0,0,12.422796878383739
923,0.9392901147555813,28178.70344266744,11.696463072472326,15.0,28.479448015779525,0,0,12.422796878383739
924,0.9382991467451266,28148.974402353797,11.684351381480287,15.0,28.43284351335933,0,0,12.422796878383739
925,0.9373129324954301,28119.387974862904,11.671267522495025,15.0,28.38249821160546,0,0,12.422796878383739
926,0.9363318707974599,28089.9561239238,11.657215372546336,15.0,28.328427028917346,0,0,12.422796878383739
927,0.9353563589153715,28060.690767461147,11.642199095589524,15.0,28.270645987753394,0,0,12.422796878383739
928,0.9343867924687901,28031.603774063704,11.62622314127152,15.0,28.209172209883114,0,0,12.422796878383739
929,0.9334235653155802,28002.706959467407,11.609292243612384,15.0,28.144023911313596,0,0,12.422796878383739
930,0.9324670694351368,27974.012083054105,11.591411419602485,15.0,28.075220396891705,0,0,12.422796878383739
931,0.9315176948122336,27945.530844367007,11.572585967715883,15.0,28.002782054583697,0,0,12.422796878383739
932,0.9305758293214618,27917.274879643854,11.552821466340262,15.0,27.926730349433733,0,0,12.422796878383739
933,0.9296418586122949,27889.255758368847,11.532123772123919,15.0,27.847087817203366,0,0,12.422796878383739
934,0.9287161659948121,27861.484979844365,11.510499018240354,15.0,27.763878057693738,0,0,12.422796878383739
935,0.9277991323261155,27833.973969783467,11.487953612570845,15.0,27.67712572775241,0,0,12.422796878383739
936,0.9268911358974739,27806.734076924215,11.464494235805654,15.0,27.58685653396701,0,0,12.422796878383739
937,0.9259925523222262,27779.776569666785,11.44012783946441,15.0,27.493097225047784,0,0,12.422796878383739
938,0.9251037544244805,27753.112632734414,11.414861643836227,15.0,27.39587558390152,0,0,12.422796878383739
939,0.924225112128637,27726.75336385911,11.388703135840156,15.0,27.295220419398674,0,0,12.422796878383739
940,0.9233569923497721,27700.709770493162,11.36166006680666,15.0,27.191161557836796,0,0,12.422796878383739
941,0.9224997588849131,27674.99276654739,11.33374045018073,15.0,27.083729834102357,0,0,12.422796878383739
942,0.9216537723052375,27649.613169157125,11.304952559147335,15.0,26.972957082533654,0,0,12.422796878383739
943,0.9208193898492283,27624.58169547685,11.275304924179874,15.0,26.85887612748767,0,0,12.422796878383739
944,0.9199969653168161,27599.908959504482,11.24480633051244,15.0,26.741520773613416,0,0,12.422796878383739
945,0.9191868489645406,27575.605468936217,11.213465815536548,15.0,26.62092579583502,0,0,12.422796878383739
946,0.918389387401762,27551.68162205286,11.18129266612317,15.0,26.49712692904703,0,0,12.422796878383739
947,0.9176049234879534,27528.147704638603,11.148296415870831,15.0,26.370160857525484,0,0,12.422796878383739
948,0.9168337962311041,27505.01388693312,11.114486842280598,15.0,26.2400652040575,0,0,12.422796878383739
949,0.9160763406872636,27482.29022061791,11.079873963858795,15.0,26.106878518792936,0,0,12.422796878383739
950,0.9153328878612587,27459.98663583776,11.04446803714831,15.0,25.970640267821015,0,0,12.422796878383739
951,0.9146037646086075,27438.112938258226,11.008279553689343,15.0,25.831390821475765,0,0,12.422796878383739
952,0.9138892935386673,27416.67880616002,10.971319236910556,15.0,25.68917144237337,0,0,12.422796878383739
953,0.913189792919037,27395.693787571112,10.933598038951482,15.0,25.54402427318524,0,0,12.422796878383739
954,0.9125055765812483,27375.16729743745,10.89512713741717,15.0,25.395992324150114,0,0,12.422796878383739
955,0.9118369538277695,27355.108614833087,10.855917932066001,15.0,25.245119460329285,0,0,12.422796878383739
956,0.9111842293403545,27335.526880210633,10.815982041431742,15.0,25.091450388608415,0,0,12.422796878383739
957,0.9105477030897567,27316.431092692703,10.775331299380664,15.0,24.935030644449895,0,0,12.422796878383739
958,0.9099276702468434,27297.8301074053,10.733977751604955,15.0,24.77590657839975,0,0,12.422796878383739
959,0.9093244210951283,27279.73263285385,10.6919336520533,15.0,24.614125342352885,0,0,12.422796878383739
960,0.9087382409447559,27262.147228342677,10.649211459299787,15.0,24.449734875581125,0,0,12.422796878383739
961,0.9081694100479568,27245.082301438706,10.605823832852149,15.0,24.282783890527583,0,0,12.422796878383739
962,0.9076182035160038,27228.546105480113,10.561783629400482,15.0,24.11332185837223,0,0,12.422796878383739
963,0.9070848912376892,27212.546737130677,10.517103899007525,15.0,23.941398994372445,0,0,12.422796878383739
964,0.9065697377993525,27197.092133980575,10.471797881241686,15.0,23.76706624298332,0,0,12.422796878383739
965,0.9060730024064768,27182.190072194306,10.425879001253792,15.0,23.59037526276143,0,0,12.422796878383739
966,0.9055949388068808,27167.848164206425,10.37936086579899,15.0,23.4113784110575,0,0,12.422796878383739
967,0.9051357952155281,27154.073856465842,10.332257259204777,15.0,23.230128728501832,0,0,12.422796878383739
968,0.904695814240975,27140.87442722925,10.284582139286364,15.0,23.046679923287044,0,0,12.422796878383739
969,0.9042752328134813,27128.25698440444,10.236349633210683,15.0,22.86108635525322,0,0,12.422796878383739
970,0.9038742821148025,27116.228463444073,10.187574033310224,15.0,22.673403019779997,0,0,12.422796878383739
971,0.9034931875096848,27104.795625290542,10.138269792847922,15.0,22.48368553149028,0,0,12.422796878383739
972,0.9031321684790861,27093.96505437258,10.088451521734285,15.0,22.291990107770268,0,0,12.422796878383739
973,0.9027914385551377,27083.74315665413,10.038133982198222,15.0,22.09837355211113,0,0,12.422796878383739
974,0.9024712052578713,27074.13615773614,9.987332084412609,15.0,21.902893237276835,0,0,12.422796878383739
975,0.9021716700337253,27065.15010101176,9.936060882076188,15.0,21.705607088303577,0,0,12.422796878383739
976,0.9018930281958527,27056.79084587558,9.884335567952721,15.0,21.50657356533503,0,0,12.422796878383739
977,0.9016354688662448,27049.064065987342,9.832171469369102,15.0,21.30585164629953,0,0,12.422796878383739
978,0.9013991749196909,27041.975247590726,9.779584043673546,15.0,21.10350080943367,0,0,12.422796878383739
979,0.9011843229295884,27035.52968788765,9.72658887365521,15.0,20.899581015657464,0,0,12.422796878383739
980,0.9009910831156204,27029.73249346861,9.6732016629267,15.0,20.694152690806774,0,0,12.422796878383739
981,0.9008196192933154,27024.588578799463,9.61943823127074,15.0,20.48727670772773,0,0,12.422796878383739
982,0.900670088825506,27020.10266476518,9.565314509952449,15.0,20.279014368238915,0,0,12.422796878383739
983,0.9005426425756984,27016.27927727095,9.510846536998535,15.0,20.06942738496617,0,0,12.422796878383739
984,0.900437424863368,27013.12274590104,9.456050452444902,15.0,19.85857786305588,0,0,12.422796878383739
985,0.9003545734211954,27010.637202635862,9.400942493553988,15.0,19.646528281771893,0,0,12.422796878383739
986,0.9002942193542522,27008.826580627567,9.345538990003357,15.0,19.43334147598157,0,0,12.422796878383739
987,0.9002564871011525,27007.694613034575,9.289856359046807,15.0,19.21908061753641,0,0,12.422796878383739
988,0.9002414943971786,27007.24483191536,9.233911100649616,15.0,19.003809196552872,0,0,12.422796878383739
989,0.9002493522393935,27007.480567181807,9.177719792599255,15.0,18.787591002598973,0,0,12.422796878383739
990,0.9002801648537506,27008.404945612518,9.121299085593,15.0,18.570490105791922,0,0,12.422796878383739
991,0.9003340296642085,27010.020889926254,9.064665698304,15.0,18.352570837812877,0,0,12.422796878383739
992,0.9004110372638626,27012.331117915877,9.007836412427148,15.0,18.133897772844,0,0,12.422796878383739
993,0.9005112713881007,27015.33814164302,8.950828067706338,15.0,17.91453570843383,0,0,12.422796878383739
994,0.90063480888979,27019.044266693698,8.893657556944444,15.0,17.694549646296256,0,0,12.422796878383739
995,0.9007817197165037,27023.45159149511,8.836341820997651,15.0,17.474004773049174,0,0,12.422796878383739
996,0.900952066889795,27028.56200669385,8.778897843755484,15.0,17.252966440898255,0,0,12.422796878383739
997,0.9011459064865214,27034.37719459564,8.721342647108155,15.0,17.03150014827176,0,0,12.422796878383739
998,0.9013632876222281,27040.89862866684,8.663693285902571,15.0,16.8096715204118,0,0,12.422796878383739
999,0.9016042524365946,27048.127573097838,8.605966842888614,15.0,16.58754628992822,0,0,12.422796878383739
1000,0.9018688360809475,27056.065082428424,8.548180423657225,15.0,16.36519027732079,0,0,13.422796878383739
1001,0.902123389128641,27063.70167385923,9.500678527662378,15.0,16.142669371474778,0,0,13.422796878383739
1002,0.9024018397902354,27072.05519370706,9.435938961448375,15.0,15.920049510137009,0,0,13.422796878383739
1003,0.9027042022318057,27081.12606695417,9.371189801947681,15.0,15.697396660376882,0,0,13.422796878383739
1004,0.9030304835338501,27090.914506015502,9.306450235733678,15.0,15.474776799039114,0,0,13.422796878383739
1005,0.9033806836891924,27101.420510675773,9.241739446537027,15.0,15.252255893193125,0,0,13.422796878383739
1006,0.9037547956029841,27112.643868089523,9.177076609561126,15.0,15.029899880585669,0,0,13.422796878383739
1007,0.9041528050948063,27124.58415284419,9.112480885800101,15.0,14.807774650102093,0,0,13.422796878383739
1008,0.9045746909028722,27137.240727086166,9.047971416361023,15.0,14.585946022242133,0,0,13.422796878383739
1009,0.9050204246903272,27150.612740709814,8.983567316791895,15.0,14.364479729615637,0,0,13.422796878383739
1010,0.9054899710536456,27164.699131609366,8.919287671417374,15.0,14.143441397464716,0,0,13.422796878383739
1011,0.9059832875331217,27179.498625993652,8.855151527683661,15.0,13.922896524217638,0,0,13.422796878383739
1012,0.9065003246254513,27195.00973876354,8.791177890514312,15.0,13.702910462080062,0,0,13.422796878383739
1013,0.9070410257984007,27211.230773952022,8.727385716678686,15.0,13.483548397669892,0,0,13.422796878383739
1014,0.9076053275075585,27228.159825226754,8.663793909174627,15.0,13.264875332701013,0,0,13.422796878383739
1015,0.9081931592151647,27245.794776454943,8.600421311627137,15.0,13.046956064721968,0,0,13.422796878383739
1016,0.9088044434110135,27264.133302330407,8.537286702704558,15.0,12.829855167914925,0,0,13.422796878383739
1017,0.9094390956354202,27283.172869062608,8.474408790554067,15.0,12.613636973961022,0,0,13.422796878383739
1018,0.9100970245042492,27302.910735127476,8.411806207258048,15.0,12.39836555297748,0,0,13.422796878383739
1019,0.9107781317359926,27323.34395207978,8.349497503313014,15.0,12.18410469453232,0,0,13.422796878383739
1020,0.9114823121808937,27344.469365426812,8.287501142132673,15.0,11.970917888742001,0,0,13.422796878383739
1021,0.9122094538521044,27366.28361556313,8.225835494576817,15.0,11.758868307457988,0,0,13.422796878383739
1022,0.9129594379588696,27388.783138766088,8.164518833507703,15.0,11.5480187855477,0,0,13.422796878383739
1023,0.9137321389417281,27411.964168251845,8.103569328375308,15.0,11.338431802274952,0,0,13.422796878383739
1024,0.9145274245097178,27435.822735291535,8.043005039833416,15.0,11.130169462786178,0,0,13.422796878383739
1025,0.9153451556795764,27460.354670387293,7.98284391438777,15.0,10.923293479707116,0,0,13.422796878383739
1026,0.9161851868169256,27485.55560450777,7.923103779078259,15.0,10.717865154856426,0,0,13.422796878383739
1027,0.9170473656794252,27511.42097038276,7.863802336196262,15.0,10.513945361080221,0,0,13.422796878383739
1028,0.9179315334618864,27537.946003856592,7.804957158039133,15.0,10.311594524214357,0,0,13.422796878383739
1029,0.9188375248433286,27565.125745299858,7.746585681703131,15.0,10.110872605178841,0,0,13.422796878383739
1030,0.919765168035968,27592.95504107904,7.68870520391648,15.0,9.911839082210294,0,0,13.422796878383739
1031,0.9207142848361217,27621.42854508365,7.6313328759138965,15.0,9.714552933237034,0,0,13.422796878383739
1032,0.9216846906770134,27650.540720310404,7.574485698354366,15.0,9.519072618402777,0,0,13.422796878383739
1033,0.922676194683465,27680.285840503948,7.518180516283461,15.0,9.325456062743626,0,0,13.422796878383739
1034,0.923688599728456,27710.657991853677,7.4624340141417935,15.0,9.133760639023606,0,0,13.422796878383739
1035,0.9247217024915374,27741.65107474612,7.40726271082106,15.0,8.944043150733894,0,0,13.422796878383739
1036,0.9257752935190798,27773.258805572394,7.352682954769113,15.0,8.75635981526067,0,0,13.422796878383739
1037,0.9268491572863388,27805.47471859016,7.298710919145622,15.0,8.570766247226846,0,0,13.422796878383739
1038,0.9279430722613192,27838.292167839576,7.245362597029544,15.0,8.387317442012034,0,0,13.422796878383739
1039,0.929056810970421,27871.704329112632,7.192653796680073,15.0,8.206067759456367,0,0,13.422796878383739
1040,0.9301901400658436,27905.704201975306,7.140600136852301,15.0,8.027070907752474,0,0,13.422796878383739
1041,0.9313428203947317,27940.28461184195,7.089217042169045,15.0,7.850379927530586,0,0,13.422796878383739
1042,0.9325146070700426,27975.43821210128,7.038519738550196,15.0,7.676047176141447,0,0,13.422796878383739
1043,0.9337052495431105,28011.157486293316,6.988523248700947,15.0,7.504124312141659,0,0,13.422796878383739
1044,0.9349144916778898,28047.43475033669,6.939242387660273,15.0,7.334662279986303,0,0,13.422796878383739
1045,0.9361420718268535,28084.262154805605,6.8906917584108545,15.0,7.1677112949327615,0,0,13.422796878383739
1046,0.9373877229085257,28121.63168725577,6.84288574755195,15.0,7.003320828160996,0,0,13.422796878383739
1047,0.9386511724866224,28159.535174598674,6.795838521036314,15.0,6.841539592114158,0,0,13.422796878383739
1048,0.939932142850782,28197.96428552346,6.749564019972524,15.0,6.6824155260640055,0,0,13.422796878383739
1049,0.9412303510988551,28236.910532965652,6.704075956493934,15.0,6.52599578190549,0,0,13.422796878383739
1050,0.9425455092207355,28276.365276622066,6.659387809695463,15.0,6.3723267101846215,0,0,13.422796878383739
1051,0.9438773241837035,28316.319725511104,6.61551282163945,15.0,6.221453846363767,0,0,13.422796878383739
1052,0.945225498019258,28356.76494057774,6.57246399343177,15.0,6.073421897328645,0,0,13.422796878383739
1053,0.9465897279114109,28397.69183734233,6.530254081369284,15.0,5.928274728140515,0,0,13.422796878383739
1054,0.9479697062864181,28439.09118859254,6.488895593159891,15.0,5.786055349038108,0,0,13.422796878383739
1055,0.9493651209039199,28480.953627117597,6.448400784216258,15.0,5.646805902692859,0,0,13.422796878383739
1056,0.9507756549494649,28523.269648483947,6.408781654024218,15.0,5.510567651720963,0,0,13.422796878383739
1057,0.9522009871283892,28566.029613851675,6.370049942587086,15.0,5.3773809664563945,0,0,13.422796878383739
1058,0.953640791761022,28609.22375283066,6.332217126946857,15.0,5.2472853129884,0,0,13.422796878383739
1059,0.9550947388791927,28652.84216637578,6.29529441778332,15.0,5.120319241466852,0,0,13.422796878383739
1060,0.9565624943240064,28696.874829720193,6.259292756092052,15.0,4.996520374678864,0,0,13.422796878383739
1061,0.9580437198448636,28741.31159534591,6.224222809942384,15.0,4.875925396900444,0,0,13.422796878383739
1062,0.9595380731996904,28786.142195990713,6.1900949713162445,15.0,4.7585700430262055,0,0,13.422796878383739
1063,0.9610452082563522,28831.356247690564,6.156919353028751,15.0,4.644489087980215,0,0,13.422796878383739
1064,0.9625647750952203,28876.94325285661,6.1247057857315905,15.0,4.533716336411521,0,0,13.422796878383739
1065,0.964096420112861,28922.89260338583,6.09346381499998,15.0,4.426284612677083,0,0,13.422796878383739
1066,0.9656397861268151,28969.193583804452,6.063202698504101,15.0,4.322225751115214,0,0,13.422796878383739
1067,0.9671945124814394,29015.83537444318,6.033931403265864,15.0,4.221570586612364,0,0,13.422796878383739
1068,0.9687602351547766,29062.807054643297,6.005658603001772,15.0,4.124348945466096,0,0,13.422796878383739
1069,0.9703365868664229,29110.097605992687,5.978392675552714,15.0,4.0305896365468765,0,0,13.422796878383739
1070,0.971923197186361,29157.69591559083,5.952141700401452,15.0,3.9403204427614655,0,0,13.422796878383739
1071,0.9735196926447266,29205.590779341797,5.926913456278459,15.0,3.8535681128201347,0,0,13.422796878383739
1072,0.9751256968424755,29253.770905274265,5.902715418856941,15.0,3.7703583533105114,0,0,13.422796878383739
1073,0.9767408305629188,29302.224916887564,5.879554758537622,15.0,3.690715821080154,0,0,13.422796878383739
1074,0.9783647118840929,29350.941356522788,5.857438338324002,15.0,3.614664115930187,0,0,13.422796878383739
1075,0.9799969562919317,29399.90868875795,5.836372711788702,15.0,3.5422257736221794,0,0,13.422796878383739
1076,0.9816371767942056,29449.11530382617,5.816364121131491,15.0,3.473422259200288,0,0,13.422796878383739
1077,0.9832849840351963,29498.549521055887,5.797418495329614,15.0,3.408273960630765,0,0,13.422796878383739
1078,0.9849399864110708,29548.199592332126,5.779541448380871,15.0,3.3468001827604823,0,0,13.422796878383739
1079,0.9866017901859229,29598.053705577688,5.76273827764009,15.0,3.289019141596531,0,0,13.422796878383739
1080,0.9882699996084445,29648.099988253336,5.7470139622494045,15.0,3.2349479589084265,0,0,14.422796878383739
1081,0.9899238971698714,29697.71691509614,6.341968941409874,15.0,3.1846026571545516,0,0,14.422796878383739
1082,0.9915834513416696,29747.503540250087,6.326974737607335,15.0,3.137998154734356,0,0,14.422796878383739
1083,0.9932482571617511,29797.447714852533,6.313188515296347,15.0,3.0951482615677053,0,0,14.422796878383739
1084,0.9949179081118513,29847.53724335554,6.300614359632117,15.0,3.0560656750027397,0,0,14.422796878383739
1085,0.996591996237989,29897.75988713967,6.2892559966083414,15.0,3.0207619760533215,0,0,14.422796878383739
1086,0.9982701122713518,29948.103368140553,6.279116791953113,15.0,2.989247625967362,0,0,14.422796878383739
1087,0.9999518457495715,29998.555372487146,6.270199750131594,15.0,2.961531963126927,0,0,14.422796878383739
1088,1.0,30000.0,6.262507513455727,15.0,2.93762320028108,0,0,14.422796878383739
1089,1.0,30000.0,6.256042361301244,15.0,2.917528422112233,0,0,14.422796878383739
1090,1.0,30000.0,6.2508062094322625,15.0,2.9012535831368425,0,0,14.422796878383739
1091,1.0,30000.0,6.246800609433581,15.0,2.888803505940933,0,0,14.422796878383739
1092,1.0,30000.0,6.244026748250935,15.0,2.8801818797510808,0,0,14.422796878383739
1093,1.0,30000.0,6.242485447839251,15.0,2.8753912593411908,0,0,14.422796878383739
1094,1.0,30000.0,6.242177164919111,15.0,2.8744330642754803,0,0,14.422796878383739
1095,1.0,30000.0,6.243101990841392,15.0,2.8773075784878275,0,0,14.422796878383739
1096,1.0,30000.0,6.245259651560217,15.0,2.8840139501976334,0,0,14.422796878383739
1097,1.0,30000.0,6.248649507714147,15.0,2.8945501921622245,0,0,14.422796878383739
1098,1.0,30000.0,6.253270554815646,15.0,2.9089131822657213,0,0,14.422796878383739
1099,1.0,30000.0,6.259121423548727,15.0,2.92709866444417,0,0,14.422796878383739
1100,1.0,30000.0,6.266200380174712,15.0,2.9491012499467306,0,0,14.422796878383739
1101,1.0,30000.0,6.274505327045977,15.0,2.974914418932464,0,0,14.422796878383739
1102,1.0,30000.0,6.28403380322753,15.0,3.004530522402307,0,0,14.422796878383739
1103,1.0,30000.0,6.294782985226233,15.0,3.0379407844656305,0,0,14.422796878383739
1104,1.0,30000.0,6.306749687827476,15.0,3.075135304940731,0,0,14.422796878383739
1105,1.0,30000.0,6.319930365039014,15.0,3.116103062288471,0,0,14.422796878383739
1106,1.0,30000.0,6.33432111114173,15.0,3.160831916878191,0,0,14.422796878383739
1107,1.0,30000.0,6.349917661846973,15.0,3.2093086145849483,0,0,14.422796878383739
1108,1.0,30000.0,6.366715395560169,15.0,3.261518790717002,0,0,14.422796878383739
1109,1.0,30000.0,6.384709334750299,15.0,3.317446974272385,0,0,14.422796878383739
1110,1.0,30000.0,6.403894147424831,15.0,3.3770765925232604,0,0,14.422796878383739
1111,1.0,30000.0,6.42426414870973,15.0,3.440389975926835,0,0,14.422796878383739
1112,1.0,30000.0,6.445813302533997,15.0,3.5073683633611967,0,0,14.422796878383739
1113,1.0,30000.0,6.468535223418286,15.0,3.5779919076846336,0,0,14.422796878383739
1114,1.0,30000.0,6.492423178367055,15.0,3.652239681616782,0,0,14.422796878383739
1115,1.0,30000.0,6.517470088863713,15.0,3.730089683939829,0,0,14.422796878383739
1116,1.0,30000.0,6.543668532968126,15.0,3.81151884601796,0,0,14.422796878383739
1117,1.0,30000.0,6.5710107475158885,15.0,3.8965030386330355,0,0,14.422796878383739
1118,1.0,30000.0,6.59948863041874,15.0,3.98501707913469,0,0,14.422796878383739
1119,1.0,30000.0,6.629093743065374,15.0,4.077034738902432,0,0,14.422796878383739
1120,1.0,30000.0,6.659817312821984,15.0,4.1725287511177696,0,0,14.422796878383739
1121,1.0,30000.0,6.69165023563178,15.0,4.271470818843955,0,0,14.422796878383739
1122,1.0,30000.0,6.724583078712724,15.0,4.3738316234109735,0,0,14.422796878383739
1123,1.0,30000.0,6.758606083352662,15.0,4.4795808331033085,0,0,14.422796878383739
1124,1.0,30000.0,6.793709167801049,15.0,4.588687112147894,0,0,14.422796878383739
1125,1.0,30000.0,6.829881930256363,15.0,4.701118129999495,0,0,14.422796878383739
1126,1.0,30000.0,6.867113651948424,15.0,4.81684057092109,0,0,14.422796878383739
1127,1.0,30000.0,6.905393300314573,15.0,4.935820143855961,0,0,14.422796878383739
1128,1.0,30000.0,6.944709532268846,15.0,5.058021592588807,0,0,14.422796878383739
1129,1.0,30000.0,6.985050697563196,15.0,5.183408706193045,0,0,14.422796878383739
1130,1.0,30000.0,7.026404842239733,15.0,5.311944329760891,0,0,14.422796878383739
1131,1.0,30000.0,7.06875971217289,15.0,5.4435903754130575,0,0,14.422796878383739
1132,1.0,30000.0,7.112102756700601,15.0,5.578307833585009,0,0,14.422796878383739
1133,1.0,30000.0,7.156421132343356,15.0,5.716056784586472,0,0,14.422796878383739
1134,1.0,30000.0,7.201701706609986,15.0,5.8567964104304036,0,0,14.422796878383739
1135,1.0,30000.0,7.24793106188911,15.0,6.000485006928285,0,0,14.422796878383739
1136,1.0,30000.0,7.295095499425029,15.0,6.147079996047857,0,0,14.422796878383739
1137,1.0,30000.0,7.343181043377018,15.0,6.296537938530101,0,0,14.422796878383739
1138,1.0,30000.0,7.392173444960635,15.0,6.44881454676109,0,0,14.422796878383739
1139,1.0,30000.0,7.442058186669945,15.0,6.6038646978954,0,0,14.422796878383739
1140,1.0,30000.0,7.492820486579381,15.0,6.761642447227002,0,0,14.422796878383739
1141,1.0,30000.0,7.544445302723936,15.0,6.9221010418036455,0,0,14.422796878383739
1142,1.0,30000.0,7.596917337556448,15.0,7.085192934280807,0,0,14.422796878383739
1143,1.0,30000.0,7.650221042480532,15.0,7.25086979701087,0,0,14.422796878383739
1144,1.0,30000.0,7.704340622458043,15.0,7.41908253636384,0,0,14.422796878383739
1145,1.0,30000.0,7.759260040689435,15.0,7.5897813072747216,0,0,14.422796878383739
1146,1.0,30000.0,7.81496302336583,15.0,7.762915528013709,0,0,14.422796878383739
1147,1.0,30000.0,7.871433064491292,15.0,7.9384338951746525,0,0,14.422796878383739
1148,1.0,30000.0,7.928653430773911,15.0,8.116284398877374,0,0,14.422796878383739
1149,1.0,30000.0,7.986607166584253,15.0,8.296414338179327,0,0,14.422796878383739
1150,1.0,30000.0,8.045277098979632,15.0,8.478770336691909,0,0,14.422796878383739
1151,1.0,30000.0,8.104645842792888,15.0,8.66329835839722,0,0,14.422796878383739
1152,1.0,30000.0,8.164695805783948,15.0,8.84994372366,0,0,14.422796878383739
1153,1.0,30000.0,8.22540919385279,15.0,9.038651125430377,0,0,14.422796878383739
1154,1.0,30000.0,8.28676801631223,15.0,9.229364645632572,0,0,14.422796878383739
1155,1.0,30000.0,8.348754091218943,15.0,9.42202777173461,0,0,14.422796878383739
1156,1.0,30000.0,8.41134905076116,15.0,9.616583413494222,0,0,14.422796878383739
1157,1.0,30000.0,8.474534346701478,15.0,9.812973919875933,0,0,14.422796878383739
1158,1.0,30000.0,8.53829125587303,15.0,10.011141096134171,0,0,14.422796878383739
1159,1.0,30000.0,8.602600885727652,15.0,10.211026221057857,0,0,14.422796878383739
1160,1.0,30000.0,8.66744417993412,15.0,10.412570064370636,0,0,14.422796878383739
1161,1.0,30000.0,8.732801924024889,15.0,10.615712904281942,0,0,14.422796878383739
1162,1.0,30000.0,8.798654751089884,15.0,10.82039454518425,0,0,14.422796878383739
1163,1.0,30000.0,8.864983147515217,15.0,11.026554335489928,0,0,14.422796878383739
1164,1.0,30000.0,8.931767458765554,15.0,11.23413118560386,0,0,14.422796878383739
1165,1.0,30000.0,8.99898789520812,15.0,11.443063586025396,0,0,14.422796878383739
1166,1.0,30000.0,9.066624537976878,15.0,11.653289625575203,0,0,14.422796878383739
1167,1.0,30000.0,9.134657344874855,15.0,11.864747009740713,0,0,14.422796878383739
1168,1.0,30000.0,9.203066156313113,15.0,12.077373079135414,0,0,14.422796878383739
1169,1.0,30000.0,9.271830701284413,15.0,12.291104828066018,0,0,14.422796878383739
1170,1.0,30000.0,9.340930603370031,15.0,12.505878923202646,0,0,14.422796878383739
1171,1.0,30000.0,9.410345386777685,15.0,12.721631722345705,0,0,14.422796878383739
1172,1.0,30000.0,9.480054482408955,15.0,12.938299293284482,0,0,14.422796878383739
1173,1.0,30000.0,9.550037233954358,15.0,13.15581743274164,0,0,14.422796878383739
1174,1.0,30000.0,9.620272904014264,15.0,13.374121685398032,0,0,14.422796878383739
1175,1.0,30000.0,9.690740680243836,15.0,13.593147362992248,0,0,14.422796878383739
1176,1.0,30000.0,9.761419681520131,15.0,13.812829563488968,0,0,14.422796878383739
1177,1.0,30000.0,9.832288964129706,15.0,14.033103190311095,0,0,14.422796878383739
1178,1.0,30000.0,9.903327527974639,15.0,14.253902971629113,0,0,14.422796878383739
1179,1.0,30000.0,9.974514322795326,15.0,14.475163479702564,0,0,14.422796878383739
1180,1.0,30000.0,10.045828254408125,15.0,14.696819150267714,0,0,14.422796878383739
1181,1.0,30000.0,10.117248190956017,15.0,14.918804301965654,0,0,14.422796878383739
1182,1.0,30000.0,10.18875296917045,15.0,15.14105315580515,0,0,14.422796878383739
1183,1.0,30000.0,10.260321400642411,15.0,15.363499854654194,0,0,14.422796878383739
1184,1.0,30000.0,10.331932278101096,15.0,15.58607848275517,0,0,14.422796878383739
1185,1.0,30000.0,10.403564381698022,15.0,15.80872308525693,0,0,14.422796878383739
1186,1.0,30000.0,10.475196485294951,15.0,16.03136768775869,0,0,14.422796878383739
1187,1.0,30000.0,10.546807362753636,15.0,16.253946315859665,0,0,14.422796878383739
1188,1.0,30000.0,10.618375794225596,15.0,16.47639301470871,0,0,14.422796878383739
1189,1.0,30000.0,10.68988057244003,15.0,16.6986418685482,0,0,14.422796878383739
1190,1.0,30000.0,10.761300508987922,15.0,16.920627020246144,0,0,14.422796878383739
1191,1.0,30000.0,10.832614440600722,15.0,17.142282690811292,0,0,14.422796878383739
1192,1.0,30000.0,10.903801235421408,15.0,17.363543198884745,0,0,14.422796878383739
1193,1.0,30000.0,10.974839799266341,15.0,17.58434298020276,0,0,14.422796878383739
1194,1.0,30000.0,11.045709081875914,15.0,17.804616607024887,0,0,14.422796878383739
1195,1.0,30000.0,11.11638808315221,15.0,18.024298807521607,0,0,14.422796878383739
1196,1.0,30000.0,11.186855859381767,15.0,18.24332448511578,0,0,14.422796878383739
1197,1.0,30000.0,11.257091529441688,15.0,18.461628737772216,0,0,14.422796878383739
1198,1.0,30000.0,11.327074280987093,15.0,18.67914687722937,0,0,14.422796878383739
1199,0.9999930193310125,29999.790579930373,11.396783376618362,15.0,18.895814448168153,0,0,14.422796878383739
1200,0.9999624930545681,29998.87479163704,11.46619816002603,15.0,19.111567247311257,0,0,14.422796878383739
1201,0.9999085170158906,29997.255510476716,11.535298062111648,15.0,19.326341342447883,0,0,14.422796878383739
1202,0.9998311940088743,29994.93582026623,11.604062607082946,15.0,19.54007309137849,0,0,14.422796878383739
1203,0.9997306337456244,29991.919012368733,11.672471418521177,15.0,19.752699160773098,0,0,14.422796878383739
1204,0.9996069528239464,29988.20858471839,11.74050422541917,15.0,19.964156544938653,0,0,14.422796878383739
1205,0.999460274692796,29983.808240783877,11.808140868187927,15.0,20.174382584488463,0,0,14.422796878383739
1206,0.999290729615698,29978.72188847094,11.875361304630491,15.0,20.383314984909997,0,0,14.422796878383739
1207,0.9990984546321474,29972.953638964424,11.942145615880817,15.0,20.59089183502389,0,0,14.422796878383739
1208,0.9988835935170006,29966.50780551002,12.008474012306163,15.0,20.79705162532961,0,0,14.422796878383739
1209,0.9986462967378724,29959.388902136172,12.074326839371157,15.0,21.001733266231916,0,0,14.422796878383739
1210,0.9983867214105488,29951.601642316466,12.13968458346194,15.0,21.204876106143267,0,0,14.422796878383739
1211,0.998105031252431,29943.15093757293,12.204527877668394,15.0,21.406419949456,0,0,14.422796878383739
1212,0.9978013965340212,29934.041896020637,12.268837507523017,15.0,21.606305074379687,0,0,14.422796878383739
1213,0.9974759940284689,29924.279820854066,12.332594416694567,15.0,21.80447225063793,0,0,14.422796878383739
1214,0.9971290069591884,29913.87020877565,12.395779712634873,15.0,22.000862757019597,0,0,14.422796878383739
1215,0.996760624945566,29902.818748366983,12.458374672177106,15.0,22.195418398779246,0,0,14.422796878383739
1216,0.9963710439467723,29891.13131840317,12.520360747083817,15.0,22.38808152488129,0,0,14.422796878383739
1217,0.9959604662036942,29878.813986110825,12.58171956954326,15.0,22.578795045083485,0,0,14.422796878383739
1218,0.9955291001790071,29865.873005370213,12.642432957612101,15.0,22.76750244685386,0,0,14.422796878383739
1219,0.9950771604954032,29852.314814862097,12.702482920603158,15.0,22.95414781211664,0,0,14.422796878383739
1220,0.9946048678719936,29838.14603615981,12.761851664416415,15.0,23.138675833821956,0,0,14.422796878383739
1221,0.9941124490589051,29823.37347176715,12.820521596811794,15.0,23.321031832334533,0,0,14.422796878383739
1222,0.993600136770088,29808.004103102638,12.878475332622136,15.0,23.50116177163649,0,0,14.422796878383739
1223,0.9930681696143595,29792.045088430787,12.935695698904757,15.0,23.679012275339208,0,0,14.422796878383739
1224,0.9925167920246981,29775.503760740943,12.99216574003022,15.0,23.85453064250016,0,0,14.422796878383739
1225,0.9919462541858125,29758.387625574374,13.047868722706612,15.0,24.02766486323914,0,0,14.422796878383739
1226,0.9913568119600067,29740.7043588002,13.102788140938006,15.0,24.19836363415002,0,0,14.422796878383739
1227,0.990748726811363,29722.46180434089,13.156907720915516,15.0,24.366576373502994,0,0,14.422796878383739
1228,0.9901222657282635,29703.667971847903,13.2102114258396,15.0,24.532253236233053,0,0,14.422796878383739
1229,0.9894777011442765,29684.331034328294,13.2626834606721,15.0,24.695345128710187,0,0,14.422796878383739
1230,0.9888153108574284,29664.45932572285,13.314308276816671,15.0,24.85580372328686,0,0,14.422796878383739
1231,0.9881353779478861,29644.061338436582,13.365070576726104,15.0,25.013581472618466,0,0,14.422796878383739
1232,0.9874381906940739,29623.145720822216,13.414955318435416,15.0,25.168631623752773,0,0,14.422796878383739
1233,0.9867240424872512,29601.721274617536,13.46394772001904,15.0,25.320908231983793,0,0,14.422796878383739
1234,0.9859932317445732,29579.796952337198,13.51203326397103,15.0,25.470366174466037,0,0,14.422796878383739
1235,0.9852460618206648,29557.381854619944,13.559197701506939,15.0,25.61696116358558,0,0,14.422796878383739
1236,0.9844828409177286,29534.48522753186,13.605427056786052,15.0,25.760649760083428,0,0,14.422796878383739
1237,0.9837038819942193,29511.11645982658,13.650707631052693,15.0,25.901389385927395,0,0,14.422796878383739
1238,0.9829095026721063,29487.28508016319,13.69502600669545,15.0,26.039138336928858,0,0,14.422796878383739
1239,0.9821000251427563,29463.00075428269,13.73836905122316,15.0,26.17385579510081,0,0,14.422796878383739
1240,0.9812757760714605,29438.273282143815,13.780723921156309,15.0,26.305501840752946,0,0,14.422796878383739
1241,0.9804370865006367,29413.112595019098,13.822078065832851,15.0,26.434037464320824,0,0,14.422796878383739
1242,0.979584291751734,29387.52875255202,13.862419231127209,15.0,26.559424577925082,0,0,14.422796878383739
1243,0.9787177313258711,29361.531939776134,13.901735463081483,15.0,26.68162602665793,0,0,14.422796878383739
1244,0.9778377488032333,29335.132464096998,13.940015111447625,15.0,26.800605599592775,0,0,14.422796878383739
1245,0.9769446917412625,29308.340752237877,13.977246833139686,15.0,26.916328040514372,0,0,14.422796878383739
1246,0.9760389115716696,29281.167347150087,14.013419595595,15.0,27.028759058365974,0,0,14.422796878383739
1247,0.9751207634962963,29253.62290488889,14.04852268004338,15.0,27.13786533741054,0,0,14.422796878383739
1248,0.9741906063818617,29225.718191455853,14.082545684683325,15.0,27.243614547102894,0,0,14.422796878383739
1249,0.9732488026536229,29197.464079608686,14.115478527764271,15.0,27.345975351669914,0,0,14.422796878383739
1250,0.9722957181879792,29168.871545639377,14.147311450574067,15.0,27.4449174193961,0,0,14.422796878383739
1251,0.9713317222040566,29139.9516661217,14.178035020330675,15.0,27.54041143161143,0,0,14.422796878383739
1252,0.970357187154299,29110.71561462897,14.20764013297731,15.0,27.63242909137918,0,0,14.422796878383739
1253,0.9693724886141031,29081.174658423093,14.236118015880162,15.0,27.72094313188083,0,0,14.422796878383739
1254,0.9683780051705272,29051.340155115817,14.263460230427924,15.0,27.805927324495908,0,0,14.422796878383739
1255,0.9673741183101076,29021.223549303228,14.289658674532337,15.0,27.887356486574042,0,0,14.422796878383739
1256,0.9663612123058158,28990.836369174474,14.314705585028996,15.0,27.96520648889709,0,0,14.422796878383739
1257,0.9653396741031907,28960.19022309572,14.338593539977765,15.0,28.03945426282923,0,0,14.422796878383739
1258,0.9643098932056774,28929.29679617032,14.361315460862054,15.0,28.110077807152674,0,0,14.422796878383739
1259,0.9632722615592096,28898.16784677629,14.38286461468632,15.0,28.177056194587035,0,0,14.422796878383739
1260,0.9622271734360675,28866.815203082024,14.403234615971222,15.0,28.240369577990613,0,0,14.422796878383739
1261,0.9611750253180459,28835.250759541377,14.422419428645751,15.0,28.299999196241487,0,0,14.422796878383739
1262,0.9601162157789687,28803.48647336906,14.440413367835877,15.0,28.35592737979686,0,0,14.422796878383739
1263,0.9590511453665825,28771.534360997477,14.457211101549078,15.0,28.408137555928924,0,0,14.422796878383739
1264,0.9579802164838661,28739.406494515984,14.472807652254321,15.0,28.456614253635678,0,0,14.422796878383739
1265,0.9569038332697892,28707.114998093675,14.487198398357037,15.0,28.5013431082254,0,0,14.422796878383739
1266,0.9558224014795574,28674.672044386723,14.500379075568578,15.0,28.54231086557315,0,0,14.422796878383739
1267,0.9547363283643789,28642.089850931367,14.51234577816982,15.0,28.579505386048243,0,0,14.422796878383739
1268,0.9536460225507862,28609.380676523586,14.523094960168523,15.0,28.612915648111567,0,0,14.422796878383739
1269,0.952551893919552,28576.55681758656,14.532623436350073,15.0,28.64253175158141,0,0,14.422796878383739
1270,0.951454353484232,28543.63060452696,14.540928383221342,15.0,28.668344920567147,0,0,15.422796878383739
1271,0.9503072010160916,28509.21603048275,15.946374938306196,15.0,28.690347506069706,0,0,15.422796878383739
1272,0.9491574429354998,28474.723288064994,15.952788197823669,15.0,28.70853298824815,0,0,15.422796878383739
1273,0.9480054968628328,28440.164905884983,15.95785342414413,15.0,28.722895978351648,0,0,15.422796878383739
1274,0.9468517810668161,28405.553432004483,15.96156911633171,15.0,28.733432220316242,0,0,15.422796878383739
1275,0.9456967143405826,28370.901430217476,15.963934173346617,15.0,28.74013859202605,0,0,15.422796878383739
1276,0.9445407158775746,28336.22147632724,15.964947894371416,15.0,28.7430131062384,0,0,15.422796878383739
1277,0.9433842051473287,28301.526154419862,15.964609979018697,15.0,28.742054911172687,0,0,15.422796878383739
1278,0.942227601771177,28266.828053135312,15.96292052742006,15.0,28.737264290762795,0,0,15.422796878383739
1279,0.9410713253979046,28232.13976193714,15.959880040196484,15.0,28.728642664572945,0,0,15.422796878383739
1280,0.9399157955793985,28197.473867381956,15.95548941830995,15.0,28.716192587377037,0,0,15.422796878383739
1281,0.9387614316463255,28162.842949389767,15.949749962796478,15.0,28.699917748401642,0,0,15.422796878383739
1282,0.9376086525838754,28128.259577516263,15.942663374380604,15.0,28.67982297023279,0,0,15.422796878383739
1283,0.9364578769076066,28093.7363072282,15.934231752971424,15.0,28.65591420738695,0,0,15.422796878383739
1284,0.935309522539431,28059.28567618293,15.92445759704032,15.0,28.628198544546514,0,0,15.422796878383739
1285,0.9341640066837748,28024.920200513243,15.913343802880648,15.0,28.596684194460558,0,0,15.422796878383739
1286,0.9330217457039511,27990.652371118533,15.900893663749468,15.0,28.561380495511138,0,0,15.422796878383739
1287,0.9318831549987836,27956.494649963508,15.887110868891698,15.0,28.52229790894617,0,0,15.422796878383739
1288,0.9307486488795144,27922.45946638543,15.871999502446915,15.0,28.479448015779525,0,0,15.422796878383739
1289,0.9296186404470342,27888.559213411027,15.855564042239127,15.0,28.432843513359327,0,0,15.422796878383739
1290,0.9284935414694726,27854.80624408418,15.8378093584499,15.0,28.382498211605455,0,0,15.422796878383739
1291,0.9273737622601815,27821.212867805447,15.818740712175215,15.0,28.328427028917353,0,0,15.422796878383739
1292,0.9262597115561505,27787.791346684517,15.798363753866504,15.0,28.270645987753397,0,0,15.422796878383739
1293,0.9251517963968896,27754.55389190669,15.776684521656275,15.0,28.209172209883114,0,0,15.422796878383739
1294,0.9240504220038146,27721.512660114437,15.753709439568919,15.0,28.144023911313596,0,0,15.422796878383739
1295,0.9229559916601706,27688.67974980512,15.729445315617095,15.0,28.075220396891716,0,0,15.422796878383739
1296,0.9218689065915318,27656.067197745953,15.703899339784389,15.0,28.002782054583697,0,0,15.422796878383739
1297,0.9207895658469081,27623.686975407243,15.677079081894778,15.0,27.92673034943373,0,0,15.422796878383739
1298,0.9197183661804996,27591.55098541499,15.648992489369498,15.0,27.847087817203374,0,0,15.422796878383739
1299,0.9186557019341292,27559.671058023876,15.619647884872071,15.0,27.763878057693752,0,0,15.422796878383739
1300,0.9176019649203901,27528.058947611706,15.589053963842119,15.0,27.677125727752415,0,0,15.422796878383739
1301,0.9165575443065447,27496.72632919634,15.557219791918715,15.0,27.58685653396701,0,0,15.422796878383739
1302,0.915522826499204,27465.68479497612,15.524154802254039,15.0,27.493097225047805,0,0,15.422796878383739
1303,0.9144981950298289,27434.945850894866,15.489868792718116,15.0,27.39587558390152,0,0,15.422796878383739
1304,0.9134840304410802,27404.520913232405,15.454371922995549,15.0,27.295220419398674,0,0,15.422796878383739
1305,0.9124807101740564,27374.42130522169,15.417674711574902,15.0,27.1911615578368,0,0,15.422796878383739
1306,0.911488608456449,27344.65825369347,15.379788032631922,15.0,27.083729834102364,0,0,15.422796878383739
1307,0.9105080961916514,27315.242885749543,15.340723112807225,15.0,26.972957082533647,0,0,15.422796878383739
1308,0.9095395408488522,27286.186225465568,15.300491527879666,15.0,26.858876127487655,0,0,15.422796878383739
1309,0.908583306354146,27257.499190624378,15.259105199336123,15.0,26.741520773613445,0,0,15.422796878383739
1310,0.9076397529826936,27229.19258948081,15.216576390838913,15.0,26.62092579583502,0,0,15.422796878383739
1311,0.9067092372519661,27201.27711755898,15.17291770459186,15.0,26.497126929047035,0,0,15.422796878383739
1312,0.9057921118160996,27173.763354482988,15.128142077605935,15.0,26.370160857525484,0,0,15.422796878383739
1313,0.9048887253613973,27146.66176084192,15.082262777865736,15.0,26.240065204057522,0,0,15.422796878383739
1314,0.9039994225030057,27119.98267509017,15.035293400397933,15.0,26.106878518792925,0,0,15.422796878383739
1315,0.9031245436827975,27093.736310483924,14.98724786324276,15.0,25.970640267821,0,0,15.422796878383739
1316,0.9022644250684916,27067.93275205475,14.938140403329786,15.0,25.831390821475747,0,0,15.422796878383739
1317,0.9014193984540398,27042.581953621197,14.887985572259208,15.0,25.68917144237337,0,0,15.422796878383739
1318,0.9005897911613083,27017.69373483925,14.836798231989894,15.0,25.544024273185244,0,0,15.422796878383739
1319,0.8997759259430855,26993.277778292566,14.784593550435485,15.0,25.395992324150125,0,0,15.422796878383739
1320,0.8989781208874433,26969.3436266233,14.731386996969793,15.0,25.2451194603293,0,0,15.422796878383739
1321,0.8981966893234813,26945.90067970444,14.677194337842892,15.0,25.0914503886084,0,0,15.422796878383739
1322,0.8974319397284793,26922.95819185438,14.622031631509275,15.0,24.935030644449885,0,0,15.422796878383739
1323,0.8966841756364904,26900.525269094713,14.565915223869325,15.0,24.775906578399734,0,0,15.422796878383739
1324,0.8959536955483963,26878.61086645189,14.508861743425719,15.0,24.614125342352892,0,0,15.422796878383739
1325,0.8952407928434554,26857.22378530366,14.450888096356028,15.0,24.44973487558113,0,0,15.422796878383739
1326,0.8945457556923679,26836.372670771038,14.392011461503056,15.0,24.28278389052759,0,0,15.422796878383739
1327,0.8938688669718853,26816.06600915656,14.332249285284362,15.0,24.11332185837223,0,0,15.422796878383739
1328,0.893210404180987,26796.31212542961,14.271619276522529,15.0,23.94139899437245,0,0,15.422796878383739
1329,0.8925706393586518,26777.119180759553,14.210139401197676,15.0,23.767066242983304,0,0,15.422796878383739
1330,0.8919498390032471,26758.495170097412,14.147827877123694,15.0,23.590375262761413,0,0,15.422796878383739
1331,0.8913482639935594,26740.447919806782,14.084703168549964,15.0,23.411378411057527,0,0,15.422796878383739
1332,0.8907661695114905,26722.985085344713,14.020783980689973,15.0,23.230128728501853,0,0,15.422796878383739
1333,0.8902038049664409,26706.114148993227,13.956089254178579,15.0,23.046679923287044,0,0,15.422796878383739
1334,0.8896614139214056,26689.84241764217,13.890638159459467,15.0,22.861086355253228,0,0,15.422796878383739
1335,0.8891392340208001,26674.177020624003,13.82445009110456,15.0,22.673403019780032,0,0,15.422796878383739
1336,0.8886374969200418,26659.124907601254,13.757544662066945,15.0,22.483685531490288,0,0,15.422796878383739
1337,0.8881564282169052,26644.692846507158,13.68994169786922,15.0,22.291990107770268,0,0,15.422796878383739
1338,0.8876962473846726,26630.887421540177,13.621661230728645,15.0,22.09837355211112,0,0,15.422796878383739
1339,0.8872571677070993,26617.715031212978,13.55272349362124,15.0,21.90289323727682,0,0,15.422796878383739
1340,0.886839396215213,26605.18188645639,13.48314891428635,15.0,21.7056070883036,0,0,15.422796878383739
1341,0.8864431336259663,26593.294008778987,13.412958109173324,15.0,21.506573565335053,0,0,15.422796878383739
1342,0.8860685742827595,26582.057228482787,13.342171877332582,15.0,21.30585164629958,0,0,15.422796878383739
1343,0.8857159060978531,26571.477182935592,13.270811194252293,15.0,21.10350080943367,0,0,15.422796878383739
1344,0.8853853104966843,26561.55931490053,13.198897205642972,15.0,20.89958101565747,0,0,15.422796878383739
1345,0.885076962364108,26552.30887092324,13.126451221171461,15.0,20.694152690806778,0,0,15.422796878383739
1346,0.8847910299925739,26543.730899777216,13.05349470814647,15.0,20.48727670772776,0,0,15.422796878383739
1347,0.8845276750322577,26535.83025096773,12.980049285157325,15.0,20.279014368238897,0,0,15.422796878383739
1348,0.8842870524431611,26528.61157329483,12.90613671566797,15.0,20.069427384966147,0,0,15.422796878383739
1349,0.8840693104491932,26522.0793134758,12.831778901567887,15.0,19.858577863055864,0,0,15.422796878383739
1350,0.8838745904942497,26516.23771482749,12.75699787668218,15.0,19.646528281771893,0,0,16.42279687838374
1351,0.8836659574579626,26509.978723738877,13.793908070322104,15.0,19.43334147598157,0,0,16.42279687838374
1352,0.8834808297119173,26504.42489135752,13.711721147411621,15.0,19.219080617536413,0,0,16.42279687838374
1353,0.8833193291583179,26499.579874749536,13.629146589419122,15.0,19.003809196552893,0,0,16.42279687838374
1354,0.8831815706981205,26495.447120943616,13.546208864968225,15.0,18.787591002598948,0,0,16.42279687838374
1355,0.8830676621969874,26492.029865909622,13.462932550296667,15.0,18.5704901057919,0,0,16.42279687838374
1356,0.8829777044533229,26489.331133599688,13.379342321973716,15.0,18.35257083781286,0,0,16.42279687838374
1357,0.882911791168405,26487.35373505215,13.295462949588046,15.0,18.133897772844005,0,0,16.42279687838374
1358,0.8828700089186199,26486.100267558595,13.211319288407967,15.0,17.91453570843383,0,0,16.42279687838374
1359,0.8828524371298067,26485.5731138942,13.126936272016248,15.0,17.69454964629626,0,0,16.42279687838374
1360,0.882859148053723,26485.77444161169,13.042338904921785,15.0,17.474004773049177,0,0,16.42279687838374
1361,0.8828902067466345,26486.706202399037,12.95755225515019,15.0,17.252966440898238,0,0,16.42279687838374
1362,0.8829456710500373,26488.37013150112,12.872601446815668,15.0,17.03150014827174,0,0,16.42279687838374
1363,0.8830255915735182,26490.767747205547,12.787511652676105,15.0,16.809671520411783,0,0,16.42279687838374
1364,0.8831300116797587,26493.90035039276,12.702308086673892,15.0,16.587546289928248,0,0,16.42279687838374
1365,0.8832589674716846,26497.76902415054,12.617015996464474,15.0,16.365190277320792,0,0,16.42279687838374
1366,0.8834124877817691,26502.374633453073,12.531660655934942,15.0,16.14266937147478,0,0,16.42279687838374
1367,0.8835905941634881,26507.71782490464,12.446267357714808,15.0,15.920049510137012,0,0,16.42279687838374
1368,0.8837933008849337,26513.79902654801,12.360861405681273,15.0,15.69739666037693,0,0,16.42279687838374
1369,0.8840206149245872,26520.618447737615,12.27546810746112,15.0,15.474776799039116,0,0,16.42279687838374
1370,0.8842725359692497,26528.17607907749,12.190112766931584,15.0,15.252255893193105,0,0,16.42279687838374
1371,0.884549056414136,26536.47169242408,12.10482067672217,15.0,15.02989988058565,0,0,16.42279687838374
1372,0.8848501613651275,26545.504840953825,12.019617110719956,15.0,14.807774650102115,0,0,16.42279687838374
1373,0.8851758286431861,26555.274859295583,11.934527316580393,15.0,14.585946022242158,0,0,16.42279687838374
1374,0.8855260287909259,26565.780863727778,11.849576508245873,15.0,14.364479729615663,0,0,16.42279687838374
1375,0.8859007250813424,26577.021752440272,11.764789858474295,15.0,14.143441397464766,0,0,16.42279687838374
1376,0.8862998735286954,26588.99620586086,11.680192491379813,15.0,13.922896524217638,0,0,16.42279687838374
1377,0.8867234229015425,26601.702687046276,11.595809474988094,15.0,13.702910462080062,0,0,16.42279687838374
1378,0.887171314737921,26615.139442137628,11.511665813808014,15.0,13.483548397669896,0,0,16.42279687838374
1379,0.8876434833626704,26629.304500880113,11.427786441422345,15.0,13.264875332701038,0,0,16.42279687838374
1380,0.8881398559068944,26644.19567720683,11.344196213099377,15.0,13.04695606472195,0,0,16.42279687838374
1381,0.8886603523295523,26659.81056988657,11.260919898427817,15.0,12.829855167914904,0,0,16.42279687838374
1382,0.8892048854411783,26676.146563235347,11.177982173976956,15.0,12.613636973961047,0,0,16.42279687838374
1383,0.8897733609297164,26693.20082789149,11.09540761598444,15.0,12.398365552977484,0,0,16.42279687838374
1384,0.8903656773884677,26710.970321654033,11.013220693073956,15.0,12.184104694532321,0,0,16.42279687838374
1385,0.8909817263461397,26729.45179038419,10.931445759004484,15.0,11.970917888742004,0,0,16.42279687838374
1386,0.8916213922989877,26748.64176896963,10.850107045453843,15.0,11.758868307458034,0,0,16.42279687838374
1387,0.8922845527450419,26768.53658235126,10.769228654838265,15.0,11.548018785547704,0,0,16.42279687838374
1388,0.8929710782204073,26789.13234661222,10.688834553170427,15.0,11.338431802274956,0,0,16.42279687838374
1389,0.8936808323376262,26810.424970128784,10.608948562957686,15.0,11.130169462786139,0,0,16.42279687838374
1390,0.8944136718260929,26832.410154782785,10.529594356143015,15.0,10.92329347970712,0,0,16.42279687838374
1391,0.8951694465745083,26855.08339723525,10.450795447090501,15.0,10.717865154856426,0,0,16.42279687838374
1392,0.8959479996753605,26878.439990260817,10.372575185617519,15.0,10.513945361080225,0,0,16.42279687838374
1393,0.8967491674714205,26902.475024142615,10.294956750075672,15.0,10.311594524214362,0,0,16.42279687838374
1394,0.8975727796042368,26927.1833881271,10.217963140482553,15.0,10.110872605178887,0,0,16.42279687838374
1395,0.8984186590646165,26952.559771938493,10.14161717170633,15.0,9.9118390822103,0,0,16.42279687838374
1396,0.899286622245077,26978.59866735231,10.065941466705262,15.0,9.714552933237036,0,0,16.42279687838374
1397,0.9001764789942531,27005.294369827592,9.990958449823939,15.0,9.519072618402781,0,0,16.42279687838374
1398,0.9010880326732423,27032.64098019727,9.91669034014853,15.0,9.32545606274363,0,0,16.42279687838374
1399,0.902021080213874,27060.632406416218,9.843159144922772,15.0,9.133760639023606,0,0,16.42279687838374
1400,0.9029754121788819,27089.262365366456,9.770386653026742,15.0,8.944043150733897,0,0,16.42279687838374
1401,0.9039508128239659,27118.524384718978,9.69839442852033,15.0,8.756359815260673,0,0,16.42279687838374
1402,0.9049470601617212,27148.411804851636,9.627203804253424,15.0,8.570766247226885,0,0,16.42279687838374
1403,0.9059639260274178,27178.917780822536,9.556835875544357,15.0,8.387317442012037,0,0,16.42279687838374
1404,0.9070011761466114,27210.035284398342,9.487311493929106,15.0,8.206067759456369,0,0,16.42279687838374
1405,0.9080585702045629,27241.757106136887,9.418651260982395,15.0,8.027070907752478,0,0,16.42279687838374
1406,0.9091358619174496,27274.075857523487,9.350875522213055,15.0,7.850379927530589,0,0,16.42279687838374
1407,0.9102327991053444,27306.98397316033,9.284004361035185,15.0,7.676047176141413,0,0,16.42279687838374
1408,0.9113491237669417,27340.47371300825,9.218057592817086,15.0,7.5041243121416965,0,0,16.42279687838374
1409,0.9124845721560093,27374.537164680278,9.153054759009372,15.0,7.334662279986307,0,0,16.42279687838374
1410,0.9136388748595415,27409.166245786248,9.089015121354628,15.0,7.167711294932797,0,0,16.42279687838374
1411,0.9148117568775928,27444.352706327783,9.025957656179532,15.0,7.003320828161,0,0,16.42279687838374
1412,0.9160029377047652,27480.088131142955,8.96390104877193,15.0,6.841539592114126,0,0,16.42279687838374
1413,0.9172121314133289,27516.36394239987,8.902863687843915,15.0,6.682415526064007,0,0,16.42279687838374
1414,0.9184390467379491,27553.171402138472,8.842863660082783,15.0,6.525995781905492,0,0,16.42279687838374
1415,0.9196833871619929,27590.50161485979,8.78391874479167,15.0,6.372326710184591,0,0,16.42279687838374
1416,0.9209448510053949,27628.34553016185,8.726046408621146,15.0,6.221453846363801,0,0,16.42279687838374
1417,0.9222231315140508,27666.693945421524,8.669263800393361,15.0,6.0734218973286485,0,0,16.42279687838374
1418,0.9235179169507154,27705.537508521462,8.613587746020622,15.0,5.928274728140487,0,0,16.42279687838374
1419,0.9248288906873773,27744.866720621318,8.559034743519454,15.0,5.786055349038139,0,0,16.42279687838374
1420,0.9261557312990822,27784.671938972468,8.5056209581218,15.0,5.646805902692859,0,0,16.42279687838374
1421,0.9274981126591786,27824.94337977536,8.45336221748508,15.0,5.510567651720965,0,0,16.42279687838374
1422,0.9288557040359557,27865.67112107867,8.402274007001942,15.0,5.377380966456368,0,0,16.42279687838374
1423,0.9302281701906464,27906.845105719392,8.352371465211757,15.0,5.2472853129884,0,0,16.42279687838374
1424,0.9316151714767661,27948.45514430298,8.30366937931464,15.0,5.120319241466877,0,0,16.42279687838374
1425,0.9330163639407565,27990.490918222695,8.25618218078969,15.0,4.996520374678868,0,0,16.42279687838374
1426,0.9344313994239078,28032.941982717235,8.209923941118706,15.0,4.875925396900444,0,0,16.42279687838374
1427,0.9358599256655247,28075.79776996574,8.164908367616462,15.0,4.758570043026232,0,0,16.42279687838374
1428,0.9373015864073083,28119.04759221925,8.121148799368857,15.0,4.644489087980216,0,0,16.42279687838374
1429,0.9387560214989249,28162.680644967746,8.078658203280405,15.0,4.533716336411521,0,0,16.42279687838374
1430,0.9402228670047245,28206.686010141733,8.037449170231739,15.0,4.426284612677085,0,0,16.42279687838374
1431,0.9417017553115837,28251.05265934751,7.997533911348711,15.0,4.322225751115214,0,0,16.42279687838374
1432,0.9431923152378374,28295.769457135124,7.958924254383974,15.0,4.221570586612366,0,0,16.42279687838374
1433,0.9446941721432678,28340.825164298032,7.921631640212151,15.0,4.124348945466098,0,0,16.42279687838374
1434,0.9462069480401177,28386.208441203533,7.8856671194396535,15.0,4.0305896365468765,0,0,16.42279687838374
1435,0.9477302617050981,28431.907851152944,7.8510413491301865,15.0,3.940320442761487,0,0,16.42279687838374
1436,0.9492637287923514,28477.911863770543,7.817764589646748,15.0,3.8535681128201347,0,0,16.42279687838374
1437,0.9508069619473418,28524.208858420254,7.785846701611367,15.0,3.770358353310513,0,0,16.42279687838374
1438,0.9523595709216368,28570.787127649106,7.755297142983105,15.0,3.690715821080154,0,0,16.42279687838374
1439,0.9539211626885467,28617.6348806564,7.726124966255498,15.0,3.614664115930189,0,0,16.42279687838374
1440,0.9554913415595859,28664.740246787576,7.698338815774091,15.0,3.5422257736221656,0,0,16.42279687838374
1441,0.957069709301725,28712.09127905175,7.671946925174961,15.0,3.473422259200302,0,0,16.42279687838374
1442,0.9586558652553953,28759.675957661857,7.646957114944859,15.0,3.408273960630767,0,0,16.42279687838374
1443,0.9602494064532124,28807.482193596374,7.623376790103899,15.0,3.3468001827604947,0,0,16.42279687838374
1444,0.9618499277393855,28855.497832181565,7.601212938011214,15.0,3.289019141596531,0,0,16.42279687838374
1445,0.9634570218897723,28903.71065669317,7.580472126294525,15.0,3.234947958908416,0,0,16.42279687838374
1446,0.9650702797325494,28952.108391976482,7.561160500903979,15.0,3.1846026571545516,0,0,16.42279687838374
1447,0.9666892902694582,29000.678708083746,7.543283784290944,15.0,3.137998154734356,0,0,16.42279687838374
1448,0.9683136407975926,29049.409223927778,7.526847273712361,15.0,3.0951482615677075,0,0,16.42279687838374
1449,0.9699429170316919,29098.287510950755,7.511855839661057,15.0,3.056065675002748,0,0,16.42279687838374
1450,0.9715767032269024,29147.30109680707,7.49831392442247,15.0,3.020761976053323,0,0,16.42279687838374
1451,0.9732145823019716,29196.437469059147,7.486225540758347,15.0,2.989247625967357,0,0,16.42279687838374
1452,0.9748561359628384,29245.68407888515,7.475594270717664,15.0,2.961531963126933,0,0,16.42279687838374
1453,0.9765009448265827,29295.02834479748,7.466423264575168,15.0,2.9376232002810765,0,0,16.42279687838374
1454,0.9781485885456973,29344.45765637092,7.458715239897909,15.0,2.917528422112233,0,0,16.42279687838374
1455,0.9797986459326463,29393.95937797939,7.452472480739946,15.0,2.901253583136839,0,0,16.42279687838374
1456,0.9814506950846722,29443.520852540165,7.447696836965554,15.0,2.888803505940933,0,0,16.42279687838374
1457,0.983104313508814,29493.12940526442,7.444389723701049,15.0,2.880181879751083,0,0,16.42279687838374
1458,0.9847590782471017,29542.77234741305,7.442552120915461,15.0,2.8753912593411908,0,0,16.42279687838374
1459,0.9864145660018878,29592.436980056635,7.4421845731301595,15.0,2.8744330642754803,0,0,16.42279687838374
1460,0.9880277295366644,29640.83188609993,8.721998927710272,15.0,2.8773075784878275,0,0,16.42279687838374
1461,0.9896407542443397,29689.222627330193,8.725013312947539,15.0,2.8840139501976334,0,0,16.42279687838374
1462,0.9912532081484371,29737.596244453114,8.729749151282881,15.0,2.894550192162228,0,0,16.42279687838374
1463,0.9928646594416215,29785.939783248647,8.736205039385188,15.0,2.9089131822657213,0,0,16.42279687838374
1464,0.9944746766136531,29834.240298409593,8.744379064235492,15.0,2.92709866444417,0,0,16.42279687838374
1465,0.9960828285792528,29882.484857377585,8.754268803693813,15.0,2.9491012499467306,0,0,16.42279687838374
1466,0.997688684805843,29930.66054417529,8.765871327216914,15.0,2.974914418932462,0,0,16.42279687838374
1467,0.9992918154411227,29978.75446323368,8.779183196726677,15.0,3.004530522402307,0,0,16.42279687838374
1468,1.0,30000.0,8.79420046762886,15.0,3.037940784465622,0,0,16.42279687838374
1469,1.0,30000.0,8.810918689982012,15.0,3.075135304940731,0,0,16.42279687838374
1470,1.0,30000.0,8.829332909816028,15.0,3.116103062288471,0,0,16.42279687838374
1471,1.0,30000.0,8.849437670600164,15.0,3.160831916878191,0,0,16.42279687838374
1472,1.0,30000.0,8.871227014859905,15.0,3.2093086145849483,0,0,16.42279687838374
1473,1.0,30000.0,8.894694485942297,15.0,3.261518790717012,0,0,16.42279687838374
1474,1.0,30000.0,8.919833129929172,15.0,3.3174469742723733,0,0,16.42279687838374
1475,1.0,30000.0,8.946635497697805,15.0,3.377076592523259,0,0,16.42279687838374
1476,1.0,30000.0,8.975093647128164,15.0,3.4403899759268213,0,0,16.42279687838374
1477,1.0,30000.0,9.005199145456412,15.0,3.5073683633611967,0,0,16.42279687838374
1478,1.0,30000.0,9.03694307177365,15.0,3.5779919076846336,0,0,16.42279687838374
1479,1.0,30000.0,9.070316019669425,15.0,3.6522396816167806,0,0,16.42279687838374
1480,1.0,30000.0,9.10530810001903,15.0,3.730089683939827,0,0,16.42279687838374
1481,1.0,30000.0,9.141908943913874,15.0,3.81151884601796,0,0,16.42279687838374
1482,1.0,30000.0,9.180107705733977,15.0,3.8965030386330177,0,0,16.42279687838374
1483,1.0,30000.0,9.219893066361843,15.0,3.985017079134688,0,0,16.42279687838374
1484,1.0,30000.0,9.261253236536469,15.0,4.07703473890245,0,0,16.42279687838374
1485,1.0,30000.0,9.304175960346786,15.0,4.172528751117768,0,0,16.42279687838374
1486,1.0,30000.0,9.348648518863415,15.0,4.271470818843975,0,0,16.42279687838374
1487,1.0,30000.0,9.394657733907438,15.0,4.373831623410972,0,0,16.42279687838374
1488,1.0,30000.0,9.442189971955504,15.0,4.479580833103307,0,0,16.42279687838374
1489,1.0,30000.0,9.491231148179645,15.0,4.588687112147891,0,0,16.42279687838374
1490,1.0,30000.0,9.54176673062093,15.0,4.701118129999472,0,0,16.42279687838374
1491,1.0,30000.0,9.593781744495667,15.0,4.816840570921088,0,0,16.42279687838374
1492,1.0,30000.0,9.647260776632656,15.0,4.935820143855957,0,0,16.42279687838374
1493,1.0,30000.0,9.702187980040474,15.0,5.05802159258878,0,0,16.42279687838374
1494,1.0,30000.0,9.758547078603371,15.0,5.18340870619307,0,0,16.42279687838374
1495,1.0,30000.0,9.81632137190408,15.0,5.311944329760916,0,0,16.42279687838374
1496,1.0,30000.0,9.87549374017264,15.0,5.443590375413056,0,0,16.42279687838374
1497,1.0,30000.0,9.936046649359284,15.0,5.578307833585004,0,0,16.42279687838374
1498,1.0,30000.0,9.997962156330171,15.0,5.716056784586442,0,0,16.42279687838374
1499,1.0,30000.0,10.061221914184378,15.0,5.856796410430402,0,0,16.42279687838374
1500,1.0,30000.0,10.125807177690364,15.0,6.000485006928283,0,0,16.42279687838374
1501,1.0,30000.0,10.191698808840671,15.0,6.147079996047827,0,0,16.42279687838374
1502,1.0,30000.0,10.25887728252298,15.0,6.296537938530099,0,0,16.42279687838374
1503,1.0,30000.0,10.327322692305664,15.0,6.448814546761086,0,0,16.42279687838374
1504,1.0,30000.0,10.397014756336654,15.0,6.603864697895398,0,0,16.42279687838374
1505,1.0,30000.0,10.467932823353292,15.0,6.761642447226999,0,0,16.42279687838374
1506,1.0,30000.0,10.540055878801804,15.0,6.922101041803675,0,0,16.42279687838374
1507,1.0,30000.0,10.613362551064267,15.0,7.085192934280771,0,0,16.42279687838374
1508,1.0,30000.0,10.687831117791669,15.0,7.250869797010867,0,0,16.42279687838374
1509,1.0,30000.0,10.76343951234049,15.0,7.419082536363872,0,0,16.42279687838374
1510,1.0,30000.0,10.840165330311635,15.0,7.589781307274718,0,0,16.42279687838374
1511,1.0,30000.0,10.917985836189402,15.0,7.762915528013704,0,0,16.42279687838374
1512,1.0,30000.0,10.996877970078385,15.0,7.938433895174651,0,0,16.42279687838374
1513,1.0,30000.0,11.076818354536679,15.0,8.11628439887737,0,0,16.42279687838374
1514,1.0,30000.0,11.157783301503128,15.0,8.296414338179325,0,0,16.42279687838374
1515,1.0,30000.0,11.239748819316533,15.0,8.478770336691866,0,0,16.42279687838374
1516,1.0,30000.0,11.322690619825073,15.0,8.663298358397217,0,0,16.42279687838374
1517,1.0,30000.0,11.40658412558319,15.0,8.849943723660036,0,0,16.42279687838374
1518,1.0,30000.0,11.491404477134525,15.0,9.038651125430375,0,0,16.42279687838374
1519,1.0,30000.0,11.577126540378407,15.0,9.229364645632607,0,0,16.42279687838374
1520,1.0,30000.0,11.663724914017413,15.0,9.422027771734646,0,0,16.42279687838374
1521,1.0,30000.0,11.751173937084488,15.0,9.616583413494219,0,0,16.42279687838374
1522,1.0,30000.0,11.839447696546847,15.0,9.812973919875931,0,0,16.42279687838374
1523,1.0,30000.0,11.92852003498438,15.0,10.01114109613413,0,0,16.42279687838374
1524,1.0,30000.0,12.018364558340949,15.0,10.211026221057853,0,0,16.42279687838374
1525,1.0,30000.0,12.10895464374524,15.0,10.412570064370632,0,0,16.42279687838374
1526,1.0,30000.0,12.200263447399818,15.0,10.615712904281938,0,0,16.42279687838374
1527,1.0,30000.0,12.292263912535628,15.0,10.82039454518429,0,0,16.42279687838374
1528,1.0,30000.0,12.38492877742926,15.0,11.026554335489969,0,0,16.42279687838374
1529,1.0,30000.0,12.478230583481395,15.0,11.234131185603857,0,0,16.42279687838374
1530,1.0,30000.0,12.572141683353282,15.0,11.443063586025394,0,0,16.42279687838374
1531,1.0,30000.0,12.666634249159284,15.0,11.653289625575244,0,0,16.42279687838374
1532,1.0,30000.0,12.76168028071277,15.0,11.86474700974071,0,0,16.42279687838374
1533,1.0,30000.0,12.857251613823415,15.0,12.077373079135413,0,0,16.42279687838374
1534,1.0,30000.0,12.953319928642534,15.0,12.291104828065972,0,0,16.42279687838374
1535,1.0,30000.0,13.049856758055208,15.0,12.505878923202642,0,0,16.42279687838374
1536,1.0,30000.0,13.146833496115384,15.0,12.721631722345702,0,0,16.42279687838374
1537,1.0,30000.0,13.244221406522666,15.0,12.938299293284478,0,0,16.42279687838374
1538,1.0,30000.0,13.341991631137397,15.0,13.155817432741639,0,0,16.42279687838374
1539,1.0,30000.0,13.440115198531988,15.0,13.374121685398073,0,0,16.42279687838374
1540,1.0,30000.0,13.53856303257568,15.0,13.593147362992202,0,0,17.42279687838374
1541,1.0,30000.0,14.57558243278494,15.0,13.812829563488965,0,0,17.42279687838374
1542,1.0,30000.0,14.681403215450779,15.0,14.033103190311092,0,0,17.42279687838374
1543,1.0,30000.0,14.787476765918926,15.0,14.25390297162911,0,0,17.42279687838374
1544,1.0,30000.0,14.893771652307121,15.0,14.47516347970256,0,0,17.42279687838374
1545,1.0,30000.0,15.000256377146496,15.0,14.696819150267713,0,0,17.42279687838374
1546,1.0,30000.0,15.10689938671495,15.0,14.91880430196565,0,0,17.42279687838374
1547,1.0,30000.0,15.213669080387232,15.0,15.141053155805146,0,0,17.42279687838374
1548,1.0,30000.0,15.32053381999876,15.0,15.363499854654144,0,0,17.42279687838374
1549,1.0,30000.0,15.42746193922094,15.0,15.586078482755164,0,0,17.42279687838374
1550,1.0,30000.0,15.534421752944311,15.0,15.808723085256972,0,0,17.42279687838374
1551,1.0,30000.0,15.641381566667633,15.0,16.031367687758685,0,0,17.42279687838374
1552,1.0,30000.0,15.748309685889794,15.0,16.25394631585966,0,0,17.42279687838374
1553,1.0,30000.0,15.855174425501364,15.0,16.47639301470875,0,0,17.42279687838374
1554,1.0,30000.0,15.961944119173602,15.0,16.698641868548155,0,0,17.42279687838374
1555,1.0,30000.0,16.068587128742077,15.0,16.92062702024614,0,0,17.42279687838374
1556,1.0,30000.0,16.175071853581436,15.0,17.142282690811243,0,0,17.42279687838374
1557,0.9999806809360102,29999.420428080306,16.28136673996965,15.0,17.36354319888474,0,0,17.42279687838374
1558,0.9999361742021412,29998.085226064235,16.38744029043782,15.0,17.584342980202806,0,0,17.42279687838374
1559,0.9998665291068689,29995.995873206066,16.493261073103636,15.0,17.804616607024887,0,0,17.42279687838374
1560,0.999771802407708,29993.154072231242,16.59879773098549,15.0,18.024298807521653,0,0,17.42279687838374
1561,0.9996520582943945,29989.561748831835,16.704018991293907,15.0,18.243324485115824,0,0,17.42279687838374
1562,0.9995073683698634,29985.2210510959,16.808893674698602,15.0,18.461628737772173,0,0,17.42279687838374
1563,0.9993378116290321,29980.134348870964,16.913390704567576,15.0,18.67914687722937,0,0,17.42279687838374
1564,0.9991434744353928,29974.304233061783,17.017479116175593,15.0,18.895814448168196,0,0,17.42279687838374
1565,0.9989244504954199,29967.733514862597,17.12112806587984,15.0,19.111567247311207,0,0,17.42279687838374
1566,0.9986808408308042,29960.425224924125,17.224306840259686,15.0,19.326341342447883,0,0,17.42279687838374
1567,0.9984127537485168,29952.382612455505,17.326984865217405,15.0,19.54007309137844,0,0,17.42279687838374
1568,0.9981203048087164,29943.609144261492,17.429131715038324,15.0,19.75269916077314,0,0,17.42279687838374
1569,0.9978036167905054,29934.108503715164,17.53071712140626,15.0,19.964156544938653,0,0,17.42279687838374
1570,0.9974628196555488,29923.884589666464,17.631710982372937,15.0,20.17438258448846,0,0,17.42279687838374
1571,0.9970980505095626,29912.94151528688,17.732083371277728,15.0,20.383314984909994,0,0,17.42279687838374
1572,0.9967094535616875,29901.283606850626,17.831804545615608,15.0,20.590891835023925,0,0,17.42279687838374
1573,0.9962971800817559,29888.91540245268,17.930844955850393,15.0,20.797051625329566,0,0,17.42279687838374
1574,0.9958613883554677,29875.84165066403,18.02917525417115,15.0,21.00173326623191,0,0,17.42279687838374
1575,0.9954022436374866,29862.0673091246,18.126766303188283,15.0,21.204876106143264,0,0,17.42279687838374
1576,0.9949199181024722,29847.597543074164,18.2235891845678,15.0,21.406419949456,0,0,17.42279687838374
1577,0.9944145907940598,29832.437723821793,18.31961520760034,15.0,21.606305074379684,0,0,17.42279687838374
1578,0.9938864475718071,29816.593427154214,18.41481591770287,15.0,21.80447225063792,0,0,17.42279687838374
1579,0.9933356810561195,29800.070431683584,18.509163104850384,15.0,22.000862757019597,0,0,17.42279687838374
1580,0.9927624905711719,29782.874717135157,18.602628811935173,15.0,22.195418398779246,0,0,17.42279687838374
1581,0.9921670820858459,29765.012462575378,18.69518534305101,15.0,22.388081524881244,0,0,17.42279687838374
1582,0.9915496681526959,29746.490044580874,18.786805271700274,15.0,22.57879504508348,0,0,17.42279687838374
1583,0.9909104678449652,29727.314035348954,18.87746144892074,15.0,22.767502446853896,0,0,17.42279687838374
1584,0.9902497066916703,29707.49120075011,18.967127011330554,15.0,22.954147812116638,0,0,17.42279687838374
1585,0.9895676166107717,29687.028498323154,19.05577538908847,15.0,23.13867583382195,0,0,17.42279687838374
1586,0.9888644358404511,29665.933075213536,19.14338031376699,15.0,23.32103183233457,0,0,17.42279687838374
1587,0.9881404088685171,29644.21226605551,19.22991582613619,15.0,23.50116177163645,0,0,17.42279687838374
1588,0.9873957863599568,29621.873590798707,19.315356283856243,15.0,23.679012275339208,0,0,17.42279687838374
1589,0.9866308250826606,29598.92475247982,19.399676369075504,15.0,23.854530642500116,0,0,17.42279687838374
1590,0.9858457878313341,29575.373634940024,19.482851095933015,15.0,24.02766486323914,0,0,17.42279687838374
1591,0.9850409433496276,29551.228300488827,19.564855817962112,15.0,24.198363634150056,0,0,17.42279687838374
1592,0.9842165662505011,29526.496987515035,19.64566623539382,15.0,24.366576373502987,0,0,17.42279687838374
1593,0.9833729369348511,29501.18810804553,19.725258402357472,15.0,24.532253236233053,0,0,17.42279687838374
1594,0.9825103415084206,29475.31024525262,19.803608733976255,15.0,24.695345128710215,0,0,17.42279687838374
1595,0.9816290716970213,29448.87215091064,19.880694013355928,15.0,24.855803723286826,0,0,17.42279687838374
1596,0.9807294247600878,29421.882742802634,19.956491398464635,15.0,25.013581472618462,0,0,17.42279687838374
1597,0.9798117034025934,29394.351102077802,20.030978428901296,15.0,25.168631623752802,0,0,17.42279687838374
1598,0.978876215685353,29366.28647056059,20.104133032551196,15.0,25.320908231983758,0,0,17.42279687838374
1599,0.9779232749337365,29337.698248012097,20.175933532126532,15.0,25.470366174466037,0,0,17.42279687838374
1600,0.9769531996448253,29308.595989344758,20.24635865158964,15.0,25.616961163585575,0,0,17.42279687838374
1601,0.9759663133930334,29278.989401791,20.31538752245778,15.0,25.76064976008346,0,0,17.42279687838374
1602,0.9749629447342263,29248.88834202679,20.382999689986708,15.0,25.901389385927388,0,0,17.42279687838374
1603,0.9739434271083622,29218.302813250866,20.449175119231995,15.0,26.03913833692883,0,0,17.42279687838374
1604,0.9729080987406867,29187.242962220604,20.51389420098581,15.0,26.173855795100803,0,0,17.42279687838374
1605,0.9718573025415098,29155.719076245296,20.577137757587455,15.0,26.305501840752974,0,0,17.42279687838374
1606,0.9707913860045935,29123.741580137805,20.638887048606176,15.0,26.434037464320795,0,0,17.42279687838374
1607,0.9697107011041821,29091.321033125463,20.69912377639443,15.0,26.559424577925082,0,0,17.42279687838374
1608,0.9686156041907048,29058.468125721145,20.757830091509724,15.0,26.68162602665793,0,0,17.42279687838374
1609,0.9675064558851818,29025.193676555453,20.814988598003925,15.0,26.800605599592775,0,0,17.42279687838374
1610,0.9663836209723631,28991.508629170894,20.87058235857796,15.0,26.91632804051437,0,0,17.42279687838374
1611,0.9652474682926366,28957.4240487791,20.924594899600773,15.0,27.028759058365974,0,0,17.42279687838374
1612,0.9640983706327317,28922.951118981953,20.977010215990763,15.0,27.13786533741054,0,0,17.42279687838374
1613,0.9629367046152547,28888.10113845764,21.02781277595849,15.0,27.24361454710289,0,0,17.42279687838374
1614,0.9617628505870877,28852.88551761263,21.076987525608985,15.0,27.345975351669892,0,0,17.42279687838374
1615,0.960577192506683,28817.31577520049,21.12451989340269,15.0,27.4449174193961,0,0,17.42279687838374
1616,0.959380117830289,28781.40353490867,21.170395794473176,15.0,27.54041143161143,0,0,17.42279687838374
1617,0.9581720173971372,28745.160521914117,21.21460163480087,15.0,27.632429091379176,0,0,17.42279687838374
1618,0.9569532853136292,28708.598559408878,21.257124315241253,15.0,27.72094313188083,0,0,17.42279687838374
1619,0.9557243188365541,28671.729565096623,21.297951235406394,15.0,27.805927324495926,0,0,17.42279687838374
1620,0.9544855182553722,28634.565547661165,21.33707029739871,15.0,27.88735648657402,0,0,18.42279687838374
1621,0.9531914220261622,28595.74266078487,22.750412332572676,15.0,27.96520648889709,0,0,18.42279687838374
1622,0.9518882243567345,28556.646730702036,22.78837754405664,15.0,28.039454262829217,0,0,18.42279687838374
1623,0.9505763376554677,28517.29012966403,22.824489573468295,15.0,28.110077807152674,0,0,18.42279687838374
1624,0.9492561769054884,28477.68530716465,22.858737720033943,15.0,28.177056194587045,0,0,18.42279687838374
1625,0.9479281595417023,28437.84478625107,22.89111183528862,15.0,28.240369577990613,0,0,18.42279687838374
1626,0.9465927053270995,28397.781159812985,22.92160232608329,15.0,28.299999196241487,0,0,18.42279687838374
1627,0.9452502362283692,28357.507086851077,22.9502001574275,15.0,28.355927379796867,0,0,18.42279687838374
1628,0.9439011762908626,28317.035288725878,22.97689685516661,15.0,28.408137555928914,0,0,18.42279687838374
1629,0.9425459515129382,28276.378545388146,23.001684508492946,15.0,28.456614253635678,0,0,18.42279687838374
1630,0.9411849897197302,28235.549691591907,23.02455577228985,15.0,28.50134310822541,0,0,18.42279687838374
1631,0.9398187204363739,28194.561613091217,23.045503869308245,15.0,28.542310865573143,0,0,18.42279687838374
1632,0.9384475747607286,28153.427242821857,23.064522592174914,15.0,28.57950538604825,0,0,18.42279687838374
1633,0.9370719852356337,28112.15955706901,23.081606305231794,15.0,28.612915648111567,0,0,18.42279687838374
1634,0.9356923857207377,28070.77157162213,23.096749946206018,15.0,28.64253175158141,0,0,18.42279687838374
1635,0.9343092112639346,28029.27633791804,23.10994902770993,15.0,28.668344920567144,0,0,18.42279687838374
1636,0.9329228979724521,27987.686939173564,23.121199638570836,15.0,28.6903475060697,0,0,18.42279687838374
1637,0.9315338828836214,27946.01648650864,23.13049844498992,15.0,28.70853298824815,0,0,18.42279687838374
1638,0.9301426038353747,27904.278115061243,23.13784269153016,15.0,28.72289597835165,0,0,18.42279687838374
1639,0.9287494993365047,27862.48498009514,23.143230201932795,15.0,28.73343222031624,0,0,18.42279687838374
1640,0.927355008436724,27820.65025310172,23.146659379762227,15.0,28.74013859202605,0,0,18.42279687838374
1641,0.9259595705965659,27778.787117896976,23.148129208879062,15.0,28.7430131062384,0,0,18.42279687838374
1642,0.9245636255571626,27736.908766714878,23.147639253741204,15.0,28.742054911172687,0,0,18.42279687838374
1643,0.9231676132099405,27695.028396298214,23.145189659532935,15.0,28.737264290762795,0,0,18.42279687838374
1644,0.9217719734662705,27653.159203988114,23.14078115212189,15.0,28.728642664572945,0,0,18.42279687838374
1645,0.9203771461271133,27611.3143838134,23.134415037843954,15.0,28.716192587377037,0,0,18.42279687838374
1646,0.9189835707526963,27569.50712258089,23.12609320311618,15.0,28.699917748401642,0,0,18.42279687838374
1647,0.917591686532263,27527.75059596789,23.115818113877804,15.0,28.6798229702328,0,0,18.42279687838374
1648,0.9162019321539313,27486.05796461794,23.103592814859514,15.0,28.65591420738695,0,0,18.42279687838374
1649,0.914814745674701,27444.44237024103,23.089420928681253,15.0,28.628198544546514,0,0,18.42279687838374
1650,0.9134305643906481,27402.916931719443,23.073306654778758,15.0,28.596684194460558,0,0,18.42279687838374
1651,0.9120498247073441,27361.494741220322,23.055254768159152,15.0,28.561380495511138,0,0,18.42279687838374
1652,0.9106729620105402,27320.188860316204,23.035270617986036,15.0,28.522297908946165,0,0,18.42279687838374
1653,0.9093004105371526,27279.01231611458,23.0133601259944,15.0,28.479448015779532,0,0,18.42279687838374
1654,0.9079326032465894,27237.97809739768,22.989529784735883,15.0,28.43284351335933,0,0,18.42279687838374
1655,0.9065699716924543,27197.09915077363,22.963786655654914,15.0,28.382498211605466,0,0,18.42279687838374
1656,0.9052129458946692,27156.388376840074,22.936138366996197,15.0,28.328427028917353,0,0,18.42279687838374
1657,0.9038619542120487,27115.858626361463,22.90659311154439,15.0,28.270645987753397,0,0,18.42279687838374
1658,0.9025174232153699,27075.522696461096,22.875159644196305,15.0,28.209172209883114,0,0,18.42279687838374
1659,0.9011797775609681,27035.393326829042,22.841847279366714,15.0,28.144023911313596,0,0,18.42279687838374
1660,0.8998494398649038,26995.483195947116,22.80666588822824,15.0,28.07522039689171,0,0,18.42279687838374
1661,0.8985268305777315,26955.804917331945,22.769625895786387,15.0,28.00278205458371,0,0,18.42279687838374
1662,0.8972123678599113,26916.37103579734,22.730738277790262,15.0,27.92673034943373,0,0,18.42279687838374
1663,0.8959064674578991,26877.194023736974,22.690014557480367,15.0,27.84708781720336,0,0,18.42279687838374
1664,0.8946095425809519,26838.286277428557,22.647466802173927,15.0,27.763878057693752,0,0,18.42279687838374
1665,0.8933220037786846,26799.66011336054,22.603107619689066,15.0,27.677125727752404,0,0,18.42279687838374
1666,0.8920442588194162,26761.327764582486,22.55695015460894,15.0,27.586856533967012,0,0,18.42279687838374
1667,0.8907767125693378,26723.301377080134,22.509008084386586,15.0,27.493097225047805,0,0,18.42279687838374
1668,0.8895197668725435,26685.593006176307,22.45929561529208,15.0,27.39587558390152,0,0,18.42279687838374
1669,0.8882738204319547,26648.21461295864,22.407827478202933,15.0,27.295220419398696,0,0,18.42279687838374
1670,0.8870392686911753,26611.17806073526,22.35461892423889,15.0,27.191161557836804,0,0,18.42279687838374
1671,0.8858165037173142,26574.495111519427,22.29968572024285,15.0,27.083729834102343,0,0,18.42279687838374
1672,0.8846059140848066,26538.1774225442,22.243044144108737,15.0,26.97295708253367,0,0,18.42279687838374
1673,0.8834078847602715,26502.236542808147,22.184710979957934,15.0,26.85887612748766,0,0,18.42279687838374
1674,0.8822227969884375,26466.683909653126,22.12470351316595,15.0,26.741520773613416,0,0,18.42279687838374
1675,0.8810510281791719,26431.530845375157,22.063039525240253,15.0,26.62092579583502,0,0,18.42279687838374
1676,0.8798929517956456,26396.78855386937,21.999737288551284,15.0,26.497126929047038,0,0,18.42279687838374
1677,0.8787489372436689,26362.468117310065,21.934815560917954,15.0,26.370160857525512,0,0,18.42279687838374
1678,0.8776193497622271,26328.580492866815,21.86829358004925,15.0,26.240065204057522,0,0,18.42279687838374
1679,0.8765045503152541,26295.13650945762,21.800191057843797,15.0,26.106878518792925,0,0,18.42279687838374
1680,0.8754048954846689,26262.146864540067,21.730528174548716,15.0,25.970640267821032,0,0,18.42279687838374
1681,0.8743207373647148,26229.622120941443,21.65932557277973,15.0,25.83139082147575,0,0,18.42279687838374
1682,0.8732524234576249,26197.572703728747,21.586604351404453,15.0,25.68917144237337,0,0,18.42279687838374
1683,0.87220029657065,26166.0088971195,21.512386059290222,15.0,25.544024273185244,0,0,18.42279687838374
1684,0.8711646947144778,26134.940841434334,21.436692688918754,15.0,25.395992324150125,0,0,18.42279687838374
1685,0.8701459510030723,26104.37853009217,21.35954666986927,15.0,25.24511946032927,0,0,18.42279687838374
1686,0.8691443935549659,26074.331806648977,21.280970862172207,15.0,25.09145038860843,0,0,18.42279687838374
1687,0.8681603453960297,26044.810361880893,21.200988549535126,15.0,24.93503064444989,0,0,18.42279687838374
1688,0.8671941243637551,26015.823730912653,21.11962343244349,15.0,24.775906578399766,0,0,18.42279687838374
1689,0.8662460430130706,25987.381290392117,21.03689962113743,15.0,24.614125342352892,0,0,18.42279687838374
1690,0.8653164085237258,25959.492255711775,20.95284162846761,15.0,24.44973487558113,0,0,18.42279687838374
1691,0.8644055226092675,25932.165678278026,20.86747436263136,15.0,24.28278389052759,0,0,18.42279687838374
1692,0.8635136814276347,25905.41044282904,20.780823119791926,15.0,24.11332185837223,0,0,18.42279687838374
1693,0.862641175493401,25879.23526480203,20.69291357658263,15.0,23.94139899437245,0,0,18.42279687838374
1694,0.8617882895916891,25853.648687750672,20.603771782498423,15.0,23.76706624298334,0,0,18.42279687838374
1695,0.8609553026937826,25828.65908081348,20.513424152176654,15.0,23.59037526276142,0,0,18.42279687838374
1696,0.860142487874461,25804.27463623383,20.421897457570086,15.0,23.41137841105749,0,0,18.42279687838374
1697,0.8593501122310813,25780.503366932437,20.329218820013683,15.0,23.23012872850186,0,0,18.42279687838374
1698,0.8585784368044314,25757.35310413294,20.235415702187836,15.0,23.04667992328701,0,0,18.42279687838374
1699,0.8578277165013788,25734.831495041362,20.14051589998088,15.0,22.861086355253228,0,0,18.42279687838374
1700,0.857098200019335,25712.94600058005,20.04454753425225,15.0,22.67340301978004,0,0,18.42279687838374
1701,0.8563901297725623,25691.70389317687,19.94753904249988,15.0,22.48368553149029,0,0,18.42279687838374
1702,0.8557037418203403,25671.11225461021,19.84951917043355,15.0,22.29199010777031,0,0,18.42279687838374
1703,0.8550392657970167,25651.1779739105,19.750516963456715,15.0,22.09837355211112,0,0,18.42279687838374
1704,0.854396924843962,25631.907745318862,19.650561758059986,15.0,21.90289323727682,0,0,18.42279687838374
1705,0.8537769355434478,25613.308066303434,19.549683173127974,15.0,21.7056070883036,0,0,18.42279687838374
1706,0.853179507854468,25595.385235634043,19.447911101162447,15.0,21.506573565335017,0,0,18.42279687838374
1707,0.8526048450505249,25578.14535151575,19.345275699424818,15.0,21.305851646299537,0,0,18.42279687838374
1708,0.8520531436593936,25561.594309781805,19.24180738099965,15.0,21.10350080943367,0,0,18.42279687838374
1709,0.8515245934048867,25545.737802146603,19.137536805782716,15.0,20.89958101565747,0,0,18.42279687838374
1710,0.8510193771506364,25530.58131451909,19.03249487139583,15.0,20.694152690806824,0,0,18.42279687838374
1711,0.8505376708459061,25516.130125377185,18.926712704031065,15.0,20.48727670772776,0,0,18.42279687838374
1712,0.8500796434734543,25502.38930420363,18.82022164922763,15.0,20.279014368238904,0,0,18.42279687838374
1713,0.8496454569994604,25489.363709983812,18.713053262583365,15.0,20.069427384966197,0,0,18.42279687838374
1714,0.8492352663255314,25477.05798976594,18.605239300404033,15.0,19.85857786305587,0,0,18.42279687838374
1715,0.8488492192428009,25465.476577284026,18.496811710293507,15.0,19.6465282817719,0,0,18.42279687838374
1716,0.848487456388135,25454.62369164405,18.387802621686774,15.0,19.433341475981578,0,0,18.42279687838374
1717,0.8481501112024592,25444.503336073776,18.2782443363294,15.0,19.219080617536413,0,0,18.42279687838374
1718,0.8478373098912168,25435.119296736502,18.16816931870577,15.0,19.003809196552854,0,0,18.42279687838374
1719,0.8475491713869711,25426.47514160913,18.057610186419293,15.0,18.787591002598997,0,0,18.42279687838374
1720,0.8472858073141636,25418.574219424907,17.94659970052683,15.0,18.570490105791905,0,0,18.42279687838374
1721,0.8470473219560372,25411.419658681116,17.835170755831246,15.0,18.352570837812905,0,0,18.42279687838374
1722,0.8468338122237344,25405.014366712032,17.723356371133605,15.0,18.133897772844005,0,0,18.42279687838374
1723,0.846645367627581,25399.361028827432,17.6111896794493,15.0,17.914535708433835,0,0,18.42279687838374
1724,0.8464820702505622,25394.462107516865,17.49870391818982,15.0,17.694549646296263,0,0,18.42279687838374
1725,0.8463439947239988,25390.319841719964,17.385932419313864,15.0,17.47400477304918,0,0,18.42279687838374
1726,0.8462312082054336,25386.936246163008,17.272908599450332,15.0,17.252966440898238,0,0,18.42279687838374
1727,0.8461437703587302,25384.31311076191,17.159665949996377,15.0,17.03150014827179,0,0,18.42279687838374
1728,0.846081733336394,25382.45200009182,17.046238027192913,15.0,16.809671520411783,0,0,18.42279687838374
1729,0.8460451417641175,25381.354252923524,16.93265844218149,15.0,16.58754628992821,0,0,18.42279687838374
1730,0.8460340327275575,25381.020981826725,16.818960851044444,15.0,16.365190277320792,0,0,19.42279687838374
1731,0.8460147581821424,25380.442745464272,17.7155063209226,15.0,16.142669371474785,0,0,19.42279687838374
1732,0.8460212471678407,25380.63741503522,17.59478923833333,15.0,15.920049510137016,0,0,19.42279687838374
1733,0.846053514127224,25381.60542381672,17.4740542675553,15.0,15.697396660376933,0,0,19.42279687838374
1734,0.846111565864294,25383.34697592882,17.353337184966,15.0,15.47477679903912,0,0,19.42279687838374
1735,0.8461954015424662,25385.862046273985,17.23267376164237,15.0,15.252255893193155,0,0,19.42279687838374
1736,0.8463050126848178,25389.150380544535,17.11209975276077,15.0,15.029899880585653,0,0,19.42279687838374
1737,0.8464403831765999,25393.211495297997,16.99165088700228,15.0,14.807774650102074,0,0,19.42279687838374
1738,0.8466014892700123,25398.04467810037,16.87136285596537,15.0,14.585946022242162,0,0,19.42279687838374
1739,0.8467882995912407,25403.648987737222,16.75127130358957,15.0,14.364479729615617,0,0,19.42279687838374
1740,0.8470007751497534,25410.0232544926,16.631411815593708,15.0,14.143441397464724,0,0,19.42279687838374
1741,0.8472388693498546,25417.166080495637,16.511819908930857,15.0,13.922896524217686,0,0,19.42279687838374
1742,0.8475025280044926,25425.075840134778,16.392531021263895,15.0,13.702910462080068,0,0,19.42279687838374
1743,0.8477916893513158,25433.750680539473,16.2735805004648,15.0,13.483548397669942,0,0,19.42279687838374
1744,0.8481062840709747,25443.18852212924,16.15500359413995,15.0,13.264875332701042,0,0,19.42279687838374
1745,0.8484462353076623,25453.38705922987,16.03683543918583,15.0,13.046956064721954,0,0,19.42279687838374
1746,0.8488114586918887,25464.34376075666,15.919111051377088,15.0,12.829855167914953,0,0,19.42279687838374
1747,0.8492018623654808,25476.055870964425,15.801865314990435,15.0,12.613636973961006,0,0,19.42279687838374
1748,0.8496173470088029,25488.520410264086,15.685132972467997,15.0,12.398365552977488,0,0,19.42279687838374
1749,0.850057805870186,25501.73417610558,15.56894861412214,15.0,12.184104694532326,0,0,19.42279687838374
1750,0.850523124797562,25515.69374392686,15.453346667885697,15.0,11.970917888742006,0,0,19.42279687838374
1751,0.8510131822722882,25530.395468168645,15.338361389110215,15.0,11.758868307457993,0,0,19.42279687838374
1752,0.8515278494451565,25545.835483354695,15.224026850415447,15.0,11.548018785547752,0,0,19.42279687838374
1753,0.8520669901745744,25562.009705237233,15.110376931592654,15.0,11.338431802274958,0,0,19.42279687838374
1754,0.8526304610669063,25578.91383200719,14.997445309565627,15.0,11.13016946278614,0,0,19.42279687838374
1755,0.8532181115189641,25596.543345568924,14.885265448411207,15.0,10.92329347970712,0,0,19.42279687838374
1756,0.8538297837626344,25614.893512879033,14.773870589443296,15.0,10.71786515485643,0,0,19.42279687838374
1757,0.8544653129116285,25633.959387348856,14.663293741362704,15.0,10.513945361080228,0,0,19.42279687838374
1758,0.8551245270103417,25653.735810310252,14.553567670475962,15.0,10.311594524214364,0,0,19.42279687838374
1759,0.8558072470848078,25674.217412544236,14.444724890985931,15.0,10.110872605178844,0,0,19.42279687838374
1760,0.8565132871957326,25695.398615871978,14.336797655357264,15.0,9.911839082210342,0,0,19.42279687838374
1761,0.8572424544935915,25717.273634807745,14.229817944759048,15.0,9.714552933237039,0,0,19.42279687838374
1762,0.8579945492757755,25739.836478273264,14.123817459588386,15.0,9.519072618402742,0,0,19.42279687838374
1763,0.8587693650457671,25763.080951373013,14.01882761007676,15.0,9.325456062743632,0,0,19.42279687838374
1764,0.8595666885743299,25787.0006572299,13.91487950698238,15.0,9.13376063902361,0,0,19.42279687838374
1765,0.860386299962693,25811.58899888079,13.812003952371576,15.0,8.94404315073386,0,0,19.42279687838374
1766,0.8612279727077112,25836.83918123134,13.710231430491481,15.0,8.756359815260712,0,0,19.42279687838374
1767,0.8620914737689839,25862.744213069516,13.609592098736671,15.0,8.570766247226851,0,0,19.42279687838374
1768,0.8629765636379082,25889.296909137247,13.510115778713208,15.0,8.387317442012078,0,0,19.42279687838374
1769,0.8638829964086527,25916.489892259582,13.411831947401502,15.0,8.206067759456372,0,0,19.42279687838374
1770,0.8648105198510229,25944.315595530687,13.314769728421957,15.0,8.027070907752444,0,0,19.42279687838374
1771,0.8657588754852032,25972.766264556096,13.218957883404865,15.0,7.850379927530593,0,0,19.42279687838374
1772,0.8667277986583503,26001.833959750507,13.124424803467617,15.0,7.676047176141413,0,0,19.42279687838374
1773,0.8677170186230148,26031.510558690443,13.031198500802047,15.0,7.504124312141665,0,0,19.42279687838374
1774,0.8687262586173702,26061.787758521106,12.939306600373623,15.0,7.334662279986343,0,0,19.42279687838374
1775,0.8697552359472231,26092.657078416694,12.848776331735575,15.0,7.167711294932764,0,0,19.42279687838374
1776,0.8708036620697817,26124.10986209345,12.759634520960343,15.0,7.003320828160968,0,0,19.42279687838374
1777,0.8718712426791566,26156.1372803747,12.671907582690332,15.0,6.841539592114163,0,0,19.42279687838374
1778,0.8729576777935716,26188.730333807147,12.585621512310581,15.0,6.682415526063977,0,0,19.42279687838374
1779,0.874062661844253,26221.87985532759,12.500801878246024,15.0,6.525995781905494,0,0,19.42279687838374
1780,0.8751858837659771,26255.57651297931,12.417473814384717,15.0,6.372326710184593,0,0,19.42279687838374
1781,0.8763270270892453,26289.81081267736,12.335662012630404,15.0,6.2214538463637705,0,0,19.42279687838374
1782,0.8774857700340614,26324.57310102184,12.255390715585587,15.0,6.07342189732868,0,0,19.42279687838374
1783,0.8786617856052811,26359.853568158433,12.176683709367927,15.0,5.92827472814052,0,0,19.42279687838374
1784,0.8798547416895081,26395.642250685243,12.099564316562038,15.0,5.786055349038113,0,0,19.42279687838374
1785,0.8810643011535069,26431.929034605208,12.024055389308408,15.0,5.646805902692891,0,0,19.42279687838374
1786,0.8822901219441017,26468.70365832305,11.95017930253174,15.0,5.510567651720939,0,0,19.42279687838374
1787,0.8835318571895351,26505.955715686054,11.877957947310966,15.0,5.377380966456372,0,0,19.42279687838374
1788,0.8847891553022531,26543.674659067594,11.80741272439229,15.0,5.247285312988404,0,0,19.42279687838374
1789,0.8860616600830883,26581.84980249265,11.738564537847749,15.0,5.120319241466854,0,0,19.42279687838374
1790,0.8873490108268091,26620.47032480427,11.671433788880886,15.0,4.996520374678868,0,0,19.42279687838374
1791,0.8886508424290049,26659.52527287015,11.606040369781418,15.0,4.87592539690047,0,0,19.42279687838374
1792,0.8899667854942745,26699.003564828236,11.542403658030718,15.0,4.758570043026207,0,0,19.42279687838374
1793,0.8912964664456852,26738.893993370555,11.480542510559907,15.0,4.644489087980242,0,0,19.42279687838374
1794,0.8926395076354723,26779.18522906417,11.420475258162005,15.0,4.533716336411523,0,0,19.42279687838374
1795,0.8939955274569442,26819.865823708325,11.36221970006029,15.0,4.426284612677087,0,0,19.42279687838374
1796,0.8953641404575606,26860.92421372682,11.305793098633877,15.0,4.322225751115216,0,0,19.42279687838374
1797,0.8967449574531504,26902.348723594514,11.25121217430255,15.0,4.221570586612367,0,0,19.42279687838374
1798,0.8981375856432353,26944.12756929706,11.198493100572133,15.0,4.12434894546608,0,0,19.42279687838374
1799,0.8995416287274253,26986.248861822758,11.147651499241976,15.0,4.030589636546897,0,0,19.42279687838374
1800,0.9009566870228509,27028.700610685526,11.098702435775758,15.0,3.940320442761469,0,0,19.42279687838374
1801,0.9023823575825978,27071.470727477932,11.051660414837437,15.0,3.8535681128201538,0,0,19.42279687838374
1802,0.9038182343151087,27114.54702945326,11.006539375993029,15.0,3.770358353310513,0,0,19.42279687838374
1803,0.9052639081045173,27157.91724313552,10.963352689580148,15.0,3.690715821080139,0,0,19.42279687838374
1804,0.9067189669318774,27201.56900795632,10.922113152746046,15.0,3.614664115930189,0,0,19.42279687838374
1805,0.9081829959972539,27245.48987991762,10.882832985655481,15.0,3.5422257736221794,0,0,19.42279687838374
1806,0.9096555778426365,27289.667335279097,10.8455238278697,15.0,3.47342225920029,0,0,19.42279687838374
1807,0.9111362924756417,27334.08877426925,10.810196734897374,15.0,3.4082739606307806,0,0,19.42279687838374
1808,0.912624717493965,27378.74152481895,10.776862174918541,15.0,3.346800182760484,0,0,19.42279687838374
1809,0.9141204282105491,27423.61284631647,10.745530025682758,15.0,3.289019141596522,0,0,19.42279687838374
1810,0.9156229977794264,27468.68993338279,10.71620957158206,15.0,3.234947958908429,0,0,20.42279687838374
1811,0.9171116774628787,27513.35032388636,11.29850528064681,15.0,3.184602657154543,0,0,20.42279687838374
1812,0.9186064043783779,27558.192131351338,11.271792426577804,15.0,3.137998154734356,0,0,20.42279687838374
1813,0.9201067420940922,27603.202262822764,11.247231646318568,15.0,3.0951482615677075,0,0,20.42279687838374
1814,0.9216122525155881,27648.367575467644,11.224830217758374,15.0,3.0560656750027415,0,0,20.42279687838374
1815,0.9231224960156486,27693.674880469458,11.204594778923965,15.0,3.0207619760533304,0,0,20.42279687838374
1816,0.9246370315645427,27739.110946936282,11.18653132601257,15.0,2.989247625967364,0,0,20.42279687838374
1817,0.926155416860713,27784.66250582139,11.170645211615142,15.0,2.961531963126927,0,0,20.42279687838374
1818,0.9276772084618389,27830.316253855166,11.156941143130227,15.0,2.93762320028108,0,0,20.42279687838374
1819,0.9292019619162377,27876.058857487133,11.145423181369068,15.0,2.9175284221122295,0,0,20.42279687838374
1820,0.9307292318945664,27921.87695683699,11.13609473935232,15.0,2.901253583136839,0,0,20.42279687838374
1821,0.9322585723217811,27967.757169653432,11.12895858129867,15.0,2.8888035059409347,0,0,20.42279687838374
1822,0.9337895365093193,28013.68609527958,11.124016821805768,15.0,2.8801818797510808,0,0,20.42279687838374
1823,0.9353216772874635,28059.650318623906,11.121270925223593,15.0,2.8753912593411908,0,0,20.42279687838374
1824,0.9368545471378468,28105.636414135402,11.120721705220575,15.0,2.8744330642754803,0,0,20.42279687838374
1825,0.9383876983260623,28151.63094978187,11.122369324542447,15.0,2.8773075784878275,0,0,20.42279687838374
1826,0.9399206830343371,28197.620491030113,11.126213294964046,15.0,2.8840139501976316,0,0,20.42279687838374
1827,0.9414530534942295,28243.591604826885,11.132252477433978,15.0,2.894550192162228,0,0,20.42279687838374
1828,0.942984362119313,28289.53086357939,11.14048508241214,15.0,2.9089131822657213,0,0,20.42279687838374
1829,0.9445141616378059,28335.424849134175,11.150908670400005,15.0,2.92709866444417,0,0,20.42279687838374
1830,0.9460420052251065,28381.260156753196,11.163520152663489,15.0,2.9491012499467306,0,0,20.42279687838374
1831,0.9475674466361991,28427.02339908597,11.178315792148226,15.0,2.9749144189324674,0,0,20.42279687838374
1832,0.9490900403378832,28472.701210136496,11.195291204586908,15.0,3.0045305224023005,0,0,20.42279687838374
1833,0.9506093416407972,28518.280249223917,11.214441359798483,15.0,3.0379407844656283,0,0,20.42279687838374
1834,0.9521249068311878,28563.747204935633,11.23576058317866,15.0,3.075135304940722,0,0,20.42279687838374
1835,0.9536362933023925,28609.088799071775,11.259242557381452,15.0,3.1161030622884693,0,0,20.42279687838374
1836,0.9551430596859934,28654.291790579802,11.284880324191118,15.0,3.160831916878199,0,0,20.42279687838374
1837,0.9566447659826044,28699.342979478133,11.31266628658403,15.0,3.2093086145849465,0,0,20.42279687838374
1838,0.9581409736922525,28744.229210767575,11.342592210979879,15.0,3.261518790717002,0,0,20.42279687838374
1839,0.9596312459443143,28788.93737832943,11.374649229681411,15.0,3.317446974272385,0,0,20.42279687838374
1840,0.9611151476269709,28833.454428809127,11.408827843502118,15.0,3.3770765925232453,0,0,20.42279687838374
1841,0.9625922455161408,28877.767365484222,11.44511792458112,15.0,3.440389975926835,0,0,20.42279687838374
1842,0.9640621084038528,28921.86325211558,11.483508719384174,15.0,3.507368363361209,0,0,20.42279687838374
1843,0.965524307226023,28965.72921678069,11.52398885189022,15.0,3.577991907684632,0,0,20.42279687838374
1844,0.9669784151895957,29009.352455687873,11.5665463269624,15.0,3.652239681616796,0,0,20.42279687838374
1845,0.9684240078990112,29052.720236970334,11.61116853390235,15.0,3.730089683939826,0,0,20.42279687838374
1846,0.9698606634819629,29095.819904458887,11.657842250187151,15.0,3.811518846017941,0,0,20.42279687838374
1847,0.9712879627144084,29138.638881432253,11.706553645387368,15.0,3.8965030386330333,0,0,20.42279687838374
1848,0.9727054891447933,29181.1646743438,11.757288285265298,15.0,3.9850170791346695,0,0,20.42279687838374
1849,0.9741128292174558,29223.384876523673,11.81003113605224,15.0,4.07703473890243,0,0,20.42279687838374
1850,0.9755095723951712,29265.287171855136,11.864766568903207,15.0,4.172528751117786,0,0,20.42279687838374
1851,0.9768953112808039,29306.859338424118,11.921478364528127,15.0,4.271470818843953,0,0,20.42279687838374
1852,0.9782696417380274,29348.089252140824,11.980149717998065,15.0,4.373831623410993,0,0,20.42279687838374
1853,0.9796321630110789,29388.96489033237,12.040763243724722,15.0,4.479580833103328,0,0,20.42279687838374
1854,0.9809824778435116,29429.474335305345,12.10330098061229,15.0,4.588687112147889,0,0,20.42279687838374
1855,0.9823201925959102,29469.605777877307,12.167744397379654,15.0,4.701118129999493,0,0,20.42279687838374
1856,0.9836449173625356,29509.34752087607,12.23407439805161,15.0,4.816840570921062,0,0,20.42279687838374
1857,0.9849562660868615,29548.687982605843,12.302271327617476,15.0,4.935820143855933,0,0,20.42279687838374
1858,0.9862538566759714,29587.615700279144,12.37231497785519,15.0,5.058021592588805,0,0,20.42279687838374
1859,0.987537311113782,29626.11933341346,12.444184593319493,15.0,5.183408706193042,0,0,20.42279687838374
1860,0.9888062555730558,29664.187667191673,12.517858877492301,15.0,5.311944329760914,0,0,20.42279687838374
1861,0.9900603205261754,29701.809615785263,12.593315999093157,15.0,5.443590375413053,0,0,20.42279687838374
1862,0.9912991408546427,29738.97422563928,12.670533598548438,15.0,5.578307833585003,0,0,20.42279687838374
1863,0.99252235595727,29775.6706787181,12.74948879461694,15.0,5.716056784586469,0,0,20.42279687838374
1864,0.9937296098570355,29811.888295711065,12.830158191170089,15.0,5.85679641043043,0,0,20.42279687838374
1865,0.994920551306566,29847.61653919698,12.912517884124648,15.0,6.000485006928249,0,0,20.42279687838374
1866,0.9960948338922194,29882.845016766583,12.996543468526195,15.0,6.147079996047854,0,0,20.42279687838374
1867,0.9972521161367346,29917.563484102036,13.082210045780581,15.0,6.296537938530067,0,0,20.42279687838374
1868,0.998392061600418,29951.761848012542,13.169492231032205,15.0,6.448814546761082,0,0,20.42279687838374
1869,0.9995143389808391,29985.430169425174,13.258364160685812,15.0,6.603864697895396,0,0,20.42279687838374
1870,1.0,30000.0,13.348799500070655,15.0,6.761642447226999,0,0,20.42279687838374
1871,1.0,30000.0,13.440771451243918,15.0,6.922101041803641,0,0,20.42279687838374
1872,1.0,30000.0,13.534252760931572,15.0,7.085192934280802,0,0,20.42279687838374
1873,1.0,30000.0,13.629215728604002,15.0,7.25086979701083,0,0,20.42279687838374
1874,1.0,30000.0,13.725632214684504,15.0,7.419082536363835,0,0,20.42279687838374
1875,1.0,30000.0,13.823473648887367,15.0,7.589781307274751,0,0,20.42279687838374
1876,1.0,30000.0,13.922711038684012,15.0,7.762915528013701,0,0,20.42279687838374
1877,1.0,30000.0,14.0233149778942,15.0,7.938433895174683,0,0,20.42279687838374
1878,1.0,30000.0,14.125255655399453,15.0,8.116284398877369,0,0,20.42279687838374
1879,1.0,30000.0,14.228502863977024,15.0,8.296414338179286,0,0,20.42279687838374
1880,1.0,30000.0,14.333026009250762,15.0,8.478770336691902,0,0,20.42279687838374
1881,1.0,30000.0,14.438794118756858,15.0,8.663298358397178,0,0,20.42279687838374
1882,1.0,30000.0,14.54577585112189,15.0,8.849943723659994,0,0,20.42279687838374
1883,1.0,30000.0,14.653939505349664,15.0,9.038651125430409,0,0,20.42279687838374
1884,1.0,30000.0,14.763253030215019,15.0,9.229364645632565,0,0,20.42279687838374
1885,1.0,30000.0,14.873684033761451,15.0,9.422027771734644,0,0,20.42279687838374
1886,1.0,30000.0,14.985199792899243,15.0,9.616583413494254,0,0,20.42279687838374
1887,1.0,30000.0,15.097767263102282,15.0,9.81297391987593,0,0,20.42279687838374
1888,1.0,30000.0,15.21135308819974,15.0,10.011141096134168,0,0,20.42279687838374
1889,1.0,30000.0,15.325923610260233,15.0,10.21102622105781,0,0,20.42279687838374
1890,1.0,30000.0,15.441444879565509,15.0,10.41257006437059,0,0,21.42279687838374
1891,1.0,30000.0,16.39728746898789,15.0,10.615712904281978,0,0,21.42279687838374
1892,1.0,30000.0,16.52093710004839,15.0,10.820394545184243,0,0,21.42279687838374
1893,1.0,30000.0,16.645479691647914,15.0,11.026554335489967,0,0,21.42279687838374
1894,1.0,30000.0,16.77087833912865,15.0,11.234131185603854,0,0,21.42279687838374
1895,1.0,30000.0,16.897095884165054,15.0,11.443063586025392,0,0,21.42279687838374
1896,1.0,30000.0,17.02409492577453,15.0,11.653289625575196,0,0,21.42279687838374
1897,1.0,30000.0,17.15183783140021,15.0,11.86474700974075,0,0,21.42279687838374
1898,1.0,30000.0,17.280286748062167,15.0,12.077373079135366,0,0,21.42279687838374
1899,1.0,30000.0,17.409403613574344,15.0,12.291104828066013,0,0,21.42279687838374
1900,1.0,30000.0,17.539150167822804,15.0,12.505878923202594,0,0,21.42279687838374
1901,1.0,30000.0,17.66948796410348,15.0,12.721631722345698,0,0,21.42279687838374
1902,1.0,30000.0,17.80037838051433,15.0,12.938299293284476,0,0,21.42279687838374
1903,1.0,30000.0,17.931782631400154,15.0,13.155817432741635,0,0,21.42279687838374
1904,1.0,30000.0,18.063661778845475,15.0,13.374121685398023,0,0,21.42279687838374
1905,1.0,30000.0,18.195976744212746,15.0,13.593147362992243,0,0,21.42279687838374
1906,1.0,30000.0,18.328688319722062,15.0,13.812829563488915,0,0,21.42279687838374
1907,1.0,30000.0,18.46175718006955,15.0,14.03310319031109,0,0,21.42279687838374
1908,1.0,30000.0,18.595143894079985,15.0,14.253902971629152,0,0,21.42279687838374
1909,1.0,30000.0,18.72880893639122,15.0,14.475163479702555,0,0,21.42279687838374
1910,1.0,30000.0,18.86271269916658,15.0,14.696819150267709,0,0,21.42279687838374
1911,1.0,30000.0,18.996815503831236,15.0,14.918804301965647,0,0,21.42279687838374
1912,1.0,30000.0,19.131077612829998,15.0,15.141053155805098,0,0,21.42279687838374
1913,1.0,30000.0,19.265459241402386,15.0,15.363499854654187,0,0,21.42279687838374
1914,1.0,30000.0,19.399920569371574,15.0,15.586078482755115,0,0,21.42279687838374
1915,1.0,30000.0,19.534421752944287,15.0,15.808723085256922,0,0,21.42279687838374
1916,0.9999981723460468,29999.945170381405,19.668922936516992,15.0,16.031367687758728,0,0,21.42279687838374
1917,0.999970100490776,29999.103014723278,19.803384264486183,15.0,16.253946315859658,0,0,21.42279687838374
1918,0.9999157893631098,29997.473680893294,19.937765893058568,15.0,16.476393014708748,0,0,21.42279687838374
1919,0.9998352516672336,29995.05755001701,20.072028002057333,15.0,16.698641868548194,0,0,21.42279687838374
1920,0.9997285078788308,29991.855236364925,20.206130806721962,15.0,16.92062702024609,0,0,21.42279687838374
1921,0.9995955862390157,29987.86758717047,20.340034569497348,15.0,17.142282690811285,0,0,21.42279687838374
1922,0.9994365227459646,29983.09568237894,20.47369961180858,15.0,17.36354319888469,0,0,21.42279687838374
1923,0.9992513611442495,29977.540834327487,20.607086325819015,15.0,17.584342980202756,0,0,21.42279687838374
1924,0.9990401529118751,29971.204587356253,20.740155186166508,15.0,17.804616607024933,0,0,21.42279687838374
1925,0.9988029572450248,29964.088717350744,20.872866761675823,15.0,18.0242988075216,0,0,21.42279687838374
1926,0.9985398410405196,29956.195231215588,21.005181727043098,15.0,18.24332448511582,0,0,21.42279687838374
1927,0.9982508788759955,29947.526366279864,21.137060874488412,15.0,18.46162873777221,0,0,21.42279687838374
1928,0.997936152987804,29938.08458963412,21.268465125374238,15.0,18.679146877229364,0,0,21.42279687838374
1929,0.9975957532466443,29927.872597399328,21.399355541785088,15.0,18.895814448168146,0,0,21.42279687838374
1930,0.997229777130932,29916.893313927958,21.529693338065766,15.0,19.11156724731125,0,0,21.42279687838374
1931,0.9968383296979144,29905.14989093743,21.659439892314225,15.0,19.326341342447833,0,0,21.42279687838374
1932,0.99642152355254,29892.6457065762,21.7885567578264,15.0,19.540073091378478,0,0,21.42279687838374
1933,0.9959794788140913,29879.384364422738,21.917005674488358,15.0,19.752699160773098,0,0,21.42279687838374
1934,0.9955123230805901,29865.369692417702,22.04474858011404,15.0,19.96415654493865,0,0,21.42279687838374
1935,0.9950201913909884,29850.60574172965,22.171747621723515,15.0,20.174382584488455,0,0,21.42279687838374
1936,0.9945032261851527,29835.096785554582,22.29796516675992,15.0,20.38331498490999,0,0,21.42279687838374
1937,0.9939615772616568,29818.847317849704,22.423363814240656,15.0,20.590891835023882,0,0,21.42279687838374
1938,0.9933954017333922,29801.86205200177,22.547906405840184,15.0,20.7970516253296,0,0,21.42279687838374
1939,0.992804863981013,29784.14591943039,22.671556036900675,15.0,21.001733266231874,0,0,21.42279687838374
1940,0.992190135604226,29765.70406812678,22.794276067367985,15.0,21.20487610614326,0,0,21.42279687838374
1941,0.9915513953709421,29746.541861128262,22.916030132648512,15.0,21.406419949456037,0,0,21.42279687838374
1942,0.9908888291643037,29726.66487492911,23.036782154384994,15.0,21.606305074379684,0,0,21.42279687838374
1943,0.9902026299276028,29706.078897828083,23.15649635114743,15.0,21.80447225063792,0,0,21.42279687838374
1944,0.989492997607109,29684.789928213268,23.275137249035645,15.0,22.000862757019593,0,0,21.42279687838374
1945,0.9887601390928195,29662.804172784585,23.39266969219111,15.0,22.195418398779204,0,0,21.42279687838374
1946,0.9880042681571547,29640.128044714642,23.509058853214395,15.0,22.388081524881283,0,0,21.42279687838374
1947,0.9872256053916117,29616.768161748354,23.624270243485128,15.0,22.57879504508344,0,0,21.42279687838374
1948,0.986424378141399,29592.731344241973,23.738269723382,15.0,22.767502446853857,0,0,21.42279687838374
1949,0.9856008204380687,29568.02461314206,23.851023512398765,15.0,22.954147812116673,0,0,21.42279687838374
1950,0.9847551729301678,29542.655187905035,23.962498199154258,15.0,23.13867583382195,0,0,21.42279687838374
1951,0.9838876828119297,29516.63048435789,24.072660751293068,15.0,23.32103183233457,0,0,21.42279687838374
1952,0.9829986037500242,29489.958112500728,24.181478525273448,15.0,23.501161771636518,0,0,21.42279687838374
1953,0.9820881958083915,29462.645874251742,24.288919276040446,15.0,23.6790122753392,0,0,21.42279687838374
1954,0.9811567253711783,29434.701761135348,24.39495116658093,15.0,23.85453064250018,0,0,21.42279687838374
1955,0.9802044650638043,29406.13395191413,24.499542777357295,15.0,24.02766486323914,0,0,21.42279687838374
1956,0.979231693672176,29376.95081016528,24.602663115618085,15.0,24.19836363415005,0,0,21.42279687838374
1957,0.9782386960600766,29347.160881802298,24.704281624581462,15.0,24.366576373502987,0,0,21.42279687838374
1958,0.9772257630847553,29316.77289254266,24.80436819249016,15.0,24.532253236233018,0,0,21.42279687838374
1959,0.9761931915107397,29285.79574532219,24.902893161534106,15.0,24.69534512871018,0,0,21.42279687838374
1960,0.9751412839218976,29254.238517656926,24.99982733663858,15.0,24.855803723286854,0,0,21.42279687838374
1961,0.9740703486317756,29222.110458953266,25.095141994115455,15.0,25.013581472618426,0,0,21.42279687838374
1962,0.9729806995922388,29189.420987767164,25.188808890174737,15.0,25.168631623752773,0,0,21.42279687838374
1963,0.9718726563004402,29156.179689013206,25.280800269293586,15.0,25.320908231983786,0,0,21.42279687838374
1964,0.9707465437041467,29122.3963111244,25.371088872441,15.0,25.470366174466,0,0,21.42279687838374
1965,0.9696026921054499,29088.080763163496,25.45964794515535,15.0,25.616961163585604,0,0,21.42279687838374
1966,0.968441437062891,29053.243111886728,25.546451245472063,15.0,25.760649760083425,0,0,21.42279687838374
1967,0.9672631192920268,29017.893578760802,25.63147305169995,15.0,25.901389385927388,0,0,21.42279687838374
1968,0.966068084564469,28982.04253693407,25.714688170042862,15.0,26.039138336928886,0,0,21.42279687838374
1969,0.9648566836054243,28945.70050816273,25.79607194206529,15.0,26.173855795100803,0,0,21.42279687838374
1970,0.963629271989767,28908.87815969301,25.875600251999234,15.0,26.305501840752974,0,0,21.42279687838374
1971,0.9623862100366745,28871.586301100233,25.953249533890034,15.0,26.434037464320788,0,0,21.42279687838374
1972,0.9611278627028569,28833.835881085706,26.028996778579724,15.0,26.559424577925082,0,0,21.42279687838374
1973,0.9598545994744124,28795.637984232373,26.102819540524877,15.0,26.681626026657902,0,0,21.42279687838374
1974,0.9585667942573413,28757.003827720237,26.174695944447965,15.0,26.800605599592775,0,0,21.42279687838374
1975,0.9572648252667478,28717.944758002435,26.24460469181923,15.0,26.916328040514344,0,0,21.42279687838374
1976,0.9559490749147691,28678.472247443075,26.312525067168124,15.0,27.02875905836597,0,0,21.42279687838374
1977,0.9546199296972566,28638.5978909177,26.378436944221537,15.0,27.137865337410513,0,0,21.42279687838374
1978,0.9532777800792493,28598.33340237748,26.44232079186786,15.0,27.243614547102865,0,0,21.42279687838374
1979,0.9519230203792711,28557.690611378133,26.504157679944267,15.0,27.345975351669907,0,0,21.42279687838374
1980,0.9505560486524851,28516.681459574553,26.563929284846267,15.0,27.444917419396074,0,0,21.42279687838374
1981,0.9491772665727416,28475.317997182246,26.621617894957392,15.0,27.54041143161143,0,0,21.42279687838374
1982,0.9477870793135532,28433.612379406597,26.677206415897416,15.0,27.632429091379198,0,0,21.42279687838374
1983,0.9463858954280338,28391.57686284101,26.730678375587864,15.0,27.72094313188083,0,0,21.42279687838374
1984,0.9449741267278343,28349.22380183503,26.78201792913311,15.0,27.80592732449592,0,0,21.42279687838374
1985,0.9435521881611152,28306.565644833456,26.83120986351541,15.0,27.887356486574056,0,0,21.42279687838374
1986,0.9421204976895876,28263.61493068763,26.87823960210295,15.0,27.965206488897085,0,0,21.42279687838374
1987,0.9406794761646627,28220.384284939882,26.923093208969224,15.0,28.03945426282925,0,0,21.42279687838374
1988,0.9392295472027441,28176.88641608232,26.96575739302248,15.0,28.11007780715267,0,0,21.42279687838374
1989,0.937771137059701,28133.13411179103,27.006219511944217,15.0,28.177056194587017,0,0,21.42279687838374
1990,0.93630467450456,28089.1402351368,27.044467575935375,15.0,28.240369577990606,0,0,21.42279687838374
1991,0.934830590692451,28044.91772077353,27.080490251269104,15.0,28.299999196241473,0,0,21.42279687838374
1992,0.9333493190368466,28000.4795711054,27.1142768636493,15.0,28.35592737979686,0,0,21.42279687838374
1993,0.931861295081133,27955.83885243399,27.145817401373524,15.0,28.40813755592892,0,0,21.42279687838374
1994,0.9303669563695484,27911.008691086452,27.175102518299727,15.0,28.45661425363567,0,0,21.42279687838374
1995,0.9288667423175295,27866.002269525885,27.202123536615773,15.0,28.5013431082254,0,0,21.42279687838374
1996,0.9273610940815031,27820.832822445092,27.226872449410763,15.0,28.54231086557315,0,0,21.42279687838374
1997,0.925850454428162,27775.51363284486,27.249341923047695,15.0,28.579505386048243,0,0,21.42279687838374
1998,0.9243352676032638,27730.058028097912,27.26952529933662,15.0,28.61291564811157,0,0,21.42279687838374
1999,0.9228159791999909,27684.479375999726,27.28741659750753,15.0,28.6425317515814,0,0,21.42279687838374
2000,0.9212930360269123,27638.79108080737,27.303010515982674,15.0,28.668344920567144,0,0,22.42279687838374
2001,0.9197202737223019,27591.608211669056,28.714670032406325,15.0,28.690347506069706,0,0,22.42279687838374
2002,0.9181447346349054,27544.342039047162,28.726218401962974,15.0,28.70853298824815,0,0,22.42279687838374
2003,0.9165668723641972,27497.006170925917,28.735339365379062,15.0,28.72289597835165,0,0,22.42279687838374
2004,0.914987141198061,27449.61423594183,28.742030219916288,15.0,28.73343222031624,0,0,22.42279687838374
2005,0.9134059959781746,27402.17987934524,28.746288982930054,15.0,28.74013859202605,0,0,22.42279687838374
2006,0.9118238919652306,27354.716758956918,28.748114392456966,15.0,28.7430131062384,0,0,22.42279687838374
2007,0.9102412847040324,27307.238541120973,28.747505907588785,15.0,28.742054911172687,0,0,22.42279687838374
2008,0.908658629888507,27259.75889665521,28.74446370863271,15.0,28.737264290762795,0,0,22.42279687838374
2009,0.9070763832266725,27212.291496800175,28.738988697057945,15.0,28.728642664572945,0,0,22.42279687838374
2010,0.9054950003056024,27164.850009168073,28.731082495228584,15.0,28.71619258737704,0,0,22.42279687838374
2011,0.9039149364564253,27117.448093692758,28.720747445922857,15.0,28.699917748401646,0,0,22.42279687838374
2012,0.9023366466193998,27070.099398581995,28.707986611638916,15.0,28.6798229702328,0,0,22.42279687838374
2013,0.9007605852091073,27022.817556273218,28.69280377368738,15.0,28.655914207386957,0,0,22.42279687838374
2014,0.8991872059797974,26975.61617939392,28.675203431070777,15.0,28.628198544546514,0,0,22.42279687838374
2015,0.8976169618909321,26928.508856727964,28.655190799150496,15.0,28.596684194460554,0,0,22.42279687838374
2016,0.8960503049729635,26881.509149188903,28.63277180810128,15.0,28.561380495511138,0,0,22.42279687838374
2017,0.8944876861933873,26834.630585801617,28.607953101154006,15.0,28.522297908946165,0,0,22.42279687838374
2018,0.8929295553231119,26787.88665969336,28.580742032627175,15.0,28.479448015779518,0,0,22.42279687838374
2019,0.8913763608031816,26741.29082409545,28.551146665747673,15.0,28.43284351335933,0,0,22.42279687838374
2020,0.8898285496118931,26694.856488356792,28.5191757702614,15.0,28.382498211605444,0,0,22.42279687838374
2021,0.8882865671323467,26648.5970139704,28.4848388198347,15.0,28.328427028917353,0,0,22.42279687838374
2022,0.8867508570204696,26602.52571061409,28.44814598924704,15.0,28.27064598775341,0,0,22.42279687838374
2023,0.8852218610735514,26556.655832206543,28.409108151375982,15.0,28.209172209883114,0,0,22.42279687838374
2024,0.8837000190993295,26511.000572979883,28.36773687397544,15.0,28.14402391131361,0,0,22.42279687838374
2025,0.8821857687856646,26465.573063569936,28.324044416247723,15.0,28.075220396891723,0,0,22.42279687838374
2026,0.8806795455708447,26420.386367125342,28.278043725211052,15.0,28.002782054583697,0,0,22.42279687838374
2027,0.8791817825145555,26375.453475436665,28.229748431862962,15.0,27.926730349433747,0,0,22.42279687838374
2028,0.8776929101695546,26330.78730508664,28.179172847141142,15.0,27.847087817203374,0,0,22.42279687838374
2029,0.8762133564540905,26286.400693622716,28.126331957682872,15.0,27.763878057693734,0,0,22.42279687838374
2030,0.8747435465251002,26242.306395753007,28.071241421384112,15.0,27.677125727752422,0,0,22.42279687838374
2031,0.8732839026522268,26198.517079566802,28.01391756275968,15.0,27.58685653396699,0,0,22.42279687838374
2032,0.871834844092691,26155.04532278073,27.95437736810606,15.0,27.49309722504777,0,0,22.42279687838374
2033,0.8703967869670576,26111.903609011726,27.892638480467934,15.0,27.395875583901525,0,0,22.42279687838374
2034,0.8689701441359284,26069.104324077853,27.828719194410095,15.0,27.295220419398653,0,0,22.42279687838374
2035,0.8675553250776039,26026.659752328116,27.762638450596548,15.0,27.191161557836804,0,0,22.42279687838374
2036,0.8661527357667449,25984.582073002348,27.694415830177764,15.0,27.083729834102346,0,0,22.42279687838374
2037,0.8647627785540747,25942.883356622242,27.624071548988596,15.0,26.972957082533675,0,0,22.42279687838374
2038,0.863385852047153,25901.57556141459,27.55162645155766,15.0,26.85887612748766,0,0,22.42279687838374
2039,0.8620223509922601,25860.6705297678,27.47710200493087,15.0,26.74152077361345,0,0,22.42279687838374
2040,0.8606726661574254,25820.179984722763,27.400520292310073,15.0,26.620925795835028,0,0,22.42279687838374
2041,0.859337184216634,25780.11552649902,27.321904006509556,15.0,26.497126929047067,0,0,22.42279687838374
2042,0.8580162876352466,25740.4886290574,27.241276443231406,15.0,26.37016085752549,0,0,22.42279687838374
2043,0.8567103545566679,25701.310636700036,27.15866149416275,15.0,26.240065204057494,0,0,22.42279687838374
2044,0.8554197586902931,25662.59276070879,27.074083639896,15.0,26.10687851879296,0,0,22.42279687838374
2045,0.8541448692007704,25624.34607602311,26.987567942674648,15.0,25.970640267821008,0,0,22.42279687838374
2046,0.8528860505986099,25586.581517958297,26.899140038967012,15.0,25.831390821475786,0,0,22.42279687838374
2047,0.8516436626321712,25549.309878965134,26.80882613186932,15.0,25.68917144237337,0,0,22.42279687838374
2048,0.8504180601810613,25512.541805431836,26.71665298334142,15.0,25.544024273185215,0,0,22.42279687838374
2049,0.849209593150977,25476.28779452931,26.622647906276512,15.0,25.395992324150125,0,0,22.42279687838374
2050,0.8480186063700202,25440.55819110061,26.52683875640765,15.0,25.24511946032927,0,0,22.42279687838374
2051,0.8468454394865178,25405.363184595535,26.42925392405371,15.0,25.091450388608372,0,0,22.42279687838374
2052,0.845690426868376,25370.71280605128,26.32992232570661,15.0,24.93503064444989,0,0,22.42279687838374
2053,0.8445538975040007,25336.61692512002,26.22887339546266,15.0,24.77590657839977,0,0,22.42279687838374
2054,0.8434361749048107,25303.08524714432,26.126137076300655,15.0,24.614125342352896,0,0,22.42279687838374
2055,0.8423375770093746,25270.127310281237,26.021743811209287,15.0,24.44973487558117,0,0,22.42279687838374
2056,0.8412584160891984,25237.75248267595,25.9157245341659,15.0,24.282783890527593,0,0,22.42279687838374
2057,0.8401989986561929,25205.969959685786,25.808110660970453,15.0,24.113321858372274,0,0,22.42279687838374
2058,0.8391596253718474,25174.78876115542,25.698934079935988,15.0,23.94139899437249,0,0,22.42279687838374
2059,0.8381405909581374,25144.217728744123,25.588227142439727,15.0,23.767066242983304,0,0,22.42279687838374
2060,0.8371421841101924,25114.26552330577,25.476022653336553,15.0,23.590375262761455,0,0,22.42279687838374
2061,0.8361646874107483,25084.94062232245,25.362353861238066,15.0,23.411378411057527,0,0,22.42279687838374
2062,0.8352083772464136,25056.25131739241,25.24725444866058,15.0,23.230128728501825,0,0,22.42279687838374
2063,0.8342735237257686,25028.20571177306,25.130758522044143,15.0,23.04667992328705,0,0,22.42279687838374
2064,0.8333603905993271,25000.811717979814,25.012900601645903,15.0,22.861086355253192,0,0,22.42279687838374
2065,0.8324692351813815,24974.077055441445,24.8937156113113,15.0,22.67340301977997,0,0,22.42279687838374
2066,0.8316003082737546,24948.00924821264,24.773238868125247,15.0,22.483685531490295,0,0,22.42279687838374
2067,0.8307538540914822,24922.615622744466,24.65150607194675,15.0,22.291990107770232,0,0,22.42279687838374
2068,0.8299301101904462,24897.903305713386,24.528553294830623,15.0,22.09837355211112,0,0,22.42279687838374
2069,0.8291293073969823,24873.87922190947,24.404416970338172,15.0,21.90289323727682,0,0,22.42279687838374
2070,0.8283516697394808,24850.550092184425,24.27913388274151,15.0,21.7056070883036,0,0,22.42279687838374
2071,0.8275974143820024,24827.922431460072,24.15274115612324,15.0,21.506573565335017,0,0,22.42279687838374
2072,0.8268667515599275,24806.002546797827,24.025276243376133,15.0,21.30585164629958,0,0,22.42279687838374
2073,0.8261598845176593,24784.79653552978,23.896776915104645,15.0,21.103500809433676,0,0,22.42279687838374
2074,0.8254770094483975,24764.310283451927,23.767281248433097,15.0,20.899581015657517,0,0,22.42279687838374
2075,0.824818315436003,24744.54946308009,23.636827615722158,15.0,20.69415269080678,0,0,22.42279687838374
2076,0.8241839843989671,24725.519531969014,23.505454673198674,15.0,20.487276707727723,0,0,22.42279687838374
2077,0.8235741910365062,24707.225731095186,23.37320134950083,15.0,20.279014368238947,0,0,22.42279687838374
2078,0.8229891027767937,24689.673083303813,23.240106834142594,15.0,20.069427384966154,0,0,22.42279687838374
2079,0.8224288797273481,24672.866391820444,23.106210565901385,15.0,19.858577863055917,0,0,22.42279687838374
2080,0.8218936746275897,24656.81023882769,22.9715522211311,15.0,19.6465282817719,0,0,23.42279687838374
2081,0.8213465630612438,24640.396891837314,23.948263972085183,15.0,19.433341475981535,0,0,23.42279687838374
2082,0.8208249735093861,24624.749205281583,23.80557532178542,15.0,19.21908061753642,0,0,23.42279687838374
2083,0.8203290373861116,24609.87112158335,23.66221367966764,15.0,19.003809196552858,0,0,23.42279687838374
2084,0.8198588785038505,24595.766355115516,23.518221526880467,15.0,18.78759100259891,0,0,23.42279687838374
2085,0.8194146130366804,24582.43839110041,23.373641531406424,15.0,18.570490105791908,0,0,23.42279687838374
2086,0.8189963494859012,24569.890484577034,23.22851653541841,15.0,18.352570837812912,0,0,23.42279687838374
2087,0.8186041886478833,24558.1256594365,23.08288954258473,15.0,18.13389777284401,0,0,23.42279687838374
2088,0.8182382235842008,24547.146707526026,22.936803705326366,15.0,17.91453570843389,0,0,23.42279687838374
2089,0.817898539594054,24536.95618782162,22.790302312029574,15.0,17.694549646296267,0,0,23.42279687838374
2090,0.8175852141889938,24527.556425669813,22.64342877421906,15.0,17.47400477304923,0,0,23.42279687838374
2091,0.8172983170699538,24518.949512098614,22.49622661369375,15.0,17.252966440898287,0,0,23.42279687838374
2092,0.817037910106596,24511.13730319788,22.348739449630756,15.0,17.031500148271746,0,0,23.42279687838374
2093,0.8168040473189775,24504.121419569325,22.201010985659874,15.0,16.809671520411833,0,0,23.42279687838374
2094,0.8165967748615433,24497.903245846297,22.053084996913107,15.0,16.587546289928255,0,0,23.42279687838374
2095,0.8164161310094497,24492.483930283488,21.90500531705348,15.0,16.365190277320757,0,0,23.42279687838374
2096,0.8162621461472223,24487.86438441667,21.75681582528602,15.0,16.14266937147479,0,0,23.42279687838374
2097,0.8161348427597531,24484.045282792595,21.608560433355205,15.0,15.920049510136973,0,0,23.42279687838374
2098,0.8160342354256372,24481.027062769117,21.460283072533343,15.0,15.697396660376846,0,0,23.42279687838374
2099,0.8159603308128527,24478.80992438558,21.312027680602593,15.0,15.474776799039123,0,0,23.42279687838374
2100,0.815913127676785,24477.39383030355,21.163838188835072,15.0,15.252255893193066,0,0,23.42279687838374
2101,0.8158926168605962,24476.778505817885,21.01575850897551,15.0,15.029899880585656,0,0,23.42279687838374
2102,0.8158987812979374,24476.96343893812,20.867832520228735,15.0,14.807774650102077,0,0,23.42279687838374
2103,0.8159315960180068,24477.947880540203,20.720104056257856,15.0,14.585946022242165,0,0,23.42279687838374
2104,0.8159910281529483,24479.73084458845,20.57261689219492,15.0,14.364479729615713,0,0,23.42279687838374
2105,0.8160770369475916,24482.311108427748,20.42541473166961,15.0,14.143441397464771,0,0,23.42279687838374
2106,0.8161895737715286,24485.68721314586,20.278541193859034,15.0,13.922896524217645,0,0,23.42279687838374
2107,0.8163285821335233,24489.8574640057,20.1320398005623,15.0,13.702910462080116,0,0,23.42279687838374
2108,0.8164939976982519,24494.819930947557,19.98595396330388,15.0,13.483548397669901,0,0,23.42279687838374
2109,0.8166857483053664,24500.572449160994,19.8403269704702,15.0,13.264875332701,0,0,23.42279687838374
2110,0.8169037539908777,24507.11261972633,19.695201974482185,15.0,13.046956064722,0,0,23.42279687838374
2111,0.8171479270108496,24514.43781032549,19.550621979008085,15.0,12.82985516791491,0,0,23.42279687838374
2112,0.8174181718674008,24522.545156022024,19.406629826220968,15.0,12.613636973961054,0,0,23.42279687838374
2113,0.8177143853370017,24531.43156011005,19.26326818410319,15.0,12.39836555297749,0,0,23.42279687838374
2114,0.818036456501062,24541.09369503186,19.12057953380337,15.0,12.184104694532282,0,0,23.42279687838374
2115,0.8183842667787992,24551.528003363976,18.978606157048116,15.0,11.97091788874201,0,0,23.42279687838374
2116,0.8187576899623753,24562.73069887126,18.83739012361289,15.0,11.758868307457995,0,0,23.42279687838374
2117,0.8191565922542957,24574.69776762887,18.696973278856202,15.0,11.548018785547754,0,0,23.42279687838374
2118,0.8195808323070561,24587.424969211683,18.557397231319484,15.0,11.338431802274961,0,0,23.42279687838374
2119,0.8200302612650269,24600.907837950806,18.41870334039803,15.0,11.130169462786185,0,0,23.42279687838374
2120,0.8205047228085621,24615.141684256865,18.28093270408487,15.0,10.923293479707123,0,0,23.42279687838374
2121,0.8210040532003209,24630.121596009627,18.14412614679298,15.0,10.717865154856472,0,0,23.42279687838374
2122,0.8215280813337852,24645.842440013555,18.008324207257715,15.0,10.513945361080232,0,0,23.42279687838374
2123,0.8220766287839636,24662.298863518907,17.873567126524705,15.0,10.311594524214408,0,0,23.42279687838374
2124,0.8226495098602618,24679.48529580785,17.73989483602517,15.0,10.11087260517889,0,0,23.42279687838374
2125,0.8232465316615067,24697.395949845202,17.607346945743707,15.0,9.911839082210307,0,0,23.42279687838374
2126,0.8238674941331081,24716.024823993244,17.475962732480895,15.0,9.714552933237083,0,0,23.42279687838374
2127,0.8245121901263378,24735.365703790136,17.345781128214508,15.0,9.519072618402788,0,0,23.42279687838374
2128,0.8251804054597133,24755.4121637914,17.2168407085635,15.0,9.325456062743594,0,0,23.42279687838374
2129,0.8258719189824637,24776.15756947391,17.08917968135702,15.0,9.133760639023615,0,0,23.42279687838374
2130,0.8265865026400621,24797.595079201863,16.962835875312486,15.0,8.944043150733862,0,0,23.42279687838374
2131,0.8273239215418026,24819.717646254077,16.837846728826392,15.0,8.756359815260637,0,0,23.42279687838374
2132,0.8280839340304037,24842.51802091211,16.71424927888039,15.0,8.570766247226853,0,0,23.42279687838374
2133,0.8288662917536164,24865.98875260849,16.592080150066245,15.0,8.387317442012005,0,0,23.42279687838374
2134,0.8296707397378164,24890.12219213449,16.47137554373355,15.0,8.206067759456374,0,0,23.42279687838374
2135,0.8304970164635584,24914.910493906755,16.352171227262083,15.0,8.02707090775245,0,0,23.42279687838374
2136,0.8313448539430701,24940.345618292104,16.234502523463547,15.0,7.850379927530595,0,0,23.42279687838374
2137,0.8322139777996622,24966.419333989867,16.118404300114328,15.0,7.676047176141488,0,0,23.42279687838374
2138,0.8331041073490326,24993.123220470978,16.003910959623568,15.0,7.504124312141702,0,0,23.42279687838374
2139,0.8340149556824392,25020.448670473175,15.89105642883907,15.0,7.33466227998631,0,0,23.42279687838374
2140,0.8349462297517168,25048.386892551505,15.779874148993947,15.0,7.167711294932801,0,0,23.42279687838374
2141,0.8358976304561141,25076.928913683423,15.670397065797138,15.0,7.003320828161005,0,0,23.42279687838374
2142,0.8368688527309232,25106.065581927694,15.56265761967115,15.0,6.841539592114131,0,0,23.42279687838374
2143,0.8378595856378772,25135.787569136315,15.456687736139118,15.0,6.682415526064012,0,0,23.42279687838374
2144,0.8388695124572879,25166.085373718637,15.352518816364467,15.0,6.525995781905465,0,0,23.42279687838374
2145,0.8398983107818966,25196.949323456898,15.250181727846359,15.0,6.372326710184629,0,0,23.42279687838374
2146,0.8409456526124102,25228.369578372305,15.149706795272655,15.0,6.221453846363775,0,0,23.42279687838374
2147,0.8420112044546946,25260.336133640838,15.05112379153434,15.0,6.073421897328622,0,0,23.42279687838374
2148,0.8430946274185964,25292.838822557893,14.954461928903065,15.0,5.92827472814052,0,0,23.42279687838374
2149,0.8441955773183631,25325.867319550893,14.85974985037477,15.0,5.786055349038114,0,0,23.42279687838374
2150,0.8453137047746327,25359.411143238984,14.767015621182468,15.0,5.646805902692892,0,0,23.42279687838374
2151,0.8464486553179627,25393.45965953888,14.676286720479556,15.0,5.510567651720943,0,0,23.42279687838374
2152,0.8476000694938665,25428.002084815995,14.587590033197475,15.0,5.3773809664564,0,0,23.42279687838374
2153,0.8487675829693282,25463.027489079846,14.500951842078825,15.0,5.247285312988406,0,0,23.42279687838374
2154,0.8499508266407619,25498.524799222858,14.416397819889514,15.0,5.120319241466882,0,0,23.42279687838374
2155,0.851149426743385,25534.48280230155,14.33395302181107,15.0,4.996520374678869,0,0,23.42279687838374
2156,0.852363004961973,25570.89014885919,14.253641878016536,15.0,4.875925396900497,0,0,23.42279687838374
2157,0.8535911785429626,25607.73535628888,14.17548818643101,15.0,4.758570043026234,0,0,23.42279687838374
2158,0.8548335604078693,25645.00681223608,14.099515105680037,15.0,4.64448908798022,0,0,23.42279687838374
2159,0.8560897592679876,25682.69277803963,14.025745148227106,15.0,4.533716336411548,0,0,23.42279687838374
2160,0.8573593797403382,25720.781392210145,13.954200173702635,15.0,4.426284612677087,0,0,24.42279687838374
2161,0.8586205298957965,25758.615896873896,14.529678453374878,15.0,4.322225751115196,0,0,24.42279687838374
2162,0.8598944028441019,25796.832085323058,14.459533592832736,15.0,4.221570586612369,0,0,24.42279687838374
2163,0.8611805880876752,25835.417642630255,14.391781495922764,15.0,4.12434894546608,0,0,24.42279687838374
2164,0.8624786714805381,25874.360144416143,14.32644223905352,15.0,4.0305896365468605,0,0,24.42279687838374
2165,0.8637882353510342,25913.647060531028,14.263535183656973,15.0,3.940320442761471,0,0,24.42279687838374
2166,0.8651088586255941,25953.265758767822,14.203078970451232,15.0,3.8535681128201205,0,0,24.42279687838374
2167,0.8664401169535075,25993.203508605227,14.145091513917071,15.0,3.770358353310515,0,0,24.42279687838374
2168,0.8677815828326692,26033.447484980075,14.089589996989309,15.0,3.6907158210801736,0,0,24.42279687838374
2169,0.8691328257362554,26073.98477208766,14.03659086596521,15.0,3.6146641159301907,0,0,24.42279687838374
2170,0.8704934122402993,26114.80236720898,13.98610982563115,15.0,3.542225773622195,0,0,24.42279687838374
2171,0.8718629061521239,26155.88718456372,13.93816183460882,15.0,3.4734222592003037,0,0,24.42279687838374
2172,0.8732408686395948,26197.226059187844,13.892761100922776,15.0,3.4082739606307686,0,0,24.42279687838374
2173,0.8746268583611557,26238.805750834672,13.849921077790254,15.0,3.3468001827604965,0,0,24.42279687838374
2174,0.876020431596608,26280.61294789824,13.80965445963464,15.0,3.2890191415965324,0,0,24.42279687838374
2175,0.8774211423785939,26322.634271357816,13.771973178323933,15.0,3.2349479589084194,0,0,24.42279687838374
2176,0.8788285426247466,26364.856278742398,13.736888399635026,15.0,3.1846026571545534,0,0,24.42279687838374
2177,0.8802421822704669,26407.26546811401,13.704410519945014,15.0,3.1379981547343476,0,0,24.42279687838374
2178,0.8816616094022867,26449.8482820686,13.674549163150601,15.0,3.095148261567716,0,0,24.42279687838374
2179,0.8830863703917806,26492.59111175342,13.647313177816244,15.0,3.0560656750027415,0,0,24.42279687838374
2180,0.8845160100299868,26535.480300899606,13.622710634552211,15.0,3.020761976053315,0,0,24.42279687838374
2181,0.8859500716622939,26578.50214986882,13.600748823623043,15.0,2.989247625967364,0,0,24.42279687838374
2182,0.8873880973237585,26621.642919712755,13.58143425278728,15.0,2.9615319631269292,0,0,24.42279687838374
2183,0.8888296278748096,26664.88883624429,13.56477264536911,15.0,2.937623200281082,0,0,24.42279687838374
2184,0.8902742031373021,26708.22609411906,13.550768938562396,15.0,2.9175284221122295,0,0,24.42279687838374
2185,0.8917213620308768,26751.640860926305,13.539427281967695,15.0,2.9012535831368425,0,0,24.42279687838374
2186,0.8931706427095895,26795.119281287683,13.530751036362616,15.0,2.8888035059409347,0,0,24.42279687838374
2187,0.8946215826987645,26838.647480962933,13.524742772705995,15.0,2.880181879751083,0,0,24.42279687838374
2188,0.8960737190320369,26882.211570961106,13.521404271376012,15.0,2.8753912593411908,0,0,24.42279687838374
2189,0.8975265883885393,26925.79765165618,13.520736521642672,15.0,2.8744330642754803,0,0,24.42279687838374
2190,0.8989419538989503,26968.25861696851,14.655939658679394,15.0,2.8773075784878275,0,0,24.42279687838374
2191,0.9003571122218476,27010.713366655425,14.661004856291957,15.0,2.8840139501976334,0,0,24.42279687838374
2192,0.9017715923415357,27053.147770246072,14.668962683557387,15.0,2.8945501921622245,0,0,24.42279687838374
2193,0.9031849234432864,27095.54770329859,14.679810782399734,15.0,2.9089131822657213,0,0,24.42279687838374
2194,0.9045966350528493,27137.89905158548,14.693545938293182,15.0,2.927098664444174,0,0,24.42279687838374
2195,0.906006257175865,27180.18771527595,14.710164081214607,15.0,2.9491012499467284,0,0,24.42279687838374
2196,0.9074133204371341,27222.399613114023,14.729660286849622,15.0,2.9749144189324674,0,0,24.42279687838374
2197,0.9088173562197028,27264.520686591084,14.75202877805173,15.0,3.004530522402314,0,0,24.42279687838374
2198,0.9102178968037249,27306.53690411175,14.777262926554226,15.0,3.037940784465627,0,0,24.42279687838374
2199,0.911614475505057,27348.43426515171,14.805355254934335,15.0,3.075135304940736,0,0,24.42279687838374
2200,0.9130066268135467,27390.198804406402,14.836297438828847,15.0,3.1161030622884693,0,0,24.42279687838374
2201,0.9143938865309739,27431.816595929216,14.8700803094009,15.0,3.1608319168781804,0,0,24.42279687838374
2202,0.9157757919086026,27473.273757258077,14.906693856056865,15.0,3.2093086145849465,0,0,24.42279687838374
2203,0.9171518817843028,27514.556453529087,14.946127229412653,15.0,3.2615187907169894,0,0,24.42279687838374
2204,0.9185216967192038,27555.650901576115,14.98836874450873,15.0,3.3174469742723716,0,0,24.42279687838374
2205,0.9198847791338348,27596.543374015044,15.033405884272511,15.0,3.3770765925232573,0,0,24.42279687838374
2206,0.9212406734437164,27637.22020331149,15.081225303227484,15.0,3.4403899759268195,0,0,24.42279687838374
2207,0.9225889261943596,27677.66778583079,15.131812831447819,15.0,3.507368363361195,0,0,24.42279687838374
2208,0.9239290861956343,27717.87258586903,15.185153478757119,15.0,3.5779919076846465,0,0,24.42279687838374
2209,0.9252607046554668,27757.821139664004,15.241231439170383,15.0,3.6522396816167784,0,0,24.42279687838374
2210,0.9265833353128263,27797.50005938479,15.300030095577716,15.0,3.7300896839398416,0,0,24.42279687838374
2211,0.9278965345699621,27836.896037098864,15.361532024668204,15.0,3.8115188460179397,0,0,24.42279687838374
2212,0.9291998616238508,27875.995848715524,15.425719002092986,15.0,3.896503038633031,0,0,24.42279687838374
2213,0.9304928785968157,27914.78635790447,15.492572007865357,15.0,3.985017079134704,0,0,24.42279687838374
2214,0.93177515066628,27953.2545199884,15.562071231996871,15.0,4.077034738902428,0,0,24.42279687838374
2215,0.9330462461936133,27991.3873858084,15.63419608036756,15.0,4.1725287511177855,0,0,24.42279687838374
2216,0.9343057368520361,28029.172105561083,15.70892518082821,15.0,4.271470818843952,0,0,24.42279687838374
2217,0.9355531977535418,28066.595932606255,15.78623638953363,15.0,4.373831623410991,0,0,24.42279687838374
2218,0.9367882075748006,28103.64622724402,15.866106797504107,15.0,4.479580833103306,0,0,24.42279687838374
2219,0.9380103486820065,28140.310460460194,15.948512737414081,15.0,4.588687112147888,0,0,24.42279687838374
2220,0.9392192072546309,28176.57621763893,16.033429790605016,15.0,4.701118129999468,0,0,24.42279687838374
2221,0.9404143734080473,28212.43120224142,16.120832794321466,15.0,4.8168405709210855,0,0,24.42279687838374
2222,0.9415954413149882,28247.863239449645,16.210695849167045,15.0,4.935820143855905,0,0,24.42279687838374
2223,0.9427620093258007,28282.86027977402,16.302992326779275,15.0,5.058021592588776,0,0,24.42279687838374
2224,0.9439136800874645,28317.410402623933,16.397694877719882,15.0,5.183408706193067,0,0,24.42279687838374
2225,0.9450500606613352,28351.501819840058,16.494775439579133,15.0,5.311944329760886,0,0,24.42279687838374
2226,0.9461707626395817,28385.12287918745,16.59420524529146,15.0,5.443590375413051,0,0,24.42279687838374
2227,0.9472754022602785,28418.262067808355,16.695954831659513,15.0,5.578307833585029,0,0,24.42279687838374
2228,0.9483636005211236,28450.908015633708,16.799994048084876,15.0,5.716056784586467,0,0,24.42279687838374
2229,0.9494349832917446,28483.049498752338,16.906292065502463,15.0,5.856796410430427,0,0,24.42279687838374
2230,0.9504891814245621,28514.67544273686,17.014817385515567,15.0,6.000485006928309,0,0,24.42279687838374
2231,0.9515258308641753,28545.77492592526,17.125537849729653,15.0,6.147079996047852,0,0,24.42279687838374
2232,0.9525445727552405,28576.337182657215,17.238420649281675,15.0,6.296537938530065,0,0,24.42279687838374
2233,0.9535450535488065,28606.351606464195,17.353432334561965,15.0,6.4488145467610805,0,0,24.42279687838374
2234,0.9545269251070797,28635.80775321239,17.470538825125928,15.0,6.603864697895361,0,0,24.42279687838374
2235,0.9554898448065844,28664.69534419753,17.589705419793134,15.0,6.761642447226996,0,0,24.42279687838374
2236,0.9564334756396898,28693.004269190697,17.710896806929657,15.0,6.922101041803604,0,0,24.42279687838374
2237,0.9573574863144728,28720.724589434183,17.834077074912077,15.0,7.085192934280766,0,0,24.42279687838374
2238,0.9582615513528859,28747.84654058658,17.959209722768485,15.0,7.250869797010862,0,0,24.42279687838374
2239,0.9591453511872049,28774.360535616146,18.08625767099468,15.0,7.419082536363797,0,0,24.42279687838374
2240,0.9600085722547222,28800.257167641666,18.2151832725418,15.0,7.589781307274713,0,0,24.42279687838374
2241,0.9608509070906636,28825.527212719906,18.3459483239716,15.0,7.762915528013735,0,0,24.42279687838374
2242,0.9616720544192956,28850.161632578867,18.478514076777156,15.0,7.938433895174645,0,0,24.42279687838374
2243,0.9624717192432006,28874.15157729602,18.61284124886501,15.0,8.1162843988774,0,0,24.42279687838374
2244,0.963249612930691,28897.48838792073,18.748890036194947,15.0,8.296414338179282,0,0,24.42279687838374
2245,0.9640054533013362,28920.163599040086,18.886620124575217,15.0,8.478770336691898,0,0,24.42279687838374
2246,0.9647389647095798,28942.168941287393,19.025990701608126,15.0,8.66329835839725,0,0,24.42279687838374
2247,0.9654498781264185,28963.496343792554,19.166960468783767,15.0,8.84994372365999,0,0,24.42279687838374
2248,0.9661379312191221,28984.13793657366,19.309487653717873,15.0,9.038651125430409,0,0,24.42279687838374
2249,0.9668028684289671,29004.086052869014,19.453530022529442,15.0,9.229364645632561,0,0,24.42279687838374
2250,0.9674444410469657,29023.33323140897,19.59904489235602,15.0,9.422027771734642,0,0,24.42279687838374
2251,0.9680624072875624,29041.87221862687,19.74598914400109,15.0,9.616583413494212,0,0,24.42279687838374
2252,0.9686565323602809,29059.69597080843,19.8943192347117,15.0,9.812973919875926,0,0,24.42279687838374
2253,0.9692265885392978,29076.797656178933,20.04399121108062,15.0,10.011141096134123,0,0,24.42279687838374
2254,0.9697723552309216,29093.17065692765,20.194960722071187,15.0,10.211026221057846,0,0,24.42279687838374
2255,0.970293619038961,29108.808571168833,20.347183032158984,15.0,10.412570064370545,0,0,24.42279687838374
2256,0.9707901738279574,29123.705214838723,20.50061303458843,15.0,10.615712904281931,0,0,24.42279687838374
2257,0.9712618207842679,29137.854623528037,20.655205264738456,15.0,10.820394545184286,0,0,24.42279687838374
2258,0.9717083684749781,29151.251054249344,20.810913913594828,15.0,11.026554335489921,0,0,24.42279687838374
2259,0.9721296329046276,29163.888987138827,20.96769284132455,15.0,11.23413118560385,0,0,24.42279687838374
2260,0.9725254375697319,29175.763127091956,21.125495590947704,15.0,11.443063586025431,0,0,24.42279687838374
2261,0.9728956135110841,29186.868405332523,21.28427540210385,15.0,11.653289625575194,0,0,24.42279687838374
2262,0.9732399993638214,29197.199980914644,21.443985224908324,15.0,11.864747009740748,0,0,24.42279687838374
2263,0.973558441405241,29206.75324215723,21.604577733893745,15.0,12.077373079135452,0,0,24.42279687838374
2264,0.9738507936003509,29215.523808010526,21.766005342033758,15.0,12.29110482806601,0,0,24.42279687838374
2265,0.9741169176451439,29223.507529354316,21.928220214844252,15.0,12.505878923202593,0,0,24.42279687838374
2266,0.9743566830075798,29230.700490227395,22.091174284557596,15.0,12.721631722345697,0,0,24.42279687838374
2267,0.9745699669662649,29237.099008987945,22.254819264365956,15.0,12.93829929328443,0,0,24.42279687838374
2268,0.9747566546468166,29242.699639404498,22.41910666273021,15.0,13.155817432741632,0,0,24.42279687838374
2269,0.974916639055904,29247.49917167712,22.583987797748467,15.0,13.374121685397977,0,0,24.42279687838374
2270,0.9750498211129512,29251.49463338854,22.749413811582137,15.0,13.593147362992195,0,0,25.42279687838374
2271,0.9751248337971073,29253.74501391322,23.853612156667353,15.0,13.812829563488958,0,0,25.42279687838374
2272,0.9751726427541109,29255.179282623325,24.02679274272391,15.0,14.033103190311042,0,0,25.42279687838374
2273,0.9751931722660074,29255.795167980225,24.200386994934174,15.0,14.253902971629104,0,0,25.42279687838374
2274,0.9751863546983315,29255.590640949944,24.374343473574672,15.0,14.475163479702601,0,0,25.42279687838374
2275,0.9751521305201467,29254.5639156044,24.548610631586417,15.0,14.696819150267705,0,0,25.42279687838374
2276,0.9750904483216876,29252.713449650626,24.72313682984965,15.0,14.918804301965691,0,0,25.42279687838374
2277,0.9750012648295922,29250.037944887765,24.89787035248516,15.0,15.141053155805185,0,0,25.42279687838374
2278,0.9748845449197255,29246.536347591766,25.072759422179065,15.0,15.363499854654183,0,0,25.42279687838374
2279,0.9747402616275878,29242.20784882763,25.24775221552574,15.0,15.586078482755202,0,0,25.42279687838374
2280,0.9745683961563035,29237.051884689106,25.422796878383725,15.0,15.808723085256922,0,0,25.42279687838374
2281,0.9743689378821928,29231.068136465783,25.59784154124178,15.0,16.031367687758724,0,0,25.42279687838374
2282,0.9741418843579184,29224.25653073755,25.77283433458838,15.0,16.253946315859654,0,0,25.42279687838374
2283,0.9738872413132115,29216.617239396342,25.947723404282286,15.0,16.476393014708655,0,0,25.42279687838374
2284,0.9736050226531733,29208.150679595197,26.1224569269178,15.0,16.698641868548147,0,0,25.42279687838374
2285,0.9732952504541551,29198.857513624655,26.296983125181026,15.0,16.920627020246133,0,0,25.42279687838374
2286,0.9729579549572168,29188.738648716506,26.471250283192777,15.0,17.142282690811236,0,0,25.42279687838374
2287,0.972593174559165,29177.795236774953,26.64520676183327,15.0,17.363543198884734,0,0,25.42279687838374
2288,0.9722009558011759,29166.02867403528,26.818801014043537,15.0,17.5843429802028,0,0,25.42279687838374
2289,0.9717813533550037,29153.440600650112,26.991981600100097,15.0,17.80461660702488,0,0,25.42279687838374
2290,0.9713344300067807,29140.03290020342,27.164697202857905,15.0,18.024298807521646,0,0,25.42279687838374
2291,0.9708602566384117,29125.807699152352,27.33689664295621,15.0,18.24332448511577,0,0,25.42279687838374
2292,0.970358912206571,29110.76736619713,27.508528893984685,15.0,18.46162873777221,0,0,25.42279687838374
2293,0.9698304837193052,29094.914511579158,27.67954309760316,15.0,18.679146877229407,0,0,25.42279687838374
2294,0.9692750662102513,29078.25198630754,27.849888578612234,15.0,18.895814448168146,0,0,25.42279687838374
2295,0.9686927627104756,29060.782881314266,28.019514859969668,15.0,19.111567247311246,0,0,25.42279687838374
2296,0.9680836842179436,29042.510526538306,28.188371677747334,15.0,19.326341342447833,0,0,25.42279687838374
2297,0.9674479496646292,29023.438489938875,28.356408996026016,15.0,19.540073091378478,0,0,25.42279687838374
2298,0.9667856858812726,29003.57057643818,28.523577021721643,15.0,19.752699160773094,0,0,25.42279687838374
2299,0.9660970275597972,28982.910826793915,28.68982621934055,15.0,19.964156544938646,0,0,25.42279687838374
2300,0.9653821172133977,28961.46351640193,28.85510732565739,15.0,20.17438258448841,0,0,25.42279687838374
2301,0.9646411051343105,28939.233154029313,29.01937136431345,15.0,20.38331498490999,0,0,25.42279687838374
2302,0.9638741493492783,28916.224480478348,29.182569660328824,15.0,20.590891835023836,0,0,25.42279687838374
2303,0.9630814155727242,28892.442467181725,29.344653854526435,15.0,20.79705162532956,0,0,25.42279687838374
2304,0.9622630771576463,28867.892314729386,29.50557591786141,15.0,21.00173326623191,0,0,25.42279687838374
2305,0.9614193150442496,28842.57945132749,29.66528816565333,15.0,21.204876106143214,0,0,25.42279687838374
2306,0.9605503177063301,28816.509531189906,29.823743271716435,15.0,21.406419949455994,0,0,25.42279687838374
2307,0.9596562810954251,28789.688432862753,29.980894282383,15.0,21.60630507437972,0,0,25.42279687838374
2308,0.9587374085827487,28762.12225748246,30.13669463041689,15.0,21.804472250637914,0,0,25.42279687838374
2309,0.9577939108989288,28733.817326967866,30.291098148812676,15.0,22.00086275701963,0,0,25.42279687838374
2310,0.9568260060715633,28704.7801821469,30.444059084475487,15.0,22.19541839877928,0,0,25.42279687838374
2311,0.9558339193606131,28675.017580818392,30.59553211177885,15.0,22.38808152488128,0,0,25.42279687838374
2312,0.9548178831916532,28644.536495749595,30.745472345995857,15.0,22.578795045083517,0,0,25.42279687838374
2313,0.9537781370869999,28613.344112609997,30.893835356599002,15.0,22.767502446853854,0,0,25.42279687838374
2314,0.9527149275947352,28581.447827842057,31.04057718042644,15.0,22.95414781211667,0,0,25.42279687838374
2315,0.9516285082156494,28548.85524646948,31.185654334708683,15.0,23.13867583382195,0,0,25.42279687838374
2316,0.9505191393281225,28515.574179843676,31.329023829953968,15.0,23.32103183233449,0,0,25.42279687838374
2317,0.94938708811097,28481.6126433291,31.470643182686747,15.0,23.501161771636443,0,0,25.42279687838374
2318,0.9482326284642706,28446.978853928118,31.610470428036347,15.0,23.6790122753392,0,0,25.42279687838374
2319,0.9470560409282044,28411.681227846133,31.748464132172202,15.0,23.854530642500116,0,0,25.42279687838374
2320,0.945857612599923,28375.72837799769,31.88458340458173,15.0,24.02766486323913,0,0,25.42279687838374
2321,0.9446376370484756,28339.12911145427,32.01878791018677,15.0,24.19836363415005,0,0,25.42279687838374
2322,0.9433964142278192,28301.892426834576,32.15103788129588,15.0,24.366576373502983,0,0,25.42279687838374
2323,0.9421342503879346,28264.02751163804,32.28129412938856,15.0,24.53225323623308,0,0,25.42279687838374
2324,0.9408514579840791,28225.543739522374,32.40951805672721,15.0,24.69534512871018,0,0,25.42279687838374
2325,0.9395483555841985,28186.450667525954,32.53567166779498,15.0,24.855803723286854,0,0,25.42279687838374
2326,0.9382252677745286,28146.75803323586,32.65971758055424,15.0,25.013581472618483,0,0,25.42279687838374
2327,0.9368825250634135,28106.475751902406,32.78161903752385,15.0,25.168631623752773,0,0,25.42279687838374
2328,0.9355204637833691,28065.61391350107,32.901339916671375,15.0,25.320908231983786,0,0,25.42279687838374
2329,0.9341394259914196,28024.18277974259,33.01884474211643,15.0,25.470366174465997,0,0,25.42279687838374
2330,0.9327397593677399,27982.192781032198,33.13409869464336,15.0,25.616961163585604,0,0,25.42279687838374
2331,0.9313218171126294,27939.654513378882,33.24706762201857,15.0,25.760649760083425,0,0,25.42279687838374
2332,0.9298859578418515,27896.578735255545,33.357718049110886,15.0,25.901389385927388,0,0,25.42279687838374
2333,0.9284325454803681,27852.976364411043,33.46601718781066,15.0,26.039138336928822,0,0,25.42279687838374
2334,0.9269619491545007,27808.85847463502,33.571932946745875,15.0,26.173855795100803,0,0,25.42279687838374
2335,0.9254745430825504,27764.23629247651,33.67543394079123,15.0,26.305501840752918,0,0,25.42279687838374
2336,0.9239707064639086,27719.121193917257,33.77648950036854,15.0,26.434037464320788,0,0,25.42279687838374
2337,0.9224508233666925,27673.524701000773,33.87506968053451,15.0,26.55942457792508,0,0,25.42279687838374
2338,0.9209152826139371,27627.458478418113,33.97114526985417,15.0,26.681626026657902,0,0,25.42279687838374
2339,0.9193644776683789,27580.93433005137,34.064687799057005,15.0,26.80060559959277,0,0,25.42279687838374
2340,0.9177988065158638,27533.964195475914,34.15566954947277,15.0,26.916328040514387,0,0,25.42279687838374
2341,0.9162186715474159,27486.560146422475,34.24406356124523,15.0,27.028759058365967,0,0,25.42279687838374
2342,0.9146244794399999,27438.734383199997,34.32984364132105,15.0,27.137865337410553,0,0,25.42279687838374
2343,0.9130166410360144,27390.499231080434,34.41298437121121,15.0,27.24361454710291,0,0,25.42279687838374
2344,0.9113955712215502,27341.867136646506,34.49346111452307,15.0,27.345975351669907,0,0,25.42279687838374
2345,0.9097616888034503,27292.85066410351,34.571250024260834,15.0,27.444917419396113,0,0,25.42279687838374
2346,0.908115416385209,27243.46249155627,34.64632804989165,15.0,27.54041143161143,0,0,25.42279687838374
2347,0.9064571802417448,27193.715407252344,34.71867294417624,15.0,27.63242909137915,0,0,25.42279687838374
2348,0.9047874101930862,27143.622305792585,34.78826326976113,15.0,27.72094313188083,0,0,25.42279687838374
2349,0.9031065394770068,27093.196184310204,34.85507840553092,15.0,27.805927324495887,0,0,25.42279687838374
2350,0.9014150046206476,27042.450138619428,34.91909855271892,15.0,27.88735648657402,0,0,26.42279687838374
2351,0.8996673805637251,26990.021416911753,36.3562471639506,15.0,27.965206488897085,0,0,26.42279687838374
2352,0.8979098982328342,26937.296946985025,36.41691738795206,15.0,28.039454262829217,0,0,26.42279687838374
2353,0.8961430069794044,26884.290209382132,36.474626138355774,15.0,28.11007780715267,0,0,26.42279687838374
2354,0.8943671589429324,26831.014768287972,36.52935631481351,15.0,28.177056194587045,0,0,26.42279687838374
2355,0.8925828089170028,26777.484267510084,36.5810916995928,15.0,28.240369577990606,0,0,26.42279687838374
2356,0.8907904142145233,26723.7124264357,36.62981696238262,15.0,28.299999196241494,0,0,26.42279687838374
2357,0.8889904345322128,26669.713035966386,36.675517664836,15.0,28.355927379796857,0,0,26.42279687838374
2358,0.8871833318143835,26615.499954431503,36.71818026484854,15.0,28.40813755592892,0,0,26.42279687838374
2359,0.8853695701160565,26561.087103481696,36.7577921205711,15.0,28.456614253635692,0,0,26.42279687838374
2360,0.883549615465453,26506.48846396359,36.794341494155915,15.0,28.5013431082254,0,0,26.42279687838374
2361,0.8817239357258991,26451.718071776973,36.82781755523482,15.0,28.54231086557315,0,0,26.42279687838374
2362,0.8798930004571885,26396.790013715658,36.858210384128434,15.0,28.57950538604824,0,0,26.42279687838374
2363,0.878057280776442,26341.71842329326,36.88551097478564,15.0,28.612915648111567,0,0,26.42279687838374
2364,0.8762172492185044,26286.51747655513,36.90971123745219,15.0,28.6425317515814,0,0,26.42279687838374
2365,0.8743733795959229,26231.201387877685,36.930804001068026,15.0,28.668344920567144,0,0,26.42279687838374
2366,0.8725261468585463,26175.78440575639,36.94878301539203,15.0,28.6903475060697,0,0,26.42279687838374
2367,0.8706760269527868,26120.280808583604,36.963642952854265,15.0,28.70853298824815,0,0,26.42279687838374
2368,0.8688234966805867,26064.7049004176,36.975379410134536,15.0,28.722895978351648,0,0,26.42279687838374
2369,0.8669690335581322,26009.071006743965,36.983988909467264,15.0,28.73343222031624,0,0,26.42279687838374
2370,0.8651131156743544,25953.393470230632,36.989468899672,15.0,28.74013859202605,0,0,26.42279687838374
2371,0.863256221549262,25897.686646477858,36.991817756909356,15.0,28.7430131062384,0,0,26.42279687838374
2372,0.8613988299921446,25841.964899764338,36.99103478516226,15.0,28.742054911172687,0,0,26.42279687838374
2373,0.8595414199596922,25786.242598790766,36.98712021644213,15.0,28.737264290762795,0,0,26.42279687838374
2374,0.8576844704140689,25730.53411242207,36.980075210720166,15.0,28.728642664572945,0,0,26.42279687838374
2375,0.855828460180987,25674.85380542961,36.96990185558359,15.0,28.716192587377037,0,0,26.42279687838374
2376,0.8539738678078201,25619.216034234603,36.95660316561712,15.0,28.69991774840164,0,0,26.42279687838374
2377,0.852121171421799,25563.63514265397,36.94018308150957,15.0,28.6798229702328,0,0,26.42279687838374
2378,0.8502708485883331,25508.125457649992,36.92064646888626,15.0,28.655914207386942,0,0,26.42279687838374
2379,0.8484233761694966,25452.7012850849,36.897999116867126,15.0,28.628198544546514,0,0,26.42279687838374
2380,0.8465792301827246,25397.37690548174,36.87224773635136,15.0,28.596684194460572,0,0,26.42279687838374
2381,0.8447388856597583,25342.16656979275,36.84339995802875,15.0,28.561380495511138,0,0,26.42279687838374
2382,0.8429028165058833,25287.0844951765,36.81146433011862,15.0,28.522297908946182,0,0,26.42279687838374
2383,0.8410714953595011,25232.144860785033,36.77645031583671,15.0,28.479448015779532,0,0,26.42279687838374
2384,0.8392453934520759,25177.36180356228,36.738368290591154,15.0,28.43284351335933,0,0,26.42279687838374
2385,0.8374249804684992,25122.749414054975,36.697229538907905,15.0,28.38249821160547,0,0,26.42279687838374
2386,0.8356107244079111,25068.32173223733,36.653046251086906,15.0,28.328427028917353,0,0,26.42279687838374
2387,0.8338030914450225,25014.092743350677,36.60583151958991,15.0,28.270645987753387,0,0,26.42279687838374
2388,0.8320025457919782,24960.076373759344,36.55559933516087,15.0,28.209172209883114,0,0,26.42279687838374
2389,0.8302095495607993,24906.286486823978,36.502364582680066,15.0,28.144023911313585,0,0,26.42279687838374
2390,0.8284245626264508,24852.736878793523,36.44614303675362,15.0,28.075220396891723,0,0,26.42279687838374
2391,0.82664804249057,24799.4412747171,36.386951357038896,15.0,28.002782054583697,0,0,26.42279687838374
2392,0.8248804441458993,24746.41332437698,36.32480708330808,15.0,27.92673034943372,0,0,26.42279687838374
2393,0.8231222199414615,24693.666598243846,36.25972863025069,15.0,27.847087817203374,0,0,26.42279687838374
2394,0.8213738194485196,24641.21458345559,36.19173528201682,15.0,27.763878057693734,0,0,26.42279687838374
2395,0.8196356893273585,24589.070679820758,36.12084718650302,15.0,27.677125727752422,0,0,26.42279687838374
2396,0.817908273194931,24537.24819584793,36.04708534938183,15.0,27.58685653396699,0,0,26.42279687838374
2397,0.8161920114934028,24485.760344802085,35.970471627877565,15.0,27.493097225047812,0,0,26.42279687838374
2398,0.814487341359642,24434.62024078926,35.891028724289285,15.0,27.395875583901525,0,0,26.42279687838374
2399,0.8127946964956845,24383.840894870533,35.80878017926391,15.0,27.295220419398696,0,0,26.42279687838374
2400,0.811114507040219,24333.43521120657,35.72375036482036,15.0,27.191161557836804,0,0,26.42279687838374
2401,0.8094471994411285,24283.415983233856,35.635964477127786,15.0,27.083729834102392,0,0,26.42279687838374
2402,0.8077931963291233,24233.795889873698,35.545448529039234,15.0,26.972957082533675,0,0,26.42279687838374
2403,0.8061529163925073,24184.58749177522,35.45222934238364,15.0,26.85887612748766,0,0,26.42279687838374
2404,0.8045267742531116,24135.803227593347,35.35633454001788,15.0,26.74152077361345,0,0,26.42279687838374
2405,0.8029151803434326,24087.455410302977,35.25779253764142,15.0,26.620925795835028,0,0,26.42279687838374
2406,0.8013185407850121,24039.556223550364,35.156632535376296,15.0,26.497126929047013,0,0,26.42279687838374
2407,0.7997372572680954,23992.117718042864,35.05288450911443,15.0,26.37016085752549,0,0,26.42279687838374
2408,0.7981717269326009,23945.151807978025,34.94657920163499,15.0,26.2400652040575,0,0,26.42279687838374
2409,0.7966223422504393,23898.67026751318,34.83774811349488,15.0,26.106878518792904,0,0,26.42279687838374
2410,0.795089490909216,23852.68472727648,34.726423493694334,15.0,25.970640267821008,0,0,26.42279687838374
2411,0.7935735556973504,23807.206670920514,34.61263833012073,15.0,25.831390821475786,0,0,26.42279687838374
2412,0.7920749143906483,23762.247431719446,34.49642633977368,15.0,25.689171442373382,0,0,26.42279687838374
2413,0.7905939396403572,23717.818189210717,34.37782195877407,15.0,25.54402427318528,0,0,26.42279687838374
2414,0.7891309988627437,23673.92996588231,34.25686033215959,15.0,25.39599232415013,0,0,26.42279687838374
2415,0.7876864541302182,23630.593623906545,34.13357730347087,15.0,25.24511946032934,0,0,26.42279687838374
2416,0.7862606620640464,23587.819861921394,34.00800940412988,15.0,25.091450388608436,0,0,26.42279687838374
2417,0.7848539737286744,23545.61921186023,33.880193842615206,15.0,24.93503064444989,0,0,26.42279687838374
2418,0.7834667345276999,23504.002035830996,33.750168493436284,15.0,24.775906578399773,0,0,26.42279687838374
2419,0.7820992841015231,23462.97852304569,33.61797188591014,15.0,24.6141253423529,0,0,26.42279687838374
2420,0.7807519562267025,23422.558686801072,33.48364319274466,15.0,24.4497348755811,0,0,26.42279687838374
2421,0.7794250787170508,23382.752361511524,33.347222218430744,15.0,24.282783890527597,0,0,26.42279687838374
2422,0.778118973326496,23343.56919979488,33.20874938744719,15.0,24.113321858372203,0,0,26.42279687838374
2423,0.776833955653739,23305.01866961217,33.068265732282406,15.0,23.94139899437249,0,0,26.42279687838374
2424,0.7755703350487346,23267.110051462038,32.925812881275185,15.0,23.76706624298331,0,0,26.42279687838374
2425,0.7743284145210246,23229.85243563074,32.78143304627972,15.0,23.590375262761388,0,0,26.42279687838374
2426,0.77310849064995,23193.2547194985,32.63516901015717,15.0,23.411378411057534,0,0,26.42279687838374
2427,0.7719108534967675,23157.325604903024,32.48706411409794,15.0,23.230128728501825,0,0,26.42279687838374
2428,0.7707357865186979,23122.073595560938,32.33716224477923,15.0,23.046679923287055,0,0,26.42279687838374
2429,0.7695835664849326,23087.50699454798,32.185507821359934,15.0,22.861086355253196,0,0,26.42279687838374
2430,0.7684544633946201,23053.633901838602,32.03214578231881,15.0,22.673403019780046,0,0,27.42279687838374
2431,0.7673085262316458,23019.255786949376,33.083546528544055,15.0,22.483685531490295,0,0,27.42279687838374
2432,0.7661864229899978,22985.592689699934,32.92097785321427,15.0,22.291990107770317,0,0,27.42279687838374
2433,0.7650884048671827,22952.65214601548,32.756779948201114,15.0,22.098373552111127,0,0,27.42279687838374
2434,0.7640147159237671,22920.441477713015,32.591001468887654,15.0,21.902893237276906,0,0,27.42279687838374
2435,0.7629655930110566,22888.9677903317,32.42369153901497,15.0,21.70560708830361,0,0,27.42279687838374
2436,0.7619412657009115,22858.237971027345,32.2548997361262,15.0,21.506573565335017,0,0,27.42279687838374
2437,0.7609419562177199,22828.258686531597,32.08467607687542,15.0,21.305851646299583,0,0,27.42279687838374
2438,0.7599678793725483,22799.036381176447,31.913071002206472,15.0,21.103500809433676,0,0,27.42279687838374
2439,0.7590192424994874,22770.577274984622,31.740135362406576,15.0,20.89958101565744,0,0,27.42279687838374
2440,0.7580962453942155,22742.887361826466,31.56592040203814,15.0,20.69415269080679,0,0,27.42279687838374
2441,0.7571990802547945,22715.972407643836,31.390477744753646,15.0,20.487276707727723,0,0,27.42279687838374
2442,0.756327931624717,22689.83794874151,31.213859377998883,15.0,20.27901436823887,0,0,27.42279687838374
2443,0.7554829763382225,22664.489290146674,31.036117637607727,15.0,20.069427384966154,0,0,27.42279687838374
2444,0.7546643834678971,22639.931504036915,30.85730519229376,15.0,19.858577863055917,0,0,27.42279687838374
2445,0.7538723142745748,22616.169428237245,30.677475028043553,15.0,19.646528281771904,0,0,27.42279687838374
2446,0.7531069221595513,22593.20766478654,30.496680432415967,15.0,19.433341475981628,0,0,27.42279687838374
2447,0.7523683526191282,22571.050578573846,30.3149749787514,15.0,19.21908061753642,0,0,27.42279687838374
2448,0.7516567432014994,22549.702296044983,30.132412510297463,15.0,19.00380919655295,0,0,27.42279687838374
2449,0.7509722234659927,22529.16670397978,29.94904712425342,15.0,18.787591002599004,0,0,27.42279687838374
2450,0.7503149149446781,22509.447448340343,29.764933155740575,15.0,18.57049010579191,0,0,27.42279687838374
2451,0.7496849311063559,22490.54793319068,29.580125161701382,15.0,18.352570837812912,0,0,27.42279687838374
2452,0.7490823773229333,22472.471319687997,29.39467790473281,15.0,18.13389777284401,0,0,27.42279687838374
2453,0.7485073508381996,22455.22052514599,29.208646336859456,15.0,17.9145357084338,0,0,27.42279687838374
2454,0.7479599407390121,22438.79822217036,29.02208558324984,15.0,17.694549646296267,0,0,27.42279687838374
2455,0.7474402279288964,22423.206837866892,28.83505092588142,15.0,17.474004773049142,0,0,27.42279687838374
2456,0.7469482851040743,22408.448553122227,28.647597787159867,15.0,17.25296644089829,0,0,27.42279687838374
2457,0.746484176731921,22394.52530195763,28.459781713495595,15.0,17.03150014827175,0,0,27.42279687838374
2458,0.746047959031863,22381.43877095589,28.271658358844718,15.0,16.809671520411747,0,0,27.42279687838374
2459,0.7456396799587186,22369.19039876156,28.08328346821732,15.0,16.58754628992826,0,0,27.42279687838374
2460,0.7452593791884882,22357.781375654646,27.894712861158812,15.0,16.365190277320757,0,0,28.42279687838374
2461,0.7448734105273939,22346.202315821814,28.716329791300765,15.0,16.142669371474792,0,0,28.42279687838374
2462,0.7445157041260997,22335.47112378299,28.520650848103763,15.0,15.920049510136977,0,0,28.42279687838374
2463,0.7441862747974461,22325.588243923383,28.324942908663747,15.0,15.69739666037694,0,0,28.42279687838374
2464,0.743885128975166,22316.55386925498,28.12926396546675,15.0,15.474776799039127,0,0,28.42279687838374
2465,0.7436122647119794,22308.36794135938,27.933672002406887,15.0,15.252255893193162,0,0,28.42279687838374
2466,0.7433676716801696,22301.030150405088,27.73822497760387,15.0,15.029899880585656,0,0,28.42279687838374
2467,0.743151331174644,22294.53993523932,27.542980806229412,15.0,14.807774650102173,0,0,28.42279687838374
2468,0.7429632161184772,22288.896483554316,27.347997343345035,15.0,14.585946022242169,0,0,28.42279687838374
2469,0.7428032910709332,22284.098732127997,27.153332366758963,15.0,14.364479729615626,0,0,28.42279687838374
2470,0.7426715122379688,22280.145367139063,26.959043559905055,15.0,14.143441397464773,0,0,28.42279687838374
2471,0.7425678274852094,22277.034824556282,26.76518849474972,15.0,13.922896524217649,0,0,28.42279687838374
2472,0.7424921763533985,22274.765290601954,26.57182461473257,15.0,13.702910462080029,0,0,28.42279687838374
2473,0.7424444900763123,22273.33470228937,26.379009217744475,15.0,13.483548397669905,0,0,28.42279687838374
2474,0.7424246916011376,22272.740748034128,26.186799439148697,15.0,13.264875332701003,0,0,28.42279687838374
2475,0.7424326956113032,22272.980868339095,25.99525223485102,15.0,13.046956064722004,0,0,28.42279687838374
2476,0.7424684085517613,22274.05225655284,25.80442436442185,15.0,12.829855167914914,0,0,28.42279687838374
2477,0.7425317286567106,22275.951859701316,25.61437237427775,15.0,12.613636973961057,0,0,28.42279687838374
2478,0.7426225459797505,22278.676379392517,25.4251525809249,15.0,12.398365552977491,0,0,28.42279687838374
2479,0.742740742426462,22282.22227279386,25.236821054271935,15.0,12.184104694532376,0,0,28.42279687838374
2480,0.7428861917894004,22286.58575368201,25.04943360101456,15.0,11.970917888742015,0,0,28.42279687838374
2481,0.7430587597854935,22291.762793564805,24.863045748099495,15.0,11.758868307458087,0,0,28.42279687838374
2482,0.7432583040958334,22297.749122875,24.677712726269974,15.0,11.548018785547757,0,0,28.42279687838374
2483,0.7434846744078477,22304.54023223543,24.493489453700256,15.0,11.338431802274961,0,0,28.42279687838374
2484,0.7437377124598411,22312.131373795233,24.310430519721955,15.0,11.13016946278619,0,0,28.42279687838374
2485,0.7440172520878912,22320.517562636735,24.12859016864778,15.0,10.923293479707127,0,0,28.42279687838374
2486,0.7443231192750863,22329.69357825259,23.948022283698272,15.0,10.717865154856394,0,0,28.42279687838374
2487,0.7446551322030913,22339.65396609274,23.76878037103479,15.0,10.513945361080236,0,0,28.42279687838374
2488,0.7450131013060237,22350.39303918071,23.590917543904265,15.0,10.311594524214328,0,0,28.42279687838374
2489,0.745396829326626,22361.904879798778,23.41448650690111,15.0,10.110872605178892,0,0,28.42279687838374
2490,0.7458061113747176,22374.18334124153,23.239539540349153,15.0,9.911839082210307,0,0,28.42279687838374
2491,0.7462407349879081,22387.222049637243,23.066128484810307,15.0,9.714552933237004,0,0,28.42279687838374
2492,0.7467004801945543,22401.014405836628,22.894304725722918,15.0,9.51907261840279,0,0,28.42279687838374
2493,0.7471851195789426,22415.55358736828,22.724119178174924,15.0,9.325456062743598,0,0,28.42279687838374
2494,0.7476944183486777,22430.83255046033,22.55562227181711,15.0,9.133760639023617,0,0,28.42279687838374
2495,0.7482281344042558,22446.844032127676,22.388863935919222,15.0,8.944043150733943,0,0,28.42279687838374
2496,0.7487860184108046,22463.58055232414,22.223893584575055,15.0,8.756359815260716,0,0,28.42279687838374
2497,0.7493678138719664,22481.034416158993,22.060760102060133,15.0,8.570766247226857,0,0,28.42279687838374
2498,0.749973257205903,22499.197716177092,21.8995118283461,15.0,8.387317442012083,0,0,28.42279687838374
2499,0.7506020778234017,22518.062334702052,21.740196544776353,15.0,8.206067759456378,0,0,28.42279687838374
2500,0.7512539982080556,22537.61994624167,21.58286145990784,15.0,8.027070907752524,0,0,28.42279687838374
2501,0.7519287339984987,22557.862019954962,21.42755319552166,15.0,7.850379927530597,0,0,28.42279687838374
2502,0.7526259940726677,22578.779822180033,21.274317772808434,15.0,7.67604717614142,0,0,28.42279687838374
2503,0.7533454806340679,22600.364419022037,21.123200598731064,15.0,7.504124312141705,0,0,28.42279687838374
2504,0.7540868893000168,22622.606679000502,20.974246452569485,15.0,7.334662279986313,0,0,28.42279687838374
2505,0.7548499091918391,22645.497275755173,20.82749947265196,15.0,7.167711294932737,0,0,28.42279687838374
2506,0.7556342230269871,22669.026690809613,20.683003143275755,15.0,7.003320828161007,0,0,28.42279687838374
2507,0.7564395072130577,22693.185216391732,20.540800281821635,15.0,6.841539592114133,0,0,28.42279687838374
2508,0.7572654319436808,22717.962958310425,20.400933026066554,15.0,6.682415526064015,0,0,28.42279687838374
2509,0.7581116612962472,22743.349838887414,20.263442821696856,15.0,6.5259957819054675,0,0,28.42279687838374
2510,0.7589778533314497,22769.335599943493,20.12837041002749,15.0,6.372326710184629,0,0,28.42279687838374
2511,0.7598636601946082,22795.909805838244,19.99575581592903,15.0,6.221453846363776,0,0,28.42279687838374
2512,0.7607687282187449,22823.061846562345,19.865638335967873,15.0,6.073421897328686,0,0,28.42279687838374
2513,0.7616926980293847,22850.78094088154,19.738056526761383,15.0,5.928274728140524,0,0,28.42279687838374
2514,0.7626352046510454,22879.056139531363,19.61304819355318,15.0,5.786055349038174,0,0,28.42279687838374
2515,0.7635958776153875,22907.876328461625,19.49065037901019,15.0,5.646805902692893,0,0,28.42279687838374
2516,0.7645743410709918,22937.230232129754,19.370899352246475,15.0,5.510567651720945,0,0,28.42279687838374
2517,0.7655702138947331,22967.106416841994,19.253830598075755,15.0,5.377380966456402,0,0,28.42279687838374
2518,0.7665831098047143,22997.49329414143,19.13947880649634,15.0,5.247285312988407,0,0,28.42279687838374
2519,0.7676126374747307,23028.37912424192,19.027877862412033,15.0,5.120319241466833,0,0,28.42279687838374
2520,0.7686584006502278,23059.752019506835,18.919060835591164,15.0,4.996520374678871,0,0,28.42279687838374
2521,0.7697199982657209,23091.599947971627,18.813059970867158,15.0,4.875925396900451,0,0,28.42279687838374
2522,0.7707970245636387,23123.91073690916,18.709906678583994,15.0,4.758570043026236,0,0,28.42279687838374
2523,0.7718890692145585,23156.672076436753,18.609631525288332,15.0,4.644489087980221,0,0,28.42279687838374
2524,0.7729957174387952,23189.871523163856,18.512264224672244,15.0,4.533716336411504,0,0,28.42279687838374
2525,0.7741165501293101,23223.496503879305,18.417833628768303,15.0,4.4262846126770885,0,0,28.42279687838374
2526,0.775251143975901,23257.53431927703,18.326367719399975,15.0,4.322225751115198,0,0,28.42279687838374
2527,0.7763990715906378,23291.972147719134,18.23789359989028,15.0,4.221570586612371,0,0,28.42279687838374
2528,0.7775599016345075,23326.797049035224,18.152437487030216,15.0,4.124348945466123,0,0,28.42279687838374
2529,0.7787331989452285,23361.995968356856,18.070024703310285,15.0,4.0305896365469005,0,0,28.42279687838374
2530,0.7799185246661994,23397.555739985983,17.990679669416952,15.0,3.940320442761471,0,0,28.42279687838374
2531,0.781115436376541,23433.46309129623,17.914425896996196,15.0,3.853568112820157,0,0,28.42279687838374
2532,0.7823234882221957,23469.70464666587,17.841285981686415,15.0,3.7703583533105167,0,0,28.42279687838374
2533,0.7835422310480428,23506.26693144128,17.771281596423034,15.0,3.6907158210801425,0,0,28.42279687838374
2534,0.7847712125309938,23543.136375929815,17.704433485016256,15.0,3.6146641159301924,0,0,28.42279687838374
2535,0.7860099773140254,23580.299319420763,17.640761456004128,15.0,3.542225773622169,0,0,28.42279687838374
2536,0.7872580671411109,23617.74201423333,17.580284376783062,15.0,3.473422259200305,0,0,28.42279687838374
2537,0.7885150209930121,23655.45062979036,17.52302016801678,15.0,3.4082739606307704,0,0,28.42279687838374
2538,0.7897803752238886,23693.411256716656,17.46898579832623,15.0,3.3468001827604734,0,0,28.42279687838374
2539,0.7910536636986866,23731.609910960597,17.418197279261324,15.0,3.2890191415965346,0,0,28.42279687838374
2540,0.7923344179312647,23770.03253793794,17.37066966055633,15.0,3.2349479589084194,0,0,29.42279687838374
2541,0.7936018473638913,23808.05542091674,17.93601280541749,15.0,3.184602657154555,0,0,29.42279687838374
2542,0.7948758471265779,23846.275413797335,17.89360701095618,15.0,3.1379981547343494,0,0,29.42279687838374
2543,0.7961559386450269,23884.678159350806,17.8546175642729,15.0,3.0951482615677177,0,0,29.42279687838374
2544,0.797441641539822,23923.24924619466,17.81905601878214,15.0,3.0560656750027433,0,0,29.42279687838374
2545,0.7987324737687754,23961.974213063262,17.78693291213732,15.0,3.0207619760533304,0,0,29.42279687838374
2546,0.8000279517697664,24000.83855309299,17.758257763108205,15.0,2.9892476259673657,0,0,29.42279687838374
2547,0.8013275906040319,24039.827718120956,17.733039068760327,15.0,2.9615319631269377,0,0,29.42279687838374
2548,0.8026309040998642,24078.927122995923,17.711284301937066,15.0,2.937623200281082,0,0,29.42279687838374
2549,0.8039374049966738,24118.122149900213,17.69299990904535,15.0,2.9175284221122295,0,0,29.42279687838374
2550,0.805246605089376,24157.39815268128,17.67819130814541,15.0,2.9012535831368425,0,0,29.42279687838374
2551,0.8065580153730557,24196.74046119167,17.66686288734527,15.0,2.8888035059409347,0,0,29.42279687838374
2552,0.8078711461878708,24236.134385636124,17.659018003500517,15.0,2.8801818797510794,0,0,29.42279687838374
2553,0.8091855073641485,24275.565220924454,17.654658981219526,15.0,2.8753912593411908,0,0,29.42279687838374
2554,0.8105006083676332,24315.018251028996,17.65378711217469,15.0,2.8744330642754803,0,0,29.42279687838374
2555,0.8118159584448428,24354.478753345284,17.65640265471961,15.0,2.8773075784878275,0,0,29.42279687838374
2556,0.8131310667684893,24393.93200305468,17.662504833812587,15.0,2.8840139501976334,0,0,29.42279687838374
2557,0.8144454425829213,24433.36327748764,17.672091841246264,15.0,2.894550192162228,0,0,29.42279687838374
2558,0.8157585953495458,24472.757860486374,17.68516083618342,15.0,2.9089131822657213,0,0,29.42279687838374
2559,0.8170700348921852,24512.101046765558,17.701707945998812,15.0,2.927098664444165,0,0,29.42279687838374
2560,0.8183792715423273,24551.378146269817,17.721728267426702,15.0,2.9491012499467284,0,0,29.42279687838374
2561,0.8196858162842241,24590.574488526723,17.745215868013748,15.0,2.974914418932457,0,0,29.42279687838374
2562,0.8209891808997987,24629.67542699396,17.772163787877016,15.0,3.0045305224023005,0,0,29.42279687838374
2563,0.8222888781133137,24668.66634339941,17.802564041766253,15.0,3.037940784465627,0,0,29.42279687838374
2564,0.8235844217357626,24707.532652072878,17.836407621430133,15.0,3.0751353049407206,0,0,29.42279687838374
2565,0.824875326808937,24746.259804268113,17.873684498285627,15.0,3.1161030622884676,0,0,29.42279687838374
2566,0.8261611097491314,24784.83329247394,17.9143836263896,15.0,3.160831916878199,0,0,29.42279687838374
2567,0.8274412884904382,24823.238654713146,17.95849294571202,15.0,3.2093086145849465,0,0,29.42279687838374
2568,0.8287153826275951,24861.461478827856,18.005999385709657,15.0,3.2615187907170107,0,0,29.42279687838374
2569,0.8299829135583398,24899.48740675019,18.056888869199017,15.0,3.31744697427237,0,0,29.42279687838374
2570,0.8312434046252288,24937.302138756866,18.111146316527908,15.0,3.377076592523256,0,0,29.42279687838374
2571,0.8324963812568833,24974.891437706498,18.16875565004369,15.0,3.4403899759268457,0,0,29.42279687838374
2572,0.8337413711086128,25012.241133258383,18.22969979885751,15.0,3.507368363361193,0,0,29.42279687838374
2573,0.8349779042023826,25049.337126071478,18.293960703902833,15.0,3.577991907684644,0,0,29.42279687838374
2574,0.8362055130660779,25086.165391982337,18.36151932328659,15.0,3.6522396816167784,0,0,29.42279687838374
2575,0.8374237328720257,25122.711986160768,18.432355637931863,15.0,3.73008968393984,0,0,29.42279687838374
2576,0.8386321015747333,25158.963047242,18.506448657509804,15.0,3.8115188460179397,0,0,29.42279687838374
2577,0.8398301600478031,25194.90480143409,18.583776426659718,15.0,3.896503038633031,0,0,29.42279687838374
2578,0.8410174522199804,25230.52356659941,18.664316031494653,15.0,3.985017079134666,0,0,29.42279687838374
2579,0.8421935252102982,25265.805756308946,18.748043606391597,15.0,4.077034738902427,0,0,29.42279687838374
2580,0.843357929462275,25300.73788386825,18.83493434106304,15.0,4.172528751117744,0,0,29.42279687838374
2581,0.8445102188771284,25335.30656631385,18.92496248790911,15.0,4.27147081884395,0,0,29.42279687838374
2582,0.8456499509459636,25369.49852837891,19.018101369646903,15.0,4.3738316234109895,0,0,29.42279687838374
2583,0.8467766868808988,25403.300606426965,19.114323387215617,15.0,4.479580833103303,0,0,29.42279687838374
2584,0.8478899917450866,25436.699752352597,19.213600027954882,15.0,4.588687112147888,0,0,29.42279687838374
2585,0.8489894345815961,25469.683037447885,19.315901874053445,15.0,4.701118129999513,0,0,29.42279687838374
2586,0.8500745885411144,25502.237656233432,19.42119861126641,15.0,4.8168405709210855,0,0,29.42279687838374
2587,0.8511450310084309,25534.350930252927,19.529459037898125,15.0,4.935820143855954,0,0,29.42279687838374
2588,0.8522003437276678,25566.010311830036,19.640651074047703,15.0,5.058021592588825,0,0,29.42279687838374
2589,0.8532401129262185,25597.203387786554,19.754741771115054,15.0,5.183408706193065,0,0,29.42279687838374
2590,0.8542639294373565,25627.917883120695,19.871697321564405,15.0,5.311944329760884,0,0,29.42279687838374
2591,0.8552713888214812,25658.141664644438,19.9914830689421,15.0,5.44359037541305,0,0,29.42279687838374
2592,0.8562620914859619,25687.862744578855,20.114063518145908,15.0,5.578307833584972,0,0,29.42279687838374
2593,0.8572356428035449,25717.069284106346,20.239402345943322,15.0,5.716056784586465,0,0,29.42279687838374
2594,0.8581916532292916,25745.749596878748,20.367462411734536,15.0,5.856796410430367,0,0,29.42279687838374
2595,0.8591297384160076,25773.892152480228,20.49820576855839,15.0,6.000485006928246,0,0,29.42279687838374
2596,0.860049519328134,25801.48557984402,20.63159367433654,15.0,6.14707999604785,0,0,29.42279687838374
2597,0.8609506223540633,25828.5186706219,20.767586603353696,15.0,6.296537938530061,0,0,29.42279687838374
2598,0.8618326794168488,25854.980382505466,20.906144257970134,15.0,6.448814546761079,0,0,29.42279687838374
2599,0.8626953280832741,25880.859842498223,21.047225580562426,15.0,6.603864697895424,0,0,29.42279687838374
2600,0.8635382116712489,25906.146350137467,21.190788765689827,15.0,6.7616424472269925,0,0,29.42279687838374
2601,0.8643609793555027,25930.82938066508,21.336791272482373,15.0,6.922101041803668,0,0,29.42279687838374
2602,0.865163286271541,25954.898588146232,21.485189837246175,15.0,7.085192934280764,0,0,29.42279687838374
2603,0.8659447936178372,25978.343808535115,21.63594048628392,15.0,7.250869797010859,0,0,29.42279687838374
2604,0.866705168756225,26001.15506268675,21.788998548924774,15.0,7.419082536363865,0,0,29.42279687838374
2605,0.8674440853104685,26023.322559314052,21.944318670761444,15.0,7.589781307274711,0,0,29.42279687838374
2606,0.8681612232629725,26044.836697889175,22.101854827089866,15.0,7.762915528013733,0,0,29.42279687838374
2607,0.8688562690496123,26065.68807148837,22.261560336546896,15.0,7.938433895174644,0,0,29.42279687838374
2608,0.8695289156526481,26085.867469579443,22.42338787494348,15.0,8.1162843988774,0,0,29.42279687838374
2609,0.8701788626917021,26105.365880751062,22.587289489287336,15.0,8.296414338179282,0,0,29.42279687838374
2610,0.8708058165127666,26124.174495383,22.753216611992983,15.0,8.478770336691898,0,0,29.42279687838374
2611,0.8714094902752213,26142.28470825664,22.921120075272814,15.0,8.663298358397174,0,0,29.42279687838374
2612,0.8719896040368292,26159.68812110488,23.090950125707163,15.0,8.849943723659987,0,0,29.42279687838374
2613,0.8725458848366906,26176.376545100717,23.262656438986703,15.0,9.038651125430327,0,0,29.42279687838374
2614,0.8730780667761259,26192.342003283775,23.436188134825226,15.0,9.229364645632561,0,0,29.42279687838374
2615,0.8735858910974684,26207.57673292405,23.61149379203606,15.0,9.42202777173464,0,0,29.42279687838374
2616,0.8740691062607395,26222.073187822185,23.788521463769502,15.0,9.616583413494208,0,0,29.42279687838374
2617,0.8745274680181849,26235.824040545547,23.967218692905995,15.0,9.812973919875922,0,0,29.42279687838374
2618,0.8749607394866511,26248.822184599532,24.14753252759986,15.0,10.011141096134203,0,0,29.42279687838374
2619,0.8753686912177784,26261.060736533353,24.329409536970314,15.0,10.211026221057846,0,0,29.42279687838374
2620,0.875751101265992,26272.53303797976,24.51279582693441,15.0,10.412570064370625,0,0,30.42279687838374
2621,0.8760797750941248,26282.393252823746,25.537041860494163,15.0,10.615712904282015,0,0,30.42279687838374
2622,0.8763822751229349,26291.468253688046,25.729613089753798,15.0,10.820394545184282,0,0,30.42279687838374
2623,0.8766584007770762,26299.75202331229,25.9235750106572,15.0,11.026554335489918,0,0,30.42279687838374
2624,0.8769079592964999,26307.238778894996,26.11887014810125,15.0,11.23413118560385,0,0,30.42279687838374
2625,0.8771307657935717,26313.92297380715,26.315440631921753,15.0,11.443063586025342,0,0,30.42279687838374
2626,0.8773266433078594,26319.79929923578,26.51322821404217,15.0,11.653289625575194,0,0,30.42279687838374
2627,0.8774954228585692,26324.862685757074,26.71217428573315,15.0,11.864747009740658,0,0,30.42279687838374
2628,0.8776369434946191,26329.108304838574,26.912219894980204,15.0,12.07737307913536,0,0,30.42279687838374
2629,0.8777510523423318,26332.53157026995,27.113305763951903,15.0,12.291104828066006,0,0,30.42279687838374
2630,0.877837604650734,26335.12813952202,27.31537230656539,15.0,12.505878923202589,0,0,30.42279687838374
2631,0.8778964638344504,26336.893915033514,27.51835964614331,15.0,12.721631722345691,0,0,30.42279687838374
2632,0.8779275015141758,26337.825045425274,27.72220763315603,15.0,12.938299293284516,0,0,30.42279687838374
2633,0.877930597554717,26337.917926641512,27.926855863045514,15.0,13.155817432741626,0,0,30.42279687838374
2634,0.8779056401005918,26337.169203017755,28.13224369412475,15.0,13.374121685398064,0,0,30.42279687838374
2635,0.8778525256091736,26335.57576827521,28.33831026554658,15.0,13.593147362992191,0,0,30.42279687838374
2636,0.877771158881374,26333.13476644122,28.544994515338786,15.0,13.812829563488954,0,0,30.42279687838374
2637,0.8776614530898518,26329.843592695554,28.752235198497452,15.0,14.03310319031113,0,0,30.42279687838374
2638,0.8775233298047418,26325.699894142253,28.959970905135464,15.0,14.2539029716291,0,0,30.42279687838374
2639,0.8773567190168955,26320.701570506866,29.1681400786798,15.0,14.475163479702598,0,0,30.42279687838374
2640,0.8771615591586267,26314.8467747588,29.376681034111517,15.0,14.696819150267702,0,0,30.42279687838374
2641,0.8769377971219544,26308.133913658632,29.585531976245008,15.0,14.91880430196569,0,0,30.42279687838374
2642,0.8766853882743406,26300.561648230218,29.79463101803857,15.0,15.141053155805091,0,0,30.42279687838374
2643,0.8764042964719154,26292.128894157464,30.003916198933567,15.0,15.36349985465418,0,0,30.42279687838374
2644,0.876094494070188,26282.83482210564,30.213325503213987,15.0,15.586078482755111,0,0,30.42279687838374
2645,0.8757559619322371,26272.678857967116,30.422796878383718,15.0,15.808723085256918,0,0,30.42279687838374
2646,0.8753886894343827,26261.66068303148,30.632268253553363,15.0,16.031367687758628,0,0,30.42279687838374
2647,0.8749926744693335,26249.780234080004,30.84167755783387,15.0,16.25394631585965,0,0,30.42279687838374
2648,0.8745679234468117,26237.03770340435,31.050962738728863,15.0,16.47639301470874,0,0,30.42279687838374
2649,0.8741144512916533,26223.4335387496,31.260061780522424,15.0,16.698641868548144,0,0,30.42279687838374
2650,0.8736322814393861,26208.968443181584,31.468912722655915,15.0,16.92062702024613,0,0,30.42279687838374
2651,0.8731214458292846,26193.64337487854,31.677453678087716,15.0,17.142282690811328,0,0,30.42279687838374
2652,0.8725819848949061,26177.459546847185,31.88562285163197,15.0,17.36354319888473,0,0,30.42279687838374
2653,0.8720139475521095,26160.418426563283,32.09335855827006,15.0,17.58434298020279,0,0,30.42279687838374
2654,0.8714173911845596,26142.52173553679,32.30059924142865,15.0,17.804616607024876,0,0,30.42279687838374
2655,0.8707923816267245,26123.771448801734,32.50728349122085,15.0,18.024298807521646,0,0,30.42279687838374
2656,0.870138993144366,26104.16979433098,32.71335006264268,15.0,18.243324485115764,0,0,30.42279687838374
2657,0.8694573084125341,26083.719252376024,32.91873789372192,15.0,18.4616287377722,0,0,30.42279687838374
2658,0.8687474184910681,26062.422554732042,33.12338612361141,15.0,18.67914687722932,0,0,30.42279687838374
2659,0.8680094227976136,26040.28268392841,33.327234110624126,15.0,18.89581444816814,0,0,30.42279687838374
2660,0.8672434290781634,26017.302872344902,33.53022145020196,15.0,19.111567247311157,0,0,30.42279687838374
2661,0.8664495533751291,25993.486601253873,33.73228799281553,15.0,19.32634134244783,0,0,30.42279687838374
2662,0.8656279199929561,25968.837599788683,33.93337386178723,15.0,19.540073091378474,0,0,30.42279687838374
2663,0.8647786614612892,25943.359843838676,34.13341947103421,15.0,19.75269916077309,0,0,30.42279687838374
2664,0.863901918495701,25917.05755487103,34.33236554272527,15.0,19.964156544938643,0,0,30.42279687838374
2665,0.8629978399559952,25889.935198679857,34.53015312484568,15.0,20.17438258448849,0,0,30.42279687838374
2666,0.8620665828020961,25861.997484062886,34.726723608666184,15.0,20.383314984909983,0,0,30.42279687838374
2667,0.8611083120475379,25833.249361426137,34.92201874611023,15.0,20.590891835023918,0,0,30.42279687838374
2668,0.8601232007105675,25803.696021317024,35.11598066701364,15.0,20.79705162532955,0,0,30.42279687838374
2669,0.8591114297628758,25773.342892886274,35.30855189627336,15.0,21.001733266231902,0,0,30.42279687838374
2670,0.8580731880759718,25742.19564227915,35.49967537087803,15.0,21.204876106143296,0,0,30.42279687838374
2671,0.8570086723652155,25710.260170956466,35.689294456817294,15.0,21.406419949455994,0,0,30.42279687838374
2672,0.8559180871315277,25677.542613945832,35.87735296586382,15.0,21.60630507437972,0,0,30.42279687838374
2673,0.854801644600791,25644.04933802373,36.06379517222259,15.0,21.804472250637914,0,0,30.42279687838374
2674,0.8536595646609636,25609.786939828908,36.248565829044175,15.0,22.00086275701955,0,0,30.42279687838374
2675,0.8524920747969207,25574.762243907622,36.43161018479537,15.0,22.195418398779196,0,0,30.42279687838374
2676,0.8512994100230471,25538.982300691412,36.61287399948306,15.0,22.388081524881272,0,0,30.42279687838374
2677,0.8500818128135961,25502.454384407883,36.79230356072688,15.0,22.57879504508343,0,0,30.42279687838374
2678,0.8488395330308403,25465.18599092521,36.969845699675595,15.0,22.76750244685385,0,0,30.42279687838374
2679,0.8475728278510312,25427.184835530934,37.1454478067616,15.0,22.954147812116595,0,0,30.42279687838374
2680,0.8462819616881925,25388.458850645773,37.31905784729091,15.0,23.138675833821946,0,0,30.42279687838374
2681,0.8449672061157687,25349.01618347306,37.490624376861625,15.0,23.32103183233456,0,0,30.42279687838374
2682,0.8436288397861521,25308.865193584563,37.660096556608266,15.0,23.50116177163644,0,0,30.42279687838374
2683,0.8422671483481116,25268.01445044335,37.827424168266596,15.0,23.679012275339197,0,0,30.42279687838374
2684,0.8408824243621493,25226.47273086448,37.99255762905399,15.0,23.85453064250018,0,0,30.42279687838374
2685,0.8394749672138087,25184.24901641426,38.15544800636208,15.0,24.02766486323913,0,0,30.42279687838374
2686,0.8380450830249588,25141.352490748766,38.316047032256726,15.0,24.19836363415005,0,0,30.42279687838374
2687,0.8365930845630862,25097.792536892586,38.474307117780434,15.0,24.36657637350298,0,0,30.42279687838374
2688,0.8351192911486128,25053.578734458384,38.63018136705445,15.0,24.53225323623308,0,0,30.42279687838374
2689,0.8336240285602757,25008.72085680827,38.78362359117454,15.0,24.695345128710173,0,0,30.42279687838374
2690,0.8321076289385916,24963.22886815775,38.934588321898275,15.0,24.855803723286847,0,0,30.42279687838374
2691,0.8305704306874362,24917.112920623087,39.08303082511773,15.0,25.01358147261842,0,0,30.42279687838374
2692,0.8290127783737682,24870.383351213044,39.22890711411567,15.0,25.168631623752766,0,0,30.42279687838374
2693,0.8274350226255262,24823.050678765783,39.372173962599284,15.0,25.320908231983722,0,0,30.42279687838374
2694,0.8258375200277303,24775.125600831907,39.51278891750954,15.0,25.470366174465994,0,0,30.42279687838374
2695,0.8242206330168186,24726.618990504558,39.650710311600484,15.0,25.6169611635856,0,0,30.42279687838374
2696,0.8225847297732491,24677.541893197475,39.78589727578644,15.0,25.760649760083417,0,0,30.42279687838374
2697,0.8209301841123998,24627.905523371996,39.91830975125244,15.0,25.901389385927388,0,0,30.42279687838374
2698,0.8192573753737993,24577.721261213977,40.0479085013242,15.0,26.039138336928822,0,0,30.42279687838374
2699,0.8175666883087201,24527.000649261605,40.17465512309522,15.0,26.1738557951008,0,0,30.42279687838374
2700,0.8158585129661693,24475.75538898508,40.29851205880599,15.0,26.305501840752964,0,0,31.42279687838374
2701,0.8140889582232633,24422.6687466979,41.74803322829438,15.0,26.434037464320838,0,0,31.42279687838374
2702,0.8123025814759379,24369.077444278137,41.869879183812444,15.0,26.559424577925075,0,0,31.42279687838374
2703,0.8104997912507318,24314.993737521952,41.9886294433769,15.0,26.681626026657902,0,0,31.42279687838374
2704,0.8086810009378513,24260.43002813554,42.10424881872307,15.0,26.800605599592767,0,0,31.42279687838374
2705,0.8068466286686742,24205.398860060224,42.2167030493347,15.0,26.916328040514387,0,0,31.42279687838374
2706,0.8049970971918479,24149.912915755434,42.32595881259625,15.0,27.028759058365967,0,0,31.42279687838374
2707,0.8031328337480204,24093.98501244061,42.43198373366723,15.0,27.137865337410553,0,0,31.42279687838374
2708,0.8012542699432394,24037.628098297184,42.53474639507524,15.0,27.243614547102858,0,0,31.42279687838374
2709,0.7993618416210584,23980.855248631753,42.634216346025944,15.0,27.345975351669868,0,0,31.42279687838374
2710,0.7974559887333864,23923.679662001592,42.73036411142618,15.0,27.44491741939607,0,0,31.42279687838374
2711,0.7955371552101209,23866.114656303627,42.82316120061797,15.0,27.54041143161143,0,0,31.42279687838374
2712,0.7936057888276019,23808.173664828057,42.91258011582107,15.0,27.63242909137919,0,0,31.42279687838374
2713,0.7916623410759259,23749.87023227778,42.99859436028109,15.0,27.720943131880865,0,0,31.42279687838374
2714,0.7897072670251603,23691.21801075481,43.08117844612097,15.0,27.805927324495887,0,0,31.42279687838374
2715,0.7877410251904952,23632.230755714856,43.16030790189394,15.0,27.88735648657402,0,0,31.42279687838374
2716,0.7857640773963765,23572.922321891296,43.23595927983439,15.0,27.965206488897085,0,0,31.42279687838374
2717,0.783776888639657,23513.30665918971,43.30811016280637,15.0,28.03945426282925,0,0,31.42279687838374
2718,0.7817799269518075,23453.397808554226,43.376739170946074,15.0,28.110077807152663,0,0,31.42279687838374
2719,0.7797736632602295,23393.209897806883,43.441825967997296,15.0,28.177056194587017,0,0,31.42279687838374
2720,0.7777585712487084,23332.757137461253,43.50335126733739,15.0,28.240369577990606,0,0,31.42279687838374
2721,0.775735127217052,23272.053816511558,43.56129683769233,15.0,28.299999196241494,0,0,31.42279687838374
2722,0.7737038099399514,23211.11429819854,43.61564550853902,15.0,28.355927379796857,0,0,31.42279687838374
2723,0.7716651005251104,23149.95301575331,43.66638117519338,15.0,28.40813755592892,0,0,31.42279687838374
2724,0.769619482270683,23088.58446812049,43.71348880358241,15.0,28.456614253635685,0,0,31.42279687838374
2725,0.7675674405220614,23027.02321566184,43.75695443469912,15.0,28.501343108225377,0,0,31.42279687838374
2726,0.7655094625280573,22965.28387584172,43.796765188738995,15.0,28.542310865573132,0,0,31.42279687838374
2727,0.7634460372965206,22903.381118895617,43.83290926891641,15.0,28.57950538604824,0,0,31.42279687838374
2728,0.7613776554494348,22841.329663483044,43.86537596496034,15.0,28.612915648111567,0,0,31.42279687838374
2729,0.7593048090775361,22779.14427232608,43.89415565628807,15.0,28.642531751581416,0,0,31.42279687838374
2730,0.7572279915944949,22716.83974783485,43.91923981485592,15.0,28.66834492056713,0,0,32.422796878383735
2731,0.7551010853374265,22653.032560122796,45.338988606145264,15.0,28.6903475060697,0,0,32.422796878383735
2732,0.7529711794338183,22589.13538301455,45.35722288831384,15.0,28.70853298824815,0,0,32.422796878383735
2733,0.7508387743279258,22525.163229837774,45.37162442090789,15.0,28.72289597835165,0,0,32.422796878383735
2734,0.7487043712045721,22461.131136137163,45.3821889364425,15.0,28.733432220316246,0,0,32.422796878383735
2735,0.746568471840636,22397.05415521908,45.38891330442373,15.0,28.74013859202605,0,0,32.422796878383735
2736,0.7444315784563647,22332.94735369094,45.39179553227622,15.0,28.7430131062384,0,0,32.422796878383735
2737,0.742294193566555,22268.82580699665,45.39083476593363,15.0,28.742054911172687,0,0,32.422796878383735
2738,0.7401568198316476,22204.704594949428,45.38603129009179,15.0,28.737264290762795,0,0,32.422796878383735
2739,0.7380199599087774,22140.598797263323,45.37738652812425,15.0,28.728642664572945,0,0,32.422796878383735
2740,0.7358841163028264,22076.52348908479,45.36490304166054,15.0,28.716192587377037,0,0,32.422796878383735
2741,0.7337497912175189,22012.49373652557,45.34858452982713,15.0,28.699917748401646,0,0,32.422796878383735
2742,0.7316174864066097,21948.524592198293,45.32843582815126,15.0,28.679822970232806,0,0,32.422796878383735
2743,0.7294877030252024,21884.631090756073,45.30446290712806,15.0,28.655914207386957,0,0,32.422796878383735
2744,0.7273609414812465,21820.828244437394,45.27667287045142,15.0,28.628198544546514,0,0,32.422796878383735
2745,0.725237701287256,21757.131038617677,45.24507395290897,15.0,28.596684194460554,0,0,32.422796878383735
2746,0.7231184809122925,21693.554427368774,45.209675517941925,15.0,28.561380495511127,0,0,32.422796878383735
2747,0.721003777634259,21630.113329027772,45.170488054870575,15.0,28.522297908946186,0,0,32.422796878383735
2748,0.7188940873925451,21566.822621776355,45.12752317578589,15.0,28.479448015779532,0,0,32.422796878383735
2749,0.7167899046410695,21503.697139232085,45.08079361210884,15.0,28.43284351335933,0,0,32.422796878383735
2750,0.7146917222017624,21440.75166605287,45.03031321081764,15.0,28.382498211605444,0,0,32.422796878383735
2751,0.7126000311185323,21378.00093355597,44.97609693034467,15.0,28.328427028917353,0,0,32.422796878383735
2752,0.7105153205117587,21315.45961535276,44.9181608361439,15.0,28.27064598775342,0,0,32.422796878383735
2753,0.7084380774333553,21253.14232300066,44.85652209593039,15.0,28.20917220988312,0,0,32.422796878383735
2754,0.7063687867224461,21191.06360167338,44.79119897459314,15.0,28.144023911313585,0,0,32.422796878383735
2755,0.7043079308616966,21129.2379258509,44.722210828782835,15.0,28.075220396891723,0,0,32.422796878383735
2756,0.7022559898343447,21067.67969503034,44.649578101175905,15.0,28.002782054583697,0,0,32.422796878383735
2757,0.7002134409819702,21006.40322945911,44.57332231441711,15.0,27.92673034943372,0,0,32.422796878383735
2758,0.6981807588630494,20945.422765891482,44.49346606474188,15.0,27.84708781720341,0,0,32.422796878383735
2759,0.696158415112332,20884.75245336996,44.41003301528028,15.0,27.763878057693773,0,0,32.422796878383735
2760,0.6941468783010863,20824.40634903259,44.32304788904557,15.0,27.677125727752422,0,0,32.422796878383735
2761,0.6921466137982512,20764.398413947536,44.23253646160795,15.0,27.58685653396699,0,0,32.422796878383735
2762,0.6901580836325372,20704.742508976116,44.138525553456766,15.0,27.49309722504777,0,0,32.422796878383735
2763,0.6881817463555175,20645.452390665527,44.0410430220531,15.0,27.395875583901564,0,0,32.422796878383735
2764,0.6862180569057496,20586.541707172488,43.940117753574704,15.0,27.295220419398696,0,0,32.422796878383735
2765,0.6842674664739664,20528.02399421899,43.835779654356855,15.0,27.191161557836807,0,0,32.422796878383735
2766,0.6823304223693791,20469.912671081373,43.728059642030125,15.0,27.083729834102346,0,0,32.422796878383735
2767,0.6804073678871297,20412.221036613893,43.61698963635898,15.0,26.972957082533636,0,0,32.422796878383735
2768,0.6784987421769338,20354.962265308015,43.50260254978323,15.0,26.85887612748766,0,0,32.422796878383735
2769,0.6766049801129499,20298.149403388496,43.38493227766524,15.0,26.74152077361345,0,0,32.422796878383735
2770,0.6747265121649173,20241.79536494752,43.26401368824615,15.0,26.620925795835028,0,0,32.422796878383735
2771,0.672863764270599,20185.91292811797,43.13988261231373,15.0,26.49712692904707,0,0,32.422796878383735
2772,0.6710171577095666,20130.514731287,43.01257583258463,15.0,26.37016085752549,0,0,32.422796878383735
2773,0.6691871089783664,20075.613269350994,42.88213107280526,15.0,26.2400652040575,0,0,32.422796878383735
2774,0.6673740296671022,20021.220890013068,42.748586986573216,15.0,26.10687851879296,0,0,32.422796878383735
2775,0.6655783263374726,19967.34979012418,42.61198314588331,15.0,25.970640267821068,0,0,32.422796878383735
2776,0.6638004004022977,19914.01201206893,42.472360029401635,15.0,25.831390821475786,0,0,32.422796878383735
2777,0.6620406480065723,19861.21944019717,42.32975901047099,15.0,25.689171442373382,0,0,32.422796878383735
2778,0.6602994599100787,19808.98379730236,42.18422234485084,15.0,25.544024273185222,0,0,32.422796878383735
2779,0.6585772213715972,19757.316641147918,42.03579315819617,15.0,25.39599232415007,0,0,32.422796878383735
2780,0.6568743120347448,19706.229361042344,41.88451543327845,15.0,25.24511946032934,0,0,32.422796878383735
2781,0.655191105815479,19655.73317446437,41.730433996952186,15.0,25.091450388608436,0,0,32.422796878383735
2782,0.6535279707912982,19605.839123738948,41.57359450687244,15.0,24.935030644449895,0,0,32.422796878383735
2783,0.6518852690921729,19556.558072765187,41.41404343796497,15.0,24.77590657839971,0,0,32.422796878383735
2784,0.6502633567932379,19507.900703797135,41.25182806865497,15.0,24.6141253423529,0,0,32.422796878383735
2785,0.6486625838092801,19459.877514278403,41.08699646685721,15.0,24.44973487558117,0,0,32.422796878383735
2786,0.6470832937910518,19412.498813731552,40.91959747573256,15.0,24.282783890527597,0,0,32.422796878383735
2787,0.645525824023438,19365.774720703143,40.74968069921494,15.0,24.113321858372203,0,0,32.422796878383735
2788,0.6439905053255134,19319.7151597654,40.57729648731241,15.0,23.94139899437249,0,0,32.422796878383735
2789,0.6424776619525118,19274.329858575355,40.402495921187175,15.0,23.76706624298331,0,0,32.422796878383735
2790,0.6409876114997439,19229.628344992318,40.22533079801954,15.0,23.59037526276139,0,0,32.422796878383735
2791,0.6395206648084859,19185.619944254577,40.04585361565919,15.0,23.41137841105761,0,0,32.422796878383735
2792,0.6380771258738709,19142.313776216128,39.8641175570684,15.0,23.230128728501903,0,0,32.422796878383735
2793,0.6366572917548086,19099.718752644258,39.68017647456366,15.0,23.04667992328706,0,0,32.422796878383735
2794,0.63526145248596,19057.8435745788,39.494084873857496,15.0,22.8610863552532,0,0,32.422796878383735
2795,0.6338898909917945,19016.696729753836,39.30589789790738,15.0,22.67340301977997,0,0,32.422796878383735
2796,0.6325428830027525,18976.286490082577,39.11567131057584,15.0,22.483685531490373,0,0,32.422796878383735
2797,0.6312206969735416,18936.620909206245,38.92346148010583,15.0,22.291990107770317,0,0,32.422796878383735
2798,0.6299235940035858,18897.707820107575,38.7293253624185,15.0,22.098373552111127,0,0,32.422796878383735
2799,0.6286518277596587,18859.55483278976,38.53332048423531,15.0,21.90289323727683,0,0,32.422796878383735
2800,0.6274056444007142,18822.169332021425,38.33550492603182,15.0,21.705607088303523,0,0,32.422796878383735
2801,0.6261852825049457,18785.55847514837,38.13593730482719,15.0,21.506573565335025,0,0,32.422796878383735
2802,0.6249909729990893,18749.72918997268,37.93467675681454,15.0,21.305851646299587,0,0,32.422796878383735
2803,0.6238229390899966,18714.688172699898,37.73178291983772,15.0,21.103500809433683,0,0,32.422796878383735
2804,0.6226813961984919,18680.44188595476,37.52731591571959,15.0,20.899581015657525,0,0,32.422796878383735
2805,0.6215665518955399,18646.996556866197,37.32133633244608,15.0,20.69415269080679,0,0,32.422796878383735
2806,0.6204786058407369,18614.358175222107,37.11390520621318,15.0,20.48727670772773,0,0,32.422796878383735
2807,0.6194177497231479,18582.532491694437,36.905084003340434,15.0,20.279014368238954,0,0,32.422796878383735
2808,0.6183841672045051,18551.52501613515,36.694934602056875,15.0,20.069427384966247,0,0,32.422796878383735
2809,0.617378033864784,18521.34101594352,36.483519274165424,15.0,19.85857786305592,0,0,32.422796878383735
2810,0.6163995171501767,18491.9855145053,36.270900666590535,15.0,19.646528281771904,0,0,33.422796878383735
2811,0.6154117065811372,18462.351197434116,37.16923405289401,15.0,19.433341475981543,0,0,33.422796878383735
2812,0.6144520438012958,18433.561314038874,36.94777216129853,15.0,19.21908061753634,0,0,33.422796878383735
2813,0.6135206726092285,18405.620178276855,36.72526574345173,15.0,19.00380919655295,0,0,33.422796878383735
2814,0.6126177284201032,18378.531852603097,36.50178073280689,15.0,18.787591002599004,0,0,33.422796878383735
2815,0.6117433382255535,18352.300146766604,36.277383352796086,15.0,18.570490105791915,0,0,33.422796878383735
2816,0.6108976205560479,18326.928616681438,36.052140097205886,15.0,18.352570837812827,0,0,33.422796878383735
2817,0.6100806854457672,18302.420563373016,35.826117710474165,15.0,18.133897772844016,0,0,33.422796878383735
2818,0.6092926343999985,18278.779031999955,35.59938316791199,15.0,17.914535708433895,0,0,33.422796878383735
2819,0.6085335603650573,18256.00681095172,35.372003655857554,15.0,17.69454964629627,0,0,33.422796878383735
2820,0.6078035477007454,18234.106431022363,35.14404655176762,15.0,17.474004773049145,0,0,33.422796878383735
2821,0.6071026721553535,18213.080164660605,34.91557940425195,15.0,17.252966440898295,0,0,33.422796878383735
2822,0.6064310008432149,18192.930025296446,34.68666991305688,15.0,17.031500148271753,0,0,33.422796878383735
2823,0.6057885922248182,18173.657766744545,34.457385909005026,15.0,16.80967152041175,0,0,33.422796878383735
2824,0.6051754960894845,18155.264882684536,34.22779533389533,15.0,16.587546289928355,0,0,33.422796878383735
2825,0.6045917535406137,18137.75260621841,33.99796622036978,15.0,16.36519027732085,0,0,33.422796878383735
2826,0.6040373969835041,18121.121909505124,33.76796667175503,15.0,16.142669371474796,0,0,33.422796878383735
2827,0.6035124501157508,18105.373503472525,33.53786484188114,15.0,15.92004951013698,0,0,33.422796878383735
2828,0.6030169279202232,18090.507837606696,33.30772891488629,15.0,15.697396660376853,0,0,33.422796878383735
2829,0.6025508366606249,18076.525099818748,33.07762708501258,15.0,15.474776799039223,0,0,33.422796878383735
2830,0.6021141738796386,18063.425216389158,32.84762753639784,15.0,15.252255893193166,0,0,33.422796878383735
2831,0.6017069283996531,18051.207851989595,32.61779842287229,15.0,15.029899880585662,0,0,33.422796878383735
2832,0.6013290803260766,18039.872409782296,32.3882078477624,15.0,14.807774650102083,0,0,33.422796878383735
2833,0.6009806010532308,18029.418031596924,32.15892384371055,15.0,14.58594602224208,0,0,33.422796878383735
2834,0.6006614532728283,18019.84359818485,31.930014352515578,15.0,14.364479729615628,0,0,33.422796878383735
2835,0.6003715909850273,18011.14772955082,31.701547204999905,15.0,14.143441397464777,0,0,33.422796878383735
2836,0.6001109595120626,18003.32878536188,31.473590100909973,15.0,13.922896524217652,0,0,33.422796878383735
2837,0.5998794955144475,17996.384865433425,31.24621058885563,15.0,13.702910462080123,0,0,33.422796878383735
2838,0.5996771270097431,17990.313810292293,31.019476046293356,15.0,13.483548397669908,0,0,33.422796878383735
2839,0.5995037733938879,17985.11320181664,30.793453659561546,15.0,13.264875332701006,0,0,33.422796878383735
2840,0.5993593454650827,17980.780363952483,30.568210403971438,15.0,13.046956064722007,0,0,33.422796878383735
2841,0.599243745450223,17977.312363506688,30.343813023960724,15.0,12.829855167915007,0,0,33.422796878383735
2842,0.5991568670338708,17974.706011016126,30.12032801331589,15.0,12.61363697396106,0,0,33.422796878383735
2843,0.5990985953897594,17972.957861692783,29.897821595468894,15.0,12.398365552977495,0,0,33.422796878383735
2844,0.5990688072148175,17972.064216444523,29.676359703873423,15.0,12.18410469453229,0,0,33.422796878383735
2845,0.5990673707657073,17972.02112297122,29.4560079624675,15.0,11.97091788874193,0,0,33.422796878383735
2846,0.5990941458978628,17972.824376935885,29.23683166622785,15.0,11.75886830745809,0,0,33.422796878383735
2847,0.5991489841070177,17974.46952321053,29.01889576182092,15.0,11.548018785547761,0,0,33.422796878383735
2848,0.59923172857321,17976.9518571963,28.802264828358798,15.0,11.338431802274965,0,0,33.422796878383735
2849,0.599342214207252,17980.26642621756,28.58700305826234,15.0,11.130169462786107,0,0,33.422796878383735
2850,0.5994802676996489,17984.408030989467,28.373174238239855,15.0,10.92329347970713,0,0,33.422796878383735
2851,0.5996457075719545,17989.371227158634,28.160841730385428,15.0,10.71786515485648,0,0,33.422796878383735
2852,0.5998383442305473,17995.150326916417,27.950068453403553,15.0,10.51394536108024,0,0,33.422796878383735
2853,0.6000579800228109,18001.739400684324,27.740916863965243,15.0,10.311594524214414,0,0,33.422796878383735
2854,0.6003044092957031,18009.132278871093,27.53344893820013,15.0,10.110872605178896,0,0,33.422796878383735
2855,0.6005774184566953,18017.32255370086,27.327726153332236,15.0,9.911839082210308,0,0,33.422796878383735
2856,0.600876786037064,18026.30358111192,27.12380946946257,15.0,9.714552933237007,0,0,33.422796878383735
2857,0.6012022827575174,18036.06848272552,26.921759311505625,15.0,9.51907261840287,0,0,33.422796878383735
2858,0.6015536715961356,18046.61014788407,26.721635551283455,15.0,9.32545606274368,0,0,33.422796878383735
2859,0.6019307078586051,18057.921235758153,26.523497489785413,15.0,9.13376063902362,0,0,33.422796878383735
2860,0.6023331392507274,18069.99417752182,26.327403839595284,15.0,8.944043150733869,0,0,33.422796878383735
2861,0.602760705953179,18082.821178595368,26.133412707493683,15.0,8.756359815260645,0,0,33.422796878383735
2862,0.6032131406985014,18096.39422095504,25.941581577239862,15.0,8.570766247226935,0,0,33.422796878383735
2863,0.6036901688502982,18110.705065508948,25.75196729253746,15.0,8.387317442012087,0,0,33.422796878383735
2864,0.6041915084846163,18125.74525453849,25.564626040191413,15.0,8.206067759456383,0,0,33.422796878383735
2865,0.6047168704734853,18141.50611420456,25.379613333457932,15.0,8.027070907752451,0,0,33.422796878383735
2866,0.6052659585705927,18157.97875711778,25.19698399559501,15.0,7.8503799275306,0,0,33.422796878383735
2867,0.605838469499068,18175.15408497204,25.016792143616765,15.0,7.676047176141422,0,0,33.422796878383735
2868,0.6064340930413505,18193.022791240517,24.839091172257945,15.0,7.504124312141705,0,0,33.422796878383735
2869,0.6070525121311134,18211.575363933403,24.663933738151314,15.0,7.334662279986315,0,0,33.422796878383735
2870,0.6076934029472167,18230.8020884165,24.491371744224963,15.0,7.167711294932807,0,0,33.422796878383735
2871,0.608356435009663,18250.69305028989,24.321456324321726,15.0,7.003320828161009,0,0,33.422796878383735
2872,0.6090412712775262,18271.238138325785,24.15423782804768,15.0,6.841539592114136,0,0,33.422796878383735
2873,0.609747568248823,18292.42704746469,23.989765805852272,15.0,6.68241552606408,0,0,33.422796878383735
2874,0.6104749760623012,18314.249281869033,23.828088994345,15.0,6.525995781905534,0,0,33.422796878383735
2875,0.6112231386011096,18336.694158033286,23.669255301854527,15.0,6.372326710184632,0,0,33.422796878383735
2876,0.6119916935983245,18359.750807949735,23.513311794231843,15.0,6.2214538463637785,0,0,33.422796878383735
2877,0.6127802727442966,18383.408182328898,23.3603046809038,15.0,6.073421897328626,0,0,33.422796878383735
2878,0.6135885017957893,18407.655053873677,23.21027930118024,15.0,5.928274728140465,0,0,33.422796878383735
2879,0.6144160006868744,18432.480020606232,23.063280110819115,15.0,5.786055349038175,0,0,33.422796878383735
2880,0.615262383641555,18457.871509246652,22.919350668852772,15.0,5.646805902692895,0,0,33.422796878383735
2881,0.6161272592880782,18483.817778642348,22.778533624681245,15.0,5.510567651720945,0,0,33.422796878383735
2882,0.6170102307749077,18510.30692324723,22.640870705433816,15.0,5.377380966456349,0,0,33.422796878383735
2883,0.6179108958883186,18537.326876649557,22.506402703604508,15.0,5.247285312988409,0,0,33.422796878383735
2884,0.6188288471715832,18564.865415147495,22.375169464964266,15.0,5.120319241466886,0,0,33.422796878383735
2885,0.6197636720457081,18592.910161371245,22.2472098767539,15.0,4.996520374678873,0,0,33.422796878383735
2886,0.6207149529316913,18621.44858795074,22.12256185616108,15.0,4.8759253969005005,0,0,33.422796878383735
2887,0.6216822673742591,18650.468021227774,22.00126233908435,15.0,4.758570043026237,0,0,33.422796878383735
2888,0.622665188167049,18679.95564501147,21.88334726918851,15.0,4.644489087980222,0,0,33.422796878383735
2889,0.6236632834791997,18709.898504375993,21.7688515872536,15.0,4.533716336411507,0,0,33.422796878383735
2890,0.624676116983313,18740.28350949939,21.65780922082128,15.0,4.426284612677136,0,0,34.422796878383735
2891,0.6256817554157142,18770.452662471427,22.195030145089234,15.0,4.3222257511152415,0,0,34.422796878383735
2892,0.6267013501737096,18801.04050521129,22.087879302126503,15.0,4.221570586612373,0,0,34.422796878383735
2893,0.6277344486817653,18832.03346045296,21.98438356145094,15.0,4.1243489454660835,0,0,34.422796878383735
2894,0.6287805943628939,18863.417830886818,21.88457359108413,15.0,4.030589636546864,0,0,34.422796878383735
2895,0.6298393267739495,18895.179803218485,21.78847896687445,15.0,3.940320442761509,0,0,34.422796878383735
2896,0.6309101817420666,18927.305452261997,21.69612816373278,15.0,3.8535681128201587,0,0,34.422796878383735
2897,0.6319926915022042,18959.780745066124,21.607548547195265,15.0,3.7703583533105167,0,0,34.422796878383735
2898,0.6330863848357549,18992.591545072646,21.522766365314002,15.0,3.690715821080144,0,0,34.422796878383735
2899,0.6341907872101772,19025.723616305317,21.441806740879247,15.0,3.6146641159301938,0,0,34.422796878383735
2900,0.6353054209196097,19059.16262758829,21.364693663974915,15.0,3.542225773622169,0,0,34.422796878383735
2901,0.6364298052264257,19092.89415679277,21.29144998487,15.0,3.473422259200305,0,0,34.422796878383735
2902,0.6375634565036856,19126.90369511057,21.22209740724727,15.0,3.4082739606307704,0,0,34.422796878383735
2903,0.6387058883784472,19161.176651353417,21.156656481772295,15.0,3.3468001827604983,0,0,34.422796878383735
2904,0.6398566118758872,19195.698356276615,21.09514660000357,15.0,3.2890191415965346,0,0,34.422796878383735
2905,0.6410151355641955,19230.454066925868,21.037585988646583,15.0,3.234947958908421,0,0,34.422796878383735
2906,0.6421809657001977,19265.42897100593,20.983991704152775,15.0,3.1846026571545742,0,0,34.422796878383735
2907,0.6433536063756607,19300.60819126982,20.93437962766522,15.0,3.1379981547343685,0,0,34.422796878383735
2908,0.6445325596642417,19335.976789927252,20.888764460312938,15.0,3.0951482615677177,0,0,34.422796878383735
2909,0.6457173257690345,19371.519773071035,20.847159718854478,15.0,3.0560656750027433,0,0,34.422796878383735
2910,0.6469074031706701,19407.2220951201,20.809577731672626,15.0,3.020761976053316,0,0,34.422796878383735
2911,0.6481022887759272,19443.068663277816,20.776029635121283,15.0,2.9892476259673533,0,0,34.422796878383735
2912,0.6493014780668105,19479.044342004316,20.7465253702255,15.0,2.9615319631269394,0,0,34.422796878383735
2913,0.6505044652500495,19515.133957501483,20.72107367973567,15.0,2.937623200281082,0,0,34.422796878383735
2914,0.6517107434069761,19551.322302209282,20.699682105537015,15.0,2.9175284221122313,0,0,34.422796878383735
2915,0.6529198046437359,19587.594139312077,20.682356986414618,15.0,2.9012535831368376,0,0,34.422796878383735
2916,0.6541311402417881,19623.934207253642,20.669103456175204,15.0,2.8888035059409347,0,0,34.422796878383735
2917,0.655344240808649,19660.32722425947,20.659925442125804,15.0,2.8801818797510794,0,0,34.422796878383735
2918,0.6565585964288368,19696.757892865106,20.654825663910053,15.0,2.8753912593411908,0,0,34.422796878383735
2919,0.6577736968149707,19733.21090444912,20.65380563270231,15.0,2.8744330642754803,0,0,34.422796878383735
2920,0.6589890314589789,19769.670943769368,20.65686565075983,15.0,2.8773075784878275,0,0,34.422796878383735
2921,0.6602040897833747,19806.122693501242,20.66400481133322,15.0,2.8840139501976334,0,0,34.422796878383735
2922,0.6614183612925504,19842.55083877651,20.67522099893514,15.0,2.894550192162228,0,0,34.422796878383735
2923,0.6626313357240488,19878.940071721463,20.690510889967104,15.0,2.908913182265714,0,0,34.422796878383735
2924,0.6638425031997647,19915.27509599294,20.709869953704455,15.0,2.927098664444165,0,0,34.422796878383735
2925,0.665051354377033,19951.54063131099,20.733292453638796,15.0,2.9491012499467284,0,0,34.422796878383735
2926,0.6662573805995577,19987.721417986733,20.76077144917789,15.0,2.9749144189324657,0,0,34.422796878383735
2927,0.6674600740481381,20023.802221444144,20.792298797702315,15.0,3.0045305224023124,0,0,34.422796878383735
2928,0.6686589278911461,20059.767836734383,20.827865156978294,15.0,3.037940784465643,0,0,34.422796878383735
2929,0.6698534364347118,20095.603093041354,20.867459987925944,15.0,3.0751353049407184,0,0,34.422796878383735
2930,0.6710430952725711,20131.292858177134,20.911071557742407,15.0,3.1161030622884676,0,0,34.422796878383735
2931,0.6722274014355324,20166.82204306597,20.958686943378286,15.0,3.1608319168781973,0,0,34.422796878383735
2932,0.6734058535405174,20202.175606215522,21.010292035367176,15.0,3.2093086145849465,0,0,34.422796878383735
2933,0.6745779519391312,20237.338558173935,21.065871542006636,15.0,3.2615187907170107,0,0,34.422796878383735
2934,0.6757431988657194,20272.29596597158,21.125408993889305,15.0,3.31744697427237,0,0,34.422796878383735
2935,0.6769010985848667,20307.032957546002,21.188886748783307,15.0,3.377076592523256,0,0,34.422796878383735
2936,0.6780511575382939,20341.534726148817,21.25628599685985,15.0,3.440389975926818,0,0,34.422796878383735
2937,0.6791928844911098,20375.786534733295,21.3275867662672,15.0,3.5073683633611914,0,0,34.422796878383735
2938,0.6803257906773749,20409.773720321245,21.40276792904855,15.0,3.5779919076846425,0,0,34.422796878383735
2939,0.6814493899449329,20443.481698347987,21.481807207402827,15.0,3.652239681616808,0,0,34.422796878383735
2940,0.6825631988994688,20476.895966984066,21.564681180285977,15.0,3.7300896839398066,0,0,34.422796878383735
2941,0.6836667370477485,20510.002111432455,21.651365290351407,15.0,3.811518846017938,0,0,34.422796878383735
2942,0.6847595269399993,20542.78580819998,21.741833851226446,15.0,3.8965030386330297,0,0,34.422796878383735
2943,0.685841094311389,20575.23282934167,21.836060055124022,15.0,3.9850170791347024,0,0,34.422796878383735
2944,0.6869109682225603,20607.32904667681,21.934015980786363,15.0,4.077034738902466,0,0,34.422796878383735
2945,0.6879686811991805,20639.060435975414,22.035672601758545,15.0,4.172528751117744,0,0,34.422796878383735
2946,0.6890137693704644,20670.413081113933,22.14099979499001,15.0,4.271470818843948,0,0,34.422796878383735
2947,0.6900457726066292,20701.37317819888,22.249966349760175,15.0,4.3738316234109895,0,0,34.422796878383735
2948,0.6910642346552407,20731.92703965722,22.362539976927174,15.0,4.479580833103347,0,0,34.422796878383735
2949,0.6920687032764105,20762.061098292314,22.478687318495684,15.0,4.588687112147887,0,0,34.422796878383735
2950,0.693058730376805,20791.76191130415,22.598373957501842,15.0,4.701118129999511,0,0,34.422796878383735
2951,0.6940338721424251,20821.01616427275,22.721564428211348,15.0,4.816840570921084,0,0,34.422796878383735
2952,0.6949936891701172,20849.810675103516,22.848222226629115,15.0,4.935820143855901,0,0,34.422796878383735
2953,0.6959377465977786,20878.132397933357,22.978309821316035,15.0,5.058021592588773,0,0,34.422796878383735
2954,0.696865614233216,20905.968426996482,23.111788664510225,15.0,5.183408706193063,0,0,34.422796878383735
2955,0.6977768666816212,20933.306000448636,23.248619203549733,15.0,5.311944329760937,0,0,34.422796878383735
2956,0.6986710834716242,20960.132504148725,23.388760892592682,15.0,5.443590375412992,0,0,34.422796878383735
2957,0.6995478491798887,20986.435475396658,23.532172204632342,15.0,5.5783078335849705,0,0,34.422796878383735
2958,0.7004067535542097,21012.20260662629,23.678810643801764,15.0,5.716056784586462,0,0,34.422796878383735
2959,0.701247391635082,21037.42174905246,23.828632757966712,15.0,5.856796410430423,0,0,34.422796878383735
2960,0.7020693638756966,21062.080916270897,23.981594151601318,15.0,6.0004850069283036,0,0,34.422796878383735
2961,0.7028722762603361,21086.168287810084,24.137649498943425,15.0,6.147079996047848,0,0,34.422796878383735
2962,0.7036557404211298,21109.672212633894,24.296752557425712,15.0,6.296537938530059,0,0,34.422796878383735
2963,0.7044193737531352,21132.581212594057,24.45885618137831,15.0,6.448814546761077,0,0,34.422796878383735
2964,0.7051627995277125,21154.883985831377,24.623912335998874,15.0,6.603864697895422,0,0,34.422796878383735
2965,0.7058856470041575,21176.569410124725,24.791872111586528,15.0,6.761642447226992,0,0,34.422796878383735
2966,0.7065875515395594,21197.626546186784,24.962685738035034,15.0,6.922101041803666,0,0,34.422796878383735
2967,0.7072681546968534,21218.044640905602,25.13630259958028,15.0,7.0851929342807605,0,0,34.422796878383735
2968,0.7079271043510323,21237.81313053097,25.312671249799365,15.0,7.250869797010857,0,0,34.422796878383735
2969,0.7085640547934892,21256.921643804675,25.49173942685474,15.0,7.419082536363792,0,0,34.422796878383735
2970,0.7091786668344585,21275.360005033755,25.673454068981076,15.0,7.589781307274708,0,0,34.422796878383735
2971,0.7097706079035253,21293.11823710576,25.85776133020813,15.0,7.76291552801373,0,0,34.422796878383735
2972,0.7103395521481728,21310.186564445183,26.044606596316715,15.0,7.938433895174713,0,0,34.422796878383735
2973,0.7108851805303392,21326.555415910178,26.23393450102187,15.0,8.116284398877326,0,0,34.422796878383735
2974,0.7114071809209568,21342.215427628704,26.425688942379725,15.0,8.296414338179277,0,0,34.422796878383735
2975,0.7119052481924408,21357.157445773224,26.61981309941074,15.0,8.478770336691895,0,0,34.422796878383735
2976,0.7123790843091067,21371.3725292732,26.816249448937647,15.0,8.663298358397245,0,0,34.422796878383735
2977,0.7128283984154838,21384.851952464516,27.01493978263064,15.0,8.849943723660065,0,0,34.422796878383735
2978,0.7132529069225029,21397.587207675086,27.21582522425559,15.0,9.038651125430325,0,0,34.422796878383735
2979,0.7136523335915284,21409.57000774585,27.418846247121007,15.0,9.229364645632558,0,0,34.422796878383735
2980,0.7140264096162149,21420.792288486446,27.623942691716106,15.0,9.422027771734637,0,0,34.422796878383735
2981,0.7143748737021604,21431.246211064812,27.831053783537918,15.0,9.616583413494208,0,0,34.422796878383735
2982,0.7146974721443328,21440.924164329983,28.040118151100287,15.0,9.812973919875919,0,0,34.422796878383735
2983,0.7149939589022483,21449.81876706745,28.251073844119038,15.0,10.0111410961342,0,0,34.422796878383735
2984,0.715264095672879,21457.92287018637,28.463858351869447,15.0,10.211026221057843,0,0,34.422796878383735
2985,0.7155076519612666,21465.229558838,28.678408621709686,15.0,10.412570064370538,0,0,34.422796878383735
2986,0.7157244051488239,21471.732154464717,28.89466107776452,15.0,10.615712904281926,0,0,34.422796878383735
2987,0.7159141405593002,21477.424216779007,29.112551639764025,15.0,10.820394545184278,0,0,34.422796878383735
2988,0.7160766515223959,21482.299545671875,29.332015742032205,15.0,11.026554335489998,0,0,34.422796878383735
2989,0.7162117394350022,21486.352183050065,29.55298835261896,15.0,11.234131185603761,0,0,34.422796878383735
2990,0.7163192138200523,21489.576414601568,29.775403992571157,15.0,11.44306358602534,0,0,34.422796878383735
2991,0.7163988923829635,21491.966771488904,29.999196755334378,15.0,11.65328962557519,0,0,34.422796878383735
2992,0.716450601065655,21493.51803196965,30.224300326283164,15.0,11.864747009740743,0,0,34.422796878383735
2993,0.7164741740981252,21494.225222943754,30.450648002371313,15.0,12.077373079135445,0,0,34.422796878383735
2994,0.7164694540475729,21494.083621427188,30.678172711897332,15.0,12.291104828066002,0,0,34.422796878383735
2995,0.7164362918650482,21493.088755951445,30.906807034379483,15.0,12.505878923202586,0,0,34.422796878383735
2996,0.7163745469296182,21491.236407888548,31.136483220533783,15.0,12.721631722345688,0,0,34.422796878383735
2997,0.7162840870900372,21488.522612701116,31.367133212349366,15.0,12.938299293284512,0,0,34.422796878383735
2998,0.7161647887039048,21484.943661117144,31.598688663255714,15.0,13.155817432741625,0,0,34.422796878383735
2999,0.7160165366743045,21480.496100229135,31.831080958375555,15.0,13.374121685398062,0,0,34.422796878383735
3000,0.7158392244839094,21475.17673451728,32.064241234856205,15.0,13.593147362992188,0,0,35.422796878383735
3001,0.715601478344154,21468.04435032462,33.23637687401012,15.0,13.812829563488862,0,0,35.422796878383735
3002,0.7153342578041059,21460.027734123178,33.47767765427083,15.0,14.033103190311035,0,0,35.422796878383735
3003,0.7150374817219891,21451.124451659674,33.71955481533675,15.0,14.253902971629099,0,0,35.422796878383735
3004,0.7147110777139728,21441.332331419184,33.961936683784934,15.0,14.475163479702594,0,0,35.422796878383735
3005,0.7143549821756198,21430.649465268594,34.20475143663671,15.0,14.696819150267789,0,0,35.422796878383735
3006,0.7139691403007343,21419.07420902203,34.447927122640266,15.0,14.918804301965594,0,0,35.422796878383735
3007,0.713553506097602,21406.605182928062,34.69139168359205,15.0,15.14105315580509,0,0,35.422796878383735
3008,0.7131080424026186,21393.241272078558,34.93507297568807,15.0,15.363499854654176,0,0,35.422796878383735
3009,0.7126327208913015,21378.981626739045,35.1788987909024,15.0,15.586078482755196,0,0,35.422796878383735
3010,0.7121275220866841,21363.82566260052,35.42279687838381,15.0,15.808723085257004,0,0,35.422796878383735
3011,0.7115924353650859,21347.773060952575,35.66669496586501,15.0,16.031367687758625,0,0,35.422796878383735
3012,0.7110274589592618,21330.823768777853,35.91052078107935,15.0,16.25394631585965,0,0,35.422796878383735
3013,0.710432599958925,21312.97799876775,36.15420207317537,15.0,16.476393014708734,0,0,35.422796878383735
3014,0.7098078743086466,21294.236229259397,36.397666634127056,15.0,16.698641868548137,0,0,35.422796878383735
3015,0.7091533068031302,21274.599204093905,36.64084232013081,15.0,16.920627020246126,0,0,35.422796878383735
3016,0.7084689310798655,21254.067932395967,36.883657072982594,15.0,17.142282690811324,0,0,35.422796878383735
3017,0.7077547896091606,21232.643688274817,37.126038941430664,15.0,17.363543198884727,0,0,35.422796878383735
3018,0.7070109336815562,21210.328010446687,37.367916102496494,15.0,17.5843429802027,0,0,35.422796878383735
3019,0.7062374233926287,21187.122701778862,37.6092168827572,15.0,17.804616607024876,0,0,35.422796878383735
3020,0.7054343276251814,21163.029828755443,37.849869779583805,15.0,18.02429880752164,0,0,35.422796878383735
3021,0.7046017240288334,21138.051720865,38.089803482329266,15.0,18.243324485115856,0,0,35.422796878383735
3022,0.7037396989970102,21112.190969910305,38.32894689345905,15.0,18.46162873777211,0,0,35.422796878383735
3023,0.702848347641344,21085.450429240318,38.56722914961972,15.0,18.679146877229314,0,0,35.422796878383735
3024,0.7019277737634891,21057.833212904676,38.80457964263602,15.0,18.89581444816814,0,0,35.422796878383735
3025,0.7009780898243646,21029.342694730938,39.04092804043441,15.0,19.11156724731124,0,0,35.422796878383735
3026,0.6999994169108281,20999.982507324843,39.27620430788383,15.0,19.32634134244791,0,0,35.422796878383735
3027,0.6989918846997963,20969.75654099389,39.510338727548444,15.0,19.540073091378474,0,0,35.422796878383735
3028,0.697955631419819,20938.66894259457,39.743261920346775,15.0,19.752699160773084,0,0,35.422796878383735
3029,0.6968908038101179,20906.72411430354,39.974904866109995,15.0,19.96415654493864,0,0,35.422796878383735
3030,0.695797557077106,20873.92671231318,40.205198924033915,15.0,20.17438258448849,0,0,35.422796878383735
3031,0.6946760548483951,20840.281645451854,40.43407585301892,15.0,20.383314984909983,0,0,35.422796878383735
3032,0.6935264691243108,20805.794073729325,40.661467831891585,15.0,20.590891835023914,0,0,35.422796878383735
3033,0.6923489802269241,20770.469406807726,40.88730747950085,15.0,20.79705162532955,0,0,35.422796878383735
3034,0.6911437767466189,20734.313302398565,41.1115278746852,15.0,21.001733266231817,0,0,35.422796878383735
3035,0.6899110554862072,20697.331664586218,41.334062576102575,15.0,21.204876106143207,0,0,35.422796878383735
3036,0.6886510214026145,20659.530642078433,41.55484564191815,15.0,21.406419949455987,0,0,35.422796878383735
3037,0.687363887546144,20620.916626384318,41.773811649344644,15.0,21.606305074379712,0,0,35.422796878383735
3038,0.686049874997347,20581.496249920412,41.990895714028376,15.0,21.804472250637993,0,0,35.422796878383735
3039,0.6847092128015118,20541.27638404535,42.20603350927574,15.0,22.000862757019547,0,0,35.422796878383735
3040,0.6833421379007916,20500.264137023747,42.419161285115315,15.0,22.195418398779193,0,0,35.422796878383735
3041,0.6819488950639944,20458.46685191983,42.63021588718726,15.0,22.388081524881272,0,0,35.422796878383735
3042,0.6805297368140524,20415.89210442157,42.839134775458064,15.0,22.57879504508351,0,0,35.422796878383735
3043,0.679084923353194,20372.54770059582,43.04585604275227,15.0,22.767502446853925,0,0,35.422796878383735
3044,0.6776147224858403,20328.44167457521,43.25031843309683,15.0,22.954147812116588,0,0,35.422796878383735
3045,0.6761194095392489,20283.582286177465,43.45246135987314,15.0,23.138675833821942,0,0,35.422796878383735
3046,0.6745992672819282,20237.978018457845,43.652224923769225,15.0,23.321031832334555,0,0,35.422796878383735
3047,0.6730545858398476,20191.637575195426,43.84954993052979,15.0,23.50116177163644,0,0,35.422796878383735
3048,0.671485662610466,20144.56987831398,44.04437790849685,15.0,23.679012275339197,0,0,35.422796878383735
3049,0.6698928021746078,20096.784065238233,44.23665112593573,15.0,23.854530642500176,0,0,35.422796878383735
3050,0.6682763162062076,20048.28948618623,44.426312608142425,15.0,24.02766486323913,0,0,35.422796878383735
3051,0.6666365233799557,19999.09570139867,44.613306154326615,15.0,24.19836363414997,0,0,35.422796878383735
3052,0.6649737492768669,19949.212478306006,44.79757635426498,15.0,24.36657637350298,0,0,35.422796878383735
3053,0.6632883262878047,19898.64978863414,44.97906860472033,15.0,24.53225323623308,0,0,35.422796878383735
3054,0.661580593514986,19847.41780544958,45.15772912562194,15.0,24.69534512871024,0,0,35.422796878383735
3055,0.6598508966714984,19795.526900144952,45.3335049760015,15.0,24.855803723286783,0,0,35.422796878383735
3056,0.6580995879788576,19742.98763936573,45.506344069681276,15.0,25.01358147261842,0,0,35.422796878383735
3057,0.6563270260626365,19689.810781879096,45.676195190707496,15.0,25.168631623752766,0,0,35.422796878383735
3058,0.6545335758461969,19636.007275385906,45.84300800852732,15.0,25.32090823198378,0,0,35.422796878383735
3059,0.6527196084425546,19581.588253276637,46.00673309290271,15.0,25.470366174466058,0,0,35.422796878383735
3060,0.650885501044411,19526.56503133233,46.167321928557605,15.0,25.616961163585593,0,0,35.422796878383735
3061,0.6490316368123827,19470.94910437148,46.3247269295543,15.0,25.760649760083417,0,0,35.422796878383735
3062,0.647158404761462,19414.75214284386,46.47890145339399,15.0,25.90138938592738,0,0,35.422796878383735
3063,0.6452661996457443,19357.98598937233,46.62979981483781,15.0,26.039138336928875,0,0,35.422796878383735
3064,0.6433554218414537,19300.66265524361,46.77737729944457,15.0,26.1738557951008,0,0,35.422796878383735
3065,0.6414264772283024,19242.79431684907,46.921590176820715,15.0,26.305501840752964,0,0,35.422796878383735
3066,0.6394797770692203,19184.39331207661,47.062395713578184,15.0,26.434037464320788,0,0,35.422796878383735
3067,0.6375157378884887,19125.472136654662,47.199752185997674,15.0,26.55942457792502,0,0,35.422796878383735
3068,0.6355347813483154,19066.043440449463,47.33361889239207,15.0,26.681626026657895,0,0,35.422796878383735
3069,0.6335373341238868,19006.120023716605,47.46395616516711,15.0,26.800605599592767,0,0,35.422796878383735
3070,0.6315238277769349,18945.714833308048,47.59072538257598,15.0,26.916328040514387,0,0,35.422796878383735
3071,0.6294946986278563,18884.84095883569,47.71388898016365,15.0,27.028759058366013,0,0,35.422796878383735
3072,0.6274503876264214,18823.51162879264,47.83341046189797,15.0,27.137865337410506,0,0,35.422796878383735
3073,0.6253913402211101,18761.7402066333,47.94925441098462,15.0,27.243614547102858,0,0,35.422796878383735
3074,0.623318006227118,18699.540186813538,48.061386500361266,15.0,27.345975351669907,0,0,35.422796878383735
3075,0.6212308396930644,18636.92519079193,48.1697735028698,15.0,27.444917419396113,0,0,35.422796878383735
3076,0.6191302987664494,18573.908962993482,48.27438330110223,15.0,27.540411431611467,0,0,35.422796878383735
3077,0.6170168455578938,18510.505366736816,48.37518489691757,15.0,27.63242909137915,0,0,35.422796878383735
3078,0.6148909460042064,18446.72838012619,48.47214842062767,15.0,27.720943131880823,0,0,35.422796878383735
3079,0.6127530697303164,18382.592091909493,48.565245139847725,15.0,27.80592732449592,0,0,35.422796878383735
3080,0.6106036899101142,18318.110697303426,48.65444746801061,15.0,27.88735648657402,0,0,36.422796878383735
3081,0.6083974183787995,18251.922551363983,50.11567139571818,15.0,27.965206488897085,0,0,36.422796878383735
3082,0.6061805231962516,18185.415695887546,50.19930293766066,15.0,28.03945426282925,0,0,36.422796878383735
3083,0.6039534910739824,18118.60473221947,50.27885220353638,15.0,28.110077807152663,0,0,36.422796878383735
3084,0.6017168117272982,18051.504351818945,50.35429562118111,15.0,28.177056194587017,0,0,36.422796878383735
3085,0.5994709777301857,17984.12933190557,50.42561083508199,15.0,28.240369577990606,0,0,36.422796878383735
3086,0.5972164843693523,17916.494531080567,50.49277671300204,15.0,28.299999196241494,0,0,36.422796878383735
3087,0.5949538294974616,17848.614884923845,50.55577335224205,15.0,28.355927379796874,0,0,36.422796878383735
3088,0.5926835133856091,17780.505401568273,50.614582085538196,15.0,28.408137555928896,0,0,36.422796878383735
3089,0.5904060385750814,17712.181157252442,50.669185486593705,15.0,28.45661425363567,0,0,36.422796878383735
3090,0.5881219097284416,17643.657291853247,50.71956737524235,15.0,28.5013431082254,0,0,36.422796878383735
3091,0.5858316334799875,17574.949004399623,50.76571282224319,15.0,28.542310865573143,0,0,36.422796878383735
3092,0.5835357182856244,17506.071548568732,50.80760815370439,15.0,28.579505386048258,0,0,36.422796878383735
3093,0.5812346742721994,17437.040228165984,50.845240955135054,15.0,28.612915648111567,0,0,36.422796878383735
3094,0.5789290130863394,17367.870392590183,50.87860007512393,15.0,28.6425317515814,0,0,36.422796878383735
3095,0.5766192477428387,17298.57743228516,50.90767562864383,15.0,28.668344920567137,0,0,36.422796878383735
3096,0.5743058924726425,17229.176774179276,50.93245899998075,15.0,28.6903475060697,0,0,36.422796878383735
3097,0.5719894625704686,17159.683877114057,50.95294284528689,15.0,28.70853298824815,0,0,36.422796878383735
3098,0.5696704742421144,17090.11422726343,50.9691210947568,15.0,28.72289597835165,0,0,36.422796878383735
3099,0.5673494444514945,17020.483333544835,50.980988954426,15.0,28.73343222031624,0,0,36.422796878383735
3100,0.5650268907674527,16950.806723023583,50.98854290759156,15.0,28.74013859202605,0,0,36.422796878383735
3101,0.5627033312103955,16881.099936311864,50.99178071585412,15.0,28.7430131062384,0,0,36.422796878383735
3102,0.5603792840987908,16811.378522963725,50.99070141978122,15.0,28.742054911172687,0,0,36.422796878383735
3103,0.5580552678955801,16741.658036867404,50.985305339191555,15.0,28.737264290762795,0,0,36.422796878383735
3104,0.5557318010545454,16671.954031636364,50.9755940730603,15.0,28.728642664572938,0,0,36.422796878383735
3105,0.5534094018666814,16602.282056000444,50.96157049904517,15.0,28.71619258737704,0,0,36.422796878383735
3106,0.5510885883066139,16532.657649198416,50.943238772633805,15.0,28.699917748401646,0,0,36.422796878383735
3107,0.5487698778791128,16463.096336373383,50.920604325912365,15.0,28.6798229702328,0,0,36.422796878383735
3108,0.5464537874657445,16393.613623972335,50.89367386595592,15.0,28.655914207386942,0,0,36.422796878383735
3109,0.5441408331717089,16324.224995151268,50.862455372840955,15.0,28.628198544546514,0,0,36.422796878383735
3110,0.5418315301729059,16254.945905187176,50.82695809728073,15.0,28.596684194460572,0,0,36.422796878383735
3111,0.5395263925632777,16185.791776898332,50.78719255788408,15.0,28.561380495511138,0,0,36.422796878383735
3112,0.5372259332024721,16116.777996074163,50.743170538038534,15.0,28.522297908946165,0,0,36.422796878383735
3113,0.5349306635638705,16047.919906916115,50.694905082418686,15.0,28.47944801577954,0,0,36.422796878383735
3114,0.5326410935830278,15979.232807490833,50.64241049312063,15.0,28.43284351335933,0,0,36.422796878383735
3115,0.5303577315065671,15910.731945197012,50.58570232542414,15.0,28.382498211605448,0,0,36.422796878383735
3116,0.5280810837415757,15842.432512247271,50.5247973831832,15.0,28.32842702891738,0,0,36.422796878383735
3117,0.5258116547055454,15774.34964116636,50.45971371384654,15.0,28.27064598775342,0,0,36.422796878383735
3118,0.5235499466769026,15706.498400307079,50.39047060311006,15.0,28.20917220988312,0,0,36.422796878383735
3119,0.521296459646173,15638.89378938519,50.31708856920185,15.0,28.14402391131359,0,0,36.422796878383735
3120,0.519051691167823,15571.550735034689,50.239589356802284,15.0,28.075220396891694,0,0,36.422796878383735
3121,0.5168161362128236,15504.484086384708,50.15799593060062,15.0,28.002782054583733,0,0,36.422796878383735
3122,0.5145902870219802,15437.708610659405,50.07233246848985,15.0,27.926730349433754,0,0,36.422796878383735
3123,0.5123746329600707,15371.23898880212,49.98262435440261,15.0,27.84708781720338,0,0,36.422796878383735
3124,0.5101696603708364,15305.089811125092,49.8888981707892,15.0,27.763878057693738,0,0,36.422796878383735
3125,0.5079758524328675,15239.275572986026,49.79118169074056,15.0,27.67712572775239,0,0,36.422796878383735
3126,0.5057936890164273,15173.81067049282,49.689503869758695,15.0,27.586856533966994,0,0,36.422796878383735
3127,0.503623646541256,15108.70939623768,49.5838948371763,15.0,27.493097225047812,0,0,36.422796878383735
3128,0.5014661978353971,15043.985935061915,49.47438588722893,15.0,27.395875583901528,0,0,36.422796878383735
3129,0.49932181199508896,14979.65435985267,49.361009469781905,15.0,27.2952204193987,0,0,36.422796878383735
3130,0.4971909542457604,14915.728627372811,49.24379918071452,15.0,27.191161557836814,0,0,36.422796878383735
3131,0.49507408580417517,14852.222574125255,49.122789751965044,15.0,27.083729834102346,0,0,36.422796878383735
3132,0.49297166374176327,14789.149912252899,48.99801704123888,15.0,26.97295708253368,0,0,36.422796878383735
3133,0.4908841408491807,14726.524225475421,48.86951802138301,15.0,26.85887612748772,0,0,36.422796878383735
3134,0.48881196550213796,14664.358965064139,48.73733076943016,15.0,26.741520773613455,0,0,36.422796878383735
3135,0.4867555815285364,14602.667445856092,48.60149445531597,15.0,26.62092579583503,0,0,36.422796878383735
3136,0.48471542807695284,14541.462842308585,48.46204933027193,15.0,26.49712692904702,0,0,36.422796878383735
3137,0.48269193948651,14480.758184595301,48.31903671489805,15.0,26.370160857525445,0,0,36.422796878383735
3138,0.4806855451581727,14420.56635474518,48.17249898691883,15.0,26.240065204057558,0,0,36.422796878383735
3139,0.4786966694275067,14360.900082825201,48.02247956862541,15.0,26.10687851879296,0,0,36.422796878383735
3140,0.4767257314389396,14301.771943168187,47.8690229140092,15.0,25.970640267821015,0,0,36.422796878383735
3141,0.47477314502155854,14243.194350646756,47.71217449558885,15.0,25.831390821475733,0,0,36.422796878383735
3142,0.4728393185664842,14185.179556994526,47.55198079093586,15.0,25.689171442373382,0,0,36.422796878383735
3143,0.47092465490585567,14127.73964717567,47.38848926890212,15.0,25.544024273185286,0,0,36.422796878383735
3144,0.4690295511934622,14070.886535803866,47.221748375553986,15.0,25.395992324150132,0,0,36.422796878383735
3145,0.46715439878705856,14014.631963611757,47.05180751981678,15.0,25.245119460329278,0,0,36.422796878383735
3146,0.4652995831323967,13958.987493971901,46.87871705883374,15.0,25.091450388608443,0,0,36.422796878383735
3147,0.4634654836490103,13903.964509470308,46.702528283043925,15.0,24.935030644449895,0,0,36.422796878383735
3148,0.4616524736177843,13849.574208533528,46.52329340098414,15.0,24.77590657839971,0,0,36.422796878383735
3149,0.45986092007034374,13795.827602110312,46.34106552381829,15.0,24.61412534235297,0,0,36.422796878383735
3150,0.45809118368029467,13742.73551040884,46.15589864959887,15.0,24.44973487558118,0,0,36.422796878383735
3151,0.4563436186563485,13690.308559690455,45.9678476472671,15.0,24.282783890527597,0,0,36.422796878383735
3152,0.4546185726373622,13638.557179120866,45.77696824039345,15.0,24.11332185837221,0,0,36.422796878383735
3153,0.45291638658932565,13587.49159767977,45.58331699066568,15.0,23.941398994372424,0,0,36.422796878383735
3154,0.4512373947043261,13537.121841129783,45.38695128112858,15.0,23.76706624298339,0,0,36.422796878383735
3155,0.44958192430151955,13487.457729045587,45.187929299179494,15.0,23.590375262761462,0,0,36.422796878383735
3156,0.4479502957301394,13438.508871904181,44.98631001932708,15.0,23.411378411057534,0,0,36.422796878383735
3157,0.4463428222745695,13390.284668237085,44.782153185715245,15.0,23.230128728501832,0,0,36.422796878383735
3158,0.44475981006151194,13342.794301845359,44.57551929441987,15.0,23.046679923286984,0,0,36.422796878383735
3159,0.4432015579692746,13296.046739078238,44.366469575522544,15.0,22.8610863552532,0,0,36.422796878383735
3160,0.4416683575392071,13250.050726176212,44.15506597496656,15.0,22.673403019780054,0,0,37.422796878383735
3161,0.4401202787240975,13203.608361722925,45.14779609260747,15.0,22.483685531490302,0,0,37.422796878383735
3162,0.43859800990732334,13157.9402972197,44.925945106997396,15.0,22.291990107770317,0,0,37.422796878383735
3163,0.43710182209022713,13113.054662706814,44.701870776635886,15.0,22.09837355211113,0,0,37.422796878383735
3164,0.43563197854578833,13068.95935637365,44.47563949958305,15.0,21.902893237276835,0,0,37.422796878383735
3165,0.43418873474061,13025.662042218299,44.24731831304882,15.0,21.705607088303616,0,0,37.422796878383735
3166,0.432772338259218,12983.17014777654,44.01697487352828,15.0,21.50657356533511,0,0,37.422796878383735
3167,0.4313830287306972,12941.490861920916,43.784677436753654,15.0,21.305851646299587,0,0,37.422796878383735
3168,0.4300210377576834,12900.631132730503,43.55049483746896,15.0,21.103500809433683,0,0,37.422796878383735
3169,0.42868658884773503,12860.597665432051,43.31449646903244,15.0,20.899581015657446,0,0,37.422796878383735
3170,0.42737989734710274,12821.396920413083,43.076752262853915,15.0,20.69415269080671,0,0,37.422796878383735
3171,0.42610117037691775,12783.035111307532,42.837332667672825,15.0,20.487276707727816,0,0,37.422796878383735
3172,0.42485060677181735,12745.518203154521,42.59630862868191,15.0,20.27901436823896,0,0,37.422796878383735
3173,0.42362839702102606,12708.851910630781,42.353751566505856,15.0,20.06942738496616,0,0,37.422796878383735
3174,0.4224347232119093,12673.041696357279,42.10973335603698,15.0,19.858577863055835,0,0,37.422796878383735
3175,0.4212697589760172,12638.092769280516,41.86432630513753,15.0,19.646528281771907,0,0,37.422796878383735
3176,0.42013366943763375,12604.010083129013,41.61760313321286,15.0,19.433341475981635,0,0,37.422796878383735
3177,0.41902661116484685,12570.798334945406,41.369636949663445,15.0,19.219080617536427,0,0,37.422796878383735
3178,0.4179487321231539,12538.461963694617,41.12050123222113,15.0,19.003809196552865,0,0,37.422796878383735
3179,0.41690017163161636,12507.00514894849,40.87026980517589,15.0,18.78759100259901,0,0,37.422796878383735
3180,0.4158810603215764,12476.431809647293,40.61901681749976,15.0,18.57049010579192,0,0,37.422796878383735
3181,0.41489152009794844,12446.745602938454,40.36681672087561,15.0,18.352570837812834,0,0,37.422796878383735
3182,0.4139316641030957,12417.94992309287,40.11374424763518,15.0,18.133897772844108,0,0,37.422796878383735
3183,0.4130015966833036,12390.047900499108,39.85987438861363,15.0,17.914535708433895,0,0,37.422796878383735
3184,0.41210141335786005,12363.042400735801,39.60528237092936,15.0,17.694549646296274,0,0,37.422796878383735
3185,0.4112312007907508,12336.936023722525,39.35004363569175,15.0,17.474004773049145,0,0,37.422796878383735
3186,0.41039103676497907,12311.731102949372,39.09423381564656,15.0,17.252966440898206,0,0,37.422796878383735
3187,0.40958099015951677,12287.429704785503,38.83792871276451,15.0,17.031500148271846,0,0,37.422796878383735
3188,0.4088011209288943,12264.03362786683,38.581204275778674,15.0,16.809671520411847,0,0,37.422796878383735
3189,0.4080514800854345,12241.544402563035,38.324136577680505,15.0,16.587546289928262,0,0,37.422796878383735
3190,0.40733210968413663,12219.9632905241,38.066801793176936,15.0,16.365190277320764,0,0,37.422796878383735
3191,0.40664304281021496,12199.29128430645,37.80927617611835,15.0,16.142669371474707,0,0,37.422796878383735
3192,0.40598430356929427,12179.529107078828,37.55163603690305,15.0,15.920049510136984,0,0,37.422796878383735
3193,0.40535590708026725,12160.677212408018,37.293957719864494,15.0,15.697396660376945,0,0,37.422796878383735
3194,0.40475785947081444,12142.735784124434,37.03631758064908,15.0,15.474776799039134,0,0,37.422796878383735
3195,0.4041901578755883,12125.70473626765,36.7787919635906,15.0,15.252255893193169,0,0,37.422796878383735
3196,0.4036527904370624,12109.583713111873,36.52145717908703,15.0,15.029899880585665,0,0,37.422796878383735
3197,0.40314573630904504,12094.372089271352,36.26438948098887,15.0,14.807774650102086,0,0,37.422796878383735
3198,0.40266896566285626,12080.068969885688,36.00766504400313,15.0,14.585946022242176,0,0,37.422796878383735
3199,0.402222439696167,12066.67319088501,35.751359941120974,15.0,14.364479729615724,0,0,37.422796878383735
3200,0.40180611064449684,12054.183319334905,35.49555012107579,15.0,14.14344139746478,0,0,37.422796878383735
3201,0.3997549662848886,11992.648988546658,35.24031138583818,15.0,13.922896524217656,1,0,37.422796878383735
3202,0.39771749639882076,11931.524891964622,35.07144617608015,15.0,13.702910462080036,2,0,37.422796878383735
3203,0.39567294456023866,11870.18833680716,35.524605224934476,15.0,13.483548397669821,3,0,37.422796878383735
3204,0.3936215218222367,11808.645654667102,35.97069283318669,15.0,13.264875332701099,4,0,37.422796878383735
3205,0.39156343677840905,11746.903103352272,36.40971168033435,15.0,13.04695606472201,5,0,37.422796878383735
3206,0.3894988952645051,11684.966857935153,36.84167363650803,15.0,12.82985516791492,6,0,37.422796878383735
3207,0.3874281000591112,11622.843001773337,37.266599812691474,15.0,12.613636973960974,7,0,37.422796878383735
3208,0.3853512505836822,11560.537517510465,37.68452060114837,15.0,12.398365552977499,8,0,37.422796878383735
3209,0.38326854260224547,11498.056278067364,38.095475706076904,15.0,12.184104694532381,9,0,37.422796878383735
3210,0.3811801679210993,11435.40503763298,38.49951416453899,15.0,11.970917888742019,10,0,37.422796878383735
3211,0.37908631408882354,11372.589422664707,38.89669435773126,15.0,11.758868307458005,11,0,37.422796878383735
3212,0.37698716409691907,11309.614922907573,39.28708401268813,15.0,11.548018785547765,12,0,37.422796878383735
3213,0.3748828960813863,11246.48688244159,39.67076019452866,15.0,11.338431802274968,13,0,37.422796878383735
3214,0.3727736830255512,11183.210490766536,40.047809289383835,15.0,11.13016946278611,14,0,37.422796878383735
3215,0.3706596924644388,11119.790773933164,40.41832697815676,15.0,10.923293479707215,15,0,37.422796878383735
3216,0.36854108619099113,11056.232585729735,40.78241820129357,15.0,10.717865154856483,16,0,37.422796878383735
3217,0.36641801996441675,10992.540598932503,41.140197114764774,15.0,10.513945361080241,17,0,37.422796878383735
3218,0.3642906432209541,10928.719296628624,41.491787037470154,15.0,10.311594524214334,18,0,37.422796878383735
3219,0.3621590987873215,10864.772963619645,41.83732039030748,15.0,10.110872605178816,19,0,37.422796878383735
3220,0.360023522597118,10800.70567791354,42.176938627159714,15.0,9.911839082210395,20,0,37.422796878383735
3221,0.3578840434104306,10736.521302312918,42.51079215807345,15.0,9.71455293323709,21,0,37.422796878383735
3222,0.35574078253689223,10672.223476106767,42.839040264923945,15.0,9.519072618402795,22,0,37.422796878383735
3223,0.35359385356242606,10607.815606872782,43.16185100986969,15.0,9.325456062743601,23,0,37.422796878383735
3224,0.35144336207989935,10543.30086239698,43.4794011369246,15.0,9.133760639023624,24,0,37.422796878383735
3225,0.3492894054238987,10478.682162716961,43.79187596698453,15.0,8.94404315073387,25,0,37.422796878383735
3226,0.34713207240982835,10413.96217229485,44.099469286664004,15.0,8.756359815260723,26,0,37.422796878383735
3227,0.3449714430775175,10349.143292325525,44.40238323130539,15.0,8.57076624722686,27,0,37.422796878383735
3228,0.34280758843951303,10284.227653185391,44.70082816254428,15.0,8.387317442012089,28,0,37.422796878383735
3229,0.34064057023421934,10219.21710702658,44.99502254081591,15.0,8.206067759456383,29,0,37.422796878383735
3230,0.33847044068403276,10154.113220520983,45.28519279320751,15.0,8.027070907752456,30,0,37.422796878383735
3231,0.33629724225860697,10088.917267758208,45.57157317706261,15.0,7.850379927530675,31,0,37.422796878383735
3232,0.3341210074433671,10023.630223301012,45.854405639755406,15.0,7.676047176141495,32,0,37.422796878383735
3233,0.3319417585133817,9958.25275540145,46.133939675063644,15.0,7.504124312141709,33,0,37.422796878383735
3234,0.32975950731268167,9892.78521938045,46.41043217656521,15.0,7.334662279986317,34,0,37.422796878383735
3235,0.32757425503910437,9827.22765117313,46.68414728849897,15.0,7.16771129493274,35,0,37.422796878383735
3236,0.3253859920347245,9761.579761041736,46.955356254528006,15.0,7.003320828160945,36,0,37.422796878383735
3237,0.32319469758191915,9695.840927457575,47.22433726484882,15.0,6.841539592114204,37,0,37.422796878383735
3238,0.3210003397050987,9630.010191152962,47.491375302089736,15.0,6.682415526064019,38,0,37.422796878383735
3239,0.3188028749781212,9564.086249343636,47.7567619864484,15.0,6.525995781905471,39,0,37.422796878383735
3240,0.31660224833739187,9498.067450121756,48.02079542050861,15.0,6.372326710184571,40,0,37.422796878383735
3241,0.3143983929006353,9431.95178701906,48.28378003418488,15.0,6.22145384636378,41,0,37.422796878383735
3242,0.3121912297913122,9365.736893739366,48.54602643023516,15.0,6.073421897328689,42,0,37.422796878383735
3243,0.3099806679686382,9299.420039059147,48.80785123078208,15.0,5.928274728140529,43,0,37.422796878383735
3244,0.30776660406314843,9232.998121894452,49.069576925277644,15.0,5.786055349038179,44,0,37.422796878383735
3245,0.3055489222177339,9166.467666532017,49.33153172034004,15.0,5.646805902692899,45,0,37.422796878383735
3246,0.30332749393406705,9099.82481802201,49.594049391890415,15.0,5.510567651720946,46,0,37.422796878383735
3247,0.301102177924313,9033.06533772939,49.85746914000394,15.0,5.37738096645635,47,0,37.422796878383735
3248,0.2988728199680153,8966.184599040458,50.122135446888244,15.0,5.247285312988465,48,0,37.422796878383735
3249,0.2966392527740274,8899.177583220822,50.388397938388884,15.0,5.120319241466886,49,0,37.422796878383735
3250,0.2944012958473494,8832.038875420483,50.65661124941916,15.0,4.996520374678875,50,0,37.422796878383735
3251,0.2921587553607173,8764.762660821518,50.92713489369304,15.0,4.875925396900453,51,0,37.422796878383735
3252,0.289911424030777,8697.34272092331,51.20033313813809,15.0,4.7585700430261895,52,0,37.422796878383735
3253,0.28765908099866744,8629.772429960023,51.47657488235022,15.0,4.64448908798027,53,0,37.422796878383735
3254,0.28540149171481943,8562.044751444582,51.75623354343979,15.0,4.533716336411553,54,0,37.422796878383735
3255,0.2831384078277712,8494.152234833136,52.0396869466123,15.0,4.426284612677092,55,0,37.422796878383735
3256,0.28086956707678756,8426.087012303627,52.32731722180578,15.0,4.322225751115202,56,0,37.422796878383735
3257,0.27859469318805813,8357.840795641743,52.619510706702464,15.0,4.221570586612373,57,0,37.422796878383735
3258,0.276313495774243,8289.404873227291,52.91665785641429,15.0,4.124348945466085,58,0,37.422796878383735
3259,0.27402567023712293,8220.770107113687,53.21915316013134,15.0,4.030589636546902,59,0,37.422796878383735
3260,0.27173089767309955,8151.926930192986,53.527395065004264,15.0,3.9403204427614726,60,0,37.422796878383735
3261,0.26942884478128815,8082.865343438644,53.841785907524475,15.0,3.8535681128201587,61,0,37.422796878383735
3262,0.26711916377393075,8013.574913217922,54.162731852643944,15.0,3.7703583533105185,62,0,37.422796878383735
3263,0.2648014922888539,7944.044768665617,54.49064284086988,15.0,3.690715821080144,63,0,37.422796878383735
3264,0.2624754533036871,7874.263599110613,54.82593254354863,15.0,3.6146641159302253,64,0,37.422796878383735
3265,0.2601406550515492,7804.219651546477,55.1690183265427,15.0,3.5422257736221985,65,0,37.422796878383735
3266,0.25779669093790714,7733.900728137213,55.52032122249096,15.0,3.473422259200305,66,0,37.422796878383735
3267,0.25544313945830144,7663.294183749043,55.88026591182298,15.0,3.408273960630772,67,0,37.422796878383735
3268,0.25307956411663207,7592.386923498962,56.249280712690165,15.0,3.346800182760475,68,0,37.422796878383735
3269,0.25070551334368824,7521.165400310647,56.62779757995788,15.0,3.2890191415965133,69,0,37.422796878383735
3270,0.24832052041560626,7449.6156124681875,57.016252113391275,15.0,3.2349479589084416,70,0,38.422796878383735
3271,0.24587296245573045,7376.188873671914,58.94931106118726,15.0,3.184602657154557,71,0,38.422796878383735
3272,0.24341271987826657,7302.381596347997,59.38185907149666,15.0,3.137998154734351,72,0,38.422796878383735
3273,0.2409392657693095,7228.177973079285,59.826100576109916,15.0,3.0951482615677017,73,0,38.422796878383735
3274,0.23845205702181052,7153.561710654316,60.282507176848455,15.0,3.0560656750027433,74,0,38.422796878383735
3275,0.235950534232908,7078.5160269872395,60.75155477886234,15.0,3.0207619760533304,75,0,38.422796878383735
3276,0.23343412159893884,7003.023647968165,61.23372366404661,15.0,2.9892476259673657,76,0,38.422796878383735
3277,0.23090222680777311,6927.066804233194,61.729498574837635,15.0,2.9615319631269394,77,0,38.422796878383735
3278,0.2283542409281112,6850.627227843336,62.2393688084351,15.0,2.937623200281082,78,0,38.422796878383735
3279,0.2257895382953837,6773.686148861511,62.76382832148525,15.0,2.9175284221122313,79,0,38.422796878383735
3280,0.22320747639389146,6696.224291816744,63.3033758452474,15.0,2.901253583136839,80,0,38.422796878383735
3281,0.2206538166353376,6619.614499060128,63.85851501125737,15.0,1.4961764905435615,81,0,38.422796878383735
3282,0.2181308593762597,6543.925781287791,64.41904952544809,15.0,0.01632446327344894,82,0,38.422796878383735
3283,0.21563822387295942,6469.146716188782,63.52710937545349,15.0,0.0,83,0,38.422796878383735
3284,0.2131755339369522,6395.266018108567,62.62976059426539,15.0,0.0,84,0,38.422796878383735
3285,0.21074241788395795,6322.272536518739,61.743192217302806,15.0,0.0,85,0,38.422796878383735
3286,0.20833850848350613,6250.155254505184,60.867270438224864,15.0,0.0,86,0,38.422796878383735
3287,0.20596344290914798,6178.903287274439,60.0018630540622,15.0,0.0,87,0,38.422796878383735
3288,0.20361686268926685,6108.505880678005,59.14683944729327,15.0,0.0,88,0,38.422796878383735
3289,0.20129841365847836,6038.952409754351,58.30207056813606,15.0,0.0,89,0,38.422796878383735
3290,0.19900774590961268,5970.23237728838,57.46742891705222,15.0,0.0,90,0,38.422796878383735
3291,0.1967445137462704,5902.335412388112,56.642788527460574,15.0,0.0,91,0,38.422796878383735
3292,0.19450837563594436,5835.251269078331,55.828024948657344,15.0,0.0,92,0,38.422796878383735
3293,0.19229899416369917,5768.969824910975,55.02301522893997,15.0,0.0,93,0,38.422796878383735
3294,0.19011603598640117,5703.481079592035,54.227637898931704,15.0,0.0,94,0,38.422796878383735
3295,0.18795917178749072,5638.7751536247215,53.441772955104426,15.0,0.0,95,0,38.422796878383735
3296,0.18582807623228934,5574.84228696868,52.665301843496664,15.0,0.0,96,0,38.422796878383735
3297,0.18372242792383436,5511.672837715031,51.89810744362417,15.0,0.0,97,0,38.422796878383735
3298,0.18164190935923358,5449.2572807770075,51.140074052580374,15.0,0.0,98,0,38.422796878383735
3299,0.17958620688653246,5387.586206595974,50.39108736932409,15.0,0.0,99,0,38.422796878383735
3300,0.17755501066208695,5326.650319862609,49.65103447915169,15.0,0.0,100,0,38.422796878383735
3301,0.17554801460843458,5266.440438253037,48.9198038383513,15.0,0.0,101,0,38.422796878383735
3302,0.1735649163726569,5206.947491179707,48.19728525903645,15.0,0.0,102,0,38.422796878383735
3303,0.17160541728522616,5148.162518556785,47.48336989415648,15.0,0.0,103,0,38.422796878383735
3304,0.1696692223193297,5090.076669579891,46.77795022268142,15.0,0.0,104,0,38.422796878383735
3305,0.1677560400506649,5032.6812015199475,46.080920034958694,15.0,0.0,105,0,38.422796878383735
3306,0.1658655826176982,4975.967478530946,45.39217441823938,15.0,0.0,106,0,38.422796878383735
3307,0.16399756568238147,4919.926970471444,44.711609742371365,15.0,0.0,107,0,38.422796878383735
3308,0.16215170839131948,4864.551251739585,44.039123645657334,15.0,0.0,108,0,38.422796878383735
3309,0.16032773333738168,4809.832000121451,43.37461502087503,15.0,0.0,109,0,38.422796878383735
3310,0.15852536652175223,4755.760995652567,42.71798400145741,15.0,0.0,110,0,38.422796878383735
3311,0.15674433731641177,4702.330119492353,42.0691319478308,15.0,0.0,111,0,38.422796878383735
3312,0.15498437842704504,4649.531352811351,41.427961433908244,15.0,0.0,112,0,38.422796878383735
3313,0.15324522585636777,4597.356775691033,40.79437623373621,15.0,0.0,113,0,38.422796878383735
3314,0.15152661886786759,4545.798566036027,40.1682813082924,15.0,0.0,114,0,38.422796878383735
3315,0.14982829994995206,4494.848998498562,39.549582792432325,15.0,0.0,115,0,38.422796878383735
3316,0.14815001478049883,4444.500443414965,38.93818798198274,15.0,0.0,116,0,38.422796878383735
3317,0.1464915121918016,4394.745365754048,38.33400532097958,15.0,0.0,117,0,38.422796878383735
3318,0.14485254413590623,4345.576324077187,37.73694438904858,15.0,0.0,118,0,38.422796878383735
3319,0.14323286565033175,4296.985969509952,37.14691588892624,15.0,0.0,119,0,38.422796878383735
3320,0.14163223482417023,4248.9670447251065,36.563831634119424,15.0,0.0,120,0,38.422796878383735
3321,0.14005041276456034,4201.51238293681,35.98760453670128,15.0,0.0,121,0,38.422796878383735
3322,0.13848716356352922,4154.6149069058765,35.418148595241725,15.0,0.0,122,0,38.422796878383735
3323,0.1369422542651969,4108.267627955907,34.85537888287052,15.0,0.0,123,0,38.422796878383735
3324,0.1354154548333388,4062.4636450001644,34.29921153547089,15.0,0.0,124,0,38.422796878383735
3325,0.13390653811930037,4017.196143579011,33.74956374000197,15.0,0.0,125,0,38.422796878383735
3326,0.13241527983025905,3972.4583949077714,33.20635372294813,15.0,0.0,126,0,38.422796878383735
3327,0.13094145849782887,3928.243754934866,32.669500738893255,15.0,0.0,127,0,38.422796878383735
3328,0.12948485544700208,3884.545663410063,32.1389250592184,15.0,0.0,128,0,38.422796878383735
3329,0.12804525476542342,3841.357642962703,31.614547960920753,15.0,0.0,129,0,38.422796878383735
3330,0.12662244327299196,3798.6732981897585,31.09629171555243,15.0,0.0,130,0,38.422796878383735
3331,0.12521621049178588,3756.4863147535766,30.584079578277105,15.0,0.0,131,0,38.422796878383735
3332,0.1238263486163056,3714.790458489168,30.07783577704292,15.0,0.0,132,0,38.422796878383735
3333,0.12245265248403024,3673.579574520907,29.577485501870015,15.0,0.0,133,0,38.422796878383735
3334,0.12109491954628342,3632.8475863885024,29.082954894250882,15.0,0.0,134,0,38.422796878383735
3335,0.11975294983940357,3592.588495182107,28.594171036662026,15.0,0.0,135,0,38.422796878383735
3336,0.11842654595621445,3552.7963786864334,28.111061942185287,15.0,0.0,136,0,38.422796878383735
3337,0.1171155130177914,3513.465390533742,27.6335565442372,15.0,0.0,137,0,38.422796878383735
3338,0.1158196586455194,3474.589759365582,27.1615846864049,15.0,0.0,138,0,38.422796878383735
3339,0.1145387929334383,3436.163788003149,26.695077112386983,15.0,0.0,139,0,38.422796878383735
3340,0.11327272842087141,3398.1818526261422,26.233965456037787,15.0,0.0,140,0,38.422796878383735
3341,0.11202128006533314,3360.638401959994,25.77818223151371,15.0,0.0,141,0,38.422796878383735
3342,0.11078426521571182,3323.5279564713546,25.327660823519928,15.0,0.0,142,0,38.422796878383735
3343,0.1095615035857237,3286.8451075717107,24.88233547765625,15.0,0.0,143,0,38.422796878383735
3344,0.10835281722763421,3250.584516829026,24.442141290860526,15.0,0.0,144,0,38.422796878383735
3345,0.10715803050624267,3214.7409151872803,24.007014201948316,15.0,0.0,145,0,38.422796878383735
3346,0.10597697007312677,3179.309102193803,23.576890982247363,15.0,0.0,146,0,38.422796878383735
3347,0.10480946484114281,3144.2839452342846,23.151709226325636,15.0,0.0,147,0,38.422796878383735
3348,0.10365534595917862,3109.660378775359,22.731407342811416,15.0,0.0,148,0,38.422796878383735
3349,0.1025144467871549,3075.433403614647,22.31592454530431,15.0,0.0,149,0,38.422796878383735
3350,0.1013866028712719,3041.5980861381568,21.905200843375763,15.0,0.0,150,0,39.422796878383735
3351,0.10027165191949791,3008.149557584937,21.49917703365788,15.0,0.0,151,0,39.422796878383735
3352,0.09916943377729599,2975.0830133188797,21.097794691019242,15.0,0.0,152,0,39.422796878383735
3353,0.09807979040358576,2942.393712107573,20.700996159826555,15.0,0.0,153,0,39.422796878383735
3354,0.09700256584693676,2910.0769754081025,20.308724545290875,15.0,0.0,154,0,39.422796878383735
3355,0.09593760622199034,2878.12818665971,19.920923704897234,15.0,0.0,155,0,39.422796878383735
3356,0.09488475968610685,2846.5427905832057,19.537538239916522,15.0,0.0,156,0,39.422796878383735
3357,0.09384387641623486,2815.3162924870458,19.15851348699847,15.0,0.0,157,0,39.422796878383735
3358,0.0928148085859994,2784.444257579982,18.78379550984455,15.0,0.0,158,0,39.422796878383735
3359,0.09179741034300641,2753.9223102901924,18.413331090959787,15.0,0.0,159,0,39.422796878383735
3360,0.09079153778636008,2723.7461335908024,18.047067723482307,15.0,0.0,160,0,39.422796878383735
3361,0.0897970489443904,2693.911468331712,17.68495360308963,15.0,0.0,161,0,39.422796878383735
3362,0.08881380375258804,2664.4141125776414,17.326937619980548,15.0,0.0,162,0,39.422796878383735
3363,0.08784166403174369,2635.2499209523107,16.9729693509317,15.0,0.0,163,0,39.422796878383735
3364,0.08688049346628904,2606.4148039886713,16.62299905142773,15.0,0.0,164,0,39.422796878383735
3365,0.08593015758283691,2577.9047274851073,16.276977647864058,15.0,0.0,165,0,39.422796878383735
3366,0.0849905237289176,2549.715711867528,15.934856729821288,15.0,0.0,166,0,39.422796878383735
3367,0.08406146105190916,2521.843831557275,15.596588542410338,15.0,0.0,167,0,39.422796878383735
3368,0.08314284047815867,2494.2852143447603,15.262125978687296,15.0,0.0,168,0,39.422796878383735
3369,0.08223453469229243,2467.036040768773,14.931422572137123,15.0,0.0,169,0,39.422796878383735
3370,0.0813364181167121,2440.0925435013633,14.60443248922528,15.0,0.0,170,0,39.422796878383735
3371,0.08044836689127498,2413.4510067382494,14.281110522016359,15.0,0.0,171,0,39.422796878383735
3372,0.07957025885315538,2387.1077655946615,13.961412080858992,15.0,0.0,172,0,39.422796878383735
3373,0.07870197351688558,2361.0592055065677,13.64529318713594,15.0,0.0,173,0,39.422796878383735
3374,0.07784339205457319,2335.301761637196,13.332710466078812,15.0,0.0,174,0,39.422796878383735
3375,0.0769943972762935,2309.831918288805,13.023621139646352,15.0,0.0,175,0,39.422796878383735
3376,0.07615487361065411,2284.6462083196234,12.71798301946566,15.0,0.0,176,0,39.422796878383735
3377,0.07532470708552995,2259.7412125658984,12.41575449983548,15.0,0.0,177,0,39.422796878383735
3378,0.07450378530896656,2235.113559268997,12.116894550790782,15.0,0.0,178,0,39.422796878383735
3379,0.0736919974502495,2210.759923507485,11.821362711227966,15.0,0.0,179,0,39.422796878383735
3380,0.07288923422113798,2186.6770266341396,11.529119082089823,15.0,0.0,180,0,39.422796878383735
3381,0.07209538785726077,2162.861635717823,11.240124319609674,15.0,0.0,181,0,39.422796878383735
3382,0.07131035209967224,2139.310562990167,10.954339628613877,15.0,0.0,182,0,39.422796878383735
3383,0.07053402217656712,2116.0206652970137,10.671726755882005,15.0,0.0,183,0,39.422796878383735
3384,0.06976629478515158,2092.988843554547,10.392247983564165,15.0,0.0,184,0,39.422796878383735
3385,0.06900706807366923,2070.212042210077,10.115866122654566,15.0,0.0,185,0,39.422796878383735
3386,0.06825624162358021,2047.6872487074063,9.842544506520925,15.0,0.0,186,0,39.422796878383735
3387,0.06751371643189148,2025.4114929567443,9.572246984488878,15.0,0.0,187,0,39.422796878383735
3388,0.06677939489363688,2003.3818468091065,9.30493791548093,15.0,0.0,188,0,39.422796878383735
3389,0.06605318078450517,1981.595423535155,9.040582161709278,15.0,0.0,189,0,39.422796878383735
3390,0.06533497924361445,1960.0493773084336,8.779145082421863,15.0,0.0,190,0,39.422796878383735
3391,0.06462469675643147,1938.740902692944,8.520592527701204,15.0,0.0,191,0,39.422796878383735
3392,0.06392224113783425,1917.6672341350275,8.264890832315327,15.0,0.0,192,0,39.422796878383735
3393,0.06322752151531658,1896.825645459497,8.012006809620331,15.0,0.0,193,0,39.422796878383735
3394,0.06254044831233281,1876.2134493699841,7.761907745513967,15.0,0.0,194,0,39.422796878383735
3395,0.061860933231781746,1855.8279969534524,7.514561392439809,15.0,0.0,195,0,39.422796878383735
3396,0.06118888923962804,1835.6666771888413,7.26993596344143,15.0,0.0,196,0,39.422796878383735
3397,0.06052423054865982,1815.7269164597944,7.028000126266096,15.0,0.0,197,0,39.422796878383735
3398,0.059866872602381285,1796.0061780714386,6.788722997517535,15.0,0.0,198,0,39.422796878383735
3399,0.05921673205903897,1776.5019617711691,6.5520741368572635,15.0,0.0,199,0,39.422796878383735
3400,0.05857372677578034,1757.2118032734102,6.318023541254028,15.0,0.0,200,0,39.422796878383735
3401,0.05793777579294362,1738.1332737883085,6.086541639280924,15.0,0.0,201,0,39.422796878383735
3402,0.05730879931847765,1719.2639795543294,5.857599285459703,15.0,0.0,202,0,39.422796878383735
3403,0.05668671871249052,1700.6015613747156,5.631167754651951,15.0,0.0,203,0,39.422796878383735
3404,0.056071456471926025,1682.1436941577808,5.4072187364965885,15.0,0.0,204,0,39.422796878383735
3405,0.05546293621536673,1663.8880864610019,5.185724329893372,15.0,0.0,205,0,39.422796878383735
3406,0.05486108266796259,1645.8324800388775,4.966657037532023,15.0,0.0,206,0,39.422796878383735
3407,0.054265821646484164,1627.974649394525,4.74998976046653,15.0,0.0,207,0,39.422796878383735
3408,0.05367708004449945,1610.3124013349834,4.535695792734298,15.0,0.0,208,0,39.422796878383735
3409,0.05309478581767313,1592.8435745301938,4.323748816019801,15.0,0.0,209,0,39.422796878383735
3410,0.05251886796918764,1575.566039075629,4.114122894362325,15.0,0.0,210,0,39.422796878383735
3411,0.05194925653528486,1558.4776960585457,3.9067924689075504,15.0,0.0,211,0,39.422796878383735
3412,0.05138588257092768,1541.5764771278305,3.701732352702549,15.0,0.0,212,0,39.422796878383735
3413,0.050828678135580535,1524.860344067416,3.498917725533968,15.0,0.0,213,0,39.422796878383735
3414,0.05027757627910805,1508.3272883732413,3.298324128808993,15.0,0.0,214,0,39.422796878383735
3415,0.04973251102779104,1491.9753308337313,3.099927460478895,15.0,0.0,215,0,39.422796878383735
