tick,basin_frac,basin_level_ml,dc_total_draw_ml,community_received_ml,farm_total_received_ml,community_complaints,active_cap,total_dc_capacity_ml
0,0.801760982334634,24052.82947003902,4.9615212070208,15.0,2.20322130345573,0,0,8.267926006034129
1,0.8035219215353332,24105.657646059997,4.96323594425074,15.0,2.2083565281812363,0,0,8.267926006034129
2,0.8052824402740101,24158.4732082203,4.965929932467038,15.0,2.2164243735962748,0,0,8.267926006034129
3,0.8070421613471693,24211.26484041508,4.969602373382846,15.0,2.227422449024129,0,0,8.267926006034129
4,0.8088007077876811,24264.021233630432,4.9742521787746625,15.0,2.24134749549769,0,0,8.267926006034129
5,0.8105577029764846,24316.731089294535,4.979877970804799,15.0,2.2581953867251636,0,0,8.267926006034129
6,0.8123127707541882,24369.383122625644,4.986478082429664,15.0,2.2779611303127707,0,0,8.267926006034129
7,0.8140655355325341,24421.966065976023,4.994050557893737,15.0,2.300638869244108,0,0,8.267926006034129
8,0.8158156224056927,24474.46867217078,5.002593153309114,15.0,2.326221883615701,0,0,8.267926006034129
9,0.8175626572613556,24526.879717840668,5.012103337320409,15.0,2.354702592628268,0,0,8.267926006034129
10,0.819306266891593,24579.18800674779,5.022578291854851,15.0,2.3860725568330636,0,0,8.267926006034129
11,0.8210460791034432,24631.382373103297,5.034014912957344,15.0,2.4203224806326733,0,0,8.267926006034129
12,0.8227817228292018,24683.451684876054,5.046409811710234,15.0,2.457442215035504,0,0,8.267926006034129
13,0.8245128282363764,24735.384847091293,5.059759315237515,15.0,2.49742076066314,0,0,8.267926006034129
14,0.8262390268372766,24787.170805118298,5.074059467793188,15.0,2.540246271009705,0,0,8.267926006034129
15,0.8279599515982046,24838.79854794614,5.089306031933425,15.0,2.585906055952234,0,0,8.267926006034129
16,0.8296752370482153,24890.25711144646,5.105494489772228,15.0,2.6343865855110287,0,0,8.267926006034129
17,0.8313845193874129,24941.535581622386,5.122620044320161,15.0,2.6856734938588858,0,0,8.267926006034129
18,0.8330874365947528,24992.623097842585,5.1406776209058105,15.0,2.7397515835779993,0,0,8.267926006034129
19,0.8347836285353167,25043.508856059503,5.159661868679523,15.0,2.796604830163286,0,0,8.267926006034129
20,0.8364727370670278,25094.182112010836,5.179567162198967,15.0,2.8562163867707873,0,0,8.267926006034129
21,0.8381544061467764,25144.63218440329,5.200387603096082,15.0,2.918568589209758,0,0,8.267926006034129
22,0.8398282819359225,25194.848458077675,5.222117021824888,15.0,2.9836429611769457,0,0,8.267926006034129
23,0.8414940129051468,25244.820387154403,5.244748979489658,15.0,3.0514202197315172,0,0,8.267926006034129
24,0.8431512499386156,25294.53749815847,5.2682767697528945,15.0,3.1218802810090054,0,0,8.267926006034129
25,0.8447996464374319,25343.989393122956,5.292693420822577,15.0,3.195002266172607,0,0,8.267926006034129
26,0.8464388584223398,25393.165752670193,5.317991697518034,15.0,3.2707645076000116,0,0,8.267926006034129
27,0.848068544635653,25442.05633906959,5.344164103413901,15.0,3.3491445553040027,0,0,8.267926006034129
28,0.8496883666423771,25490.650999271315,5.371202883061464,15.0,3.4301191835848694,0,0,8.267926006034129
29,0.851297988930495,25538.939667914852,5.399100024286769,15.0,3.5136643979126703,0,0,8.267926006034129
30,0.8528970790103864,25586.91237031159,5.4278472605648025,15.0,3.5997554420373494,0,0,8.267926006034129
31,0.8544853075133511,25634.55922540053,5.457436073469037,15.0,3.688366805324536,0,0,8.267926006034129
32,0.856062348289209,25681.87044867627,5.487857695195629,15.0,3.779472230314898,0,0,8.267926006034129
33,0.857627878502945,25728.836355088348,5.519103111161513,15.0,3.8730447205047955,0,0,8.267926006034129
34,0.8591815787303717,25775.447361911152,5.551163062675604,15.0,3.969056548345925,0,0,8.267926006034129
35,0.8607231330527825,25821.693991583474,5.584028049682358,15.0,4.067479263461589,0,0,8.267926006034129
36,0.8622522291505639,25867.566874516917,5.617688333576842,15.0,4.1682837010771685,0,0,8.267926006034129
37,0.8637685583957438,25913.056751872315,5.652133940090488,15.0,4.271439990662256,0,0,8.267926006034129
38,0.8652718159434436,25958.15447830331,5.6873546622466895,15.0,4.376917564781953,0,0,8.267926006034129
39,0.8667617008222112,26002.851024666335,5.723340063385346,15.0,4.484685168154657,0,0,8.267926006034129
40,0.8682379160232044,26047.137480696132,5.760079480255472,15.0,4.594710866913671,0,0,8.267926006034129
41,0.8697001685882021,26091.005057646064,5.797562026174948,15.0,4.706962058069904,0,0,8.267926006034129
42,0.8711481696964133,26134.445090892397,5.835776594256476,15.0,4.821405479172839,0,0,8.267926006034129
43,0.872581634750061,26177.44904250183,5.874711860698796,15.0,4.93800721816691,0,0,8.267926006034129
44,0.8740002834587154,26220.008503761463,5.914356288142173,15.0,5.056732723440383,0,0,8.267926006034129
45,0.8754038399223492,26262.115197670475,5.954698129087154,15.0,5.177546814063737,0,0,8.267926006034129
46,0.8767920327130928,26303.760981392785,5.9957254293756215,15.0,5.300413690214544,0,0,8.267926006034129
47,0.8781645949556649,26344.937848669946,6.037426031733057,15.0,5.425296943785709,0,0,8.267926006034129
48,0.8795212644064526,26385.63793219358,6.079787579371011,15.0,5.552159569174002,0,0,8.267926006034129
49,0.8808617835312202,26425.853505936608,6.12279751964868,15.0,5.680963974245598,0,0,8.267926006034129
50,0.8821858995814226,26465.576987442677,6.166443107792529,15.0,5.811671991475451,0,0,8.267926006034129
51,0.883493364669099,26504.80094007297,6.210711410672842,15.0,5.944244889257142,0,0,8.267926006034129
52,0.884783935840329,26543.51807520987,6.255589310636089,15.0,6.078643383379904,0,0,8.267926006034129
53,0.8860573751472235,26581.721254416705,6.301063509391963,15.0,6.2148276486693685,0,0,8.267926006034129
54,0.8873134497184348,26619.403491553046,6.347120531953964,15.0,6.352757330788638,0,0,8.267926006034129
55,0.8885519318281614,26656.55795484484,6.393746730632311,15.0,6.492391558196129,0,0,8.267926006034129
56,0.8897725989636273,26693.177968908818,6.4409282890780615,15.0,6.633688954256709,0,0,8.267926006034129
57,0.8909752338910182,26729.257016730546,6.488651226377185,15.0,6.776607649502477,0,0,8.267926006034129
58,0.8921596247198522,26764.788741595567,6.536901401193417,15.0,6.921105294039595,0,0,8.267926006034129
59,0.8933255649657675,26799.766948973025,6.585664515958633,15.0,7.067139070097472,0,0,8.267926006034129
60,0.8944728536117083,26834.185608351247,6.634926121109535,15.0,7.214665704716595,0,0,8.267926006034129
61,0.8956012951674901,26868.038855024704,6.6846716193693645,15.0,7.3636414825712375,0,0,8.267926006034129
62,0.8967106997277284,26901.320991831853,6.734886270073391,15.0,7.514022258923266,0,0,8.267926006034129
63,0.897800883028111,26934.02649084333,6.785555193536889,15.0,7.665763472703161,0,0,8.267926006034129
64,0.8988716664999999,26966.149995,6.836663375464314,15.0,7.818820159714436,0,0,8.267926006034129
65,0.8999228773233452,26997.686319700355,6.8881956713983525,15.0,7.973146965957499,0,0,8.267926006034129
66,0.9009543484778946,27028.63045433684,6.940136811207564,15.0,8.12869816106901,0,0,8.267926006034129
67,0.9019659187926865,27058.977563780594,6.99247140361124,15.0,8.28542765187279,0,0,8.267926006034129
68,0.9029574329938069,27088.722989814207,7.045183940740179,15.0,8.443288996038216,0,0,8.267926006034129
69,0.9039287417504015,27117.862252512045,7.098258802731998,15.0,8.602235415842081,0,0,8.267926006034129
70,0.9048797017189252,27146.391051567756,7.151680262359644,15.0,8.762219812029858,0,0,8.267926006034129
71,0.9058101755856179,27174.30526756854,7.205432489691695,15.0,8.923194777772204,0,0,8.267926006034129
72,0.9067200321071938,27201.600963215813,7.259499556783126,15.0,9.085112612712651,0,0,8.267926006034129
73,0.9076091461497309,27228.274384491928,7.313865442395096,15.0,9.247925337102231,0,0,8.267926006034129
74,0.9084773987257522,27254.321961772566,7.368514036742386,15.0,9.411584706016917,0,0,8.267926006034129
75,0.9093246770294828,27279.740310884485,7.423429146267078,15.0,9.57604222365365,0,0,8.267926006034129
76,0.9101508744702776,27304.52623410833,7.478594498437052,15.0,9.741249157700661,0,0,8.267926006034129
77,0.9109558907042061,27328.676721126183,7.533993746567897,15.0,9.90715655377794,0,0,8.267926006034129
78,0.9117396316637866,27352.188949913598,7.589610474666777,15.0,10.073715249943453,0,0,8.267926006034129
79,0.9125020095858601,27375.060287575805,7.64542820229685,15.0,10.240875891260895,0,0,8.267926006034129
80,0.9132429430375971,27397.288291127912,7.701430389460773,15.0,10.408588944424618,0,0,8.267926006034129
81,0.9139623569406271,27418.870708218812,7.757600441501863,15.0,10.576804712437433,0,0,8.267926006034129
82,0.9146601825932864,27439.805477798593,7.813921714021451,15.0,10.745473349336876,0,0,8.267926006034129
83,0.915336357690976,27460.09073072928,7.8703775178109785,15.0,10.914544874965674,0,0,8.267926006034129
84,0.9159908263446233,27479.724790338696,7.926951123797365,15.0,11.083969189781918,0,0,8.267926006034129
85,0.9166235390972436,27498.706172917307,7.9836257680002,15.0,11.25369608970465,0,0,8.267926006034129
86,0.9172344529385953,27517.033588157858,8.040384656499265,15.0,11.423675280990416,0,0,8.267926006034129
87,0.9178235313179247,27534.70593953774,8.097210970410943,15.0,11.593856395136388,0,0,8.267926006034129
88,0.9183907441547966,27551.7223246439,8.154087870872008,15.0,11.764189003805635,0,0,8.267926006034129
89,0.9189360678480082,27568.082035440246,8.210998504029348,15.0,11.934622633770132,0,0,8.267926006034129
90,0.9194594852825819,27583.78455847746,8.267926006034129,15.0,12.105106781867057,0,0,8.267926006034129
91,0.9199609858348379,27598.829575045136,8.324853508038911,15.0,12.275590929963986,0,0,8.267926006034129
92,0.920440565375541,27613.21696126623,8.381764141196252,15.0,12.44602455992848,0,0,8.267926006034129
93,0.9208982262711252,27626.946788133755,8.438641041657316,15.0,12.616357168597727,0,0,8.267926006034129
94,0.921333977382992,27640.019321489763,8.495467355568993,15.0,12.7865382827437,0,0,8.267926006034129
95,0.9217478340648849,27652.43502194655,8.55222624406806,15.0,12.956517474029464,0,0,8.267926006034129
96,0.9221398181583392,27664.19454475018,8.608900888270892,15.0,13.126244373952197,0,0,8.267926006034129
97,0.9225099579862106,27675.298739586317,8.66547449425728,15.0,13.29566868876844,0,0,8.267926006034129
98,0.9228582883442814,27685.74865032844,8.721930298046807,15.0,13.464740214397239,0,0,8.267926006034129
99,0.9231848504909513,27695.54551472854,8.778251570566397,15.0,13.633408851296682,0,0,8.267926006034129
100,0.9234896921350102,27704.690764050305,8.834421622607486,15.0,13.801624619309495,0,0,8.267926006034129
101,0.9237728674215022,27713.186022645066,8.89042380977141,15.0,13.969337672473223,0,0,8.267926006034129
102,0.9240344369156803,27721.033107470408,8.946241537401482,15.0,14.136498313790664,0,0,8.267926006034129
103,0.9242744675850604,27728.23402755181,9.001858265500363,15.0,14.303057009956174,0,0,8.267926006034129
104,0.924493032779577,27734.79098338731,9.057257513631207,15.0,14.468964406033455,0,0,8.267926006034129
105,0.9246902122098478,27740.706366295435,9.11242286580118,15.0,14.634171340080467,0,0,8.267926006034129
106,0.9248660919235543,27745.982757706628,9.167337975325873,15.0,14.798628857717198,0,0,8.267926006034129
107,0.9250207642799433,27750.622928398298,9.221986569673163,15.0,14.962288226631886,0,0,8.267926006034129
108,0.9251543279224597,27754.62983767379,9.276352455285133,15.0,15.125100951021466,0,0,8.267926006034129
109,0.9252668877495157,27758.00663248547,9.330419522376564,15.0,15.287018785961912,0,0,8.267926006034129
110,0.9253585548834073,27760.75664650222,9.384171749708615,15.0,15.447993751704256,0,0,8.267926006034129
111,0.9254294466373865,27762.883399121594,9.43759320933626,15.0,15.607978147892034,0,0,8.267926006034129
112,0.9254796864808986,27764.390594426957,9.49066807132808,15.0,15.766924567695902,0,0,8.267926006034129
113,0.9255094040029958,27765.282120089872,9.543380608457019,15.0,15.924785911861326,0,0,8.267926006034129
114,0.9255187348739367,27765.5620462181,9.595715200860695,15.0,16.081515402665104,0,0,8.267926006034129
115,0.9255078208049851,27765.23462414955,9.647656340669906,15.0,16.237066597776618,0,0,8.267926006034129
116,0.9254768095064172,27764.304285192517,9.699188636603946,15.0,16.391393404019677,0,0,8.267926006034129
117,0.9254258546437522,27762.775639312564,9.750296818531368,15.0,16.544450091030956,0,0,8.267926006034129
118,0.9253551157922174,27760.65347376652,9.800965741994869,15.0,16.696191304810853,0,0,8.267926006034129
119,0.9252647583894633,27757.9427516839,9.851180392698895,15.0,16.846572081162876,0,0,8.267926006034129
120,0.9251549536865403,27754.64861059621,9.900925890958725,15.0,16.99554785901752,0,0,8.267926006034129
121,0.9250258786971539,27750.776360914617,9.950187496109624,15.0,17.143074493636647,0,0,8.267926006034129
122,0.924877716145211,27746.331484356328,9.998950610874843,15.0,17.289108269694523,0,0,8.267926006034129
123,0.9247106544106753,27741.31963232026,10.047200785691073,15.0,17.43360591423164,0,0,8.267926006034129
124,0.9245248874737465,27735.746624212396,10.094923722990197,15.0,17.576524609477406,0,0,8.267926006034129
125,0.9243206148573792,27729.618445721375,10.142105281435947,15.0,17.717822005537986,0,0,8.267926006034129
126,0.92409804156816,27722.9412470448,10.188731480114296,15.0,17.857456232945477,0,0,8.267926006034129
127,0.9238573780355601,27715.721341066805,10.234788502676297,15.0,17.995385915064745,0,0,8.267926006034129
128,0.9235988400495804,27707.965201487412,10.28026270143217,15.0,18.13157018035421,0,0,8.267926006034129
129,0.9233226486968076,27699.679460904226,10.325140601395418,15.0,18.265968674476973,0,0,8.267926006034129
130,0.9230290302949024,27690.87090884707,10.36940890427573,15.0,18.398541572258665,0,0,8.267926006034129
131,0.922718216325536,27681.54648976608,10.41305449241958,15.0,18.529249589488515,0,0,8.267926006034129
132,0.9223904433657976,27671.713300973926,10.456064432697248,15.0,18.658053994560113,0,0,8.267926006034129
133,0.922045953018091,27661.37859054273,10.4984259803352,15.0,18.784916619948408,0,0,8.267926006034129
134,0.921684991838543,27650.54975515629,10.540126582692636,15.0,18.90979987351957,0,0,8.267926006034129
135,0.9213078112639435,27639.234337918304,10.581153882981106,15.0,19.032666749670376,0,0,8.267926006034129
136,0.9209146675372387,27627.44002611716,10.621495723926085,15.0,19.15348084029373,0,0,8.267926006034129
137,0.9205058216316017,27615.17464894805,10.661140151369462,15.0,19.272206345567206,0,0,8.267926006034129
138,0.9200815391731,27602.446175193,10.700075417811783,15.0,19.388808084561276,0,0,8.267926006034129
139,0.9196420903619849,27589.262710859544,10.738289985893312,15.0,19.50325150566421,0,0,8.267926006034129
140,0.919187749892625,27575.632496778748,10.775772531812787,15.0,19.615502696820446,0,0,8.267926006034129
141,0.9187187968721091,27561.563906163272,10.812511948682912,15.0,19.725528395579456,0,0,8.267926006034129
142,0.9182355147375401,27547.0654421262,10.84849734982157,15.0,19.833295998952163,0,0,8.267926006034129
143,0.9177381911720462,27532.145735161386,10.883718071977771,15.0,19.93877357307186,0,0,8.267926006034129
144,0.9172271180195354,27516.813540586063,10.918163678491418,15.0,20.04192986265695,0,0,8.267926006034129
145,0.9167025911982146,27501.077735946437,10.951823962385902,15.0,20.142734300272526,0,0,8.267926006034129
146,0.9161649106129031,27484.94731838709,10.984688949392655,15.0,20.24115701538819,0,0,8.267926006034129
147,0.9156143800661645,27468.431401984933,11.016748900906746,15.0,20.33716884322932,0,0,8.267926006034129
148,0.9150513071682831,27451.53921504849,11.047994316872629,15.0,20.430741333419217,0,0,8.267926006034129
149,0.9144760032461129,27434.280097383387,11.078415938599223,15.0,20.52184675840958,0,0,8.267926006034129
150,0.913888783250824,27416.66349752472,11.108004751503456,15.0,20.610458121696766,0,0,8.267926006034129
151,0.9132899656645764,27398.698969937293,11.136751987781489,15.0,20.696549165821445,0,0,8.267926006034129
152,0.9126798724061463,27380.39617218439,11.164649129006794,15.0,20.780094380149247,0,0,8.267926006034129
153,0.9120588287355352,27361.76486206606,11.191687908654359,15.0,20.861069008430114,0,0,8.267926006034129
154,0.9114271631575881,27342.814894727642,11.217860314550226,15.0,20.9394490561341,0,0,8.267926006034129
155,0.9107852073246498,27323.556219739494,11.243158591245681,15.0,21.015211297561507,0,0,8.267926006034129
156,0.9101332959382905,27303.998878148715,11.267575242315363,15.0,21.08833328272511,0,0,8.267926006034129
157,0.9094717666501254,27284.152999503764,11.2911030325786,15.0,21.1587933440026,0,0,8.267926006034129
158,0.9088009599617616,27264.028798852847,11.313734990243372,15.0,21.226570602557167,0,0,8.267926006034129
159,0.9081212191239,27243.636573716998,11.335464408972177,15.0,21.29164497452436,0,0,8.267926006034129
160,0.9074328900346227,27222.98670103868,11.356284849869294,15.0,21.353997176963325,0,0,8.267926006034129
161,0.9067363211368965,27202.089634106895,11.376190143388737,15.0,21.41360873357083,0,0,8.267926006034129
162,0.9060318633153209,27180.955899459626,11.395174391162449,15.0,21.470461980156117,0,0,8.267926006034129
163,0.9053198697921538,27159.596093764616,11.413231967748098,15.0,21.52454006987523,0,0,8.267926006034129
164,0.9046006960226446,27138.020880679338,11.430357522296031,15.0,21.575826978223084,0,0,8.267926006034129
165,0.903874699589704,27116.24098769112,11.446545980134834,15.0,21.62430750778188,0,0,8.267926006034129
166,0.9031422400979453,27094.267202938358,11.46179254427507,15.0,21.669967292724408,0,0,8.267926006034129
167,0.9024036790671257,27072.110372013773,11.476092696830744,15.0,21.712792803070975,0,0,8.267926006034129
168,0.9016593798250204,27049.78139475061,11.489442200358026,15.0,21.75277134869861,0,0,8.267926006034129
169,0.9009097073997598,27027.291221992797,11.501837099110915,15.0,21.78989108310144,0,0,8.267926006034129
170,0.9001550284116653,27004.650852349958,11.513273720213409,15.0,21.82414100690105,0,0,8.267926006034129
171,0.8993957109646098,26981.871328938294,11.52374867474785,15.0,21.855510971105847,0,0,8.267926006034129
172,0.8986321245369426,26958.96373610828,11.533258858759144,15.0,21.883991680118413,0,0,8.267926006034129
173,0.8978646398720038,26935.939196160114,11.541801454174522,15.0,21.909574694490004,0,0,8.267926006034129
174,0.8970936288682653,26912.80886604796,11.549373929638595,15.0,21.932252433421343,0,0,8.267926006034129
175,0.8963194644691291,26889.583934073875,11.55597404126346,15.0,21.952018177008952,0,0,8.267926006034129
176,0.8955425205524169,26866.275616572508,11.561599833293597,15.0,21.96886606823643,0,0,8.267926006034129
177,0.894763171819581,26842.89515458743,11.566249638685413,15.0,21.982791114709986,0,0,8.267926006034129
178,0.8939817936846725,26819.453810540173,11.569922079601222,15.0,21.99378919013784,0,0,8.267926006034129
179,0.8931987621630983,26795.96286489295,11.57261606781752,15.0,22.00185703555288,0,0,8.267926006034129
180,0.8924144537601997,26772.43361280599,11.57433080504746,15.0,22.006992260278384,0,0,8.267926006034129
181,0.891629245359685,26748.87736079055,11.57506578317739,15.0,22.00919334263645,0,0,8.267926006034129
182,0.8908435141119516,26725.30542335855,11.574820784417433,15.0,22.00845963039886,0,0,8.267926006034129
183,0.8900576373223278,26701.729119669835,11.573595881366007,15.0,22.004791340980397,0,0,8.267926006034129
184,0.8892719923392689,26678.159770178067,11.57139143698832,15.0,21.99818956137437,0,0,8.267926006034129
185,0.888486956442541,26654.60869327623,11.568208104508818,15.0,21.98865624783057,0,0,8.267926006034129
186,0.8877029067314248,26631.087201942744,11.564046827217618,15.0,21.976194225275535,0,0,8.267926006034129
187,0.8869202200129729,26607.606600389186,11.558908838190986,15.0,21.9608071864755,0,0,8.267926006034129
188,0.8861392726903538,26584.178180710613,11.55279565992596,15.0,21.942499690942142,0,0,8.267926006034129
189,0.8853604406513154,26560.81321953946,11.545709103889193,15.0,21.921277163581507,0,0,8.267926006034129
190,0.8845840991568016,26537.522974704047,11.53765126998018,15.0,21.897145893086453,0,0,8.267926006034129
191,0.8838106227297539,26514.318681892615,11.528624545909008,15.0,21.870113030073234,0,0,8.267926006034129
192,0.8830403850441325,26491.211551323977,11.518631606488832,15.0,21.84018658496258,0,0,8.267926006034129
193,0.8822737588141892,26468.212764425676,11.507675412843268,15.0,21.80737542560604,0,0,8.267926006034129
194,0.8815111156840229,26445.333470520687,11.495759211528949,15.0,21.77168927465825,0,0,8.267926006034129
195,0.8807528261174542,26422.584783523627,11.482886533573495,15.0,21.733138706695915,0,0,8.267926006034129
196,0.8799992592882491,26399.977778647473,11.469061193429201,15.0,21.6917351450843,0,0,8.267926006034129
197,0.8792507829707242,26377.523489121726,11.454287287842726,15.0,21.647490858592285,0,0,8.267926006034129
198,0.878507763430768,26355.23290292304,11.438569194641145,15.0,21.600418957756816,0,0,8.267926006034129
199,0.8777705653173078,26333.116959519233,11.421911571434695,15.0,21.550533390998012,0,0,8.267926006034129
200,0.8770395515542567,26311.1865466277,11.404319354236629,15.0,21.497848940485916,0,0,8.267926006034129
201,0.8763150832329715,26289.452496989143,11.385797756000581,15.0,21.44238121776025,0,0,8.267926006034129
202,0.8755975195052528,26267.925585157584,11.366352265075836,15.0,21.38414665910434,0,0,8.267926006034129
203,0.8748872174769216,26246.616524307647,11.34598864358102,15.0,21.32316252067472,0,0,8.267926006034129
204,0.8741845321020004,26225.535963060014,11.324712925696668,15.0,21.259446873387766,0,0,8.267926006034129
205,0.8734898160775333,26204.694482326,11.302531415877153,15.0,21.19301859756484,0,0,8.267926006034129
206,0.8728034197390733,26184.1025921722,11.279450686982553,15.0,21.123897377337727,0,0,8.267926006034129
207,0.8721256909568712,26163.770728706135,11.255477578330964,15.0,21.052103694815735,0,0,8.267926006034129
208,0.8714569750327937,26143.70925098381,11.230619193671858,15.0,20.97765882401643,0,0,8.267926006034129
209,0.8707976145980034,26123.928437940103,11.204882899081099,15.0,20.900584824561676,0,0,8.267926006034129
210,0.8701479495114293,26104.43848534288,11.178276320778213,15.0,20.820904535140915,0,0,8.267926006034129
211,0.8695083167590594,26085.24950277178,11.15080734286656,15.0,20.73864156674353,0,0,8.267926006034129
212,0.8688790503540845,26066.371510622535,11.122484104997131,15.0,20.65382029566245,0,0,8.267926006034129
213,0.8682604812379233,26047.8144371377,11.093314999956569,15.0,20.566465856270884,0,0,8.267926006034129
214,0.8676529371821567,26029.588115464703,11.06330867118022,15.0,20.47660413357449,0,0,8.267926006034129
215,0.8670567426914025,26011.702280742076,11.032474010190889,15.0,20.38426175554107,0,0,8.267926006034129
216,0.8664722189071571,25994.166567214714,11.000820153964094,15.0,20.289466085210154,0,0,8.267926006034129
217,0.8658996835126349,25976.990505379046,10.96835648222058,15.0,20.192245212584716,0,0,8.267926006034129
218,0.8653394506386316,25960.18351915895,10.935092614646909,15.0,20.092627946307516,0,0,8.267926006034129
219,0.8647918307704408,25943.75492311322,10.901038408044936,15.0,19.99064380512447,0,0,8.267926006034129
220,0.8642571306558496,25927.71391967549,10.866203953411029,15.0,19.886323009137598,0,0,8.267926006034129
221,0.8637356532142442,25912.069596427325,10.830599572945884,15.0,19.77969647085019,0,0,8.267926006034129
222,0.8632276974468468,25896.830923405403,10.794235816995837,15.0,19.670795786006728,0,0,8.267926006034129
223,0.8627335583481158,25882.006750443474,10.757123460926568,15.0,19.559653224230395,0,0,8.267926006034129
224,0.8622535268183328,25867.605804549985,10.719273501930138,15.0,19.4463017194609,0,0,8.267926006034129
225,0.8617878895774019,25853.636687322058,10.680697155766257,15.0,19.330774860195433,0,0,8.267926006034129
226,0.861336929079889,25840.10787239667,10.641405853438847,15.0,19.213106879535673,0,0,8.267926006034129
227,0.860900923431324,25827.02770293972,10.601411237808762,15.0,19.093332645043766,0,0,8.267926006034129
228,0.8604801463057923,25814.404389173767,10.560725160143766,15.0,18.97148764841033,0,0,8.267926006034129
229,0.8600748668648394,25802.24600594518,10.519359676606747,15.0,18.847607994937505,0,0,8.267926006034129
230,0.8596853496777122,25790.560490331365,10.47732704468322,15.0,18.72173039284015,0,0,8.267926006034129
231,0.8593118546429619,25779.355639288857,10.434639719549162,15.0,18.593892142368432,0,0,8.267926006034129
232,0.85895463691143,25768.6391073429,10.391310350380278,15.0,18.464131124754942,0,0,8.267926006034129
233,0.8586139468106417,25758.41840431925,10.347351776603777,15.0,18.332485790989665,0,0,8.267926006034129
234,0.8582900297706285,25748.700893118854,10.302777024093771,15.0,18.198995150426143,0,0,8.267926006034129
235,0.8579831262512021,25739.493787536063,10.257599301311433,15.0,18.06369875922213,0,0,8.267926006034129
236,0.8576934716707011,25730.804150121032,10.211831995391037,15.0,17.926636708618283,0,0,8.267926006034129
237,0.8574212963362308,25722.638890086924,10.165488668173069,15.0,17.78784961305823,0,0,8.267926006034129
238,0.8571668253754188,25715.004761262564,10.118583052185553,15.0,17.647378598153665,0,0,8.267926006034129
239,0.856930278669705,25707.908360091147,10.07112904657481,15.0,17.505265288497913,0,0,8.267926006034129
240,0.856711870789185,25701.35612367555,10.023140712986848,15.0,17.36155179533168,0,0,8.267926006034129
241,0.8565118109290297,25695.354327870893,9.97463227140058,15.0,17.21628070406458,0,0,8.267926006034129
242,0.8563303028474956,25689.909085424868,9.925618095914144,15.0,17.06949506165617,0,0,8.267926006034129
243,0.856167544805546,25685.02634416638,9.876112710485552,15.0,16.921238363860176,0,0,8.267926006034129
244,0.8560237295081039,25680.711885243116,9.82613078462892,15.0,16.771554542335814,0,0,8.267926006034129
245,0.8558990440469474,25676.971321408422,9.775687129067578,15.0,16.62048795162983,0,0,8.267926006034129
246,0.8557936698452716,25673.81009535815,9.724796691345329,15.0,16.46808335603334,0,0,8.267926006034129
247,0.8557077826039289,25671.233478117865,9.673474551397177,15.0,16.31438591631718,0,0,8.267926006034129
248,0.8556415522493641,25669.246567480925,9.621735917080814,15.0,16.159441176349787,0,0,8.267926006034129
249,0.8555951428832631,25667.85428649789,9.569596119670198,15.0,16.00329504960162,0,0,8.267926006034129
250,0.8555687127339242,25667.061382017728,9.517070609312569,15.0,15.84599380553992,0,0,8.267926006034129
251,0.8555624141093737,25666.872423281213,9.464174950450237,15.0,15.687584055918158,0,0,8.267926006034129
252,0.8555763933522318,25667.291800566953,9.410924817208512,15.0,15.528112740963902,0,0,8.267926006034129
253,0.8556107907963488,25668.323723890466,9.3573359887511,15.0,15.367627115469446,0,0,8.267926006034129
254,0.8556657407252221,25669.972221756663,9.303424344604418,15.0,15.206174734789188,0,0,8.267926006034129
255,0.8557413713322037,25672.24113996611,9.249205859952129,15.0,15.043803440747954,0,0,8.267926006034129
256,0.8558378046825145,25675.134140475435,9.19469660090137,15.0,14.880561347464415,0,0,8.267926006034129
257,0.8559551566770737,25678.65470031221,9.139912719722005,15.0,14.71649682709388,0,0,8.267926006034129
258,0.8560935370181548,25682.806110544643,9.084870450060365,15.0,14.551658495494536,0,0,8.267926006034129
259,0.8562530491768781,25687.59147530634,9.02958610212885,15.0,14.38609519782153,0,0,8.267926006034129
260,0.8564337903625503,25693.01371087651,8.97407605787289,15.0,14.219855994053118,0,0,8.267926006034129
261,0.8566358514938597,25699.07554481579,8.918356766116608,15.0,14.052990144453107,0,0,8.267926006034129
262,0.8568593171719341,25705.77951515802,8.862444737688666,15.0,13.885547094973994,0,0,8.267926006034129
263,0.8571042656552723,25713.12796965817,8.80635654052977,15.0,13.717576462605063,0,0,8.267926006034129
264,0.8573707688365545,25721.123065096635,8.75010879478322,15.0,13.54912802066978,0,0,8.267926006034129
265,0.8576588922213384,25729.76676664015,8.693718167870006,15.0,13.38025168407691,0,0,8.267926006034129
266,0.8579686949086488,25739.060847259465,8.637201369549894,15.0,13.210997494529636,0,0,8.267926006034129
267,0.8583002295734655,25749.006887203966,8.580575146969954,15.0,13.041415605697114,0,0,8.267926006034129
268,0.8586535424511142,25759.606273533427,8.523856279702036,15.0,12.8715562683529,0,0,8.267926006034129
269,0.8590286733235661,25770.860199706985,8.467061574770604,15.0,12.701469815484504,0,0,8.267926006034129
270,0.8594256555076499,25782.769665229498,8.410207861672456,15.0,12.531206647378681,0,0,12.267926006034129
271,0.8597098055283667,25791.294165851003,12.394621491753204,15.0,12.36081721668672,0,0,12.267926006034129
272,0.8600167720050175,25800.503160150525,12.310162006419969,15.0,12.190352013474236,0,0,12.267926006034129
273,0.8603465689434683,25810.39706830405,12.225690005648294,15.0,12.019861550259886,0,0,12.267926006034129
274,0.8606992035844264,25820.97610753279,12.141230520315059,15.0,11.849396347047403,0,0,12.267926006034129
275,0.861074676401295,25832.24029203885,12.056808577588553,15.0,11.679006916355435,0,0,12.267926006034129
276,0.8614729811000327,25844.18943300098,11.972449193512386,15.0,11.508743748249612,0,0,12.267926006034129
277,0.8618941046210191,25856.823138630574,11.888177365592679,15.0,11.338657295381212,0,0,12.267926006034129
278,0.8623380271429243,25870.14081428773,11.804018065390785,15.0,11.168797958036999,0,0,12.267926006034129
279,0.8628047220885819,25884.141662657457,11.719996231123655,15.0,10.999216069204486,0,0,12.267926006034129
280,0.8632941561328653,25898.82468398596,11.636136760274125,15.0,10.829961879657212,0,0,12.267926006034129
281,0.8638062892125622,25914.188676376867,11.552464502213242,15.0,10.661085543064342,0,0,12.267926006034129
282,0.8643410745382462,25930.232236147385,11.469004250836864,15.0,10.49263710112906,0,0,12.267926006034129
283,0.8648984586081412,25946.953758244235,11.385780737218695,15.0,10.324666468760123,0,0,12.267926006034129
284,0.865478381223976,25964.35143671928,11.30281862228193,15.0,10.157223419281012,0,0,12.267926006034129
285,0.8660807755088216,25982.423265264646,11.220142489491694,15.0,9.990357569681002,0,0,12.267926006034129
286,0.8667055679269081,26001.167037807245,11.137776837570431,15.0,9.824118365912588,0,0,12.267926006034129
287,0.8673526783054161,26020.580349162483,11.055746073238401,15.0,9.658555068239583,0,0,12.267926006034129
288,0.8680220198582321,26040.660595746966,10.974074503981441,15.0,9.493716736640232,0,0,12.267926006034129
289,0.8687134992116665,26061.404976349997,10.892786330848143,15.0,9.3296522162697,0,0,12.267926006034129
290,0.8694270164321213,26082.81049296364,10.811905641278546,15.0,9.16641012298617,0,0,12.267926006034129
291,0.8701624650557027,26104.87395167108,10.731456401966522,15.0,9.004038828944928,0,0,12.267926006034129
292,0.8709197321197691,26127.591963593073,10.651462451757912,15.0,8.842586448264672,0,0,12.267926006034129
293,0.8716986981964041,26150.960945892122,10.571947494586574,15.0,8.682100822770217,0,0,12.267926006034129
294,0.8724992374278054,26174.977122834163,10.492935092450393,15.0,8.52262950781596,0,0,12.267926006034129
295,0.8733212175635797,26199.63652690739,10.414448658429349,15.0,8.364219758194197,0,0,12.267926006034129
296,0.8741644999999307,26224.93499999792,10.336511449747716,15.0,8.206918514132502,0,0,12.267926006034129
297,0.8750289398207306,26250.86819462192,10.259146560882451,15.0,8.050772387384331,0,0,12.267926006034129
298,0.8759143858404624,26277.431575213872,10.182376916719793,15.0,7.895827647416942,0,0,12.267926006034129
299,0.8768206806490185,26304.620419470557,10.106225265762138,15.0,7.742130207700777,0,0,12.267926006034129
300,0.8777476606583458,26332.429819750374,10.030714173387146,15.0,7.589725612104285,0,0,12.267926006034129
301,0.8786951561509193,26360.854684527578,9.955866015161156,15.0,7.438659021398303,0,0,12.267926006034129
302,0.8796629913300336,26389.889739901006,9.881702970208803,15.0,7.288975199873937,0,0,12.267926006034129
303,0.8806509843718952,26419.529531156855,9.808247014640875,15.0,7.140718502077949,0,0,12.267926006034129
304,0.8816589474795012,26449.768424385038,9.735519915042318,15.0,6.9939328596695365,0,0,12.267926006034129
305,0.8826866869382871,26480.600608148612,9.66354322202232,15.0,6.848661768402437,0,0,12.267926006034129
306,0.8837340031735282,26512.020095205848,9.59233826382841,15.0,6.7049482752362035,0,0,12.267926006034129
307,0.8848006908094794,26544.020724284383,9.521926140026427,15.0,6.562834965580452,0,0,12.267926006034129
308,0.8858865387302305,26576.596161906913,9.452327715248272,15.0,6.422363950675884,0,0,12.267926006034129
309,0.8869913301422659,26609.73990426798,9.383563613009262,15.0,6.283576855115827,0,0,12.267926006034129
310,0.8881148426387049,26643.445279161147,9.31565420959695,15.0,6.14651480451198,0,0,12.267926006034129
311,0.889256848265205,26677.705447956152,9.248619628033163,15.0,6.011218413307972,0,0,12.267926006034129
312,0.8904171135875105,26712.513407625316,9.182479732111148,15.0,5.877727772744448,0,0,12.267926006034129
313,0.8915953997606235,26747.861992818707,9.11725412050948,15.0,5.746082438979174,0,0,12.267926006034129
314,0.8927914625995793,26783.74387798738,9.05296212098456,15.0,5.616321421365685,0,0,12.267926006034129
315,0.8940050526518033,26820.151579554098,8.989622784643386,15.0,5.488483170893968,0,0,12.267926006034129
316,0.8952359152710293,26857.07745813088,8.927254880298287,15.0,5.362605568796615,0,0,12.267926006034129
317,0.8964837906927569,26894.513720782707,8.865876888905332,15.0,5.238725915323789,0,0,12.267926006034129
318,0.8977484141112251,26932.452423336752,8.805506998088013,15.0,5.116880918690356,0,0,12.267926006034129
319,0.8990295157578799,26970.885472736398,8.746163096747875,15.0,4.997106684198448,0,0,12.267926006034129
320,0.9003268209813129,27009.804629439386,8.68786276976362,15.0,4.87943870353868,0,0,12.267926006034129
321,0.9016400503286459,27049.201509859377,8.63062329278037,15.0,4.763911844273215,0,0,12.267926006034129
322,0.9029689196283393,27089.06758885018,8.574461627090477,15.0,4.650560339503722,0,0,12.267926006034129
323,0.9043131400743981,27129.394202231942,8.519394414607554,15.0,4.539417777727387,0,0,12.267926006034129
324,0.9056724183119512,27170.172549358536,8.465437972935113,15.0,4.4305170928839255,0,0,12.267926006034129
325,0.9070464565241791,27211.393695725375,8.412608290531287,15.0,4.323890554596517,0,0,12.267926006034129
326,0.908434952520563,27253.048575616893,8.360921021971139,15.0,4.219569758609652,0,0,12.267926006034129
327,0.909837599826431,27295.12799479293,8.31039148330784,15.0,4.117585617426601,0,0,12.267926006034129
328,0.9112540877737723,27337.622633213166,8.261034647534215,15.0,4.017968351149403,0,0,12.267926006034129
329,0.9126841015932955,27380.523047798866,8.212865140145912,15.0,3.920747478523963,0,0,12.267926006034129
330,0.9141273225077017,27423.81967523105,8.165897234807554,15.0,3.825951808193051,0,0,12.267926006034129
331,0.9155834278261442,27467.502834784325,8.120144849123136,15.0,3.733609430159626,0,0,12.267926006034129
332,0.9170520910398499,27511.562731195496,8.075621540511966,15.0,3.6437477074632323,0,0,12.267926006034129
333,0.9185329819188698,27555.989457566095,8.03234050219127,15.0,3.556393268071664,0,0,12.267926006034129
334,0.9200257666099341,27600.772998298024,7.990314559266784,15.0,3.4715719969905843,0,0,12.267926006034129
335,0.9215301077353798,27645.903232061395,7.949556164932389,15.0,3.3893090285932024,0,0,12.267926006034129
336,0.9230456644931229,27691.369934793685,7.91007739677997,15.0,3.3096287391724406,0,0,12.267926006034129
337,0.9245720927576452,27737.162782729356,7.871889953220546,15.0,3.232554739717687,0,0,12.267926006034129
338,0.9261090451819668,27783.271355459005,7.835005150017802,15.0,3.1581098689183826,0,0,12.267926006034129
339,0.9276561713005721,27829.68513901716,7.7994339169349605,15.0,3.086316186396388,0,0,12.267926006034129
340,0.92921311763326,27876.3935289978,7.765186794496078,15.0,3.0171949661692787,0,0,12.267926006034129
341,0.9307795277898885,27923.385833696655,7.732273930862642,15.0,2.950766690346355,0,0,12.267926006034129
342,0.93235504257598,27970.6512772794,7.700705078826472,15.0,2.887051043059394,0,0,12.267926006034129
343,0.9339393000991589,28018.179002974768,7.670489592919732,15.0,2.8260669046297746,0,0,12.267926006034129
344,0.9355319358763877,28065.95807629163,7.641636426643005,15.0,2.7678323459738667,0,0,12.267926006034129
345,0.9371325829419714,28113.977488259145,7.614154129812154,15.0,2.712364623248197,0,0,12.267926006034129
346,0.9387408719562977,28162.226158688933,7.588050846024854,15.0,2.659680172736106,0,0,12.267926006034129
347,0.9403564313152797,28210.69293945839,7.5633343102474395,15.0,2.609794605977301,0,0,12.267926006034129
348,0.9419788872604702,28259.366617814107,7.540011846522894,15.0,2.5627227051418355,0,0,12.267926006034129
349,0.9436078639898152,28308.235919694456,7.518090365800553,15.0,2.518478418649815,0,0,12.267926006034129
350,0.9452429837690112,28357.289513070336,7.497576363888266,15.0,2.477074857038202,0,0,12.267926006034129
351,0.9468838670434369,28406.516011303105,7.478475919527521,15.0,2.438524289075864,0,0,12.267926006034129
352,0.9485301325506224,28455.90397651867,7.4607946925922075,15.0,2.4028381381280743,0,0,12.267926006034129
353,0.9501813974332267,28505.4419229968,7.444537922411456,15.0,2.370026978771533,0,0,12.267926006034129
354,0.9518372773524854,28555.118320574562,7.429710426217125,15.0,2.3401005336608787,0,0,12.267926006034129
355,0.9534973866020996,28604.92159806299,7.416316597716337,15.0,2.313067670647663,0,0,12.267926006034129
356,0.9551613382225284,28654.84014667585,7.404360405789539,15.0,2.288936400152613,0,0,12.267926006034129
357,0.9568287441156532,28704.862323469595,7.393845393314436,15.0,2.267713872791971,0,0,12.267926006034129
358,0.9584992151597802,28754.976454793406,7.384774676116158,15.0,2.2494063772586195,0,0,12.267926006034129
359,0.9601723613249451,28805.170839748353,7.377150942043971,15.0,2.234019338458585,0,0,12.267926006034129
360,0.9618477917884874,28855.433753654623,7.370976450174814,15.0,2.2215573159035475,0,0,12.267926006034129
361,0.96352511505086,28905.7534515258,7.366253030143885,15.0,2.2120240023597444,0,0,12.267926006034129
362,0.9652039390516384,28956.11817154915,7.362982081602481,15.0,2.2054222227537217,0,0,12.267926006034129
363,0.9668838712856967,29006.516138570903,7.3611645738032445,15.0,2.2017539333352545,0,0,12.267926006034129
364,0.9685645189195161,29056.935567585482,7.360801045312964,15.0,2.201020221097667,0,0,12.267926006034129
365,0.970245488907589,29107.36466722767,7.361891603852975,15.0,2.20322130345573,0,0,12.267926006034129
366,0.9719263881088877,29157.791643266628,7.364435926267245,15.0,2.2083565281812363,0,0,12.267926006034129
367,0.9736068234033594,29208.204702100782,7.3684332586181345,15.0,2.2164243735962748,0,0,12.267926006034129
368,0.9752864018084177,29258.59205425253,7.3738824164097965,15.0,2.227422449024129,0,0,12.267926006034129
369,0.9769647305953907,29308.94191786172,7.380781784939176,15.0,2.2413474954976884,0,0,12.267926006034129
370,0.9786414174058952,29359.242522176854,7.389129319774475,15.0,2.2581953867251636,0,0,12.267926006034129
371,0.9803160703681011,29409.48211104303,7.398922547360972,15.0,2.2779611303127707,0,0,12.267926006034129
372,0.9819882982128517,29459.64894638555,7.410158565753973,15.0,2.300638869244108,0,0,12.267926006034129
373,0.9836577103896047,29509.73131168814,7.422834045478735,15.0,2.326221883615701,0,0,12.267926006034129
374,0.9853239171821611,29559.717515464832,7.436945230517061,15.0,2.354702592628267,0,0,12.267926006034129
375,0.9869865298241463,29609.59589472439,7.4524879394202745,15.0,2.3860725568330636,0,0,12.267926006034129
376,0.98864516061421,29659.3548184263,7.469457566548293,15.0,2.4203224806326733,0,0,12.267926006034129
377,0.9902994230309111,29708.982690927332,7.48784908343436,15.0,2.4574422150355026,0,0,12.267926006034129
378,0.9919489318472511,29758.46795541753,7.507657040275103,15.0,2.49742076066314,0,0,12.267926006034129
379,0.9935933032448262,29807.799097344785,7.52887556754542,15.0,2.5402462710097042,0,0,12.267926006034129
380,0.9952321549275607,29856.96464782682,7.551498377737744,15.0,2.585906055952234,0,0,12.267926006034129
381,0.9968651062349896,29905.953187049687,7.575518767225179,15.0,2.6343865855110273,0,0,12.267926006034129
382,0.9984917782550561,29954.753347651684,7.600929618247914,15.0,2.685673493858885,0,0,12.267926006034129
383,1.0,30000.0,7.627723401022381,15.0,2.7397515835779966,0,0,12.267926006034129
384,1.0,30000.0,7.655892175972491,15.0,2.7966048301632878,0,0,12.267926006034129
385,1.0,30000.0,7.685427596082286,15.0,2.8562163867707873,0,0,12.267926006034129
386,1.0,30000.0,7.716320909369367,15.0,2.918568589209759,0,0,12.267926006034129
387,1.0,30000.0,7.748562961478271,15.0,2.9836429611769457,0,0,12.267926006034129
388,1.0,30000.0,7.782144198393123,15.0,3.0514202197315172,0,0,12.267926006034129
389,1.0,30000.0,7.817054669268677,15.0,3.1218802810090027,0,0,12.267926006034129
390,1.0,30000.0,7.853284029378987,15.0,3.1950022661726054,0,0,12.267926006034129
391,1.0,30000.0,7.890821543182755,15.0,3.270764507600009,0,0,12.267926006034129
392,1.0,30000.0,7.929656087504519,15.0,3.3491445553040027,0,0,12.267926006034129
393,1.0,30000.0,7.969776154830673,15.0,3.4301191835848632,0,0,12.267926006034129
394,1.0,30000.0,8.011169856719413,15.0,3.5136643979126676,0,0,12.267926006034129
395,1.0,30000.0,8.053824927323516,15.0,3.5997554420373494,0,0,12.267926006034129
396,1.0,30000.0,8.097728727024991,15.0,3.6883668053245375,0,0,12.267926006034129
397,1.0,30000.0,8.142868246180463,15.0,3.7794722303148967,0,0,12.267926006034129
398,1.0,30000.0,8.18923010897622,15.0,3.8730447205047955,0,0,12.267926006034129
399,1.0,30000.0,8.23680057739174,15.0,3.969056548345921,0,0,12.267926006034129
400,1.0,30000.0,8.28556555527058,15.0,4.067479263461589,0,0,12.267926006034129
401,1.0,30000.0,8.335510592497359,15.0,4.168283701077165,0,0,12.267926006034129
402,1.0,30000.0,8.386620889279644,15.0,4.2714399906622535,0,0,12.267926006034129
403,1.0,30000.0,8.438881300533446,15.0,4.376917564781948,0,0,12.267926006034129
404,1.0,30000.0,8.492276340371044,15.0,4.484685168154654,0,0,12.267926006034129
405,1.0,30000.0,8.54679018668977,15.0,4.594710866913671,0,0,12.267926006034129
406,1.0,30000.0,8.602406685860458,15.0,4.706962058069906,0,0,12.267926006034129
407,1.0,30000.0,8.659109357514097,15.0,4.821405479172837,0,0,12.267926006034129
408,1.0,30000.0,8.716881399425336,15.0,4.938007218166911,0,0,12.267926006034129
409,1.0,30000.0,8.775705692491332,15.0,5.05673272344038,0,0,12.267926006034129
410,1.0,30000.0,8.835564805804518,15.0,5.177546814063737,0,0,12.267926006034129
411,1.0,30000.0,8.89644100181775,15.0,5.300413690214538,0,0,12.267926006034129
412,1.0,30000.0,8.958316241600343,15.0,5.425296943785707,0,0,12.267926006034129
413,1.0,30000.0,9.021172190183364,15.0,5.552159569173995,0,0,12.267926006034129
414,1.0,30000.0,9.084990221992708,15.0,5.680963974245595,0,0,12.267926006034129
415,1.0,30000.0,9.149751426368244,15.0,5.811671991475449,0,0,12.267926006034129
416,1.0,30000.0,9.215436613167451,15.0,5.944244889257137,0,0,12.267926006034129
417,1.0,30000.0,9.282026318451885,15.0,6.078643383379902,0,0,12.267926006034129
418,1.0,30000.0,9.349500810254739,15.0,6.214827648669363,0,0,12.267926006034129
419,1.0,30000.0,9.417840094427879,15.0,6.3527573307886325,0,0,12.267926006034129
420,1.0,30000.0,9.487023920566518,15.0,6.492391558196121,0,0,12.267926006034129
421,1.0,30000.0,9.557031788009867,15.0,6.6336889542567015,0,0,12.267926006034129
422,1.0,30000.0,9.627842951915909,15.0,6.776607649502481,0,0,12.267926006034129
423,1.0,30000.0,9.699436429408536,15.0,6.921105294039595,0,0,12.267926006034129
424,1.0,30000.0,9.771791005795267,15.0,7.067139070097475,0,0,12.267926006034129
425,1.0,30000.0,9.844885240853571,15.0,7.214665704716593,0,0,12.267926006034129
426,1.0,30000.0,9.918697475184103,15.0,7.363641482571241,0,0,12.267926006034129
427,1.0,30000.0,9.993205836628826,15.0,7.514022258923262,0,0,12.267926006034129
428,1.0,30000.0,10.068388246752232,15.0,7.665763472703161,0,0,12.267926006034129
429,1.0,30000.0,10.144222427383621,15.0,7.8188201597144324,0,0,12.267926006034129
430,1.0,30000.0,10.220685907218645,15.0,7.973146965957496,0,0,12.267926006034129
431,1.0,30000.0,10.297756028478004,15.0,8.128698161069003,0,0,12.267926006034129
432,1.0,30000.0,10.375409953621466,15.0,8.285427651872787,0,0,12.267926006034129
433,1.0,30000.0,10.453624672115101,15.0,8.443288996038214,0,0,12.267926006034129
434,1.0,30000.0,10.532377007249801,15.0,8.602235415842074,0,0,12.267926006034129
435,1.0,30000.0,10.61164362300906,15.0,8.762219812029855,0,0,12.267926006034129
436,1.0,30000.0,10.691401030983908,15.0,8.923194777772197,0,0,12.267926006034129
437,1.0,30000.0,10.771625597333063,15.0,9.085112612712647,0,0,12.267926006034129
438,1.0,30000.0,10.852293549786118,15.0,9.24792533710222,0,0,12.267926006034129
439,1.0,30000.0,10.933380984687819,15.0,9.41158470601692,0,0,12.267926006034129
440,1.0,30000.0,11.014863874081174,15.0,9.576042223653637,0,0,12.267926006034129
441,1.0,30000.0,11.096718072827532,15.0,9.741249157700661,0,0,12.267926006034129
442,1.0,30000.0,11.178919325761225,15.0,9.907156553777927,0,0,12.267926006034129
443,1.0,30000.0,11.261443274876987,15.0,10.07371524994345,0,0,12.267926006034129
444,1.0,30000.0,11.344265466547661,15.0,10.240875891260897,0,0,12.267926006034129
445,1.0,30000.0,11.427361358770408,15.0,10.408588944424615,0,0,12.267926006034129
446,1.0,30000.0,11.510706328439014,15.0,10.576804712437433,0,0,12.267926006034129
447,1.0,30000.0,11.594275678640226,15.0,10.745473349336876,0,0,12.267926006034129
448,1.0,30000.0,11.678044645972014,15.0,10.914544874965674,0,0,12.267926006034129
449,1.0,30000.0,11.761988407881466,15.0,11.08396918978191,0,0,12.267926006034129
450,1.0,30000.0,11.846082090020284,15.0,11.253696089704647,0,0,12.267926006034129
451,1.0,30000.0,11.93030077361555,15.0,11.423675280990407,0,0,12.267926006034129
452,1.0,30000.0,12.014619502853735,15.0,11.593856395136385,0,0,12.267926006034129
453,1.0,30000.0,12.099013292275613,15.0,11.764189003805635,0,0,12.267926006034129
454,1.0,30000.0,12.18345713418001,15.0,11.934622633770125,0,0,12.267926006034129
455,1.0,30000.0,12.267926006034132,15.0,12.105106781867065,0,0,12.267926006034129
456,1.0,30000.0,12.352394877888244,15.0,12.275590929963975,0,0,12.267926006034129
457,1.0,30000.0,12.436838719792648,15.0,12.446024559928482,0,0,12.267926006034129
458,1.0,30000.0,12.521232509214517,15.0,12.61635716859772,0,0,12.267926006034129
459,1.0,30000.0,12.605551238452707,15.0,12.786538282743704,0,0,12.267926006034129
460,1.0,30000.0,12.689769922047972,15.0,12.956517474029464,0,0,12.267926006034129
461,1.0,30000.0,12.77386360418679,15.0,13.126244373952197,0,0,12.267926006034129
462,1.0,30000.0,12.857807366096242,15.0,13.295668688768435,0,0,12.267926006034129
463,1.0,30000.0,12.94157633342803,15.0,13.464740214397239,0,0,12.267926006034129
464,1.0,30000.0,13.025145683629246,15.0,13.633408851296686,0,0,12.267926006034129
465,1.0,30000.0,13.10849065329785,15.0,13.801624619309495,0,0,12.267926006034129
466,1.0,30000.0,13.1915865455206,15.0,13.969337672473223,0,0,12.267926006034129
467,1.0,30000.0,13.27440873719127,15.0,14.13649831379066,0,0,12.267926006034129
468,1.0,30000.0,13.356932686307026,15.0,14.303057009956174,0,0,12.267926006034129
469,1.0,30000.0,13.439133939240724,15.0,14.468964406033447,0,0,12.267926006034129
470,1.0,30000.0,13.52098813798708,15.0,14.634171340080465,0,0,12.267926006034129
471,1.0,30000.0,13.602471027380437,15.0,14.79862885771719,0,0,12.267926006034129
472,1.0,30000.0,13.683558462282134,15.0,14.962288226631884,0,0,12.267926006034129
473,0.9999839678438681,29999.519035316043,13.764226414735191,15.0,15.125100951021453,0,0,12.267926006034129
474,0.9999460599556339,29998.381798669016,13.844450981084345,15.0,15.287018785961909,0,0,12.267926006034129
475,0.9998863925348804,29996.591776046414,13.9242083890592,15.0,15.447993751704264,0,0,12.267926006034129
476,0.9998050882290103,29994.15264687031,14.003475004818455,15.0,15.607978147892034,0,0,12.267926006034129
477,0.9997022760969015,29991.068282907047,14.08222733995316,15.0,15.766924567695902,0,0,12.267926006034129
478,0.9995780915706657,29987.342747119972,14.16044205844679,15.0,15.924785911861326,0,0,12.267926006034129
479,0.9994326764155157,29982.980292465472,14.238095983590252,15.0,16.081515402665108,0,0,12.267926006034129
480,0.9992661786877581,29977.985360632745,14.315166104849613,15.0,16.237066597776614,0,0,12.267926006034129
481,0.999078752690921,29972.36258072763,14.391629584684635,15.0,16.39139340401968,0,0,12.267926006034129
482,0.9988705589300299,29966.116767900894,14.467463765316026,15.0,16.54445009103095,0,0,12.267926006034129
483,0.9986417640640468,29959.252921921405,14.542646175439428,15.0,16.696191304810853,0,0,12.267926006034129
484,0.9983925408564865,29951.776225694597,14.617154536884154,15.0,16.84657208116287,0,0,12.267926006034129
485,0.9981230681242218,29943.692043726653,14.690966771214688,15.0,16.99554785901752,0,0,12.267926006034129
486,0.9978335306844965,29935.005920534895,14.764061006272994,15.0,17.143074493636647,0,0,12.267926006034129
487,0.9975241193001607,29925.72357900482,14.83641558265972,15.0,17.289108269694516,0,0,12.267926006034129
488,0.9971950306231431,29915.850918694294,14.908009060152352,15.0,17.433605914231634,0,0,12.267926006034129
489,0.9968464671361787,29905.394014085363,14.978820224058385,15.0,17.576524609477403,0,0,12.267926006034129
490,0.9964786370928091,29894.359112784274,15.048828091501736,15.0,17.717822005537982,0,0,12.267926006034129
491,0.9960917544556723,29882.75263367017,15.118011917640374,15.0,17.85745623294547,0,0,12.267926006034129
492,0.9956860388331013,29870.581164993037,15.186351201813519,15.0,17.995385915064748,0,0,12.267926006034129
493,0.9952617154140486,29857.85146242146,15.253825693616369,15.0,18.131570180354203,0,0,12.267926006034129
494,0.9948190149013589,29844.57044704077,15.320415398900806,15.0,18.265968674476973,0,0,12.267926006034129
495,0.9943581734434063,29830.745203302187,15.386100585700008,15.0,18.398541572258658,0,0,12.267926006034129
496,0.9938794325641179,29816.382976923538,15.450861790075548,15.0,18.529249589488515,0,0,12.267926006034129
497,0.9933830390914066,29801.491172742197,15.514679821884894,15.0,18.658053994560117,0,0,12.267926006034129
498,0.992869245084029,29786.077352520868,15.577535770467914,15.0,18.784916619948408,0,0,12.267926006034129
499,0.9923383077568957,29770.14923270687,15.639411010250505,15.0,18.909799873519574,0,0,12.267926006034129
500,0.9917904894048534,29753.7146821456,15.700287206263738,15.0,19.032666749670373,0,0,12.267926006034129
501,0.9912260573249603,29736.781719748808,15.760146319576927,15.0,19.15348084029373,0,0,12.267926006034129
502,0.9906452837372808,29719.358512118422,15.81897061264292,15.0,19.272206345567202,0,0,12.267926006034129
503,0.990048445704221,29701.45337112663,15.87674265455416,15.0,19.388808084561276,0,0,12.267926006034129
504,0.9894358250484286,29683.07475145286,15.933445326207796,15.0,19.503251505664203,0,0,12.267926006034129
505,0.9888077082692832,29664.231248078497,15.989061825378483,15.0,19.615502696820442,0,0,12.267926006034129
506,0.9881643864580002,29644.931593740006,16.043575671697212,15.0,19.725528395579456,0,0,12.267926006034129
507,0.9875061552113741,29625.184656341222,16.09697071153481,15.0,19.83329599895216,0,0,12.267926006034129
508,0.9868333145441867,29604.9994363256,16.149231122788613,15.0,19.938773573071863,0,0,12.267926006034129
509,0.9861461688003066,29584.3850640092,16.200341419570897,15.0,20.041929862656943,0,0,12.267926006034129
510,0.9854450265625054,29563.350796875162,16.250286456797678,15.0,20.14273430027253,0,0,12.267926006034129
511,0.9847302005610178,29541.906016830533,16.299051434676514,15.0,20.241157015388183,0,0,12.267926006034129
512,0.9840020075808731,29520.06022742619,16.34662190309204,15.0,20.337168843229325,0,0,12.267926006034129
513,0.9832607683680245,29497.823051040734,16.39298376588779,15.0,20.430741333419213,0,0,12.267926006034129
514,0.9825068075343062,29475.204226029186,16.438123285043268,15.0,20.52184675840958,0,0,12.267926006034129
515,0.9817404534612426,29452.213603837277,16.48202708474474,15.0,20.610458121696766,0,0,12.267926006034129
516,0.9809620382027426,29428.86114608228,16.52468215534884,15.0,20.696549165821445,0,0,12.267926006034129
517,0.980171897386705,29405.15692160115,16.566075857237585,15.0,20.78009438014925,0,0,12.267926006034129
518,0.9793703701155635,29381.111103466905,16.60619592456374,15.0,20.86106900843011,0,0,12.267926006034129
519,0.9785577988658051,29356.733965974152,16.6450304688855,15.0,20.9394490561341,0,0,12.267926006034129
520,0.9777345293864854,29332.035881594562,16.68256798268927,15.0,21.015211297561507,0,0,12.267926006034129
521,0.9769009105967766,29307.0273179033,16.718797342799583,15.0,21.08833328272511,0,0,12.267926006034129
522,0.976057294482575,29281.71883447725,16.753707813675135,15.0,21.1587933440026,0,0,12.267926006034129
523,0.9752040359921996,29256.121079765988,16.787289050589983,15.0,21.226570602557167,0,0,12.267926006034129
524,0.9743414929312137,29230.24478793641,16.81953110269889,15.0,21.291644974524353,0,0,12.267926006034129
525,0.9734700258563993,29204.10077569198,16.850424415985973,15.0,21.353997176963325,0,0,12.267926006034129
526,0.9725899979689162,29177.699939067486,16.879959836095768,15.0,21.41360873357083,0,0,12.267926006034129
527,0.9717017750066779,29151.053250200337,16.908128611045875,15.0,21.470461980156113,0,0,12.267926006034129
528,0.9708057251359752,29124.171754079256,16.934922393820344,15.0,21.524540069875236,0,0,12.267926006034129
529,0.969902218842381,29097.06656527143,16.960333244843078,15.0,21.575826978223084,0,0,12.267926006034129
530,0.9689916288209671,29069.748864629015,16.984353634330514,15.0,21.624307507781882,0,0,12.267926006034129
531,0.968074329865867,29042.22989597601,17.006976444522838,15.0,21.669967292724408,0,0,12.267926006034129
532,0.9671506987592153,29014.52096277646,17.028194971793155,15.0,21.712792803070975,0,0,12.267926006034129
533,0.9662211141595007,28986.63342478502,17.0480029286339,15.0,21.75277134869861,0,0,12.267926006034129
534,0.9652859564893599,28958.578694680797,17.06639444551997,15.0,21.78989108310144,0,0,12.267926006034129
535,0.9643456078228508,28930.368234685524,17.08336407264798,15.0,21.82414100690105,0,0,12.267926006034129
536,0.9634004517722352,28902.013553167057,17.098906781551197,15.0,21.855510971105847,0,0,12.267926006034129
537,0.962450873374307,28873.52620122921,17.113017966589524,15.0,21.883991680118413,0,0,12.267926006034129
538,0.9614972589762969,28844.917769288906,17.125693446314287,15.0,21.909574694490004,0,0,12.267926006034129
539,0.9605399961213894,28816.199883641682,17.136929464707286,15.0,21.932252433421343,0,0,12.267926006034129
540,0.9595794734338856,28787.38420301657,17.146722692293782,15.0,21.952018177008952,0,0,16.26792600603413
541,0.9584296314909178,28752.888944727532,22.74854062096457,15.0,21.96886606823643,0,0,16.26792600603413
542,0.9572772347609503,28718.31704282851,22.75768955263151,15.0,21.982791114709986,0,0,16.26792600603413
543,0.9561226901811185,28683.680705433555,22.76491542729903,15.0,21.99378919013784,0,0,16.26792600603413
544,0.9549664053250121,28648.992159750363,22.770216103784506,15.0,22.00185703555288,0,0,16.26792600603413
545,0.9538087882819023,28614.26364845707,22.77359001138311,15.0,22.006992260278384,0,0,16.26792600603413
546,0.9526502475358157,28579.507426074473,22.7750361503332,15.0,22.00919334263645,0,0,16.26792600603413
547,0.9514911918444926,28544.73575533478,22.774554092112595,15.0,22.00845963039886,0,0,16.26792600603413
548,0.9503320301182622,28509.960903547864,22.77214397956555,15.0,22.004791340980397,0,0,16.26792600603413
549,0.9491731712988741,28475.195138966224,22.767806526860426,15.0,21.99818956137437,0,0,16.26792600603413
550,0.9480150242383206,28440.45072714962,22.761543019278076,15.0,21.98865624783057,0,0,16.26792600603413
551,0.946857997577684,28405.73992733052,22.753355312830962,15.0,21.976194225275535,0,0,16.26792600603413
552,0.945702499626048,28371.07498878144,22.743245833713218,15.0,21.9608071864755,0,0,16.26792600603413
553,0.9445489382395071,28336.468147185213,22.731217577581685,15.0,21.942499690942142,0,0,16.26792600603413
554,0.9433977207003095,28301.931621009284,22.71727410866825,15.0,21.921277163581507,0,0,16.26792600603413
555,0.9422492535961708,28267.477607885125,22.70141955872367,15.0,21.897145893086453,0,0,16.26792600603413
556,0.9411039426997937,28233.11828099381,22.68365862579326,15.0,21.870113030073234,0,0,16.26792600603413
557,0.9399621928486279,28198.86578545884,22.663996572824775,15.0,21.840186584962588,0,0,16.26792600603413
558,0.9388244078249091,28164.732234747273,22.642439226108834,15.0,21.80737542560604,0,0,16.26792600603413
559,0.9376909902360087,28130.72970708026,22.61899297355253,15.0,21.77168927465825,0,0,16.26792600603413
560,0.936562341395133,28096.870241853987,22.593664762786496,15.0,21.733138706695915,0,0,16.26792600603413
561,0.9354388612024052,28063.165836072156,22.566462099106207,15.0,21.6917351450843,0,0,16.26792600603413
562,0.9343209480263668,28029.628440791003,22.537393043248006,15.0,21.647490858592285,0,0,16.26792600603413
563,0.9332089985859319,27996.269957577955,22.50646620900049,15.0,21.600418957756816,0,0,16.26792600603413
564,0.9321034078328311,27963.102234984934,22.47369076065212,15.0,21.550533390998012,0,0,16.26792600603413
565,0.9310045688345788,27930.137065037365,22.439076410275582,15.0,21.497848940485916,0,0,16.26792600603413
566,0.9299128726579985,27897.386179739955,22.40263341484993,15.0,21.442381217760254,0,0,16.26792600603413
567,0.9288287082533416,27864.86124760025,22.364372573221218,15.0,21.38414665910434,0,0,16.26792600603413
568,0.9277524623390331,27832.573870170992,22.324305222902552,15.0,21.323162520674725,0,0,16.26792600603413
569,0.926684519287078,27800.53557861234,22.282443236714567,15.0,21.259446873387766,0,0,16.26792600603413
570,0.9256252610091645,27768.757830274935,22.238799019267216,15.0,21.193018597564844,0,0,16.26792600603413
571,0.9245750668434946,27737.252005304836,22.193385503284045,15.0,21.123897377337727,0,0,16.26792600603413
572,0.9235343134423777,27706.029403271332,22.14621614576995,15.0,21.05210369481573,0,0,16.26792600603413
573,0.9225033746606219,27675.101239818658,22.097304924023568,15.0,20.977658824016437,0,0,16.26792600603413
574,0.9214826214447512,27644.478643342536,22.046666331495476,15.0,20.900584824561676,0,0,16.26792600603413
575,0.9204724217230865,27614.172651692596,21.994315373493528,15.0,20.820904535140915,0,0,16.26792600603413
576,0.9194731402967209,27584.194208901627,21.940267562736388,15.0,20.738641566743528,0,0,16.26792600603413
577,0.9184851387314208,27554.554161942622,21.884538914756845,15.0,20.65382029566245,0,0,16.26792600603413
578,0.9175087752504862,27525.263257514587,21.827145943156015,15.0,20.566465856270888,0,0,16.26792600603413
579,0.9165444046286021,27496.332138858063,21.768105654710023,15.0,20.47660413357449,0,0,16.26792600603413
580,0.9155923780867099,27467.771342601296,21.707435544330522,15.0,20.384261755541065,0,0,16.26792600603413
581,0.9146530431879338,27439.591295638016,21.645153589880604,15.0,20.289466085210154,0,0,16.26792600603413
582,0.9137267437345907,27411.802312037722,21.58127824684751,15.0,20.192245212584723,0,0,16.26792600603413
583,0.9128138196663131,27384.414589989396,21.51582844287393,15.0,20.092627946307513,0,0,16.26792600603413
584,0.9119146069593188,27357.438208779564,21.44882357214931,15.0,19.990643805124463,0,0,16.26792600603413
585,0.9110294375268526,27330.88312580558,21.38028348966292,15.0,19.886323009137605,0,0,16.26792600603413
586,0.9101586391208346,27304.75917362504,21.310228505320417,15.0,19.779696470850197,0,0,16.26792600603413
587,0.9093025352347396,27279.076057042188,21.23867937792557,15.0,19.670795786006725,0,0,16.26792600603413
588,0.9084614450077385,27253.843350232157,21.165657309028997,15.0,19.559653224230395,0,0,16.26792600603413
589,0.9076356831301318,27229.070493903953,21.09118393664565,15.0,19.446301719460905,0,0,16.26792600603413
590,0.9068255597500983,27204.76679250295,21.015281328843024,15.0,19.330774860195447,0,0,16.26792600603413
591,0.9060313803817932,27180.941411453798,20.937971977201926,15.0,19.213106879535673,0,0,16.26792600603413
592,0.9052534458148168,27157.603374444505,20.859278790151727,15.0,19.09333264504376,0,0,16.26792600603413
593,0.9044920520250839,27134.761560752515,20.779225086182088,15.0,18.971487648410328,0,0,16.26792600603413
594,0.90374749008712,27112.4247026136,20.697834586933197,15.0,18.847607994937505,0,0,16.26792600603413
595,0.9030200460878101,27090.6013826343,20.61513141016653,15.0,18.721730392840154,0,0,16.26792600603413
596,0.9023100010416242,27069.300031248724,20.53114006261823,15.0,18.593892142368432,0,0,16.26792600603413
597,0.9016176308073469,27048.52892422041,20.445885432737285,15.0,18.464131124754942,0,0,16.26792600603413
598,0.900943206006335,27028.296180190053,20.35939278331045,15.0,18.332485790989672,0,0,16.26792600603413
599,0.9002869919423258,27008.609758269773,20.271687743976422,15.0,18.19899515042615,0,0,16.26792600603413
600,0.8996492485228221,26989.477455684664,20.182796303631186,15.0,18.06369875922213,0,0,16.26792600603413
601,0.8990302301820765,26970.906905462296,20.09274480272695,15.0,17.92663670861829,0,0,16.26792600603413
602,0.8984301858056964,26952.905574170894,20.001559925466914,15.0,17.787849613058242,0,0,16.26792600603413
603,0.8978493586568942,26935.480759706825,19.909268691898113,15.0,17.647378598153665,0,0,16.26792600603413
604,0.8972879863044027,26918.63958913208,19.815898449904893,15.0,17.505265288497917,0,0,16.26792600603413
605,0.8967463005520788,26902.389016562363,19.721476867105036,15.0,17.361551795331685,0,0,16.26792600603413
606,0.8962245273702152,26886.735821106457,19.626031922651315,15.0,17.21628070406459,0,0,16.26792600603413
607,0.8957228868285801,26871.686604857405,19.529591898940627,15.0,17.069495061656166,0,0,16.26792600603413
608,0.8952415930312057,26857.24779093617,19.432185373233366,15.0,16.921238363860184,0,0,16.26792600603413
609,0.8947808540529449,26843.425621588347,19.33384120918528,15.0,16.771554542335807,0,0,16.26792600603413
610,0.8943408718778142,26830.226156334425,19.234588548294656,15.0,16.62048795162984,0,0,16.26792600603413
611,0.8939218423391411,26817.655270174233,19.134456801266914,15.0,16.46808335603334,0,0,16.26792600603413
612,0.8935239550615349,26805.718651846048,19.033475639299755,15.0,16.314385916317182,0,0,16.26792600603413
613,0.8931473934046965,26794.421802140896,18.931674985290805,15.0,16.159441176349787,0,0,16.26792600603413
614,0.8927923344090853,26783.77003227256,18.829085004970892,15.0,16.00329504960162,0,0,16.26792600603413
615,0.8924589487434582,26773.768462303746,18.72573609796526,15.0,15.84599380553993,0,0,16.26792600603413
616,0.8921474006542965,26764.422019628895,18.62165888878549,15.0,15.687584055918155,0,0,16.26792600603413
617,0.8918578479171363,26755.73543751409,18.516884217754857,15.0,15.528112740963898,0,0,16.26792600603413
618,0.8915904417898162,26747.713253694485,18.4114431318696,15.0,15.367627115469448,0,0,16.26792600603413
619,0.8913453269676562,26740.359809029687,18.305366875599066,15.0,15.206174734789196,0,0,16.26792600603413
620,0.891122641540582,26733.67924621746,18.198686881627296,15.0,15.043803440747947,0,0,16.26792600603413
621,0.8909225169522049,26727.675508566146,18.091434761538864,15.0,14.88056134746442,0,0,16.26792600603413
622,0.8907450779608731,26722.352338826193,17.983642296451634,15.0,14.716496827093891,0,0,16.26792600603413
623,0.8905904426027029,26717.713278081086,17.875341427599366,15.0,14.55165849549455,0,0,16.26792600603413
624,0.8904587221566015,26713.761664698046,17.76656424686681,15.0,14.386095197821533,0,0,16.26792600603413
625,0.8903500211112936,26710.50063333881,17.65734298728023,15.0,14.219855994053107,0,0,16.26792600603413
626,0.8902644371343583,26707.93311403075,17.54771001345606,15.0,14.052990144453117,0,0,16.26792600603413
627,0.8902020610432888,26706.061831298663,17.437697812010462,15.0,13.885547094973994,0,0,16.26792600603413
628,0.8901629767785804,26704.88930335741,17.327338981933025,15.0,13.717576462605065,0,0,16.26792600603413
629,0.8901472613788577,26704.417841365732,17.216666224926815,15.0,13.54912802066977,0,0,16.26792600603413
630,0.8901549849580467,26704.6495487414,17.105712335718263,15.0,13.380251684076907,0,0,16.26792600603413
631,0.8901862106845975,26705.586320537925,16.99451019233932,15.0,13.210997494529634,0,0,16.26792600603413
632,0.8902409947627671,26707.22984288301,16.883092746384996,15.0,13.041415605697125,0,0,16.26792600603413
633,0.8903193864159641,26709.581592478924,16.771493013249117,15.0,12.871556268352897,0,0,16.26792600603413
634,0.8904214278721637,26712.642836164912,16.659744062341144,15.0,12.701469815484508,0,0,16.26792600603413
635,0.8905471543513936,26716.41463054181,16.54787900728696,15.0,12.531206647378692,0,0,16.26792600603413
636,0.8906965940552983,26720.89782165895,16.43593099611661,15.0,12.360817216686716,0,0,16.26792600603413
637,0.8908697681587817,26726.093044763453,16.32393320144187,15.0,12.190352013474236,0,0,16.26792600603413
638,0.8910666908037334,26732.000724112,16.211918810626393,15.0,12.01986155025989,0,0,16.26792600603413
639,0.8912873690948369,26738.621072845104,16.09992101595165,15.0,11.84939634704741,0,0,16.26792600603413
640,0.8915318030974656,26745.954092923967,15.987973004781304,15.0,11.679006916355434,0,0,16.26792600603413
641,0.8917999858376628,26753.999575129885,15.87610794972712,15.0,11.508743748249614,0,0,16.26792600603413
642,0.8920919033042084,26762.75709912625,15.764358998819146,15.0,11.338657295381225,0,0,16.26792600603413
643,0.8924075344527704,26772.226033583112,15.652759265683276,15.0,11.168797958037015,0,0,16.26792600603413
644,0.8927468512121413,26782.405536364236,15.541341819728945,15.0,10.99921606920449,0,0,16.26792600603413
645,0.8931098184925554,26793.294554776665,15.430139676349988,15.0,10.829961879657201,0,0,16.26792600603413
646,0.8934963941960882,26804.891825882645,15.319185787141437,15.0,10.661085543064335,0,0,16.26792600603413
647,0.8939065292291288,26817.195876873866,15.208513030135236,15.0,10.49263710112906,0,0,16.26792600603413
648,0.8943401675169294,26830.20502550788,15.098154200057799,15.0,10.324666468760128,0,0,16.26792600603413
649,0.8947972460202197,26843.917380606592,14.988141998612203,15.0,10.157223419281006,0,0,16.26792600603413
650,0.8952776947538887,26858.330842616662,14.87850902478802,15.0,9.990357569680999,0,0,16.26792600603413
651,0.895781436807721,26873.443104231632,14.769287765201454,15.0,9.824118365912591,0,0,16.26792600603413
652,0.896308388369188,26889.25165107564,14.660510584468907,15.0,9.658555068239592,0,0,16.26792600603413
653,0.8968584587482828,26905.753762448487,14.552209715616627,15.0,9.49371673664023,0,0,16.26792600603413
654,0.8974315504043945,26922.946512131835,14.444417250529398,15.0,9.329652216269702,0,0,16.26792600603413
655,0.8980275589752105,26940.826769256313,14.337165130440969,15.0,9.166410122986175,0,0,16.26792600603413
656,0.8986463733076417,26959.391199229252,14.230485136469197,15.0,9.004038828944928,0,0,16.26792600603413
657,0.8992878754907601,26978.6362647228,14.124408880198665,15.0,8.842586448264674,0,0,16.26792600603413
658,0.8999519408907375,26998.558226722125,14.018967794313404,15.0,8.68210082277022,0,0,16.26792600603413
659,0.9006384381877779,27019.153145633336,13.914193123282772,15.0,8.52262950781597,0,0,16.26792600603413
660,0.9013472294150296,27040.41688245089,13.810115914103003,15.0,8.364219758194196,0,0,16.26792600603413
661,0.9020781699994689,27062.345099984068,13.70676700709737,15.0,8.206918514132504,0,0,16.26792600603413
662,0.902831108804739,27084.93326414217,13.604177026777451,15.0,8.05077238738432,0,0,16.26792600603413
663,0.9036058881759359,27108.176645278076,13.502376372768516,15.0,7.895827647416955,0,0,16.26792600603413
664,0.904402343986324,27132.070319589722,13.401395210801349,15.0,7.742130207700781,0,0,16.26792600603413
665,0.9052203056859718,27156.609170579155,13.30126346377362,15.0,7.589725612104295,0,0,16.26792600603413
666,0.9060595963522878,27181.787890568634,13.202010802882972,15.0,7.4386590213982995,0,0,16.26792600603413
667,0.9069200327424478,27207.600982273434,13.103666638834898,15.0,7.2889751998739385,0,0,16.26792600603413
668,0.9078014253476933,27234.0427604308,13.006260113127638,15.0,7.140718502077955,0,0,16.26792600603413
669,0.9087035784494869,27261.107353484607,12.909820089416948,15.0,6.993932859669529,0,0,16.26792600603413
670,0.909626290177508,27288.788705325238,12.814375144963225,15.0,6.848661768402437,0,0,16.26792600603413
671,0.9105693525694714,27317.08057708414,12.719953562163369,15.0,6.704948275236206,0,0,16.26792600603413
672,0.9115325516327509,27345.97654898253,12.626583320170148,15.0,6.562834965580456,0,0,16.26792600603413
673,0.9125156674077903,27375.47002223371,12.534292086601349,15.0,6.422363950675878,0,0,16.26792600603413
674,0.9135184740332813,27405.55422099844,12.44310720934131,15.0,6.283576855115832,0,0,16.26792600603413
675,0.9145407398130924,27436.222194392773,12.35305570843708,15.0,6.146514804511989,0,0,16.26792600603413
676,0.9155822272849239,27467.466818547717,12.264164268091847,15.0,6.011218413307985,0,0,16.26792600603413
677,0.9166426932906744,27499.280798720232,12.176459228757814,15.0,5.877727772744452,0,0,16.26792600603413
678,0.9177218890484933,27531.6566714548,12.089966579330973,15.0,5.746082438979165,0,0,16.26792600603413
679,0.9188195602265002,27564.586806795007,12.004711949450032,15.0,5.616321421365693,0,0,16.26792600603413
680,0.9199354470181489,27598.063410544466,11.920720601901733,15.0,5.488483170893965,0,0,16.26792600603413
681,0.9210692842192136,27632.07852657641,11.838017425135064,15.0,5.362605568796615,0,0,16.26792600603413
682,0.9222208013063752,27666.624039191254,11.756626925886161,15.0,5.238725915323782,0,0,16.26792600603413
683,0.9233897225173823,27701.69167552147,11.676573221916527,15.0,5.1168809186903506,0,0,16.26792600603413
684,0.9245757669327666,27737.273007982996,11.597880034866334,15.0,4.997106684198447,0,0,16.26792600603413
685,0.9257786485590841,27773.359456772523,11.520570683225245,15.0,4.879438703538689,0,0,16.26792600603413
686,0.9269980764136623,27809.94229240987,11.444668075422616,15.0,4.763911844273214,0,0,16.26792600603413
687,0.9282337546108241,27847.012638324723,11.370194703039266,15.0,4.650560339503723,0,0,16.26792600603413
688,0.929485382449565,27884.561473486952,11.297172634142692,15.0,4.539417777727394,0,0,16.26792600603413
689,0.9307526545026578,27922.57963507973,11.225623506747844,15.0,4.430517092883923,0,0,16.26792600603413
690,0.9320352607071565,27961.057821214694,11.155568522405344,15.0,4.323890554596518,0,0,16.26792600603413
691,0.9333328864562754,27999.986593688263,11.087028439918956,15.0,4.219569758609653,0,0,16.26792600603413
692,0.9346452126926137,28039.356380778412,11.020023569194331,15.0,4.117585617426608,0,0,16.26792600603413
693,0.9359719160026987,28079.15748008096,10.954573765220749,15.0,4.0179683511494,0,0,16.26792600603413
694,0.9373126687128206,28119.380061384618,10.890698422187658,15.0,3.920747478523966,0,0,16.26792600603413
695,0.9386671389861291,28160.014169583872,10.828416467737735,15.0,3.825951808193052,0,0,16.26792600603413
696,0.9400349909209638,28201.049727628913,10.767746357358243,15.0,3.733609430159637,0,0,16.26792600603413
697,0.9414158846503894,28242.47653951168,10.708706068912244,15.0,3.6437477074632323,0,0,16.26792600603413
698,0.9428094764429054,28284.28429328716,10.651313097311414,15.0,3.5563932680716697,0,0,16.26792600603413
699,0.9442154188043008,28326.462564129026,10.595584449331866,15.0,3.4715719969905825,0,0,16.26792600603413
700,0.9456333605806251,28369.000817418753,10.541536638574733,15.0,3.3893090285932033,0,0,16.26792600603413
701,0.9470629470622417,28411.88841186725,10.489185680572781,15.0,3.3096287391724415,0,0,16.26792600603413
702,0.9485038200889365,28455.114602668094,10.43854708804469,15.0,3.232554739717685,0,0,16.26792600603413
703,0.9499556181560488,28498.668544681463,10.389635866298304,15.0,3.1581098689183795,0,0,16.26792600603413
704,0.9514179765215923,28542.53929564777,10.342466508784215,15.0,3.086316186396389,0,0,16.26792600603413
705,0.9528905273143368,28586.715819430105,10.29705299280105,15.0,3.0171949661692787,0,0,16.26792600603413
706,0.9543728996428157,28631.18698928447,10.253408775353693,15.0,2.950766690346355,0,0,16.26792600603413
707,0.9558647197052293,28675.94159115688,10.211546789165705,15.0,2.887051043059395,0,0,16.26792600603413
708,0.9573656109002106,28720.968327006318,10.171479438847044,15.0,2.826066904629779,0,0,16.26792600603413
709,0.9588751939384201,28766.255818152604,10.13321859721833,15.0,2.7678323459738645,0,0,16.26792600603413
710,0.960393086954938,28811.79260864814,10.096775601792682,15.0,2.712364623248198,0,0,16.26792600603413
711,0.9619189056224179,28857.567168672536,10.062161251416141,15.0,2.659680172736108,0,0,16.26792600603413
712,0.9634522632649724,28903.56789794917,10.029385803067768,15.0,2.609794605977305,0,0,16.26792600603413
713,0.9649927709727529,28949.78312918259,9.998458968820255,15.0,2.562722705141833,0,0,16.26792600603413
714,0.9665400377171925,28996.201131515776,9.96938991296205,15.0,2.518478418649816,0,0,16.26792600603413
715,0.9680936704668754,29042.810114006264,9.94218724928177,15.0,2.477074857038204,0,0,16.26792600603413
716,0.9696532743040015,29089.598229120045,9.916859038515733,15.0,2.4385242890758656,0,0,16.26792600603413
717,0.9712184525414083,29136.553576242248,9.893412785959423,15.0,2.4028381381280752,0,0,16.26792600603413
718,0.972788806840118,29183.664205203542,9.871855439243486,15.0,2.370026978771536,0,0,16.26792600603413
719,0.9743639373273749,29230.918119821246,9.852193386274994,15.0,2.3401005336608773,0,0,16.26792600603413
720,0.9759434427151349,29278.303281454046,9.834432453344592,15.0,2.313067670647663,0,0,16.26792600603413
721,0.9775269204189766,29325.807612569297,9.818577903400012,15.0,2.288936400152613,0,0,16.26792600603413
722,0.9791139666773956,29373.41900032187,9.804634434486573,15.0,2.267713872791971,0,0,16.26792600603413
723,0.980704176671448,29421.12530014344,9.792606178355042,15.0,2.249406377258618,0,0,16.26792600603413
724,0.9822971446447065,29468.914339341194,9.7824966992373,15.0,2.234019338458585,0,0,16.26792600603413
725,0.983892464023495,29516.773920704847,9.774308992790187,15.0,2.221557315903549,0,0,16.26792600603413
726,0.9854897275373654,29564.69182612096,9.768045485207832,15.0,2.212024002359743,0,0,16.26792600603413
727,0.9870885273397804,29612.65582019341,9.76370803250271,15.0,2.2054222227537217,0,0,16.26792600603413
728,0.988688455128967,29660.65365386901,9.761297919955663,15.0,2.2017539333352545,0,0,16.26792600603413
729,0.9902891022689057,29708.673068067168,9.76081586173506,15.0,2.201020221097667,0,0,16.26792600603413
730,0.9918900599104175,29756.701797312522,9.76226200068515,15.0,2.20322130345573,0,0,16.26792600603413
731,0.9934909191123155,29804.727573369462,9.765635908283752,15.0,2.2083565281812363,0,0,16.26792600603413
732,0.9950912709625821,29852.738128877463,9.770936584769231,15.0,2.216424373596274,0,0,16.26792600603413
733,0.9966907066995395,29900.721200986187,9.778162459436748,15.0,2.227422449024129,0,0,16.26792600603413
734,0.9982888178329737,29948.664534989213,9.787311391103689,15.0,2.2413474954976884,0,0,16.26792600603413
735,0.9998851962651791,29996.555887955376,9.798380668744153,15.0,2.2581953867251645,0,0,16.26792600603413
736,1.0,30000.0,9.811367012292278,15.0,2.277961130312769,0,0,16.26792600603413
737,1.0,30000.0,9.826266573614205,15.0,2.300638869244106,0,0,16.26792600603413
738,1.0,30000.0,9.843074937648357,15.0,2.3262218836156996,0,0,16.26792600603413
739,1.0,30000.0,9.861787123713714,15.0,2.354702592628268,0,0,16.26792600603413
740,1.0,30000.0,9.8823975869857,15.0,2.3860725568330623,0,0,16.26792600603413
741,1.0,30000.0,9.90490022013924,15.0,2.4203224806326706,0,0,16.26792600603413
742,1.0,30000.0,9.929288355158487,15.0,2.4574422150355,0,0,16.26792600603413
743,1.0,30000.0,9.95555476531269,15.0,2.4974207606631387,0,0,16.26792600603413
744,1.0,30000.0,9.983691667297649,15.0,2.5402462710097025,0,0,16.26792600603413
745,1.0,30000.0,10.013690723542062,15.0,2.58590605595223,0,0,16.26792600603413
746,1.0,30000.0,10.045543044678126,15.0,2.634386585511023,0,0,16.26792600603413
747,1.0,30000.0,10.079239192175667,15.0,2.685673493858883,0,0,16.26792600603413
748,1.0,30000.0,10.114769181138954,15.0,2.7397515835779958,0,0,16.26792600603413
749,1.0,30000.0,10.152122483265453,15.0,2.7966048301632807,0,0,16.26792600603413
750,1.0,30000.0,10.191288029965602,15.0,2.8562163867707793,0,0,16.26792600603413
751,1.0,30000.0,10.232254215642653,15.0,2.9185685892097615,0,0,16.26792600603413
752,1.0,30000.0,10.275008901131653,15.0,2.9836429611769404,0,0,16.26792600603413
753,1.0,30000.0,10.319539417296582,15.0,3.051420219731508,0,0,16.26792600603413
754,1.0,30000.0,10.365832568784462,15.0,3.12188028100901,0,0,16.26792600603413
755,1.0,30000.0,10.413874637935399,15.0,3.195002266172608,0,0,16.26792600603413
756,1.0,30000.0,10.463651388847477,15.0,3.2707645076000116,0,0,16.26792600603413
757,1.0,30000.0,10.51514807159513,15.0,3.349144555303992,0,0,16.26792600603413
758,1.0,30000.0,10.568349426599887,15.0,3.4301191835848703,0,0,16.26792600603413
759,1.0,30000.0,10.623239689152058,15.0,3.5136643979126703,0,0,16.26792600603413
760,1.0,30000.0,10.67980259408223,15.0,3.599755442037347,0,0,16.26792600603413
761,1.0,30000.0,10.738021380580944,15.0,3.6883668053245326,0,0,16.26792600603413
762,1.0,30000.0,10.797878797165302,15.0,3.7794722303149006,0,0,16.26792600603413
763,1.0,30000.0,10.859357106790927,15.0,3.873044720504794,0,0,16.26792600603413
764,1.0,30000.0,10.922438092107875,15.0,3.9690565483459195,0,0,16.26792600603413
765,1.0,30000.0,10.987103060858805,15.0,4.067479263461593,0,0,16.26792600603413
766,1.0,30000.0,11.053332851417878,15.0,4.1682837010771685,0,0,16.26792600603413
767,1.0,30000.0,11.1211078384688,15.0,4.2714399906622535,0,0,16.26792600603413
768,1.0,30000.0,11.190407938820202,15.0,4.376917564781948,0,0,16.26792600603413
769,1.0,30000.0,11.261212617356744,15.0,4.484685168154658,0,0,16.26792600603413
770,1.0,30000.0,11.333500893124071,15.0,4.594710866913667,0,0,16.26792600603413
771,1.0,30000.0,11.407251345545967,15.0,4.706962058069898,0,0,16.26792600603413
772,1.0,30000.0,11.482442120771715,15.0,4.82140547917283,0,0,16.26792600603413
773,1.0,30000.0,11.559050938151877,15.0,4.9380072181669075,0,0,16.26792600603413
774,1.0,30000.0,11.63705509684049,15.0,5.056732723440378,0,0,16.26792600603413
775,1.0,30000.0,11.716431482521877,15.0,5.17754681406373,0,0,16.26792600603413
776,1.0,30000.0,11.797156574259887,15.0,5.300413690214542,0,0,16.26792600603413
777,1.0,30000.0,11.879206451467628,15.0,5.425296943785704,0,0,16.26792600603413
778,1.0,30000.0,11.962556800995714,15.0,5.552159569173993,0,0,16.26792600603413
779,1.0,30000.0,12.04718292433673,15.0,5.680963974245585,0,0,16.26792600603413
780,1.0,30000.0,12.133059744943957,15.0,5.811671991475446,0,0,16.26792600603413
781,1.0,30000.0,12.220161815662061,15.0,5.944244889257134,0,0,16.26792600603413
782,1.0,30000.0,12.308463326267677,15.0,6.078643383379893,0,0,16.26792600603413
783,1.0,30000.0,12.397938111117512,15.0,6.214827648669354,0,0,16.26792600603413
784,1.0,30000.0,12.488559656901797,15.0,6.3527573307886325,0,0,16.26792600603413
785,1.0,30000.0,12.580301110500727,15.0,6.492391558196118,0,0,16.26792600603413
786,1.0,30000.0,12.673135286941667,15.0,6.633688954256693,0,0,16.26792600603413
787,1.0,30000.0,12.767034677454632,15.0,6.776607649502488,0,0,16.26792600603413
788,1.0,30000.0,12.86197145762366,15.0,6.9211052940396005,0,0,16.26792600603413
789,1.0,30000.0,12.95791749563189,15.0,7.067139070097458,0,0,16.26792600603413
790,1.0,30000.0,13.054844360597595,15.0,7.214665704716575,0,0,16.26792600603413
791,1.0,30000.0,13.152723330998846,15.0,7.3636414825712455,0,0,16.26792600603413
792,1.0,30000.0,13.25152540318427,15.0,7.5140222589232675,0,0,16.26792600603413
793,1.0,30000.0,13.351221299967573,15.0,7.6657634727031585,0,0,16.26792600603413
794,1.0,30000.0,13.45178147930292,15.0,7.818820159714415,0,0,16.26792600603413
795,1.0,30000.0,13.553176143038943,15.0,7.9731469659575005,0,0,16.26792600603413
796,1.0,30000.0,13.655375245748449,15.0,8.128698161069009,0,0,16.26792600603413
797,1.0,30000.0,13.758348503631694,15.0,8.285427651872784,0,0,16.26792600603413
798,1.0,30000.0,13.862065403490028,15.0,8.44328899603822,0,0,16.26792600603413
799,1.0,30000.0,13.96649521176761,15.0,8.602235415842083,0,0,16.26792600603413
800,1.0,30000.0,14.071606983658477,15.0,8.762219812029851,0,0,16.26792600603413
801,1.0,30000.0,14.177369572276122,15.0,8.923194777772196,0,0,16.26792600603413
802,1.0,30000.0,14.283751637883004,15.0,9.085112612712653,0,0,16.26792600603413
803,1.0,30000.0,14.390721657177146,15.0,9.247925337102227,0,0,16.26792600603413
804,1.0,30000.0,14.498247932633245,15.0,9.41158470601691,0,0,16.26792600603413
805,1.0,30000.0,14.606298601895283,15.0,9.576042223653655,0,0,16.26792600603413
806,1.0,30000.0,14.714841647218012,15.0,9.74124915770066,0,0,16.26792600603413
807,1.0,30000.0,14.823844904954562,15.0,9.907156553777934,0,0,16.26792600603413
808,1.0,30000.0,14.93327607508719,15.0,10.07371524994344,0,0,16.26792600603413
809,1.0,30000.0,15.043102730798468,15.0,10.240875891260895,0,0,16.26792600603413
810,1.0,30000.0,15.153292328080042,15.0,10.408588944424615,0,0,20.26792600603413
811,1.0,30000.0,19.016918102313305,15.0,10.576804712437422,0,0,20.26792600603413
812,1.0,30000.0,19.154983607877767,15.0,10.745473349336862,0,0,20.26792600603413
813,1.0,30000.0,19.293378902294084,15.0,10.914544874965673,0,0,20.26792600603413
814,1.0,30000.0,19.43206297604967,15.0,11.08396918978191,0,0,20.26792600603413
815,1.0,30000.0,19.570994734060445,15.0,11.253696089704635,0,0,20.26792600603413
816,1.0,30000.0,19.71013300784813,15.0,11.423675280990414,0,0,20.26792600603413
817,1.0,30000.0,19.84943656773932,15.0,11.593856395136381,0,0,20.26792600603413
818,1.0,30000.0,19.988864135082817,15.0,11.764189003805626,0,0,20.26792600603413
819,1.0,30000.0,20.128374394481327,15.0,11.934622633770115,0,0,20.26792600603413
820,1.0,30000.0,20.267926006034138,15.0,12.105106781867072,0,0,20.26792600603413
821,1.0,30000.0,20.407477617586906,15.0,12.275590929963974,0,0,20.26792600603413
822,1.0,30000.0,20.54698787698542,15.0,12.446024559928464,0,0,20.26792600603413
823,1.0,30000.0,20.68641544432892,15.0,12.616357168597705,0,0,20.26792600603413
824,1.0,30000.0,20.825719004220137,15.0,12.78653828274371,0,0,20.26792600603413
825,1.0,30000.0,20.964857278007806,15.0,12.956517474029472,0,0,20.26792600603413
826,0.9999754878218627,29999.264634655883,21.103789036018565,15.0,13.12624437395218,0,0,20.26792600603413
827,0.9999263943625503,29997.791830876507,21.24247310977418,15.0,13.295668688768451,0,0,20.26792600603413
828,0.999852760117083,29995.58280351249,21.38086840419048,15.0,13.464740214397242,0,0,20.26792600603413
829,0.9997546328524466,29992.638985573398,21.518933909754946,15.0,13.633408851296682,0,0,20.26792600603413
830,0.9996320675934364,29988.962027803092,21.656628714678572,15.0,13.801624619309493,0,0,20.26792600603413
831,0.9994851266063535,29984.553798190605,21.793912017018986,15.0,13.969337672473229,0,0,20.26792600603413
832,0.9993138793805527,29979.41638141658,21.930743136770857,15.0,14.136498313790664,0,0,20.26792600603413
833,0.9991184026078521,29973.552078235563,22.067081527920354,15.0,14.303057009956174,0,0,20.26792600603413
834,0.9988987801598077,29966.96340479423,22.202886790459765,15.0,14.468964406033445,0,0,20.26792600603413
835,0.9986551030628599,29959.653091885797,22.338118682358882,15.0,14.63417134008047,0,0,20.26792600603413
836,0.9983874694713608,29951.624084140825,22.472737131489577,15.0,14.798628857717194,0,0,20.26792600603413
837,0.998095984638489,29942.87953915467,22.60670224750008,15.0,14.96228822663188,0,0,20.26792600603413
838,0.9977807608850605,29933.422826551814,22.73997433363532,15.0,15.12510095102147,0,0,20.26792600603413
839,0.9974419175662457,29923.25752698737,22.872513898499914,15.0,15.287018785961912,0,0,20.26792600603413
840,0.9970795810362022,29912.387431086066,23.004281667760356,15.0,15.447993751704253,0,0,20.26792600603413
841,0.9966938846106331,29900.816538318995,23.135238595782837,15.0,15.607978147892023,0,0,20.26792600603413
842,0.9962849685272828,29888.549055818483,23.265345877203313,15.0,15.766924567695902,0,0,20.26792600603413
843,0.9958529799043809,29875.58939713143,23.394564958426333,15.0,15.924785911861324,0,0,20.26792600603413
844,0.9953980726970489,29861.94218091147,23.52285754904936,15.0,16.081515402665097,0,0,20.26792600603413
845,0.9949204076516793,29847.61222955038,23.65018563320902,15.0,16.237066597776604,0,0,20.26792600603413
846,0.9944201522583034,29832.604567749102,23.77651148084602,15.0,16.391393404019677,0,0,20.26792600603413
847,0.99389748070096,29816.924421028798,23.901797658885336,15.0,16.54445009103095,0,0,20.26792600603413
848,0.9933525738060807,29800.57721418242,24.026007042328544,15.0,16.69619130481084,0,0,20.26792600603413
849,0.992785618988908,29783.56856966724,24.14910282525468,15.0,16.846572081162876,0,0,20.26792600603413
850,0.9921968101979595,29765.904305938784,24.27104853172661,15.0,16.995547859017517,0,0,20.26792600603413
851,0.9915863478575566,29747.5904357267,24.39180802659972,15.0,17.143074493636632,0,0,20.26792600603413
852,0.9909544388084353,29728.633164253057,24.511345526229473,15.0,17.28910826969451,0,0,20.26792600603413
853,0.9903012962464536,29709.038887393606,24.62962560907491,15.0,17.433605914231634,0,0,20.26792600603413
854,0.989627139659418,29688.814189782537,24.746613226194768,15.0,17.5765246094774,0,0,20.26792600603413
855,0.988932194762044,29667.96584286132,24.862273711633303,15.0,17.717822005537975,0,0,20.26792600603413
856,0.9882166934290721,29646.500802872164,24.976572792692526,15.0,17.857456232945463,0,0,20.26792600603413
857,0.9874808736265586,29624.426208796758,25.089476600087966,15.0,17.99538591506475,0,0,20.26792600603413
858,0.9867249793413605,29601.749380240813,25.200951677984765,15.0,18.131570180354203,0,0,20.26792600603413
859,0.9859492605088371,29578.477815265112,25.31096499391157,15.0,18.26596867447696,0,0,20.26792600603413
860,0.9851539729387895,29554.619188163684,25.419483948548592,15.0,18.398541572258672,0,0,20.26792600603413
861,0.9843393782396576,29530.181347189726,25.526476385387493,15.0,18.529249589488522,0,0,20.26792600603413
862,0.9835057437410003,29505.17231223001,25.631910600260184,15.0,18.658053994560113,0,0,20.26792600603413
863,0.9826533424142805,29479.600272428415,25.735755350733328,15.0,18.784916619948394,0,0,20.26792600603413
864,0.9817824527919767,29453.473583759303,25.837979865366243,15.0,18.90979987351958,0,0,20.26792600603413
865,0.9808933588850489,29426.800766551467,25.938553852829013,15.0,19.032666749670376,0,0,20.26792600603413
866,0.979986350098779,29399.59050296337,26.037447510878604,15.0,19.15348084029373,0,0,20.26792600603413
867,0.9790617211470145,29371.851634410436,26.13463153518984,15.0,19.2722063455672,0,0,20.26792600603413
868,0.9781197719648386,29343.593158945157,26.230077128038914,15.0,19.388808084561276,0,0,20.26792600603413
869,0.9771608076196919,29314.824228590758,26.323756006836778,15.0,19.50325150566421,0,0,20.26792600603413
870,0.9761851382209755,29285.554146629267,26.415640412509884,15.0,19.615502696820442,0,0,20.26792600603413
871,0.9751930788281582,29255.792364844747,26.50570311772582,15.0,19.72552839557946,0,0,20.26792600603413
872,0.9741849493574178,29225.548480722537,26.593917434961295,15.0,19.833295998952163,0,0,20.26792600603413
873,0.9731610744868431,29194.832234605292,26.680257224410298,15.0,19.938773573071856,0,0,20.26792600603413
874,0.9721217835602243,29163.653506806728,26.76469690172986,15.0,20.041929862656943,0,0,20.26792600603413
875,0.9710674104894623,29132.02231468387,26.847211445621234,15.0,20.14273430027253,0,0,20.26792600603413
876,0.9699982936556224,29099.948809668673,26.927776405244245,15.0,20.24115701538819,0,0,20.26792600603413
877,0.9689147758086653,29067.443274259957,27.00636790746262,15.0,20.337168843229314,0,0,20.26792600603413
878,0.9678172039658823,29034.51611897647,27.082962663918117,15.0,20.430741333419213,0,0,20.26792600603413
879,0.9667059293090677,29001.177879272032,27.157537977931355,15.0,20.52184675840958,0,0,20.26792600603413
880,0.9655813070804548,28967.439212413643,27.23007175122731,15.0,20.610458121696766,0,0,20.26792600603413
881,0.9644436964774504,28933.310894323513,27.30054249048355,15.0,20.696549165821438,0,0,20.26792600603413
882,0.9632934605461974,28898.80381638592,27.36892931369916,15.0,20.78009438014925,0,0,20.26792600603413
883,0.9621309660739953,28863.92898221986,27.435211956382503,15.0,20.86106900843011,0,0,20.26792600603413
884,0.9609565834806145,28828.697504418436,27.49937077755606,15.0,20.939449056134098,0,0,20.26792600603413
885,0.9597706867085319,28793.12060125596,27.561386765576444,15.0,21.015211297561503,0,0,20.26792600603413
886,0.9585736531121243,28757.20959336373,27.62124154376802,15.0,21.08833328272511,0,0,20.26792600603413
887,0.9573658633458495,28720.975900375484,27.678917375868203,15.0,21.1587933440026,0,0,20.26792600603413
888,0.9561477012514509,28684.431037543527,27.734397171283216,15.0,21.226570602557164,0,0,20.26792600603413
889,0.9549195537442166,28647.586612326497,27.787664490152316,15.0,21.291644974524353,0,0,20.26792600603413
890,0.9536818106983277,28610.45432094983,27.838703548219335,15.0,21.353997176963325,0,0,20.26792600603413
891,0.9524348648313307,28573.04594493992,27.887499221509835,15.0,21.41360873357083,0,0,20.26792600603413
892,0.9511791115877667,28535.373347633,27.93403705081273,15.0,21.47046198015611,0,0,20.26792600603413
893,0.9499149490219926,28497.448470659776,27.978303245964838,15.0,21.524540069875236,0,0,20.26792600603413
894,0.9486427776802285,28459.283330406855,28.020284689937178,15.0,21.575826978223084,0,0,20.26792600603413
895,0.9473630004818682,28420.890014456047,28.059968942721873,15.0,21.62430750778188,0,0,20.26792600603413
896,0.9460760226000847,28382.280678002542,28.09734424501837,15.0,21.669967292724408,0,0,20.26792600603413
897,0.944782251341769,28343.46754025307,28.13239952171798,15.0,21.71279280307098,0,0,20.26792600603413
898,0.943482096026836,28304.46288080508,28.165124385185646,15.0,21.752771348698612,0,0,20.26792600603413
899,0.9421759678669347,28265.27903600804,28.19550913833807,15.0,21.78989108310144,0,0,20.26792600603413
900,0.9408642798435966,28225.928395307896,28.22354477751713,15.0,21.82414100690105,0,0,20.26792600603413
901,0.9395474465858608,28186.42339757582,28.249222995157893,15.0,21.85551097110585,0,0,20.26792600603413
902,0.9382258842474106,28146.776527422317,28.27253618225028,15.0,21.883991680118413,0,0,20.26792600603413
903,0.9369000103832577,28107.00031149773,28.293477430593814,15.0,21.909574694490004,0,0,20.26792600603413
904,0.9355702438260123,28067.10731478037,28.31204053484467,15.0,21.932252433421343,0,0,20.26792600603413
905,0.9342370045617732,28027.110136853196,28.32821999435443,15.0,21.952018177008952,0,0,20.26792600603413
906,0.9329007136056775,27987.021408170323,28.342011014800057,15.0,21.96886606823643,0,0,20.26792600603413
907,0.9315617928771441,27946.853786314325,28.35340950960456,15.0,21.982791114709986,0,0,20.26792600603413
908,0.9302206650748508,27906.619952245524,28.36241210114793,15.0,21.99378919013784,0,0,20.26792600603413
909,0.9288777535514784,27866.33260654435,28.369016121768002,15.0,22.00185703555288,0,0,20.26792600603413
910,0.927533482188263,27826.00446564789,28.373219614550933,15.0,22.006992260278384,0,0,20.26792600603413
911,0.9261882752693904,27785.648258081714,28.375021333911103,15.0,22.00919334263645,0,0,20.26792600603413
912,0.9248425573562723,27745.27672068817,28.374420745960176,15.0,22.00845963039886,0,0,20.26792600603413
913,0.9234967531617385,27704.902594852156,28.37141802866532,15.0,22.004791340980397,0,0,20.26792600603413
914,0.9221512874241861,27664.53862272558,28.36601407179648,15.0,21.99818956137437,0,0,20.26792600603413
915,0.9208065847817197,27624.19754345159,28.358210476662702,15.0,21.98865624783057,0,0,20.26792600603413
916,0.9194630696463229,27583.892089389687,28.34800955563764,15.0,21.976194225275535,0,0,20.26792600603413
917,0.9181211660780949,27543.634982342846,28.33541433147434,15.0,21.9608071864755,0,0,20.26792600603413
918,0.916781297659593,27503.43892978779,28.32042853640955,15.0,21.942499690942142,0,0,20.26792600603413
919,0.9154438873703156,27463.31662110947,28.303056611057777,15.0,21.921277163581507,0,0,20.26792600603413
920,0.9141093574613647,27423.28072384094,28.283303703095417,15.0,21.897145893086453,0,0,20.26792600603413
921,0.9127781293303228,27383.343879909684,28.261175665735394,15.0,21.87011303007324,0,0,20.26792600603413
922,0.9114506233963847,27343.518701891542,28.236679055992745,15.0,21.84018658496258,0,0,20.26792600603413
923,0.9101272589757782,27303.817769273344,28.20982113274162,15.0,21.80737542560604,0,0,20.26792600603413
924,0.9088084541575107,27264.25362472532,28.18060985456432,15.0,21.77168927465825,0,0,20.26792600603413
925,0.9074946256794812,27224.83877038444,28.149053877392994,15.0,21.733138706695918,0,0,20.26792600603413
926,0.9061861888049924,27185.58566414977,28.115162551944707,15.0,21.6917351450843,0,0,20.26792600603413
927,0.9048835571996972,27146.506715990916,28.078945920950645,15.0,21.647490858592285,0,0,20.26792600603413
928,0.903587142809023,27107.61428427069,28.04041471618017,15.0,21.600418957756823,0,0,20.26792600603413
929,0.9022973557361019,27068.92067208306,27.999580355260836,15.0,21.55053339099802,0,0,20.26792600603413
930,0.901014604120249,27030.43812360747,27.956454938295053,15.0,21.497848940485916,0,0,20.26792600603413
931,0.8997392940160212,26992.178820480636,27.9110512442746,15.0,21.44238121776025,0,0,20.26792600603413
932,0.8984718292728953,26954.15487818686,27.863382727293914,15.0,21.384146659104346,0,0,20.26792600603413
933,0.8972126114155979,26916.37834246794,27.813463512563317,15.0,21.32316252067472,0,0,20.26792600603413
934,0.895962039525126,26878.86118575378,27.761308392223512,15.0,21.25944687338776,0,0,20.26792600603413
935,0.8947205101204893,26841.61530361468,27.706932820962244,15.0,21.19301859756484,0,0,20.26792600603413
936,0.8934884170412142,26804.652511236425,27.6503529114348,15.0,21.123897377337734,0,0,20.26792600603413
937,0.89226615133064,26767.9845399192,27.591585429489445,15.0,21.05210369481573,0,0,20.26792600603413
938,0.891054101120045,26731.62303360135,27.53064778919942,15.0,20.97765882401643,0,0,20.26792600603413
939,0.889852651513634,26695.579545409022,27.46755804770267,15.0,20.90058482456168,0,0,20.26792600603413
940,0.8886621844744241,26659.865534232726,27.402334899851184,15.0,20.820904535140915,0,0,20.26792600603413
941,0.8874830787110608,26624.492361331824,27.334997672671303,15.0,20.73864156674353,0,0,20.26792600603413
942,0.8863157095655979,26589.47128696794,27.265566319636704,15.0,20.65382029566245,0,0,20.26792600603413
943,0.8851604489022767,26554.813467068303,27.194061414755737,15.0,20.566465856270888,0,0,20.26792600603413
944,0.8840176649973337,26520.529949920012,27.12050414647492,15.0,20.476604133574483,0,0,20.26792600603413
945,0.8828877224298726,26486.631672896176,27.044916311400346,15.0,20.38426175554107,0,0,20.26792600603413
946,0.8817709819738313,26453.12945921494,26.96732030783886,15.0,20.289466085210154,0,0,20.26792600603413
947,0.8806678004910777,26420.034014732333,26.88773912916098,15.0,20.192245212584723,0,0,20.26792600603413
948,0.8795785308256632,26387.355924769894,26.806196356987446,15.0,20.092627946307513,0,0,20.26792600603413
949,0.878503521699267,26355.10565097801,26.722716154201493,15.0,19.99064380512447,0,0,20.26792600603413
950,0.8774431176078633,26323.2935282359,26.637323257788864,15.0,19.886323009137605,0,0,20.26792600603413
951,0.8763976587196391,26291.929761589174,26.550042971507686,15.0,19.779696470850197,0,0,20.26792600603413
952,0.8753674807741952,26261.024423225856,26.460901158390442,15.0,19.670795786006728,0,0,20.26792600603413
953,0.8743529149830591,26230.587449491773,26.369924233080212,15.0,19.559653224230395,0,0,20.26792600603413
954,0.8733542879315404,26200.62863794621,26.277139154003404,15.0,19.446301719460905,0,0,20.26792600603413
955,0.8723719214819556,26171.157644458668,26.1825734153814,15.0,19.330774860195433,0,0,20.26792600603413
956,0.8714061326782545,26142.183980347636,26.08625503908347,15.0,19.213106879535673,0,0,20.26792600603413
957,0.8704572336520723,26113.71700956217,25.988212566323224,15.0,19.09333264504377,0,0,20.26792600603413
958,0.8695255315302387,26085.765945907162,25.88847504920127,15.0,18.97148764841034,0,0,20.26792600603413
959,0.8686113283437695,26058.339850313085,25.78707204209643,15.0,18.847607994937505,0,0,20.26792600603413
960,0.8677149209383681,26031.447628151043,25.684033592908186,15.0,18.721730392840158,0,0,20.26792600603413
961,0.8668366008864644,26005.098026593932,25.579390234152783,15.0,18.59389214236844,0,0,20.26792600603413
962,0.8659766544008146,25979.29963202444,25.473172973915794,15.0,18.464131124754957,0,0,20.26792600603413
963,0.8651353622496909,25954.060867490727,25.365413286663774,15.0,18.332485790989658,0,0,20.26792600603413
964,0.8643129996736836,25929.389990210508,25.256143103917754,15.0,18.198995150426153,0,0,20.26792600603413
965,0.8635098363041414,25905.29508912424,25.145394804791074,15.0,18.06369875922215,0,0,20.26792600603413
966,0.8627261360832735,25881.784082498205,25.0332012063949,15.0,17.926636708618275,0,0,20.26792600603413
967,0.8619621571859385,25858.864715578155,24.919595554113826,15.0,17.78784961305823,0,0,20.26792600603413
968,0.8612181519431409,25836.544558294227,24.804611511754413,15.0,17.647378598153683,0,0,20.26792600603413
969,0.8604943667672604,25814.831003017815,24.68828315156995,15.0,17.50526528849793,0,0,20.26792600603413
970,0.8597910420790347,25793.73126237104,24.570644944164123,15.0,17.36155179533167,0,0,20.26792600603413
971,0.8591084122363168,25773.252367089506,24.451731748276668,15.0,17.21628070406458,0,0,20.26792600603413
972,0.8584467054646313,25753.40116393894,24.33157880045387,15.0,17.06949506165617,0,0,20.26792600603413
973,0.8578061437895443,25734.18431368633,24.210221704607285,15.0,16.921238363860198,0,0,20.26792600603413
974,0.8571869429708744,25715.60828912623,24.087696421463463,15.0,16.77155454233581,0,0,20.26792600603413
975,0.8565893124387565,25697.679373162693,23.96403925790818,15.0,16.62048795162983,0,0,20.26792600603413
976,0.8560134552315847,25680.40365694754,23.83928685622771,15.0,16.46808335603334,0,0,20.26792600603413
977,0.8554595679358468,25663.787038075403,23.713476183251032,15.0,16.314385916317168,0,0,20.26792600603413
978,0.8549278406278716,25647.83521883615,23.586644519395797,15.0,16.159441176349787,0,0,20.26792600603413
979,0.8544184568175055,25632.553704525166,23.45882944762124,15.0,16.00329504960162,0,0,20.26792600603413
980,0.8539315933937343,25617.947801812028,23.33006884229161,15.0,15.84599380553993,0,0,20.26792600603413
981,0.8534674205722669,25604.022617168008,23.20040085795312,15.0,15.687584055918155,0,0,20.26792600603413
982,0.8530261018450975,25590.783055352927,23.069863918028034,15.0,15.528112740963902,0,0,20.26792600603413
983,0.8526077939320589,25578.233817961765,22.93849670342885,15.0,15.36762711546945,0,0,20.26792600603413
984,0.8522126467343824,25566.37940203147,22.80633814109639,15.0,15.206174734789196,0,0,20.26792600603413
985,0.8518408032902802,25555.224098708408,22.67342739246488,15.0,15.04380344074795,0,0,20.26792600603413
986,0.8514923997325592,25544.771991976777,22.539803841857612,15.0,14.880561347464422,0,0,20.26792600603413
987,0.851167565248282,25535.02695744846,22.405507084816453,15.0,14.716496827093895,0,0,20.26792600603413
988,0.8508664220404861,25525.992661214583,22.270576916368857,15.0,14.551658495494536,0,0,20.26792600603413
989,0.8505890852919724,25517.67255875917,22.135053319235794,15.0,14.386095197821536,0,0,20.26792600603413
990,0.8503356631311744,25510.06989393523,21.99897645198392,15.0,14.219855994053127,0,0,20.26792600603413
991,0.8501062566001167,25503.1876980035,21.862386637125784,15.0,14.05299014445312,0,0,20.26792600603413
992,0.849900959624475,25497.02878873425,21.725324349171366,15.0,13.885547094973997,0,0,20.26792600603413
993,0.8497198589857431,25491.595769572294,21.587830202634656,15.0,13.717576462605066,0,0,20.26792600603413
994,0.849563034295518,25486.891028865542,21.449944939998627,15.0,13.54912802066979,0,0,20.26792600603413
995,0.8494305579719095,25482.916739157285,21.31170941964241,15.0,13.380251684076924,0,0,20.26792600603413
996,0.8493224952180805,25479.674856542413,21.17316460373403,15.0,13.210997494529636,0,0,20.26792600603413
997,0.8492389040029265,25477.167120087794,21.034351546092523,15.0,13.041415605697129,0,0,20.26792600603413
998,0.8491798350438977,25475.395051316933,20.895311380022676,15.0,12.871556268352919,0,0,20.26792600603413
999,0.8491453317919712,25474.359953759136,20.756085306126398,15.0,12.701469815484492,0,0,20.26792600603413
1000,0.8491354304187743,25474.06291256323,20.61671458009421,15.0,12.531206647378692,0,0,20.26792600603413
1001,0.8491501598058668,25474.504794176006,20.47724050048004,15.0,12.360817216686733,0,0,20.26792600603413
1002,0.8491895415361829,25475.686246085486,20.337704396463785,15.0,12.190352013474254,0,0,20.26792600603413
1003,0.8492535898876352,25477.607696629057,20.198147615604483,15.0,12.019861550259872,0,0,20.26792600603413
1004,0.8493423118288842,25480.269354866527,20.05861151158823,15.0,11.849396347047396,0,0,20.26792600603413
1005,0.8494557070172732,25483.671210518198,19.91913743197407,15.0,11.679006916355455,0,0,20.26792600603413
1006,0.84959376779893,25487.8130339679,19.77976670594187,15.0,11.508743748249636,0,0,20.26792600603413
1007,0.8497564792110347,25492.69437633104,19.640540632045596,15.0,11.33865729538121,0,0,20.26792600603413
1008,0.8499438189862537,25498.314569587612,19.50150046597575,15.0,11.168797958037,0,0,20.26792600603413
1009,0.8501557575593376,25504.67272678013,19.36268740833424,15.0,10.999216069204492,0,0,20.26792600603413
1010,0.8503922580758826,25511.76774227648,19.22414259242586,15.0,10.829961879657203,0,0,20.26792600603413
1011,0.850653276403251,25519.59829209753,19.085907072069638,15.0,10.661085543064338,0,0,20.26792600603413
1012,0.8509387611436483,25528.16283430945,18.948021809433612,15.0,10.49263710112906,0,0,20.26792600603413
1013,0.8512486536493541,25537.459609480622,18.810527662896902,15.0,10.324666468760132,0,0,20.26792600603413
1014,0.8515828880401002,25547.486641203006,18.673465374942484,15.0,10.15722341928101,0,0,20.26792600603413
1015,0.8519413912225927,25558.24173667778,18.536875560084347,15.0,9.990357569681002,0,0,20.26792600603413
1016,0.8523240829121705,25569.722487365118,18.400798692832474,15.0,9.824118365912593,0,0,20.26792600603413
1017,0.8527308756565964,25581.926269697895,18.265275095699415,15.0,9.658555068239592,0,0,20.26792600603413
1018,0.8531616748619703,25594.850245859107,18.13034492725182,15.0,9.493716736640232,0,0,20.26792600603413
1019,0.853616378820759,25608.491364622772,17.996048170210656,15.0,9.329652216269706,0,0,20.26792600603413
1020,0.8540948787419363,25622.84636225809,17.862424619603388,15.0,9.166410122986177,0,0,20.26792600603413
1021,0.8545970587832176,25637.911763496526,17.729513870971864,15.0,9.004038828944914,0,0,20.26792600603413
1022,0.8551227960853879,25653.683882561636,17.597355308639408,15.0,8.842586448264658,0,0,20.26792600603413
1023,0.8556719608087078,25670.158824261234,17.46598809404022,15.0,8.68210082277021,0,0,20.26792600603413
1024,0.856244416171387,25687.33248514161,17.335451154115162,15.0,8.522629507815989,0,0,20.26792600603413
1025,0.8568400184901164,25705.20055470349,17.205783169776662,15.0,8.364219758194197,0,0,20.26792600603413
1026,0.857458617222644,25723.75851667932,17.077022564447027,15.0,8.206918514132507,0,0,20.26792600603413
1027,0.8581000550123844,25743.00165037153,16.94920749267247,15.0,8.050772387384338,0,0,20.26792600603413
1028,0.8587641677350462,25762.925032051386,16.822375828817236,15.0,7.895827647416958,0,0,20.26792600603413
1029,0.8594507845472664,25783.523536417993,16.696565155840545,15.0,7.742130207700768,0,0,20.26792600603413
1030,0.8601597279372346,25804.79183811704,16.571812754160078,15.0,7.5897256121042815,0,0,20.26792600603413
1031,0.8608908137772932,25826.724413318796,16.44815559060479,15.0,7.438659021398303,0,0,20.26792600603413
1032,0.8616438513784991,25849.315541354972,16.325630307460997,15.0,7.28897519987394,0,0,20.26792600603413
1033,0.8624186435471283,25872.55930641385,16.2042732116144,15.0,7.140718502077957,0,0,20.26792600603413
1034,0.8632149866431095,25896.449599293283,16.084120263791597,15.0,6.993932859669546,0,0,20.26792600603413
1035,0.8640326706403658,25920.980119210973,15.965207067904146,15.0,6.848661768402453,0,0,20.26792600603413
1036,0.8648714791890514,25946.14437567154,15.847568860498319,15.0,6.704948275236193,0,0,20.26792600603413
1037,0.8657311896796596,25971.935690389786,15.731240500313856,15.0,6.562834965580444,0,0,20.26792600603413
1038,0.866611573308987,25998.34719926961,15.616256457954432,15.0,6.42236395067588,0,0,20.26792600603413
1039,0.8675123951479338,26025.371854438014,15.502650805673355,15.0,6.283576855115835,0,0,20.26792600603413
1040,0.8684334142111167,26053.002426333504,15.390457207277207,15.0,6.146514804511991,0,0,20.26792600603413
1041,0.8693743835282797,26081.23150584839,15.279708908150525,15.0,6.011218413307985,0,0,20.26792600603413
1042,0.8703350502174754,26110.05150652426,15.170438725404491,15.0,5.877727772744466,0,0,20.26792600603413
1043,0.8713151555600003,26139.454666800008,15.062679038152469,15.0,5.746082438979167,0,0,20.26792600603413
1044,0.8723144350770583,26169.43305231175,14.956461777915486,15.0,5.61632142136568,0,0,20.26792600603413
1045,0.8733326186081317,26199.97855824395,14.851818419160079,15.0,5.488483170893968,0,0,20.26792600603413
1046,0.8743694303910352,26231.082911731057,14.748779969971839,15.0,5.362605568796617,0,0,20.26792600603413
1047,0.8754245891436307,26262.737674308923,14.64737696286701,15.0,5.238725915323796,0,0,20.26792600603413
1048,0.8764978081471769,26294.934244415308,14.547639445745054,15.0,5.116880918690365,0,0,20.26792600603413
1049,0.8775887953312905,26327.663859938715,14.449596972984807,15.0,4.997106684198462,0,0,20.26792600603413
1050,0.8786972533604926,26360.91760081478,14.353278596686875,15.0,4.8794387035387015,0,0,20.26792600603413
1051,0.8798228797223162,26394.686391669486,14.258712858064865,15.0,4.763911844273215,0,0,20.26792600603413
1052,0.8809653668169464,26428.96100450839,14.165927778988053,15.0,4.650560339503725,0,0,20.26792600603413
1053,0.8821244020483694,26463.732061451083,14.074950853677825,15.0,4.539417777727396,0,0,20.26792600603413
1054,0.8832996679170018,26498.99003751005,13.98580904056057,15.0,4.430517092883912,0,0,20.26792600603413
1055,0.8844908421137714,26534.72526341314,13.898528754279395,15.0,4.32389055459651,0,0,20.26792600603413
1056,0.8856975976156254,26570.927928468762,13.813135857866781,15.0,4.219569758609666,0,0,20.26792600603413
1057,0.8869196027824342,26607.588083473027,13.729655655080833,15.0,4.117585617426619,0,0,20.26792600603413
1058,0.888156521455263,26644.69564365789,13.648112882907284,15.0,4.017968351149401,0,0,20.26792600603413
1059,0.8894080130559835,26682.240391679505,13.568531704229404,15.0,3.9207474785239675,0,0,20.26792600603413
1060,0.8906737326881943,26720.21198064583,13.490935700667919,15.0,3.8259518081930537,0,0,20.26792600603413
1061,0.8919533312394211,26758.599937182633,13.41534786559333,15.0,3.7336094301596194,0,0,20.26792600603413
1062,0.8932464554845667,26797.393664537,13.341790597312515,15.0,3.643747707463226,0,0,20.26792600603413
1063,0.8945527481905786,26836.58244571736,13.27028569243155,15.0,3.5563932680716612,0,0,20.26792600603413
1064,0.8958718482223054,26876.15544666916,13.200854339396951,15.0,3.4715719969905843,0,0,20.26792600603413
1065,0.897203390649508,26916.101719485243,13.133517112217078,15.0,3.389309028593205,0,0,20.26792600603413
1066,0.8985470068549982,26956.410205649947,13.068293964365592,15.0,3.309628739172443,0,0,20.26792600603413
1067,0.8999023246438655,26997.069739315968,13.005204222868842,15.0,3.232554739717693,0,0,20.26792600603413
1068,0.9012689683537686,27038.069050613056,12.944266582578818,15.0,3.158109868918388,0,0,20.26792600603413
1069,0.9026465589662505,27079.396768987513,12.885499100633464,15.0,3.086316186396384,0,0,20.26792600603413
1070,0.9040347142190513,27121.04142657154,12.828919191106015,15.0,3.0171949661692734,0,0,20.26792600603413
1071,0.9054330487193806,27162.991461581416,12.774543619844746,15.0,2.950766690346356,0,0,20.26792600603413
1072,0.9068411740581162,27205.235221743485,12.722388499504937,15.0,2.887051043059395,0,0,20.26792600603413
1073,0.9082586989249,27247.760967747,12.672469284774355,15.0,2.82606690462978,0,0,20.26792600603413
1074,0.9096852292240905,27290.556876722712,12.624800767793662,15.0,2.767832345973871,0,0,20.26792600603413
1075,0.9111203681915421,27333.611045746264,12.579397073773212,15.0,2.7123646232482046,0,0,20.26792600603413
1076,0.9125637165121756,27376.911495365268,12.536271656807424,15.0,2.6596801727361035,0,0,20.26792600603413
1077,0.9140148724383028,27420.446173149085,12.495437295888088,15.0,2.6097946059773,0,0,20.26792600603413
1078,0.9154734319086735,27464.202957260204,12.456906091117618,15.0,2.562722705141834,0,0,20.26792600603413
1079,0.9169389886682077,27508.16966004623,12.420689460123551,15.0,2.518478418649816,0,0,20.26792600603413
1080,0.9184111343883775,27552.334031651324,12.386798134675272,15.0,2.477074857038204,0,0,24.26792600603413
1081,0.9198081793509043,27594.24538052713,14.793625276492158,15.0,2.4385242890758665,0,0,24.26792600603413
1082,0.9212111830487532,27636.335491462596,14.75864897269386,15.0,2.4028381381280797,0,0,24.26792600603413
1083,0.9226197161796743,27678.59148539023,14.72649047290754,15.0,2.3700269787715316,0,0,24.26792600603413
1084,0.9240333478029273,27721.00043408782,14.697159306390736,15.0,2.3401005336608773,0,0,24.26792600603413
1085,0.9254516454669788,27763.549364009363,14.670664164601103,15.0,2.313067670647663,0,0,24.26792600603413
1086,0.9268741753376464,27806.22526012939,14.647012898620957,15.0,2.288936400152613,0,0,24.26792600603413
1087,0.928300502326654,27849.015069799618,14.626212516830845,15.0,2.26771387279197,0,0,24.26792600603413
1088,0.929730190220557,27891.90570661671,14.60826918283281,15.0,2.2494063772586195,0,0,24.26792600603413
1089,0.9311628018100025,27934.884054300077,14.593188213623955,15.0,2.2340193384585865,0,0,24.26792600603413
1090,0.9325978990192834,27977.9369705785,14.580974078020933,15.0,2.22155731590355,0,0,24.26792600603413
1091,0.9340350430361495,28021.051291084485,14.571630395335724,15.0,2.212024002359743,0,0,24.26792600603413
1092,0.9354737944418378,28064.213833255133,14.565159934303168,15.0,2.2054222227537217,0,0,24.26792600603413
1093,0.9369137133412809,28107.411400238427,14.561564612260502,15.0,2.2017539333352545,0,0,24.26792600603413
1094,0.938354359493458,28150.63078480374,14.560845494579251,15.0,2.201020221097667,0,0,24.26792600603413
1095,0.9397952924418477,28193.85877325543,14.5630027943495,15.0,2.20322130345573,0,0,24.26792600603413
1096,0.9412360716449446,28237.082149348338,14.568035872316765,15.0,2.2083565281812363,0,0,24.26792600603413
1097,0.9426762566068012,28280.287698204036,14.575943237071424,15.0,2.216424373596272,0,0,24.26792600603413
1098,0.9441154070075568,28323.462210226706,14.58672254549065,15.0,2.227422449024127,0,0,24.26792600603413
1099,0.9455530828339134,28366.5924850174,14.600370603432715,15.0,2.2413474954976884,0,0,24.26792600603413
1100,0.9469888445095209,28409.665335285626,14.616883366683506,15.0,2.258195386725162,0,0,24.26792600603413
1101,0.9484222530252338,28452.667590757013,14.636255942154895,15.0,2.277961130312769,0,0,24.26792600603413
1102,0.9498528700691984,28495.58610207595,14.658482589334682,15.0,2.300638869244108,0,0,24.26792600603413
1103,0.9512802581567343,28538.40774470203,14.683556721987603,15.0,2.3262218836157027,0,0,24.26792600603413
1104,0.9527039807599711,28581.119422799133,14.711470910107018,15.0,2.354702592628268,0,0,24.26792600603413
1105,0.9541236024371998,28623.708073115995,14.74221688211655,15.0,2.3860725568330623,0,0,24.26792600603413
1106,0.9555386889619045,28666.160668857137,14.775785527321137,15.0,2.4203224806326706,0,0,24.26792600603413
1107,0.9569488074514332,28708.464223542996,14.81216689860674,15.0,2.4574422150354986,0,0,24.26792600603413
1108,0.9583535264952694,28750.605794858082,14.851350215387864,15.0,2.4974207606631333,0,0,24.26792600603413
1109,0.9597524162828693,28792.57248848608,14.893323866802119,15.0,2.540246271009707,0,0,24.26792600603413
1110,0.9611450487310235,28834.351461930702,14.938075415150703,15.0,2.5859060559522353,0,0,24.26792600603413
1111,0.9625309976107069,28875.92992832121,14.985591599584032,15.0,2.6343865855110273,0,0,24.26792600603413
1112,0.9639098386733809,28917.295160201425,15.035858340031174,15.0,2.685673493858883,0,0,24.26792600603413
1113,0.9652811497767053,28958.43449330116,15.088860741372097,15.0,2.7397515835779958,0,0,24.26792600603413
1114,0.9666445110096301,28999.335330288905,15.144583097851383,15.0,2.7966048301632793,0,0,24.26792600603413
1115,0.9679995048168235,29039.985144504706,15.203008897732238,15.0,2.8562163867707793,0,0,24.26792600603413
1116,0.9693457161224023,29080.37148367207,15.264120828189222,15.0,2.91856858920976,0,0,24.26792600603413
1117,0.9706827324529279,29120.481973587837,15.327900780438426,15.0,2.9836429611769457,0,0,24.26792600603413
1118,0.9720101440596317,29160.30432178895,15.39432985510352,15.0,3.051420219731514,0,0,24.26792600603413
1119,0.9733275440398318,29199.826321194952,15.46338836781602,15.0,3.1218802810090014,0,0,24.26792600603413
1120,0.9746345284575071,29239.035853725214,15.53505585504821,15.0,3.1950022661725987,0,0,24.26792600603413
1121,0.975930696462993,29277.92089388979,15.609311080176916,15.0,3.270764507600002,0,0,24.26792600603413
1122,0.9772156504117608,29316.469512352825,15.68613203977636,15.0,3.349144555303991,0,0,24.26792600603413
1123,0.9784889959822491,29354.669879467474,15.765495970138295,15.0,3.4301191835848526,0,0,24.26792600603413
1124,0.9797503422927093,29392.51026878128,15.847379354017347,15.0,3.5136643979126685,0,0,24.26792600603413
1125,0.9809993020170327,29429.97906051098,15.931757927599659,15.0,3.5997554420373454,0,0,24.26792600603413
1126,0.9822354914995232,29467.064744985695,16.018606687692852,15.0,3.6883668053245295,0,0,24.26792600603413
1127,0.983458530868583,29503.755926057493,16.107899899134978,15.0,3.7794722303149086,0,0,24.26792600603413
1128,0.9846680441492771,29540.041324478312,16.19961110242035,15.0,3.873044720504802,0,0,24.26792600603413
1129,0.9858636593747417,29575.90978124225,16.293713121540137,15.0,3.9690565483459093,0,0,24.26792600603413
1130,0.9870450086964073,29611.35026089222,16.39017807203523,15.0,4.067479263461571,0,0,24.26792600603413
1131,0.9882117284929993,29646.35185478998,16.48897736925891,15.0,4.168283701077167,0,0,24.26792600603413
1132,0.9893634594782873,29680.90378434862,16.59008173684711,15.0,4.271439990662252,0,0,24.26792600603413
1133,0.9904998468075489,29714.995404226465,16.693461215393718,15.0,4.3769175647819445,0,0,24.26792600603413
1134,0.9916205401827183,29748.616205481547,16.799085171328134,15.0,4.484685168154645,0,0,24.26792600603413
1135,0.992725193956187,29781.755818685608,16.90692230599268,15.0,4.594710866913678,0,0,24.26792600603413
1136,0.9938134672332265,29814.404016996796,17.016940664916998,15.0,4.706962058069907,0,0,24.26792600603413
1137,0.9948850239730034,29846.5507191901,17.12910764728697,15.0,4.821405479172839,0,0,24.26792600603413
1138,0.9959395330881542,29878.185992644627,17.243390015604955,15.0,4.9380072181669075,0,0,24.26792600603413
1139,0.9969766685428954,29909.300056286862,17.359753905538806,15.0,5.0567327234403745,0,0,24.26792600603413
1140,0.9979961094496335,29939.883283489005,17.478164835956605,15.0,5.177546814063728,0,0,24.26792600603413
1141,0.9989975401640515,29969.926204921547,17.598587719144138,15.0,5.300413690214529,0,0,24.26792600603413
1142,0.9999806503786411,29999.419511359236,17.72098687120221,15.0,5.425296943785715,0,0,24.26792600603413
1143,1.0,30000.0,17.845326022620434,15.0,5.5521595691740036,0,0,24.26792600603413
1144,1.0,30000.0,17.971568329024798,15.0,5.680963974245597,0,0,24.26792600603413
1145,1.0,30000.0,18.09967638209539,15.0,5.811671991475446,0,0,24.26792600603413
1146,1.0,30000.0,18.229612220651283,15.0,5.944244889257134,0,0,24.26792600603413
1147,1.0,30000.0,18.36133734189927,15.0,6.07864338337989,0,0,24.26792600603413
1148,1.0,30000.0,18.494812712843064,15.0,6.214827648669353,0,0,24.26792600603413
1149,1.0,30000.0,18.629998781849643,15.0,6.352757330788643,0,0,24.26792600603413
1150,1.0,30000.0,18.76685549036916,15.0,6.492391558196132,0,0,24.26792600603413
1151,1.0,30000.0,18.905342284805293,15.0,6.633688954256707,0,0,24.26792600603413
1152,1.0,30000.0,19.045418128532063,15.0,6.776607649502471,0,0,24.26792600603413
1153,1.0,30000.0,19.187041514053885,15.0,6.9211052940395845,0,0,24.26792600603413
1154,1.0,30000.0,19.33017047530515,15.0,7.067139070097456,0,0,24.26792600603413
1155,1.0,30000.0,19.47476260008566,15.0,7.214665704716573,0,0,24.26792600603413
1156,1.0,30000.0,19.620775042628292,15.0,7.363641482571213,0,0,24.26792600603413
1157,1.0,30000.0,19.768164536295146,15.0,7.5140222589232675,0,0,24.26792600603413
1158,1.0,30000.0,19.91688740639826,15.0,7.665763472703156,0,0,24.26792600603413
1159,1.0,30000.0,20.066899583141545,15.0,7.818820159714427,0,0,24.26792600603413
1160,1.0,30000.0,20.218156614679543,15.0,7.973146965957516,0,0,24.26792600603413
1161,1.0,30000.0,20.370613680289317,15.0,8.12869816106899,0,0,24.26792600603413
1162,1.0,30000.0,20.52422560365213,15.0,8.285427651872766,0,0,24.26792600603413
1163,1.0,30000.0,20.67894686623984,15.0,8.443288996038184,0,0,24.26792600603413
1164,1.0,30000.0,20.83473162080322,15.0,8.602235415842081,0,0,24.26792600603413
1165,1.0,30000.0,20.991533704957313,15.0,8.762219812029848,0,0,24.26792600603413
1166,1.0,30000.0,21.149306654860553,15.0,8.923194777772192,0,0,24.26792600603413
1167,1.0,30000.0,21.30800371898286,15.0,9.085112612712635,0,0,24.26792600603413
1168,1.0,30000.0,21.46757787195921,15.0,9.247925337102242,0,0,24.26792600603413
1169,1.0,30000.0,21.627981828524117,15.0,9.411584706016924,0,0,24.26792600603413
1170,1.0,30000.0,21.789168057523483,15.0,9.576042223653651,0,0,24.26792600603413
1171,1.0,30000.0,21.95108879599897,15.0,9.741249157700658,0,0,24.26792600603413
1172,1.0,30000.0,22.11369606334123,15.0,9.90715655377793,0,0,24.26792600603413
1173,1.0,30000.0,22.2769416755076,15.0,10.073715249943437,0,0,24.26792600603413
1174,1.0,30000.0,22.44077725930007,15.0,10.240875891260874,0,0,24.26792600603413
1175,1.0,30000.0,22.605154266699326,15.0,10.40858894442463,0,0,24.26792600603413
1176,1.0,30000.0,22.77002398925047,15.0,10.576804712437436,0,0,24.26792600603413
1177,1.0,30000.0,22.935337572496557,15.0,10.745473349336876,0,0,24.26792600603413
1178,1.0,30000.0,23.101046030455116,15.0,10.91454487496567,0,0,24.26792600603413
1179,1.0,30000.0,23.267100260133773,15.0,11.083969189781907,0,0,24.26792600603413
1180,1.0,30000.0,23.43345105608053,15.0,11.253696089704633,0,0,24.26792600603413
1181,1.0,30000.0,23.600049124964396,15.0,11.423675280990395,0,0,24.26792600603413
1182,1.0,30000.0,23.766845100182124,15.0,11.593856395136395,0,0,24.26792600603413
1183,1.0,30000.0,23.93378955648644,15.0,11.76418900380564,0,0,24.26792600603413
1184,1.0,30000.0,24.100833024632003,15.0,11.934622633770129,0,0,24.26792600603413
1185,0.9999900841012405,29999.702523037213,24.267926006034124,15.0,12.10510678186705,0,0,24.26792600603413
1186,0.9999545791375163,29998.63737412549,24.435018987436244,15.0,12.275590929963972,0,0,24.26792600603413
1187,0.9998934820677399,29996.804462032196,24.60206245558181,15.0,12.446024559928462,0,0,24.26792600603413
1188,0.9998067974343164,29994.203923029494,24.76900691188612,15.0,12.616357168597705,0,0,24.26792600603413
1189,0.9996945373617989,29990.836120853968,24.935802887103847,15.0,12.786538282743706,0,0,24.26792600603413
1190,0.9995567215532944,29986.701646598834,25.10240095598772,15.0,12.95651747402947,0,0,24.26792600603413
1191,0.9993933772846267,29981.8013185388,25.268751751934474,15.0,13.126244373952192,0,0,24.26792600603413
1192,0.9992045393962529,29976.136181887585,25.43480598161313,15.0,13.295668688768433,0,0,24.26792600603413
1193,0.9989902502829395,29969.707508488187,25.60051443957169,15.0,13.46474021439722,0,0,24.26792600603413
1194,0.9987505598812011,29962.516796436033,25.765828022817775,15.0,13.633408851296661,0,0,24.26792600603413
1195,0.9984855256545014,29954.565769635043,25.93069774536892,15.0,13.801624619309472,0,0,24.26792600603413
1196,0.9981952125762268,29945.856377286804,26.09507475276814,15.0,13.969337672473195,0,0,24.26792600603413
1197,0.9978796931104329,29936.39079331299,26.258910336560643,15.0,14.13649831379066,0,0,24.26792600603413
1198,0.9975390471903721,29926.171415711164,26.422155948727017,15.0,14.30305700995617,0,0,24.26792600603413
1199,0.9971733621948073,29915.20086584422,26.584763216069277,15.0,14.468964406033445,0,0,24.26792600603413
1200,0.99678273292212,29903.481987663603,26.7466839545448,15.0,14.634171340080487,0,0,24.26792600603413
1201,0.9963672615622192,29891.017846866576,26.907870183544162,15.0,14.79862885771721,0,0,24.26792600603413
1202,0.9959270576662603,29877.81172998781,27.068274140109068,15.0,14.962288226631895,0,0,24.26792600603413
1203,0.9954622381141833,29863.8671434255,27.227848293085355,15.0,15.125100951021432,0,0,24.26792600603413
1204,0.9949729270800783,29849.18781240235,27.386545357207694,15.0,15.287018785961909,0,0,24.26792600603413
1205,0.99445925599539,29833.777679861698,27.544318307110935,15.0,15.447993751704253,0,0,24.26792600603413
1206,0.9939213635099715,29817.640905299144,27.701120391265025,15.0,15.607978147892023,0,0,24.26792600603413
1207,0.9933593954510002,29800.781863530006,27.85690514582837,15.0,15.766924567695884,0,0,24.26792600603413
1208,0.9927735047797654,29783.205143392963,28.011626408416117,15.0,15.924785911861337,0,0,24.26792600603413
1209,0.9921638515463423,29764.91554639027,28.16523833177893,15.0,16.08151540266511,0,0,24.26792600603413
1210,0.9915306028421669,29745.918085265006,28.317695397388736,15.0,16.237066597776618,0,0,24.26792600603413
1211,0.9908739327505216,29726.21798251565,28.4689524289267,15.0,16.391393404019674,0,0,24.26792600603413
1212,0.990194022294952,29705.82066884856,28.61896460566999,15.0,16.544450091030946,0,0,24.26792600603413
1213,0.9894910593856245,29684.731781568735,28.767687475773098,15.0,16.69619130481084,0,0,24.26792600603413
1214,0.9887652387636456,29662.95716290937,28.915076969439927,15.0,16.846572081162858,0,0,24.26792600603413
1215,0.9880167619433552,29640.502858300657,29.06108941198259,15.0,16.995547859017535,0,0,24.26792600603413
1216,0.9872458371526137,29617.37511457841,29.205681536763098,15.0,17.143074493636647,0,0,24.26792600603413
1217,0.9864526792710995,29593.580378132985,29.348810498014366,15.0,17.289108269694523,0,0,24.26792600603413
1218,0.9856375097666358,29569.125292999073,29.490433883536188,15.0,17.43360591423163,0,0,24.26792600603413
1219,0.9848005566295644,29544.016698886935,29.630509727262954,15.0,17.5765246094774,0,0,24.26792600603413
1220,0.9839420543051883,29518.26162915565,29.768996521699087,15.0,17.717822005537975,0,0,24.26792600603413
1221,0.9830622436242991,29491.86730872897,29.905853230218604,15.0,17.85745623294546,0,0,24.26792600603413
1222,0.9821613717318143,29464.841151954428,30.041039299225183,15.0,17.99538591506475,0,0,24.26792600603413
1223,0.9812396920135432,29437.190760406298,30.174514670168982,15.0,18.131570180354213,0,0,24.26792600603413
1224,0.980297464021103,29408.92392063309,30.30623979141697,15.0,18.265968674476973,0,0,24.26792600603413
1225,0.9793349533950078,29380.048601850234,30.43617562997286,15.0,18.398541572258658,0,0,24.26792600603413
1226,0.978352431785954,29350.57295357862,30.56428368304345,15.0,18.529249589488508,0,0,24.26792600603413
1227,0.9773501767743238,29320.505303229715,30.690525989447817,15.0,18.6580539945601,0,0,24.26792600603413
1228,0.9763284717879328,29289.854153637985,30.814865140866036,15.0,18.78491661994839,0,0,24.26792600603413
1229,0.9752876060180439,29258.628180541316,30.937264292924084,15.0,18.909799873519553,0,0,24.26792600603413
1230,0.9742278743336733,29226.836230010198,31.05768717611165,15.0,19.032666749670376,0,0,24.26792600603413
1231,0.973149577194215,29194.48731582645,31.17609810652944,15.0,19.15348084029373,0,0,24.26792600603413
1232,0.9720530205604081,29161.590616812242,31.2924619964633,15.0,19.2722063455672,0,0,24.26792600603413
1233,0.9709385158036741,29128.155474110223,31.406744364781304,15.0,19.38880808456129,0,0,24.26792600603413
1234,0.9698063796138503,29094.191388415507,31.518911347151274,15.0,19.503251505664217,0,0,24.26792600603413
1235,0.9686569339053483,29059.70801716045,31.628929706075574,15.0,19.61550269682043,0,0,24.26792600603413
1236,0.9674905057217639,29024.715171652915,31.736766840740096,15.0,19.72552839557944,0,0,24.26792600603413
1237,0.9663074271389663,28989.22281416899,31.84239079667453,15.0,19.833295998952163,0,0,24.26792600603413
1238,0.9651080351666976,28953.24105500093,31.945770275221143,15.0,19.938773573071856,0,0,24.26792600603413
1239,0.9638926716487095,28916.780149461287,32.04687464280934,15.0,20.041929862656943,0,0,24.26792600603413
1240,0.962661683161467,28879.850494844013,32.145673940033,15.0,20.142734300272515,0,0,24.26792600603413
1241,0.961415420911451,28842.46262734353,32.24213889052811,15.0,20.2411570153882,0,0,24.26792600603413
1242,0.9601542406310877,28804.62721893263,32.33624090964791,15.0,20.337168843229325,0,0,24.26792600603413
1243,0.9588785024733376,28766.355074200128,32.42795211293329,15.0,20.430741333419217,0,0,24.26792600603413
1244,0.9575885709049748,28727.657127149247,32.5172453243754,15.0,20.521846758409577,0,0,24.26792600603413
1245,0.9562848145985872,28688.544437957615,32.60409408446859,15.0,20.610458121696766,0,0,24.26792600603413
1246,0.9549676063233306,28649.028189699915,32.6884726580509,15.0,20.696549165821438,0,0,24.26792600603413
1247,0.9536373228344697,28609.11968503409,32.770356041929944,15.0,20.78009438014924,0,0,24.26792600603413
1248,0.9522943447617372,28568.830342852118,32.849719972291894,15.0,20.861069008430118,0,0,24.26792600603413
1249,0.9509390564965453,28528.17169489636,32.92654093189134,15.0,20.93944905613411,0,0,24.26792600603413
1250,0.9495718460780812,28487.155382342436,33.00079615702005,15.0,21.015211297561507,0,0,24.26792600603413
1251,0.948193105078324,28445.79315234972,33.07246364425223,15.0,21.088333282725106,0,0,24.26792600603413
1252,0.9468032284860127,28404.09685458038,33.14152215696474,15.0,21.158793344002596,0,0,24.26792600603413
1253,0.9454026145896025,28362.078437688077,33.20795123162983,15.0,21.226570602557164,0,0,24.26792600603413
1254,0.943991664859244,28319.74994577732,33.271731183879034,15.0,21.29164497452435,0,0,24.26792600603413
1255,0.9425707838278179,28277.123514834537,33.33284311433602,15.0,21.353997176963333,0,0,24.26792600603413
1256,0.9411403789710641,28234.21136913192,33.391268914216866,15.0,21.413608733570832,0,0,24.26792600603413
1257,0.9397008605868373,28191.02581760512,33.44699127069616,15.0,21.470461980156113,0,0,24.26792600603413
1258,0.9382526416735275,28147.579250205825,33.49999367203708,15.0,21.52454006987523,0,0,24.26792600603413
1259,0.9367961378076786,28103.884134230357,33.55026041248422,15.0,21.575826978223084,0,0,24.26792600603413
1260,0.9353317670208452,28059.953010625355,33.597776596917555,15.0,21.62430750778188,0,0,24.26792600603413
1261,0.9338599496757202,28015.798490271605,33.642528145266134,15.0,21.669967292724408,0,0,24.26792600603413
1262,0.9323811083415723,27971.43325024717,33.68450179668038,15.0,21.71279280307097,0,0,24.26792600603413
1263,0.9308956676690301,27926.870030070902,33.72368511346152,15.0,21.752771348698612,0,0,24.26792600603413
1264,0.9294040542642484,27882.121627927452,33.760066484747114,15.0,21.789891083101438,0,0,24.26792600603413
1265,0.9279066965624958,27837.200896874874,33.7936351299517,15.0,21.82414100690105,0,0,24.26792600603413
1266,0.9264040247011999,27792.120741035997,33.824381101961244,15.0,21.85551097110585,0,0,24.26792600603413
1267,0.9248964703924887,27746.89411177466,33.852295290080654,15.0,21.88399168011841,0,0,24.26792600603413
1268,0.9233844667952646,27701.534003857938,33.87736942273358,15.0,21.909574694490004,0,0,24.26792600603413
1269,0.9218684483868503,27656.05345160551,33.899596069913365,15.0,21.93225243342134,0,0,24.26792600603413
1270,0.9203488508342436,27610.465525027306,33.91896864538475,15.0,21.952018177008952,0,0,24.26792600603413
1271,0.9188261108650199,27564.783325950597,33.935481408635546,15.0,21.96886606823643,0,0,24.26792600603413
1272,0.9173006661379209,27519.019984137627,33.94912946657761,15.0,21.982791114709986,0,0,24.26792600603413
1273,0.9157729551131659,27473.188653394976,33.95990877499683,15.0,21.99378919013784,0,0,24.26792600603413
1274,0.9142434169225273,27427.30250767582,33.96781613975149,15.0,22.00185703555288,0,0,24.26792600603413
1275,0.9127124912392063,27381.37473717619,33.97284921771876,15.0,22.006992260278384,0,0,24.26792600603413
1276,0.9111806181475479,27335.418544426437,33.97500651748901,15.0,22.00919334263645,0,0,24.26792600603413
1277,0.9096482380126348,27289.447140379045,33.97428739980776,15.0,22.00845963039886,0,0,24.26792600603413
1278,0.9081157913497978,27243.473740493933,33.970692077765094,15.0,22.004791340980397,0,0,24.26792600603413
1279,0.9065837186940806,27197.51156082242,33.96422161673254,15.0,21.99818956137437,0,0,24.26792600603413
1280,0.9050524604697014,27151.573814091043,33.95487793404733,15.0,21.98865624783057,0,0,24.26792600603413
1281,0.9035224568595444,27105.673705786332,33.9426637984443,15.0,21.976194225275535,0,0,24.26792600603413
1282,0.9019941476747243,27059.82443024173,33.92758282923545,15.0,21.960807186475492,0,0,24.26792600603413
1283,0.9004679722242616,27014.039166727845,33.909639495237414,15.0,21.942499690942142,0,0,24.26792600603413
1284,0.8989443691849045,26968.331075547136,33.888839113447304,15.0,21.921277163581507,0,0,24.26792600603413
1285,0.8974237764711411,26922.713294134235,33.86518784746716,15.0,21.897145893086453,0,0,24.26792600603413
1286,0.8959066311054346,26877.198933163036,33.83869270567752,15.0,21.87011303007324,0,0,24.26792600603413
1287,0.8943933690887242,26831.80107266173,33.80936153916072,15.0,21.840186584962588,0,0,24.26792600603413
1288,0.8928844252712299,26786.5327581369,33.777203039374406,15.0,21.80737542560604,0,0,24.26792600603413
1289,0.8913802332235954,26741.40699670786,33.742226735576104,15.0,21.77168927465825,0,0,24.26792600603413
1290,0.8898812251084125,26696.436753252376,33.70444299199949,15.0,21.733138706695915,0,0,24.26792600603413
1291,0.8883878315521623,26651.634946564867,33.66386300478322,15.0,21.6917351450843,0,0,24.26792600603413
1292,0.8869004815176104,26607.01444552831,33.62049879865329,15.0,21.647490858592285,0,0,24.26792600603413
1293,0.8854196021766969,26562.588065300908,33.574363223359846,15.0,21.600418957756823,0,0,24.26792600603413
1294,0.8839456187839557,26518.36856351867,33.525469949869546,15.0,21.55053339099802,0,0,24.26792600603413
1295,0.8824789545505021,26474.36863651506,33.47383346631454,15.0,21.497848940485923,0,0,24.26792600603413
1296,0.8810200305186268,26430.600915558804,33.419469073699275,15.0,21.44238121776025,0,0,24.26792600603413
1297,0.8795692654370317,26387.07796311095,33.3623928813666,15.0,21.384146659104342,0,0,24.26792600603413
1298,0.8781270756367457,26343.81226910237,33.302621802224095,15.0,21.323162520674728,0,0,24.26792600603413
1299,0.8766938749077567,26300.816247232702,33.240173547732475,15.0,21.259446873387766,0,0,24.26792600603413
1300,0.8752700743763968,26258.102231291905,33.17506662265728,15.0,21.193018597564844,0,0,24.26792600603413
1301,0.8738560823835166,26215.6824715055,33.10732031958555,15.0,21.123897377337734,0,0,24.26792600603413
1302,0.8724523043634853,26173.569130904558,33.03695471320896,15.0,21.05210369481575,0,0,24.26792600603413
1303,0.871059142724051,26131.774281721533,32.96399065437527,15.0,20.97765882401643,0,0,24.26792600603413
1304,0.8696769967271,26090.309901812998,32.88844976390986,15.0,20.90058482456168,0,0,24.26792600603413
1305,0.8683062623703448,26049.187871110345,32.81035442620884,15.0,20.82090453514092,0,0,24.26792600603413
1306,0.8669473322699836,26008.419968099508,32.729727782606226,15.0,20.73864156674354,0,0,24.26792600603413
1307,0.8656005955443582,25968.017866330745,32.646593724516556,15.0,20.653820295662445,0,0,24.26792600603413
1308,0.8642664376986504,25927.993130959512,32.560976886355455,15.0,20.56646585627088,0,0,24.26792600603413
1309,0.8629452405106486,25888.35721531946,32.47290263823984,15.0,20.476604133574504,0,0,24.26792600603413
1310,0.8616373819176184,25849.121457528552,32.38239707847016,15.0,20.38426175554107,0,0,24.26792600603413
1311,0.8603432359043119,25810.29707712936,32.289487025797115,15.0,20.289466085210158,0,0,24.26792600603413
1312,0.8590631723921479,25771.895171764438,32.19420001147445,15.0,20.192245212584723,0,0,24.26792600603413
1313,0.8577975571295962,25733.926713887886,32.096564271100966,15.0,20.092627946307523,0,0,24.26792600603413
1314,0.8565467515837983,25696.40254751395,31.99660873625367,15.0,19.990643805124456,0,0,24.26792600603413
1315,0.8553111128334571,25659.333385003712,31.894363025914796,15.0,19.88632300913759,0,0,24.26792600603413
1316,0.8540909934630266,25622.729803890797,31.78985743769494,15.0,19.77969647085019,0,0,24.26792600603413
1317,0.8528867414582338,25586.602243747016,31.683122938855313,15.0,19.670795786006728,0,0,24.26792600603413
1318,0.8516987001029628,25550.961003088883,31.57419115713143,15.0,19.5596532242304,0,0,24.26792600603413
1319,0.8505272078775322,25515.816236325965,31.46309437136116,15.0,19.446301719460912,0,0,24.26792600603413
1320,0.8493725983583962,25481.177950751884,31.349865501919794,15.0,19.330774860195447,0,0,24.26792600603413
1321,0.8482352001192991,25447.05600357897,31.234538100965,15.0,19.213106879535665,0,0,24.26792600603413
1322,0.8471153366339111,25413.460099017335,31.1171463424947,15.0,19.09333264504376,0,0,24.26792600603413
1323,0.8460133261799768,25380.399785399306,30.99772501222042,15.0,18.97148764841033,0,0,24.26792600603413
1324,0.8449294817450023,25347.884452350067,30.876309497259655,15.0,18.847607994937512,0,0,24.26792600603413
1325,0.8438641109335094,25315.923328005283,30.752935775649846,15.0,18.721730392840158,0,0,24.26792600603413
1326,0.8428175158758878,25284.525476276634,30.627640405687323,15.0,18.593892142368446,0,0,24.26792600603413
1327,0.8417899931388655,25253.699794165965,30.500460515094304,15.0,18.464131124754957,0,0,24.26792600603413
1328,0.84078183363763,25223.455009128902,30.37143379001711,15.0,18.332485790989665,0,0,24.26792600603413
1329,0.8397933225496247,25193.79967648874,30.24059846385907,15.0,18.198995150426143,0,0,24.26792600603413
1330,0.8388247392300436,25164.74217690131,30.107993305950938,15.0,18.063698759222135,0,0,24.26792600603413
1331,0.8378763571290535,25136.290713871604,29.973657610062872,15.0,17.92663670861829,0,0,24.26792600603413
1332,0.8369484437107636,25108.453311322908,29.83763118276076,15.0,17.787849613058246,0,0,24.26792600603413
1333,0.8360412603739709,25081.237811219125,29.699954331610698,15.0,17.647378598153686,0,0,24.26792600603413
1334,0.8351550623747016,25054.651871241047,29.560667853234996,15.0,17.505265288497935,0,0,24.26792600603413
1335,0.8342900987505738,25028.702962517214,29.41981302122325,15.0,17.3615517953317,0,0,24.26792600603413
1336,0.8334466122470019,25003.398367410056,29.27743157390204,15.0,17.21628070406458,0,0,24.26792600603413
1337,0.832624839245266,24978.745177357978,29.133565701967115,15.0,17.069495061656173,0,0,24.26792600603413
1338,0.8318250096924666,24954.750290773998,28.988258035981175,15.0,16.921238363860187,0,0,24.26792600603413
1339,0.8310473470333872,24931.420411001618,28.841551633741634,15.0,16.771554542335796,0,0,24.26792600603413
1340,0.8302920681442822,24908.76204432847,28.693489967521735,15.0,16.620487951629848,0,0,24.26792600603413
1341,0.8295593832686118,24886.781498058353,28.544116911188524,15.0,16.46808335603336,0,0,24.26792600603413
1342,0.8288494959547421,24865.484878642263,28.39347672720235,15.0,16.3143859163172,0,0,24.26792600603413
1343,0.8281626029956302,24844.878089868904,28.241614053500793,15.0,16.159441176349787,0,0,24.26792600603413
1344,0.8274988943705089,24824.966831115267,28.08857389027159,15.0,16.003295049601626,0,0,24.26792600603413
1345,0.8268585531885934,24805.7565956578,27.934401586617955,15.0,15.845993805539932,0,0,24.26792600603413
1346,0.8262417556348205,24787.252669044614,27.779142827120765,15.0,15.687584055918173,0,0,24.26792600603413
1347,0.8256486709176419,24769.46012752926,27.622843618301196,15.0,15.52811274096389,0,0,24.26792600603413
1348,0.8250794612188845,24752.383836566536,27.46555027498809,15.0,15.367627115469439,0,0,24.26792600603413
1349,0.8245342816456914,24736.028449370744,27.3073094065937,15.0,15.206174734789183,0,0,24.26792600603413
1350,0.8240132801845614,24720.398405536842,27.148167903302472,15.0,15.043803440747952,0,0,28.26792600603413
1351,0.8233683186881524,24701.049560644573,31.436542002495106,15.0,14.880561347464425,0,0,28.26792600603413
1352,0.8227486932179842,24682.460796539526,31.249236661546078,15.0,14.716496827093897,0,0,28.26792600603413
1353,0.822154534310937,24664.63602932811,31.06104789390787,15.0,14.551658495494554,0,0,28.26792600603413
1354,0.8215859649575987,24647.57894872796,30.872031463973734,15.0,14.38609519782152,0,0,28.26792600603413
1355,0.8210431005658203,24631.29301697461,30.682243381391253,15.0,14.219855994053109,0,0,28.26792600603413
1356,0.8205260489265181,24615.781467795543,30.491739884465222,15.0,14.052990144453105,0,0,28.26792600603413
1357,0.8200349101817324,24601.04730545197,30.300577423493166,15.0,13.885547094974001,0,0,28.26792600603413
1358,0.8195697767949538,24587.093303848615,30.108812644037915,15.0,13.71757646260507,0,0,28.26792600603413
1359,0.819130733523724,24573.92200571172,29.916502370142233,15.0,13.549128020669793,0,0,28.26792600603413
1360,0.8187178573945205,24561.535721835615,29.723703587490675,15.0,13.380251684076926,0,0,28.26792600603413
1361,0.8183312176799318,24549.936530397954,29.530473426523443,15.0,13.210997494529623,0,0,28.26792600603413
1362,0.8179708758781307,24539.12627634392,29.336869145507546,15.0,13.041415605697111,0,0,28.26792600603413
1363,0.8176368856946504,24529.106570839514,29.142948113569744,15.0,12.871556268352903,0,0,28.26792600603413
1364,0.8173292930264716,24519.878790794148,28.94876779369696,15.0,12.701469815484515,0,0,28.26792600603413
1365,0.8170481359484209,24511.444078452627,28.754385725708712,15.0,12.531206647378694,0,0,28.26792600603413
1366,0.8167934447018892,24503.803341056675,28.559859509206877,15.0,12.360817216686733,0,0,28.26792600603413
1367,0.8165652416858703,24496.95725057611,28.365246786507605,15.0,12.190352013474257,0,0,28.26792600603413
1368,0.816363541450324,24490.90624350972,28.17060522556072,15.0,12.01986155025991,0,0,28.26792600603413
1369,0.8161883506918638,24485.650520755913,27.975992502861406,15.0,11.849396347047398,0,0,28.26792600603413
1370,0.8160396682517733,24481.1900475532,27.78146628635956,15.0,11.679006916355437,0,0,28.26792600603413
1371,0.8159174851163492,24477.524553490475,27.587084218371324,15.0,11.508743748249618,0,0,28.26792600603413
1372,0.8158217844195721,24474.653532587163,27.392903898498535,15.0,11.338657295381228,0,0,28.26792600603413
1373,0.8157525414481048,24472.576243443145,27.198982866560733,15.0,11.168797958037022,0,0,28.26792600603413
1374,0.815709723648615,24471.29170945845,27.00537858554484,15.0,10.999216069204511,0,0,28.26792600603413
1375,0.8156932906374218,24470.798719122653,26.812148424577643,15.0,10.82996187965724,0,0,28.26792600603413
1376,0.8157031942124615,24471.095826373847,26.619349641926043,15.0,10.661085543064338,0,0,28.26792600603413
1377,0.8157393783675724,24472.18135102717,26.427039368030364,15.0,10.492637101129063,0,0,28.26792600603413
1378,0.8158017793090889,24474.053379272667,26.23527458857511,15.0,10.324666468760135,0,0,28.26792600603413
1379,0.8158903254747464,24476.70976424239,26.04411212760306,15.0,10.157223419281028,0,0,28.26792600603413
1380,0.8160049375548857,24480.14812664657,25.853608630676984,15.0,9.990357569680988,0,0,28.26792600603413
1381,0.8161455285159548,24484.365855478645,25.663820548094503,15.0,9.824118365912579,0,0,28.26792600603413
1382,0.8163120036262987,24489.360108788962,25.474804118160446,15.0,9.658555068239611,0,0,28.26792600603413
1383,0.8165042604842302,24495.127814526906,25.286615350522197,15.0,9.493716736640236,0,0,28.26792600603413
1384,0.8167221890483737,24501.66567145121,25.09931000957317,15.0,9.329652216269707,0,0,28.26792600603413
1385,0.8169656716702733,24508.9701501082,24.912943597928223,15.0,9.166410122986179,0,0,28.26792600603413
1386,0.8172345831292545,24517.037493877633,24.727571339977253,15.0,9.00403882894495,0,0,28.26792600603413
1387,0.8175287906695287,24525.86372008586,24.543248165520907,15.0,8.842586448264662,0,0,28.26792600603413
1388,0.8178481540395335,24535.444621186005,24.360028693493874,15.0,8.682100822770211,0,0,28.26792600603413
1389,0.8181925255334905,24545.775766004717,24.17796721577988,15.0,8.522629507815958,0,0,28.26792600603413
1390,0.8185617500351751,24556.85250105525,23.997117681123978,15.0,8.364219758194201,0,0,28.26792600603413
1391,0.8189556650638794,24568.66995191638,23.817533679146337,15.0,8.206918514132509,0,0,28.26792600603413
1392,0.81937410082256,24581.2230246768,23.63926842446249,15.0,8.05077238738434,0,0,28.26792600603413
1393,0.8198168802481519,24594.506407444558,23.462374740914672,15.0,7.895827647416961,0,0,28.26792600603413
1394,0.8202838190640361,24608.514571921085,23.286905045919,15.0,7.742130207700804,0,0,28.26792600603413
1395,0.8207747258346453,24623.241775039358,23.11291133493301,15.0,7.589725612104283,0,0,28.26792600603413
1396,0.8212894020221891,24638.682060665673,22.94044516604843,15.0,7.438659021398303,0,0,28.26792600603413
1397,0.8218276420454864,24654.829261364594,22.769557644713192,15.0,7.288975199873943,0,0,28.26792600603413
1398,0.8223892333408832,24671.677000226497,22.600299408587922,15.0,7.140718502077959,0,0,28.26792600603413
1399,0.8229739564252393,24689.21869275718,22.432720612540876,15.0,6.993932859669548,0,0,28.26792600603413
1400,0.8235815849609662,24707.447548828986,22.266870913785965,15.0,6.848661768402455,0,0,28.26792600603413
1401,0.8242118858230961,24726.356574692883,22.10279945716823,15.0,6.704948275236195,0,0,28.26792600603413
1402,0.8248646191683614,24745.93857505084,21.940554860601324,15.0,6.562834965580472,0,0,28.26792600603413
1403,0.8255395385062653,24766.18615518796,21.780185200660597,15.0,6.422363950675882,0,0,28.26792600603413
1404,0.8262363907721232,24787.091723163696,21.621737998337444,15.0,6.283576855115836,0,0,28.26792600603413
1405,0.8269549164020501,24808.647492061504,21.46526020495746,15.0,6.146514804511995,0,0,28.26792600603413
1406,0.8276948494098758,24830.845482296274,21.310798188267885,15.0,6.011218413307987,0,0,28.26792600603413
1407,0.8284559174659617,24853.67752397885,21.1583977186978,15.0,5.877727772744441,0,0,28.26792600603413
1408,0.8292378419778985,24877.135259336956,21.0081039557955,15.0,5.746082438979197,0,0,28.26792600603413
1409,0.8300403381730589,24901.210145191766,20.859961434846415,15.0,5.616321421365684,0,0,28.26792600603413
1410,0.8308631151829817,24925.89345548945,20.714014053676806,15.0,5.488483170893996,0,0,28.26792600603413
1411,0.8317058761295628,24951.176283886885,20.57030505964539,15.0,5.362605568796619,0,0,28.26792600603413
1412,0.8325683182130263,24977.04954639079,20.42887703682866,15.0,5.238725915323771,0,0,28.26792600603413
1413,0.8334501328016506,25003.50398404952,20.28977189340209,15.0,5.1168809186903665,0,0,28.26792600603413
1414,0.834351005523223,25030.53016569669,20.153030849221736,15.0,4.997106684198462,0,0,28.26792600603413
1415,0.8352706163581944,25058.118490745834,20.018694423610096,15.0,4.879438703538678,0,0,28.26792600603413
1416,0.8362086397345084,25086.259192035253,19.886802423349383,15.0,4.763911844273241,0,0,28.26792600603413
1417,0.8371647446240754,25114.942338722263,19.75739393088563,15.0,4.650560339503728,0,0,28.26792600603413
1418,0.8381385946408628,25144.157839225885,19.630507292748064,15.0,4.539417777727374,0,0,28.26792600603413
1419,0.8391298481405743,25173.89544421723,19.506180108186065,15.0,4.430517092883936,0,0,28.26792600603413
1420,0.8401381583218857,25204.14474965657,19.38444921802751,15.0,4.32389055459651,0,0,28.26792600603413
1421,0.8411631733292099,25234.895199876297,19.265350693762414,15.0,4.2195697586096665,0,0,28.26792600603413
1422,0.8422045363569596,25266.136090708787,19.148919826853792,15.0,4.117585617426599,0,0,28.26792600603413
1423,0.8432618857552759,25297.85657265828,19.035191118280355,15.0,4.017968351149401,0,0,28.26792600603413
1424,0.8443348551371936,25330.04565411581,18.924198268312917,15.0,3.9207474785239875,0,0,28.26792600603413
1425,0.8454230734872091,25362.692204616273,18.815974166528285,15.0,3.8259518081930564,0,0,28.26792600603413
1426,0.8465261652712204,25395.78495813661,18.710550882063522,15.0,3.7336094301596194,0,0,28.26792600603413
1427,0.847643750547806,25429.31251643418,18.607959654113092,15.0,3.6437477074632456,0,0,28.26792600603413
1428,0.8487754450808099,25463.2633524243,18.508230882671832,15.0,3.5563932680716626,0,0,28.26792600603413
1429,0.8499208604531989,25497.62581359597,18.411394119527124,15.0,3.4715719969905843,0,0,28.26792600603413
1430,0.8510796041821589,25532.388125464768,18.317478059501767,15.0,3.389309028593206,0,0,28.26792600603413
1431,0.8522512798353962,25567.538395061885,18.22651053195122,15.0,3.309628739172443,0,0,28.26792600603413
1432,0.8534354871486086,25603.064614458257,18.138518492517136,15.0,3.2325547397176937,0,0,28.26792600603413
1433,0.8546318221440928,25638.954664322784,18.053528015139833,15.0,3.1581098689183893,0,0,28.26792600603413
1434,0.8558398772504514,25675.196317513542,17.971564284331972,15.0,3.086316186396384,0,0,28.26792600603413
1435,0.8570592414233654,25711.777242700962,17.892651587715974,15.0,3.01719496616929,0,0,28.26792600603413
1436,0.8582895002673951,25748.685008021854,17.816813308826845,15.0,2.950766690346356,0,0,28.26792600603413
1437,0.8595302361587749,25785.907084763247,17.74407192018341,15.0,2.8870510430593965,0,0,28.26792600603413
1438,0.8607810283691635,25823.430851074903,17.674448976628973,15.0,2.82606690462978,0,0,28.26792600603413
1439,0.8620414531903154,25861.243595709464,17.60796510894432,15.0,2.767832345973872,0,0,28.26792600603413
1440,0.8633110840596352,25899.332521789056,17.544640017734253,15.0,2.7123646232481935,0,0,28.26792600603413
1441,0.864589491686576,25937.68475059728,17.48449246759001,15.0,2.659680172736114,0,0,28.26792600603413
1442,0.8658762441798484,25976.287325395453,17.427540281528742,15.0,2.609794605977301,0,0,28.26792600603413
1443,0.8671709071753992,26015.12721526198,17.373800335712353,15.0,2.5627227051418435,0,0,28.26792600603413
1444,0.8684730439651227,26054.191318953683,17.323288554446545,15.0,2.518478418649816,0,0,28.26792600603413
1445,0.8697822156262662,26093.46646878799,17.276019905462263,15.0,2.477074857038196,0,0,28.26792600603413
1446,0.8710979811514935,26132.939434544805,17.232008395480367,15.0,2.4385242890758665,0,0,28.26792600603413
1447,0.8724198975795635,26172.596927386905,17.191267066061076,15.0,2.4028381381280797,0,0,28.26792600603413
1448,0.8737475201265902,26212.425603797707,17.15380798973957,15.0,2.370026978771533,0,0,28.26792600603413
1449,0.8750804023178412,26252.412069535236,17.119642266448615,15.0,2.340100533660884,0,0,28.26792600603413
1450,0.8764180961200383,26292.54288360115,17.08878002022936,15.0,2.313067670647664,0,0,28.26792600603413
1451,0.877760152074119,26332.80456222357,17.061230396231423,15.0,2.2889364001526085,0,0,28.26792600603413
1452,0.8791061194284209,26373.183582852627,17.037001558002984,15.0,2.267713872791974,0,0,28.26792600603413
1453,0.8804555462722494,26413.666388167483,17.01610068507169,15.0,2.249406377258617,0,0,28.26792600603413
1454,0.8818079796697885,26454.239390093655,16.998533970817284,15.0,2.2340193384585865,0,0,28.26792600603413
1455,0.8831629657943154,26494.888973829464,16.984306620636303,15.0,2.2215573159035475,0,0,28.26792600603413
1456,0.8845200500626795,26535.601501880385,16.97342285039967,15.0,2.212024002359743,0,0,28.26792600603413
1457,0.8858787772700044,26576.36331810013,16.965885885203395,15.0,2.2054222227537226,0,0,28.26792600603413
1458,0.8872386917245757,26617.160751737272,16.96169795841292,15.0,2.2017539333352545,0,0,28.26792600603413
1459,0.8885993373828722,26657.980121486165,16.960860311001348,15.0,2.201020221097667,0,0,28.26792600603413
1460,0.8899602579847008,26698.807739541026,16.963373191181674,15.0,2.20322130345573,0,0,28.26792600603413
1461,0.8913209971883972,26739.629915651916,16.96923585433327,15.0,2.2083565281812363,0,0,28.26792600603413
1462,0.8926810987060488,26780.432961181465,16.978446563222523,15.0,2.2164243735962748,0,0,28.26792600603413
1463,0.8940401064387035,26821.203193161105,16.991002588517603,15.0,2.227422449024127,0,0,28.26792600603413
1464,0.8953975646115212,26861.926938345638,17.006900209597227,15.0,2.2413474954976884,0,0,28.26792600603413
1465,0.8967530179088298,26902.590537264892,17.026134715653182,15.0,2.258195386725162,0,0,28.26792600603413
1466,0.8981060116090449,26943.180348271348,17.048700407086198,15.0,2.277961130312768,0,0,28.26792600603413
1467,0.8994560917194142,26983.682751582426,17.074590597194916,15.0,2.300638869244108,0,0,28.26792600603413
1468,0.9008028051105446,27024.084153316337,17.103797614157216,15.0,2.3262218836156956,0,0,28.26792600603413
1469,0.9021456996506747,27064.37098952024,17.13631280330367,15.0,2.354702592628268,0,0,28.26792600603413
1470,0.9034843243396512,27104.529730189537,17.172126529681975,15.0,2.3860725568330623,0,0,28.26792600603413
1471,0.9048182294425695,27144.546883277086,17.211228180912087,15.0,2.4203224806326706,0,0,28.26792600603413
1472,0.9061469666230407,27184.408998691222,17.253606170330865,15.0,2.4574422150354986,0,0,28.26792600603413
1473,0.9074700890760423,27224.10267228127,17.299247940425463,15.0,2.4974207606631413,0,0,28.26792600603413
1474,0.9087871516603172,27263.614549809517,17.34813996655434,15.0,2.540246271009697,0,0,28.26792600603413
1475,0.9100977110302779,27302.931330908337,17.400267760955018,15.0,2.585906055952234,0,0,28.26792600603413
1476,0.9114013257673798,27342.03977302139,17.45561587703697,15.0,2.6343865855110167,0,0,28.26792600603413
1477,0.9126975565109227,27380.92669532768,17.51416791395893,15.0,2.685673493858883,0,0,28.26792600603413
1478,0.9139859660882431,27419.578982647294,17.575906521488665,15.0,2.7397515835779958,0,0,28.26792600603413
1479,0.9152661196442582,27457.983589327745,17.64081340514435,15.0,2.796604830163278,0,0,28.26792600603413
1480,0.9165375847703221,27496.127543109662,17.708869331615553,15.0,2.856216386770778,0,0,28.26792600603413
1481,0.9177999316323583,27533.997948970748,17.78005413446251,15.0,2.91856858920976,0,0,28.26792600603413
1482,0.9190527330982288,27571.581992946863,17.854346720091797,15.0,2.9836429611769324,0,0,28.26792600603413
1483,0.9202955648643024,27608.866945929072,17.931725074006984,15.0,3.0514202197315132,0,0,28.26792600603413
1484,0.9215280055811853,27645.84016743556,18.012166267331818,15.0,3.121880281009015,0,0,28.26792600603413
1485,0.9227496369785755,27682.489109357266,18.09564646360462,15.0,3.1950022661725974,0,0,28.26792600603413
1486,0.923960043989206,27718.80131967618,18.18214092584165,15.0,3.270764507600017,0,0,28.26792600603413
1487,0.9251588148718375,27754.764446155124,18.271624023866977,15.0,3.34914455530399,0,0,28.26792600603413
1488,0.9263455413332669,27790.366239998006,18.364069241907504,15.0,3.4301191835848517,0,0,28.26792600603413
1489,0.9275198186493127,27825.59455947938,18.45944918644999,15.0,3.5136643979126676,0,0,28.26792600603413
1490,0.9286812457847442,27860.437373542325,18.557735594358352,15.0,3.599755442037327,0,0,28.26792600603413
1491,0.9298294255121161,27894.882765363483,18.6588993412488,15.0,3.6883668053245287,0,0,28.26792600603413
1492,0.9309639645294765,27928.918935884296,18.762910450119815,15.0,3.779472230314906,0,0,28.26792600603413
1493,0.93208447357691,27962.5342073073,18.869738100235036,15.0,3.8730447205047818,0,0,28.26792600603413
1494,0.9331905675518842,27995.717026556526,18.979350636256296,15.0,3.969056548345928,0,0,28.26792600603413
1495,0.9342818656233636,28028.455968700906,19.091715577623468,15.0,4.06747926346159,0,0,28.26792600603413
1496,0.9353579913446581,28060.739740339744,19.206799628179425,15.0,4.168283701077165,0,0,28.26792600603413
1497,0.9364185727649732,28092.557182949196,19.32456868603626,15.0,4.271439990662249,0,0,28.26792600603413
1498,0.9374632425396252,28123.897276188756,19.444987853680452,15.0,4.376917564781922,0,0,28.26792600603413
1499,0.9384916380388951,28154.749141166852,19.56802144831383,15.0,4.484685168154643,0,0,28.26792600603413
1500,0.9395034014554826,28185.10204366448,19.69363301242698,15.0,4.594710866913676,0,0,28.26792600603413
1501,0.9404981799105328,28214.945397315983,19.82178532460248,15.0,4.706962058069884,0,0,28.26792600603413
1502,0.941475625558201,28244.26876674603,19.95244041054459,15.0,4.821405479172839,0,0,28.26792600603413
1503,0.9424353956887277,28273.06187066183,20.08555955433149,15.0,4.938007218166906,0,0,28.26792600603413
1504,0.9433771528299906,28301.314584899716,20.221103309887965,15.0,5.0567327234403745,0,0,28.26792600603413
1505,0.9443005648475047,28329.01694542514,20.35903151267396,15.0,5.177546814063725,0,0,28.26792600603413
1506,0.9452053050428413,28356.15915128524,20.499303291586294,15.0,5.300413690214551,0,0,28.26792600603413
1507,0.9460910522504354,28382.731567513063,20.641877081069467,15.0,5.425296943785689,0,0,28.26792600603413
1508,0.9469574909327545,28408.724727982633,20.786710633432783,15.0,5.552159569174002,0,0,28.26792600603413
1509,0.9478043112737982,28434.129338213945,20.933761031368853,15.0,5.680963974245621,0,0,28.26792600603413
1510,0.9486312092709045,28458.936278127134,21.082984700671105,15.0,5.811671991475444,0,0,28.26792600603413
1511,0.9494378868248319,28483.136604744956,21.234337423145888,15.0,5.944244889257131,0,0,28.26792600603413
1512,0.9502240518280924,28506.721554842774,21.387774349715063,15.0,6.078643383379889,0,0,28.26792600603413
1513,0.9509894182515097,28529.682547545293,21.543250013705837,15.0,6.214827648669351,0,0,28.26792600603413
1514,0.9517337062289756,28552.011186869266,21.700718344323562,15.0,6.352757330788641,0,0,28.26792600603413
1515,0.9524566421403796,28573.699264211387,21.860132680303337,15.0,6.492391558196099,0,0,28.26792600603413
1516,0.9531579586926903,28594.738760780707,22.021445783737096,15.0,6.633688954256703,0,0,28.26792600603413
1517,0.953837394999158,28615.12184997474,22.184609854070814,15.0,6.776607649502498,0,0,28.26792600603413
1518,0.9544946966566229,28634.840899698687,22.349576542269,15.0,6.921105294039582,0,0,28.26792600603413
1519,0.9551296158208988,28653.888474626965,22.51629696514181,15.0,7.067139070097483,0,0,28.26792600603413
1520,0.9557419112802156,28672.257338406467,22.684721719829724,15.0,7.2146657047166,0,0,28.26792600603413
1521,0.956331348526695,28689.94045580085,22.854800898443024,15.0,7.36364148257121,0,0,28.26792600603413
1522,0.9568976998258407,28706.930994775223,23.02648410285058,15.0,7.514022258923264,0,0,28.26792600603413
1523,0.9574407442840208,28723.222328520624,23.19972045961356,15.0,7.665763472703123,0,0,28.26792600603413
1524,0.9579602679139232,28738.808037417697,23.37445863506085,15.0,7.8188201597144245,0,0,28.26792600603413
1525,0.958456063697965,28753.68191093895,23.550646850499838,15.0,7.973146965957513,0,0,28.26792600603413
1526,0.9589279316496361,28767.837949489083,23.728232897559757,15.0,8.12869816106899,0,0,28.26792600603413
1527,0.9593756788727595,28781.270366182787,23.90716415366239,15.0,8.285427651872794,0,0,28.26792600603413
1528,0.9597991196186507,28793.973588559522,24.087387597614793,15.0,8.443288996038216,0,0,28.26792600603413
1529,0.960198075341159,28805.94226023477,24.26884982532102,15.0,8.602235415842078,0,0,28.26792600603413
1530,0.9605723747495745,28817.171242487235,24.451497065606723,15.0,8.762219812029848,0,0,28.26792600603413
1531,0.9609218538593851,28827.655615781554,24.6352751961528,15.0,8.923194777772224,0,0,28.26792600603413
1532,0.9612463560408692,28837.390681226076,24.82012975953279,15.0,9.085112612712631,0,0,28.26792600603413
1533,0.9615457320655079,28846.371961965237,25.00600597935024,15.0,9.24792533710224,0,0,28.26792600603413
1534,0.9618198401502048,28854.595204506146,25.19284877646951,15.0,9.411584706016889,0,0,28.26792600603413
1535,0.9620685459992997,28862.056379978992,25.38060278533758,15.0,9.57604222365365,0,0,28.26792600603413
1536,0.9622917228443628,28868.751685330884,25.569212370389444,15.0,9.741249157700654,0,0,28.26792600603413
1537,0.9624892514817591,28874.677544452774,25.758621642534564,15.0,9.907156553777927,0,0,28.26792600603413
1538,0.9626610203079712,28879.830609239136,25.948774475717805,15.0,10.073715249943437,0,0,28.26792600603413
1539,0.9628069253526695,28884.207760580088,26.13961452355091,15.0,10.240875891260906,0,0,28.26792600603413
1540,0.9629268703095216,28887.806109285648,26.331085236008924,15.0,10.408588944424594,0,0,28.26792600603413
1541,0.9630207665647287,28890.62299694186,26.523129876187618,15.0,10.576804712437436,0,0,28.26792600603413
1542,0.9630885332232849,28892.655996698548,26.71569153711533,15.0,10.745473349336876,0,0,28.26792600603413
1543,0.9631300971329476,28893.90291398843,26.90871315861615,15.0,10.914544874965667,0,0,28.26792600603413
1544,0.9631453929059142,28894.361787177426,27.102137544217875,15.0,11.083969189781904,0,0,28.26792600603413
1545,0.963134362938198,28894.03088814594,27.29590737810061,15.0,11.253696089704631,0,0,28.26792600603413
1546,0.963096957426697,28892.90872280091,27.48996524208068,15.0,11.423675280990391,0,0,28.26792600603413
1547,0.9630331343839525,28890.994031518578,27.68425363262492,15.0,11.593856395136395,0,0,28.26792600603413
1548,0.9629428596505906,28888.28578951772,27.878714977890002,15.0,11.764189003805601,0,0,28.26792600603413
1549,0.9628261069054438,28884.783207163313,28.073291654782665,15.0,11.934622633770127,0,0,28.26792600603413
1550,0.9626828576733508,28880.485730200526,28.26792600603416,15.0,12.105106781867086,0,0,28.26792600603413
1551,0.9625131013306318,28875.393039918956,28.462560357285568,15.0,12.275590929963968,0,0,28.26792600603413
1552,0.9623168351082355,28869.505053247067,28.657137034178195,15.0,12.44602455992846,0,0,28.26792600603413
1553,0.9620940640925603,28862.82192277681,28.85159837944336,15.0,12.616357168597737,0,0,28.26792600603413
1554,0.9618448012239467,28855.3440367184,29.04588676998752,15.0,12.78653828274367,0,0,28.26792600603413
1555,0.961569067292843,28847.07201878529,29.239944633967628,15.0,12.956517474029464,0,0,28.26792600603413
1556,0.9612668909336447,28838.006728009343,29.433714467850326,15.0,13.126244373952156,0,0,28.26792600603413
1557,0.9609383086162094,28828.149258486283,29.627138853452088,15.0,13.29566868876843,0,0,28.26792600603413
1558,0.9605833646350501,28817.500939051504,29.82016047495295,15.0,13.464740214397256,0,0,28.26792600603413
1559,0.9602021110962096,28806.063332886286,30.012722135880622,15.0,13.633408851296661,0,0,28.26792600603413
1560,0.95979460790182,28793.838237054602,30.20476677605932,15.0,13.801624619309504,0,0,28.26792600603413
1561,0.9593609227323538,28780.827681970615,30.396237488517365,15.0,13.969337672473225,0,0,28.26792600603413
1562,0.958901131026567,28767.03393079701,30.58707753635039,15.0,14.136498313790627,0,0,28.26792600603413
1563,0.958415315959146,28752.45947877438,30.777230369533676,15.0,14.303057009956166,0,0,28.26792600603413
1564,0.9579035684160611,28737.10705248183,30.96663964167883,15.0,14.468964406033477,0,0,28.26792600603413
1565,0.9573659869676342,28720.979609029026,31.155249226730657,15.0,14.63417134008045,0,0,28.26792600603413
1566,0.9568026778393315,28704.080335179944,31.34300323559873,15.0,14.798628857717208,0,0,28.26792600603413
1567,0.9562137548802856,28686.412646408568,31.529846032718,15.0,14.962288226631859,0,0,28.26792600603413
1568,0.9555993395295603,28667.98018588681,31.715722252535446,15.0,15.125100951021466,0,0,28.26792600603413
1569,0.954959560780165,28648.78682340495,31.90057681591547,15.0,15.287018785961909,0,0,28.26792600603413
1570,0.9542945551408315,28628.836654224946,32.08435494646151,15.0,15.44799375170425,0,0,28.26792600603413
1571,0.9536044665955636,28608.13399786691,32.26700218674721,15.0,15.60797814789202,0,0,28.26792600603413
1572,0.9528894465609715,28586.683396829147,32.44846441445348,15.0,15.766924567695915,0,0,28.26792600603413
1573,0.9521496538414038,28564.489615242113,32.628687858405854,15.0,15.924785911861301,0,0,28.26792600603413
1574,0.9513852545818898,28541.557637456695,32.80761911450849,15.0,16.081515402665108,0,0,28.26792600603413
1575,0.9505964222189083,28517.892666567248,32.985205161568445,15.0,16.237066597776618,0,0,28.26792600603413
1576,0.9497833374289937,28493.50012286981,33.161393377007386,15.0,16.391393404019674,0,0,28.26792600603413
1577,0.9489461880751978,28468.385642255933,33.33613155245464,15.0,16.544450091030946,0,0,28.26792600603413
1578,0.9480851691514222,28442.555074542666,33.50936790921766,15.0,16.69619130481083,0,0,28.26792600603413
1579,0.9472004827246373,28416.01448173912,33.68105111362518,15.0,16.846572081162858,0,0,28.26792600603413
1580,0.9462923378750051,28388.770136250154,33.851130292238544,15.0,16.995547859017528,0,0,28.26792600603413
1581,0.9453609506339248,28360.828519017745,34.01955504692643,15.0,17.14307449363661,0,0,28.26792600603413
1582,0.9444065439200178,28332.196317600534,34.18627546979924,15.0,17.289108269694516,0,0,28.26792600603413
1583,0.943429347473072,28302.88042419216,34.3512421579975,15.0,17.433605914231663,0,0,28.26792600603413
1584,0.9424295977859652,28272.887933578957,34.51440622833114,15.0,17.576524609477396,0,0,28.26792600603413
1585,0.9414075380345869,28242.226141037605,34.67571933176487,15.0,17.71782200553797,0,0,28.26792600603413
1586,0.9403634180057799,28210.9025401734,34.835133667744714,15.0,17.857456232945484,0,0,28.26792600603413
1587,0.939297494023324,28178.924820699718,34.992601998362375,15.0,17.995385915064723,0,0,28.26792600603413
1588,0.9382100288719801,28146.300866159403,35.14807766235318,15.0,18.131570180354213,0,0,28.26792600603413
1589,0.937101291719623,28113.03875158869,35.301514588922316,15.0,18.26596867447694,0,0,28.26792600603413
1590,0.9359715580374804,28079.146741124412,35.45286731139714,15.0,18.398541572258658,0,0,28.26792600603413
1591,0.9348211095185047,28044.63328555514,35.602090980699444,15.0,18.529249589488533,0,0,28.26792600603413
1592,0.9336502339939017,28009.50701981705,35.74914137863546,15.0,18.6580539945601,0,0,28.26792600603413
1593,0.9324592253478396,27973.77676043519,35.89397493099874,15.0,18.78491661994839,0,0,28.26792600603413
1594,0.9312483834303653,27937.45150291096,36.036548720481974,15.0,18.909799873519574,0,0,28.26792600603413
1595,0.930018013968552,27900.54041905656,36.176820499394246,15.0,19.03266674967035,0,0,28.26792600603413
1596,0.9287684284759053,27863.05285427716,36.31474870218028,15.0,19.153480840293728,0,0,28.26792600603413
1597,0.927499944160056,27824.99832480168,36.45029245773678,15.0,19.27220634556722,0,0,28.26792600603413
1598,0.9262128838287639,27786.386514862916,36.58341160152366,15.0,19.388808084561262,0,0,28.26792600603413
1599,0.924907575794263,27747.227273827888,36.71406668746577,15.0,19.503251505664217,0,0,28.26792600603413
1600,0.9235843537759755,27707.530613279265,36.84221899964127,15.0,19.61550269682043,0,0,28.26792600603413
1601,0.9222435568016238,27667.306704048715,36.96783056375442,15.0,19.72552839557946,0,0,28.26792600603413
1602,0.9208855291067691,27626.565873203075,37.090864158387774,15.0,19.83329599895216,0,0,28.26792600603413
1603,0.919510620032807,27585.31860098421,37.21128332603196,15.0,19.938773573071835,0,0,28.26792600603413
1604,0.9181191839234496,27543.575517703488,37.32905238388882,15.0,20.041929862656936,0,0,28.26792600603413
1605,0.9167115800197267,27501.347400591803,37.4441364344448,15.0,20.142734300272537,0,0,28.26792600603413
1606,0.9152881723535347,27458.64517060604,37.55650137581195,15.0,20.241157015388175,0,0,28.26792600603413
1607,0.9138493296397651,27415.479889192953,37.66611391183321,15.0,20.337168843229325,0,0,28.26792600603413
1608,0.9123954251670479,27371.862755011436,37.77294156194845,15.0,20.430741333419217,0,0,28.26792600603413
1609,0.910926836687137,27327.80510061411,37.87695267081945,15.0,20.521846758409577,0,0,28.26792600603413
1610,0.9094439463029745,27283.318389089236,37.97811641770987,15.0,20.61045812169676,0,0,28.26792600603413
1611,0.9079471403554656,27238.41421066397,38.07640282561826,15.0,20.696549165821438,0,0,28.26792600603413
1612,0.9064368093089972,27193.104279269915,38.171782770160725,15.0,20.78009438014924,0,0,28.26792600603413
1613,0.9049133476357346,27147.400429072037,38.26422798820128,15.0,20.861069008430114,0,0,28.26792600603413
1614,0.9033771536987314,27101.31461096194,38.353711086226596,15.0,20.93944905613409,0,0,28.26792600603413
1615,0.9018286296338859,27054.858889016577,38.440205548463624,15.0,21.015211297561507,0,0,28.26792600603413
1616,0.9002681812307792,27008.045436923378,38.52368574473645,15.0,21.088333282725106,0,0,28.26792600603413
1617,0.8986962178124314,26960.88653437294,38.60412693806126,15.0,21.158793344002596,0,0,28.26792600603413
1618,0.8971131521140097,26913.39456342029,38.681505291976436,15.0,21.226570602557164,0,0,28.26792600603413
1619,0.8955194001605269,26865.582004815806,38.75579787760576,15.0,21.29164497452436,0,0,28.26792600603413
1620,0.8939153811435635,26817.461434306904,38.82698268045268,15.0,21.35399717696332,0,0,32.26792600603413
1621,0.8921180583072958,26763.541749218875,44.39880829963094,15.0,21.413608733570832,0,0,32.26792600603413
1622,0.8903110096417436,26709.330289252306,44.472899710463,15.0,21.470461980156102,0,0,32.26792600603413
1623,0.8884946780333621,26654.840341000865,44.54337452418157,15.0,21.52454006987523,0,0,32.26792600603413
1624,0.8866695091193435,26600.085273580306,44.610211857578335,15.0,21.57582697822309,0,0,32.26792600603413
1625,0.8848359511555637,26545.07853466691,44.67339190530892,15.0,21.624307507781875,0,0,32.26792600603413
1626,0.8829944548837554,26489.833646512663,44.73289594576167,15.0,21.669967292724408,0,0,32.26792600603413
1627,0.8811454733979435,26434.364201938304,44.78870634660522,15.0,21.712792803070975,0,0,32.26792600603413
1628,0.8792894620101829,26378.683860305486,44.84080657001326,15.0,21.752771348698605,0,0,32.26792600603413
1629,0.8774268781156406,26322.806343469216,44.88918117756522,15.0,21.789891083101438,0,0,32.26792600603413
1630,0.875558181057059,26266.74543171177,44.93381583482087,15.0,21.82414100690106,0,0,32.26792600603413
1631,0.873683831988643,26210.51495965929,44.97469731556793,15.0,21.855510971105847,0,0,32.26792600603413
1632,0.8718042937394097,26154.12881218229,45.01181350574142,15.0,21.883991680118413,0,0,32.26792600603413
1633,0.8699200306760428,26097.600920281286,45.04515340701311,15.0,21.909574694490004,0,0,32.26792600603413
1634,0.8680315085652907,26040.94525695872,45.07470714005075,15.0,21.932252433421343,0,0,32.26792600603413
1635,0.8661391944359484,25984.175833078454,45.1004659474454,15.0,21.952018177008952,0,0,32.26792600603413
1636,0.8642435564404691,25927.306693214075,45.12242219630651,15.0,21.968866068236423,0,0,32.26792600603413
1637,0.8623450637162386,25870.35191148716,45.140569380523715,15.0,21.982791114709986,0,0,32.26792600603413
1638,0.8604441862465604,25813.325587396812,45.154902122694644,15.0,21.99378919013784,0,0,32.26792600603413
1639,0.8585413947213896,25756.241841641688,45.165416175718484,15.0,22.00185703555288,0,0,32.26792600603413
1640,0.8566371603978573,25699.11481193572,45.172108424054414,15.0,22.006992260278384,0,0,32.26792600603413
1641,0.8547319549606271,25641.958648818814,45.17497688464482,15.0,22.00919334263645,0,0,32.26792600603413
1642,0.8528262503821242,25584.787511463728,45.174020707502926,15.0,22.00845963039886,0,0,32.26792600603413
1643,0.8509205187826805,25527.615563480416,45.16924017596464,15.0,22.004791340980397,0,0,32.26792600603413
1644,0.8490152322906344,25470.45696871903,45.16063670660465,15.0,21.99818956137437,0,0,32.26792600603413
1645,0.8471108629024295,25413.325887072886,45.14821284881659,15.0,21.98865624783057,0,0,32.26792600603413
1646,0.845207882342752,25356.23647028256,45.13197228405765,15.0,21.976194225275535,0,0,32.26792600603413
1647,0.843306761924748,25299.20285774244,45.11191982475769,15.0,21.9608071864755,0,0,32.26792600603413
1648,0.8414079724103634,25242.2391723109,45.08806141289314,15.0,21.942499690942142,0,0,32.26792600603413
1649,0.8395119838708471,25185.359516125412,45.06040411822636,15.0,21.921277163581507,0,0,32.26792600603413
1650,0.8376192655474589,25128.577966423767,45.02895613621065,15.0,21.897145893086453,0,0,32.26792600603413
1651,0.8357302857124227,25071.90857137268,44.99372678556178,15.0,21.87011303007324,0,0,32.26792600603413
1652,0.8338455115301678,25015.365345905037,44.954726505496666,15.0,21.84018658496258,0,0,32.26792600603413
1653,0.8319654089188979,24958.962267566938,44.91196685263998,15.0,21.807375425606047,0,0,32.26792600603413
1654,0.8300904424125293,24902.713272375877,44.86546049759969,15.0,21.77168927465825,0,0,32.26792600603413
1655,0.8282210750230393,24846.63225069118,44.815221221212504,15.0,21.73313870669592,0,0,32.26792600603413
1656,0.8263577681032664,24790.733043097993,44.76126391046022,15.0,21.6917351450843,0,0,32.26792600603413
1657,0.824500981210201,24735.02943630603,44.703604554058565,15.0,21.647490858592285,0,0,32.26792600603413
1658,0.8226511719688089,24679.535159064268,44.6422602377192,15.0,21.600418957756823,0,0,32.26792600603413
1659,0.820808795936427,24624.26387809281,44.57724913908699,15.0,21.55053339099802,0,0,32.26792600603413
1660,0.8189743064677721,24569.229194033163,44.50859052235348,15.0,21.497848940485916,0,0,32.26792600603413
1661,0.8171481545806019,24514.444637418055,44.43630473254864,15.0,21.44238121776026,0,0,32.26792600603413
1662,0.8153307888220687,24459.92366466206,44.36041318951199,15.0,21.384146659104342,0,0,32.26792600603413
1663,0.8135226551358054,24405.67965407416,44.28093838154562,15.0,21.323162520674714,0,0,32.26792600603413
1664,0.8117241967297825,24351.725901893475,44.19790385875037,15.0,21.259446873387766,0,0,32.26792600603413
1665,0.8099358539449762,24298.07561834929,44.11133422604733,15.0,21.193018597564837,0,0,32.26792600603413
1666,0.8081580641248861,24244.741923746584,44.021255135887046,15.0,21.12389737733774,0,0,32.26792600603413
1667,0.8063912614859401,24191.7378445782,43.92769328064796,15.0,21.05210369481575,0,0,32.26792600603413
1668,0.8046358769888274,24139.076309664822,43.830676384726985,15.0,20.97765882401643,0,0,32.26792600603413
1669,0.8028923382107956,24086.77014632387,43.730233196324264,15.0,20.900584824561697,0,0,32.26792600603413
1670,0.80116106921895,24034.832076568502,43.626393478924165,15.0,20.82090453514092,0,0,32.26792600603413
1671,0.7994424904445933,23983.274713337796,43.51918800247604,15.0,20.738641566743524,0,0,32.26792600603413
1672,0.7977370185586424,23932.11055675927,43.4086485342763,15.0,20.653820295662463,0,0,32.26792600603413
1673,0.7960450663481612,23881.351990444837,43.294807829554905,15.0,20.56646585627088,0,0,32.26792600603413
1674,0.7943670425940417,23831.01127782125,43.17769962176963,15.0,20.476604133574483,0,0,32.26792600603413
1675,0.7927033519498735,23781.100558496204,43.05735861260981,15.0,20.38426175554107,0,0,32.26792600603413
1676,0.7910543948220364,23731.631844661093,42.93382046171364,15.0,20.289466085210158,0,0,32.26792600603413
1677,0.7894205672510515,23682.617017531546,42.80712177610142,15.0,20.192245212584744,0,0,32.26792600603413
1678,0.7878022607942254,23634.067823826765,42.677300099327994,15.0,20.09262794630753,0,0,32.26792600603413
1679,0.7861998624096241,23585.995872288724,42.544393900358045,15.0,19.990643805124456,0,0,32.26792600603413
1680,0.7846137543414079,23538.412630242237,42.40844256216671,15.0,19.88632300913762,0,0,32.26792600603413
1681,0.7830443140065649,23491.329420196947,42.26948637006948,15.0,19.77969647085019,0,0,32.26792600603413
1682,0.7814919138830746,23444.757416492237,42.127566499785054,15.0,19.670795786006728,0,0,32.26792600603413
1683,0.7799569213995334,23398.707641986002,41.98272500523386,15.0,19.5596532242304,0,0,32.26792600603413
1684,0.778439698826279,23353.19096478837,41.83500480607667,15.0,19.446301719460912,0,0,32.26792600603413
1685,0.7769406031680404,23308.21809504121,41.68444967499653,15.0,19.330774860195426,0,0,32.26792600603413
1686,0.7754599860581511,23263.799581744533,41.53110422472811,15.0,19.213106879535687,0,0,32.26792600603413
1687,0.7739981936543517,23219.945809630553,41.37501389483767,15.0,19.093332645043763,0,0,32.26792600603413
1688,0.7725555665362162,23176.666996086486,41.21622493825879,15.0,18.97148764841036,0,0,32.26792600603413
1689,0.7711324396042306,23133.973188126918,41.05478440758611,15.0,18.847607994937512,0,0,32.26792600603413
1690,0.7697291419805551,23091.874259416654,40.89074014113316,15.0,18.721730392840158,0,0,32.26792600603413
1691,0.7683459969114979,23050.379907344937,40.724140748756405,15.0,18.593892142368446,0,0,32.26792600603413
1692,0.7669833216717303,23009.49965015191,40.555035597451315,15.0,18.46413112475496,0,0,32.26792600603413
1693,0.7656414274702713,22969.24282410814,40.38347479672378,15.0,18.332485790989665,0,0,32.26792600603413
1694,0.7643206193582698,22929.618580748094,40.20950918374176,15.0,18.19899515042617,0,0,32.26792600603413
1695,0.7630211961386115,22890.635884158346,40.033190308270704,15.0,18.063698759222138,0,0,32.26792600603413
1696,0.7617434502773769,22852.303508321307,39.854570417398755,15.0,17.92663670861827,0,0,32.26792600603413
1697,0.7604876678171772,22814.630034515318,39.673702440054605,15.0,17.78784961305825,0,0,32.26792600603413
1698,0.759254128292394,22777.623848771822,39.49063997132323,15.0,17.647378598153658,0,0,32.26792600603413
1699,0.7580431046463472,22741.293139390415,39.30543725656509,15.0,17.505265288497935,0,0,32.26792600603413
1700,0.7568548631504154,22705.64589451246,39.11814917534144,15.0,17.36155179533171,0,0,32.26792600603413
1701,0.7556896633251351,22670.689899754052,38.92883122515277,15.0,17.21628070406458,0,0,32.26792600603413
1702,0.7545477578632982,22636.432735898947,38.73753950499364,15.0,17.069495061656205,0,0,32.26792600603413
1703,0.7534293925550739,22602.88177665222,38.544330698729,15.0,16.921238363860187,0,0,32.26792600603413
1704,0.7523348062151761,22570.044186455285,38.349262058297995,15.0,16.771554542335796,0,0,32.26792600603413
1705,0.7512642306120969,22537.926918362908,38.15239138674881,15.0,16.620487951629848,0,0,32.26792600603413
1706,0.750217890399429,22506.53671198287,37.95377702111007,15.0,16.468083356033333,0,0,32.26792600603413
1707,0.7491960030492959,22475.880091478877,37.7534778151049,15.0,16.314385916317175,0,0,32.26792600603413
1708,0.7481987787879102,22445.963363637307,37.55155312171079,15.0,16.15944117634979,0,0,32.26792600603413
1709,0.747226420533279,22416.792615998373,37.34806277557229,15.0,16.003295049601626,0,0,32.26792600603413
1710,0.7462791238350751,22388.373715052254,37.14306707527069,15.0,15.845993805539965,0,0,32.26792600603413
1711,0.745357076816691,22360.712304500732,36.936626765456026,15.0,15.687584055918173,0,0,32.26792600603413
1712,0.7444604601194944,22333.81380358483,36.72880301884754,15.0,15.528112740963891,0,0,32.26792600603413
1713,0.7435894468492997,22307.68340547899,36.519657418106625,15.0,15.367627115469475,0,0,32.26792600603413
1714,0.7427442025250734,22282.326075752204,36.30925193758836,15.0,15.206174734789187,0,0,32.26792600603413
1715,0.7419248850298875,22257.746550896627,36.09764892497764,15.0,15.043803440747954,0,0,32.26792600603413
1716,0.7411316445641347,22233.94933692404,35.88491108281386,15.0,14.880561347464429,0,0,32.26792600603413
1717,0.740364623601021,22210.93870803063,35.67110144991091,15.0,14.716496827093897,0,0,32.26792600603413
1718,0.7396239568443481,22188.718705330444,35.45628338267733,15.0,14.551658495494523,0,0,32.26792600603413
1719,0.7389097711885976,22167.29313565793,35.240520536342764,15.0,14.386095197821557,0,0,32.26792600603413
1720,0.7382221856813292,22146.665570439876,35.023876846094936,15.0,14.219855994053113,0,0,32.26792600603413
1721,0.7375613114879047,22126.83934463714,34.80641650813499,15.0,14.052990144453142,0,0,32.26792600603413
1722,0.7369272518585469,22107.817555756406,34.58820396065408,15.0,13.885547094974001,0,0,32.26792600603413
1723,0.7363201020977449,22089.603062932347,34.36930386473955,15.0,13.717576462605072,0,0,32.26792600603413
1724,0.7357399495360127,22072.198486080382,34.14978108521404,15.0,13.549128020669798,0,0,32.26792600603413
1725,0.7351868735040117,22055.60620512035,33.929700671414814,15.0,13.380251684076928,0,0,32.26792600603413
1726,0.7346609453090432,22039.828359271298,33.70912783791815,15.0,13.210997494529623,0,0,32.26792600603413
1727,0.7341622282139185,22024.866846417557,33.48812794521512,15.0,13.04141560569715,0,0,32.26792600603413
1728,0.7336907774182126,22010.72332254638,33.266766480343286,15.0,12.871556268352904,0,0,32.26792600603413
1729,0.7332466400419075,21997.399201257227,33.045109037482185,15.0,12.701469815484483,0,0,32.26792600603413
1730,0.73282985511143,21984.895653342897,32.823221298515975,15.0,12.531206647378696,0,0,32.26792600603413
1731,0.7324404535480861,21973.213606442583,32.60116901357029,15.0,12.360817216686737,0,0,32.26792600603413
1732,0.7320784581588999,21962.353744767,32.37901798152951,15.0,12.19035201347426,0,0,32.26792600603413
1733,0.7317438836298544,21952.316508895634,32.156834030538825,15.0,12.019861550259911,0,0,32.26792600603413
1734,0.7314367365215397,21943.10209564619,31.934682998497998,15.0,11.8493963470474,0,0,32.26792600603413
1735,0.7311570152672093,21934.71045801628,31.712630713552365,15.0,11.679006916355476,0,0,32.26792600603413
1736,0.7309047101732448,21927.141305197343,31.49074297458606,15.0,11.508743748249621,0,0,32.26792600603413
1737,0.7306798034220268,21920.394102660804,31.269085531724954,15.0,11.338657295381196,0,0,32.26792600603413
1738,0.7304822690772166,21914.468072316497,31.04772406685322,15.0,11.168797958037022,0,0,32.26792600603413
1739,0.73031207309144,21909.3621927432,30.826724174150094,15.0,10.99921606920448,0,0,32.26792600603413
1740,0.7301691733163774,21905.075199491323,30.606151340653476,15.0,10.829961879657208,0,0,32.26792600603413
1741,0.730053519515253,21901.60558545759,30.386070926854295,15.0,10.661085543064377,0,0,32.26792600603413
1742,0.7299650533777206,21898.951601331617,30.166548147328744,15.0,10.492637101129064,0,0,32.26792600603413
1743,0.7299037085371424,21897.111256114273,29.947648051414262,15.0,10.32466646876017,0,0,32.26792600603413
1744,0.7298694105902556,21896.082317707667,29.729435503933345,15.0,10.15722341928103,0,0,32.26792600603413
1745,0.7298620771192184,21895.862313576552,29.511975165973315,15.0,9.990357569680988,0,0,32.26792600603413
1746,0.7298816177160332,21896.448531480997,29.29533147572557,15.0,9.824118365912614,0,0,32.26792600603413
1747,0.7299279340093361,21897.838020280084,29.079568629390916,15.0,9.658555068239579,0,0,32.26792600603413
1748,0.7300009196935464,21900.027590806392,28.86475056215739,15.0,9.493716736640238,0,0,32.26792600603413
1749,0.7301004605603673,21903.013816811017,28.65094092925443,15.0,9.329652216269709,0,0,32.26792600603413
1750,0.7302264345326281,21906.793035978844,28.438203087090645,15.0,9.166410122986182,0,0,32.26792600603413
1751,0.7303787117004591,21911.361351013773,28.226600074479897,15.0,9.004038828944918,0,0,32.26792600603413
1752,0.7305571543597854,21916.71463079356,28.016194593961707,15.0,8.842586448264697,0,0,32.26792600603413
1753,0.7307616170531326,21922.848511593977,27.807048993220704,15.0,8.682100822770213,0,0,32.26792600603413
1754,0.7309919466127286,21929.75839838186,27.599225246612257,15.0,8.52262950781596,0,0,32.26792600603413
1755,0.7312479822058906,21937.43946617672,27.39278493679764,15.0,8.364219758194201,0,0,32.26792600603413
1756,0.7315295553826834,21945.8866614805,27.187789236496,15.0,8.20691851413251,0,0,32.26792600603413
1757,0.7318364901258341,21955.094703775023,26.9842988903575,15.0,8.050772387384342,0,0,32.26792600603413
1758,0.732168602902891,21965.05808708673,26.782374196963392,15.0,7.895827647416963,0,0,32.26792600603413
1759,0.7325257027206072,21975.77108161822,26.582074990958176,15.0,7.742130207700772,0,0,32.26792600603413
1760,0.7329075911815368,21987.227735446104,26.38346062531952,15.0,7.589725612104317,0,0,32.26792600603413
1761,0.7333140625428233,21999.421876284698,26.186589953770252,15.0,7.438659021398307,0,0,32.26792600603413
1762,0.7337449037771665,22012.347113314994,25.991521313339252,15.0,7.288975199873914,0,0,32.26792600603413
1763,0.734199894635947,22025.996839078412,25.798312507074687,15.0,7.14071850207796,0,0,32.26792600603413
1764,0.7346788077144907,22040.36423143472,25.60702078691552,15.0,6.993932859669551,0,0,32.26792600603413
1765,0.7351814085194529,22055.442255583588,25.41770283672684,15.0,6.848661768402428,0,0,32.26792600603413
1766,0.7357074555383051,22071.22366614915,25.230414755503233,15.0,6.704948275236227,0,0,32.26792600603413
1767,0.736256700310899,22087.701009326967,25.045212040745014,15.0,6.562834965580447,0,0,32.26792600603413
1768,0.7368288875030912,22104.866625092734,24.862149572013717,15.0,6.422363950675914,0,0,32.26792600603413
1769,0.7374237549824048,22122.71264947214,24.681281594669493,15.0,6.2835768551158395,0,0,32.26792600603413
1770,0.7380410338957037,22141.231016871112,24.502661703797553,15.0,6.146514804511967,0,0,32.26792600603413
1771,0.7386804487488607,22160.41346246582,24.326342828326567,15.0,6.01121841330799,0,0,32.26792600603413
1772,0.7393417174883918,22180.251524651754,24.152377215344465,15.0,5.877727772744441,0,0,32.26792600603413
1773,0.7400245515850344,22200.736547551034,23.980816414616967,15.0,5.746082438979173,0,0,32.26792600603413
1774,0.740728656119246,22221.85968357738,23.811711263311917,15.0,5.616321421365711,0,0,32.26792600603413
1775,0.7414537298685935,22243.611896057806,23.645111870935125,15.0,5.488483170893971,0,0,32.26792600603413
1776,0.7421994653970134,22265.983961910402,23.481067604482135,15.0,5.362605568796596,0,0,32.26792600603413
1777,0.7429655491459108,22288.966474377325,23.319627073809528,15.0,5.2387259153237995,0,0,32.26792600603413
1778,0.7437516615270743,22312.549845812227,23.16083811723058,15.0,5.1168809186903434,0,0,32.26792600603413
1779,0.744557477017376,22336.72431052128,23.004747787340207,15.0,4.997106684198464,0,0,32.26792600603413
1780,0.745382664255232,22361.47992765696,22.85140233707172,15.0,4.87943870353868,0,0,32.26792600603413
1781,0.7462268861387913,22386.80658416374,22.700847205991607,15.0,4.763911844273218,0,0,32.26792600603413
1782,0.7470897999258267,22412.6939977748,22.55312700683445,15.0,4.650560339503752,0,0,32.26792600603413
1783,0.7479710573352963,22439.13172005889,22.40828551228323,15.0,4.5394177777274,0,0,32.26792600603413
1784,0.7488703046505473,22466.10913951642,22.266365641998775,15.0,4.430517092883916,0,0,32.26792600603413
1785,0.7497871828241296,22493.615484723887,22.127409449901595,15.0,4.323890554596533,0,0,32.26792600603413
1786,0.7507213275841889,22521.639827525665,21.99145811171021,15.0,4.219569758609646,0,0,32.26792600603413
1787,0.7516723695424089,22550.17108627227,21.858551912740285,15.0,4.117585617426602,0,0,32.26792600603413
1788,0.752639934303469,22579.19802910407,21.72873023596689,15.0,4.017968351149404,0,0,32.26792600603413
1789,0.7536236425759854,22608.709277279562,21.602031550354646,15.0,3.920747478523969,0,0,32.26792600603413
1790,0.7546231102849031,22638.693308547096,21.478493399458472,15.0,3.8259518081930564,0,0,32.26792600603413
1791,0.7556379486853065,22669.138460559196,21.358152390298653,15.0,3.7336094301596408,0,0,32.26792600603413
1792,0.7566677644776121,22700.032934328363,21.24104418251335,15.0,3.643747707463227,0,0,32.26792600603413
1793,0.757712159924112,22731.36479772336,21.127203477792,15.0,3.5563932680716825,0,0,32.26792600603413
1794,0.7587707329668322,22763.121989004965,21.016664009592212,15.0,3.471571996990585,0,0,32.26792600603413
1795,0.7598430773466708,22795.292320400124,20.90945853314411,15.0,3.3893090285932077,0,0,32.26792600603413
1796,0.7609287827237816,22827.863481713448,20.805618815744033,15.0,3.309628739172444,0,0,32.26792600603413
1797,0.7620274347991666,22860.823043974997,20.705175627341287,15.0,3.2325547397176955,0,0,32.26792600603413
1798,0.7631386154374414,22894.158463123244,20.608158731420318,15.0,3.158109868918376,0,0,32.26792600603413
1799,0.7642619027907384,22927.857083722152,20.514596876181248,15.0,3.0863161863963997,0,0,32.26792600603413
1800,0.7653968714237088,22961.906142711265,20.424517786020925,15.0,3.017194966169276,0,0,32.26792600603413
1801,0.7665430924395888,22996.292773187666,20.337948153317917,15.0,2.950766690346371,0,0,32.26792600603413
1802,0.7677001336072906,23031.00400821872,20.254913630522644,15.0,2.8870510430593965,0,0,32.26792600603413
1803,0.7688675594894817,23066.02678468445,20.175438822556274,15.0,2.8260669046297684,0,0,32.26792600603413
1804,0.7700449315716145,23101.347947148435,20.099547279519648,15.0,2.767832345973872,0,0,32.26792600603413
1805,0.7712318083918682,23136.954251756048,20.027261489714792,15.0,2.7123646232482046,0,0,32.26792600603413
1806,0.7724277456719626,23172.832370158878,19.958602872981288,15.0,2.6596801727361052,0,0,32.26792600603413
1807,0.7736322964488077,23208.968893464233,19.893591774349083,15.0,2.609794605977312,0,0,32.26792600603413
1808,0.7748450112069488,23245.350336208463,19.832247458009707,15.0,2.5627227051418355,0,0,32.26792600603413
1809,0.7760654380117668,23281.963140353004,19.774588101608032,15.0,2.518478418649809,0,0,32.26792600603413
1810,0.7772931226433972,23318.793679301918,19.72063079085578,15.0,2.4770748570382066,0,0,32.26792600603413
1811,0.7785276087313249,23355.828261939747,19.670391514468573,15.0,2.4385242890758603,0,0,32.26792600603413
1812,0.7797684378896159,23393.05313668848,19.623885159428294,15.0,2.4028381381280797,0,0,32.26792600603413
1813,0.7810151498527482,23430.454495582446,19.5811255065716,15.0,2.370026978771533,0,0,32.26792600603413
1814,0.7822672826119973,23468.018478359918,19.542125226506485,15.0,2.3401005336608787,0,0,32.26792600603413
1815,0.7835243725523401,23505.731176570203,19.506895875857623,15.0,2.313067670647669,0,0,32.26792600603413
1816,0.7847859545898338,23543.578637695013,19.475447893841903,15.0,2.288936400152614,0,0,32.26792600603413
1817,0.78605156230943,23581.546869282898,19.44779059917512,15.0,2.26771387279197,0,0,32.26792600603413
1818,0.7873207281031839,23619.621843095516,19.42393218731058,15.0,2.2494063772586195,0,0,32.26792600603413
1819,0.7885929833088164,23657.789499264494,19.403879728010608,15.0,2.234019338458584,0,0,32.26792600603413
1820,0.7898678583485895,23696.035750457686,19.387639163251677,15.0,2.2215573159035475,0,0,32.26792600603413
1821,0.7911448828684514,23734.346486053542,19.375215305463616,15.0,2.2120240023597444,0,0,32.26792600603413
1822,0.792423585877413,23772.70757632239,19.366611836103623,15.0,2.2054222227537217,0,0,32.26792600603413
1823,0.7937034958871126,23811.10487661338,19.361831304565342,15.0,2.2017539333352545,0,0,32.26792600603413
1824,0.7949841410515283,23849.52423154585,19.360875127423444,15.0,2.201020221097667,0,0,32.26792600603413
1825,0.7962650493067959,23887.951479203875,19.36374358801385,15.0,2.20322130345573,0,0,32.26792600603413
1826,0.7975457485110917,23926.372455332752,19.370435836349778,15.0,2.208356528181235,0,0,32.26792600603413
1827,0.7988257665845384,23964.77299753615,19.38094988937362,15.0,2.2164243735962748,0,0,32.26792600603413
1828,0.8001046316490922,24003.138949472766,19.395282631544553,15.0,2.227422449024127,0,0,32.26792600603413
1829,0.8013818721683712,24041.456165051135,19.41342981576174,15.0,2.2413474954976884,0,0,32.26792600603413
1830,0.8026570170873807,24079.71051262142,19.435386064622858,15.0,2.258195386725162,0,0,32.26792600603413
1831,0.8039295959720981,24117.887879162943,19.461144872017513,15.0,2.277961130312772,0,0,32.26792600603413
1832,0.805199139148872,24155.97417446616,19.490698605055144,15.0,2.3006388692441027,0,0,32.26792600603413
1833,0.8064651778435966,24193.9553353079,19.524038506326846,15.0,2.326221883615701,0,0,32.26792600603413
1834,0.8077272443206203,24231.817329618607,19.561154696500317,15.0,2.354702592628261,0,0,32.26792600603413
1835,0.8089848720213446,24269.546160640337,19.6020361772474,15.0,2.386072556833061,0,0,32.26792600603413
1836,0.8102375957024766,24307.127871074295,19.64667083450304,15.0,2.4203224806326773,0,0,32.26792600603413
1837,0.8114849515738902,24344.548547216706,19.69504544205499,15.0,2.4574422150354973,0,0,32.26792600603413
1838,0.8127264774360573,24381.794323081718,19.74714566546304,15.0,2.4974207606631333,0,0,32.26792600603413
1839,0.813961712817007,24418.85138451021,19.802956066306585,15.0,2.540246271009707,0,0,32.26792600603413
1840,0.8151901991087741,24455.705973263222,19.862460106759325,15.0,2.5859060559522233,0,0,32.26792600603413
1841,0.8164114797032942,24492.344391098824,19.925640154489933,15.0,2.6343865855110273,0,0,32.26792600603413
1842,0.8176251001277062,24528.753003831185,19.992477487886696,15.0,2.685673493858893,0,0,32.26792600603413
1843,0.8188306081790229,24564.918245370685,20.062952301605232,15.0,2.739751583577994,0,0,32.26792600603413
1844,0.8200275540581282,24600.826621743847,20.137043712437332,15.0,2.7966048301632895,0,0,32.26792600603413
1845,0.8212154905030626,24636.46471509188,20.21472976549887,15.0,2.8562163867707766,0,0,32.26792600603413
1846,0.8223939729215564,24671.81918764669,20.29598744073578,15.0,2.9185685892097455,0,0,32.26792600603413
1847,0.8235625595227718,24706.876785683155,20.380792659745193,15.0,2.983642961176945,0,0,32.26792600603413
1848,0.8247208114482153,24741.62434344646,20.469120292910432,15.0,3.051420219731498,0,0,32.26792600603413
1849,0.825868292901781,24776.04878705343,20.560944166847584,15.0,3.121880281009,0,0,32.26792600603413
1850,0.8270045712788859,24810.13713836658,20.65623707216105,15.0,3.1950022661726125,0,0,32.26792600603413
1851,0.8281292172946609,24843.87651883983,20.754970771506354,15.0,3.2707645076000005,0,0,32.26792600603413
1852,0.8292418051111562,24877.254153334685,20.857116007957615,15.0,3.3491445553040053,0,0,32.26792600603413
1853,0.8303419124635265,24910.257373905795,20.962642513676734,15.0,3.4301191835848677,0,0,32.26792600603413
1854,0.8314291207851578,24942.873623554737,21.071519018882636,15.0,3.5136643979126667,0,0,32.26792600603413
1855,0.8325030153316975,24975.090459950923,21.183713261117088,15.0,3.599755442037344,0,0,32.26792600603413
1856,0.8335631853039509,25006.895559118526,21.299191994804737,15.0,3.6883668053245082,0,0,32.26792600603413
1857,0.8346092239696118,25038.276719088353,21.417921001104624,15.0,3.7794722303148873,0,0,32.26792600603413
1858,0.8356407287837848,25069.221863513543,21.539865098049766,15.0,3.873044720504801,0,0,32.26792600603413
1859,0.8366573015082683,25099.71904524805,21.664988150972405,15.0,3.9690565483459057,0,0,32.26792600603413
1860,0.8376585483295614,25129.75644988684,21.79325308321169,15.0,4.067479263461589,0,0,32.26792600603413
1861,0.8386440799755587,25159.32239926676,21.924621887099946,15.0,4.168283701077165,0,0,32.26792600603413
1862,0.8396135118309007,25188.40535492702,22.05905563522542,15.0,4.271439990662248,0,0,32.26792600603413
1863,0.8405664640509432,25216.993921528294,22.196514491967232,15.0,4.376917564781942,0,0,32.26792600603413
1864,0.8415025616743135,25245.076850229405,22.336957725299555,15.0,4.484685168154664,0,0,32.26792600603413
1865,0.84242143473402,25272.643042020598,22.48034371886125,15.0,4.594710866913651,0,0,32.26792600603413
1866,0.8433227183670805,25299.681551012414,22.62662998428802,15.0,4.706962058069904,0,0,32.26792600603413
1867,0.8442060529226402,25326.181587679206,22.77577317380218,15.0,4.821405479172812,0,0,32.26792600603413
1868,0.8450710840685427,25352.13252205628,22.92772909305803,15.0,4.938007218166903,0,0,32.26792600603413
1869,0.8459174628963272,25377.523886889816,23.08245271423712,15.0,5.056732723440373,0,0,32.26792600603413
1870,0.8467448460246174,25402.345380738523,23.239898189391326,15.0,5.177546814063725,0,0,32.26792600603413
1871,0.8475528957008727,25426.58687102618,23.400018864028397,15.0,5.300413690214525,0,0,32.26792600603413
1872,0.8483412799014711,25450.238397044133,23.56276729093679,15.0,5.425296943785712,0,0,32.26792600603413
1873,0.8491096724300963,25473.29017290289,23.728095244245104,15.0,5.552159569173973,0,0,32.26792600603413
1874,0.8498577530143951,25495.732590431853,23.895953733712854,15.0,5.680963974245594,0,0,32.26792600603413
1875,0.8505852074008823,25517.55622202647,24.06629301924685,15.0,5.811671991475469,0,0,32.26792600603413
1876,0.8512917274480599,25538.7518234418,24.2390626256405,15.0,5.94424488925713,0,0,32.26792600603413
1877,0.8519770112177267,25559.310336531802,24.414211357530895,15.0,6.078643383379914,0,0,32.26792600603413
1878,0.8526407630644487,25579.22289193346,24.59168731456861,15.0,6.214827648669349,0,0,32.26792600603413
1879,0.8532826937231652,25598.480811694957,24.77143790679744,15.0,6.352757330788611,0,0,32.26792600603413
1880,0.8539025203949048,25617.075611847144,24.953409870237582,15.0,6.492391558196126,0,0,32.26792600603413
1881,0.8544999668305844,25634.999004917532,25.137549282668868,15.0,6.633688954256673,0,0,32.26792600603413
1882,0.8550747634128676,25652.242902386028,25.323801579609494,15.0,6.776607649502466,0,0,32.26792600603413
1883,0.8556266472360586,25668.79941708176,25.512111570484155,15.0,6.9211052940396085,0,0,32.26792600603413
1884,0.8561553621840067,25684.6608655202,25.70242345497841,15.0,7.067139070097451,0,0,32.26792600603413
1885,0.8566606590059986,25699.819770179958,25.894680839573763,15.0,7.214665704716599,0,0,32.26792600603413
1886,0.8571422953906176,25714.268861718527,26.0888267542578,15.0,7.3636414825712375,0,0,32.26792600603413
1887,0.8576000360375448,25728.001081126342,26.284803669406017,15.0,7.514022258923262,0,0,32.26792600603413
1888,0.8580336527272843,25741.00958181853,26.482553512828936,15.0,7.665763472703153,0,0,32.26792600603413
1889,0.8584429243887893,25753.28773166368,26.682017686980117,15.0,7.8188201597143925,0,0,32.26792600603413
1890,0.8588276371649705,25764.829114949112,26.883137086320087,15.0,7.973146965957479,0,0,36.26792600603413
1891,0.85907566383549,25772.269915064702,30.44347133210068,15.0,8.128698161069018,0,0,36.26792600603413
1892,0.8592978818219462,25778.936454658386,30.6730412536828,15.0,8.28542765187276,0,0,36.26792600603413
1893,0.8594940931857457,25784.82279557237,30.90426906036464,15.0,8.443288996038214,0,0,36.26792600603413
1894,0.8596641076946194,25789.923230838584,31.137086234356627,15.0,8.602235415842074,0,0,36.26792600603413
1895,0.8598077428789916,25794.232286369748,31.37142378690556,15.0,8.762219812029848,0,0,36.26792600603413
1896,0.8599248240860494,25797.744722581483,31.60721227873719,15.0,8.923194777772189,0,0,36.26792600603413
1897,0.8600151845314968,25800.455535944904,31.84438184063271,15.0,9.085112612712663,0,0,36.26792600603413
1898,0.860078665348976,25802.359960469283,32.08286219413223,15.0,9.247925337102203,0,0,36.26792600603413
1899,0.8601151156371434,25803.4534691143,32.322582672360404,15.0,9.41158470601692,0,0,36.26792600603413
1900,0.860124392504384,25803.73177513152,32.56347224096573,15.0,9.576042223653612,0,0,36.26792600603413
1901,0.8601063611111545,25803.190833334633,32.8054595191704,15.0,9.741249157700652,0,0,36.26792600603413
1902,0.8600608947099379,25801.826841298134,33.048472800921225,15.0,9.907156553777927,0,0,36.26792600603413
1903,0.8599878746828026,25799.636240484077,33.29244007613821,15.0,10.073715249943433,0,0,36.26792600603413
1904,0.8598871905765509,25796.61571729653,33.53728905205248,15.0,10.240875891260869,0,0,36.26792600603413
1905,0.8597587401354491,25792.76220406347,33.782947174628234,15.0,10.408588944424626,0,0,36.26792600603413
1906,0.859602429331527,25788.07287994581,34.029341650061866,15.0,10.576804712437397,0,0,36.26792600603413
1907,0.8594181723924419,25782.545171773258,34.27639946635288,15.0,10.745473349336873,0,0,36.26792600603413
1908,0.8592058918268939,25776.176754806816,34.524047414938266,15.0,10.914544874965701,0,0,36.26792600603413
1909,0.8589655184475881,25768.965553427643,34.77221211238607,15.0,11.0839691897819,0,0,36.26792600603413
1910,0.8586969913917372,25760.909741752115,35.020820022140775,15.0,11.253696089704627,0,0,36.26792600603413
1911,0.8584002581390952,25752.007744172854,35.26979747631325,15.0,11.423675280990388,0,0,36.26792600603413
1912,0.8580752745275212,25742.258235825637,35.51907069751046,15.0,11.593856395136356,0,0,36.26792600603413
1913,0.8577220047660657,25731.66014298197,35.768565820697255,15.0,11.764189003805633,0,0,36.26792600603413
1914,0.8573404214455754,25720.212643367264,36.01820891508394,15.0,11.93462263377009,0,0,36.26792600603413
1915,0.8569305055468159,25707.915166404477,36.267926006034116,15.0,12.105106781867043,0,0,36.26792600603413
1916,0.856492246446107,25694.76739338321,36.51764309698429,15.0,12.275590929964,0,0,36.26792600603413
1917,0.8560256419184709,25680.769257554126,36.76728619137097,15.0,12.446024559928457,0,0,36.26792600603413
1918,0.8555306981382919,25665.920944148755,37.01678131455777,15.0,12.616357168597734,0,0,36.26792600603413
1919,0.8550074296774859,25650.222890324578,37.26605453575498,15.0,12.7865382827437,0,0,36.26792600603413
1920,0.8544558595011835,25633.675785035506,37.5150319899274,15.0,12.956517474029429,0,0,36.26792600603413
1921,0.8538760189609242,25616.280568827726,37.763639899682154,15.0,13.12624437395219,0,0,36.26792600603413
1922,0.8532679477853663,25598.03843356099,38.01180459712996,15.0,13.29566868876839,0,0,36.26792600603413
1923,0.8526316940685148,25578.950822055445,38.25945254571535,15.0,13.464740214397219,0,0,36.26792600603413
1924,0.85196731425547,25559.0194276641,38.50651036200637,15.0,13.633408851296693,0,0,36.26792600603413
1925,0.8512748731257013,25538.24619377104,38.75290483743999,15.0,13.801624619309464,0,0,36.26792600603413
1926,0.8505544437738519,25516.633313215556,38.99856296001575,15.0,13.969337672473223,0,0,36.26792600603413
1927,0.849806107588079,25494.18322764237,39.24341193593001,15.0,14.13649831379066,0,0,36.26792600603413
1928,0.8490299542259375,25470.898626778126,39.487379211147,15.0,14.303057009956165,0,0,36.26792600603413
1929,0.8482260815878119,25446.782447634356,39.73039249289783,15.0,14.46896440603344,0,0,36.26792600603413
1930,0.8473945957879059,25421.837873637178,39.972379771102496,15.0,14.634171340080481,0,0,36.26792600603413
1931,0.8465356111227995,25396.068333683987,40.21326933970782,15.0,14.798628857717171,0,0,36.26792600603413
1932,0.8456492500375797,25369.477501127392,40.452989817935986,15.0,14.962288226631888,0,0,36.26792600603413
1933,0.8447356430895578,25342.069292686734,40.69147017143552,15.0,15.12510095102143,0,0,36.26792600603413
1934,0.843794928909582,25313.84786728746,40.92863973333104,15.0,15.287018785961903,0,0,36.26792600603413
1935,0.8428272541609584,25284.817624828753,41.164428225162666,15.0,15.447993751704248,0,0,36.26792600603413
1936,0.8418327734959917,25254.98320487975,41.3987657777116,15.0,15.607978147892016,0,0,36.26792600603413
1937,0.840811649510158,25224.349485304738,41.63158295170359,15.0,15.766924567695881,0,0,36.26792600603413
1938,0.8397640526939242,25192.921580817725,41.86281075838543,15.0,15.924785911861331,0,0,36.26792600603413
1939,0.8386901613822282,25160.704841466846,42.09238067996755,15.0,16.081515402665076,0,0,36.26792600603413
1940,0.8375901617016347,25127.704851049042,42.32022468992785,15.0,16.237066597776614,0,0,36.26792600603413
1941,0.8364642475151813,25093.92742545544,42.54627527316881,15.0,16.391393404019702,0,0,36.26792600603413
1942,0.8353126203649331,25059.378610947995,42.77046544602395,15.0,16.544450091030942,0,0,36.26792600603413
1943,0.8341354894122613,25024.06468236784,42.99272877610678,15.0,16.69619130481083,0,0,36.26792600603413
1944,0.832933071375864,24987.99214127592,43.212999401995695,15.0,16.846572081162854,0,0,36.26792600603413
1945,0.8317055904675481,24951.167714026444,43.43121205275043,15.0,16.995547859017496,0,0,36.26792600603413
1946,0.8304532783257902,24913.598349773707,43.64730206725319,15.0,17.143074493636647,0,0,36.26792600603413
1947,0.8291763739470974,24875.291218412924,43.86120541336895,15.0,17.289108269694488,0,0,36.26792600603413
1948,0.8278751236151876,24836.253708455628,44.072858706920016,15.0,17.43360591423163,0,0,36.26792600603413
1949,0.8265497808280096,24796.493424840286,44.28219923046756,15.0,17.576524609477424,0,0,36.26792600603413
1950,0.8252006062226268,24756.018186678804,44.48916495189644,15.0,17.71782200553797,0,0,36.26792600603413
1951,0.8238278674979849,24714.836024939545,44.69369454279688,15.0,17.857456232945484,0,0,36.26792600603413
1952,0.8224318393355864,24672.95518006759,44.895727396636886,15.0,17.995385915064773,0,0,36.26792600603413
1953,0.821012803318097,24630.38409954291,45.095203646721586,15.0,18.13157018035421,0,0,36.26792600603413
1954,0.8195710478459062,24587.131435377185,45.292064183933164,15.0,18.265968674476994,0,0,36.26792600603413
1955,0.8181068680516687,24543.20604155006,45.4862506742457,15.0,18.398541572258658,0,0,36.26792600603413
1956,0.8166205657128492,24498.616971385476,45.67770557601139,15.0,18.52924958948853,0,0,36.26792600603413
1957,0.8151124491623004,24453.37347486901,45.866372157010744,15.0,18.6580539945601,0,0,36.26792600603413
1958,0.8135828331968962,24407.484995906885,46.05219451126412,15.0,18.784916619948362,0,0,36.26792600603413
1959,0.8120320389842514,24360.96116952754,46.23511757559768,15.0,18.90979987351955,0,0,36.26792600603413
1960,0.8104603939675524,24313.811819026574,46.415087145959546,15.0,19.032666749670373,0,0,36.26792600603413
1961,0.8088682317685291,24266.046953055873,46.59204989348192,15.0,19.153480840293703,0,0,36.26792600603413
1962,0.8072558920885949,24217.676762657848,46.76595338028367,15.0,19.272206345567195,0,0,36.26792600603413
1963,0.8056237206081867,24168.7116182456,46.936746075008436,15.0,19.388808084561283,0,0,36.26792600603413
1964,0.8039720688843314,24119.16206652994,47.10437736809471,15.0,19.503251505664196,0,0,36.26792600603413
1965,0.8023012942464729,24069.038827394186,47.26879758677269,15.0,19.615502696820446,0,0,36.26792600603413
1966,0.8006117596905871,24018.35279071761,47.429958009782986,15.0,19.72552839557944,0,0,36.26792600603413
1967,0.7989038337716181,23967.115013148545,47.58781088181425,15.0,19.83329599895216,0,0,36.26792600603413
1968,0.7971778904942686,23915.336714828056,47.742309427653694,15.0,19.938773573071877,0,0,36.26792600603413
1969,0.7954343092021725,23863.029276065176,47.89340786604778,15.0,20.041929862656936,0,0,36.26792600603413
1970,0.793673474465489,23810.20423396467,48.04106142326836,15.0,20.142734300272537,0,0,36.26792600603413
1971,0.7918957759669446,23756.873279008338,48.18522634637967,15.0,20.241157015388175,0,0,36.26792600603413
1972,0.7901016083863627,23703.04825159088,48.3258599162038,15.0,20.337168843229325,0,0,36.26792600603413
1973,0.7882913712837111,23648.741138511334,48.46292045997876,15.0,20.430741333419196,0,0,36.26792600603413
1974,0.786465468980704,23593.96406942112,48.59636736370753,15.0,20.521846758409577,0,0,36.26792600603413
1975,0.7846243104409921,23538.729313229764,48.72616108419242,15.0,20.61045812169674,0,0,36.26792600603413
1976,0.7827683091489788,23483.049274469362,48.85226316075296,15.0,20.696549165821438,0,0,36.26792600603413
1977,0.7808978829872949,23426.936489618845,48.97463622662227,15.0,20.780094380149222,0,0,36.26792600603413
1978,0.7790134541129715,23370.403623389146,49.093244020020016,15.0,20.8610690084301,0,0,36.26792600603413
1979,0.777115448832346,23313.46346497038,49.20805139489717,15.0,20.9394490561341,0,0,36.26792600603413
1980,0.7752042974747375,23256.128924242126,49.31902433135078,15.0,21.015211297561493,0,0,36.26792600603413
1981,0.7732804342649321,23198.41302794796,49.426129945704886,15.0,21.088333282725106,0,0,36.26792600603413
1982,0.7713442971945111,23140.328915835333,49.52933650025436,15.0,21.15879334400261,0,0,36.26792600603413
1983,0.7693963278920662,23081.889836761988,49.628613412669665,15.0,21.226570602557164,0,0,36.26792600603413
1984,0.7674369714923349,23023.10914477005,49.72393126505919,15.0,21.29164497452436,0,0,36.26792600603413
1985,0.7654666765042972,22964.000295128917,49.81526181268608,15.0,21.353997176963347,0,0,36.26792600603413
1986,0.7634858946782728,22904.57684034818,49.902577992337974,15.0,21.41360873357083,0,0,36.26792600603413
1987,0.7614950808720578,22844.85242616173,49.98585393034646,15.0,21.470461980156124,0,0,36.26792600603413
1988,0.7594946929161406,22784.840787484216,50.06506495025382,15.0,21.524540069875222,0,0,36.26792600603413
1989,0.757485191478037,22724.55574434111,50.14018758012536,15.0,21.57582697822307,0,0,36.26792600603413
1990,0.7554670399257839,22664.011197773518,50.21119955950459,15.0,21.62430750778187,0,0,36.26792600603413
1991,0.7534407041906341,22603.221125719025,50.27807984600942,15.0,21.669967292724394,0,0,36.26792600603413
1992,0.7514066526289901,22542.199578869702,50.34080862156761,15.0,21.71279280307097,0,0,36.26792600603413
1993,0.7493653558836203,22480.96067650861,50.399367298289135,15.0,21.75277134869861,0,0,36.26792600603413
1994,0.7473172867441977,22419.51860232593,50.45373852397426,15.0,21.789891083101434,0,0,36.26792600603413
1995,0.7452629200072015,22357.887600216047,50.50390618725543,15.0,21.82414100690105,0,0,36.26792600603413
1996,0.7432027323352254,22296.081970056763,50.549855422371294,15.0,21.85551097110585,0,0,36.26792600603413
1997,0.7411372021157312,22234.116063471934,50.591572613571785,15.0,21.88399168011841,0,0,36.26792600603413
1998,0.7390668093192929,22172.00427957879,50.62904539915288,15.0,21.90957469449001,0,0,36.26792600603413
1999,0.7369920353573718,22109.761060721154,50.66226267511943,15.0,21.93225243342134,0,0,36.26792600603413
2000,0.7349133629396619,22047.40088818986,50.69121459847572,15.0,21.952018177008952,0,0,36.26792600603413
2001,0.7328312759310548,21984.938277931644,50.715892590142005,15.0,21.96886606823643,0,0,36.26792600603413
2002,0.7307462592082584,21922.387776247753,50.73628933749676,15.0,21.982791114709986,0,0,36.26792600603413
2003,0.7286587985161185,21859.763955483555,50.752398796543545,15.0,21.99378919013784,0,0,36.26792600603413
2004,0.7265693803236816,21797.08140971045,50.76421619370198,15.0,22.00185703555288,0,0,36.26792600603413
2005,0.7244784916800439,21734.354750401315,50.77173802722224,15.0,22.006992260278384,0,0,36.26792600603413
2006,0.7223866200700276,21671.59860210083,50.77496206822272,15.0,22.00919334263645,0,0,36.26792600603413
2007,0.7202942532697298,21608.827598091895,50.7738873613505,15.0,22.00845963039886,0,0,36.26792600603413
2008,0.7182018792019828,21546.05637605948,50.768514225064415,15.0,22.004791340980397,0,0,36.26792600603413
2009,0.716109985791772,21483.29957375316,50.7588442515407,15.0,21.99818956137437,0,0,36.26792600603413
2010,0.7140190608216544,21420.571824649633,50.74488030620122,15.0,21.988656247830573,0,0,36.26792600603413
2011,0.7119295917872167,21357.887753616502,50.72662652686433,15.0,21.976194225275535,0,0,36.26792600603413
2012,0.7098420657526205,21295.261972578617,50.7040883225188,15.0,21.9608071864755,0,0,36.26792600603413
2013,0.707756969206275,21232.70907618825,50.67727237172101,15.0,21.94249969094215,0,0,36.26792600603413
2014,0.705674787916679,21170.24363750037,50.646186620615886,15.0,21.921277163581507,0,0,36.26792600603413
2015,0.7035960067884784,21107.880203654353,50.610840280582394,15.0,21.897145893086453,0,0,36.26792600603413
2016,0.7015211097187776,21045.63329156333,50.57124382550391,15.0,21.87011303007324,0,0,36.26792600603413
2017,0.6994505794537504,20983.517383612514,50.52740898866463,15.0,21.84018658496258,0,0,36.26792600603413
2018,0.6973848974455927,20921.546923367783,50.47934875927275,15.0,21.807375425606033,0,0,36.26792600603413
2019,0.695324543709857,20859.73631129571,50.42707737861148,15.0,21.77168927465825,0,0,36.26792600603413
2020,0.6932699966832134,20798.099900496403,50.37061033581897,15.0,21.733138706695904,0,0,36.26792600603413
2021,0.6912217330816793,20736.65199245038,50.309964363298725,15.0,21.69173514508431,0,0,36.26792600603413
2022,0.6891802277593572,20675.406832780714,50.245157431761214,15.0,21.647490858592295,0,0,36.26792600603413
2023,0.6871459535677257,20614.37860703177,50.17620874489888,15.0,21.600418957756823,0,0,36.26792600603413
2024,0.6851193812155235,20553.581436465705,50.103138733695715,15.0,21.550533390998027,0,0,36.26792600603413
2025,0.6831009791292679,20493.02937387804,50.025969050372964,15.0,21.49784894048593,0,0,36.26792600603413
2026,0.6810912133144502,20432.736399433506,49.94472256197329,15.0,21.44238121776025,0,0,36.26792600603413
2027,0.6790905472174479,20372.716416523435,49.85942334358469,15.0,21.384146659104353,0,0,36.26792600603413
2028,0.6770994415881958,20312.983247645872,49.7700966712064,15.0,21.323162520674728,0,0,36.26792600603413
2029,0.6751183543436559,20253.550630309677,49.67676901425931,15.0,21.259446873387752,0,0,36.26792600603413
2030,0.6731477404321266,20194.432212963795,49.57946802774238,15.0,21.19301859756485,0,0,36.26792600603413
2031,0.6711880516984313,20135.64155095294,49.47822254403778,15.0,21.123897377337727,0,0,36.26792600603413
2032,0.669239736750028,20077.19210250084,49.37306256436741,15.0,21.05210369481572,0,0,36.26792600603413
2033,0.6673032408240763,20019.09722472229,49.264019249902844,15.0,20.97765882401643,0,0,36.26792600603413
2034,0.6653790056555043,19961.37016966513,49.15112491253141,15.0,20.900584824561665,0,0,36.26792600603413
2035,0.6634674693461134,19904.024080383402,49.03441300528183,15.0,20.82090453514092,0,0,36.26792600603413
2036,0.6615690662347586,19847.07198704276,48.913918112410954,15.0,20.738641566743524,0,0,36.26792600603413
2037,0.6596842267686452,19790.526803059358,48.78967593915616,15.0,20.653820295662463,0,0,36.26792600603413
2038,0.6578133773757775,19734.401321273326,48.66172330115464,15.0,20.56646585627088,0,0,36.26792600603413
2039,0.6559569403385992,19678.708210157976,48.53009811353456,15.0,20.476604133574508,0,0,36.26792600603413
2040,0.654115333668862,19623.46001006586,48.394839379679624,15.0,20.384261755541072,0,0,36.26792600603413
2041,0.6522889709837596,19568.66912951279,48.25598717967192,15.0,20.28946608521018,0,0,36.26792600603413
2042,0.6504782613833642,19514.347841500927,48.113582658414856,15.0,20.192245212584726,0,0,36.26792600603413
2043,0.6486836093294011,19460.508279882033,47.967668013441475,15.0,20.09262794630751,0,0,36.26792600603413
2044,0.646905414525398,19407.16243576194,47.81828648241026,15.0,19.990643805124485,0,0,36.26792600603413
2045,0.6451440717982443,19354.322153947327,47.66548233029263,15.0,19.886323009137598,0,0,36.26792600603413
2046,0.6433999709811951,19301.99912943585,47.50930083625678,15.0,19.779696470850215,0,0,36.26792600603413
2047,0.6416734967983558,19250.204903950675,47.349788280249925,15.0,19.670795786006728,0,0,36.26792600603413
2048,0.6399650287506796,19198.95086252039,47.18699192928504,15.0,19.55965322423038,0,0,36.26792600603413
2049,0.6382749410035132,19148.248230105397,47.020960023434434,15.0,19.446301719460912,0,0,36.26792600603413
2050,0.6366036022757233,19098.1080682717,46.85174176153491,15.0,19.330774860195426,0,0,36.26792600603413
2051,0.634951375730438,19048.541271913142,46.67938728660958,15.0,19.213106879535644,0,0,36.26792600603413
2052,0.633318618867433,18999.55856602299,46.50394767100916,15.0,19.093332645043766,0,0,36.26792600603413
2053,0.6317056834171969,18951.170502515906,46.32547490127796,15.0,18.97148764841036,0,0,36.26792600603413
2054,0.6301129152367059,18903.387457101177,46.14402186274934,15.0,18.847607994937512,0,0,36.26792600603413
2055,0.628540654206939,18856.21962620817,45.95964232387485,15.0,18.721730392840186,0,0,36.26792600603413
2056,0.626989234132164,18809.67702396492,45.77239092029094,15.0,18.593892142368446,0,0,36.26792600603413
2057,0.6254589826410237,18763.769479230712,45.58232313862986,15.0,18.46413112475499,0,0,36.26792600603413
2058,0.623950221089453,18718.506632683588,45.38949530007716,15.0,18.332485790989693,0,0,36.26792600603413
2059,0.6224632644654534,18673.897933963603,45.193964543683045,15.0,18.198995150426143,0,0,36.26792600603413
2060,0.6209984212957566,18629.952638872695,44.995788809430614,15.0,18.063698759222167,0,0,36.26792600603413
2061,0.6195559935543995,18586.679806631986,44.795026821066756,15.0,17.926636708618297,0,0,36.26792600603413
2062,0.6181362765732449,18544.088297197348,44.59173806870149,15.0,17.78784961305822,0,0,36.26792600603413
2063,0.6167395589544664,18502.186768633994,44.38598279117956,15.0,17.647378598153686,0,0,36.26792600603413
2064,0.6153661224850306,18460.98367455092,44.1778219582301,15.0,17.50526528849791,0,0,36.26792600603413
2065,0.614016242053197,18420.48726159591,43.96731725240046,15.0,17.36155179533165,0,0,36.26792600603413
2066,0.6126901855670626,18380.705567011875,43.75453105077814,15.0,17.216280704064587,0,0,36.26792600603413
2067,0.6113882138751752,18341.646416255255,43.5395264065068,15.0,17.069495061656145,0,0,36.26792600603413
2068,0.6101105806892384,18303.31742067715,43.3223670301029,15.0,16.92123836386019,0,0,36.26792600603413
2069,0.6088575325089313,18265.72597526794,43.103117270576185,15.0,16.7715545423358,0,0,36.26792600603413
2070,0.607629308548865,18228.87925646595,42.88184209636235,15.0,16.620487951629848,0,0,36.26792600603413
2071,0.6064261406676983,18192.78422003095,42.658607076070865,15.0,16.468083356033333,0,0,36.26792600603413
2072,0.6052482532994334,18157.447598983003,42.43347835905624,15.0,16.314385916317207,0,0,36.26792600603413
2073,0.6040958633869109,18122.875901607327,42.20652265581578,15.0,16.159441176349794,0,0,36.26792600603413
2074,0.6029691803175247,18089.07540952574,41.977807218222694,15.0,16.003295049601657,0,0,36.26792600603413
2075,0.6018684058611764,18056.05217583529,41.747399819597,15.0,15.845993805539937,0,0,36.26792600603413
2076,0.6007937341104866,18023.8120233146,41.51536873462362,15.0,15.687584055918144,0,0,36.26792600603413
2077,0.5997453514232808,17992.360542698425,41.28178271912077,15.0,15.528112740963927,0,0,36.26792600603413
2078,0.5987234363673675,17961.703091021023,41.046710989665826,15.0,15.36762711546944,0,0,36.26792600603413
2079,0.5977281596676246,17931.84479002874,40.81022320308573,15.0,15.206174734789222,0,0,36.26792600603413
2080,0.5967596841554109,17902.790524662327,40.57238943581524,15.0,15.043803440747958,0,0,36.26792600603413
2081,0.595818164720314,17874.54494160942,40.333280163132564,15.0,14.880561347464395,0,0,36.26792600603413
2082,0.5949037482642549,17847.112447927644,40.09296623827572,15.0,14.716496827093902,0,0,36.26792600603413
2083,0.5940165736579563,17820.49720973869,39.85151887144683,15.0,14.551658495494525,0,0,36.26792600603413
2084,0.5931567716997934,17794.703150993802,39.60900960871165,15.0,14.38609519782149,0,0,36.26792600603413
2085,0.5923244650770348,17769.733952311046,39.36551031079861,15.0,14.219855994053116,0,0,36.26792600603413
2086,0.5915197683294879,17745.59304988464,39.12109313180473,15.0,14.052990144453144,0,0,36.26792600603413
2087,0.5907427878155581,17722.283634466745,38.875830497814974,15.0,13.885547094974003,0,0,36.26792600603413
2088,0.5899936216807328,17699.808650421983,38.62979508544123,15.0,13.717576462605109,0,0,36.26792600603413
2089,0.5892723598284981,17678.170794854945,38.38305980028585,15.0,13.549128020669798,0,0,36.26792600603413
2090,0.5885790838936996,17657.37251681099,38.135697755338995,15.0,13.380251684076967,0,0,36.26792600603413
2091,0.5879138672183513,17637.41601655054,37.88778224931292,15.0,13.21099749452966,0,0,36.26792600603413
2092,0.5872767748299029,17618.303244897088,37.63938674492259,15.0,13.041415605697118,0,0,36.26792600603413
2093,0.5866678634219712,17600.035902659136,37.390584847116884,15.0,12.871556268352943,0,0,36.26792600603413
2094,0.58608718133754,17582.6154401262,37.14145028126751,15.0,12.701469815484518,0,0,36.26792600603413
2095,0.5855347685546354,17566.04305663906,36.89205687132318,15.0,12.531206647378664,0,0,36.26792600603413
2096,0.5850106566744795,17550.319700234384,36.64247851793371,15.0,12.36081721668674,0,0,36.26792600603413
2097,0.5845148689121259,17535.446067363777,36.39278917655137,15.0,12.190352013474227,0,0,36.26792600603413
2098,0.5840474200895812,17521.422602687435,36.14306283551683,15.0,12.019861550259844,0,0,36.26792600603413
2099,0.5836083166314119,17508.249498942358,35.893373494134586,15.0,11.849396347047401,0,0,36.26792600603413
2100,0.5831975565628419,17495.926696885257,35.64379514074503,15.0,11.679006916355409,0,0,36.26792600603413
2101,0.5828151295103368,17484.453885310104,35.394401730800794,15.0,11.508743748249625,0,0,36.26792600603413
2102,0.582461016704678,17473.83050114034,35.14526716495141,15.0,11.3386572953812,0,0,36.26792600603413
2103,0.5821351909865246,17464.055729595737,34.896465267145715,15.0,11.168797958037025,0,0,36.26792600603413
2104,0.5818376168144611,17455.128504433833,34.64806976275548,15.0,10.99921606920455,0,0,36.26792600603413
2105,0.5815682502755294,17447.04750826588,34.4001542567294,15.0,10.829961879657246,0,0,36.26792600603413
2106,0.5813270390982406,17439.81117294722,34.152792211782455,15.0,10.661085543064345,0,0,36.26792600603413
2107,0.5811139226680648,17433.417680041945,33.906056926627166,15.0,10.492637101129102,0,0,36.26792600603413
2108,0.580928832045392,17427.86496136176,33.66002151425332,15.0,10.324666468760139,0,0,36.26792600603413
2109,0.5807716899859607,17423.150699578822,33.41475888026358,15.0,10.157223419280996,0,0,36.26792600603413
2110,0.580642410963747,17419.27232891241,33.17034170126969,15.0,9.990357569681025,0,0,36.26792600603413
2111,0.5805409011963074,17416.227035889224,32.92684240335655,15.0,9.824118365912582,0,0,36.26792600603413
2112,0.5804670586725692,17414.011760177076,32.684333140621476,15.0,9.658555068239615,0,0,36.26792600603413
2113,0.5804207731830583,17412.62319549175,32.44288577379258,15.0,9.49371673664024,0,0,36.26792600603413
2114,0.5804019263525564,17412.05779057669,32.202571848935634,15.0,9.329652216269675,0,0,36.26792600603413
2115,0.5804103916751786,17412.311750255358,31.963462576253068,15.0,9.166410122986186,0,0,36.26792600603413
2116,0.5804460345518595,17413.381036555784,31.72562880898257,15.0,9.004038828944918,0,0,36.26792600603413
2117,0.5805087123302377,17415.26136990713,31.489141022402464,15.0,8.842586448264697,0,0,36.26792600603413
2118,0.5805982743469273,17417.94823040782,31.254069292947534,15.0,8.682100822770215,0,0,36.26792600603413
2119,0.5807145619721622,17421.436859164867,31.02048327744468,15.0,8.522629507815996,0,0,36.26792600603413
2120,0.5808574086568018,17425.722259704053,30.7884521924713,15.0,8.364219758194203,0,0,36.26792600603413
2121,0.5810266399816828,17430.799199450485,30.558044793845706,15.0,8.206918514132546,0,0,36.26792600603413
2122,0.5812220737093037,17436.662211279112,30.329329356252515,15.0,8.050772387384345,0,0,36.26792600603413
2123,0.5814435198378257,17443.30559513477,30.102373653012158,15.0,7.895827647416997,0,0,36.26792600603413
2124,0.581690780657374,17450.72341972122,29.877244935997428,15.0,7.742130207700807,0,0,36.26792600603413
2125,0.5819636508086239,17458.909524258717,29.654009915705945,15.0,7.589725612104289,0,0,36.26792600603413
2126,0.582261917343653,17467.85752030959,29.43273474149212,15.0,7.43865902139834,0,0,36.26792600603413
2127,0.5825853597890419,17477.56079367126,29.21348498196539,15.0,7.288975199873949,0,0,36.26792600603413
2128,0.5829337502112063,17488.01250633619,28.996325605561406,15.0,7.140718502077933,0,0,36.26792600603413
2129,0.5833068532839374,17499.20559851812,28.781320961290163,15.0,6.993932859669553,0,0,36.26792600603413
2130,0.583704426358135,17511.13279074405,28.56853475966775,15.0,6.848661768402428,0,0,36.26792600603413
2131,0.5841262195337092,17523.786586011276,28.358030053838114,15.0,6.704948275236168,0,0,36.26792600603413
2132,0.5845719757336315,17537.159272008947,28.149869220888732,15.0,6.562834965580448,0,0,36.26792600603413
2133,0.585041430780112,17551.24292340336,27.944113943366723,15.0,6.422363950675857,0,0,36.26792600603413
2134,0.5855343134728811,17566.029404186433,27.740825191001537,15.0,6.2835768551158395,0,0,36.26792600603413
2135,0.586050345669552,17581.510370086562,27.540063202637675,15.0,6.14651480451197,0,0,36.26792600603413
2136,0.5865892423680406,17597.677271041215,27.341887468385245,15.0,6.011218413307992,0,0,36.26792600603413
2137,0.5871507117910166,17614.5213537305,27.14635671199121,15.0,5.8777277727445,0,0,36.26792600603413
2138,0.5877344554723652,17632.03366417096,26.953528873438504,15.0,5.746082438979201,0,0,36.26792600603413
2139,0.5883401683456279,17650.205050368837,26.763461091777348,15.0,5.6163214213656865,0,0,36.26792600603413
2140,0.5889675388344002,17669.026165032006,26.576209688193515,15.0,5.488483170893999,0,0,36.26792600603413
2141,0.5896162489446589,17688.48746833977,26.39183014931895,15.0,5.362605568796624,0,0,36.26792600603413
2142,0.5902859743589904,17708.579230769712,26.21037711079033,15.0,5.238725915323775,0,0,36.26792600603413
2143,0.5909763845326929,17729.291535980785,26.031904341059132,15.0,5.116880918690371,0,0,36.26792600603413
2144,0.591687142791724,17750.614283751718,25.856464725458633,15.0,4.9971066841984415,0,0,36.26792600603413
2145,0.5924179064324646,17772.537192973938,25.684110250533376,15.0,4.879438703538707,0,0,36.26792600603413
2146,0.5931683268232691,17795.049804698076,25.514891988633863,15.0,4.7639118442732205,0,0,36.26792600603413
2147,0.593938049507773,17818.141485233187,25.348860082783176,15.0,4.650560339503706,0,0,36.26792600603413
2148,0.5947267143099246,17841.80142929774,25.186063731818365,15.0,4.5394177777274,0,0,36.26792600603413
2149,0.5955339554407151,17866.018663221454,25.02655117581151,15.0,4.4305170928839175,0,0,36.26792600603413
2150,0.5963594016065683,17890.78204819705,24.870369681775653,15.0,4.3238905545965345,0,0,36.26792600603413
2151,0.5972026761193626,17916.08028358088,24.717565529658028,15.0,4.21956975860965,0,0,36.26792600603413
2152,0.5980633970080532,17941.901910241595,24.568183998626804,15.0,4.117585617426623,0,0,36.26792600603413
2153,0.5989411771318571,17968.235313955713,24.422269353653427,15.0,4.017968351149405,0,0,36.26792600603413
2154,0.5998356242949721,17995.06872884916,24.27986483239642,15.0,3.9207474785239915,0,0,36.26792600603413
2155,0.6007463413627921,18022.390240883764,24.14101263238865,15.0,3.8259518081930572,0,0,36.26792600603413
2156,0.6016729263795877,18050.18779138763,24.005753898533783,15.0,3.733609430159661,0,0,36.26792600603413
2157,0.6026149726876133,18078.4491806284,23.874128710913652,15.0,3.6437477074632474,0,0,36.26792600603413
2158,0.6035720690476092,18107.162071428276,23.74617607291212,15.0,3.5563932680716652,0,0,36.26792600603413
2159,0.6045437997606605,18136.313992819814,23.62193389965732,15.0,3.4715719969906043,0,0,36.26792600603413
2160,0.6055297447913777,18165.89234374133,23.501439006786452,15.0,3.3893090285932077,0,0,40.26792600603413
2161,0.6064435096162356,18193.305288487067,25.96383538332963,15.0,3.309628739172429,0,0,40.26792600603413
2162,0.6073710512159656,18221.131536478966,25.838489896989586,15.0,3.232554739717697,0,0,40.26792600603413
2163,0.6083119231398217,18249.357694194652,25.71742016398133,15.0,3.158109868918376,0,0,40.26792600603413
2164,0.6092656749869955,18277.970249609865,25.600662059879713,15.0,3.086316186396372,0,0,40.26792600603413
2165,0.6102318525400791,18306.95557620237,25.48825018263087,15.0,3.017194966169278,0,0,40.26792600603413
2166,0.6112099978996596,18336.299936989788,25.38021784229998,15.0,2.9507666903463456,0,0,40.26792600603413
2167,0.6121996496200054,18365.98948860016,25.27659705120111,15.0,2.887051043059398,0,0,40.26792600603413
2168,0.6132003428458012,18396.010285374035,25.177418514410935,15.0,2.826066904629795,0,0,40.26792600603413
2169,0.6142116094498957,18426.34828349687,25.08271162067031,15.0,2.767832345973874,0,0,40.26792600603413
2170,0.6152329781720174,18456.98934516052,24.99250443367586,15.0,2.7123646232482166,0,0,40.26792600603413
2171,0.616263974758419,18487.91924275257,24.90682368376388,15.0,2.659680172736116,0,0,40.26792600603413
2172,0.6173041221024095,18519.123663072285,24.825694759989723,15.0,2.609794605977302,0,0,40.26792600603413
2173,0.6183529403857306,18550.588211571918,24.749141702604447,15.0,2.562722705141845,0,0,40.26792600603413
2174,0.6194099472207378,18582.298416622136,24.677187195931044,15.0,2.5184784186498175,0,0,40.26792600603413
2175,0.6204746577933421,18614.239733800263,24.609852561642775,15.0,2.4770748570381986,0,0,40.26792600603413
2176,0.6215465850066704,18646.397550200112,24.547157752445003,15.0,2.4385242890758683,0,0,40.26792600603413
2177,0.6226252396254036,18678.75718876211,24.48912134616272,15.0,2.4028381381280726,0,0,40.26792600603413
2178,0.6237101304207471,18711.303912622414,24.435760540235663,15.0,2.3700269787715396,0,0,40.26792600603413
2179,0.6248007643159924,18744.022929479772,24.387091146622225,15.0,2.3401005336608787,0,0,40.26792600603413
2180,0.6258966465326268,18776.899395978802,24.343127587114118,15.0,2.3130676706476576,0,0,40.26792600603413
2181,0.6269972807369463,18809.91842210839,24.303882889062848,15.0,2.288936400152614,0,0,40.26792600603413
2182,0.628102169187131,18843.06507561393,24.269368681519396,15.0,2.267713872791971,0,0,40.26792600603413
2183,0.6292108128807355,18876.324386422068,24.239595191788347,15.0,2.249406377258621,0,0,40.26792600603413
2184,0.6303227117025554,18909.681351076662,24.214571242397263,15.0,2.234019338458584,0,0,40.26792600603413
2185,0.6314373645728207,18943.120937184623,24.194304248482425,15.0,2.22155731590355,0,0,40.26792600603413
2186,0.6325542695956785,18976.628087870355,24.178800215591508,15.0,2.2120240023597444,0,0,40.26792600603413
2187,0.6336729242079133,19010.1877262374,24.16806373790408,15.0,2.2054222227537226,0,0,40.26792600603413
2188,0.6347928253278695,19043.784759836086,24.162097996870177,15.0,2.2017539333352545,0,0,40.26792600603413
2189,0.6359134695045238,19077.404085135713,24.160904760267634,15.0,2.201020221097667,0,0,40.26792600603413
2190,0.6370343530666692,19111.030592000076,24.1644843816782,15.0,2.20322130345573,0,0,40.26792600603413
2191,0.6381549722721639,19144.649168164917,24.172835800382792,15.0,2.2083565281812363,0,0,40.26792600603413
2192,0.6392748234572004,19178.244703716013,24.18595654167581,15.0,2.216424373596272,0,0,40.26792600603413
2193,0.6403934031855525,19211.802095566574,24.20384271759845,15.0,2.227422449024127,0,0,40.26792600603413
2194,0.6415102083977537,19245.306251932612,24.226489028090775,15.0,2.241347495497691,0,0,40.26792600603413
2195,0.6426247365601653,19278.74209680496,24.253888762562212,15.0,2.2581953867251605,0,0,40.26792600603413
2196,0.6437364858138873,19312.09457441662,24.28603380188013,15.0,2.277961130312772,0,0,40.26792600603413
2197,0.6448449551234706,19345.348653704117,24.322914620775627,15.0,2.3006388692441133,0,0,40.26792600603413
2198,0.6459496444253839,19378.489332761517,24.364520290666086,15.0,2.3262218836156996,0,0,40.26792600603413
2199,0.6470500547761944,19411.501643285832,24.410838482893638,15.0,2.3547025926282723,0,0,40.26792600603413
2200,0.6481456885004143,19444.37065501243,24.46185547237825,15.0,2.386072556833061,0,0,40.26792600603413
2201,0.6492360493379736,19477.081480139208,24.51755614168492,15.0,2.4203224806326626,0,0,40.26792600603413
2202,0.6503206425912723,19509.61927773817,24.57792398550324,15.0,2.4574422150354973,0,0,40.26792600603413
2203,0.6513989752717702,19541.969258153105,24.6429411155382,15.0,2.4974207606631245,0,0,40.26792600603413
2204,0.6524705562460699,19574.116687382095,24.71258826581103,15.0,2.5402462710096962,0,0,40.26792600603413
2205,0.65353489638145,19606.0468914435,24.786844798367973,15.0,2.5859060559522327,0,0,40.26792600603413
2206,0.6545915086908066,19637.745260724198,24.86568870939582,15.0,2.634386585511015,0,0,40.26792600603413
2207,0.6556399084769567,19669.197254308703,24.94909663574219,15.0,2.685673493858882,0,0,40.26792600603413
2208,0.6566796134762657,19700.38840428797,25.03704386183839,15.0,2.739751583578005,0,0,40.26792600603413
2209,0.6577101440015515,19731.304320046544,25.12950432702325,15.0,2.7966048301632767,0,0,40.26792600603413
2210,0.658731023084227,19761.93069252681,25.226450633265525,15.0,2.8562163867707886,0,0,40.26792600603413
2211,0.6597417766156359,19792.253298469077,25.327854053282344,15.0,2.9185685892097446,0,0,40.26792600603413
2212,0.6607419334875412,19822.258004626234,25.43368453905196,15.0,2.983642961176943,0,0,40.26792600603413
2213,0.6617310257317245,19851.930771951735,25.5439107307174,15.0,3.0514202197315248,0,0,40.26792600603413
2214,0.6627085886586558,19881.257659759674,25.658499965879145,15.0,3.121880281008999,0,0,40.26792600603413
2215,0.6636741609951905,19910.224829855713,25.77741828927387,15.0,3.1950022661726107,0,0,40.26792600603413
2216,0.6646272850212545,19938.818550637632,25.900630462835792,15.0,3.270764507599999,0,0,40.26792600603413
2217,0.6655675067054768,19967.025201164306,26.028099976138847,15.0,3.3491445553040045,0,0,40.26792600603413
2218,0.6664943758397293,19994.83127519188,26.15978905721512,15.0,3.4301191835848504,0,0,40.26792600603413
2219,0.6674074461725319,20022.223385175956,26.295658683747927,15.0,3.513664397912665,0,0,40.26792600603413
2220,0.6683062755412874,20049.188266238623,26.435668594634482,15.0,3.599755442037324,0,0,40.26792600603413
2221,0.6691904260033038,20075.712780099115,26.579777301916664,15.0,3.6883668053245255,0,0,40.26792600603413
2222,0.6700594639655658,20101.783918966976,26.727942103074255,15.0,3.779472230314866,0,0,40.26792600603413
2223,0.6709129603132179,20127.388809396536,26.88011909367914,15.0,3.8730447205047795,0,0,40.26792600603413
2224,0.6717504905367204,20152.514716101614,27.036263180404703,15.0,3.969056548345925,0,0,40.26792600603413
2225,0.672571634857641,20177.14904572923,27.1963280943881,15.0,4.067479263461568,0,0,40.26792600603413
2226,0.6733759783530436,20201.27935059131,27.360266404940973,15.0,4.168283701077163,0,0,40.26792600603413
2227,0.6741631110784397,20224.893332353193,27.52802953360376,15.0,4.271439990662268,0,0,40.26792600603413
2228,0.674932628189263,20247.97884567789,27.699567768540742,15.0,4.376917564781941,0,0,40.26792600603413
2229,0.6756841300608344,20270.523901825032,27.874830279270952,15.0,4.484685168154662,0,0,40.26792600603413
2230,0.6764172224067785,20292.516672203354,28.053765131729914,15.0,4.5947108669136965,0,0,40.26792600603413
2231,0.6771315163958601,20313.945491875802,28.23631930365904,15.0,4.706962058069903,0,0,40.26792600603413
2232,0.6778266287672026,20334.798863016076,28.422438700317414,15.0,4.82140547917281,0,0,40.26792600603413
2233,0.6785021819438567,20355.0654583157,28.612068170511108,15.0,4.938007218166902,0,0,40.26792600603413
2234,0.6791578041446846,20374.73412434054,28.8051515229354,15.0,5.056732723440346,0,0,40.26792600603413
2235,0.679793129494527,20393.79388483581,29.001631542826047,15.0,5.177546814063723,0,0,40.26792600603413
2236,0.6804077981326194,20412.233943978583,29.20145000891261,15.0,5.300413690214496,0,0,40.26792600603413
2237,0.6810014563192268,20430.043689576803,29.40454771067132,15.0,5.425296943785684,0,0,40.26792600603413
2238,0.6815737565404646,20447.212696213937,29.610864465869845,15.0,5.552159569173998,0,0,40.26792600603413
2239,0.6821243576112738,20463.730728338214,29.82033913840086,15.0,5.680963974245564,0,0,40.26792600603413
2240,0.6826529247765225,20479.587743295677,30.03290965639824,15.0,5.81167199147544,0,0,40.26792600603413
2241,0.6831591298102005,20494.773894306018,30.24851303062976,15.0,5.944244889257155,0,0,40.26792600603413
2242,0.6836426511126796,20509.279533380388,30.467085373162444,15.0,6.078643383379886,0,0,40.26792600603413
2243,0.6841031738060107,20523.09521418032,30.6885619162942,15.0,6.214827648669374,0,0,40.26792600603413
2244,0.684540389827229,20536.21169481687,30.912877031745268,15.0,6.352757330788609,0,0,40.26792600603413
2245,0.6849539980196396,20548.61994058919,31.139964250106,15.0,6.492391558196125,0,0,40.26792600603413
2246,0.685343704222057,20560.311126661712,31.369756280532563,15.0,6.633688954256729,0,0,40.26792600603413
2247,0.685709221355971,20571.27664067913,31.60218503068693,15.0,6.7766076495024645,0,0,40.26792600603413
2248,0.6860502695106143,20581.50808531843,31.837181626914393,15.0,6.921105294039608,0,0,40.26792600603413
2249,0.6863665760259066,20590.997280777196,32.074676434651664,15.0,7.067139070097449,0,0,40.26792600603413
2250,0.6866578755732489,20599.736267197466,32.31459907906183,15.0,7.214665704716598,0,0,40.26792600603413
2251,0.6869239102341469,20607.717307024406,32.55687846588722,15.0,7.3636414825712055,0,0,40.26792600603413
2252,0.687164429576637,20614.93288729911,32.80144280251689,15.0,7.51402225892326,0,0,40.26792600603413
2253,0.6873791907294955,20621.375721884866,33.04821961925957,15.0,7.6657634727031185,0,0,40.26792600603413
2254,0.687567958454206,20627.03875362618,33.29713579081877,15.0,7.818820159714421,0,0,40.26792600603413
2255,0.6877305052146657,20631.915156439973,33.54811755796061,15.0,7.9731469659574445,0,0,40.26792600603413
2256,0.6878666112446098,20635.998337338293,33.80109054937107,15.0,8.128698161068984,0,0,40.26792600603413
2257,0.6879760646127322,20639.281938381966,34.05597980369307,15.0,8.285427651872793,0,0,40.26792600603413
2258,0.6880586612854859,20641.759838564576,34.31270979173951,15.0,8.44328899603818,0,0,40.26792600603413
2259,0.6881142051875424,20643.42615562627,34.57120443887443,15.0,8.602235415842074,0,0,40.26792600603413
2260,0.688142508259893,20644.275247796788,34.83138714755503,15.0,8.762219812029876,0,0,40.26792600603413
2261,0.6881433905155744,20644.30171546723,35.0931808200294,15.0,8.923194777772187,0,0,40.26792600603413
2262,0.6881166800930034,20643.5004027901,35.356507881182644,15.0,9.085112612712662,0,0,40.26792600603413
2263,0.688062213306903,20641.86639920709,35.621290301523366,15.0,9.24792533710227,0,0,40.26792600603413
2264,0.6879798346968055,20639.395040904164,35.88744962030583,15.0,9.411584706016917,0,0,40.26792600603413
2265,0.6878693970731189,20636.081912193567,36.15490696877982,15.0,9.576042223653609,0,0,40.26792600603413
2266,0.6877307615607429,20631.922846822286,36.42358309356087,15.0,9.74124915770065,0,0,40.26792600603413
2267,0.6875637976402199,20626.913929206596,36.6933983801145,15.0,9.907156553777888,0,0,40.26792600603413
2268,0.6873683831864109,20621.051495592328,36.96427287634842,15.0,10.073715249943431,0,0,40.26792600603413
2269,0.6871444045046843,20614.33213514053,37.23612631630323,15.0,10.240875891260833,0,0,40.26792600603413
2270,0.6868917563646053,20606.75269093816,37.50887814393781,15.0,10.408588944424588,0,0,40.26792600603413
2271,0.6866103420311187,20598.310260933562,37.782447536999065,15.0,10.576804712437431,0,0,40.26792600603413
2272,0.6863000732932131,20589.002198796392,38.0567534309716,15.0,10.745473349336837,0,0,40.26792600603413
2273,0.6859608704900597,20578.82611470179,38.331714543099245,15.0,10.914544874965664,0,0,40.26792600603413
2274,0.6855926625346178,20567.779876038534,38.60724939647023,15.0,11.083969189781936,0,0,40.26792600603413
2275,0.6851953869346994,20555.86160804098,38.88327634416085,15.0,11.253696089704626,0,0,40.26792600603413
2276,0.6847689898114867,20543.069694344602,39.159713593429586,15.0,11.423675280990423,0,0,40.26792600603413
2277,0.684313425915498,20529.40277746494,39.436479229953356,15.0,11.593856395136426,0,0,40.26792600603413
2278,0.6838286586399956,20514.85975919987,39.71349124210086,15.0,11.76418900380563,0,0,40.26792600603413
2279,0.6833146600318336,20499.43980095501,39.99066754523471,15.0,11.934622633770157,0,0,40.26792600603413
2280,0.6827714107997408,20483.142323992222,40.26792600603411,15.0,12.105106781867043,0,0,40.26792600603413
2281,0.6821989003200368,20465.967009601103,40.545184466833625,15.0,12.275590929963998,0,0,40.26792600603413
2282,0.6815971266397809,20447.913799193426,40.822360769967354,15.0,12.446024559928453,0,0,40.26792600603413
2283,0.6809660964773498,20428.982894320496,41.099372782114855,15.0,12.616357168597663,0,0,40.26792600603413
2284,0.6803058252204478,20409.174756613433,41.37613841863863,15.0,12.786538282743663,0,0,40.26792600603413
2285,0.679616336921546,20388.49010764638,41.652575667907364,15.0,12.95651747402946,0,0,40.26792600603413
2286,0.678897664290756,20366.929928722682,41.92860261559798,15.0,13.12624437395215,0,0,40.26792600603413
2287,0.6781498486861369,20344.49546058411,42.204137468968966,15.0,13.295668688768423,0,0,40.26792600603413
2288,0.6773729401014394,20321.188203043184,42.47909858109662,15.0,13.464740214397253,0,0,40.26792600603413
2289,0.6765669971512926,20297.00991453878,42.75340447506915,15.0,13.633408851296656,0,0,40.26792600603413
2290,0.6757320870538343,20271.96261161503,43.026973868130405,15.0,13.8016246193095,0,0,40.26792600603413
2291,0.6748682856107932,20246.048568323793,43.29972569576488,15.0,13.969337672473184,0,0,40.26792600603413
2292,0.6739756771850273,20219.270315550817,43.5715791357198,15.0,14.136498313790657,0,0,40.26792600603413
2293,0.6730543546755257,20191.63064026577,43.84245363195372,15.0,14.303057009956195,0,0,40.26792600603413
2294,0.6721044194898796,20163.13258469639,44.11226891850734,15.0,14.468964406033436,0,0,40.26792600603413
2295,0.6711259815142342,20133.779445427026,44.38094504328839,15.0,14.634171340080478,0,0,40.26792600603413
2296,0.670119159080726,20103.57477242178,44.64840239176238,15.0,14.798628857717171,0,0,40.26792600603413
2297,0.6690840789324193,20072.52236797258,44.91456171054496,15.0,14.962288226631888,0,0,40.26792600603413
2298,0.668020876185749,20040.62628557247,45.179344130885575,15.0,15.125100951021427,0,0,40.26792600603413
2299,0.6669296942904829,20007.890828714488,45.44267119203882,15.0,15.287018785961902,0,0,40.26792600603413
2300,0.6658106849872144,19974.320549616434,45.704464864513184,15.0,15.44799375170421,0,0,40.26792600603413
2301,0.6646640082623985,19939.920247871953,45.96464757319379,15.0,15.607978147892016,0,0,40.26792600603413
2302,0.6634898323009438,19904.694969028315,46.22314222032861,15.0,15.766924567695845,0,0,40.26792600603413
2303,0.662288333436377,19868.650003091312,46.47987220837515,15.0,15.9247859118613,0,0,40.26792600603413
2304,0.66105969609859,19831.790882957703,46.73476146269715,15.0,16.081515402665104,0,0,40.26792600603413
2305,0.6598041127591906,19794.123382775717,46.9877344541075,15.0,16.237066597776582,0,0,40.26792600603413
2306,0.6585217838744679,19755.653516234037,47.23871622124945,15.0,16.391393404019666,0,0,40.26792600603413
2307,0.6572129178259937,19716.38753477981,47.48763239280866,15.0,16.54445009103097,0,0,40.26792600603413
2308,0.6558777308588736,19676.331925766208,47.73440920955133,15.0,16.696191304810828,0,0,40.26792600603413
2309,0.6545164470176701,19635.493410530104,47.978973546180995,15.0,16.846572081162883,0,0,40.26792600603413
2310,0.6531292980800123,19593.87894240037,48.22125293300648,15.0,16.995547859017556,0,0,40.26792600603413
2311,0.6517165234879156,19551.49570463747,48.46117557741656,15.0,17.14307449363664,0,0,40.26792600603413
2312,0.65027837027683,19508.3511083049,48.698670385153925,15.0,17.289108269694545,0,0,40.26792600603413
2313,0.6488150930024381,19464.452790073145,48.93366698138129,15.0,17.433605914231627,0,0,40.26792600603413
2314,0.6473269536652244,19419.808609956734,49.166095731535755,15.0,17.576524609477424,0,0,40.26792600603413
2315,0.6458142216328394,19374.426648985183,49.39588776196223,15.0,17.71782200553797,0,0,40.26792600603413
2316,0.6442771735602799,19328.3152068084,49.62297498032286,15.0,17.857456232945427,0,0,40.26792600603413
2317,0.6427160933079102,19281.482799237307,49.84729009577402,15.0,17.995385915064716,0,0,40.26792600603413
2318,0.641131271857348,19233.93815572044,50.06876663890578,15.0,18.13157018035421,0,0,40.26792600603413
2319,0.6395230072252404,19185.69021675721,50.28733898143847,15.0,18.26596867447694,0,0,40.26792600603413
2320,0.6378916043749553,19136.74813124866,50.50294235566999,15.0,18.39854157225865,0,0,40.26792600603413
2321,0.636237375126214,19087.12125378642,50.71551287366736,15.0,18.52924958948853,0,0,40.26792600603413
2322,0.6345606380626921,19036.819141880766,50.92498754619838,15.0,18.658053994560095,0,0,40.26792600603413
2323,0.6328617184376168,18985.851553128505,51.131304301396916,15.0,18.784916619948408,0,0,40.26792600603413
2324,0.6311409480773869,18934.228442321604,51.33440200315553,15.0,18.90979987351955,0,0,40.26792600603413
2325,0.6293986652832452,18881.959958497355,51.53422046924218,15.0,19.032666749670373,0,0,40.26792600603413
2326,0.6276352147310335,18829.056441931003,51.730700489132836,15.0,19.15348084029375,0,0,40.26792600603413
2327,0.6258509473690568,18775.528421071704,51.923783841557125,15.0,19.272206345567195,0,0,40.26792600603413
2328,0.6240462203140904,18721.386609422712,52.11341331175082,15.0,19.388808084561283,0,0,40.26792600603413
2329,0.622221396745558,18666.64190236674,52.299532708409195,15.0,19.503251505664192,0,0,40.26792600603413
2330,0.620376845797914,18611.30537393742,52.482086880338386,15.0,19.615502696820446,0,0,40.26792600603413
2331,0.618512942451261,18555.38827353783,52.66102173279727,15.0,19.72552839557944,0,0,40.26792600603413
2332,0.616630067420235,18498.90202260705,52.83628424352749,15.0,19.83329599895216,0,0,40.26792600603413
2333,0.6147286070411917,18441.85821123575,53.00782247846447,15.0,19.93877357307183,0,0,40.26792600603413
2334,0.6128089531577264,18384.26859473179,53.17558560712726,15.0,20.041929862656936,0,0,40.26792600603413
2335,0.6108715030045625,18326.145090136873,53.33952391768006,15.0,20.142734300272494,0,0,40.26792600603413
2336,0.6089166590898419,18267.499772695257,53.49958883166353,15.0,20.241157015388175,0,0,40.26792600603413
2337,0.6069448290758538,18208.344872275615,53.65573291838909,15.0,20.33716884322932,0,0,40.26792600603413
2338,0.604956425658235,18148.692769747053,53.80790990899392,15.0,20.430741333419196,0,0,40.26792600603413
2339,0.6029518664436798,18088.555993310394,53.95607471015157,15.0,20.521846758409573,0,0,40.26792600603413
2340,0.6009315738261932,18027.947214785796,54.100183417433755,15.0,20.61045812169678,0,0,40.26792600603413
2341,0.5988959748619276,17966.87924585783,54.240193328320316,15.0,20.696549165821434,0,0,40.26792600603413
2342,0.5968455011426361,17905.365034279082,54.37606295485311,15.0,20.78009438014925,0,0,40.26792600603413
2343,0.5947805886677825,17843.417660033476,54.50775203592944,15.0,20.861069008430135,0,0,40.26792600603413
2344,0.5927016777153459,17781.050331460377,54.63522154923245,15.0,20.9394490561341,0,0,40.26792600603413
2345,0.590609212711356,17718.276381340682,54.75843372279442,15.0,21.01521129756152,0,0,40.26792600603413
2346,0.588503642098201,17655.109262946033,54.8773520461891,15.0,21.088333282725106,0,0,40.26792600603413
2347,0.5863854182017436,17591.562546052308,54.99194128135084,15.0,21.158793344002575,0,0,40.26792600603413
2348,0.5842549970972873,17527.64991291862,55.10216747301628,15.0,21.22657060255716,0,0,40.26792600603413
2349,0.5821128384744318,17463.385154232954,55.20799795878586,15.0,21.29164497452433,0,0,40.26792600603413
2350,0.5799594055008568,17398.782165025703,55.30940137880272,15.0,21.35399717696332,0,0,40.26792600603413
2351,0.5777951646850754,17333.85494055226,55.40634768504499,15.0,21.41360873357083,0,0,40.26792600603413
2352,0.5756205857381975,17268.617572145926,55.49880815022985,15.0,21.470461980156102,0,0,40.26792600603413
2353,0.5734361414347446,17203.08424304234,55.58675537632606,15.0,21.524540069875222,0,0,40.26792600603413
2354,0.5712423074725562,17137.269224176685,55.670163302672435,15.0,21.57582697822309,0,0,40.26792600603413
2355,0.5690395623318301,17071.1868699549,55.74900721370027,15.0,21.62430750778187,0,0,40.26792600603413
2356,0.5668283871333386,17004.85161400016,55.82326374625721,15.0,21.669967292724408,0,0,40.26792600603413
2357,0.5646092654958624,16938.277964875873,55.892910896530026,15.0,21.71279280307097,0,0,40.26792600603413
2358,0.5623826833928834,16871.480501786504,55.957928026565,15.0,21.75277134869861,0,0,40.26792600603413
2359,0.5601491290085806,16804.473870257418,56.01829587038333,15.0,21.789891083101445,0,0,40.26792600603413
2360,0.55790909259317,16737.2727777951,56.07399653969,15.0,21.82414100690105,0,0,40.26792600603413
2361,0.5556630663176337,16669.891989529013,56.12501352917464,15.0,21.85551097110585,0,0,40.26792600603413
2362,0.5534115441278785,16602.346323836355,56.17133172140217,15.0,21.883991680118406,0,0,40.26792600603413
2363,0.551155021598369,16534.65064795107,56.21293739129265,15.0,21.909574694490004,0,0,40.26792600603413
2364,0.548893995785279,16466.81987355837,56.249818210188124,15.0,21.93225243342134,0,0,40.26792600603413
2365,0.5466289650792014,16398.868952376044,56.28196324950604,15.0,21.952018177008952,0,0,40.26792600603413
2366,0.5443604290574665,16330.812871723994,56.309362983977486,15.0,21.968866068236423,0,0,40.26792600603413
2367,0.5420888883361042,16262.666650083129,56.332009294469806,15.0,21.982791114709986,0,0,40.26792600603413
2368,0.5398148444215026,16194.44533264508,56.34989547039244,15.0,21.99378919013784,0,0,40.26792600603413
2369,0.5375387995617996,16126.163986853988,56.36301621168547,15.0,22.00185703555288,0,0,40.26792600603413
2370,0.5352612565980561,16057.837697941684,56.37136763039006,15.0,22.006992260278384,0,0,40.26792600603413
2371,0.532982718815254,15989.481564457621,56.37494725180063,15.0,22.00919334263645,0,0,40.26792600603413
2372,0.5307036897931614,15921.11069379484,56.37375401519809,15.0,22.00845963039886,0,0,40.26792600603413
2373,0.5284246732571108,15852.740197713327,56.367788274164184,15.0,22.004791340980397,0,0,40.26792600603413
2374,0.5261461729287358,15784.385187862072,56.35705179647675,15.0,21.99818956137437,0,0,40.26792600603413
2375,0.5238686923767053,15716.060771301158,56.34154776358584,15.0,21.98865624783057,0,0,40.26792600603413
2376,0.5215927348675073,15647.782046025219,56.32128076967099,15.0,21.976194225275528,0,0,40.26792600603413
2377,0.5193188032163192,15579.564096489574,56.296256820279915,15.0,21.9608071864755,0,0,40.26792600603413
2378,0.5170473996380126,15511.421989140377,56.266483330548866,15.0,21.942499690942135,0,0,40.26792600603413
2379,0.514779025598337,15443.370767950111,56.23196912300541,15.0,21.921277163581507,0,0,40.26792600603413
2380,0.512514181665324,15375.425449959721,56.19272442495415,15.0,21.897145893086464,0,0,40.26792600603413
2381,0.5102533673609585,15307.601020828753,56.148760865446036,15.0,21.87011303007324,0,0,40.26792600603413
2382,0.5079970810131592,15239.912430394776,56.10009147183263,15.0,21.84018658496259,0,0,40.26792600603413
2383,0.5057458196081138,15172.374588243414,56.04673066590555,15.0,21.807375425606047,0,0,40.26792600603413
2384,0.503500078643011,15105.00235929033,55.988694259623266,15.0,21.77168927465825,0,0,40.26792600603413
2385,0.5012603519792139,15037.81055937642,55.92599945042551,15.0,21.733138706695925,0,0,40.26792600603413
2386,0.49902713169591856,14970.813950877557,55.85866481613723,15.0,21.69173514508431,0,0,40.26792600603413
2387,0.4968009079443396,14904.027238330189,55.78671030946383,15.0,21.647490858592278,0,0,40.26792600603413
2388,0.49458216880246886,14837.465064074066,55.71015725207855,15.0,21.600418957756823,0,0,40.26792600603413
2389,0.4923714001304464,14771.142003913392,55.62902832830439,15.0,21.55053339099801,0,0,40.26792600603413
2390,0.4901690854265902,14705.072562797706,55.54334757839244,15.0,21.49784894048593,0,0,40.26792600603413
2391,0.487975705684125,14639.27117052375,55.45314039139797,15.0,21.442381217760254,0,0,40.26792600603413
2392,0.48579173924865365,14573.75217745961,55.358433497657344,15.0,21.38414665910433,0,0,40.26792600603413
2393,0.48361766167641296,14508.529850292389,55.25925496086717,15.0,21.323162520674728,0,0,40.26792600603413
2394,0.4814539455933562,14443.618367800686,55.15563416976826,15.0,21.259446873387752,0,0,40.26792600603413
2395,0.47930106055510363,14379.031816653109,55.04760182943741,15.0,21.19301859756485,0,0,40.26792600603413
2396,0.4771594729078034,14314.784187234103,54.93518995218852,15.0,21.123897377337727,0,0,40.26792600603413
2397,0.4750296456499428,14250.889369498285,54.81843184808696,15.0,21.052103694815752,0,0,40.26792600603413
2398,0.4729120382951519,14187.361148854556,54.697362115078704,15.0,20.97765882401643,0,0,40.26792600603413
2399,0.47080710673603965,14124.21320208119,54.572016628738645,15.0,20.900584824561697,0,0,40.26792600603413
2400,0.4687153031091034,14061.459093273103,54.44243253163948,15.0,20.82090453514092,0,0,40.26792600603413
2401,0.4666370756607508,13999.112269822524,54.30864822234593,15.0,20.73864156674356,0,0,40.26792600603413
2402,0.4645728686144748,13937.186058434243,54.17070334403603,15.0,20.653820295662463,0,0,40.26792600603413
2403,0.4625231220392204,13875.693661176612,54.02863877275436,15.0,20.56646585627088,0,0,40.26792600603413
2404,0.4604882717189833,13814.6481515695,53.882496605299465,15.0,20.476604133574508,0,0,40.26792600603413
2405,0.4584687490236771,13754.062470710314,53.73232014674946,15.0,20.384261755541072,0,0,40.26792600603413
2406,0.45646498078130954,13693.949423439286,53.57815389763012,15.0,20.289466085210137,0,0,40.26792600603413
2407,0.4544773891515037,13634.321674545112,53.42004354072833,15.0,20.192245212584726,0,0,40.26792600603413
2408,0.4525063915004035,13575.191745012105,53.258035927555,15.0,20.09262794630751,0,0,40.26792600603413
2409,0.4505524002769986,13516.572008309959,53.092179064462385,15.0,19.990643805124442,0,0,40.26792600603413
2410,0.4486158228909073,13458.474686727219,52.922522098418575,15.0,19.886323009137598,0,0,40.26792600603413
2411,0.4466970615916519,13400.911847749558,52.74911530244405,15.0,19.779696470850215,0,0,40.26792600603413
2412,0.44479651334946385,13343.895400483916,52.5720100607148,15.0,19.670795786006735,0,0,40.26792600603413
2413,0.44291456973765264,13287.43709212958,52.39125885333633,15.0,19.559653224230427,0,0,40.26792600603413
2414,0.4410516168165743,13231.548504497228,52.206915240792185,15.0,19.446301719460916,0,0,40.26792600603413
2415,0.4392080350192332,13176.241050576997,52.01903384807337,15.0,19.33077486019548,0,0,40.26792600603413
2416,0.43738419903855186,13121.525971156556,51.827670348491196,15.0,19.213106879535694,0,0,40.26792600603413
2417,0.43558047771634106,13067.414331490232,51.63288144718065,15.0,19.093332645043766,0,0,40.26792600603413
2418,0.43379723393400427,13013.917018020127,51.43472486429714,15.0,18.97148764841036,0,0,40.26792600603413
2419,0.43203482450500774,12961.044735150232,51.23325931791258,15.0,18.847607994937512,0,0,40.26792600603413
2420,0.4302936000691495,12908.808002074486,51.02854450661643,15.0,18.721730392840136,0,0,40.26792600603413
2421,0.42857390498865666,12857.2171496597,50.82064109182548,15.0,18.593892142368453,0,0,40.26792600603413
2422,0.4268760772461438,12806.282317384314,50.609610679808284,15.0,18.464131124754935,0,0,40.26792600603413
2423,0.4252004483444612,12756.013450333836,50.395515803430506,15.0,18.332485790989693,0,0,40.26792600603413
2424,0.4235473432084637,12706.420296253911,50.17841990362437,15.0,18.19899515042615,0,0,40.26792600603413
2425,0.4219170800887282,12657.512402661845,49.95838731059041,15.0,18.063698759222113,0,0,40.26792600603413
2426,0.42030997046724905,12609.29911401747,49.735483224734715,15.0,17.9266367086183,0,0,40.26792600603413
2427,0.4187263189651395,12561.789568954186,49.50977369734841,15.0,17.78784961305822,0,0,40.26792600603413
2428,0.4171664232523659,12514.992697570977,49.281325611035854,15.0,17.647378598153693,0,0,40.26792600603413
2429,0.4156305739595413,12468.917218786239,49.05020665989514,15.0,17.50526528849791,0,0,40.26792600603413
2430,0.4141190545918056,12423.571637754168,48.816485329459645,15.0,17.361551795331714,0,0,44.26792600603413
2431,0.4124712847839629,12374.138543518886,53.405930702028876,15.0,17.216280704064587,0,0,44.26792600603413
2432,0.4108491806319746,12325.475418959239,53.143500209533386,15.0,17.06949506165621,0,0,44.26792600603413
2433,0.409253011690613,12277.59035071839,52.87843969285071,15.0,16.92123836386019,0,0,44.26792600603413
2434,0.4076830398294873,12230.491194884618,52.61082769513265,15.0,16.771554542335863,0,0,44.26792600603413
2435,0.40613951915544666,12184.1855746634,52.34074351558942,15.0,16.620487951629855,0,0,44.26792600603413
2436,0.40462269593728256,12138.680878118477,52.068267185992454,15.0,16.468083356033333,0,0,44.26792600603413
2437,0.40313280853275435,12093.98425598263,51.79347944695881,15.0,16.314385916317207,0,0,44.26792600603413
2438,0.4016700873179581,12050.102619538744,51.51646172402579,15.0,16.159441176349798,0,0,44.26792600603413
2439,0.39899403529649774,11969.821058894931,51.237296103523285,15.0,16.003295049601597,1,0,44.26792600603413
2440,0.39631616359155275,11889.484907746582,51.468665339544266,15.0,15.84599380553994,2,0,44.26792600603413
2441,0.3936085302011744,11808.255906035232,52.539557668924175,15.0,15.687584055918148,3,0,44.26792600603413
2442,0.3908712484865636,11726.137454596908,53.60825943955565,15.0,15.528112740963863,4,0,44.26792600603413
2443,0.38810444248255,11643.1332744765,54.67439732632491,15.0,15.367627115469443,5,0,44.26792600603413
2444,0.3853082468009775,11559.247404029325,55.73760055966545,15.0,15.206174734789222,6,0,44.26792600603413
2445,0.3824828065173147,11474.48419551944,56.79750144464454,15.0,15.04380344074796,7,0,44.26792600603413
2446,0.3796282770403251,11388.848311209753,57.85373588510643,15.0,14.880561347464464,8,0,44.26792600603413
2447,0.37674482396465936,11302.344718939781,58.905943912057076,15.0,14.716496827093902,9,0,44.26792600603413
2448,0.3738326229062575,11214.978687187726,59.95377021546017,15.0,14.551658495494598,10,0,44.26792600603413
2449,0.3708918593204799,11126.755779614397,60.99686467858949,15.0,14.386095197821565,11,0,44.26792600603413
2450,0.36792272830291245,11037.681849087374,62.03488291407436,15.0,14.219855994053118,12,0,44.26792600603413
2451,0.36492543437282193,10947.763031184659,63.06748680075438,15.0,14.052990144453148,13,0,44.26792600603413
2452,0.36190019123926587,10857.005737177977,64.09434502045302,15.0,13.885547094974005,14,0,44.26792600603413
2453,0.3588472215498921,10765.416646496764,65.1151335937713,15.0,13.717576462605042,15,0,44.26792600603413
2454,0.35576675662249324,10673.002698674798,66.12953641399167,15.0,13.549128020669798,16,0,44.26792600603413
2455,0.3526590361594104,10579.771084782313,67.1372457781826,15.0,13.3802516840769,17,0,44.26792600603413
2456,0.3495243079449119,10485.729238347358,68.13796291459406,15.0,13.210997494529662,18,0,44.26792600603413
2457,0.346362827525703,10390.88482577109,69.13139850542865,15.0,13.041415605697122,19,0,44.26792600603413
2458,0.34317485787475094,10295.245736242528,70.11727320408637,15.0,12.871556268352876,20,0,44.26792600603413
2459,0.3399606690386418,10198.820071159254,71.09531814597938,15.0,12.701469815484522,21,0,44.26792600603413
2460,0.33672053776871425,10101.616133061427,72.06527545202633,15.0,12.531206647378667,22,0,44.26792600603413
2461,0.3334547471362429,10003.642414087288,73.02689872394944,15.0,12.360817216686744,23,0,44.26792600603413
2462,0.33016358613197594,9904.907583959279,73.97995353050526,15.0,12.190352013474229,24,0,44.26792600603413
2463,0.32684734925035613,9805.420477510685,74.92421788380655,15.0,12.019861550259918,25,0,44.26792600603413
2464,0.32350633605878465,9705.19008176354,75.85948270490205,15.0,11.849396347047405,26,0,44.26792600603413
2465,0.3201408507523123,9604.22552256937,76.78555227781435,15.0,11.679006916355481,27,0,44.26792600603413
2466,0.31675120169416887,9502.536050825067,77.70224469124855,15.0,11.508743748249625,28,0,44.26792600603413
2467,0.3133377009425663,9400.131028276988,78.6093922672252,15.0,11.338657295381273,29,0,44.26792600603413
2468,0.3099006637642358,9297.019912927075,79.50684197590627,15.0,11.168797958037027,30,0,44.26792600603413
2469,0.3064404081351814,9193.212244055443,80.39445583592914,15.0,10.999216069204483,31,0,44.26792600603413
2470,0.30295725422915415,9088.717626874624,81.27211129958503,15.0,10.829961879657247,32,0,44.26792600603413
2471,0.2994515238943716,8983.545716831148,82.13970162222257,15.0,10.661085543064349,33,0,44.26792600603413
2472,0.2959464476095099,8878.393428285297,82.99713621529563,15.0,9.805412386678142,34,0,44.26792600603413
2473,0.29248414352036717,8774.524305611016,83.83492949308723,15.0,7.705791646336337,35,0,44.26792600603413
2474,0.2890640966656504,8671.922899969513,84.63618381785494,15.0,5.658107849477247,36,0,44.26792600603413
2475,0.2856857980533368,8570.573941600105,85.40177690368142,15.0,3.6612978959527425,37,0,44.26792600603413
2476,0.28234874458960696,8470.462337688208,86.13258684930567,15.0,1.7143004498956032,38,0,44.26792600603413
2477,0.27905243900869287,8371.573170260786,86.6455480522585,15.0,0.0,39,0,44.26792600603413
2478,0.2757963898036304,8273.891694108912,85.45887804312945,15.0,0.0,40,0,44.26792600603413
2479,0.27258011115790376,8177.403334737112,84.28670032930694,15.0,0.0,41,0,44.26792600603413
2480,0.2694031228779721,8082.093686339163,83.12884001684534,15.0,0.0,42,0,44.26792600603413
2481,0.266264950326667,7987.9485098000105,81.98512423606994,15.0,0.0,43,0,44.26792600603413
2482,0.2631651243574504,7894.953730723511,80.85538211760013,15.0,0.0,44,0,44.26792600603413
2483,0.2601031812495217,7803.09543748565,79.73944476868213,15.0,0.0,45,0,44.26792600603413
2484,0.2570786626437646,7712.359879312938,78.6371452498278,15.0,0.0,46,0,44.26792600603413
2485,0.2540911154795225,7622.733464385676,77.54831855175524,15.0,0.0,47,0,44.26792600603413
2486,0.2511400919321923,7534.202757965769,76.47280157262811,15.0,0.0,48,0,44.26792600603413
2487,0.24822514935162643,7446.754480548793,75.41043309558923,15.0,0.0,49,0,44.26792600603413
2488,0.24534585020133376,7360.375506040013,74.36105376658553,15.0,0.0,50,0,44.26792600603413
2489,0.24250176199846799,7275.052859954039,73.32450607248015,15.0,0.0,51,0,44.26792600603413
2490,0.23969245725459523,7190.773717637857,72.30063431944848,15.0,0.0,52,0,44.26792600603413
2491,0.2369175134172297,7107.525402516891,71.28928461165428,15.0,0.0,53,0,44.26792600603413
2492,0.23417651281212878,7025.295384363863,70.29030483020267,15.0,0.0,54,0,44.26792600603413
2493,0.2314690425863375,6944.071277590125,69.30354461236635,15.0,0.0,55,0,44.26792600603413
2494,0.2287946946519729,6863.840839559188,68.3288553310815,15.0,0.0,56,0,44.26792600603413
2495,0.22615306563073925,6784.591968922177,67.36609007471026,15.0,0.0,57,0,44.26792600603413
2496,0.2235437567991642,6706.312703974926,66.41510362706613,15.0,0.0,58,0,44.26792600603413
2497,0.2209663740345478,6628.991221036434,65.47575244769911,15.0,0.0,59,0,44.26792600603413
2498,0.21842052776161397,6552.615832848419,64.54789465243721,15.0,0.0,60,0,44.26792600603413
2499,0.21590583289985657,6477.1749869956975,63.63138999418104,15.0,0.0,61,0,44.26792600603413
2500,0.21342190881157042,6402.657264347113,62.72609984394837,15.0,0.0,62,0,44.26792600603413
2501,0.21096837925055884,6329.051377516765,61.83188717216535,15.0,0.0,63,0,44.26792600603413
2502,0.2085448723115088,6256.346169345265,60.94861653020118,15.0,0.0,64,0,44.26792600603413
2503,0.2061510203800255,6184.530611400765,60.07615403214318,15.0,0.0,65,0,44.26792600603413
2504,0.2037864600833169,6113.593802499508,59.21436733680919,15.0,0.0,66,0,44.26792600603413
2505,0.20145083224152088,6043.524967245627,58.363125629994094,15.0,0.0,67,0,44.26792600603413
2506,0.19914378181966577,5974.313454589973,57.52229960694753,15.0,0.0,68,0,44.26792600603413
2507,0.19686495788025657,5905.948736407697,56.69176145507967,15.0,0.0,69,0,44.26792600603413
2508,0.1946140135364782,5838.420406094346,55.87138483689236,15.0,0.0,70,0,44.26792600603413
2509,0.19239060590600812,5771.718177180243,55.06104487313214,15.0,0.0,71,0,44.26792600603413
2510,0.19019439606542987,5705.831881962896,54.26061812616293,15.0,0.0,72,0,44.26792600603413
2511,0.18802504900523975,5640.751470157193,53.46998258355475,15.0,0.0,73,0,44.26792600603413
2512,0.18588223358543918,5576.467007563176,52.68901764188631,15.0,0.0,74,0,44.26792600603413
2513,0.1837656224917041,5512.968674751123,51.91760409075811,15.0,0.0,75,0,44.26792600603413
2514,0.18167489219212435,5450.246765763731,51.15562409701349,15.0,0.0,76,0,44.26792600603413
2515,0.17960972289450547,5388.291686835164,50.40296118916478,15.0,0.0,77,0,44.26792600603413
2516,0.1775697985042249,5327.0939551267475,49.65950024202196,15.0,0.0,78,0,44.26792600603413
2517,0.1755548065826355,5266.644197479065,48.925127461520965,15.0,0.0,79,0,44.26792600603413
2518,0.17356443830600873,5206.933149180262,48.19973036974879,15.0,0.0,80,0,44.26792600603413
2519,0.17159838842501057,5147.951652750317,47.483197790163146,15.0,0.0,81,0,44.26792600603413
2520,0.1696563552247024,5089.690656741072,46.77541983300381,15.0,0.0,82,0,44.26792600603413
2521,0.16773804048506027,5032.141214551808,46.07628788089287,15.0,0.0,83,0,44.26792600603413
2522,0.1658431494420048,4975.294483260143,45.385694574621695,15.0,0.0,84,0,44.26792600603413
2523,0.1639713907489355,4919.1417224680645,44.70353379912172,15.0,0.0,85,0,44.26792600603413
2524,0.16212247643876193,4863.674293162858,44.02970066961677,15.0,0.0,86,0,44.26792600603413
2525,0.16029612188642495,4808.883656592749,43.36409151795429,15.0,0.0,87,0,44.26792600603413
2526,0.1584920457719016,4754.761373157048,42.706603879112976,15.0,0.0,88,0,44.26792600603413
2527,0.15670997004368648,4701.299101310594,42.057136477884576,15.0,0.0,89,0,44.26792600603413
2528,0.1549496198827432,4648.488596482296,41.41558921572714,15.0,0.0,90,0,44.26792600603413
2529,0.15321072366691943,4596.321710007583,40.781863157787555,15.0,0.0,91,0,44.26792600603413
2530,0.15149301293581857,4544.790388074557,40.15586052009099,15.0,0.0,92,0,44.26792600603413
2531,0.14979622235612217,4493.886670683665,39.537484656894684,15.0,0.0,93,0,44.26792600603413
2532,0.14812008968735646,4443.6026906206935,38.92664004820398,15.0,0.0,94,0,44.26792600603413
2533,0.14646435574809635,4393.930672442891,38.32323228744832,15.0,0.0,95,0,44.26792600603413
2534,0.14482876438260167,4344.86293147805,37.727168069314686,15.0,0.0,96,0,44.26792600603413
2535,0.14321306242787807,4296.391872836342,37.1383551777366,15.0,0.0,97,0,44.26792600603413
2536,0.14161699968115782,4248.509990434734,36.55670247403611,15.0,0.0,98,0,44.26792600603413
2537,0.14004032886779338,4201.2098660338015,35.982119885216804,15.0,0.0,99,0,44.26792600603413
2538,0.1384828056095588,4154.4841682867645,35.41451839240562,15.0,0.0,100,0,44.26792600603413
2539,0.13694418839335212,4108.325651800564,34.85381001944118,15.0,0.0,101,0,44.26792600603413
2540,0.13542423854029326,4062.7271562087976,34.299907821606766,15.0,0.0,102,0,44.26792600603413
2541,0.13392272017521203,4017.681605256361,33.75272587450557,15.0,0.0,103,0,44.26792600603413
2542,0.13243940019651995,3973.1820058955986,33.21217926307633,15.0,0.0,104,0,44.26792600603413
2543,0.13097404824646056,3929.221447393817,32.678184070747186,15.0,0.0,105,0,44.26792600603413
2544,0.12952643668173244,3885.7931004519733,32.1506573687258,15.0,0.0,106,0,44.26792600603413
2545,0.12809634054447963,3842.890216334389,31.62951720542368,15.0,0.0,107,0,44.26792600603413
2546,0.1266835375336439,3800.5061260093166,31.11468259601267,15.0,0.0,108,0,44.26792600603413
2547,0.12528780797667324,3758.6342393001974,30.6060735121118,15.0,0.0,109,0,44.26792600603413
2548,0.1239089348015818,3717.268044047454,30.10361087160237,15.0,0.0,110,0,44.26792600603413
2549,0.12254670350935525,3676.4011052806572,29.607216528569456,15.0,0.0,111,0,44.26792600603413
2550,0.1212009021466969,3636.027064400907,29.116813263367888,15.0,0.0,112,0,44.26792600603413
2551,0.11987132127910934,3596.13963837328,28.632324772810883,15.0,0.0,113,0,44.26792600603413
2552,0.1185577539643062,3556.732618929186,28.15367566047936,15.0,0.0,114,0,44.26792600603413
2553,0.11725999572594935,3517.7998717784803,27.680791427150233,15.0,0.0,115,0,44.26792600603413
2554,0.11597784452770626,3479.335335831188,27.213598461341764,15.0,0.0,116,0,44.26792600603413
2555,0.11471110074762296,3441.3330224286888,26.752024029974258,15.0,0.0,117,0,44.26792600603413
2556,0.11345956715280717,3403.787014584215,26.29599626914427,15.0,0.0,118,0,44.26792600603413
2557,0.11222304887441743,3366.691466232523,25.845444175010577,15.0,0.0,119,0,44.26792600603413
2558,0.11100135338295307,3330.040601488592,25.400297594790274,15.0,0.0,120,0,44.26792600603413
2559,0.10979429046384034,3293.8287139152103,24.960487217863104,15.0,0.0,121,0,44.26792600603413
2560,0.10860167219331032,3258.0501657993095,24.525944566982524,15.0,0.0,122,0,44.26792600603413
2561,0.10742331291456368,3222.6993874369105,24.09660198959172,15.0,0.0,123,0,44.26792600603413
2562,0.10625902921421812,3187.7708764265435,23.672392649242923,15.0,0.0,124,0,44.26792600603413
2563,0.10510863989903364,3153.2591969710093,23.253250517118524,15.0,0.0,125,0,44.26792600603413
2564,0.10397196597291163,3119.158979187349,22.83911036365211,15.0,0.0,126,0,44.26792600603413
2565,0.10284883061416303,3085.464918424891,22.42990775024819,15.0,0.0,127,0,44.26792600603413
2566,0.10173905915304159,3052.1717745912474,22.025579021098693,15.0,0.0,128,0,44.26792600603413
2567,0.10064247904953758,3019.274371486127,21.626061295094974,15.0,0.0,129,0,44.26792600603413
2568,0.09955891987142834,2986.7675961428504,21.231292457833522,15.0,0.0,130,0,44.26792600603413
2569,0.0984882132725809,2954.646398177427,20.841211153714205,15.0,0.0,131,0,44.26792600603413
2570,0.09743019297150281,2922.9057891450843,20.45575677812912,15.0,0.0,132,0,44.26792600603413
2571,0.09638469473013746,2891.5408419041237,20.07486946974101,15.0,0.0,133,0,44.26792600603413
2572,0.09535155633289931,2860.5466899869793,19.698490102849483,15.0,0.0,134,0,44.26792600603413
2573,0.09433061756594566,2829.9185269783698,19.326560279843754,15.0,0.0,135,0,44.26792600603413
2574,0.09332172019668057,2799.651605900417,18.959022323740435,15.0,0.0,136,0,44.26792600603413
2575,0.09232470795348759,2769.7412386046276,18.595819270805002,15.0,0.0,137,0,44.26792600603413
2576,0.091339426505687,2740.18279517061,18.23689486325553,15.0,0.0,138,0,44.26792600603413
2577,0.09036572344371441,2710.971703311432,17.882193542047318,15.0,0.0,139,0,44.26792600603413
2578,0.0894034482595164,2682.1034477854923,17.531660439737188,15.0,0.0,140,0,44.26792600603413
2579,0.08845245232716026,2653.573569814808,17.18524137342591,15.0,0.0,141,0,44.26792600603413
2580,0.08751258888365347,2625.3776665096043,16.842882837777694,15.0,0.0,142,0,44.26792600603413
2581,0.08658371300997021,2597.5113902991066,16.504531998115255,15.0,0.0,143,0,44.26792600603413
2582,0.08566568161228078,2569.970448368423,16.170136683589277,15.0,0.0,144,0,44.26792600603413
2583,0.08475835340338068,2542.7506021014206,15.839645380421077,15.0,0.0,145,0,44.26792600603413
2584,0.08386158888431636,2515.8476665294907,15.513007225217047,15.0,0.0,146,0,44.26792600603413
2585,0.08297525032620345,2489.2575097861036,15.19017199835389,15.0,0.0,147,0,44.26792600603413
2586,0.08209920175223524,2462.976052567057,14.871090117433244,15.0,0.0,148,0,44.26792600603413
2587,0.08123330891987716,2436.999267596315,14.555712630804688,15.0,0.0,149,0,44.26792600603413
2588,0.08037743930324488,2411.3231790973464,14.24399121115578,15.0,0.0,150,0,44.26792600603413
2589,0.07953146207566232,2385.9438622698694,13.935878149168158,15.0,0.0,151,0,44.26792600603413
2590,0.07869524809239682,2360.8574427719045,13.631326347238435,15.0,0.0,152,0,44.26792600603413
2591,0.07786866987356822,2336.0600962070466,13.330289313262856,15.0,0.0,153,0,44.26792600603413
2592,0.07705160158722899,2311.5480476168696,13.032721154484557,15.0,0.0,154,0,44.26792600603413
2593,0.07624391903261227,2287.317570978368,12.738576571402437,15.0,0.0,155,0,44.26792600603413
2594,0.07544549962354519,2263.3649887063557,12.44781085174042,15.0,0.0,156,0,44.26792600603413
2595,0.07465622237202425,2239.6866711607277,12.16037986447627,15.0,0.0,157,0,44.26792600603413
2596,0.07387596787195026,2216.279036158508,11.876240053928733,15.0,0.0,158,0,44.26792600603413
2597,0.0731046182830198,2193.138548490594,11.595348433902094,15.0,0.0,159,0,44.26792600603413
2598,0.07234205731477074,2170.2617194431223,11.317662581887129,15.0,0.0,160,0,44.26792600603413
2599,0.07158817021077886,2147.645106323366,11.043140633317467,15.0,0.0,161,0,44.26792600603413
2600,0.07084284373300312,2125.2853119900938,10.771741275880391,15.0,0.0,162,0,44.26792600603413
2601,0.07010596614627691,2103.1789843883075,10.503423743881125,15.0,0.0,163,0,44.26792600603413
2602,0.06937742720294274,2081.3228160882823,10.238147812659692,15.0,0.0,164,0,44.26792600603413
2603,0.06865711812762773,2059.713543828832,9.975873793059389,15.0,0.0,165,0,44.26792600603413
2604,0.06794493160215774,2038.347948064732,9.716562525945985,15.0,0.0,166,0,44.26792600603413
2605,0.0672407617506074,2017.2228525182222,9.460175376776784,15.0,0.0,167,0,44.26792600603413
2606,0.06654450412448383,1996.335123734515,9.206674230218667,15.0,0.0,168,0,44.26792600603413
2607,0.06585605568804155,1975.6816706412467,8.95602148481418,15.0,0.0,169,0,44.26792600603413
2608,0.06517531480372656,1955.2594441117965,8.70818004769496,15.0,0.0,170,0,44.26792600603413
2609,0.06450218121774698,1935.0654365324092,8.463113329341557,15.0,0.0,171,0,44.26792600603413
2610,0.06383655604576838,1915.0966813730513,8.22078523838891,15.0,0.0,172,0,44.26792600603413
2611,0.06317834175873134,1895.3502527619403,7.981160176476617,15.0,0.0,173,0,44.26792600603413
2612,0.06252744216878925,1875.8232650636774,7.7442030331432825,15.0,0.0,174,0,44.26792600603413
2613,0.0618837624153642,1856.512872460926,7.509879180764127,15.0,0.0,175,0,44.26792600603413
2614,0.06124720895131903,1837.4162685395709,7.278154469531113,15.0,0.0,176,0,44.26792600603413
2615,0.060617689529243284,1818.5306858772985,7.048995222474851,15.0,0.0,177,0,44.26792600603413
2616,0.059995113187851355,1799.8533956355407,6.822368230527584,15.0,0.0,178,0,44.26792600603413
2617,0.05937939023849072,1781.3817071547214,6.598240747626487,15.0,0.0,179,0,44.26792600603413
2618,0.058770432251758355,1763.1129675527507,6.376580485856658,15.0,0.0,180,0,44.26792600603413
2619,0.05816815204422367,1745.04456132671,6.157355610633009,15.0,0.0,181,0,44.26792600603413
2620,0.057572463665255834,1727.173909957675,5.940534735920519,15.0,0.0,182,0,44.26792600603413
2621,0.056983282383954045,1709.4984715186213,5.7260869194921,15.0,0.0,183,0,44.26792600603413
2622,0.056400524676178655,1692.0157402853597,5.513981658223457,15.0,0.0,184,0,44.26792600603413
2623,0.05582410821168183,1674.723246350455,5.304188883424316,15.0,0.0,185,0,44.26792600603413
2624,0.05525395184133567,1657.61855524007,5.096678956205459,15.0,0.0,186,0,44.26792600603413
2625,0.05468997558445647,1640.6992675336942,4.891422662880842,15.0,0.0,187,0,44.26792600603413
2626,0.05413210061622341,1623.9630184867021,4.68839121040433,15.0,0.0,188,0,44.26792600603413
2627,0.053580249255190004,1607.4074776557002,4.487556221840425,15.0,0.0,189,0,44.26792600603413
2628,0.05303434495088708,1591.0303485266124,4.288889731868402,15.0,0.0,190,0,44.26792600603413
2629,0.05249431227151542,1574.8293681454627,4.092364182319351,15.0,0.0,191,0,44.26792600603413
2630,0.05196007689172697,1558.802306751809,3.897952417745554,15.0,0.0,192,0,44.26792600603413
2631,0.051431565580492875,1542.9469674147863,3.70562768102171,15.0,0.0,193,0,44.26792600603413
2632,0.0509087061890573,1527.261185671719,3.5153636089774345,15.0,0.0,194,0,44.26792600603413
2633,0.05039142763897532,1511.7428291692595,3.3271342280606286,15.0,0.0,195,0,44.26792600603413
2634,0.049879659910233895,1496.3897973070168,3.1409139500311127,15.0,0.0,196,0,44.26792600603413
