tick,basin_frac,basin_level_ml,dc_total_draw_ml,community_received_ml,farm_total_received_ml,community_complaints,active_cap,total_dc_capacity_ml
0,0.801761370797671,24052.841123930128,4.809210789976339,15.0,2.34387782939365,0,0,8.014114482203526
1,0.8035226892880774,24105.680678642322,4.810872887636332,15.0,2.3493408935734448,0,0,8.014114482203526
2,0.8052835729044333,24158.507187133,4.8134841749124115,15.0,2.3579238007782832,0,0,8.014114482203526
3,0.8070436392088152,24211.309176264454,4.8170438780238,15.0,2.3696240077075252,0,0,8.014114482203526
4,0.8088025060054863,24264.07518016459,4.821550942153642,15.0,2.384438047337345,0,0,8.014114482203526
5,0.8105597914541504,24316.793743624512,4.827004031761566,15.0,2.402361529948089,0,0,8.014114482203526
6,0.8123151141830987,24369.45342549296,4.833401530979433,15.0,2.42338914442504,0,0,8.014114482203526
7,0.8140680934022184,24422.042802066553,4.840741544090155,15.0,2.4475146598322155,0,0,8.014114482203526
8,0.8158183490158296,24474.55047047489,4.849021896089436,15.0,2.4747309272587263,0,0,8.014114482203526
9,0.8175655017353153,24526.96505205946,4.858240133330277,15.0,2.505029881937162,0,0,8.014114482203526
10,0.8193091731915128,24579.275195745384,4.868393524250034,15.0,2.538402545633344,0,0,8.014114482203526
11,0.8210489860468331,24631.469581404992,4.879479060179852,15.0,2.5748390293067778,0,0,8.014114482203526
12,0.8227845641070739,24683.536923212218,4.891493456236189,15.0,2.6143285360409907,0,0,8.014114482203526
13,0.8245155324328939,24735.465972986818,4.9044331522941995,15.0,2.65685936424288,0,0,8.014114482203526
14,0.8262415174509159,24787.245523527476,4.918294314042685,15.0,2.7024189111101604,0,0,8.014114482203526
15,0.8279621470644238,24838.864411932715,4.9330728341202645,15.0,2.7509936763658405,0,0,8.014114482203526
16,0.8296770507636242,24890.311522908727,4.948764333332498,15.0,2.8025692662586446,0,0,8.014114482203526
17,0.8313858597354351,24941.575792063053,4.965364161949516,15.0,2.8571303978281963,0,0,8.014114482203526
18,0.833088206972774,24992.646209183218,4.982867401083845,15.0,2.914660903433685,0,0,8.014114482203526
19,0.8347837273833095,25043.511821499287,5.001268864147981,15.0,2.97514373554469,0,0,8.014114482203526
20,0.8364720578976469,25094.161736929407,5.02056309839128,15.0,3.03856097179273,0,0,8.014114482203526
21,0.8381528375769123,25144.585127307368,5.040744386515733,15.0,3.104893820282048,0,0,8.014114482203526
22,0.8398257077197075,25194.771231591225,5.06180674837012,15.0,3.174122625158059,0,0,8.014114482203526
23,0.8414903119684006,25244.70935905202,5.083743942722063,15.0,3.246226872431798,0,0,8.014114482203526
24,0.8431462964147227,25294.388892441682,5.106549469107428,15.0,3.3211851960586563,0,0,8.014114482203526
25,0.8447933097046381,25343.79929113914,5.130216569756568,15.0,3.398975384269616,0,0,8.014114482203526
26,0.8464310031424582,25392.930094273746,5.154738231596778,15.0,3.4795743861530557,0,0,8.014114482203526
27,0.8480590307941682,25441.770923825046,5.180107188330437,15.0,3.5629583184852502,0,0,8.014114482203526
28,0.8496770495899341,25490.31148769802,5.206315922588159,15.0,3.6491024728074795,0,0,8.014114482203526
29,0.8512847194257618,25538.541582772854,5.2333566681563495,15.0,3.737981322747671,0,0,8.014114482203526
30,0.8528817032642777,25586.45109792833,5.261221412278512,15.0,3.8295685315844255,0,0,8.014114482203526
31,0.8544676672345993,25634.03001703798,5.28990189802959,15.0,3.9238369600511516,0,0,8.014114482203526
32,0.8560422807312696,25681.26842193809,5.319389626762681,15.0,4.020758674378015,0,0,8.014114482203526
33,0.8576052165122213,25728.15649536664,5.349675860627366,15.0,4.120304954569319,0,0,8.014114482203526
34,0.8591561507957464,25774.68452387239,5.380751625158919,15.0,4.222446302913859,0,0,8.014114482203526
35,0.8606947633564398,25820.842900693195,5.412607711937639,15.0,4.327152452725726,0,0,8.014114482203526
36,0.8622207376200887,25866.62212860266,5.445234681317505,15.0,4.434392377312992,0,0,8.014114482203526
37,0.8637337607574804,25912.012822724413,5.478622865223338,15.0,4.5441342991715725,0,0,8.014114482203526
38,0.8652335237771006,25957.005713313018,5.5127623700156745,15.0,4.656345699401597,0,0,8.014114482203526
39,0.8667197216166939,26001.591648500817,5.547643079422452,15.0,4.7709933273434535,0,0,8.014114482203526
40,0.8681920532336606,26045.761597009816,5.583254657536685,15.0,4.888043210430688,0,0,8.014114482203526
41,0.8696502216942618,26089.506650827854,5.61958655187922,15.0,5.007460664256798,0,0,8.014114482203526
42,0.871093934261608,26132.81802784824,5.656627996525653,15.0,5.129210302852973,0,0,8.014114482203526
43,0.8725229024824023,26175.68707447207,5.6943680152965195,15.0,5.253256049173726,0,0,8.014114482203526
44,0.8739368422724162,26218.105268172487,5.73279542500976,15.0,5.379561145787297,0,0,8.014114482203526
45,0.8753354740006695,26260.064220020085,5.771898838794543,15.0,5.508088165767668,0,0,8.014114482203526
46,0.8767185225722911,26301.555677168733,5.811666669465446,15.0,5.638799023784985,0,0,8.014114482203526
47,0.8780857175100355,26342.571525301064,5.8520871329559805,15.0,5.77165498739104,0,0,8.014114482203526
48,0.8794367930344311,26383.103791032932,5.893148251810468,15.0,5.906616688496554,0,0,8.014114482203526
49,0.8807714881425363,26423.144644276086,5.934837858733221,15.0,6.043644135036774,0,0,8.014114482203526
50,0.8820895466852802,26462.686400558407,5.977143600193974,15.0,6.182696722821998,0,0,8.014114482203526
51,0.8833907174433658,26501.721523300974,6.0200529400884975,15.0,6.323733247569464,0,0,8.014114482203526
52,0.8846747542017107,26540.24262605132,6.0635531634533235,15.0,6.466711917113073,0,0,8.014114482203526
53,0.8859414158224065,26578.242474672195,6.107631380233455,15.0,6.611590363787302,0,0,8.014114482203526
54,0.8871904663161733,26615.713989485197,6.152274529101976,15.0,6.758325656981677,0,0,8.014114482203526
55,0.8884216749122875,26652.650247368627,6.197469381330398,15.0,6.9068743158620105,0,0,8.014114482203526
56,0.8896348161269658,26689.044483808975,6.2432025447086215,15.0,7.0571923222547355,0,0,8.014114482203526
57,0.8908296698301793,26724.89009490538,6.289460467513334,15.0,7.209235133690431,0,0,8.014114482203526
58,0.8920060213108836,26760.180639326507,6.336229442523681,15.0,7.362957696602713,0,0,8.014114482203526
59,0.8931636613406421,26794.90984021926,6.383495611083011,15.0,7.51831445967859,0,0,8.014114482203526
60,0.894302386235625,26829.07158706875,6.431244967205491,15.0,7.675259387356286,0,0,8.014114482203526
61,0.8954219979169651,26862.659937508954,6.479463361726387,15.0,7.833745973466579,0,0,8.014114482203526
62,0.8965223039694531,26895.66911908359,6.5281365064947625,15.0,7.993727255013591,0,0,8.014114482203526
63,0.8976031176985537,26928.093530956612,6.577249978607375,15.0,8.155155826090915,0,0,8.014114482203526
64,0.8986642581857283,26959.927745571847,6.626789224682476,15.0,8.317983851929029,0,0,8.014114482203526
65,0.8997055503420438,26991.166510261315,6.676739565172313,15.0,8.48216308306976,0,0,8.014114482203526
66,0.9007268249600566,27021.8047488017,6.727086198712981,15.0,8.647644869663644,0,0,8.014114482203526
67,0.9017279187639514,27051.837562918543,6.777814206510392,15.0,8.814380175885923,0,0,8.014114482203526
68,0.9027086744579235,27081.260233737703,6.828908556761037,15.0,8.982319594466919,0,0,8.014114482203526
69,0.9036689407727893,27110.068223183676,6.880354109106228,15.0,9.151413361332477,0,0,8.014114482203526
70,0.9046085725108103,27138.25717532431,6.932135619118522,15.0,9.321611370350137,0,0,8.014114482203526
71,0.9055274305887187,27165.82291766156,6.984237742818964,15.0,9.49286318817665,0,0,8.014114482203526
72,0.9064253820789301,27192.761462367904,7.036645041223846,15.0,9.665118069202475,0,0,8.014114482203526
73,0.9073023002489337,27219.06900746801,7.089341984919607,15.0,9.838324970588802,0,0,8.014114482203526
74,0.908158064598845,27244.741937965347,7.14231295866454,15.0,10.01243256739264,0,0,8.014114482203526
75,0.9089925608971132,27269.776826913396,7.195542266015916,15.0,10.187389267775503,0,0,8.014114482203526
76,0.9098056812143701,27294.170436431104,7.249014133981182,15.0,10.363143228291197,0,0,8.014114482203526
77,0.9105973239554122,27317.919718662364,7.302712717691845,15.0,10.539642369248135,0,0,8.014114482203526
78,0.911367393889305,27341.02181667915,7.356622105098641,15.0,10.716834390141694,0,0,8.014114482203526
79,0.9121158021776025,27363.474065328075,7.41072632168662,15.0,10.89466678515196,0,0,8.014114482203526
80,0.9128424664006719,27385.273992020157,7.465009335208744,15.0,11.073086858702359,0,0,8.014114482203526
81,0.9135473105821161,27406.419317463486,7.519455060436581,15.0,11.252041741074473,0,0,8.014114482203526
82,0.9142302652112875,27426.907956338626,7.574047363926712,15.0,11.431478404074497,0,0,8.014114482203526
83,0.9148912672638847,27446.73801791654,7.6287700688014155,15.0,11.611343676746621,0,0,8.014114482203526
84,0.9155302602206289,27465.907806618867,7.683606959542224,15.0,11.791584261128744,0,0,8.014114482203526
85,0.9161471940840115,27484.415822520343,7.738541786794933,15.0,11.9721467480458,0,0,8.014114482203526
86,0.9167420253931088,27502.260761793263,7.7935582721846375,15.0,12.15297763293606,0,0,8.014114482203526
87,0.9173147172364616,27519.44151709385,7.848640113139363,15.0,12.33402333170568,0,0,8.014114482203526
88,0.9178652392630119,27535.957177890356,7.903770987720873,15.0,12.515230196606826,0,0,8.014114482203526
89,0.9183935676910969,27551.807030732907,7.958934559461205,15.0,12.69654453213467,0,0,8.014114482203526
90,0.918899685315496,27566.99055946488,8.014114482203526,15.0,12.877912610938505,0,0,8.014114482203526
91,0.9193835815125291,27581.50744537587,8.069294404945847,15.0,13.059280689742344,0,0,8.014114482203526
92,0.9198452522432045,27595.357567296134,8.124457976686179,15.0,13.240595025270185,0,0,8.014114482203526
93,0.920284700054416,27608.54100163248,8.179588851267688,15.0,13.421801890171334,0,0,8.014114482203526
94,0.9207019340781878,27621.058022345635,8.234670692222412,15.0,13.602847588940953,0,0,8.014114482203526
95,0.9210969700289693,27632.909100869078,8.289687177612118,15.0,13.783678473831209,0,0,8.014114482203526
96,0.9214698301989773,27644.09490596932,8.344622004864826,15.0,13.964240960748267,0,0,8.014114482203526
97,0.9218205434515916,27654.616303547748,8.399458895605635,15.0,14.14448154513039,0,0,8.014114482203526
98,0.9221491452128011,27664.474356384035,8.454181600480338,15.0,14.324346817802514,0,0,8.014114482203526
99,0.9224556774607073,27673.67032382122,8.508773903970472,15.0,14.503783480802538,0,0,8.014114482203526
100,0.9227401887130844,27682.20566139253,8.563219629198308,15.0,14.682738363174654,0,0,8.014114482203526
101,0.9230027340130029,27690.082020390088,8.617502642720432,15.0,14.861158436725052,0,0,8.014114482203526
102,0.9232433749125194,27697.30124737558,8.67160685930841,15.0,15.038990831735319,0,0,8.014114482203526
103,0.9234621794544365,27703.865383633096,8.725516246715207,15.0,15.216182852628874,0,0,8.014114482203526
104,0.9236592221521415,27709.776664564244,8.779214830425868,15.0,15.392681993585814,0,0,8.014114482203526
105,0.9238345839675253,27715.03751902576,8.832686698391136,15.0,15.568435954101508,0,0,8.014114482203526
106,0.9239883522869922,27719.650568609766,8.88591600574251,15.0,15.74339265448437,0,0,8.014114482203526
107,0.9241206208955656,27723.618626866966,8.938886979487444,15.0,15.91750025128821,0,0,8.014114482203526
108,0.9242314899490969,27726.944698472907,8.991583923183207,15.0,16.090707152674533,0,0,8.014114482203526
109,0.924321065944588,27729.63197833764,9.043991221588087,15.0,16.26296203370036,0,0,8.014114482203526
110,0.9243894616886328,27731.683850658985,9.096093345288528,15.0,16.434213851526874,0,0,8.014114482203526
111,0.9244367962639914,27733.103887919744,9.147874855300824,15.0,16.604411860544534,0,0,8.014114482203526
112,0.9244631949943025,27733.895849829074,9.199320407646015,15.0,16.773505627410096,0,0,8.014114482203526
113,0.9244687894069473,27734.06368220842,9.250414757896658,15.0,16.941445045991088,0,0,8.014114482203526
114,0.9244537171940755,27733.611515822267,9.30114276569407,15.0,17.108180352213367,0,0,8.014114482203526
115,0.9244181221718041,27732.543665154124,9.351489399234739,15.0,17.273662138807246,0,0,8.014114482203526
116,0.9243621542376014,27730.86462712804,9.401439739724575,15.0,17.437841369947982,0,0,8.014114482203526
117,0.9242859693258689,27728.579079776067,9.450978985799676,15.0,17.600669395786095,0,0,8.014114482203526
118,0.9241897293617352,27725.691880852053,9.500092457912288,15.0,17.762097966863422,0,0,8.014114482203526
119,0.9240736022130734,27722.208066392202,9.548765602680666,15.0,17.92207924841043,0,0,8.014114482203526
120,0.923937761640759,27718.13284922277,9.59698399720156,15.0,18.080565834520723,0,0,8.014114482203526
121,0.9237823872471801,27713.471617415402,9.644733353324039,15.0,18.23751076219842,0,0,8.014114482203526
122,0.9236076644230176,27708.229932690527,9.691999521883371,15.0,18.392867525274298,0,0,8.014114482203526
123,0.9234137842923101,27702.413528769303,9.738768496893716,15.0,18.54659008818658,0,0,8.014114482203526
124,0.9232009436558195,27696.028309674584,9.78502641969843,15.0,18.698632899622275,0,0,8.014114482203526
125,0.9229693449327149,27689.080347981446,9.830759583076652,15.0,18.848950906015,0,0,8.014114482203526
126,0.9227191961005909,27681.57588301773,9.875954435305076,15.0,18.997499564895335,0,0,8.014114482203526
127,0.9224507106338404,27673.521319015214,9.920597584173597,15.0,19.14423485808971,0,0,8.014114482203526
128,0.9221641074403962,27664.92322321189,9.964675800953728,15.0,19.289113304763937,0,0,8.014114482203526
129,0.921859610796865,27655.78832390595,10.008176024318553,15.0,19.432091974307546,0,0,8.014114482203526
130,0.9215374502820686,27646.123508462057,10.051085364213078,15.0,19.573128499055013,0,0,8.014114482203526
131,0.9211978607090152,27635.935821270457,10.09339110567383,15.0,19.712181086840236,0,0,8.014114482203526
132,0.9208410820553194,27625.232461659583,10.135080712596583,15.0,19.849208533380455,0,0,8.014114482203526
133,0.920467359392091,27614.02078176273,10.176141831451071,15.0,19.984170234485973,0,0,8.014114482203526
134,0.9200769428113157,27602.30828433947,10.216562294941605,15.0,20.117026198092024,0,0,8.014114482203526
135,0.919670087351747,27590.10262055241,10.256330125612509,15.0,20.247737056109344,0,0,8.014114482203526
136,0.9192470529233333,27577.4115877,10.29543353939729,15.0,20.37626407608971,0,0,8.014114482203526
137,0.9188081042302003,27564.24312690601,10.333860949110532,15.0,20.502569172703282,0,0,8.014114482203526
138,0.9183535106922142,27550.605320766426,10.371600967881397,15.0,20.62661491902404,0,0,8.014114482203526
139,0.9178835463651459,27536.50639095438,10.408642412527831,15.0,20.748364557620214,0,0,8.014114482203526
140,0.9173984898594634,27521.9546957839,10.444974306870366,15.0,20.867782011446323,0,0,8.014114482203526
141,0.9168986242577724,27506.95872773317,10.480585884984599,15.0,20.984831894533556,0,0,8.014114482203526
142,0.9163842370309334,27491.527110928004,10.515466594391377,15.0,21.099479522475413,0,0,8.014114482203526
143,0.9158556199528782,27475.668598586348,10.549606099183713,15.0,21.211690922705436,0,0,8.014114482203526
144,0.9153130690141505,27459.392070424517,10.582994283089548,15.0,21.32143284456402,0,0,8.014114482203526
145,0.9147568843341977,27442.70653002593,10.615621252469412,15.0,21.428672769151284,0,0,8.014114482203526
146,0.9141873700724384,27425.621102173154,10.647477339248132,15.0,21.53337891896315,0,0,8.014114482203526
147,0.9136048343381349,27408.145030144045,10.678553103779684,15.0,21.63552026730769,0,0,8.014114482203526
148,0.9130095890990918,27390.287672972754,10.70883933764437,15.0,21.735066547498995,0,0,8.014114482203526
149,0.9124019500892151,27372.058502676453,10.738327066377462,15.0,21.83198826182586,0,0,8.014114482203526
150,0.9117822367149522,27353.467101448565,10.76700755212854,15.0,21.926256690292586,0,0,8.014114482203526
151,0.9111507719606452,27334.523158819356,10.7948722962507,15.0,22.01784389912934,0,0,8.014114482203526
152,0.9105078822928241,27315.236468784722,10.821913041818892,15.0,22.106722749069533,0,0,8.014114482203526
153,0.9098538975634668,27295.616926904004,10.848121776076614,15.0,22.19286690339176,0,0,8.014114482203526
154,0.9091891509122579,27275.674527367737,10.873490732810271,15.0,22.276250835723957,0,0,8.014114482203526
155,0.9085139786678713,27255.41936003614,10.898012394650483,15.0,22.356849837607395,0,0,8.014114482203526
156,0.9078287202483095,27234.861607449286,10.921679495299623,15.0,22.434640025818354,0,0,8.014114482203526
157,0.9071337180603262,27214.011541809785,10.944485021684988,15.0,22.509598349445213,0,0,8.014114482203526
158,0.9064293173979638,27192.879521938914,10.96642221603693,15.0,22.581702596718948,0,0,8.014114482203526
159,0.9057158663402357,27171.475990207073,10.987484577891317,15.0,22.650931401594963,0,0,8.014114482203526
160,0.904993715647983,27149.81146943949,11.00766586601577,15.0,22.717264250084277,0,0,8.014114482203526
161,0.9042632186599358,27127.89655979807,11.026960100259071,15.0,22.78068148633232,0,0,8.014114482203526
162,0.9035247311880118,27105.741935640355,11.045361563323207,15.0,22.841164318443326,0,0,8.014114482203526
163,0.9027786114118821,27083.358342356463,11.062864802457534,15.0,22.898694824048814,0,0,8.014114482203526
164,0.9020252197728337,27060.75659318501,11.079464631074552,15.0,22.953255955618367,0,0,8.014114482203526
165,0.9012649188669636,27037.94756600891,11.095156130286785,15.0,23.00483154551117,0,0,8.014114482203526
166,0.9004980733377339,27014.942200132016,11.109934650364366,15.0,23.053406310766853,0,0,8.014114482203526
167,0.8997250497679196,26991.751493037587,11.123795812112851,15.0,23.09896585763413,0,0,8.014114482203526
168,0.8989462165709825,26968.386497129475,11.136735508170863,15.0,23.141496685836017,0,0,8.014114482203526
169,0.8981619438819024,26944.858316457074,11.1487499042272,15.0,23.180986192570234,0,0,8.014114482203526
170,0.8973726034474983,26921.178103424947,11.159835440157018,15.0,23.217422676243668,0,0,8.014114482203526
171,0.8965785685162707,26897.357055488123,11.169988831076775,15.0,23.25079533993985,0,0,8.014114482203526
172,0.8957802137278017,26873.40641183405,11.179207068317615,15.0,23.281094294618285,0,0,8.014114482203526
173,0.8949779150017395,26849.337450052186,11.187487420316897,15.0,23.308310562044795,0,0,8.014114482203526
174,0.8941720494264069,26825.16148279221,11.194827433427617,15.0,23.33243607745197,0,0,8.014114482203526
175,0.8933629951470607,26800.889854411824,11.201224932645484,15.0,23.353463691928923,0,0,8.014114482203526
176,0.8925511312538398,26776.533937615193,11.206678022253408,15.0,23.371387174539667,0,0,8.014114482203526
177,0.8917368376694319,26752.105130082957,11.211185086383251,15.0,23.386201214169485,0,0,8.014114482203526
178,0.890920495036495,26727.614851094848,11.21474478949464,15.0,23.397901421098727,0,0,8.014114482203526
179,0.890102484604864,26703.07453814592,11.217356076770718,15.0,23.406484328303563,0,0,8.014114482203526
180,0.8892831881185791,26678.495643557373,11.219018174430712,15.0,23.41194739248336,0,0,8.014114482203526
181,0.8884629877027658,26653.889631082973,11.219730589959212,15.0,23.414288994814292,0,0,8.014114482203526
182,0.8876422657504036,26629.26797251211,11.219493112252124,15.0,23.41350844142906,0,0,8.014114482203526
183,0.8868214048090147,26604.64214427044,11.218305811679214,15.0,23.409605963622468,0,0,8.014114482203526
184,0.8860007874673063,26580.023624019188,11.216169040063267,15.0,23.40258271778292,0,0,8.014114482203526
185,0.8851807962418022,26555.423887254066,11.213083430575832,15.0,23.39244078504973,0,0,8.014114482203526
186,0.8843618134634943,26530.85440390483,11.209049897549589,15.0,23.379183170696443,0,0,8.014114482203526
187,0.8835442211645497,26506.32663493649,11.204069636207423,15.0,23.362813803240325,0,0,8.014114482203526
188,0.8827284009651066,26481.8520289532,11.198144122308257,15.0,23.343337533278227,0,0,8.014114482203526
189,0.8819147339601919,26457.44201880576,11.19127511170974,15.0,23.32076013204927,0,0,8.014114482203526
190,0.8811036006067946,26433.10801820384,11.18346463984796,15.0,23.2950882897247,0,0,8.014114482203526
191,0.8802953806111277,26408.86141833383,11.17471502113429,15.0,23.26632961342544,0,0,8.014114482203526
192,0.8794904528161135,26384.713584483405,11.165028848269586,15.0,23.23449262496794,0,0,8.014114482203526
193,0.8786891950891247,26360.67585267374,11.154408991475918,15.0,23.199586758338988,0,0,8.014114482203526
194,0.877891984210013,26336.75952630039,11.142858597646047,15.0,23.16162235690019,0,0,8.014114482203526
195,0.8770991957594622,26312.975872783863,11.130381089410939,15.0,23.12061067032302,0,0,8.014114482203526
196,0.8763112040076948,26289.336120230844,11.116980164125577,15.0,23.07656385125533,0,0,8.014114482203526
197,0.875528381803568,26265.85145410704,11.102659792773334,15.0,23.029494951720217,0,0,8.014114482203526
198,0.8747511004640905,26242.533013922715,11.087424218789304,15.0,22.979417919248437,0,0,8.014114482203526
199,0.8739797296643932,26219.391889931794,11.071277956802865,15.0,22.926347592745465,0,0,8.014114482203526
200,0.8732146373281864,26196.439119845592,11.05422579129991,15.0,22.870299698094396,0,0,8.014114482203526
201,0.8724561895187365,26173.685685562094,11.036272775205095,15.0,22.811290843496025,0,0,8.014114482203526
202,0.8717047503303926,26151.14250991178,11.017424228384547,15.0,22.74933851454749,0,0,8.014114482203526
203,0.870960681780699,26128.82045342097,10.99768573606947,15.0,22.684461069060895,0,0,8.014114482203526
204,0.87022434370312,26106.730311093597,10.977063147201136,15.0,22.61667773162351,0,0,8.014114482203526
205,0.8694960936404141,26084.882809212424,10.95556257269769,15.0,22.5460085879011,0,0,8.014114482203526
206,0.8687762867386871,26063.288602160614,10.933190383643382,15.0,22.472474578686118,0,0,8.014114482203526
207,0.8680652756421534,26041.958269264604,10.909953209400662,15.0,22.39609749369248,0,0,8.014114482203526
208,0.8673634103886408,26020.902311659225,10.885857935645753,15.0,22.316899965098834,0,0,8.014114482203526
209,0.8666710383058662,26000.131149175988,10.86091170232829,15.0,22.234905460842114,0,0,8.014114482203526
210,0.8659885039085155,25979.655117255465,10.835121901555588,15.0,22.15013827766353,0,0,8.014114482203526
211,0.8653161487961556,25959.484463884666,10.808496175402205,15.0,22.06262353390887,0,0,8.014114482203526
212,0.8646543115520117,25939.62934656035,10.78104241364543,15.0,21.972387162085436,0,0,8.014114482203526
213,0.8640033276426379,25920.099829279137,10.752768751427377,15.0,21.879455901177668,0,0,8.014114482203526
214,0.8633635293185109,25900.90587955533,10.723683566844352,15.0,21.783857288723787,0,0,8.014114482203526
215,0.8627352455155771,25882.057365467314,10.693795478464256,15.0,21.685619652655845,0,0,8.014114482203526
216,0.8621188017577815,25863.564052733447,10.663113342772716,15.0,21.584772102905557,0,0,8.014114482203526
217,0.8615145200606086,25845.43560181826,10.631646251548712,15.0,21.481344522778386,0,0,8.014114482203526
218,0.8609227188356615,25827.681565069845,10.599403529170488,15.0,21.375367560098464,0,0,8.014114482203526
219,0.8603437127963103,25810.311383889308,10.56639472985254,15.0,21.26687261812701,0,0,8.014114482203526
220,0.8597778128644351,25793.334385933053,10.532629634814496,15.0,21.155891846256843,0,0,8.014114482203526
221,0.8592253260782938,25776.759782348814,10.498118249382724,15.0,21.042458130485823,0,0,8.014114482203526
222,0.8586865555015398,25760.596665046196,10.462870800025547,15.0,20.92660508367204,0,0,8.014114482203526
223,0.8581618001334176,25744.85400400253,10.426897731322907,15.0,20.808367035573575,0,0,8.014114482203526
224,0.8576513548201627,25729.540644604884,10.390209702871427,15.0,20.68777902267587,0,0,8.014114482203526
225,0.8571555101676327,25714.665305028982,10.352817586125726,15.0,20.564876777809637,0,0,8.014114482203526
226,0.8566745524551944,25700.23657365583,10.314732461176987,15.0,20.439696719562495,0,0,8.014114482203526
227,0.8562087635508925,25686.262906526776,10.275965613469676,15.0,20.312275941487297,0,0,8.014114482203526
228,0.855758420827927,25672.75262483781,10.236528530457427,15.0,20.182652201110557,0,0,8.014114482203526
229,0.8553237970824608,25659.713912473824,10.196432898199056,15.0,20.050863908744056,0,0,8.014114482203526
230,0.8549051604527844,25647.154813583533,10.155690597895736,15.0,19.91695011610305,0,0,8.014114482203526
231,0.8545027743398612,25635.083230195836,10.114313702370339,15.0,19.78095050473439,0,0,8.014114482203526
232,0.8541168973292755,25623.506919878266,10.072314472489998,15.0,19.642905374258035,0,0,8.014114482203526
233,0.8537477831146083,25612.43349343825,10.029705353532938,15.0,19.502855630425415,0,0,8.014114482203526
234,0.8533956804222625,25601.870412667875,9.986498971500689,15.0,19.360842772998133,0,0,8.014114482203526
235,0.8530608329377597,25591.82498813279,9.942708129376719,15.0,19.216908883450742,0,0,8.014114482203526
236,0.8527434792335311,25582.304377005934,9.89834580333263,15.0,19.07109661250107,0,0,8.014114482203526
237,0.8524438526982234,25573.315580946703,9.853425138883049,15.0,18.92344916747187,0,0,8.014114482203526
238,0.8521621814675401,25564.865444026203,9.80795944699032,15.0,18.774010299487603,0,0,8.014114482203526
239,0.851898688356641,25556.960650699228,9.761962200120179,15.0,18.622824290510017,0,0,8.014114482203526
240,0.8516535907941161,25549.607723823483,9.715447028249576,15.0,18.469935940216423,0,0,8.014114482203526
241,0.851427100757558,25542.81302272674,9.668427714827816,15.0,18.31539055272461,0,0,8.014114482203526
242,0.8512194247107474,25536.58274132242,9.620918192692224,15.0,18.159233923168266,0,0,8.014114482203526
243,0.8510307635424739,25530.922906274216,9.572932539939552,15.0,18.001512324126857,0,0,8.014114482203526
244,0.8508613125070081,25525.839375210246,9.524484975754325,15.0,17.84227249191409,0,0,8.014114482203526
245,0.8507112611662441,25521.337834987324,9.475589856195391,15.0,17.681561612728935,0,0,8.014114482203526
246,0.8505807933335271,25517.423800005814,9.426261669941923,15.0,17.51942730867331,0,0,8.014114482203526
247,0.8504700870191868,25514.102610575603,9.376515034000095,15.0,17.355917623640657,0,0,8.014114482203526
248,0.8503793143777881,25511.379431333644,9.326364689371758,15.0,17.191081009079472,0,0,8.014114482203526
249,0.8503086416571186,25509.25924971356,9.275825496686359,15.0,17.02496630963612,0,0,8.014114482203526
250,0.8502582291489257,25507.74687446777,9.224912431797414,15.0,16.8576227486811,0,0,8.014114482203526
251,0.8502282311414185,25506.846934242556,9.173640581344845,15.0,16.689099913723087,0,0,8.014114482203526
252,0.8502187958735489,25506.563876206466,9.122025138284476,15.0,16.5194477417151,0,0,8.014114482203526
253,0.8502300654910853,25506.90196473256,9.070081397386042,15.0,16.3487165042571,0,0,8.014114482203526
254,0.8502621760044916,25507.86528013475,9.017824750701006,15.0,16.176956792699425,0,0,8.014114482203526
255,0.8503152572486248,25509.457717458743,8.965270683001574,15.0,16.00421950315149,0,0,8.014114482203526
256,0.8503894328442615,25511.682985327843,8.912434767192208,15.0,15.830555821400157,0,0,8.014114482203526
257,0.8504848201614666,25514.544604844,8.859332659695065,15.0,15.656017207742309,0,0,8.014114482203526
258,0.8506015302848146,25518.045908544438,8.80598009581063,15.0,15.480655381736025,0,0,8.014114482203526
259,0.8507396679804718,25522.190039414156,8.752392885055022,15.0,15.304522306874961,0,0,8.014114482203526
260,0.8508993316651529,25526.979949954584,8.698586906475295,15.0,15.127670175190465,0,0,8.014114482203526
261,0.851080613376957,25532.418401308707,8.644578103944134,15.0,14.950151391785937,0,0,8.014114482203526
262,0.8512835987480952,25538.507962442858,8.59038248143533,15.0,14.77201855930807,0,0,8.014114482203526
263,0.8515083669795167,25545.2510093855,8.536016098281474,15.0,14.593324462359544,0,0,8.014114482203526
264,0.8517549908174382,25552.649724523148,8.481495064415212,15.0,14.414122051857824,0,0,8.014114482203526
265,0.852023536531789,25560.70609595367,8.426835535595542,15.0,14.234464429344643,0,0,8.014114482203526
266,0.852314063896573,25569.42191689719,8.372053708620502,15.0,14.054404831250885,0,0,8.014114482203526
267,0.8526266261721571,25578.798785164712,8.317165816527712,15.0,13.873996613121454,0,0,8.014114482203526
268,0.852961270089488,25588.83810268464,8.26218812378418,15.0,13.693293233804933,0,0,8.014114482203526
269,0.8533180358362458,25599.541075087374,8.207136921466782,15.0,13.512348239612503,0,0,8.014114482203526
270,0.8536969570449351,25610.908711348053,8.152028522434861,15.0,13.331215248451052,0,0,12.014114482203526
271,0.8539633504661067,25618.9005139832,12.138188760859808,15.0,13.149947933935035,0,0,12.014114482203526
272,0.8542528648544182,25627.585945632545,12.055476660590996,15.0,12.968600009481815,0,0,12.014114482203526
273,0.8545655142608588,25636.965427825766,11.972752303816058,15.0,12.787225212395207,0,0,12.014114482203526
274,0.8549013058810128,25647.039176430382,11.890040203547246,15.0,12.605877287941983,0,0,12.014114482203526
275,0.8552602400529263,25657.80720158779,11.80736486916494,15.0,12.424609973425962,0,0,12.014114482203526
276,0.8556423102570089,25669.269307710267,11.724750799155002,15.0,12.243476982264514,0,0,12.014114482203526
277,0.8560475031179637,25681.425093538914,11.642222473849328,15.0,12.062531988072076,0,0,12.014114482203526
278,0.8564757984087522,25694.273952262567,11.55980434817182,15.0,11.881828608755555,0,0,12.014114482203526
279,0.8569271690565868,25707.815071697605,11.47752084439184,15.0,11.701420390626135,0,0,12.014114482203526
280,0.857401581150954,25722.04743452862,11.395396344887383,15.0,11.521360792532375,0,0,12.014114482203526
281,0.8578989939536622,25736.969818609865,11.313455184920045,15.0,11.341703170019194,0,0,12.014114482203526
282,0.8584193599109136,25752.580797327406,11.231721645423955,15.0,11.162500759517474,0,0,12.014114482203526
283,0.8589626246673953,25768.878740021857,11.150219945810823,15.0,10.983806662568945,0,0,12.014114482203526
284,0.859528727082386,25785.86181247158,11.068974236793197,15.0,10.805673830091074,0,0,12.014114482203526
285,0.8601175992478735,25803.527977436202,10.988008593228082,15.0,10.628155046686548,0,0,12.014114482203526
286,0.8607291665086766,25821.8749952603,10.907347006983052,15.0,10.451302915002053,0,0,12.014114482203526
287,0.8613633474845682,25840.900424537045,10.827013379826926,15.0,10.27516984014099,0,0,12.014114482203526
288,0.862020054094389,25860.60162283167,10.747031516347175,15.0,10.099808014134698,0,0,12.014114482203526
289,0.8626991915821481,25880.975747464443,10.667425116896096,15.0,9.925269400476854,0,0,12.014114482203526
290,0.8634006585451018,25902.019756353056,10.588217770567894,15.0,9.751605718725529,0,0,12.014114482203526
291,0.8641243469638008,25923.730408914023,10.509432948208723,15.0,9.578868429177588,0,0,12.014114482203526
292,0.8648701422340985,25946.104267022954,10.431093995461762,15.0,9.407108717619915,0,0,12.014114482203526
293,0.8656379232011117,25969.13769603335,10.353224125849401,15.0,9.236377480161913,0,0,12.014114482203526
294,0.8664275621951204,25992.82686585361,10.27584641389458,15.0,9.066725308153925,0,0,12.014114482203526
295,0.8672389250693995,26017.167752081983,10.198983788283295,15.0,8.898202473195912,0,0,12.014114482203526
296,0.8680718712399694,26042.156137199083,10.122659025070348,15.0,8.73085891224089,0,0,12.014114482203526
297,0.8689262537272541,26067.78761181762,10.0468947409303,15.0,8.564744212797542,0,0,12.014114482203526
298,0.8698019191996339,26094.057575989016,9.971713386455669,15.0,8.399907598236357,0,0,12.014114482203526
299,0.8706987080188818,26120.961240566456,9.897137239504335,15.0,8.2363979132037,0,0,12.014114482203526
300,0.8716164542874673,26148.49362862402,9.823188398598125,15.0,8.074263609148073,0,0,12.014114482203526
301,0.8725549858977147,26176.649576931442,9.749888776374545,15.0,7.913552729962917,0,0,12.014114482203526
302,0.8735141245828035,26205.423737484107,9.677260093093594,15.0,7.754312897750153,0,0,12.014114482203526
303,0.8744936859695922,26234.810579087767,9.605323870201586,15.0,7.596591298708747,0,0,12.014114482203526
304,0.8754934796332519,26264.804388997556,9.53410142395387,15.0,7.440434669152403,0,0,12.014114482203526
305,0.8765133091536932,26295.399274610794,9.463613859098384,15.0,7.285889281660594,0,0,12.014114482203526
306,0.8775529721737703,26326.589165213107,9.393882062621833,15.0,7.133000931366999,0,0,12.014114482203526
307,0.8786122604592432,26358.3678137773,9.324926697560452,15.0,6.981814922389409,0,0,12.014114482203526
308,0.8796909599604824,26390.72879881447,9.256768196877083,15.0,6.832376054405144,0,0,12.014114482203526
309,0.880788850875896,26423.66552627688,9.189426757406462,15.0,6.68472860937594,0,0,12.014114482203526
310,0.881905707717062,26457.17123151186,9.122922333870457,15.0,6.538916338426262,0,0,12.014114482203526
311,0.8830412993755453,26491.23898126636,9.057274632965038,15.0,6.394982448878876,0,0,12.014114482203526
312,0.8841953891913803,26525.86167574141,8.992503107520779,15.0,6.252969591451597,0,0,12.014114482203526
313,0.8853677350231977,26561.03205069593,8.928626950738554,15.0,6.112919847618976,0,0,12.014114482203526
314,0.8865580893199768,26596.742679599305,8.865665090502175,15.0,5.974874717142627,0,0,12.014114482203526
315,0.8877661991944006,26632.985975832016,8.803636183769662,15.0,5.838875105773967,0,0,12.014114482203526
316,0.8889918064977904,26669.754194933714,8.742558611044771,15.0,5.70496131313296,0,0,12.014114482203526
317,0.8902346478966024,26707.039436898074,8.682450470930462,15.0,5.573173020766459,0,0,12.014114482203526
318,0.891494454950458,26744.83364851374,8.623329574765892,15.0,5.44354928038972,0,0,12.014114482203526
319,0.892770954191689,26783.12862575067,8.565213441348526,15.0,5.316128502314522,0,0,12.014114482203526
320,0.8940638672063717,26821.91601619115,8.508119291742945,15.0,5.190948444067373,0,0,12.014114482203526
321,0.8953729107168271,26861.187321504814,8.452064044177874,15.0,5.068046199201146,0,0,12.014114482203526
322,0.8966977966655625,26900.933899966876,8.397064309032931,15.0,4.947458186303438,0,0,12.014114482203526
323,0.8980382323006284,26941.146969018853,8.343136383916637,15.0,4.82922013820497,0,0,12.014114482203526
324,0.899393920262368,26981.81760787104,8.290296248837063,15.0,4.7133670913911905,0,0,12.014114482203526
325,0.9007645586715305,27022.936760145916,8.238559561466612,15.0,4.5999333756201715,0,0,12.014114482203526
326,0.9021498412187253,27064.49523656176,8.187941652502326,15.0,4.488952603750006,0,0,12.014114482203526
327,0.9035494572551878,27106.483717655632,8.138457521123051,15.0,4.380457661778549,0,0,12.014114482203526
328,0.9049630918848303,27148.89275654491,8.090121830544875,15.0,4.274480699098631,0,0,12.014114482203526
329,0.9063904260575544,27191.71278172663,8.04294890367608,15.0,4.171053118971455,0,0,12.014114482203526
330,0.9078311366637907,27234.93409991372,7.996952718872979,15.0,4.070205569221171,0,0,12.014114482203526
331,0.9092848966302443,27278.546898907327,7.952146905797798,15.0,3.9719679331532243,0,0,12.014114482203526
332,0.9107513750168131,27322.541250504393,7.908544741379951,15.0,3.876369320699345,0,0,12.014114482203526
333,0.9122302371146527,27366.90711343958,7.866159145881761,15.0,3.783438059791571,0,0,12.014114482203526
334,0.9137211445453577,27411.63433636073,7.825002679069931,15.0,3.6932016879681413,0,0,12.014114482203526
335,0.9152237553612306,27456.712660836918,7.785087536493806,15.0,3.6056869442134825,0,0,12.014114482203526
336,0.9167377241466084,27502.131724398252,7.746425545871573,15.0,3.5209197610348966,0,0,12.014114482203526
337,0.9182627021202165,27547.881063606495,7.709028163585445,15.0,3.4389252567781785,0,0,12.014114482203526
338,0.9197983372385202,27593.950117155608,7.672906471286897,15.0,3.359727728184533,0,0,12.014114482203526
339,0.9213442743000431,27640.32822900129,7.638071172612923,15.0,3.2833506431908956,0,0,12.014114482203526
340,0.9229001550506202,27687.004651518604,7.604532590014333,15.0,3.2098166339759144,0,0,12.014114482203526
341,0.9244656182895573,27733.96854868672,7.572300661696966,15.0,3.1391474902535,0,0,12.014114482203526
342,0.926040299976662,27781.208999299863,7.541384938676812,15.0,3.071364152816116,0,0,12.014114482203526
343,0.9276238333401167,27828.7150002035,7.511794581949813,15.0,3.006486707329519,0,0,12.014114482203526
344,0.9292158489851607,27876.47546955482,7.483538359777283,15.0,2.944534378380985,0,0,12.014114482203526
345,0.9308159750035508,27924.479250106524,7.456624645087666,15.0,2.8855255237826145,0,0,12.014114482203526
346,0.9324238370837649,27972.715112512946,7.431061412995475,15.0,2.8294776291315467,0,0,12.014114482203526
347,0.9340390586219186,28021.171758657558,7.406856238438074,15.0,2.7764073026285736,0,0,12.014114482203526
348,0.9356612608333617,28069.83782500085,7.38401629393108,15.0,2.7263302701567964,0,0,12.014114482203526
349,0.9372900628649194,28118.701885947583,7.362548347442972,15.0,2.679261370621679,0,0,12.014114482203526
350,0.9389250819077483,28167.752457232447,7.342458760389614,15.0,2.6352145515539904,0,0,12.014114482203526
351,0.9405659333107698,28216.97799932309,7.323753485749217,15.0,2.5942028649768254,0,0,12.014114482203526
352,0.9422122306946514,28266.366920839544,7.306438066298349,15.0,2.556238463538021,0,0,12.014114482203526
353,0.9438635860662993,28315.907581988977,7.290517632969493,15.0,2.5213325969090654,0,0,12.014114482203526
354,0.9455196099338278,28365.588298014834,7.275996903330634,15.0,2.48949560845157,0,0,12.014114482203526
355,0.9471799114219762,28415.397342659286,7.262880180187349,15.0,2.4607369321523116,0,0,12.014114482203526
356,0.9488440983879318,28465.322951637954,7.251171350307784,15.0,2.435065089827742,0,0,12.014114482203526
357,0.9505117775375312,28515.353326125936,7.240873883270931,15.0,2.412487688598784,0,0,12.014114482203526
358,0.9521825545418016,28565.476636254047,7.231990830438512,15.0,2.3930114186366875,0,0,12.014114482203526
359,0.9538560341538088,28615.681024614263,7.224524824050792,15.0,2.3766420511805664,0,0,12.014114482203526
360,0.9555318203257779,28665.954609773336,7.218478076446592,15.0,2.3633844368272823,0,0,12.014114482203526
361,0.9572095163264505,28716.285489793514,7.2138523794077285,15.0,2.3532425040940925,0,0,12.014114482203526
362,0.9588887248586445,28766.661745759335,7.210649103628066,15.0,2.3462192582545436,0,0,12.014114482203526
363,0.9605690481769823,28817.07144530947,7.2088691983073465,15.0,2.342316780447953,0,0,12.014114482203526
364,0.962250088205751,28867.50264617253,7.208513190869935,15.0,2.3415362270627176,0,0,12.014114482203526
365,0.9639314466568607,28917.943399705822,7.209581186808514,15.0,2.34387782939365,0,0,12.014114482203526
366,0.9656127251478668,28968.381754436003,7.212072869652839,15.0,2.3493408935734448,0,0,12.014114482203526
367,0.9672935253200176,29018.805759600527,7.215987501063509,15.0,2.3579238007782832,0,0,12.014114482203526
368,0.9689734489562984,29069.203468688953,7.221323921050752,15.0,2.3696240077075252,0,0,12.014114482203526
369,0.9706520980994308,29119.562942982924,7.228080548318156,15.0,2.384438047337343,0,0,12.014114482203526
370,0.9723290751697958,29169.872255093876,7.236255380731243,15.0,2.402361529948089,0,0,12.014114482203526
371,0.9740039830832464,29220.119492497393,7.245845995910742,15.0,2.42338914442504,0,0,12.014114482203526
372,0.9756764253687709,29270.292761063127,7.25684955195039,15.0,2.4475146598322155,0,0,12.014114482203526
373,0.9773460062859765,29320.380188579293,7.2692627882590575,15.0,2.4747309272587263,0,0,12.014114482203526
374,0.9790123309423555,29370.369928270666,7.283082026526929,15.0,2.50502988193716,0,0,12.014114482203526
375,0.980675005410301,29420.25016230903,7.2983031718154585,15.0,2.538402545633344,0,0,12.014114482203526
376,0.9823336368438349,29470.009105315046,7.314921713770801,15.0,2.5748390293067778,0,0,12.014114482203526
377,0.9839878335950182,29519.635007850546,7.332932727960315,15.0,2.614328536040989,0,0,12.014114482203526
378,0.9856372053300037,29569.11615990011,7.352330877331789,15.0,2.65685936424288,0,0,12.014114482203526
379,0.9872813631447004,29618.440894341013,7.373110413794916,15.0,2.702418911110159,0,0,12.014114482203526
380,0.9889199196800149,29667.597590400448,7.395265179924584,15.0,2.7509936763658405,0,0,12.014114482203526
381,0.9905524892366336,29716.574677099008,7.418788610785449,15.0,2.8025692662586428,0,0,12.014114482203526
382,0.9921786878893136,29765.36063667941,7.443673735877271,15.0,2.857130397828195,0,0,12.014114482203526
383,0.9937981336006486,29813.944008019458,7.4699131812004165,15.0,2.9146609034336817,0,0,12.014114482203526
384,0.9954104463342744,29862.313390028234,7.49749917144095,15.0,2.9751437355446915,0,0,12.014114482203526
385,0.9970152481674823,29910.45744502447,7.5264235322746,15.0,3.03856097179273,0,0,12.014114482203526
386,0.9986121634032052,29958.364902096157,7.55667769278902,15.0,3.1048938202820495,0,0,12.014114482203526
387,1.0,30000.0,7.588252688023505,15.0,3.174122625158059,0,0,12.014114482203526
388,1.0,30000.0,7.621139161625529,15.0,3.246226872431798,0,0,12.014114482203526
389,1.0,30000.0,7.65532736862321,15.0,3.3211851960586536,0,0,12.014114482203526
390,1.0,30000.0,7.690807178312977,15.0,3.398975384269615,0,0,12.014114482203526
391,1.0,30000.0,7.727568077261499,15.0,3.479574386153053,0,0,12.014114482203526
392,1.0,30000.0,7.765599172421055,15.0,3.5629583184852502,0,0,12.014114482203526
393,1.0,30000.0,7.804889194357369,15.0,3.6491024728074737,0,0,12.014114482203526
394,1.0,30000.0,7.845426500588992,15.0,3.737981322747668,0,0,12.014114482203526
395,1.0,30000.0,7.887199079037226,15.0,3.8295685315844255,0,0,12.014114482203526
396,1.0,30000.0,7.930194551585545,15.0,3.923836960051153,0,0,12.014114482203526
397,1.0,30000.0,7.9744001777475155,15.0,4.020758674378014,0,0,12.014114482203526
398,1.0,30000.0,8.019802858442073,15.0,4.120304954569319,0,0,12.014114482203526
399,1.0,30000.0,8.066389139875055,15.0,4.2224463029138555,0,0,12.014114482203526
400,1.0,30000.0,8.114145217525863,15.0,4.327152452725726,0,0,12.014114482203526
401,1.0,30000.0,8.163056940238022,15.0,4.43439237731299,0,0,12.014114482203526
402,1.0,30000.0,8.213109814412494,15.0,4.54413429917157,0,0,12.014114482203526
403,1.0,30000.0,8.26428900830243,15.0,4.65634569940159,0,0,12.014114482203526
404,1.0,30000.0,8.31657935640815,15.0,4.770993327343451,0,0,12.014114482203526
405,1.0,30000.0,8.369965363970985,15.0,4.888043210430688,0,0,12.014114482203526
406,1.0,30000.0,8.42443121156473,15.0,5.007460664256799,0,0,12.014114482203526
407,1.0,30000.0,8.479960759783275,15.0,5.129210302852971,0,0,12.014114482203526
408,1.0,30000.0,8.53653755402306,15.0,5.253256049173727,0,0,12.014114482203526
409,1.0,30000.0,8.59414482935892,15.0,5.379561145787292,0,0,12.014114482203526
410,1.0,30000.0,8.652765515511907,15.0,5.508088165767668,0,0,12.014114482203526
411,1.0,30000.0,8.712382241907576,15.0,5.63879902378498,0,0,12.014114482203526
412,1.0,30000.0,8.772977342823268,15.0,5.771654987391038,0,0,12.014114482203526
413,1.0,30000.0,8.83453286262282,15.0,5.9066166884965465,0,0,12.014114482203526
414,1.0,30000.0,8.89703056107725,15.0,6.04364413503677,0,0,12.014114482203526
415,1.0,30000.0,8.96045191876969,15.0,6.182696722821996,0,0,12.014114482203526
416,1.0,30000.0,9.024778142583108,15.0,6.323733247569458,0,0,12.014114482203526
417,1.0,30000.0,9.08999017126912,15.0,6.46671191711307,0,0,12.014114482203526
418,1.0,30000.0,9.156068681096231,15.0,6.611590363787297,0,0,12.014114482203526
419,1.0,30000.0,9.222994091575892,15.0,6.758325656981672,0,0,12.014114482203526
420,1.0,30000.0,9.290746571264606,15.0,6.906874315862002,0,0,12.014114482203526
421,1.0,30000.0,9.359306043640427,15.0,7.057192322254728,0,0,12.014114482203526
422,1.0,30000.0,9.428652193052056,15.0,7.209235133690436,0,0,12.014114482203526
423,1.0,30000.0,9.498764470738802,15.0,7.362957696602713,0,0,12.014114482203526
424,1.0,30000.0,9.569622100919645,15.0,7.518314459678592,0,0,12.014114482203526
425,1.0,30000.0,9.641204086949527,15.0,7.6752593873562835,0,0,12.014114482203526
426,1.0,30000.0,9.713489217541126,15.0,7.833745973466582,0,0,12.014114482203526
427,1.0,30000.0,9.7864560730502,15.0,7.993727255013589,0,0,12.014114482203526
428,1.0,30000.0,9.860083031822718,15.0,8.155155826090915,0,0,12.014114482203526
429,1.0,30000.0,9.934348276601783,15.0,8.317983851929025,0,0,12.014114482203526
430,1.0,30000.0,10.009229800992607,15.0,8.482163083069757,0,0,12.014114482203526
431,1.0,30000.0,10.084705415983422,15.0,8.647644869663637,0,0,12.014114482203526
432,1.0,30000.0,10.160752756520619,15.0,8.814380175885917,0,0,12.014114482203526
433,1.0,30000.0,10.23734928813596,15.0,8.982319594466917,0,0,12.014114482203526
434,1.0,30000.0,10.314472313624032,15.0,9.151413361332471,0,0,12.014114482203526
435,1.0,30000.0,10.39209897976794,15.0,9.321611370350134,0,0,12.014114482203526
436,1.0,30000.0,10.470206284111176,15.0,9.492863188176642,0,0,12.014114482203526
437,1.0,30000.0,10.548771081773781,15.0,9.665118069202471,0,0,12.014114482203526
438,1.0,30000.0,10.627770092310628,15.0,9.838324970588793,0,0,12.014114482203526
439,1.0,30000.0,10.707179906609973,15.0,10.012432567392644,0,0,12.014114482203526
440,1.0,30000.0,10.786976993830011,15.0,10.18738926777549,0,0,12.014114482203526
441,1.0,30000.0,10.867137708371663,15.0,10.363143228291198,0,0,12.014114482203526
442,1.0,30000.0,10.947638296885174,15.0,10.539642369248122,0,0,12.014114482203526
443,1.0,30000.0,11.02845490530885,15.0,10.716834390141692,0,0,12.014114482203526
444,1.0,30000.0,11.109563585937432,15.0,10.894666785151964,0,0,12.014114482203526
445,1.0,30000.0,11.190940304518378,15.0,11.073086858702355,0,0,12.014114482203526
446,1.0,30000.0,11.272560947373732,15.0,11.252041741074475,0,0,12.014114482203526
447,1.0,30000.0,11.354401328545489,15.0,11.431478404074493,0,0,12.014114482203526
448,1.0,30000.0,11.436437196962451,15.0,11.611343676746621,0,0,12.014114482203526
449,1.0,30000.0,11.518644243626326,15.0,11.791584261128737,0,0,12.014114482203526
450,1.0,30000.0,11.600998108815016,15.0,11.972146748045796,0,0,12.014114482203526
451,1.0,30000.0,11.683474389300923,15.0,12.152977632936052,0,0,12.014114482203526
452,1.0,30000.0,11.766048645582156,15.0,12.334023331705673,0,0,12.014114482203526
453,1.0,30000.0,11.848696409124479,15.0,12.515230196606826,0,0,12.014114482203526
454,1.0,30000.0,11.931393189611867,15.0,12.696544532134663,0,0,12.014114482203526
455,1.0,30000.0,12.014114482203528,15.0,12.877912610938512,0,0,12.014114482203526
456,1.0,30000.0,12.09683577479518,15.0,13.059280689742334,0,0,12.014114482203526
457,1.0,30000.0,12.179532555282574,15.0,13.240595025270189,0,0,12.014114482203526
458,1.0,30000.0,12.262180318824889,15.0,13.421801890171324,0,0,12.014114482203526
459,1.0,30000.0,12.344754575106126,15.0,13.602847588940955,0,0,12.014114482203526
460,1.0,30000.0,12.42723085559203,15.0,13.783678473831207,0,0,12.014114482203526
461,1.0,30000.0,12.509584720780726,15.0,13.964240960748267,0,0,12.014114482203526
462,1.0,30000.0,12.5917917674446,15.0,14.144481545130382,0,0,12.014114482203526
463,1.0,30000.0,12.673827635861562,15.0,14.324346817802514,0,0,12.014114482203526
464,1.0,30000.0,12.75566801703332,15.0,14.50378348080254,0,0,12.014114482203526
465,1.0,30000.0,12.83728865988867,15.0,14.682738363174654,0,0,12.014114482203526
466,1.0,30000.0,12.918665378469623,15.0,14.861158436725052,0,0,12.014114482203526
467,1.0,30000.0,12.999774059098199,15.0,15.038990831735314,0,0,12.014114482203526
468,1.0,30000.0,13.08059066752187,15.0,15.216182852628874,0,0,12.014114482203526
469,1.0,30000.0,13.161091256035387,15.0,15.392681993585807,0,0,12.014114482203526
470,1.0,30000.0,13.241251970577036,15.0,15.568435954101506,0,0,12.014114482203526
471,1.0,30000.0,13.321049057797076,15.0,15.743392654484364,0,0,12.014114482203526
472,0.9999835495454863,29999.50648636459,13.400458872096415,15.0,15.917500251288207,0,0,12.014114482203526
473,0.9999448228003693,29998.34468401108,13.479457882633264,15.0,16.090707152674526,0,0,12.014114482203526
474,0.9998839310805702,29996.517932417104,13.558022680295867,15.0,16.262962033700358,0,0,12.014114482203526
475,0.99980099226997,29994.0297680991,13.636129984639114,15.0,16.434213851526877,0,0,12.014114482203526
476,0.9996961307854791,29990.883923564375,13.713756650783019,15.0,16.604411860544534,0,0,12.014114482203526
477,0.9995694775401693,29987.08432620508,13.790879676271095,15.0,16.7735056274101,0,0,12.014114482203526
478,0.9994211699044813,29982.635097134436,13.86747620788643,15.0,16.941445045991088,0,0,12.014114482203526
479,0.9992513516655185,29977.540549965554,13.943523548423627,15.0,17.10818035221337,0,0,12.014114482203526
480,0.999060172984441,29971.805189533232,14.018999163414446,15.0,17.273662138807246,0,0,12.014114482203526
481,0.9988477903519689,29965.433710559068,14.093880687805264,15.0,17.437841369947982,0,0,12.014114482203526
482,0.9986143665420103,29958.430996260307,14.168145932584332,15.0,17.60066939578609,0,0,12.014114482203526
483,0.9983600705634282,29950.802116902847,14.241772891356847,15.0,17.762097966863422,0,0,12.014114482203526
484,0.9980850776099603,29942.55232829881,14.314739746865925,15.0,17.922079248410423,0,0,12.014114482203526
485,0.9977895690083041,29933.68707024912,14.387024877457524,15.0,18.080565834520723,0,0,12.014114482203526
486,0.9974737321643863,29924.21196493159,14.45860686348741,15.0,18.23751076219842,0,0,12.014114482203526
487,0.997137760507831,29914.13281523493,14.529464493668248,15.0,18.392867525274294,0,0,12.014114482203526
488,0.9967818534346415,29903.455603039245,14.599576771354995,15.0,18.546590088186576,0,0,12.014114482203526
489,0.9964062162481152,29892.186487443458,14.668922920766619,15.0,18.698632899622268,0,0,12.014114482203526
490,0.9960110600980083,29880.33180294025,14.737482393142441,15.0,18.848950906015,0,0,12.014114482203526
491,0.995596601917967,29867.89805753901,14.805234872831154,15.0,18.997499564895325,0,0,12.014114482203526
492,0.9951630643612451,29854.891930837355,14.87216028331082,15.0,19.14423485808971,0,0,12.014114482203526
493,0.9947106757347282,29841.320272041845,14.938238793137927,15.0,19.28911330476393,0,0,12.014114482203526
494,0.99423966993128,29827.1900979384,15.003450821823941,15.0,19.43209197430755,0,0,12.014114482203526
495,0.9937502863604362,29812.508590813086,15.067777045637357,15.0,19.573128499055006,0,0,12.014114482203526
496,0.9932427698774612,29797.283096323834,15.1311984033298,15.0,19.712181086840236,0,0,12.014114482203526
497,0.9927173707107925,29781.521121323774,15.193696101784228,15.0,19.84920853338046,0,0,12.014114482203526
498,0.992174344387893,29765.23033163679,15.255251621583785,15.0,19.98417023448597,0,0,12.014114482203526
499,0.9916139516595324,29748.418549785973,15.315846722499472,15.0,20.117026198092027,0,0,12.014114482203526
500,0.9910364584225211,29731.09375267563,15.375463448895143,15.0,20.247737056109337,0,0,12.014114482203526
501,0.990442135640919,29713.26406922757,15.434084135048133,15.0,20.376264076089715,0,0,12.014114482203526
502,0.9898312592657436,29694.937777972307,15.49169141038399,15.0,20.502569172703282,0,0,12.014114482203526
503,0.9892041101531994,29676.12330459598,15.548268204623774,15.0,20.62661491902404,0,0,12.014114482203526
504,0.9885609739814539,29656.829219443618,15.603797752842318,15.0,20.748364557620206,0,0,12.014114482203526
505,0.9879021411659858,29637.064234979574,15.658263600436063,15.0,20.867782011446316,0,0,12.014114482203526
506,0.9872279067735277,29616.83720320583,15.7116496079989,15.0,20.984831894533556,0,0,12.014114482203526
507,0.9865385704346317,29596.15711303895,15.763939956104617,15.0,21.09947952247541,0,0,12.014114482203526
508,0.9858344362548829,29575.033087646487,15.815119149994556,15.0,21.211690922705444,0,0,12.014114482203526
509,0.9851158127247859,29553.474381743577,15.865172024169027,15.0,21.321432844564015,0,0,12.014114482203526
510,0.9843830126283527,29531.49037885058,15.91408374688119,15.0,21.428672769151287,0,0,12.014114482203526
511,0.9836363529504174,29509.09058851252,15.961839824531992,15.0,21.533378918963148,0,0,12.014114482203526
512,0.9828761547827076,29486.284643481227,16.00842610596498,15.0,21.635520267307694,0,0,12.014114482203526
513,0.9821027432286974,29463.08229686092,16.053828786659533,15.0,21.735066547498988,0,0,12.014114482203526
514,0.9813164473072725,29439.493419218175,16.09803441282151,15.0,21.831988261825863,0,0,12.014114482203526
515,0.9805175998552348,29415.527995657045,16.141029885369825,15.0,21.926256690292583,0,0,12.014114482203526
516,0.9797065374286756,29391.19612286027,16.182802463818057,15.0,22.01784389912934,0,0,12.014114482203526
517,0.9788836002032469,29366.508006097407,16.223339770049684,15.0,22.106722749069533,0,0,12.014114482203526
518,0.9780491318733594,29341.47395620078,16.262629791985997,15.0,22.19286690339176,0,0,12.014114482203526
519,0.9772034795503393,29316.10438651018,16.30066088714555,15.0,22.276250835723957,0,0,12.014114482203526
520,0.9763469936595712,29290.409809787136,16.337421786094072,15.0,22.356849837607395,0,0,12.014114482203526
521,0.9754800278366599,29264.400835099797,16.37290159578384,15.0,22.434640025818354,0,0,12.014114482203526
522,0.97460293882264,29238.0881646792,16.40708980278152,15.0,22.509598349445213,0,0,12.014114482203526
523,0.9737160863582661,29211.482590747983,16.439976276383543,15.0,22.581702596718948,0,0,12.014114482203526
524,0.9728198330774138,29184.594992322414,16.47155127161803,15.0,22.65093140159496,0,0,12.014114482203526
525,0.9719145443996238,29157.436331988712,16.50180543213245,15.0,22.717264250084277,0,0,12.014114482203526
526,0.9710005884218196,29130.017652654587,16.530729792966103,15.0,22.78068148633232,0,0,12.014114482203526
527,0.970078335809233,29102.35007427699,16.55831578320663,15.0,22.841164318443322,0,0,12.014114482203526
528,0.9691481596855676,29074.444790567028,16.584555228529783,15.0,22.898694824048818,0,0,12.014114482203526
529,0.9682104355224342,29046.313065673028,16.6094403536216,15.0,22.953255955618367,0,0,12.014114482203526
530,0.967265541028091,29017.966230842732,16.632963784482467,15.0,23.004831545511173,0,0,12.014114482203526
531,0.9663138560355197,28989.41568106559,16.655118550612134,15.0,23.053406310766853,0,0,12.014114482203526
532,0.9653557623898733,28960.6728716962,16.67589808707526,15.0,23.09896585763413,0,0,12.014114482203526
533,0.9643916438353269,28931.74931505981,16.695296236446737,15.0,23.141496685836017,0,0,12.014114482203526
534,0.9634218859013667,28902.656577041,16.71330725063625,15.0,23.180986192570234,0,0,12.014114482203526
535,0.962446875788548,28873.40627365644,16.72992579259159,15.0,23.217422676243668,0,0,12.014114482203526
536,0.9614670022537605,28844.010067612813,16.745146937880122,15.0,23.25079533993985,0,0,12.014114482203526
537,0.9604826554950303,28814.47966485091,16.758966176147993,15.0,23.281094294618285,0,0,12.014114482203526
538,0.9594942270358969,28784.82681107691,16.771379412456664,15.0,23.308310562044795,0,0,12.014114482203526
539,0.9585021096093955,28755.063288281865,16.78238296849631,15.0,23.33243607745197,0,0,12.014114482203526
540,0.9575066970416817,28725.20091125045,16.791973583675805,15.0,23.35346369192892,0,0,16.014114482203524
541,0.956321935122205,28689.65805366615,22.393618809924384,15.0,23.371387174539667,0,0,16.014114482203524
542,0.9551345935406655,28654.037806219967,22.402625000329348,15.0,23.386201214169485,0,0,16.014114482203524
543,0.9539450844628053,28618.35253388416,22.40973813719245,15.0,23.397901421098727,0,0,16.014114482203524
544,0.9527538206966422,28582.614620899265,22.414956112737705,15.0,23.406484328303563,0,0,16.014114482203524
545,0.9515612155701461,28546.836467104382,22.418277380766362,15.0,23.41194739248336,0,0,16.014114482203524
546,0.9503676828087608,28511.030484262825,22.41970095711502,15.0,23.414288994814292,0,0,16.014114482203524
547,0.9491736364128088,28475.209092384266,22.419226419947286,15.0,23.41350844142906,0,0,16.014114482203524
548,0.9479794905348132,28439.3847160444,22.416853909878757,15.0,23.409605963622468,0,0,16.014114482203524
549,0.9467856593567758,28403.569780703274,22.412584129935375,15.0,23.40258271778292,0,0,16.014114482203524
550,0.945592556967446,28367.776709023383,22.406418345345088,15.0,23.39244078504973,0,0,16.014114482203524
551,0.9444005972396178,28332.017917188532,22.398358383162936,15.0,23.379183170696443,0,0,16.014114482203524
552,0.943210193707489,28296.305811224673,22.388406631729655,15.0,23.362813803240325,0,0,16.014114482203524
553,0.9420217594441243,28260.652783323727,22.376566039963983,15.0,23.343337533278227,0,0,16.014114482203524
554,0.9408357069390502,28225.071208171506,22.362840116488798,15.0,23.32076013204927,0,0,16.014114482203524
555,0.9396524479760281,28189.573439280844,22.347232928591453,15.0,23.2950882897247,0,0,16.014114482203524
556,0.9384723935110317,28154.171805330952,22.329749101018542,15.0,23.26632961342544,0,0,16.014114482203524
557,0.9372959535504731,28118.878606514194,22.310393814605533,15.0,23.23449262496795,0,0,16.014114482203524
558,0.9361235370297089,28083.706110891264,22.289172804741487,15.0,23.199586758338988,0,0,16.014114482203524
559,0.934955551691863,28048.66655075589,22.266092359669628,15.0,23.16162235690019,0,0,16.014114482203524
560,0.933792403967005,28013.77211901015,22.241159318623936,15.0,23.12061067032302,0,0,16.014114482203524
561,0.9326344988517151,27979.034965551455,22.214381069802585,15.0,23.07656385125533,0,0,16.014114482203524
562,0.9314822397890749,27944.467193672244,22.185765548178615,15.0,23.029494951720217,0,0,16.014114482203524
563,0.9303360285491187,27910.08085647356,22.155321233148648,15.0,22.979417919248437,0,0,16.014114482203524
564,0.9291962651097807,27875.887953293422,22.123057146020287,15.0,22.926347592745465,0,0,16.014114482203524
565,0.9280633475383727,27841.90042615118,22.088982847338862,15.0,22.870299698094396,0,0,16.014114482203524
566,0.9269376718736276,27808.13015620883,22.053108434054444,15.0,22.81129084349603,0,0,16.014114482203524
567,0.9258196320083458,27774.588960250374,22.01544453652993,15.0,22.74933851454749,0,0,16.014114482203524
568,0.9247096195726747,27741.288587180243,21.976002315391007,15.0,22.684461069060898,0,0,16.014114482203524
569,0.9236080238180617,27708.24071454185,21.934793458219037,15.0,22.61667773162351,0,0,16.014114482203524
570,0.9225152315019096,27675.45694505729,21.891830176087755,15.0,22.546008587901106,0,0,16.014114482203524
571,0.9214316267729726,27642.948803189178,21.847125199944873,15.0,22.472474578686118,0,0,16.014114482203524
572,0.9203575910575242,27610.72773172573,21.80069177683965,15.0,22.396097493692476,0,0,16.014114482203524
573,0.9192935029463333,27578.80508839,21.752543665997464,15.0,22.31689996509884,0,0,16.014114482203524
574,0.9182397380824783,27547.19214247435,21.702695134742665,15.0,22.234905460842114,0,0,16.014114482203524
575,0.9171966690500369,27515.90007150111,21.651160954270903,15.0,22.15013827766353,0,0,16.014114482203524
576,0.9161646652636815,27484.939957910443,21.597956395272032,15.0,22.062623533908866,0,0,16.014114482203524
577,0.9151440928592123,27454.322785776367,21.543097223405148,15.0,21.972387162085436,0,0,16.014114482203524
578,0.9141353145850651,27424.059437551954,21.486599694626825,15.0,21.87945590117767,0,0,16.014114482203524
579,0.9131386896948205,27394.160690844616,21.428480550374154,15.0,21.783857288723787,0,0,16.014114482203524
580,0.9121545738407487,27364.63721522246,21.368757012603893,15.0,21.68561965265584,0,0,16.014114482203524
581,0.9111833189684226,27335.499569052678,21.30744677868923,15.0,21.584772102905557,0,0,16.014114482203524
582,0.9102252732124287,27306.758196372863,21.244568016175645,15.0,21.48134452277839,0,0,16.014114482203524
583,0.9092807807932074,27278.423423796223,21.180139357397508,15.0,21.37536756009846,0,0,16.014114482203524
584,0.9083501819150527,27250.50545745158,21.11417989395691,15.0,21.26687261812701,0,0,16.014114482203524
585,0.9074338126653024,27223.014379959073,21.046709171066386,15.0,21.155891846256843,0,0,16.014114482203524
586,0.9065320049147486,27195.96014744246,20.97774718175726,15.0,21.04245813048583,0,0,16.014114482203524
587,0.9056450862192971,27169.352586578912,20.907314360955283,15.0,20.926605083672037,0,0,16.014114482203524
588,0.9047733797229048,27143.201391687144,20.835431579425336,15.0,20.808367035573575,0,0,16.014114482203524
589,0.9039172040618261,27117.516121854784,20.76212013758694,15.0,20.687779022675873,0,0,16.014114482203524
590,0.9030768732701935,27092.306198105805,20.687401759202494,15.0,20.56487677780965,0,0,16.014114482203524
591,0.902252696686963,27067.58090060889,20.611298584940066,15.0,20.439696719562495,0,0,16.014114482203524
592,0.9014449788642497,27043.34936592749,20.533833165812645,15.0,20.312275941487286,0,0,16.014114482203524
593,0.9006540194770829,27019.620584312488,20.455028456495754,15.0,20.18265220111055,0,0,16.014114482203524
594,0.8998801132346058,26996.403397038175,20.37490780852551,15.0,20.050863908744056,0,0,16.014114482203524
595,0.8991235497927467,26973.7064937824,20.293494963379047,15.0,19.916950116103052,0,0,16.014114482203524
596,0.8983846136683878,26951.538410051635,20.21081404543941,15.0,19.780950504734385,0,0,16.014114482203524
597,0.897663584155057,26929.90752465171,20.126889554847,15.0,19.642905374258035,0,0,16.014114482203524
598,0.8969607352401662,26908.822057204987,20.04174636023961,15.0,19.50285563042542,0,0,16.014114482203524
599,0.8962763355238244,26888.29006571473,19.95540969138334,15.0,19.360842772998144,0,0,16.014114482203524
600,0.8956106481392442,26868.319444177327,19.86790513169647,15.0,19.216908883450742,0,0,16.014114482203524
601,0.8949639306747711,26848.917920243133,19.779258610668546,15.0,19.071096612501073,0,0,16.014114482203524
602,0.8943364350975536,26830.093052926608,19.689496396176896,15.0,18.92344916747188,0,0,16.014114482203524
603,0.89372840767888,26811.8522303664,19.59864508670288,15.0,18.774010299487603,0,0,16.014114482203524
604,0.8931400889212031,26794.202667636095,19.506731603450262,15.0,18.622824290510017,0,0,16.014114482203524
605,0.8925717134868745,26777.151404606233,19.413783182367766,15.0,18.469935940216427,0,0,16.014114482203524
606,0.8920235101286079,26760.705303858238,19.319827366078552,15.0,18.315390552724622,0,0,16.014114482203524
607,0.8914957016216964,26744.871048650893,19.224891995718707,15.0,18.159233923168266,0,0,16.014114482203524
608,0.890988504697998,26729.65514093994,19.129005202687367,15.0,18.00151232412686,0,0,16.014114482203524
609,0.8905021299817139,26715.063899451416,19.032195400310684,15.0,17.842272491914084,0,0,16.014114482203524
610,0.8900367819269756,26701.103457809266,18.93449127542247,15.0,17.68156161272895,0,0,16.014114482203524
611,0.8895926587572612,26687.779762717837,18.83592177986351,15.0,17.51942730867331,0,0,16.014114482203524
612,0.8891699524066574,26675.098572199724,18.73651612190267,15.0,17.355917623640664,0,0,16.014114482203524
613,0.8887688484629851,26663.065453889554,18.636303757581747,15.0,17.19108100907947,0,0,16.014114482203524
614,0.8883895261128056,26651.685783384168,18.535314381987053,15.0,17.024966309636124,0,0,16.014114482203524
615,0.8880321580883243,26640.96474264973,18.433577920450105,15.0,16.85762274868111,0,0,16.014114482203524
616,0.8876969106162059,26630.907318486177,18.331124519680095,15.0,16.689099913723084,0,0,16.014114482203524
617,0.887383943368318,26621.518301049542,18.227984538830825,15.0,16.519447741715098,0,0,16.014114482203524
618,0.8870934094144172,26612.802282432516,18.12418854050454,15.0,16.348716504257105,0,0,16.014114482203524
619,0.8868254551767903,26604.763655303712,18.019767281695657,15.0,16.176956792699432,0,0,16.014114482203524
620,0.8865802203868677,26597.40661160603,17.91475170467674,15.0,16.004219503151482,0,0,16.014114482203524
621,0.8863578380438164,26590.735141314493,17.809172927829707,15.0,15.830555821400164,0,0,16.014114482203524
622,0.8861584343751306,26584.75303125392,17.703062236424696,15.0,15.656017207742323,0,0,16.014114482203524
623,0.8859821287992273,26579.46386397682,17.59645107334963,15.0,15.480655381736039,0,0,16.014114482203524
624,0.88582903389006,26574.8710167018,17.489371029792984,15.0,15.304522306874965,0,0,16.014114482203524
625,0.8856992553437608,26570.977660312823,17.381853835882637,15.0,15.127670175190453,0,0,16.014114482203524
626,0.8855928919473203,26567.786758419606,17.273931351283586,15.0,14.950151391785951,0,0,16.014114482203524
627,0.8855100355493145,26565.301066479435,17.165635555757127,15.0,14.77201855930807,0,0,16.014114482203524
628,0.8854507710326892,26563.523130980677,17.056998539684727,15.0,14.593324462359547,0,0,16.014114482203524
629,0.885415176289606,26562.45528868818,16.948052494558805,15.0,14.41412205185781,0,0,16.014114482203524
630,0.8854033221983617,26562.099665950853,16.8388297034438,15.0,14.234464429344637,0,0,16.014114482203524
631,0.8854152726023862,26562.458178071585,16.729362531409926,15.0,14.05440483125088,0,0,16.014114482203524
632,0.885451084291323,26563.53252873969,16.619683415942756,15.0,13.873996613121465,0,0,16.014114482203524
633,0.8855108069842024,26565.324209526072,16.50982485733126,15.0,13.69329323380493,0,0,16.014114482203524
634,0.8855944833147079,26567.834499441236,16.39981940903732,15.0,13.512348239612505,0,0,16.014114482203524
635,0.8857021488185434,26571.0644645563,16.289699668049362,15.0,13.331215248451059,0,0,16.014114482203524
636,0.8858338319229029,26575.014957687086,16.179498265223216,15.0,13.14994793393503,0,0,16.014114482203524
637,0.8859895539380469,26579.686618141408,16.069247855612897,15.0,12.968600009481811,0,0,16.014114482203524
638,0.8861693290509883,26585.07987152965,15.958981108794159,15.0,12.78722521239521,0,0,16.014114482203524
639,0.8863731643212877,26591.19492963863,15.84873069918384,15.0,12.60587728794199,0,0,16.014114482203524
640,0.8866010596789615,26598.031790368845,15.738529296357692,15.0,12.424609973425959,0,0,16.014114482203524
641,0.8868530079245035,26605.590237735105,15.628409555369734,15.0,12.243476982264514,0,0,16.014114482203524
642,0.8871289947310175,26613.869841930526,15.518404107075794,15.0,12.062531988072088,0,0,16.014114482203524
643,0.8874289986484629,26622.86995945389,15.40854554846431,15.0,11.881828608755573,0,0,16.014114482203524
644,0.8877529911100108,26632.589733300323,15.29886643299713,15.0,11.701420390626138,0,0,16.014114482203524
645,0.8881009364405088,26643.028093215264,15.189399260963246,15.0,11.521360792532363,0,0,16.014114482203524
646,0.8884727918670527,26654.183756011582,15.080176469848238,15.0,11.341703170019189,0,0,16.014114482203524
647,0.8888685075316608,26666.055225949825,14.971230424722327,15.0,11.162500759517473,0,0,16.014114482203524
648,0.8892880265060479,26678.640795181436,14.862593408649929,15.0,10.983806662568952,0,0,16.014114482203524
649,0.8897312848084943,26691.93854425483,14.754297613123471,15.0,10.80567383009107,0,0,16.014114482203524
650,0.8901982114228053,26705.946342684158,14.64637512852441,15.0,10.628155046686546,0,0,16.014114482203524
651,0.8906887283193542,26720.661849580625,14.538857934614075,15.0,10.451302915002056,0,0,16.014114482203524
652,0.8912027504782047,26736.08251434614,14.431777891057434,15.0,10.275169840140997,0,0,16.014114482203524
653,0.8917401859143043,26752.20557742913,14.32516672798236,15.0,10.099808014134696,0,0,16.014114482203524
654,0.8923009357047408,26769.028071142224,14.219056036577351,15.0,9.925269400476857,0,0,16.014114482203524
655,0.8928848940180557,26786.546820541673,14.113477259730315,15.0,9.751605718725534,0,0,16.014114482203524
656,0.8934919481456046,26804.758444368137,14.008461682711399,15.0,9.578868429177586,0,0,16.014114482203524
657,0.8941219785349543,26823.65935604863,13.904040423902515,15.0,9.407108717619916,0,0,16.014114482203524
658,0.8947748588253098,26843.245764759296,13.800244425576231,15.0,9.236377480161918,0,0,16.014114482203524
659,0.8954504558849575,26863.513676548726,13.697104444726959,15.0,9.066725308153938,0,0,16.014114482203524
660,0.8961486298507141,26884.458895521424,13.594651043956949,15.0,8.898202473195909,0,0,16.014114482203524
661,0.8968692341693725,26906.077025081173,13.492914582420003,15.0,8.730858912240894,0,0,16.014114482203524
662,0.8976121156411272,26928.363469233816,13.3919252068253,15.0,8.564744212797532,0,0,16.014114482203524
663,0.898377114464972,26951.313433949163,13.291712842504392,15.0,8.399907598236371,0,0,16.014114482203524
664,0.8991640642860521,26974.921928581563,13.192307184543548,15.0,8.236397913203705,0,0,16.014114482203524
665,0.899972792244958,26999.18376734874,13.093737688984598,15.0,8.074263609148083,0,0,16.014114482203524
666,0.900803119028948,27024.09357086844,12.996033564096361,15.0,7.913552729962914,0,0,16.014114482203524
667,0.9016548589250827,27049.64576775248,12.899223761719691,15.0,7.754312897750156,0,0,16.014114482203524
668,0.9025278198752551,27075.834596257653,12.803336968688349,15.0,7.596591298708754,0,0,16.014114482203524
669,0.9034218035331021,27102.654105993064,12.708401598328503,15.0,7.440434669152395,0,0,16.014114482203524
670,0.9043366053227787,27130.098159683363,12.61444578203929,15.0,7.285889281660594,0,0,16.014114482203524
671,0.9052720144995781,27158.16043498734,12.521497360956792,15.0,7.133000931367,0,0,16.014114482203524
672,0.9062278142123796,27186.834426371388,12.429583877704173,15.0,6.981814922389415,0,0,16.014114482203524
673,0.9072037815679069,27216.11344703721,12.33873256823016,15.0,6.83237605440514,0,0,16.014114482203524
674,0.9081996876967762,27245.990630903285,12.248970353738509,15.0,6.684728609375945,0,0,16.014114482203524
675,0.9092152978213143,27276.458934639428,12.160323832710587,15.0,6.538916338426272,0,0,16.014114482203524
676,0.9102503713251291,27307.51113975387,12.07281927302372,15.0,6.394982448878889,0,0,16.014114482203524
677,0.9113046618244091,27339.13985473227,11.986482604167445,15.0,6.252969591451601,0,0,16.014114482203524
678,0.9123779172409323,27371.33751722797,11.901339409560046,15.0,6.112919847618967,0,0,16.014114482203524
679,0.9134698798767628,27404.096396302884,11.817414918967646,15.0,5.974874717142635,0,0,16.014114482203524
680,0.9145802864906113,27437.408594718338,11.73473400102801,15.0,5.838875105773965,0,0,16.014114482203524
681,0.91570886837584,27471.2660512752,11.653321155881546,15.0,5.70496131313296,0,0,16.014114482203524
682,0.916855351440086,27505.66054320258,11.573200507911292,15.0,5.573173020766452,0,0,16.014114482203524
683,0.9180194562864805,27540.583688594415,11.494395798594404,15.0,5.443549280389715,0,0,16.014114482203524
684,0.9192008982964408,27576.026948893224,11.416930379466987,15.0,5.316128502314521,0,0,16.014114482203524
685,0.9203993877140081,27611.981631420244,11.340827205204569,15.0,5.190948444067381,0,0,16.014114482203524
686,0.9216146297317088,27648.438891951264,11.266108826820119,15.0,5.068046199201144,0,0,16.014114482203524
687,0.9228463245779126,27685.389737337377,11.19279738498172,15.0,4.9474581863034395,0,0,16.014114482203524
688,0.9240941676056607,27722.82502816982,11.120914603451773,15.0,4.829220138204979,0,0,16.014114482203524
689,0.9253578493829397,27760.73548148819,11.050481782649795,15.0,4.713367091391188,0,0,16.014114482203524
690,0.9266370557843732,27799.111673531195,10.981519793340668,15.0,4.599933375620172,0,0,16.014114482203524
691,0.927931468084303,27837.944042529092,10.914049070450144,15.0,4.488952603750008,0,0,16.014114482203524
692,0.9292407630512358,27877.222891537076,10.848089607009545,15.0,4.380457661778556,0,0,16.014114482203524
693,0.9305646130436223,27916.938391308668,10.783660948231407,15.0,4.274480699098628,0,0,16.014114482203524
694,0.9319026861069448,27957.080583208346,10.720782185717827,15.0,4.171053118971457,0,0,16.014114482203524
695,0.9332546460720835,27997.639382162506,10.659471951803159,15.0,4.070205569221173,0,0,16.014114482203524
696,0.9346201526549293,28038.60457964788,10.599748414032904,15.0,3.971967933153236,0,0,16.014114482203524
697,0.9359988615572181,28079.965846716543,10.541629269780229,15.0,3.876369320699345,0,0,16.014114482203524
698,0.9373904245685537,28121.712737056612,10.485131741001906,15.0,3.7834380597915764,0,0,16.014114482203524
699,0.9387944896695899,28163.834690087697,10.430272569135015,15.0,3.6932016879681395,0,0,16.014114482203524
700,0.9402107011363414,28206.321034090244,10.37706801013615,15.0,3.605686944213484,0,0,16.014114482203524
701,0.9416386996455929,28249.160989367785,10.325533829664385,15.0,3.5209197610348983,0,0,16.014114482203524
702,0.9430781223813736,28292.343671441206,10.275685298409588,15.0,3.438925256778176,0,0,16.014114482203524
703,0.9445286031424679,28335.858094274037,10.2275371875674,15.0,3.35972772818453,0,0,16.014114482203524
704,0.945989772450929,28379.69317352787,10.181103764462177,15.0,3.2833506431908974,0,0,16.014114482203524
705,0.9474612576615626,28423.83772984688,10.136398788319303,15.0,3.2098166339759144,0,0,16.014114482203524
706,0.9489426830723501,28468.280492170503,10.093435506188015,15.0,3.1391474902535,0,0,16.014114482203524
707,0.9504336700357768,28513.010101073305,10.052226649016045,15.0,3.071364152816117,0,0,16.014114482203524
708,0.9519338370710339,28558.015112131015,10.012784427877126,15.0,3.0064867073295236,0,0,16.014114482203524
709,0.9534427999770587,28603.283999311763,9.975120530352608,15.0,2.9445343783809825,0,0,16.014114482203524
710,0.9549601719463828,28648.805158391486,9.939246117068192,15.0,2.885525523782616,0,0,16.014114482203524
711,0.9564855636797506,28694.566910392517,9.905171818386762,15.0,2.8294776291315475,0,0,16.014114482203524
712,0.9580185835014771,28740.55750504431,9.872907731258403,15.0,2.776407302628578,0,0,16.014114482203524
713,0.9595588374755102,28786.765124265305,9.842463416228442,15.0,2.7263302701567937,0,0,16.014114482203524
714,0.9611059295221626,28833.177885664878,9.81384789460447,15.0,2.6792613706216803,0,0,16.014114482203524
715,0.9626594615354782,28879.783846064347,9.787069645783117,15.0,2.6352145515539918,0,0,16.014114482203524
716,0.9642190335012001,28926.571005036003,9.76213660473743,15.0,2.5942028649768267,0,0,16.014114482203524
717,0.9657842436153029,28973.527308459088,9.739056159665566,15.0,2.556238463538022,0,0,16.014114482203524
718,0.9673546884030563,29020.64065209169,9.717835149801523,15.0,2.521332596909068,0,0,16.014114482203524
719,0.968929962838583,29067.89888515749,9.698479863388503,15.0,2.4894956084515685,0,0,16.014114482203524
720,0.9705096604648772,29115.289813946314,9.680996035815605,15.0,2.4607369321523116,0,0,16.014114482203524
721,0.9720933735142457,29162.80120542737,9.665388847918257,15.0,2.435065089827742,0,0,16.014114482203524
722,0.9736806930291394,29210.42079087418,9.651662924443068,15.0,2.412487688598784,0,0,16.014114482203524
723,0.9752712089833351,29258.136269500053,9.639822332677397,15.0,2.3930114186366858,0,0,16.014114482203524
724,0.9768645104034359,29305.935312103076,9.62987058124412,15.0,2.3766420511805664,0,0,16.014114482203524
725,0.9784601854906512,29353.805564719536,9.621810619061966,15.0,2.3633844368272836,0,0,16.014114482203524
726,0.9800578217428216,29401.73465228465,9.615644834471675,15.0,2.3532425040940916,0,0,16.014114482203524
727,0.9816570060766524,29449.710182299572,9.611375054528295,15.0,2.3462192582545436,0,0,16.014114482203524
728,0.9832573249501184,29497.719748503554,9.609002544459766,15.0,2.342316780447953,0,0,16.014114482203524
729,0.9848583644850063,29545.75093455019,9.60852800729203,15.0,2.3415362270627176,0,0,16.014114482203524
730,0.986459710589555,29593.79131768665,9.609951583640688,15.0,2.34387782939365,0,0,16.014114482203524
731,0.9880609490811604,29641.828472434812,9.613272851669345,15.0,2.3493408935734448,0,0,16.014114482203524
732,0.9896616658091062,29689.849974273187,9.618490827214604,15.0,2.357923800778282,0,0,16.014114482203524
733,0.9912614467772862,29737.843403318588,9.625603964077701,15.0,2.3696240077075252,0,0,16.014114482203524
734,0.9928598782668798,29785.796348006395,9.634610154482669,15.0,2.384438047337343,0,0,16.014114482203524
735,0.994456546958946,29833.69640876838,9.645506729700921,15.0,2.4023615299480907,0,0,16.014114482203524
736,0.9960510400568989,29881.531201706966,9.658290460842048,15.0,2.423389144425039,0,0,16.014114482203524
737,0.997642945408828,29929.28836226484,9.672957559810623,15.0,2.4475146598322146,0,0,16.014114482203524
738,0.9992318516296279,29976.955548888836,9.689503680428679,15.0,2.474730927258725,0,0,16.014114482203524
739,1.0,30000.0,9.707923919723582,15.0,2.505029881937162,0,0,16.014114482203524
740,1.0,30000.0,9.728212819380882,15.0,2.5384025456333426,0,0,16.014114482203524
741,1.0,30000.0,9.750364367361747,15.0,2.574839029306775,0,0,16.014114482203524
742,1.0,30000.0,9.774371999684442,15.0,2.6143285360409863,0,0,16.014114482203524
743,1.0,30000.0,9.800228602369378,15.0,2.656859364242879,0,0,16.014114482203524
744,1.0,30000.0,9.827926513547146,15.0,2.7024189111101578,0,0,16.014114482203524
745,1.0,30000.0,9.857457525728902,15.0,2.7509936763658365,0,0,16.014114482203524
746,1.0,30000.0,9.888812888238396,15.0,2.8025692662586392,0,0,16.014114482203524
747,1.0,30000.0,9.921983309805022,15.0,2.8571303978281932,0,0,16.014114482203524
748,1.0,30000.0,9.956958961316989,15.0,2.9146609034336803,0,0,16.014114482203524
749,1.0,30000.0,9.993729478733913,15.0,2.975143735544684,0,0,16.014114482203524
750,1.0,30000.0,10.032283966157914,15.0,3.0385609717927213,0,0,16.014114482203524
751,1.0,30000.0,10.072610999062306,15.0,3.104893820282052,0,0,16.014114482203524
752,1.0,30000.0,10.114698627676887,15.0,3.174122625158054,0,0,16.014114482203524
753,1.0,30000.0,10.158534380528987,15.0,3.2462268724317886,0,0,16.014114482203524
754,1.0,30000.0,10.204105268138996,15.0,3.3211851960586607,0,0,16.014114482203524
755,1.0,30000.0,10.25139778686939,15.0,3.398975384269618,0,0,16.014114482203524
756,1.0,30000.0,10.300397922926223,15.0,3.4795743861530557,0,0,16.014114482203524
757,1.0,30000.0,10.351091156511668,15.0,3.562958318485239,0,0,16.014114482203524
758,1.0,30000.0,10.403462466126584,15.0,3.6491024728074812,0,0,16.014114482203524
759,1.0,30000.0,10.45749633302164,15.0,3.737981322747671,0,0,16.014114482203524
760,1.0,30000.0,10.513176745795938,15.0,3.829568531584423,0,0,16.014114482203524
761,1.0,30000.0,10.570487205141498,15.0,3.9238369600511476,0,0,16.014114482203524
762,1.0,30000.0,10.629410728732353,15.0,4.020758674378017,0,0,16.014114482203524
763,1.0,30000.0,10.68992985625678,15.0,4.120304954569318,0,0,16.014114482203524
764,1.0,30000.0,10.752026654591191,15.0,4.222446302913854,0,0,16.014114482203524
765,1.0,30000.0,10.815682723114087,15.0,4.327152452725731,0,0,16.014114482203524
766,1.0,30000.0,10.88087919915854,15.0,4.434392377312992,0,0,16.014114482203524
767,1.0,30000.0,10.94759676360165,15.0,4.54413429917157,0,0,16.014114482203524
768,1.0,30000.0,11.015815646589187,15.0,4.65634569940159,0,0,16.014114482203524
769,1.0,30000.0,11.08551563339385,15.0,4.770993327343455,0,0,16.014114482203524
770,1.0,30000.0,11.156676070405284,15.0,4.888043210430684,0,0,16.014114482203524
771,1.0,30000.0,11.22927587125024,15.0,5.00746066425679,0,0,16.014114482203524
772,1.0,30000.0,11.303293523040892,15.0,5.129210302852963,0,0,16.014114482203524
773,1.0,30000.0,11.3787070927496,15.0,5.253256049173724,0,0,16.014114482203524
774,1.0,30000.0,11.455494233708077,15.0,5.379561145787291,0,0,16.014114482203524
775,1.0,30000.0,11.533632192229266,15.0,5.50808816576766,0,0,16.014114482203524
776,1.0,30000.0,11.613097814349713,15.0,5.638799023784983,0,0,16.014114482203524
777,1.0,30000.0,11.69386755269055,15.0,5.7716549873910346,0,0,16.014114482203524
778,1.0,30000.0,11.77591747343517,15.0,5.906616688496543,0,0,16.014114482203524
779,1.0,30000.0,11.85922326342127,15.0,6.043644135036759,0,0,16.014114482203524
780,1.0,30000.0,11.943760237345403,15.0,6.182696722821994,0,0,16.014114482203524
781,1.0,30000.0,12.029503345077718,15.0,6.323733247569455,0,0,16.014114482203524
782,1.0,30000.0,12.116427179084912,15.0,6.466711917113061,0,0,16.014114482203524
783,1.0,30000.0,12.204505981959002,15.0,6.611590363787288,0,0,16.014114482203524
784,1.0,30000.0,12.29371365404981,15.0,6.758325656981672,0,0,16.014114482203524
785,1.0,30000.0,12.384023761198815,15.0,6.906874315861998,0,0,16.014114482203524
786,1.0,30000.0,12.475409542572228,15.0,7.0571923222547195,0,0,16.014114482203524
787,1.0,30000.0,12.567843918590782,15.0,7.209235133690442,0,0,16.014114482203524
788,1.0,30000.0,12.661299498953925,15.0,7.362957696602719,0,0,16.014114482203524
789,1.0,30000.0,12.755748590756268,15.0,7.5183144596785745,0,0,16.014114482203524
790,1.0,30000.0,12.851163206693553,15.0,7.675259387356265,0,0,16.014114482203524
791,1.0,30000.0,12.947515073355866,15.0,7.8337459734665895,0,0,16.014114482203524
792,1.0,30000.0,13.044775639605643,15.0,7.993727255013594,0,0,16.014114482203524
793,1.0,30000.0,13.14291608503806,15.0,8.155155826090914,0,0,16.014114482203524
794,1.0,30000.0,13.241907328521084,15.0,8.317983851929004,0,0,16.014114482203524
795,1.0,30000.0,13.341720036812903,15.0,8.482163083069763,0,0,16.014114482203524
796,1.0,30000.0,13.442324633253868,15.0,8.647644869663644,0,0,16.014114482203524
797,1.0,30000.0,13.543691306530846,15.0,8.814380175885915,0,0,16.014114482203524
798,1.0,30000.0,13.645790019510887,15.0,8.982319594466922,0,0,16.014114482203524
799,1.0,30000.0,13.748590518141839,15.0,9.151413361332478,0,0,16.014114482203524
800,1.0,30000.0,13.852062340417357,15.0,9.321611370350132,0,0,16.014114482203524
801,1.0,30000.0,13.95617482540339,15.0,9.492863188176639,0,0,16.014114482203524
802,1.0,30000.0,14.060897122323722,15.0,9.665118069202478,0,0,16.014114482203524
803,1.0,30000.0,14.166198199701658,15.0,9.8383249705888,0,0,16.014114482203524
804,1.0,30000.0,14.272046854555398,15.0,10.012432567392631,0,0,16.014114482203524
805,1.0,30000.0,14.37841172164412,15.0,10.187389267775508,0,0,16.014114482203524
806,1.0,30000.0,14.485261282762142,15.0,10.363143228291195,0,0,16.014114482203524
807,1.0,30000.0,14.592563876078511,15.0,10.53964236924813,0,0,16.014114482203524
808,1.0,30000.0,14.700287705519052,15.0,10.716834390141681,0,0,16.014114482203524
809,1.0,30000.0,14.808400850188239,15.0,10.89466678515196,0,0,16.014114482203524
810,1.0,30000.0,14.916871273828011,15.0,11.073086858702354,0,0,20.014114482203524
811,1.0,30000.0,18.778772721248025,15.0,11.252041741074462,0,0,20.014114482203524
812,1.0,30000.0,18.91510925778303,15.0,11.43147840407448,0,0,20.014114482203524
813,1.0,30000.0,19.05177145328452,15.0,11.61134367674662,0,0,20.014114482203524
814,1.0,30000.0,19.18871881179453,15.0,11.791584261128735,0,0,20.014114482203524
815,1.0,30000.0,19.32591075285518,15.0,11.972146748045784,0,0,20.014114482203524
816,1.0,30000.0,19.4633066235335,15.0,12.152977632936057,0,0,20.014114482203524
817,1.0,30000.0,19.60086571046774,15.0,12.334023331705673,0,0,20.014114482203524
818,1.0,30000.0,19.738547251931685,15.0,12.515230196606815,0,0,20.014114482203524
819,1.0,30000.0,19.876310449913184,15.0,12.696544532134652,0,0,20.014114482203524
820,1.0,30000.0,20.014114482203535,15.0,12.87791261093852,0,0,20.014114482203524
821,1.0,30000.0,20.151918514493843,15.0,13.05928068974233,0,0,20.014114482203524
822,1.0,30000.0,20.289681712475346,15.0,13.240595025270167,0,0,20.014114482203524
823,1.0,30000.0,20.427363253939287,15.0,13.42180189017131,0,0,20.014114482203524
824,1.0,30000.0,20.564922340873554,15.0,13.60284758894096,0,0,20.014114482203524
825,0.9999812815829834,29999.4384474895,20.702318211551862,15.0,13.783678473831216,0,0,20.014114482203524
826,0.9999376454813997,29998.129364441993,20.8395101526125,15.0,13.96424096074825,0,0,20.014114482203524
827,0.9998691254468302,29996.073763404904,20.976457511122536,15.0,14.144481545130402,0,0,20.014114482203524
828,0.9997757626045016,29993.27287813505,21.113119706624012,15.0,14.32434681780252,0,0,20.014114482203524
829,0.9996576054411015,29989.728163233045,21.24945624315902,15.0,14.503783480802538,0,0,20.014114482203524
830,0.9995147097904095,29985.441293712283,21.385426721269393,15.0,14.68273836317465,0,0,20.014114482203524
831,0.9993471388167532,29980.414164502596,21.52099084996801,15.0,14.861158436725058,0,0,20.014114482203524
832,0.9991549629962906,29974.64888988872,21.656108458677785,15.0,15.038990831735319,0,0,20.014114482203524
833,0.9989382600961271,29968.147802883814,21.790739509135197,15.0,15.216182852628872,0,0,20.014114482203524
834,0.9986971151512711,29960.913454538135,21.924844107254422,15.0,15.392681993585803,0,0,20.014114482203524
835,0.9984316204394365,29952.948613183093,22.058382514948836,15.0,15.56843595410151,0,0,20.014114482203524
836,0.9981418754536978,29944.256263610936,22.191315161906214,15.0,15.743392654484369,0,0,20.014114482203524
837,0.9978279868730102,29934.839606190308,22.32360265731436,15.0,15.917500251288203,0,0,20.014114482203524
838,0.9974900685305966,29924.7020559179,22.455205801533396,15.0,16.09070715267454,0,0,20.014114482203524
839,0.9971282413802169,29913.847241406507,22.586085597711435,15.0,16.26296203370036,0,0,20.014114482203524
840,0.9967426334603268,29902.279003809803,22.71620326334027,15.0,16.434213851526867,0,0,20.014114482203524
841,0.9963333798561371,29890.001395684114,22.8455202417474,15.0,16.604411860544523,0,0,20.014114482203524
842,0.9959006226595856,29877.01867978757,22.973998213521245,15.0,16.773505627410096,0,0,20.014114482203524
843,0.9954445109272315,29863.335327816945,23.101599107865972,15.0,16.941445045991088,0,0,20.014114482203524
844,0.9949652006360868,29848.956019082605,23.228285113882734,15.0,17.10818035221336,0,0,20.014114482203524
845,0.9944628546373975,29833.885639121923,23.354018691773852,15.0,17.273662138807236,0,0,20.014114482203524
846,0.9939376426083866,29818.129278251596,23.478762583966645,15.0,17.437841369947982,0,0,20.014114482203524
847,0.9933897410019755,29801.692230059267,23.60247982615364,15.0,17.60066939578609,0,0,20.014114482203524
848,0.9928193329944972,29784.579989834918,23.725133758245963,15.0,17.762097966863408,0,0,20.014114482203524
849,0.992226608431417,29766.79825294251,23.84668803523645,15.0,17.92207924841043,0,0,20.014114482203524
850,0.991611763771077,29748.35291313231,23.967106637969444,15.0,18.08056583452072,0,0,20.014114482203524
851,0.9909750020264817,29729.25006079445,24.086353883814134,15.0,18.23751076219841,0,0,20.014114482203524
852,0.9903165327051406,29709.495981154218,24.204394437238,15.0,18.392867525274283,0,0,20.014114482203524
853,0.9896365717469869,29689.09715240961,24.32119332027755,15.0,18.546590088186576,0,0,20.014114482203524
854,0.9889353414603896,29668.060243811688,24.436715922902998,15.0,18.698632899622265,0,0,20.014114482203524
855,0.9882130704562784,29646.39211368835,24.550928013274007,15.0,18.84895090601499,0,0,20.014114482203524
856,0.9874699935804019,29624.099807412058,24.663795747883306,15.0,18.997499564895318,0,0,20.014114482203524
857,0.9867063518437377,29601.19055531213,24.775285681585267,15.0,19.144234858089717,0,0,20.014114482203524
858,0.985922392351075,29577.67177053225,24.885364777506325,15.0,19.28911330476393,0,0,20.014114482203524
859,0.9851183682277932,29553.551046833796,24.994000416834705,15.0,19.432091974307532,0,0,20.014114482203524
860,0.9842945385448545,29528.836156345635,25.10116040848594,15.0,19.573128499055024,0,0,20.014114482203524
861,0.9834511682420357,29503.53504726107,25.206812998641745,15.0,19.712181086840243,0,0,20.014114482203524
862,0.9825885280494212,29477.655841482636,25.31092688015952,15.0,19.849208533380455,0,0,20.014114482203524
863,0.9817068944071795,29451.206832215386,25.413471201849198,15.0,19.984170234485955,0,0,20.014114482203524
864,0.9808065493836485,29424.196481509454,25.51441557761521,15.0,20.117026198092034,0,0,20.014114482203524
865,0.9798877805917515,29396.633417752546,25.613730095460415,15.0,20.247737056109344,0,0,20.014114482203524
866,0.9789508811037728,29368.526433113184,25.71138532634981,15.0,20.37626407608971,0,0,20.014114482203524
867,0.9779961493645124,29339.884480935372,25.807352332930908,15.0,20.50256917270328,0,0,20.014114482203524
868,0.977023889102852,29310.71667308556,25.901602678108528,15.0,20.626614919024043,0,0,20.014114482203524
869,0.9760344092417523,29281.03227725257,25.994108433471297,15.0,20.748364557620214,0,0,20.014114482203524
870,0.975028023806713,29250.840714201393,26.08484218756746,15.0,20.867782011446316,0,0,20.014114482203524
871,0.9740050518327206,29220.151554981618,26.173777054027504,15.0,20.98483189453356,0,0,20.014114482203524
872,0.9729658172697104,29188.974518091312,26.2608866795311,15.0,21.099479522475413,0,0,20.014114482203524
873,0.9719106488865743,29157.31946659723,26.34614525161624,15.0,21.211690922705436,0,0,20.014114482203524
874,0.9708398801737388,29125.196405212162,26.429527506327986,15.0,21.321432844564015,0,0,20.014114482203524
875,0.9697538492443446,29092.61547733034,26.511008735704745,15.0,21.428672769151287,0,0,20.014114482203524
876,0.9686528987340571,29059.586962021713,26.59056479509972,15.0,21.53337891896315,0,0,20.014114482203524
877,0.9675373756995349,29026.12127098605,26.668172110335558,15.0,21.63552026730769,0,0,20.014114482203524
878,0.9664076315155904,28992.228945467712,26.743807684689855,15.0,21.735066547498988,0,0,20.014114482203524
879,0.9652640217710694,28957.92065313208,26.817449105709592,15.0,21.83198826182586,0,0,20.014114482203524
880,0.9641069061634823,28923.20718490447,26.889074551852392,15.0,21.926256690292583,0,0,20.014114482203524
881,0.9629366483924187,28888.09945177256,26.958662798952766,15.0,22.017843899129332,0,0,20.014114482203524
882,0.9617536160517745,28852.608481553234,27.026193226511257,15.0,22.106722749069533,0,0,20.014114482203524
883,0.9605581805208263,28816.745415624788,27.09164582380476,15.0,22.19286690339176,0,0,20.014114482203524
884,0.9593507168541838,28780.521505625515,27.155001195816105,15.0,22.276250835723953,0,0,20.014114482203524
885,0.9581316036706529,28743.948110119585,27.216240568981245,15.0,22.35684983760739,0,0,20.014114482203524
886,0.9569012230410426,28707.03669123128,27.275345796752276,15.0,22.434640025818354,0,0,20.014114482203524
887,0.9556599603749495,28669.798811248485,27.33229936497459,15.0,22.509598349445213,0,0,20.014114482203524
888,0.9544082043065525,28632.246129196574,27.387084397076773,15.0,22.581702596718944,0,0,20.014114482203524
889,0.9531463465794519,28594.390397383555,27.439684659071457,15.0,22.650931401594956,0,0,20.014114482203524
890,0.9518747819305874,28556.243457917622,27.49008456436581,15.0,22.717264250084277,0,0,20.014114482203524
891,0.9505939079732694,28517.81723919808,27.538269178380165,15.0,22.78068148633232,0,0,20.014114482203524
892,0.9493041250793571,28479.123752380714,27.584224222973486,15.0,22.84116431844332,0,0,20.014114482203524
893,0.9480058362606202,28440.175087818607,27.627936080674274,15.0,22.898694824048818,0,0,20.014114482203524
894,0.9466994470493171,28400.983411479512,27.6693917987157,15.0,22.953255955618367,0,0,20.014114482203524
895,0.9453853653780274,28361.560961340823,27.708579092873826,15.0,23.004831545511166,0,0,20.014114482203524
896,0.9440640014587729,28321.920043763188,27.745486351107665,15.0,23.053406310766846,0,0,20.014114482203524
897,0.9427357676614624,28282.073029843872,27.780102637000084,15.0,23.098965857634134,0,0,20.014114482203524
898,0.9414010783916977,28242.03235175093,27.812417692998483,15.0,23.14149668583602,0,0,20.014114482203524
899,0.9400603499679768,28201.810499039304,27.842421943454355,15.0,23.180986192570234,0,0,20.014114482203524
900,0.9387140004983292,28161.420014949876,27.87010649746074,15.0,23.217422676243665,0,0,20.014114482203524
901,0.9373624497564214,28120.87349269264,27.895463151486815,15.0,23.25079533993985,0,0,20.014114482203524
902,0.9360061190571691,28080.183571715075,27.91848439180875,15.0,23.281094294618285,0,0,20.014114482203524
903,0.9346454311318931,28039.362933956792,27.939163396736188,15.0,23.308310562044795,0,0,20.014114482203524
904,0.9332808100030536,27998.42430009161,27.95749403863369,15.0,23.33243607745197,0,0,20.014114482203524
905,0.9319126808586046,27957.380425758136,27.973470885736454,15.0,23.353463691928923,0,0,20.014114482203524
906,0.930541469926,27916.24409778,27.98708920375987,15.0,23.371387174539667,0,0,20.014114482203524
907,0.9291676043458947,27875.028130376842,27.998344957302397,15.0,23.386201214169485,0,0,20.014114482203524
908,0.9277915120455729,27833.745361367186,28.00723481104135,15.0,23.397901421098727,0,0,20.014114482203524
909,0.9264136216121436,27792.408648364308,28.013756130721198,15.0,23.406484328303563,0,0,20.014114482203524
910,0.9250343621655419,27751.03086496626,28.01790698393419,15.0,23.41194739248336,0,0,20.014114482203524
911,0.9236541632313708,27709.624896941124,28.019686140692926,15.0,23.414288994814292,0,0,20.014114482203524
912,0.9222734546136239,27668.203638408715,28.019093073794867,15.0,23.41350844142906,0,0,20.014114482203524
913,0.9208926662673248,27626.779988019745,28.01612795897853,15.0,23.409605963622468,0,0,20.014114482203524
914,0.9195122281711229,27585.366845133685,28.01079167487143,15.0,23.40258271778292,0,0,20.014114482203524
915,0.9181325701998803,27543.977105996408,28.003085802729714,15.0,23.39244078504973,0,0,20.014114482203524
916,0.9167541219972917,27502.62365991875,27.993012625969605,15.0,23.379183170696443,0,0,20.014114482203524
917,0.9153773128485709,27461.31938545713,27.980575129490774,15.0,23.36281380324033,0,0,20.014114482203524
918,0.9140025715532452,27420.077146597356,27.965776998791846,15.0,23.343337533278227,0,0,20.014114482203524
919,0.9126303262980916,27378.909788942747,27.94862261887832,15.0,23.32076013204927,0,0,20.014114482203524
920,0.911261004530257,27337.830135907712,27.929117072963194,15.0,23.2950882897247,0,0,20.014114482203524
921,0.9098950328305959,27296.850984917877,27.907266140960676,15.0,23.266329613425448,0,0,20.014114482203524
922,0.908532836787265,27255.98510361795,27.883076297773503,15.0,23.23449262496794,0,0,20.014114482203524
923,0.9071748408696128,27215.245226088384,27.85655471137427,15.0,23.199586758338988,0,0,20.014114482203524
924,0.9058214683024,27174.644049071998,27.827709240681415,15.0,23.16162235690019,0,0,20.014114482203524
925,0.9044731409403884,27134.194228211654,27.796548433230434,15.0,23.120610670323025,0,0,20.014114482203524
926,0.9031302791433372,27093.908374300117,27.76308152264108,15.0,23.07656385125533,0,0,20.014114482203524
927,0.9017933016514402,27053.799049543206,27.72731842588125,15.0,23.029494951720217,0,0,20.014114482203524
928,0.9004626254612447,27013.87876383734,27.689269740328328,15.0,22.97941791924844,0,0,20.014114482203524
929,0.8991386657020864,26974.159971062592,27.648946740629004,15.0,22.926347592745476,0,0,20.014114482203524
930,0.8978218355130778,26934.655065392333,27.606361375358333,15.0,22.870299698094392,0,0,20.014114482203524
931,0.8965125459206853,26895.37637762056,27.561526263479113,15.0,22.811290843496025,0,0,20.014114482203524
932,0.8952112057169342,26856.33617150803,27.514454690602626,15.0,22.749338514547496,0,0,20.014114482203524
933,0.8939182213382745,26817.546640148234,27.46516060505177,15.0,22.68446106906089,0,0,20.014114482203524
934,0.8926339967451444,26779.019902354332,27.41365861372798,15.0,22.616677731623508,0,0,20.014114482203524
935,0.8913589333022691,26740.767999068074,27.35996397778278,15.0,22.5460085879011,0,0,20.014114482203524
936,0.890093429659727,26702.802889791812,27.30409260809563,15.0,22.472474578686125,0,0,20.014114482203524
937,0.8888378816348215,26665.136449044643,27.246061060559143,15.0,22.396097493692476,0,0,20.014114482203524
938,0.8875926820947913,26627.780462843737,27.185886531173317,15.0,22.31689996509883,0,0,20.014114482203524
939,0.886358220840396,26590.74662521188,27.12358685094986,15.0,22.234905460842118,0,0,20.014114482203524
940,0.8851348844904094,26554.046534712284,27.059180480628562,15.0,22.15013827766353,0,0,20.014114482203524
941,0.883923056367056,26517.69169101168,26.992686505206947,15.0,22.06262353390887,0,0,20.014114482203524
942,0.8827231163824242,26481.693491472724,26.924124628285007,15.0,21.972387162085436,0,0,20.014114482203524
943,0.8815354409258903,26446.06322777671,26.853515166226547,15.0,21.87945590117767,0,0,20.014114482203524
944,0.8803604027525869,26410.812082577606,26.780879042139052,15.0,21.78385728872378,0,0,20.014114482203524
945,0.8791983708729461,26375.95112618838,26.706237779673714,15.0,21.685619652655845,0,0,20.014114482203524
946,0.8780497104433547,26341.49131330064,26.62961349664748,15.0,21.584772102905557,0,0,20.014114482203524
947,0.8769147826579504,26307.44347973851,26.55102889848911,15.0,21.48134452277839,0,0,20.014114482203524
948,0.875793944641592,26273.81833924776,26.470507271511025,15.0,21.37536756009846,0,0,20.014114482203524
949,0.8746875493440355,26240.626480321065,26.388072476009096,15.0,21.26687261812701,0,0,20.014114482203524
950,0.8735959454353478,26207.878363060434,26.30374893919233,15.0,21.155891846256843,0,0,20.014114482203524
951,0.8725194772025878,26175.584316077635,26.217561647944528,15.0,21.04245813048583,0,0,20.014114482203524
952,0.8714584844477874,26143.75453343362,26.129536141420154,15.0,20.92660508367204,0,0,20.014114482203524
953,0.87041330238726,26112.3990716178,26.039698503476547,15.0,20.808367035573575,0,0,20.014114482203524
954,0.8693842615522694,26081.527846568082,25.94807535494469,15.0,20.687779022675873,0,0,20.014114482203524
955,0.8683716876910855,26051.150630732565,25.854693845740865,15.0,20.564876777809637,0,0,20.014114482203524
956,0.8673759016724589,26021.27705017377,25.75958164682161,15.0,20.439696719562498,0,0,20.014114482203524
957,0.8663972193905399,25991.9165817162,25.662766941984138,15.0,20.3122759414873,0,0,20.014114482203524
958,0.8654359516712725,25963.078550138176,25.564278419514928,15.0,20.182652201110564,0,0,20.014114482203524
959,0.86449240418029,25934.7721254087,25.46414526368874,15.0,20.050863908744056,0,0,20.014114482203524
960,0.8635668773323395,25907.006319970184,25.3623971461207,15.0,19.916950116103052,0,0,20.014114482203524
961,0.8626596662022629,25879.789986067884,25.259064216973957,15.0,19.780950504734395,0,0,20.014114482203524
962,0.8617710604375594,25853.13181312678,25.154177096025514,15.0,19.642905374258053,0,0,20.014114482203524
963,0.8609013441725568,25827.040325176706,25.047766863592933,15.0,19.502855630425405,0,0,20.014114482203524
964,0.8600507959442169,25801.523878326505,24.93986505132467,15.0,19.360842772998147,0,0,20.014114482203524
965,0.8592196886095981,25776.590658287943,24.83050363285636,15.0,19.216908883450763,0,0,20.014114482203524
966,0.8584082892650028,25752.248677950083,24.719715014336494,15.0,19.07109661250106,0,0,20.014114482203524
967,0.8576168591668303,25728.50577500491,24.607532024823804,15.0,18.923449167471865,0,0,20.014114482203524
968,0.8568456536541614,25705.369609624842,24.49398790655918,15.0,18.77401029948762,0,0,20.014114482203524
969,0.8560949220730957,25682.84766219287,24.379116305115318,15.0,18.622824290510035,0,0,20.014114482203524
970,0.855364907702865,25660.94723108595,24.26295125942685,15.0,18.469935940216413,0,0,20.014114482203524
971,0.8546558476837443,25639.67543051233,24.145527191703906,15.0,18.315390552724608,0,0,20.014114482203524
972,0.8539679729467824,25619.039188403473,24.02687889723195,15.0,18.159233923168266,0,0,20.014114482203524
973,0.8533015081453714,25599.045244361143,23.907041534061285,15.0,18.001512324126878,0,0,20.014114482203524
974,0.852656671588678,25579.70014766034,23.786050612588866,15.0,17.842272491914088,0,0,20.014114482203524
975,0.8520336751769526,25561.010255308578,23.663941985035994,15.0,17.681561612728935,0,0,20.014114482203524
976,0.8514327243387396,25542.981730162188,23.540751834824302,15.0,17.519427308673315,0,0,20.014114482203524
977,0.8508540179700042,25525.620539100124,23.41651666585395,15.0,17.35591762364065,0,0,20.014114482203524
978,0.850297748375195,25508.93245125585,23.291273291686743,15.0,17.191081009079472,0,0,20.014114482203524
979,0.8497641012102605,25492.923036307813,23.1650588246374,15.0,17.024966309636124,0,0,20.014114482203524
980,0.8492532554276349,25477.597662829045,23.037910664776454,15.0,16.85762274868111,0,0,20.014114482203524
981,0.8487653832232109,25462.961496696327,22.909866488847726,15.0,16.689099913723084,0,0,20.014114482203524
982,0.8483006499853141,25449.01949955942,22.780964239103994,15.0,16.5194477417151,0,0,20.014114482203524
983,0.8478592142456944,25435.776427370834,22.65124211206379,15.0,16.348716504257105,0,0,20.014114482203524
984,0.8474412276325511,25423.236828976533,22.520738547192984,15.0,16.176956792699432,0,0,20.014114482203524
985,0.8470468348256005,25411.405044768017,22.389492215514323,15.0,16.004219503151486,0,0,20.014114482203524
986,0.8466761735132052,25400.285205396158,22.25754200814845,15.0,15.830555821400166,0,0,20.014114482203524
987,0.846329374351574,25389.88123054722,22.12492702478951,15.0,15.656017207742325,0,0,20.014114482203524
988,0.846006560926045,25380.19682778135,21.99168656211912,15.0,15.480655381736025,0,0,20.014114482203524
989,0.8457078497144653,25371.23549143396,21.857860102161965,15.0,15.304522306874969,0,0,20.014114482203524
990,0.845433350052676,25363.000501580278,21.723487300586324,15.0,15.127670175190476,0,0,20.014114482203524
991,0.845183164102113,25355.49492306339,21.58860797495331,15.0,14.950151391785955,0,0,20.014114482203524
992,0.8449573868195352,25348.72160458606,21.45326209291803,15.0,14.772018559308073,0,0,20.014114482203524
993,0.8447561059288866,25342.6831778666,21.31748976038636,15.0,14.59332446235955,0,0,20.014114482203524
994,0.8445794018953009,25337.382056859027,21.181331209630617,15.0,14.414122051857834,0,0,20.014114482203524
995,0.8444273479012592,25332.820437037775,21.044826787367946,15.0,14.234464429344657,0,0,20.014114482203524
996,0.8443000098249037,25329.00029474711,20.908016942804636,15.0,14.054404831250885,0,0,20.014114482203524
997,0.844197446220517,25325.92338661551,20.77094221565028,15.0,13.873996613121466,0,0,20.014114482203524
998,0.8441197083011704,25323.591249035115,20.63364322410482,15.0,13.693293233804951,0,0,20.014114482203524
999,0.8440668399235498,25322.005197706494,20.496160652822574,15.0,13.51234823961249,0,0,20.014114482203524
1000,0.8440388775749584,25321.166327248753,20.358535240856618,15.0,13.331215248451059,0,0,20.014114482203524
1001,0.8440358503625057,25321.075510875173,20.220807769586646,15.0,13.149947933935051,0,0,20.014114482203524
1002,0.8440577800044825,25321.733400134475,20.083019050634814,15.0,12.968600009481829,0,0,20.014114482203524
1003,0.8441046808239248,25323.14042471774,19.945209913772246,15.0,12.787225212395192,0,0,20.014114482203524
1004,0.8441765597443694,25325.296792331083,19.807421194820414,15.0,12.605877287941976,0,0,20.014114482203524
1005,0.8442734162878035,25328.202488634106,19.66969372355046,15.0,12.42460997342598,0,0,20.014114482203524
1006,0.8443952425748051,25331.857277244155,19.53206831158448,15.0,12.243476982264536,0,0,20.014114482203524
1007,0.8445420233268782,25336.260699806346,19.394585740302244,15.0,12.062531988072072,0,0,20.014114482203524
1008,0.8447137358709805,25341.412076129414,19.257286748756783,15.0,11.881828608755557,0,0,20.014114482203524
1009,0.8449103501462414,25347.310504387242,19.12021202160242,15.0,11.70142039062614,0,0,20.014114482203524
1010,0.8451318287128702,25353.954861386104,18.983402177039117,15.0,11.521360792532366,0,0,20.014114482203524
1011,0.8453781267632497,25361.343802897492,18.84689775477644,15.0,11.341703170019192,0,0,20.014114482203524
1012,0.8456491921352146,25369.47576405644,18.7107392040207,15.0,11.162500759517474,0,0,20.014114482203524
1013,0.845944965327507,25378.34895982521,18.574966871489032,15.0,10.983806662568956,0,0,20.014114482203524
1014,0.846265379517409,25387.96138552227,18.43962098945375,15.0,10.805673830091072,0,0,20.014114482203524
1015,0.8466103605805434,25398.310817416303,18.304741663820735,15.0,10.628155046686548,0,0,20.014114482203524
1016,0.8469798271128379,25409.394813385137,18.170368862245095,15.0,10.451302915002058,0,0,20.014114482203524
1017,0.8473736904546474,25421.210713639422,18.036542402287942,15.0,10.275169840140999,0,0,20.014114482203524
1018,0.8477918547170259,25433.755641510776,17.90330193961755,15.0,10.099808014134698,0,0,20.014114482203524
1019,0.8482342168101396,25447.026504304187,17.770686956258608,15.0,9.925269400476859,0,0,20.014114482203524
1020,0.8487006664738158,25461.019994214475,17.638736748892736,15.0,9.751605718725536,0,0,20.014114482203524
1021,0.8491910863102146,25475.732589306437,17.507490417214065,15.0,9.57886842917757,0,0,20.014114482203524
1022,0.8497053518186162,25491.160554558486,17.376986852343254,15.0,9.4071087176199,0,0,20.014114482203524
1023,0.8502433314323142,25507.29994296943,17.247264725303047,15.0,9.236377480161906,0,0,20.014114482203524
1024,0.8508048865576008,25524.146596728024,17.118362475559344,15.0,9.066725308153957,0,0,20.014114482203524
1025,0.8513898716148349,25541.696148445048,16.99031829963061,15.0,8.898202473195912,0,0,20.014114482203524
1026,0.8519981340815815,25559.944022447446,16.863170139769657,15.0,8.730858912240896,0,0,20.014114482203524
1027,0.8526295145378064,25578.885436134195,16.736955672720317,15.0,8.564744212797551,0,0,20.014114482203524
1028,0.8532838467131165,25598.515401393495,16.61171229855311,15.0,8.399907598236373,0,0,20.014114482203524
1029,0.8539609575360286,25618.828726080857,16.487477129582746,15.0,8.236397913203689,0,0,20.014114482203524
1030,0.8546606671852549,25639.82001555765,16.36428697937105,15.0,8.074263609148069,0,0,20.014114482203524
1031,0.8553827891429876,25661.48367428963,16.24217835181818,15.0,7.913552729962917,0,0,20.014114482203524
1032,0.8561271302501681,25683.813907505042,16.12118743034579,15.0,7.754312897750157,0,0,20.014114482203524
1033,0.8568934907637243,25706.80472291173,16.00135006717511,15.0,7.596591298708755,0,0,20.014114482203524
1034,0.8576816644157589,25730.449932472766,15.882701772703152,15.0,7.440434669152413,0,0,20.014114482203524
1035,0.8584914384746708,25754.743154240125,15.76527770498021,15.0,7.285889281660609,0,0,20.014114482203524
1036,0.8593225938081922,25779.677814245766,15.649112659291742,15.0,7.133000931366987,0,0,20.014114482203524
1037,0.8601749049483223,25805.247148449667,15.534241057847881,15.0,6.9818149223894,0,0,20.014114482203524
1038,0.8610481401581378,25831.444204744133,15.420696939583243,15.0,6.832376054405141,0,0,20.014114482203524
1039,0.8619420615004627,25858.26184501388,15.308513950070555,15.0,6.684728609375948,0,0,20.014114482203524
1040,0.8628564249083727,25885.69274725118,15.197725331550712,15.0,6.538916338426274,0,0,20.014114482203524
1041,0.8637909802575188,25913.729407725565,15.0883639130824,15.0,6.394982448878889,0,0,20.014114482203524
1042,0.864745471440244,25942.36414320732,14.98046210081412,15.0,6.252969591451618,0,0,20.014114482203524
1043,0.8657196364414733,25971.589093244198,14.874051868381542,15.0,6.112919847618968,0,0,20.014114482203524
1044,0.8667132074163548,26001.396222490646,14.7691647474331,15.0,5.974874717142622,0,0,20.014114482203524
1045,0.867725910769628,26031.77732308884,14.665831818286355,15.0,5.838875105773967,0,0,20.014114482203524
1046,0.8687574672366956,26062.724017100867,14.56408370071832,15.0,5.704961313132962,0,0,20.014114482203524
1047,0.8698075919663755,26094.227758991263,14.463950544892139,15.0,5.5731730207664665,0,0,20.014114482203524
1048,0.8708759946053091,26126.279838159273,14.36546202242293,15.0,5.44354928038973,0,0,20.014114482203524
1049,0.8719623793839988,26158.871381519963,14.268647317585458,15.0,5.316128502314537,0,0,20.014114482203524
1050,0.8730664452044506,26191.99335613352,14.1735351186662,15.0,5.190948444067395,0,0,20.014114482203524
1051,0.8741878857293967,26225.6365718819,14.080153609462368,15.0,5.068046199201146,0,0,20.014114482203524
1052,0.8753263894730687,26259.791684192063,13.988530460930507,15.0,4.947458186303441,0,0,20.014114482203524
1053,0.876481639893499,26294.44919680497,13.898692822986906,15.0,4.829220138204981,0,0,20.014114482203524
1054,0.8776533154863176,26329.59946458953,13.810667316462519,15.0,4.713367091391176,0,0,20.014114482203524
1055,0.8788410898800221,26365.23269640066,13.724480025214719,15.0,4.599933375620164,0,0,20.014114482203524
1056,0.880044631932687,26401.33895798061,13.640156488397968,15.0,4.48895260375002,0,0,20.014114482203524
1057,0.8812636058300902,26437.908174902706,13.557721692896045,15.0,4.380457661778569,0,0,20.014114482203524
1058,0.8824976711852203,26474.93013555661,13.477200065917945,15.0,4.27448069909863,0,0,20.014114482203524
1059,0.8837464831391416,26512.39449417425,13.398615467759573,15.0,4.171053118971459,0,0,20.014114482203524
1060,0.8850096924631826,26550.29077389548,13.321991184733344,15.0,4.070205569221174,0,0,20.014114482203524
1061,0.8862869456624205,26588.608369872614,13.24734992226799,15.0,3.9719679331532176,0,0,20.014114482203524
1062,0.8875778850804292,26627.33655241288,13.1747137981805,15.0,3.876369320699337,0,0,20.014114482203524
1063,0.8888821490052609,26666.464470157825,13.104104336122042,15.0,3.783438059791568,0,0,20.014114482203524
1064,0.8901993717766282,26705.981153298846,13.035542459200098,15.0,3.6932016879681413,0,0,20.014114482203524
1065,0.8915291838942583,26745.87551682775,12.969048483778495,15.0,3.605686944213485,0,0,20.014114482203524
1066,0.8928712121273832,26786.136363821497,12.904642113457196,15.0,3.5209197610348992,0,0,20.014114482203524
1067,0.8942250796253365,26826.752388760095,12.84234243323374,15.0,3.4389252567781847,0,0,20.014114482203524
1068,0.8955904060292216,26867.712180876646,12.782167903847913,15.0,3.359727728184539,0,0,20.014114482203524
1069,0.8969668075846211,26909.004227538633,12.724136356311426,15.0,3.2833506431908916,0,0,20.014114482203524
1070,0.8983538972553112,26950.616917659336,12.66826498662427,15.0,3.2098166339759087,0,0,20.014114482203524
1071,0.899751284837949,26992.538545138468,12.614570350679069,15.0,3.1391474902535013,0,0,20.014114482203524
1072,0.9011585770776976,27034.75731233093,12.563068359355277,15.0,3.071364152816117,0,0,20.014114482203524
1073,0.902575377784757,27077.261333542712,12.513774273804435,15.0,3.0064867073295245,0,0,20.014114482203524
1074,0.9040012879517628,27120.038638552884,12.46670270092794,15.0,2.9445343783809896,0,0,20.014114482203524
1075,0.9054359058720208,27163.077176160627,12.421867589048723,15.0,2.885525523782623,0,0,20.014114482203524
1076,0.9068788272585422,27206.364817756265,12.379282223778045,15.0,2.8294776291315435,0,0,20.014114482203524
1077,0.9083296453638412,27249.889360915236,12.338959224078723,15.0,2.7764073026285723,0,0,20.014114482203524
1078,0.9097879511004645,27293.638533013935,12.300910538525804,15.0,2.726330270156795,0,0,20.014114482203524
1079,0.9112533331622115,27337.599994866345,12.265147441765968,15.0,2.6792613706216803,0,0,20.014114482203524
1080,0.9127253781460141,27381.761344380422,12.23168053117662,15.0,2.6352145515539918,0,0,24.014114482203524
1081,0.9141223912371368,27423.671737114102,14.63890284271385,15.0,2.5942028649768285,0,0,24.014114482203524
1082,0.9155254268116817,27465.762804350452,14.604292346400001,15.0,2.5562384635380266,0,0,24.014114482203524
1083,0.9169340504316462,27508.021512949388,14.572470183465576,15.0,2.521332596909064,0,0,24.014114482203524
1084,0.918347826003169,27550.43478009507,14.543445783504247,15.0,2.4894956084515685,0,0,24.014114482203524
1085,0.9197663159057546,27592.98947717264,14.517227747072116,15.0,2.4607369321523116,0,0,24.014114482203524
1086,0.9211890811219493,27635.672433658478,14.493823843139202,15.0,2.435065089827742,0,0,24.014114482203524
1087,0.9226156813674314,27678.470441022942,14.47324100678734,15.0,2.4124876885987825,0,0,24.014114482203524
1088,0.9240456752214778,27721.370256644335,14.455485337155164,15.0,2.3930114186366875,0,0,24.014114482203524
1089,0.9254786202577658,27764.358607732975,14.440562095630776,15.0,2.3766420511805677,0,0,24.014114482203524
1090,0.9269140731754735,27807.422195264204,14.428475704292712,15.0,2.3633844368272854,0,0,24.014114482203524
1091,0.9283515899306397,27850.54769791919,14.419229744599567,15.0,2.3532425040940916,0,0,24.014114482203524
1092,0.9297907258677438,27893.721776032315,14.41282695632875,15.0,2.3462192582545436,0,0,24.014114482203524
1093,0.9312310358514664,27936.93107554399,14.409269236764603,15.0,2.342316780447953,0,0,24.014114482203524
1094,0.9326720743985928,27980.162231957784,14.408557640136221,15.0,2.3415362270627176,0,0,24.014114482203524
1095,0.9341133958100193,28023.40187430058,14.410692377305038,15.0,2.34387782939365,0,0,24.014114482203524
1096,0.9355545543028237,28066.63662908471,14.415672815702358,15.0,2.3493408935734448,0,0,24.014114482203524
1097,0.9369951041423594,28109.853124270783,14.423497479516797,15.0,2.3579238007782806,0,0,24.014114482203524
1098,0.9384345997743376,28153.03799323013,14.434164050131603,15.0,2.3696240077075235,0,0,24.014114482203524
1099,0.9398725959568536,28196.177878705606,14.447669366811695,15.0,2.384438047337343,0,0,24.014114482203524
1100,0.9413086478923217,28239.25943676965,14.464009427640272,15.0,2.4023615299480876,0,0,24.014114482203524
1101,0.9427423113592791,28282.269340778374,14.483179390704665,15.0,2.423389144425039,0,0,24.014114482203524
1102,0.9441731428440175,28325.194285320526,14.505173575531098,15.0,2.4475146598322155,0,0,24.014114482203524
1103,0.945600699672006,28368.02099016018,14.529985464767925,15.0,2.4747309272587277,0,0,24.014114482203524
1104,0.9470245401390655,28410.736204171964,14.557607706116887,15.0,2.505029881937162,0,0,24.014114482203524
1105,0.9484442236422543,28453.32670926763,14.588032114511734,15.0,2.5384025456333426,0,0,24.014114482203524
1106,0.9498593108104291,28495.779324312873,14.621249674543645,15.0,2.574839029306775,0,0,24.014114482203524
1107,0.95126936363444,28538.0809090332,14.657250543132694,15.0,2.614328536040985,0,0,24.014114482203524
1108,0.9526739455969218,28580.21836790765,14.696024052444548,15.0,2.656859364242873,0,0,24.014114482203524
1109,0.9540726218016432,28622.178654049298,14.737558713051614,15.0,2.702418911110162,0,0,24.014114482203524
1110,0.9554649591023773,28663.94877307132,14.781842217337541,15.0,2.750993676365842,0,0,24.014114482203524
1111,0.9568505262312506,28705.515786937518,14.828861443144302,15.0,2.8025692662586428,0,0,24.014114482203524
1112,0.9582288939265378,28746.866817796134,14.878602457660529,15.0,2.8571303978281932,0,0,24.014114482203524
1113,0.9595996350598611,28787.989051795834,14.931050521550132,15.0,2.9146609034336803,0,0,24.014114482203524
1114,0.9609623247627577,28828.86974288273,14.986190093319841,15.0,2.975143735544683,0,0,24.014114482203524
1115,0.9623165405525771,28869.496216577314,15.044004833924552,15.0,3.0385609717927213,0,0,24.014114482203524
1116,0.9636618624576727,28909.855873730183,15.104477611608875,15.0,3.104893820282051,0,0,24.014114482203524
1117,0.9649978731418476,28949.936194255428,15.16759050698366,15.0,3.174122625158059,0,0,24.014114482203524
1118,0.9663241580280203,28989.724740840607,15.233324818335925,15.0,3.2462268724317953,0,0,24.014114482203524
1119,0.9676403054210736,29029.209162632207,15.301661067170555,15.0,3.3211851960586523,0,0,24.014114482203524
1120,0.968945906629848,29068.37719889544,15.372579003982201,15.0,3.3989753842696073,0,0,24.014114482203524
1121,0.9702405560882461,29107.216682647384,15.44605761425566,15.0,3.479574386153046,0,0,24.014114482203524
1122,0.9715238514754108,29145.715544262323,15.5220751246929,15.0,3.562958318485238,0,0,24.014114482203524
1123,0.9727953938349407,29183.86181504822,15.60060900966499,15.0,3.649102472807463,0,0,24.014114482203524
1124,0.9740547876931108,29221.643630793325,15.681635997886925,15.0,3.73798132274767,0,0,24.014114482203524
1125,0.9753016411760589,29259.049235281767,15.765132079313368,15.0,3.829568531584421,0,0,24.014114482203524
1126,0.9765355661259065,29296.066983777197,15.851072512253404,15.0,3.923836960051145,0,0,24.014114482203524
1127,0.9777561782157789,29332.685346473365,15.93943183070203,15.0,4.020758674378026,0,0,24.014114482203524
1128,0.9789630970636884,29368.892911910654,16.030183851886203,15.0,4.120304954569327,0,0,24.014114482203524
1129,0.9801559463452515,29404.678390357545,16.123301684023453,15.0,4.222446302913842,0,0,24.014114482203524
1130,0.9813343539051999,29440.030617155997,16.21875773429051,15.0,4.3271524527257075,0,0,24.014114482203524
1131,0.9824979518676594,29474.93855602978,16.316523716999573,15.0,4.4343923773129905,0,0,24.014114482203524
1132,0.9836463767451593,29509.39130235478,16.41657066197996,15.0,4.544134299171569,0,0,24.014114482203524
1133,0.9847792695463413,29543.37808639024,16.518868923162703,15.0,4.656345699401587,0,0,24.014114482203524
1134,0.9858962758823364,29576.888276470094,16.623388187365236,15.0,4.770993327343441,0,0,24.014114482203524
1135,0.9869970460717786,29609.911382153357,16.73009748327389,15.0,4.888043210430697,0,0,24.014114482203524
1136,0.9880812352444218,29642.437057332656,16.83896519062127,15.0,5.007460664256801,0,0,24.014114482203524
1137,0.9891485034433338,29674.455103300013,16.949959049556146,15.0,5.129210302852973,0,0,24.014114482203524
1138,0.9901985157256312,29705.955471768935,17.06304617020268,15.0,5.253256049173724,0,0,24.014114482203524
1139,0.9912309422617318,29736.928267851956,17.178193042406395,15.0,5.379561145787288,0,0,24.014114482203524
1140,0.9922454584330895,29767.363752992685,17.295365545663994,15.0,5.508088165767658,0,0,24.014114482203524
1141,0.9932417449283855,29797.252347851565,17.414528959233962,15.0,5.638799023784969,0,0,24.014114482203524
1142,0.9942194878381476,29826.584635144427,17.535647972425135,15.0,5.771654987391047,0,0,24.014114482203524
1143,0.9951783787477683,29855.351362433048,17.65868669505989,15.0,5.906616688496556,0,0,24.014114482203524
1144,0.9961181148288942,29883.543444866827,17.783608668109338,15.0,6.043644135036773,0,0,24.014114482203524
1145,0.9970383989291615,29911.151967874845,17.910376874496833,15.0,6.182696722821994,0,0,24.014114482203524
1146,0.9979389396602478,29938.168189807435,18.038953750066938,15.0,6.323733247569455,0,0,24.014114482203524
1147,0.9988194514842172,29964.58354452652,18.169301194716503,15.0,6.466711917113057,0,0,24.014114482203524
1148,0.9996796547981314,29990.38964394394,18.30138058368455,15.0,6.611590363787286,0,0,24.014114482203524
1149,1.0,30000.0,18.435152778997654,15.0,6.7583256569816825,0,0,24.014114482203524
1150,1.0,30000.0,18.570578141067248,15.0,6.906874315862014,0,0,24.014114482203524
1151,1.0,30000.0,18.707616540435854,15.0,7.057192322254733,0,0,24.014114482203524
1152,1.0,30000.0,18.84622736966821,15.0,7.209235133690424,0,0,24.014114482203524
1153,1.0,30000.0,18.98636955538415,15.0,7.3629576966027015,0,0,24.014114482203524
1154,1.0,30000.0,19.128001570429525,15.0,7.518314459678573,0,0,24.014114482203524
1155,1.0,30000.0,19.271081446181615,15.0,7.675259387356263,0,0,24.014114482203524
1156,1.0,30000.0,19.415566784985316,15.0,7.833745973466554,0,0,24.014114482203524
1157,1.0,30000.0,19.561414772716518,15.0,7.993727255013592,0,0,24.014114482203524
1158,1.0,30000.0,19.708582191468743,15.0,8.15515582609091,0,0,24.014114482203524
1159,1.0,30000.0,19.857025432359706,15.0,8.31798385192902,0,0,24.014114482203524
1160,1.0,30000.0,20.006700508453502,15.0,8.482163083069779,0,0,24.014114482203524
1161,1.0,30000.0,20.157563067794733,15.0,8.647644869663623,0,0,24.014114482203524
1162,1.0,30000.0,20.309568406551286,15.0,8.814380175885896,0,0,24.014114482203524
1163,1.0,30000.0,20.4626714822607,15.0,8.982319594466887,0,0,24.014114482203524
1164,1.0,30000.0,20.61682692717745,15.0,9.151413361332477,0,0,24.014114482203524
1165,1.0,30000.0,20.77198906171619,15.0,9.321611370350128,0,0,24.014114482203524
1166,1.0,30000.0,20.92811190798782,15.0,9.492863188176635,0,0,24.014114482203524
1167,1.0,30000.0,21.08514920342358,15.0,9.665118069202457,0,0,24.014114482203524
1168,1.0,30000.0,21.24305441448372,15.0,9.838324970588815,0,0,24.014114482203524
1169,1.0,30000.0,21.40178075044627,15.0,10.012432567392647,0,0,24.014114482203524
1170,1.0,30000.0,21.56128117727232,15.0,10.187389267775506,0,0,24.014114482203524
1171,1.0,30000.0,21.7215084315431,15.0,10.363143228291193,0,0,24.014114482203524
1172,1.0,30000.0,21.88241503446518,15.0,10.539642369248128,0,0,24.014114482203524
1173,1.0,30000.0,22.04395330593946,15.0,10.716834390141678,0,0,24.014114482203524
1174,1.0,30000.0,22.20607537868984,15.0,10.894666785151939,0,0,24.014114482203524
1175,1.0,30000.0,22.368733212447296,15.0,11.07308685870237,0,0,24.014114482203524
1176,1.0,30000.0,22.531878608185185,15.0,11.252041741074478,0,0,24.014114482203524
1177,1.0,30000.0,22.695463222401816,15.0,11.431478404074497,0,0,24.014114482203524
1178,1.0,30000.0,22.859438581445556,15.0,11.611343676746616,0,0,24.014114482203524
1179,1.0,30000.0,23.023756095878632,15.0,11.791584261128733,0,0,24.014114482203524
1180,1.0,30000.0,23.18836707487526,15.0,11.972146748045784,0,0,24.014114482203524
1181,1.0,30000.0,23.35322274064977,15.0,12.152977632936036,0,0,24.014114482203524
1182,1.0,30000.0,23.518274242910547,15.0,12.334023331705687,0,0,24.014114482203524
1183,1.0,30000.0,23.683472673335302,15.0,12.515230196606831,0,0,24.014114482203524
1184,0.9999986672773983,29999.960018321948,23.84876908006386,15.0,12.696544532134666,0,0,24.014114482203524
1185,0.999971451568464,29999.14354705392,24.014114482203517,15.0,12.877912610938496,0,0,24.014114482203524
1186,0.9999183422495173,29997.550267485516,24.179459884343178,15.0,13.059280689742327,0,0,24.014114482203524
1187,0.999839336369713,29995.18009109139,24.344756291071736,15.0,13.240595025270164,0,0,24.014114482203524
1188,0.9997344386519169,29992.033159557508,24.50995472149649,15.0,13.42180189017131,0,0,24.014114482203524
1189,0.9996036614913043,29988.10984473913,24.67500622375727,15.0,13.602847588940957,0,0,24.014114482203524
1190,0.9994470249516885,29983.410748550654,24.83986188953178,15.0,13.783678473831213,0,0,24.014114482203524
1191,0.9992645567595744,29977.936702787232,25.00447286852841,15.0,13.964240960748263,0,0,24.014114482203524
1192,0.9990562922959435,29971.688768878306,25.168790382961486,15.0,14.14448154513038,0,0,24.014114482203524
1193,0.9988222745857689,29964.668237573067,25.33276574200522,15.0,14.3243468178025,0,0,24.014114482203524
1194,0.9985625542852667,29956.876628558002,25.49635035622185,15.0,14.503783480802515,0,0,24.014114482203524
1195,0.9982771896668852,29948.315690006555,25.659495751959742,15.0,14.682738363174627,0,0,24.014114482203524
1196,0.9979662466020371,29938.987398061116,25.822153585717164,15.0,14.86115843672502,0,0,24.014114482203524
1197,0.9976297985415816,29928.893956247448,25.984275658467574,15.0,15.038990831735315,0,0,24.014114482203524
1198,0.9972679264940578,29918.037794821736,26.145813929941863,15.0,15.216182852628867,0,0,24.014114482203524
1199,0.9968807190016815,29906.421570050446,26.306720532863938,15.0,15.392681993585803,0,0,24.014114482203524
1200,0.9964682721141073,29894.048163423216,26.466947787134753,15.0,15.568435954101528,0,0,24.014114482203524
1201,0.9960306893599669,29880.920680799005,26.6264482139608,15.0,15.743392654484385,0,0,24.014114482203524
1202,0.9955680817161923,29867.04245148577,26.785174549923347,15.0,15.917500251288216,0,0,24.014114482203524
1203,0.9950805675751304,29852.417027253912,26.943079760983426,15.0,16.090707152674504,0,0,24.014114482203524
1204,0.9945682727094604,29837.04818128381,27.10011705641922,15.0,16.26296203370036,0,0,24.014114482203524
1205,0.9940313302349252,29820.939907047756,27.256239902690847,15.0,16.434213851526867,0,0,24.014114482203524
1206,0.9934698805708861,29804.096417126584,27.411402037229585,15.0,16.604411860544523,0,0,24.014114482203524
1207,0.9928840713987138,29786.522141961414,27.565557482146307,15.0,16.773505627410078,0,0,24.014114482203524
1208,0.9922740576180267,29768.2217285408,27.718660557855756,15.0,16.941445045991102,0,0,24.014114482203524
1209,0.991640001300791,29749.20003902373,27.8706658966123,15.0,17.108180352213374,0,0,24.014114482203524
1210,0.9909820716432957,29729.46214929887,28.021528455953565,15.0,17.273662138807254,0,0,24.014114482203524
1211,0.9903004449160154,29709.013347480464,28.17120353204733,15.0,17.43784136994798,0,0,24.014114482203524
1212,0.9895953044113783,29687.85913234135,28.319646772938295,15.0,17.600669395786085,0,0,24.014114482203524
1213,0.9888668403894519,29666.005211683558,28.46681419169052,15.0,17.762097966863408,0,0,24.014114482203524
1214,0.9881152500215654,29643.457500646964,28.612662179421697,15.0,17.92207924841041,0,0,24.014114482203524
1215,0.9873407373318835,29620.222119956507,28.757147518225423,15.0,18.080565834520733,0,0,24.014114482203524
1216,0.9865435131369494,29596.305394108484,28.90022739397751,15.0,18.237510762198426,0,0,24.014114482203524
1217,0.9857237949832156,29571.713849496467,29.04185940902289,15.0,18.392867525274298,0,0,24.014114482203524
1218,0.9848818070825799,29546.454212477398,29.182001594738832,15.0,18.546590088186576,0,0,24.014114482203524
1219,0.9840177802459469,29520.533407378407,29.320612423971184,15.0,18.698632899622265,0,0,24.014114482203524
1220,0.9831319518148335,29493.958554445006,29.457650823339794,15.0,18.848950906014988,0,0,24.014114482203524
1221,0.9822245655910394,29466.736967731184,29.593076185409384,15.0,18.997499564895314,0,0,24.014114482203524
1222,0.9812958717644039,29438.876152932116,29.726848380722483,15.0,19.144234858089714,0,0,24.014114482203524
1223,0.9803461268386685,29410.383805160054,29.858927769690542,15.0,19.28911330476394,0,0,24.014114482203524
1224,0.9793755935554698,29381.267806664095,29.989275214340104,15.0,19.432091974307546,0,0,24.014114482203524
1225,0.9783845408164835,29351.536224494506,30.11785208991021,15.0,19.573128499055006,0,0,24.014114482203524
1226,0.9773732436037429,29321.197308112285,30.244620296297697,15.0,19.712181086840225,0,0,24.014114482203524
1227,0.9763419828981554,29290.259486944662,30.369542269347154,15.0,19.84920853338044,0,0,24.014114482203524
1228,0.9752910455962427,29258.73136788728,30.492580991981903,15.0,19.98417023448595,0,0,24.014114482203524
1229,0.9742207244251263,29226.62173275379,30.61370000517305,15.0,20.117026198092006,0,0,24.014114482203524
1230,0.9731313178557867,29193.9395356736,30.73286341874305,15.0,20.247737056109344,0,0,24.014114482203524
1231,0.9720231300146194,29160.693900438582,30.850035922000647,15.0,20.37626407608971,0,0,24.014114482203524
1232,0.9708964705933165,29126.894117799497,30.965182794204367,15.0,20.50256917270328,0,0,24.014114482203524
1233,0.9697516547570981,29092.549642712944,31.078269914850917,15.0,20.626614919024053,0,0,24.014114482203524
1234,0.9685890030513213,29057.67009153964,31.189263773785797,15.0,20.748364557620224,0,0,24.014114482203524
1235,0.9674088413064966,29022.265239194898,31.29813148113315,15.0,20.867782011446305,0,0,24.014114482203524
1236,0.9662115005417369,28986.345016252108,31.40484077704178,15.0,20.984831894533535,0,0,24.014114482203524
1237,0.9649973168666697,28949.91950600009,31.509360041244335,15.0,21.099479522475413,0,0,24.014114482203524
1238,0.9637666313818397,28912.998941455193,31.611658302427085,15.0,21.211690922705433,0,0,24.014114482203524
1239,0.9625197900776349,28875.593702329046,31.71170524740747,15.0,21.321432844564015,0,0,24.014114482203524
1240,0.9612571437317604,28837.714311952812,31.809471230116515,15.0,21.428672769151273,0,0,24.014114482203524
1241,0.9599790478052966,28799.3714341589,31.90492728038359,15.0,21.533378918963162,0,0,24.014114482203524
1242,0.9586858623373684,28760.57587012105,31.998045112520856,15.0,21.635520267307694,0,0,24.014114482203524
1243,0.9573779518384565,28721.338555153696,32.08879713370503,15.0,21.735066547498995,0,0,24.014114482203524
1244,0.9560556851823874,28681.67055547162,32.17715645215364,15.0,21.831988261825856,0,0,24.014114482203524
1245,0.9547194354970255,28641.583064910767,32.263096885093674,15.0,21.926256690292583,0,0,24.014114482203524
1246,0.9533695800537096,28601.08740161129,32.34659296652011,15.0,22.017843899129332,0,0,24.014114482203524
1247,0.9520065001554577,28560.195004663732,32.42761995474204,15.0,22.106722749069522,0,0,24.014114482203524
1248,0.9506305810239793,28518.91743071938,32.506153839714145,15.0,22.192866903391767,0,0,24.014114482203524
1249,0.9492422116855257,28477.26635056577,32.582171350151384,15.0,22.27625083572396,0,0,24.014114482203524
1250,0.9478417848556133,28435.253545668398,32.655649960424846,15.0,22.356849837607395,0,0,24.014114482203524
1251,0.9464296968226535,28392.890904679607,32.726567897236485,15.0,22.43464002581835,0,0,24.014114482203524
1252,0.9450063473305239,28350.190419915718,32.794904146071126,15.0,22.509598349445213,0,0,24.014114482203524
1253,0.9435721394601153,28307.16418380346,32.86063845742339,15.0,22.581702596718944,0,0,24.014114482203524
1254,0.9421274795098904,28263.824385296713,32.92375135279817,15.0,22.650931401594953,0,0,24.014114482203524
1255,0.9406727768754888,28220.183306264662,32.984224130482495,15.0,22.717264250084284,0,0,24.014114482203524
1256,0.9392084439284137,28176.253317852414,33.0420388710872,15.0,22.78068148633232,0,0,24.014114482203524
1257,0.9377348958938388,28132.046876815166,33.097178442856915,15.0,22.841164318443322,0,0,24.014114482203524
1258,0.9362525507275662,28087.576521826984,33.149626506746515,15.0,22.898694824048814,0,0,24.014114482203524
1259,0.9347618289921781,28042.854869765342,33.199367521262744,15.0,22.95325595561836,0,0,24.014114482203524
1260,0.9332631537324152,27997.894611972457,33.24638674706951,15.0,23.004831545511166,0,0,24.014114482203524
1261,0.9317569503498191,27952.708510494573,33.29067025135543,15.0,23.053406310766846,0,0,24.014114482203524
1262,0.9302436464766765,27907.309394300293,33.332204911962485,15.0,23.098965857634127,0,0,24.014114482203524
1263,0.9287236718493026,27861.71015547908,33.37097842127436,15.0,23.14149668583602,0,0,24.014114482203524
1264,0.9271974581807014,27815.92374542104,33.4069792898634,15.0,23.18098619257023,0,0,24.014114482203524
1265,0.9256654390326392,27769.963170979176,33.440196849895315,15.0,23.217422676243665,0,0,24.014114482203524
1266,0.9241280496871712,27723.841490615137,33.47062125829017,15.0,23.250795339939856,0,0,24.014114482203524
1267,0.9225857270176581,27677.571810529742,33.49824349963912,15.0,23.28109429461828,0,0,24.014114482203524
1268,0.9210389093593107,27631.16728077932,33.52305538887595,15.0,23.308310562044795,0,0,24.014114482203524
1269,0.9194880363793022,27584.641091379068,33.545049573702386,15.0,23.332436077451966,0,0,24.014114482203524
1270,0.9179335489464855,27538.006468394564,33.56421953676678,15.0,23.353463691928923,0,0,24.014114482203524
1271,0.9163758890007531,27491.27667002259,33.580559597595354,15.0,23.371387174539667,0,0,24.014114482203524
1272,0.9148154994220821,27444.464982662463,33.59406491427545,15.0,23.386201214169485,0,0,24.014114482203524
1273,0.9132528238992986,27397.58471697896,33.60473148489025,15.0,23.397901421098727,0,0,24.014114482203524
1274,0.9116883067986032,27350.6492039581,33.61255614870469,15.0,23.406484328303563,0,0,24.014114482203524
1275,0.910122393031896,27303.67179095688,33.617536587102016,15.0,23.41194739248336,0,0,24.014114482203524
1276,0.908555527924939,27256.66583774817,33.619671324270826,15.0,23.414288994814292,0,0,24.014114482203524
1277,0.906988157085397,27209.644712561912,33.61895972764245,15.0,23.41350844142906,0,0,24.014114482203524
1278,0.9054207262707948,27162.621788123844,33.6154020080783,15.0,23.409605963622468,0,0,24.014114482203524
1279,0.9038536812564283,27115.61043769285,33.60899921980749,15.0,23.40258271778292,0,0,24.014114482203524
1280,0.902287467703273,27068.62403109819,33.59975326011435,15.0,23.39244078504973,0,0,24.014114482203524
1281,0.9007225310259241,27021.675930777725,33.587666868776274,15.0,23.379183170696443,0,0,24.014114482203524
1282,0.8991593162606114,26974.77948781834,33.57274362725188,15.0,23.36281380324032,0,0,24.014114482203524
1283,0.8975982679333246,26927.94803799974,33.55498795761971,15.0,23.343337533278227,0,0,24.014114482203524
1284,0.8960398299280914,26881.194897842743,33.53440512126785,15.0,23.32076013204927,0,0,24.014114482203524
1285,0.8944844453554446,26834.533360663336,33.511001217334936,15.0,23.295088289724703,0,0,24.014114482203524
1286,0.8929325564211186,26787.976692633558,33.4847831809028,15.0,23.266329613425448,0,0,24.014114482203524
1287,0.8913846042950154,26741.53812885046,33.45575878094147,15.0,23.23449262496795,0,0,24.014114482203524
1288,0.8898410289804755,26695.230869414263,33.423936618007055,15.0,23.199586758338988,0,0,24.014114482203524
1289,0.8883022691838955,26649.068075516865,33.3893261216932,15.0,23.161622356900185,0,0,24.014114482203524
1290,0.8867687621847304,26603.062865541913,33.35193754783693,15.0,23.12061067032302,0,0,24.014114482203524
1291,0.885240943705918,26557.22831117754,33.31178197547959,15.0,23.076563851255333,0,0,24.014114482203524
1292,0.8837192477847641,26511.577433542923,33.26887130358389,15.0,23.02949495172022,0,0,24.014114482203524
1293,0.8822041066443292,26466.12319932988,33.223218247508,15.0,22.97941791924844,0,0,24.014114482203524
1294,0.8806959505653509,26420.878516960525,33.17483633523772,15.0,22.926347592745476,0,0,24.014114482203524
1295,0.8791952077587415,26375.856232762246,33.12373990337782,15.0,22.870299698094406,0,0,24.014114482203524
1296,0.8777023042387015,26331.069127161045,33.06994409290379,15.0,22.811290843496025,0,0,24.014114482203524
1297,0.8762176636964814,26286.529910894442,33.01346484467531,15.0,22.749338514547492,0,0,24.014114482203524
1298,0.8747417073748329,26242.251221244987,32.95431889471254,15.0,22.6844610690609,0,0,24.014114482203524
1299,0.8732748539431859,26198.24561829558,32.89252376923694,15.0,22.61667773162352,0,0,24.014114482203524
1300,0.8718175193735875,26154.525581207625,32.828097779477815,15.0,22.546008587901106,0,0,24.014114482203524
1301,0.8703701168174405,26111.103504523213,32.761060016246375,15.0,22.472474578686125,0,0,24.014114482203524
1302,0.8689330564830775,26067.991694492324,32.69143034427866,15.0,22.396097493692494,0,0,24.014114482203524
1303,0.867506745514208,26025.20236542624,32.61922939634917,15.0,22.31689996509883,0,0,24.014114482203524
1304,0.8660915878692725,25982.747636078177,32.54447856715705,15.0,22.234905460842118,0,0,24.014114482203524
1305,0.8646879842017408,25940.639526052222,32.46720000698622,15.0,22.150138277663533,0,0,24.014114482203524
1306,0.8632963317413894,25898.889952241683,32.38741661514187,15.0,22.062623533908877,0,0,24.014114482203524
1307,0.861917024176595,25857.51072529785,32.30515203316486,15.0,21.97238716208543,0,0,24.014114482203524
1308,0.8605504515376746,25816.513546130238,32.22043063782626,15.0,21.879455901177664,0,0,24.014114482203524
1309,0.8591970000813124,25775.91000243937,32.13327753390397,15.0,21.7838572887238,0,0,24.014114482203524
1310,0.8578570521761025,25735.711565283076,32.043718546743534,15.0,21.685619652655845,0,0,24.014114482203524
1311,0.856530986189246,25695.92958567738,31.95178021460574,15.0,21.58477210290556,0,0,24.014114482203524
1312,0.8552191763744312,25656.575291232937,31.85748978080258,15.0,21.48134452277839,0,0,24.014114482203524
1313,0.8539219927609356,25617.65978282807,31.760875185624545,15.0,21.37536756009847,0,0,24.014114482203524
1314,0.8526398010439774,25579.194031319323,31.661965058061277,15.0,21.266872618127,0,0,24.014114482203524
1315,0.8513729624763522,25541.188874290565,31.56078870731826,15.0,21.155891846256836,0,0,24.014114482203524
1316,0.8501218337613861,25503.65501284158,31.457376114131783,15.0,21.04245813048582,0,0,24.014114482203524
1317,0.8488867669472367,25466.603008417103,31.35175792188502,15.0,20.926605083672044,0,0,24.014114482203524
1318,0.8476681093225743,25430.04327967723,31.24396542752777,15.0,20.808367035573582,0,0,24.014114482203524
1319,0.8464662033136718,25393.986099410155,31.13403057230245,15.0,20.687779022675876,0,0,24.014114482203524
1320,0.8452813863829366,25358.4415914881,31.021985932279257,15.0,20.56487677780965,0,0,24.014114482203524
1321,0.844113990928914,25323.419727867422,30.907864708703137,15.0,20.439696719562484,0,0,24.014114482203524
1322,0.8429643441877893,25288.93032563368,30.791700718155614,15.0,20.31227594148729,0,0,24.014114482203524
1323,0.8418327681364213,25254.983044092638,30.673528382534084,15.0,20.182652201110557,0,0,24.014114482203524
1324,0.8407195793969332,25221.587381907997,30.553382718851964,15.0,20.05086390874406,0,0,24.014114482203524
1325,0.8396250891428912,25188.752674286738,30.43129932886236,15.0,19.916950116103056,0,0,24.014114482203524
1326,0.8385496030070968,25156.488090212904,30.3073143885085,15.0,19.780950504734403,0,0,24.014114482203524
1327,0.8374934209910206,25124.80262973062,30.181464637204023,15.0,19.642905374258053,0,0,24.014114482203524
1328,0.8364568373759064,25093.70512127719,30.053787366946274,15.0,19.502855630425408,0,0,24.014114482203524
1329,0.8354401406355684,25063.20421906705,29.924320411265985,15.0,19.360842772998133,0,0,24.014114482203524
1330,0.8344436133509109,25033.308400527327,29.793102134016223,15.0,19.216908883450746,0,0,24.014114482203524
1331,0.8334675321261933,25004.0259637858,29.660171418004463,15.0,19.07109661250108,0,0,24.014114482203524
1332,0.832512167507066,24975.36502521198,29.52556765347074,15.0,18.92344916747188,0,0,24.014114482203524
1333,0.8315777839004019,24947.33351701206,29.389330726415466,15.0,18.774010299487625,0,0,24.014114482203524
1334,0.8306646394959475,24919.939184878425,29.251501006780362,15.0,18.62282429051004,0,0,24.014114482203524
1335,0.8297729861898148,24893.189585694443,29.112119336485975,15.0,18.469935940216445,0,0,24.014114482203524
1336,0.8289030695098399,24867.092085295197,28.971227017329273,15.0,18.315390552724608,0,0,24.014114482203524
1337,0.8280551285428275,24841.653856284825,28.828865798745195,15.0,18.15923392316827,0,0,24.014114482203524
1338,0.8272293958637041,24816.881875911124,28.685077865435176,15.0,18.001512324126864,0,0,24.014114482203524
1339,0.8264260974666015,24792.782923998042,28.539905824867038,15.0,17.842272491914073,0,0,24.014114482203524
1340,0.8256454526978888,24769.363580936664,28.39339269464955,15.0,17.681561612728956,0,0,24.014114482203524
1341,0.8248876741911771,24746.630225735313,28.245581889785115,15.0,17.519427308673336,0,0,24.014114482203524
1342,0.8241529678043099,24724.589034129298,28.096517209805267,15.0,17.355917623640686,0,0,24.014114482203524
1343,0.8234415325583639,24703.245976750917,27.946242825791735,15.0,17.191081009079472,0,0,24.014114482203524
1344,0.8227535605786744,24682.606817360233,27.794803267287755,15.0,17.02496630963613,0,0,24.014114482203524
1345,0.8220892370379046,24662.677111137138,27.6422434091028,15.0,16.857622748681113,0,0,24.014114482203524
1346,0.8214487401011751,24643.46220303525,27.48860845801537,15.0,16.689099913723105,0,0,24.014114482203524
1347,0.820832240873269,24624.96722619807,27.333943939377157,15.0,16.519447741715087,0,0,24.014114482203524
1348,0.8202399033479308,24607.197100437927,27.17829568362303,15.0,16.34871650425709,0,0,24.014114482203524
1349,0.819671884359271,24590.156530778127,27.02170981269029,15.0,16.176956792699418,0,0,24.014114482203524
1350,0.8191283335352922,24573.85000605877,26.864232726351915,15.0,16.00421950315149,0,0,28.014114482203524
1351,0.8184611142842092,24553.833428526275,31.154280168785945,15.0,15.830555821400168,0,0,28.014114482203524
1352,0.8178195241366868,24534.585724100605,30.968656601519136,15.0,15.656017207742327,0,0,28.014114482203524
1353,0.8172036950119065,24516.110850357196,30.782157539658137,15.0,15.480655381736044,0,0,28.014114482203524
1354,0.8166137511955023,24498.412535865067,30.594838246899904,15.0,15.30452230687495,0,0,28.014114482203524
1355,0.8160498093027325,24481.494279081977,30.406754229993656,15.0,15.127670175190456,0,0,28.014114482203524
1356,0.815511978243925,24465.35934731775,30.217961222292743,15.0,14.950151391785935,0,0,28.014114482203524
1357,0.8150003591922031,24450.010775766095,30.02851516723983,15.0,14.772018559308075,0,0,28.014114482203524
1358,0.8145150455535076,24435.45136660523,29.838472201789617,15.0,14.593324462359552,0,0,28.014114482203524
1359,0.8140561229389172,24421.683688167515,29.647888639774223,15.0,14.414122051857838,0,0,28.014114482203524
1360,0.8136236691392805,24408.710074178416,29.45682095521621,15.0,14.234464429344658,0,0,28.014114482203524
1361,0.8132177541021655,24396.532623064963,29.26532576559405,15.0,14.054404831250867,0,0,28.014114482203524
1362,0.8128384399111315,24385.153197333944,29.073459815065306,15.0,13.873996613121452,0,0,28.014114482203524
1363,0.8124857807673335,24374.573423020003,28.881279957651888,15.0,13.693293233804937,0,0,28.014114482203524
1364,0.8121598229734605,24364.794689203813,28.688843140393132,15.0,13.51234823961251,0,0,28.014114482203524
1365,0.8118606049200151,24355.818147600454,28.49620638647112,15.0,13.331215248451064,0,0,28.014114482203524
1366,0.8115881570739383,24347.64471221815,28.30342677831348,15.0,13.149947933935053,0,0,28.014114482203524
1367,0.8113425019695802,24340.275059087406,28.110561440678627,15.0,12.968600009481834,0,0,28.014114482203524
1368,0.8111236542020237,24333.70962606071,27.917667523728486,15.0,12.787225212395231,0,0,28.014114482203524
1369,0.8109316204227593,24327.94861268278,27.72480218609359,15.0,12.60587728794198,0,0,28.014114482203524
1370,0.8107663993377139,24322.991980131417,27.532022577935948,15.0,12.424609973425966,0,0,28.014114482203524
1371,0.8106279817076345,24318.839451229036,27.339385824013934,15.0,12.24347698226452,0,0,28.014114482203524
1372,0.8105163503508258,24315.490510524774,27.14694900675518,15.0,12.062531988072093,0,0,28.014114482203524
1373,0.810431480148242,24312.94440444726,26.954769149341764,15.0,11.881828608755578,0,0,28.014114482203524
1374,0.8103733380509291,24311.200141527876,26.76290319881302,15.0,11.701420390626161,0,0,28.014114482203524
1375,0.8103418830898196,24310.25649269459,26.571408009190897,15.0,11.521360792532406,0,0,28.014114482203524
1376,0.8103370663878708,24310.111991636124,26.380340324632844,15.0,11.341703170019194,0,0,28.014114482203524
1377,0.8103588311745491,24310.76493523647,26.189756762617453,15.0,11.162500759517476,0,0,28.014114482203524
1378,0.8104071128026522,24312.213384079565,25.99971379716724,15.0,10.983806662568956,0,0,28.014114482203524
1379,0.8104818387674655,24314.455163023966,25.810267742114327,15.0,10.805673830091092,0,0,28.014114482203524
1380,0.8105829287282468,24317.487861847403,25.621474734413372,15.0,10.628155046686533,0,0,28.014114482203524
1381,0.8107102945320325,24321.308835960976,25.433390717507123,15.0,10.451302915002042,0,0,28.014114482203524
1382,0.81086384023976,24325.9152071928,25.246071424748973,15.0,10.27516984014102,0,0,28.014114482203524
1383,0.811043462154696,24331.303864640882,25.05957236288793,15.0,10.099808014134702,0,0,28.014114482203524
1384,0.8112490488531644,24337.471465594932,24.87394879562112,15.0,9.92526940047686,0,0,28.014114482203524
1385,0.8114804812175631,24344.414436526895,24.68925572721757,15.0,9.75160571872554,0,0,28.014114482203524
1386,0.8117376324716618,24352.12897414985,24.505547886219453,15.0,9.578868429177609,0,0,28.014114482203524
1387,0.8120203682181674,24360.611046545022,24.322879709224754,15.0,9.407108717619904,0,0,28.014114482203524
1388,0.8123285464785504,24369.85639435651,24.1413053247567,15.0,9.236377480161908,0,0,28.014114482203524
1389,0.8126620177351147,24379.86053205344,23.96087853722407,15.0,9.066725308153924,0,0,28.014114482203524
1390,0.8130206249753039,24390.618749259116,23.781652810977924,15.0,8.898202473195916,0,0,28.014114482203524
1391,0.8134042037382272,24402.126112146816,23.603681254468967,15.0,8.730858912240897,0,0,28.014114482203524
1392,0.8138125821633924,24414.377464901772,23.427016604510335,15.0,8.564744212797553,0,0,28.014114482203524
1393,0.8142455810416325,24427.367431248975,23.251711210650544,15.0,8.399907598236377,0,0,28.014114482203524
1394,0.8147030138682086,24441.09041604626,23.077817019661197,15.0,8.236397913203728,0,0,28.014114482203524
1395,0.815184686898076,24455.54060694228,22.905385560143984,15.0,8.074263609148073,0,0,28.014114482203524
1396,0.8156903992032939,24470.711976098817,22.734467927261818,15.0,7.913552729962919,0,0,28.014114482203524
1397,0.8162199427325659,24486.598281976978,22.565114767597983,15.0,7.754312897750161,0,0,28.014114482203524
1398,0.8167731023728897,24503.19307118669,22.397376264148633,15.0,7.596591298708757,0,0,28.014114482203524
1399,0.8173496560132993,24520.48968039898,22.23130212145243,15.0,7.440434669152415,0,0,28.014114482203524
1400,0.8179493746106818,24538.481238320455,22.06694155086203,15.0,7.285889281660612,0,0,28.014114482203524
1401,0.8185720222576477,24557.16066772943,21.904343255961656,15.0,7.13300093136699,0,0,28.014114482203524
1402,0.8192173562524347,24576.520687573044,21.743555418135347,15.0,6.981814922389432,0,0,28.014114482203524
1403,0.8198851271708268,24596.553815124804,21.584625682289406,15.0,6.8323760544051435,0,0,28.014114482203524
1404,0.8205750789400628,24617.252368201884,21.42760114273464,15.0,6.684728609375949,0,0,28.014114482203524
1405,0.8212869489147169,24638.608467441507,21.272528329230965,15.0,6.538916338426277,0,0,28.014114482203524
1406,0.8220204679545258,24660.614038635773,21.11945319319976,15.0,6.394982448878892,0,0,28.014114482203524
1407,0.8227753605041411,24683.260815124235,20.96842109410743,15.0,6.25296959145159,0,0,28.014114482203524
1408,0.8235513446747823,24706.540340243468,20.819476786024573,15.0,6.112919847618999,0,0,28.014114482203524
1409,0.8243481323277662,24730.443969832984,20.672664404364028,15.0,5.974874717142626,0,0,28.014114482203524
1410,0.8251654291598888,24754.962874796664,20.52802745280308,15.0,5.838875105773997,0,0,28.014114482203524
1411,0.8260029347906338,24780.088043719014,20.38560879039187,15.0,5.704961313132966,0,0,28.014114482203524
1412,0.8268603428511816,24805.81028553545,20.245450618853788,15.0,5.573173020766442,0,0,28.014114482203524
1413,0.8277373410751934,24832.120232255802,20.107594470079967,15.0,5.443549280389732,0,0,28.014114482203524
1414,0.8286336113913418,24859.008341740257,19.972081193822387,15.0,5.316128502314538,0,0,28.014114482203524
1415,0.8295488300175631,24886.46490052689,19.83895094558942,15.0,5.190948444067371,0,0,28.014114482203524
1416,0.8304826675569995,24914.480026709985,19.708243174746887,15.0,5.068046199201173,0,0,28.014114482203524
1417,0.8314347890956083,24943.04367286825,19.579996612828083,15.0,4.947458186303444,0,0,28.014114482203524
1418,0.8324048543014029,24972.145629042087,19.454249262057147,15.0,4.829220138204958,0,0,28.014114482203524
1419,0.8333925175253006,25001.775525759018,19.331038384088018,15.0,4.713367091391202,0,0,28.014114482203524
1420,0.8343974279035468,25031.922837106402,19.210400488962833,15.0,4.599933375620164,0,0,28.014114482203524
1421,0.8354192294616819,25062.576883850455,19.0923713242936,15.0,4.488952603750022,0,0,28.014114482203524
1422,0.8364575612200259,25093.726836600777,18.976985864669004,15.0,4.380457661778547,0,0,28.014114482203524
1423,0.8375120573006436,25125.361719019307,18.864278301291016,15.0,4.27448069909863,0,0,28.014114482203524
1424,0.838582347035762,25157.47041107286,18.75428203184309,15.0,4.1710531189714795,0,0,28.014114482203524
1425,0.8396680550776077,25190.04165232823,18.64702965059371,15.0,4.0702055692211765,0,0,28.014114482203524
1426,0.8407688015096298,25223.064045288895,18.542552938738183,15.0,3.9719679331532176,0,0,28.014114482203524
1427,0.8418842019590786,25256.52605877236,18.440882854981076,15.0,3.876369320699358,0,0,28.014114482203524
1428,0.8430138677109024,25290.41603132707,18.342049526362324,15.0,3.7834380597915693,0,0,28.014114482203524
1429,0.844157405822932,25324.72217468796,18.24608223933027,15.0,3.6932016879681413,0,0,28.014114482203524
1430,0.8453144192423192,25359.432577269577,18.153009431063182,15.0,3.6056869442134865,0,0,28.014114482203524
1431,0.8464845069231914,25394.535207695742,18.06285868104282,15.0,3.5209197610348992,0,0,28.014114482203524
1432,0.8476672639454896,25430.01791836469,17.975656702882034,15.0,3.4389252567781856,0,0,28.014114482203524
1433,0.848862281634956,25465.86844904868,17.891429336408926,15.0,3.35972772818454,0,0,28.014114482203524
1434,0.8500691476842323,25502.07443052697,17.810201540009935,15.0,3.2833506431908916,0,0,28.014114482203524
1435,0.8512874462750355,25538.623388251064,17.731997383234226,15.0,3.209816633975926,0,0,28.014114482203524
1436,0.8525167582013738,25575.502746041217,17.65684003966117,15.0,3.1391474902535013,0,0,28.014114482203524
1437,0.8537566609937667,25612.699829813002,17.58475178003375,15.0,3.071364152816119,0,0,28.014114482203524
1438,0.855006729044431,25650.20187133293,17.515753965659055,15.0,3.0064867073295245,0,0,28.014114482203524
1439,0.8562665337333983,25687.99601200195,17.449867042078594,15.0,2.9445343783809914,0,0,28.014114482203524
1440,0.8575356435555244,25726.06930666573,17.387110533009764,15.0,2.8855255237826114,0,0,28.014114482203524
1441,0.858813624248353,25764.408727450587,17.32750303456063,15.0,2.8294776291315547,0,0,28.014114482203524
1442,0.8601000389207973,25803.00116762392,17.271062209719375,15.0,2.7764073026285736,0,0,28.014114482203524
1443,0.8613944481826008,25841.833445478023,17.217804783120542,15.0,2.726330270156805,0,0,28.014114482203524
1444,0.862696410274537,25880.89230823611,17.167746536088963,15.0,2.6792613706216803,0,0,28.014114482203524
1445,0.8640054811993133,25920.1644359794,17.12090230196361,15.0,2.6352145515539833,0,0,28.014114482203524
1446,0.8653212148531364,25959.636445594093,17.077285961702064,15.0,2.5942028649768285,0,0,28.014114482203524
1447,0.8666431631579025,25999.294894737075,17.03691043976722,15.0,2.5562384635380266,0,0,28.014114482203524
1448,0.8679708761939727,26039.12628581918,16.999787700297606,15.0,2.5213325969090654,0,0,28.014114482203524
1449,0.8693039023334935,26079.117070004806,16.965928743562124,15.0,2.4894956084515756,0,0,28.014114482203524
1450,0.8706417883742248,26119.253651226743,16.93534360270037,15.0,2.4607369321523134,0,0,28.014114482203524
1451,0.8719840796738323,26159.52239021497,16.90804134074967,15.0,2.4350650898277375,0,0,28.014114482203524
1452,0.8733303202846088,26199.909608538263,16.88403004795948,15.0,2.412487688598787,0,0,28.014114482203524
1453,0.8746800530885805,26240.401592657417,16.863316839394045,15.0,2.3930114186366844,0,0,28.014114482203524
1454,0.8760328199329621,26280.984597988863,16.845907852824105,15.0,2.3766420511805677,0,0,28.014114482203524
1455,0.8773881617659158,26321.644852977475,16.831808246908082,15.0,2.3633844368272823,0,0,28.014114482203524
1456,0.87874561877258,26362.3685631774,16.821022199663513,15.0,2.3532425040940916,0,0,28.014114482203524
1457,0.8801047305113207,26403.14191533962,16.81355290722898,15.0,2.3462192582545454,0,0,28.014114482203524
1458,0.8814650360501715,26443.951081505144,16.809402582917023,15.0,2.342316780447953,0,0,28.014114482203524
1459,0.8828260741034171,26484.782223102513,16.808572456558316,15.0,2.3415362270627176,0,0,28.014114482203524
1460,0.8841873831682826,26525.62149504848,16.811062774137213,15.0,2.34387782939365,0,0,28.014114482203524
1461,0.8855485016616864,26566.455049850592,16.816872797718865,15.0,2.3493408935734448,0,0,28.014114482203524
1462,0.8869089680570171,26607.269041710515,16.826000805667896,15.0,2.3579238007782832,0,0,28.014114482203524
1463,0.8882683210208944,26648.049630626832,16.838444093158554,15.0,2.3696240077075235,0,0,28.014114482203524
1464,0.8896260995498715,26688.782986496146,16.854198972976207,15.0,2.384438047337343,0,0,28.014114482203524
1465,0.8909818431070406,26729.45529321122,16.87326077660995,15.0,2.4023615299480876,0,0,28.014114482203524
1466,0.8923350917585003,26770.05275275501,16.895623855635968,15.0,2.4233891444250375,0,0,28.014114482203524
1467,0.8936853863096434,26810.561589289304,16.921281583391334,15.0,2.4475146598322155,0,0,28.014114482203524
1468,0.8950322684412264,26850.968053236793,16.950226356937538,15.0,2.4747309272587206,0,0,28.014114482203524
1469,0.8963752808451794,26891.25842535538,16.98244959931354,15.0,2.505029881937162,0,0,28.014114482203524
1470,0.8977139673601159,26931.419020803478,17.017941762077157,15.0,2.5384025456333426,0,0,28.014114482203524
1471,0.8990478731065044,26971.43619319513,17.056692328134595,15.0,2.574839029306775,0,0,28.014114482203524
1472,0.9003765446214579,27011.296338643737,17.09868981485682,15.0,2.614328536040985,0,0,28.014114482203524
1473,0.9016995299931049,27050.985899793148,17.14392177748215,15.0,2.656859364242882,0,0,28.014114482203524
1474,0.9030163789945014,27090.491369835043,17.192374812803834,15.0,2.7024189111101524,0,0,28.014114482203524
1475,0.904326643217042,27129.79929651126,17.244034563141856,15.0,2.7509936763658405,0,0,28.014114482203524
1476,0.9056298762033336,27168.896286100007,17.29888572059724,15.0,2.802569266258632,0,0,28.014114482203524
1477,0.9069256335794899,27207.769007384697,17.356912031588283,15.0,2.8571303978281932,0,0,28.014114482203524
1478,0.9082134731868092,27246.40419560428,17.4180963016667,15.0,2.9146609034336803,0,0,28.014114482203524
1479,0.909492955212796,27284.78865638388,17.48242040061281,15.0,2.9751437355446813,0,0,28.014114482203524
1480,0.9107636423214861,27322.909269644584,17.549865267807867,15.0,3.0385609717927204,0,0,28.014114482203524
1481,0.9120250997830394,27360.75299349118,17.62041091788216,15.0,3.104893820282051,0,0,28.014114482203524
1482,0.9132768956025591,27398.306868076772,17.69403644663703,15.0,3.174122625158045,0,0,28.014114482203524
1483,0.9145186006481016,27435.558019443048,17.770720037239386,15.0,3.246226872431794,0,0,28.014114482203524
1484,0.9157497887778377,27472.49366333513,17.85043896668635,15.0,3.3211851960586665,0,0,28.014114482203524
1485,0.9169700369663268,27509.101108989806,17.93316961253861,15.0,3.3989753842696064,0,0,28.014114482203524
1486,0.9181789254298696,27545.367762896087,18.018887459920396,15.0,3.4795743861530615,0,0,28.014114482203524
1487,0.9193760377508978,27581.281132526936,18.107567108783517,15.0,3.5629583184852365,0,0,28.014114482203524
1488,0.920560961001369,27616.828830041068,18.199182281434197,15.0,3.6491024728074617,0,0,28.014114482203524
1489,0.9217332858651246,27651.998575953738,18.29370583031957,15.0,3.737981322747668,0,0,28.014114482203524
1490,0.9228926067591807,27686.778202775422,18.39110974607206,15.0,3.8295685315844015,0,0,28.014114482203524
1491,0.9240385219539099,27721.155658617296,18.491365165809356,15.0,3.9238369600511436,0,0,28.014114482203524
1492,0.9251706336920826,27755.11901076248,18.594442381686864,15.0,4.0207586743780235,0,0,28.014114482203524
1493,0.9262885483067318,27788.656449201953,18.70031084970089,15.0,4.1203049545693045,0,0,28.014114482203524
1494,0.9273918763378042,27821.756290134126,18.808939198739612,15.0,4.222446302913862,0,0,28.014114482203524
1495,0.9284802326475663,27854.40697942699,18.920295239878747,15.0,4.327152452725727,0,0,28.014114482203524
1496,0.9295532365347284,27886.597096041853,19.03434597592009,15.0,4.43439237731299,0,0,28.014114482203524
1497,0.9306105118472554,27918.31535541766,19.151057611169115,15.0,4.544134299171566,0,0,28.014114482203524
1498,0.9316516870938278,27949.550612814834,19.270395561449437,15.0,4.656345699401562,0,0,28.014114482203524
1499,0.9326763955539235,27980.291866617703,19.392324464350935,15.0,4.77099332734344,0,0,28.014114482203524
1500,0.9336842753864842,28010.52826159453,19.51680818970819,15.0,4.888043210430695,0,0,28.014114482203524
1501,0.934674969737138,28040.24909211414,19.643809850306752,15.0,5.007460664256775,0,0,28.014114482203524
1502,0.9356481268439413,28069.44380531824,19.77329181281377,15.0,5.129210302852972,0,0,28.014114482203524
1503,0.9366034001416145,28098.102004248434,19.905215708929212,15.0,5.2532560491737215,0,0,28.014114482203524
1504,0.9375404483642369,28126.213450927105,20.039542446755554,15.0,5.379561145787287,0,0,28.014114482203524
1505,0.9384589356463706,28153.768069391117,20.17623222238135,15.0,5.5080881657676555,0,0,28.014114482203524
1506,0.9393585316225851,28180.755948677554,20.31524453167612,15.0,5.638799023784994,0,0,28.014114482203524
1507,0.9402389115253517,28207.16734576055,20.45653818229239,15.0,5.771654987391019,0,0,28.014114482203524
1508,0.9410997562812785,28232.992688438357,20.60007130587224,15.0,5.906616688496554,0,0,28.014114482203524
1509,0.9419407526056598,28258.222578169793,20.745801370453396,15.0,6.043644135036798,0,0,28.014114482203524
1510,0.9427615930953079,28282.847792859237,20.893685193072546,15.0,6.182696722821991,0,0,28.014114482203524
1511,0.9435619763196443,28306.85928958933,21.043678952561542,15.0,6.323733247569453,0,0,28.014114482203524
1512,0.94434160691002,28330.2482073006,21.195738202532297,15.0,6.466711917113056,0,0,28.014114482203524
1513,0.9451001956472387,28353.00586941716,21.349817884547324,15.0,6.6115903637872835,0,0,28.014114482203524
1514,0.9458374595472596,28375.12378641779,21.505872341471573,15.0,6.758325656981681,0,0,28.014114482203524
1515,0.9465531219450516,28396.593658351547,21.66385533100142,15.0,6.906874315861979,0,0,28.014114482203524
1516,0.9472469125765746,28417.407377297237,21.823720039367657,15.0,7.05719232225473,0,0,28.014114482203524
1517,0.947918567658865,28437.557029765947,21.98541909520696,15.0,7.209235133690453,0,0,28.014114482203524
1518,0.9485678299682,28457.034899046,22.148904583599265,15.0,7.362957696602699,0,0,28.014114482203524
1519,0.949194448916319,28475.83346748957,22.314128060266185,15.0,7.518314459678601,0,0,28.014114482203524
1520,0.9497981806246778,28493.945418740335,22.481040565925678,15.0,7.6752593873562915,0,0,28.014114482203524
1521,0.9503787879967155,28511.363639901465,22.649592640800044,15.0,7.83374597346655,0,0,28.014114482203524
1522,0.9509360407881108,28528.081223643323,22.819734339271953,15.0,7.9937272550135905,0,0,28.014114482203524
1523,0.9514697156750089,28544.091470250267,22.991415244684042,15.0,8.155155826090876,0,0,28.014114482203524
1524,0.9519795963201969,28559.387889605907,23.164584484279015,15.0,8.317983851929016,0,0,28.014114482203524
1525,0.9524654734372091,28573.964203116273,23.339190744273797,15.0,8.482163083069777,0,0,28.014114482203524
1526,0.9529271448523435,28587.814345570307,23.515182285065173,15.0,8.64764486966362,0,0,28.014114482203524
1527,0.95336441556457,28600.932466937098,23.69250695656154,15.0,8.814380175885928,0,0,28.014114482203524
1528,0.9537770978033128,28613.312934099384,23.87111221363565,15.0,8.98231959446692,0,0,28.014114482203524
1529,0.9541650110840922,28624.950332522767,24.05094513169525,15.0,9.151413361332473,0,0,28.014114482203524
1530,0.954527982262005,28635.83946786015,24.2319524223656,15.0,9.321611370350126,0,0,28.014114482203524
1531,0.9548658455830313,28645.97536749094,24.41408044928007,15.0,9.49286318817667,0,0,28.014114482203524
1532,0.9551784427331511,28655.353281994532,24.59727524397351,15.0,9.665118069202455,0,0,28.014114482203524
1533,0.955465622885256,28663.96868655768,24.781482521874747,15.0,9.838324970588813,0,0,28.014114482203524
1534,0.9557272427438431,28671.817282315293,24.96664769839166,15.0,10.012432567392608,0,0,28.014114482203524
1535,0.9559631665874756,28678.89499762427,25.152715905086417,15.0,10.187389267775503,0,0,28.014114482203524
1536,0.9561732663090009,28685.197989270026,25.339632005933574,15.0,10.36314322829119,0,0,28.014114482203524
1537,0.9563574214535107,28690.72264360532,25.52734061365851,15.0,10.539642369248124,0,0,28.014114482203524
1538,0.9565155192540351,28695.465577621053,25.71578610614967,15.0,10.716834390141676,0,0,28.014114482203524
1539,0.9566474546649575,28699.423639948724,25.90491264294068,15.0,10.894666785151973,0,0,28.014114482203524
1540,0.9567531303931419,28702.593911794258,26.094664181756894,15.0,11.073086858702329,0,0,28.014114482203524
1541,0.9568324569267633,28704.9737078029,26.284984495122334,15.0,11.252041741074477,0,0,28.014114482203524
1542,0.9568853525618314,28706.560576854943,26.47581718702059,15.0,11.431478404074493,0,0,28.014114482203524
1543,0.9569117434264017,28707.352302792053,26.667105709606588,15.0,11.611343676746614,0,0,28.014114482203524
1544,0.9569115635024653,28707.34690507396,26.85879337996273,15.0,11.79158426112873,0,0,28.014114482203524
1545,0.956884754645511,28706.542639365332,27.05082339689534,15.0,11.97214674804578,0,0,28.014114482203524
1546,0.9568312666017558,28704.937998052672,27.24313885776605,15.0,12.152977632936032,0,0,28.014114482203524
1547,0.9567510570230348,28702.531710691044,27.43568277535334,15.0,12.334023331705684,0,0,28.014114482203524
1548,0.9566440914793511,28699.322744380534,27.62839809473887,15.0,12.51523019660679,0,0,28.014114482203524
1549,0.9565103434690776,28695.31030407233,27.821227710214522,15.0,12.696544532134665,0,0,28.014114482203524
1550,0.9563497944268101,28690.493832804303,28.014114482203556,15.0,12.877912610938534,0,0,28.014114482203524
1551,0.9561624337288682,28684.873011866046,28.207001254192505,15.0,13.059280689742323,0,0,28.014114482203524
1552,0.9559482586964442,28678.447760893327,28.39983086966812,15.0,13.240595025270162,0,0,28.014114482203524
1553,0.9557072745963962,28671.218237891884,28.59254618905373,15.0,13.421801890171343,0,0,28.014114482203524
1554,0.9554394946396875,28663.184839190624,28.785090106640936,15.0,13.60284758894092,0,0,28.014114482203524
1555,0.9551449399774722,28654.348199324166,28.97740556751169,15.0,13.783678473831209,0,0,28.014114482203524
1556,0.9548236396948275,28644.709190844827,29.169435584444262,15.0,13.964240960748223,0,0,28.014114482203524
1557,0.9544756308021353,28634.268924064058,29.361123254800443,15.0,14.144481545130379,0,0,28.014114482203524
1558,0.9541009582241146,28623.028746723438,29.55241177738648,15.0,14.324346817802533,0,0,28.014114482203524
1559,0.9536996747865103,28610.990243595308,29.743244469284694,15.0,14.503783480802515,0,0,28.014114482203524
1560,0.953271841200439,28598.155236013168,29.933564782650137,15.0,14.682738363174659,0,0,28.014114482203524
1561,0.9528175260443994,28584.52578133198,30.123316321466387,15.0,14.861158436725056,0,0,28.014114482203524
1562,0.9523368057439507,28570.104172318523,30.31244285825732,15.0,15.03899083173528,0,0,28.014114482203524
1563,0.9518297645490669,28554.892936472006,30.500888350748518,15.0,15.216182852628865,0,0,28.014114482203524
1564,0.9512964945091702,28538.894835275107,30.688596958473493,15.0,15.392681993585839,0,0,28.014114482203524
1565,0.9507370954458564,28522.112863375693,30.87551305932061,15.0,15.568435954101489,0,0,28.014114482203524
1566,0.9501516749233143,28504.55024769943,31.06158126601537,15.0,15.743392654484383,0,0,28.014114482203524
1567,0.9495403482164528,28486.210446493584,31.246746442532285,15.0,15.917500251288178,0,0,28.014114482203524
1568,0.9489032382767424,28467.097148302273,31.43095372043352,15.0,16.090707152674533,0,0,28.014114482203524
1569,0.9482404756957822,28447.214270873465,31.614148515126995,15.0,16.262962033700358,0,0,28.014114482203524
1570,0.9475521986666019,28426.565959998057,31.796276542041422,15.0,16.434213851526863,0,0,28.014114482203524
1571,0.9468385529427135,28405.156588281403,31.977283832711777,15.0,16.60441186054452,0,0,28.014114482203524
1572,0.9460996917949203,28382.990753847607,32.157116750771415,15.0,16.77350562741011,0,0,28.014114482203524
1573,0.9453357759659001,28360.073278977005,32.33572200784549,15.0,16.941445045991063,0,0,28.014114482203524
1574,0.9445469736225734,28336.409208677203,32.51304667934186,15.0,17.10818035221337,0,0,28.014114482203524
1575,0.943733460306272,28312.00380918816,32.68903822013327,15.0,17.273662138807246,0,0,28.014114482203524
1576,0.9428954188807225,28286.862566421674,32.863644480128016,15.0,17.437841369947975,0,0,28.014114482203524
1577,0.9420330394778592,28260.991184335777,33.03681371972294,15.0,17.600669395786085,0,0,28.014114482203524
1578,0.9411465194414846,28234.39558324454,33.208494625135074,15.0,17.762097966863404,0,0,28.014114482203524
1579,0.9402360632687919,28207.08189806376,33.37863632360695,15.0,17.92207924841041,0,0,28.014114482203524
1580,0.9393018825497682,28179.056476493046,33.54718839848138,15.0,18.080565834520733,0,0,28.014114482203524
1581,0.9383441959044954,28150.32587713486,33.71410090414084,15.0,18.23751076219839,0,0,28.014114482203524
1582,0.9373632289183687,28120.89686755106,33.879324380807766,15.0,18.392867525274294,0,0,28.014114482203524
1583,0.9363592140752509,28090.776422257528,34.04280986920014,15.0,18.546590088186605,0,0,28.014114482203524
1584,0.9353323906885823,28059.971720657468,34.20450892503938,15.0,18.69863289962226,0,0,28.014114482203524
1585,0.9342830048304666,28028.490144913998,34.36437363340557,15.0,18.848950906014984,0,0,28.014114482203524
1586,0.9332113092587551,27996.33927776265,34.5223566229355,15.0,18.997499564895342,0,0,28.014114482203524
1587,0.9321175633421482,27963.526900264445,34.67841107985967,15.0,19.144234858089682,0,0,28.014114482203524
1588,0.9310020329833399,27930.060989500198,34.83249076187474,15.0,19.28911330476394,0,0,28.014114482203524
1589,0.9298649905402243,27895.94971620673,34.98455001184546,15.0,19.43209197430751,0,0,28.014114482203524
1590,0.9287067147451906,27861.20144235572,35.13454377133449,15.0,19.573128499055006,0,0,28.014114482203524
1591,0.927527490622528,27825.82471867584,35.2824275939537,15.0,19.712181086840253,0,0,28.014114482203524
1592,0.9263276094039676,27789.82828211903,35.428157658534786,15.0,19.84920853338044,0,0,28.014114482203524
1593,0.9251073684423838,27753.221053271514,35.571690782114615,15.0,19.98417023448595,0,0,28.014114482203524
1594,0.9238670711236822,27716.012133710465,35.71298443273094,15.0,20.117026198092027,0,0,28.014114482203524
1595,0.9226070267768998,27678.210803306993,35.85199674202565,15.0,20.247737056109315,0,0,28.014114482203524
1596,0.9213275505825442,27639.826517476326,35.98868651765149,15.0,20.376264076089708,0,0,28.014114482203524
1597,0.9200289634791989,27600.86890437597,36.12301325547785,15.0,20.5025691727033,0,0,28.014114482203524
1598,0.9187115920684226,27561.347762052676,36.25493715159327,15.0,20.626614919024025,0,0,28.014114482203524
1599,0.9173757685179685,27521.273055539055,36.38441911410028,15.0,20.748364557620224,0,0,28.014114482203524
1600,0.9160218304633583,27480.654913900747,36.51142077469885,15.0,20.8677820114463,0,0,28.014114482203524
1601,0.9146501209078314,27439.503627234943,36.6359045000561,15.0,20.984831894533556,0,0,28.014114482203524
1602,0.913260988120707,27397.82964362121,36.75783340295758,15.0,21.099479522475413,0,0,28.014114482203524
1603,0.9118547855341835,27355.643566025505,36.8771713532379,15.0,21.211690922705408,0,0,28.014114482203524
1604,0.9104318716386093,27312.95614915828,36.993882988486945,15.0,21.321432844564008,0,0,28.014114482203524
1605,0.9089926098762544,27269.778296287634,37.10793372452831,15.0,21.42867276915129,0,0,28.014114482203524
1606,0.9075373685336146,27226.121056008436,37.219289765667426,15.0,21.533378918963137,0,0,28.014114482203524
1607,0.9060665206322801,27181.9956189684,37.32791811470615,15.0,21.635520267307694,0,0,28.014114482203524
1608,0.9045804438184011,27137.41331455203,37.43378658272019,15.0,21.735066547498995,0,0,28.014114482203524
1609,0.9030795202507838,27092.385607523513,37.53686379859768,15.0,21.831988261825856,0,0,28.014114482203524
1610,0.9015641364876473,27046.92409462942,37.63711921833496,15.0,21.92625669029258,0,0,28.014114482203524
1611,0.9000346833720793,27001.040501162377,37.73452313408747,15.0,22.017843899129332,0,0,28.014114482203524
1612,0.8984915559162197,26954.74667748659,37.82904668297282,15.0,22.106722749069522,0,0,28.014114482203524
1613,0.8969351531842109,26908.054595526326,37.92066185562353,15.0,22.192866903391764,0,0,28.014114482203524
1614,0.8953658781739461,26860.976345218383,38.00934150448664,15.0,22.276250835723943,0,0,28.014114482203524
1615,0.8937841376976522,26813.524130929567,38.09505935186843,15.0,22.356849837607395,0,0,28.014114482203524
1616,0.8921903422613431,26765.71026784029,38.17778999772071,15.0,22.43464002581835,0,0,28.014114482203524
1617,0.8905849059431769,26717.547178295306,38.25750892716765,15.0,22.50959834944521,0,0,28.014114482203524
1618,0.8889682462707567,26669.0473881227,38.33419251776999,15.0,22.581702596718944,0,0,28.014114482203524
1619,0.8873407840974076,26620.223522922228,38.407818046524895,15.0,22.650931401594967,0,0,28.014114482203524
1620,0.8857029434774687,26571.08830432406,38.47836369659916,15.0,22.71726425008427,0,0,32.014114482203524
1621,0.8838716925508799,26516.1507765264,44.04957825650127,15.0,22.78068148633232,0,0,32.014114482203524
1622,0.8820306142349794,26460.918427049382,44.12308688262375,15.0,22.84116431844331,0,0,32.014114482203524
1623,0.8801801563736352,26405.404691209056,44.19300735889101,15.0,22.898694824048814,0,0,32.014114482203524
1624,0.8783207695900774,26349.623087702323,44.25931896635686,15.0,22.95325595561837,0,0,32.014114482203524
1625,0.8764529071533682,26293.587214601048,44.32200205546087,15.0,23.004831545511166,0,0,32.014114482203524
1626,0.874577024844089,26237.31074532267,44.381038051850965,15.0,23.053406310766846,0,0,32.014114482203524
1627,0.872693580819282,26180.807424578463,44.43640946188732,15.0,23.09896585763413,0,0,32.014114482203524
1628,0.8708030354766898,26124.091064300694,44.48809987782609,15.0,23.141496685836014,0,0,32.014114482203524
1629,0.868905851318328,26067.17553954984,44.5360939826815,15.0,23.18098619257023,0,0,32.014114482203524
1630,0.8670024928134369,26010.074784403107,44.580377554764475,15.0,23.217422676243675,0,0,32.014114482203524
1631,0.8650934262608487,25952.80278782546,44.62093747189685,15.0,23.25079533993985,0,0,32.014114482203524
1632,0.8631791196508135,25895.373589524406,44.657761715299884,15.0,23.281094294618285,0,0,32.014114482203524
1633,0.8612600425263235,25837.801275789705,44.690839373155484,15.0,23.30831056204479,0,0,32.014114482203524
1634,0.8593366658439773,25780.099975319317,44.72016064383977,15.0,23.33243607745197,0,0,32.014114482203524
1635,0.857409461834425,25722.28385503275,44.74571683882742,15.0,23.35346369192892,0,0,32.014114482203524
1636,0.855478903862437,25664.36711587311,44.76750038526632,15.0,23.371387174539663,0,0,32.014114482203524
1637,0.8535454662866345,25606.363988599034,44.78550482822155,15.0,23.386201214169485,0,0,32.014114482203524
1638,0.8516096243189277,25548.28872956783,44.79972483258806,15.0,23.39790142109873,0,0,32.014114482203524
1639,0.8496718538837,25490.155616511,44.810156184671676,15.0,23.406484328303563,0,0,32.014114482203524
1640,0.8477326314767816,25431.978944303446,44.81679579343766,15.0,23.41194739248336,0,0,32.014114482203524
1641,0.8457924340242526,25373.773020727578,44.81964169142664,15.0,23.414288994814292,0,0,32.014114482203524
1642,0.843851738741121,25315.552162233627,44.81869303533761,15.0,23.41350844142906,0,0,32.014114482203524
1643,0.8419110229899119,25257.33068969736,44.813950106277844,15.0,23.409605963622468,0,0,32.014114482203524
1644,0.8399707641392165,25199.122924176492,44.80541430967959,15.0,23.40258271778292,0,0,32.014114482203524
1645,0.8380314394222355,25140.943182667063,44.7930881748836,15.0,23.39244078504973,0,0,32.014114482203524
1646,0.8360935257953662,25082.805773860986,44.77697535438962,15.0,23.379183170696443,0,0,32.014114482203524
1647,0.8341574997968694,25024.724993906082,44.757080622774126,15.0,23.36281380324033,0,0,32.014114482203524
1648,0.8322238374056607,24966.715122169822,44.733409875275434,15.0,23.343337533278227,0,0,32.014114482203524
1649,0.8302930139002681,24908.790417008044,44.7059701260469,15.0,23.32076013204927,0,0,32.014114482203524
1650,0.8283655037179964,24850.965111539892,44.67476950607843,15.0,23.295088289724703,0,0,32.014114482203524
1651,0.826441780314341,24793.253409430232,44.63981726078706,15.0,23.266329613425448,0,0,32.014114482203524
1652,0.8245223160226933,24735.6694806808,44.60112374727741,15.0,23.23449262496794,0,0,32.014114482203524
1653,0.8226075819143779,24678.227457431338,44.55870043127263,15.0,23.199586758338995,0,0,32.014114482203524
1654,0.8206980476590638,24620.941429771916,44.51255988371678,15.0,23.16162235690019,0,0,32.014114482203524
1655,0.8187941813855917,24563.82544156775,44.462715777049944,15.0,23.120610670323032,0,0,32.014114482203524
1656,0.8168964495432567,24506.8934862977,44.40918288115659,15.0,23.076563851255333,0,0,32.014114482203524
1657,0.8150053167635892,24450.159502907678,44.35197705898916,15.0,23.02949495172022,0,0,32.014114482203524
1658,0.8131212457226757,24393.637371680274,44.29111526186735,15.0,22.97941791924844,0,0,32.014114482203524
1659,0.8112446970040567,24337.3409101217,44.226615524455156,15.0,22.926347592745476,0,0,32.014114482203524
1660,0.809376128962246,24281.28386886738,44.15849695941675,15.0,22.870299698094396,0,0,32.014114482203524
1661,0.8075159975869111,24225.47992760733,44.08677975175315,15.0,22.81129084349604,0,0,32.014114482203524
1662,0.8056647563677527,24169.942691032582,44.01148515282069,15.0,22.749338514547492,0,0,32.014114482203524
1663,0.8038228561601269,24114.685684803808,43.932635474034065,15.0,22.684461069060887,0,0,32.014114482203524
1664,0.801990745051446,24059.72235154338,43.850254080254835,15.0,22.61667773162352,0,0,32.014114482203524
1665,0.8001688682284012,24005.066046852036,43.764365382867865,15.0,22.546008587901092,0,0,32.014114482203524
1666,0.7983576678450441,23950.730035351324,43.67499483254787,15.0,22.47247457868613,0,0,32.014114482203524
1667,0.7965575828917665,23896.727486752996,43.582168911717645,15.0,22.396097493692494,0,0,32.014114482203524
1668,0.7947690490652187,23843.071471956562,43.485915126700874,15.0,22.316899965098834,0,0,32.014114482203524
1669,0.7929924986392028,23789.774959176084,43.386261999571445,15.0,22.234905460842135,0,0,32.014114482203524
1670,0.7912283603365805,23736.850810097414,43.28323905970154,15.0,22.150138277663537,0,0,32.014114482203524
1671,0.7894770592022335,23684.311776067007,43.17687683501168,15.0,22.06262353390886,0,0,32.014114482203524
1672,0.7877390164771136,23632.17049431341,43.0672068429246,15.0,21.972387162085454,0,0,32.014114482203524
1673,0.7860146494734199,23580.439484202598,42.954261581025705,15.0,21.879455901177664,0,0,32.014114482203524
1674,0.78430437145094,23529.1311435282,42.83807451743375,15.0,21.78385728872378,0,0,32.014114482203524
1675,0.7826085914945923,23478.257744837767,42.71868008088317,15.0,21.68561965265585,0,0,32.014114482203524
1676,0.7809277143932051,23427.831431796152,42.596113650522256,15.0,21.584772102905564,0,0,32.014114482203524
1677,0.7792621405195694,23377.864215587084,42.47041154542954,15.0,21.48134452277841,0,0,32.014114482203524
1678,0.7776122657117996,23328.36797135399,42.341611013851576,15.0,21.375367560098475,0,0,32.014114482203524
1679,0.775978481156038,23279.35443468114,42.20975022216564,15.0,21.266872618127,0,0,32.014114482203524
1680,0.7743611732705377,23230.83519811613,42.07486824357017,15.0,21.15589184625686,0,0,32.014114482203524
1681,0.772760723591159,23182.82170773477,41.937005046506314,15.0,21.042458130485823,0,0,32.014114482203524
1682,0.7711775086583121,23135.325259749363,41.79620148281476,15.0,20.926605083672044,0,0,32.014114482203524
1683,0.7696118999053796,23088.356997161387,41.65249927563019,15.0,20.808367035573582,0,0,32.014114482203524
1684,0.7680642635486532,23041.927906459598,41.50594100701795,15.0,20.687779022675876,0,0,32.014114482203524
1685,0.7665349604788155,22996.048814364465,41.356570105356,15.0,20.56487677780963,0,0,32.014114482203524
1686,0.7650243461540007,22950.730384620023,41.20443083246625,15.0,20.439696719562512,0,0,32.014114482203524
1687,0.7635327704944647,22905.98311483394,41.04956827049858,15.0,20.312275941487293,0,0,32.014114482203524
1688,0.7620605777788954,22861.81733336686,40.89202830857245,15.0,20.182652201110585,0,0,32.014114482203524
1689,0.7606081065423965,22818.243196271895,40.73185762917842,15.0,20.05086390874406,0,0,32.014114482203524
1690,0.7591756894761719,22775.270684285155,40.56910369434567,15.0,19.916950116103056,0,0,32.014114482203524
1691,0.7577636533289418,22732.909599868253,40.403814731577576,15.0,19.780950504734403,0,0,32.014114482203524
1692,0.7563723188101203,22691.16956430361,40.23603971956103,15.0,19.642905374258056,0,0,32.014114482203524
1693,0.7550020004947825,22650.060014843475,40.06582837365294,15.0,19.502855630425408,0,0,32.014114482203524
1694,0.7536530067304484,22609.590201913452,39.89323113114867,15.0,19.36084277299816,0,0,32.014114482203524
1695,0.7523256395457136,22569.76918637141,39.71829913633598,15.0,19.21690888345075,0,0,32.014114482203524
1696,0.7510201945607515,22530.605836822546,39.54108422534034,15.0,19.071096612501048,0,0,32.014114482203524
1697,0.7497369608997144,22492.108826991433,39.36163891076458,15.0,18.923449167471883,0,0,32.014114482203524
1698,0.74847622110506,22454.286633151798,39.180016366128,15.0,18.774010299487593,0,0,32.014114482203524
1699,0.7472382510538277,22417.14753161483,38.996270410110455,15.0,18.62282429051004,0,0,32.014114482203524
1700,0.7460233198758911,22380.699596276732,38.81045549060417,15.0,18.469935940216452,0,0,32.014114482203524
1701,0.7448316898742078,22344.950696226235,38.622626668580004,15.0,18.31539055272461,0,0,32.014114482203524
1702,0.7436636164470947,22309.90849341284,38.43283960177172,15.0,18.159233923168305,0,0,32.014114482203524
1703,0.7425193480125464,22275.58044037639,38.24115052818299,15.0,18.001512324126864,0,0,32.014114482203524
1704,0.7413991259346251,22241.97377803875,38.0476162494234,15.0,17.842272491914073,0,0,32.014114482203524
1705,0.7403031844519383,22209.09553355815,37.852294113876624,15.0,17.681561612728956,0,0,32.014114482203524
1706,0.7392317506082292,22176.952518246875,37.65524199970667,15.0,17.5194273086733,0,0,32.014114482203524
1707,0.7381850441850987,22145.55132555296,37.45651829770782,15.0,17.355917623640657,0,0,32.014114482203524
1708,0.7371632776368789,22114.898329106367,37.25618189400173,15.0,17.191081009079475,0,0,32.014114482203524
1709,0.7361666560276794,22084.99968083038,37.054292152588445,15.0,17.02496630963613,0,0,32.014114482203524
1710,0.7351953769706211,22055.861309118634,36.85090889775553,15.0,16.85762274868115,0,0,32.014114482203524
1711,0.7342496305692804,22027.48891707841,36.64609239635063,15.0,16.689099913723105,0,0,32.014114482203524
1712,0.7333295993613562,21999.887980840685,36.439903339923504,15.0,16.51944774171509,0,0,32.014114482203524
1713,0.7324354582645807,21973.06374793742,36.23240282674156,15.0,16.348716504257126,0,0,32.014114482203524
1714,0.7315673745248875,21947.021235746626,36.023652343684944,15.0,16.17695679269942,0,0,32.014114482203524
1715,0.7307255076668531,21921.765230005592,35.813713748027084,15.0,16.00421950315149,0,0,32.014114482203524
1716,0.7299100094464259,21897.30028339278,35.6026492491047,15.0,15.830555821400171,0,0,32.014114482203524
1717,0.7291210238059581,21873.630714178744,35.39052138988396,15.0,15.656017207742327,0,0,32.014114482203524
1718,0.7283586868315521,21850.760604946565,35.177393028427595,15.0,15.48065538173601,0,0,32.014114482203524
1719,0.7276231267127357,21828.69380138207,34.963327319268934,15.0,15.304522306874988,0,0,32.014114482203524
1720,0.7269144637044758,21807.433911134274,34.748387694697335,15.0,15.12767017519046,0,0,32.014114482203524
1721,0.7262328100915459,21786.98430274638,34.53263784596251,15.0,14.950151391785976,0,0,32.014114482203524
1722,0.7255782701552522,21767.348104657565,34.316141704400735,15.0,14.772018559308075,0,0,32.014114482203524
1723,0.7249509401425334,21748.528204276,34.098963422491245,15.0,14.593324462359554,0,0,32.014114482203524
1724,0.7243509082374405,21730.527247123217,33.88116735484603,15.0,14.41412205185784,0,0,32.014114482203524
1725,0.7237782545350064,21713.34763605019,33.66281803914035,15.0,14.234464429344662,0,0,32.014114482203524
1726,0.7232330510175116,21696.991530525345,33.44398017698876,15.0,14.054404831250867,0,0,32.014114482203524
1727,0.7227153615331541,21681.46084599462,33.22471861477287,15.0,13.873996613121491,0,0,32.014114482203524
1728,0.7222252417771302,21666.757253313906,33.005098324425425,15.0,13.693293233804939,0,0,32.014114482203524
1729,0.721762739275131,21652.88217825393,32.78518438417836,15.0,13.512348239612475,0,0,32.014114482203524
1730,0.7213278933692588,21639.836801077767,32.565041959278375,15.0,13.331215248451066,0,0,32.014114482203524
1731,0.7209207352063699,21627.622056191096,32.34473628267689,15.0,13.149947933935056,0,0,32.014114482203524
1732,0.7205412877288444,21616.238631865333,32.12433263570053,15.0,12.968600009481836,0,0,32.014114482203524
1733,0.7201895656677888,21605.686970033665,31.903896328706587,15.0,12.787225212395235,0,0,32.014114482203524
1734,0.7198655755386699,21595.967266160096,31.683492681730183,15.0,12.60587728794198,0,0,32.014114482203524
1735,0.7195693156393848,21587.079469181543,31.46318700512875,15.0,12.424609973426005,0,0,32.014114482203524
1736,0.7193007760507649,21579.023281522946,31.24304458022867,15.0,12.243476982264523,0,0,32.014114482203524
1737,0.7190599386395153,21571.79815918546,31.0231306399816,15.0,12.06253198807206,0,0,32.014114482203524
1738,0.7188467770635883,21565.403311907652,30.80351034963425,15.0,11.88182860875558,0,0,32.014114482203524
1739,0.7186612567799888,21559.837703399666,30.584248787418275,15.0,11.701420390626126,0,0,32.014114482203524
1740,0.7185033350550101,21555.1000516503,30.365410925266733,15.0,11.521360792532372,0,0,32.014114482203524
1741,0.7183729609768968,21551.188829306906,30.147061609561092,15.0,11.341703170019233,0,0,32.014114482203524
1742,0.7182700754709319,21548.102264127956,29.92926554191583,15.0,11.16250075951748,0,0,32.014114482203524
1743,0.7181946113169403,21545.83833950821,29.712087260006385,15.0,10.983806662568995,0,0,32.014114482203524
1744,0.7181464931692094,21544.39479507628,29.495591118444608,15.0,10.805673830091095,0,0,32.014114482203524
1745,0.7181256375788141,21543.769127364423,29.2798412697097,15.0,10.628155046686535,0,0,32.014114482203524
1746,0.7181319530183455,21543.958590550366,29.064901645138185,15.0,10.451302915002081,0,0,32.014114482203524
1747,0.718165339909032,21544.96019727096,28.85083593597944,15.0,10.275169840140986,0,0,32.014114482203524
1748,0.7182256906502469,21546.770719507407,28.63770757452312,15.0,10.099808014134705,0,0,32.014114482203524
1749,0.7183128896513925,21549.386689541774,28.425579715302376,15.0,9.925269400476864,0,0,32.014114482203524
1750,0.7184268133661524,21552.804400984573,28.21451521637999,15.0,9.751605718725541,0,0,32.014114482203524
1751,0.7185673303291009,21557.019909873026,28.004576620722094,15.0,9.578868429177575,0,0,32.014114482203524
1752,0.7187343011946584,21562.029035839754,27.795826137665554,15.0,9.407108717619941,0,0,32.014114482203524
1753,0.7189275787783839,21567.827363351516,27.58832562448353,15.0,9.23637748016191,0,0,32.014114482203524
1754,0.7191470081005871,21574.410243017614,27.38213656805644,15.0,9.066725308153925,0,0,32.014114482203524
1755,0.719392426432254,21581.77279296762,27.177320066651582,15.0,8.898202473195918,0,0,32.014114482203524
1756,0.7196636633432656,21589.909900297967,26.973936811818625,15.0,8.730858912240901,0,0,32.014114482203524
1757,0.719960540752901,21598.81622258703,26.772047070405346,15.0,8.564744212797555,0,0,32.014114482203524
1758,0.7202828729826061,21608.486189478182,26.571710666699264,15.0,8.399907598236378,0,0,32.014114482203524
1759,0.7206304668110142,21618.914004330425,26.372986964700367,15.0,8.236397913203694,0,0,32.014114482203524
1760,0.7210031215312018,21630.093645936056,26.175934850530496,15.0,8.074263609148108,0,0,32.014114482203524
1761,0.7214006290101623,21642.01887030487,25.98061271498364,15.0,7.913552729962921,0,0,32.014114482203524
1762,0.7218227737504802,21654.683212514406,25.787078436224043,15.0,7.754312897750129,0,0,32.014114482203524
1763,0.7222693329541877,21668.07998862563,25.595389362635395,15.0,7.596591298708759,0,0,32.014114482203524
1764,0.7227400765887848,21682.202297663545,25.405602295827073,15.0,7.440434669152418,0,0,32.014114482203524
1765,0.7232347674554027,21697.04302366208,25.217773473802904,15.0,7.285889281660582,0,0,32.014114482203524
1766,0.7237531612590906,21712.594837772718,25.031958554296654,15.0,7.133000931367023,0,0,32.014114482203524
1767,0.7242950066812064,21728.85020043619,24.848212598279034,15.0,6.981814922389406,0,0,32.014114482203524
1768,0.7248600454538866,21745.8013636166,24.666590053642526,15.0,6.8323760544051755,0,0,32.014114482203524
1769,0.7254480124365783,21763.44037309735,24.48714473906669,15.0,6.684728609375952,0,0,32.014114482203524
1770,0.7260586356946044,21781.759070838132,24.30992982807106,15.0,6.538916338426248,0,0,32.014114482203524
1771,0.7266916365797446,21800.749097392338,24.134997833258435,15.0,6.3949824488788956,0,0,32.014114482203524
1772,0.727346729812805,21820.40189438415,23.962400590754093,15.0,6.25296959145159,0,0,32.014114482203524
1773,0.7280236235681521,21840.708707044563,23.79218924484604,15.0,6.112919847618974,0,0,32.014114482203524
1774,0.7287220195601871,21861.660586805614,23.62441423282953,15.0,5.974874717142654,0,0,32.014114482203524
1775,0.7294416131317345,21883.248393952035,23.4591252700614,15.0,5.838875105773971,0,0,32.014114482203524
1776,0.7301820933443184,21905.46280032955,23.296371335228617,15.0,5.704961313132939,0,0,32.014114482203524
1777,0.7309431430703003,21928.294292109007,23.136200655834656,15.0,5.573173020766471,0,0,32.014114482203524
1778,0.731724439086851,21951.73317260553,22.978660693908452,15.0,5.443549280389707,0,0,32.014114482203524
1779,0.7325256521717288,21975.769565151866,22.823798131940855,15.0,5.316128502314539,0,0,32.014114482203524
1780,0.7333464472008346,22000.39341602504,22.671658859051043,15.0,5.190948444067373,0,0,32.014114482203524
1781,0.7341864832475165,22025.594497425493,22.522287957389107,15.0,5.068046199201149,0,0,32.014114482203524
1782,0.7350454136835937,22051.36241050781,22.375729688776904,15.0,4.94745818630347,0,0,32.014114482203524
1783,0.7359228862820704,22077.68658846211,22.232027481592308,15.0,4.829220138204985,0,0,32.014114482203524
1784,0.7368185433215078,22104.55629964523,22.091223917900724,15.0,4.713367091391181,0,0,32.014114482203524
1785,0.7377320216920247,22131.96065076074,21.953360720836915,15.0,4.599933375620189,0,0,32.014114482203524
1786,0.7386629530028949,22159.888590086844,21.818478742241396,15.0,4.4889526037500005,0,0,32.014114482203524
1787,0.7396109636917094,22188.328910751283,21.686617950555494,15.0,4.38045766177855,0,0,32.014114482203524
1788,0.7405756751350709,22217.270254052128,21.55781741897755,15.0,4.274480699098633,0,0,32.014114482203524
1789,0.7415567037607881,22246.70111282364,21.43211531388481,15.0,4.17105311897146,0,0,32.014114482203524
1790,0.742553661161536,22276.60983484608,21.30954888352389,15.0,4.0702055692211765,0,0,32.014114482203524
1791,0.7435661542099504,22306.984626298512,21.19015444697331,15.0,3.9719679331532403,0,0,32.014114482203524
1792,0.7445937851751192,22337.813555253575,21.07396738338133,15.0,3.8763693206993386,0,0,32.014114482203524
1793,0.7456361518404387,22369.08455521316,20.961022121482493,15.0,3.7834380597915906,0,0,32.014114482203524
1794,0.7466928476227995,22400.785428683987,20.85135212939536,15.0,3.693201687968143,0,0,32.014114482203524
1795,0.7477634616930654,22432.90385079196,20.744989904705527,15.0,3.6056869442134882,0,0,32.014114482203524
1796,0.7488475790978111,22465.427372934333,20.641966964835635,15.0,3.520919761034901,0,0,32.014114482203524
1797,0.7499447808822818,22498.343426468455,20.542313837706182,15.0,3.4389252567781874,0,0,32.014114482203524
1798,0.7510546442145388,22531.639326436165,20.44606005268941,15.0,3.3597277281845255,0,0,32.014114482203524
1799,0.7521767425107534,22565.302275322603,20.353234131859207,15.0,3.283350643190909,0,0,32.014114482203524
1800,0.753310645561613,22599.31936684839,20.263863581539177,15.0,3.2098166339759118,0,0,32.014114482203524
1801,0.7544559196598016,22633.67758979405,20.17797488415224,15.0,3.1391474902535172,0,0,32.014114482203524
1802,0.7556121277285165,22668.363831855495,20.095593490372984,15.0,3.071364152816119,0,0,32.014114482203524
1803,0.7567788294509832,22703.364883529495,20.016743811586352,15.0,3.006486707329512,0,0,32.014114482203524
1804,0.7579555814009313,22738.66744202794,19.941449212653925,15.0,2.9445343783809914,0,0,32.014114482203524
1805,0.7591419371739914,22774.25811521974,19.8697320049903,15.0,2.885525523782623,0,0,32.014114482203524
1806,0.7603374475199736,22810.123425599206,19.801613439951907,15.0,2.8294776291315453,0,0,32.014114482203524
1807,0.7615416604759907,22846.24981427972,19.737113702539716,15.0,2.776407302628585,0,0,32.014114482203524
1808,0.7627541215003841,22882.623645011525,19.67625190541789,15.0,2.7263302701567964,0,0,32.014114482203524
1809,0.763974373607415,22919.231208222453,19.61904608325045,15.0,2.6792613706216732,0,0,32.014114482203524
1810,0.7652019575026784,22956.05872508035,19.565513187357126,15.0,2.6352145515539944,0,0,32.014114482203524
1811,0.7664364117192018,22993.092351576055,19.515669080690266,15.0,2.594202864976822,0,0,32.014114482203524
1812,0.767677272754189,23030.31818262567,19.469528533134437,15.0,2.5562384635380266,0,0,32.014114482203524
1813,0.7689240752063646,23067.72225619094,19.427105217129633,15.0,2.5213325969090654,0,0,32.014114482203524
1814,0.7701763519138837,23105.29055741651,19.38841170361999,15.0,2.48949560845157,0,0,32.014114482203524
1815,0.7714336340927607,23143.00902278282,19.353459458328633,15.0,2.4607369321523187,0,0,32.014114482203524
1816,0.7726954514757811,23180.863544273434,19.322258838360145,15.0,2.4350650898277433,0,0,32.014114482203524
1817,0.7739613324518518,23218.839973555554,19.294819089131614,15.0,2.4124876885987825,0,0,32.014114482203524
1818,0.7752308042057491,23256.92412617247,19.27114834163293,15.0,2.3930114186366875,0,0,32.014114482203524
1819,0.7765033928582241,23295.101785746723,19.25125361001743,15.0,2.376642051180565,0,0,32.014114482203524
1820,0.777778623606424,23333.35870819272,19.235140789523452,15.0,2.3633844368272823,0,0,32.014114482203524
1821,0.779056020864586,23371.68062593758,19.222814654727458,15.0,2.3532425040940925,0,0,32.014114482203524
1822,0.7803351084049633,23410.0532521489,19.214278858129205,15.0,2.3462192582545436,0,0,32.014114482203524
1823,0.7816154094989424,23448.46228496827,19.209535929069443,15.0,2.342316780447953,0,0,32.014114482203524
1824,0.7828964470583072,23486.893411749217,19.208587272980413,15.0,2.3415362270627176,0,0,32.014114482203524
1825,0.7841777437766116,23525.33231329835,19.211433170969386,15.0,2.34387782939365,0,0,32.014114482203524
1826,0.7854588222706148,23563.764668118445,19.21807277973537,15.0,2.3493408935734434,0,0,32.014114482203524
1827,0.7867392052217405,23602.176156652215,19.228504131818994,15.0,2.3579238007782832,0,0,32.014114482203524
1828,0.7880184155175168,23640.552465525507,19.242724136185505,15.0,2.3696240077075235,0,0,32.014114482203524
1829,0.7892959763929552,23678.879291788657,19.26072857914072,15.0,2.384438047337343,0,0,32.014114482203524
1830,0.7905714115718253,23717.14234715476,19.282512125579625,15.0,2.4023615299480876,0,0,32.014114482203524
1831,0.7918442454077873,23755.32736223362,19.308068320567283,15.0,2.4233891444250415,0,0,32.014114482203524
1832,0.7931140030253351,23793.420090760053,19.33738959125156,15.0,2.44751465983221,0,0,32.014114482203524
1833,0.7943802104605124,23831.406313815372,19.370467249107165,15.0,2.4747309272587263,0,0,32.014114482203524
1834,0.7956423948013588,23869.271844040763,19.407291492510183,15.0,2.5050298819371544,0,0,32.014114482203524
1835,0.7969000843280433,23907.0025298413,19.44785140964258,15.0,2.538402545633341,0,0,32.014114482203524
1836,0.7981528086526454,23944.584259579362,19.49213498172555,15.0,2.574839029306782,0,0,32.014114482203524
1837,0.7994000988585414,23982.00296575624,19.540129086580944,15.0,2.6143285360409836,0,0,32.014114482203524
1838,0.8006414876393538,24019.244629180615,19.591819502519723,15.0,2.656859364242873,0,0,32.014114482203524
1839,0.8018765094374253,24056.29528312276,19.647190912556077,15.0,2.702418911110162,0,0,32.014114482203524
1840,0.8031047005817724,24093.141017453174,19.706226908946164,15.0,2.7509936763658294,0,0,32.014114482203524
1841,0.8043255994254823,24129.767982764468,19.7689099980502,15.0,2.8025692662586428,0,0,32.014114482203524
1842,0.8055387464825076,24166.16239447523,19.83522160551605,15.0,2.857130397828203,0,0,32.014114482203524
1843,0.8067436845638232,24202.310536914694,19.905142081783268,15.0,2.914660903433679,0,0,32.014114482203524
1844,0.8079399589129002,24238.198767387006,19.978650707905786,15.0,2.975143735544694,0,0,32.014114482203524
1845,0.8091271173404608,24273.813520213826,20.055725701691184,15.0,3.0385609717927187,0,0,32.014114482203524
1846,0.8103047103584716,24309.14131075415,20.13634422415543,15.0,3.1048938202820358,0,0,32.014114482203524
1847,0.8114722913133361,24344.168739400084,20.220482386290428,15.0,3.1741226251580583,0,0,32.014114482203524
1848,0.8126294165182486,24378.88249554746,20.308115256142834,15.0,3.2462268724317784,0,0,32.014114482203524
1849,0.8137756453846676,24413.269361540028,20.399216866202114,15.0,3.321185196058651,0,0,32.014114482203524
1850,0.8149105405528716,24447.316216586147,20.49376022109504,15.0,3.3989753842696215,0,0,32.014114482203524
1851,0.8160336680215589,24481.010040646765,20.591717305585096,15.0,3.479574386153044,0,0,32.014114482203524
1852,0.8171445972764507,24514.33791829352,20.69305909287415,15.0,3.562958318485253,0,0,32.014114482203524
1853,0.8182429014178627,24547.28704253588,20.797755553203423,15.0,3.6491024728074786,0,0,32.014114482203524
1854,0.8193281572872039,24579.844718616117,20.905775662752216,15.0,3.737981322747667,0,0,32.014114482203524
1855,0.8203999455923681,24611.99836777104,21.017087412830794,15.0,3.8295685315844192,0,0,32.014114482203524
1856,0.8214578510319787,24643.73553095936,21.131657819365287,15.0,3.923836960051122,0,0,32.014114482203524
1857,0.8225014624184519,24675.043872553557,21.249452932671673,15.0,4.020758674378003,0,0,32.014114482203524
1858,0.8235303727998405,24705.911183995217,21.370437847515614,15.0,4.120304954569325,0,0,32.014114482203524
1859,0.8245441795804225,24736.325387412675,21.49457671345572,15.0,4.2224463029138395,0,0,32.014114482203524
1860,0.8255424846399982,24766.27453919995,21.62183274546697,15.0,4.327152452725726,0,0,32.014114482203524
1861,0.8265248944518631,24795.74683355589,21.752168234840603,15.0,4.434392377312989,0,0,32.014114482203524
1862,0.827491020199417,24824.73060598251,21.885544560358266,15.0,4.5441342991715645,0,0,32.014114482203524
1863,0.8284404778913799,24853.214336741396,22.021922199736213,15.0,4.656345699401584,0,0,32.014114482203524
1864,0.829372888475576,24881.18665426728,22.16126074133666,15.0,4.770993327343462,0,0,32.014114482203524
1865,0.8302878779512557,24908.63633853767,22.30351889614246,15.0,4.888043210430667,0,0,32.014114482203524
1866,0.83118507747992,24935.5523243976,22.448654509992288,15.0,5.007460664256798,0,0,32.014114482203524
1867,0.8320641234946146,24961.92370483844,22.596624576071356,15.0,5.129210302852945,0,0,32.014114482203524
1868,0.8329246578076636,24987.73973422991,22.74738524765575,15.0,5.253256049173719,0,0,32.014114482203524
1869,0.8337663277168077,25012.98983150423,22.90089185110471,15.0,5.379561145787285,0,0,32.014114482203524
1870,0.8345887861097175,25037.663583291527,23.057098899098712,15.0,5.5080881657676555,0,0,32.014114482203524
1871,0.8353916915668508,25061.750747005524,23.21596010411822,15.0,5.638799023784966,0,0,32.014114482203524
1872,0.8361747084626218,25085.241253878652,23.377428392159707,15.0,5.771654987391043,0,0,32.014114482203524
1873,0.8369375070648549,25108.125211945648,23.54145591668456,15.0,5.906616688496523,0,0,32.014114482203524
1874,0.8376797636324912,25130.392908974736,23.707994072797394,15.0,6.043644135036768,0,0,32.014114482203524
1875,0.8384011605115201,25152.034815345603,23.87699351164829,15.0,6.182696722822017,0,0,32.014114482203524
1876,0.8391013862291068,25173.041586873205,24.048404155056154,15.0,6.32373324756945,0,0,32.014114482203524
1877,0.8397801355858886,25193.40406757666,24.222175210348126,15.0,6.4667119171130825,0,0,32.014114482203524
1878,0.840437109746412,25213.113292392358,24.3982551854101,15.0,6.611590363787282,0,0,32.014114482203524
1879,0.8410720163276839,25232.160489830516,24.57659190394545,15.0,6.758325656981649,0,0,32.014114482203524
1880,0.8416845694858114,25250.537084574342,24.757132520935667,15.0,6.906874315862009,0,0,32.014114482203524
1881,0.8422744900007034,25268.2347000211,24.939823538299425,15.0,7.057192322254698,0,0,32.014114482203524
1882,0.8428415053588091,25285.245160764272,25.12461082074564,15.0,7.20923513369042,0,0,32.014114482203524
1883,0.8433853498338704,25301.56049501611,25.311439611814414,15.0,7.362957696602727,0,0,32.014114482203524
1884,0.8439057645656615,25317.172936969844,25.50025455010278,15.0,7.518314459678567,0,0,32.014114482203524
1885,0.8444024976366955,25332.074929100865,25.690999685669716,15.0,7.67525938735629,0,0,32.014114482203524
1886,0.8448753041468727,25346.25912440618,25.883618496614815,15.0,7.833745973466579,0,0,32.014114482203524
1887,0.8453239462860495,25359.718388581485,26.07805390582739,15.0,7.993727255013589,0,0,32.014114482203524
1888,0.845748193404507,25372.44580213521,26.27424829789942,15.0,8.155155826090908,0,0,32.014114482203524
1889,0.8461478220812977,25384.43466243893,26.47214353619828,15.0,8.317983851928982,0,0,32.014114482203524
1890,0.8465226161904492,25395.678485713477,26.671680980094045,15.0,8.482163083069741,0,0,36.014114482203524
1891,0.8467604463244323,25402.813389732968,30.230420719606094,15.0,8.647644869663653,0,0,36.014114482203524
1892,0.8469721877999913,25409.16563399974,30.458384056581952,15.0,8.81438017588589,0,0,36.014114482203524
1893,0.8471576406566425,25414.729219699275,30.687993676385496,15.0,8.982319594466917,0,0,36.014114482203524
1894,0.8473166127237874,25419.498381713624,30.919181540730854,15.0,9.15141336133247,0,0,36.014114482203524
1895,0.847448919677657,25423.46759032971,31.151879143664438,15.0,9.321611370350126,0,0,36.014114482203524
1896,0.8475543850959305,25426.631552877916,31.386017531864457,15.0,9.49286318817663,0,0,36.014114482203524
1897,0.8476328405100135,25428.985215300407,31.621527325073426,15.0,9.665118069202489,0,0,36.014114482203524
1898,0.8476841254549592,25430.523763648776,31.858338736656744,15.0,9.838324970588774,0,0,36.014114482203524
1899,0.8477080875170167,25431.2426255105,32.09638159428256,15.0,10.012432567392644,0,0,36.014114482203524
1900,0.8477045823787949,25431.137471363847,32.33558536071457,15.0,10.187389267775464,0,0,36.014114482203524
1901,0.8476734738620274,25430.204215860824,32.57587915471453,15.0,10.363143228291186,0,0,36.014114482203524
1902,0.8476146339679244,25428.43901903773,32.81719177204517,15.0,10.539642369248122,0,0,36.014114482203524
1903,0.8475279429151015,25425.838287453043,33.05945170657008,15.0,10.716834390141674,0,0,36.014114482203524
1904,0.8474132891750739,25422.398675252214,33.30258717144225,15.0,10.894666785151934,0,0,36.014114482203524
1905,0.8472705695053043,25418.11708515913,33.5465261203762,15.0,11.073086858702364,0,0,36.014114482203524
1906,0.8470996889797966,25412.990669393897,33.791196268996586,15.0,11.252041741074438,0,0,36.014114482203524
1907,0.8469005610172236,25407.016830516706,34.03652511625813,15.0,11.431478404074493,0,0,36.014114482203524
1908,0.8466731074065832,25400.193222197497,34.2824399659287,15.0,11.611343676746648,0,0,36.014114482203524
1909,0.8464172583303744,25392.517749911232,34.52886794813093,15.0,11.791584261128726,0,0,36.014114482203524
1910,0.8461329523852855,25383.988571558566,34.775736040935506,15.0,11.972146748045777,0,0,36.014114482203524
1911,0.845820136600389,25374.60409801167,35.02297109199862,15.0,12.15297763293603,0,0,36.014114482203524
1912,0.8454787664528386,25364.362993585157,35.27049984023888,15.0,12.334023331705644,0,0,36.014114482203524
1913,0.8451088058810614,25353.264176431843,35.51824893754612,15.0,12.515230196606824,0,0,36.014114482203524
1914,0.8447102272954445,25341.306818863337,35.766144970515796,15.0,12.696544532134624,0,0,36.014114482203524
1915,0.8442830115865103,25328.49034759531,36.01411448220351,15.0,12.877912610938491,0,0,36.014114482203524
1916,0.8438271481305786,25314.814443917356,36.26208399389122,15.0,13.059280689742359,0,0,36.014114482203524
1917,0.8433426347929147,25300.279043787443,36.5099800268609,15.0,13.24059502527016,0,0,36.014114482203524
1918,0.8428294779283628,25284.884337850886,36.75772912416814,15.0,13.421801890171341,0,0,36.014114482203524
1919,0.8422876923794619,25268.630771383858,37.0052578724084,15.0,13.602847588940953,0,0,36.014114482203524
1920,0.8417173014720479,25251.51904416144,37.25249292347146,15.0,13.783678473831174,0,0,36.014114482203524
1921,0.8411183370083423,25233.550110250268,37.49936101627608,15.0,13.96424096074826,0,0,36.014114482203524
1922,0.8404908392575273,25214.72517772582,37.74578899847831,15.0,14.14448154513034,0,0,36.014114482203524
1923,0.8398348569438147,25195.04570831444,37.99170384814887,15.0,14.324346817802496,0,0,36.014114482203524
1924,0.8391504472320062,25174.513416960184,38.237032695410434,15.0,14.503783480802548,0,0,36.014114482203524
1925,0.8384376757105555,25153.130271316666,38.48170284403081,15.0,14.682738363174622,0,0,36.014114482203524
1926,0.8376966163721328,25130.89849116398,38.725641792964765,15.0,14.861158436725052,0,0,36.014114482203524
1927,0.8369273515916982,25107.820547750944,38.96877725783693,15.0,15.038990831735314,0,0,36.014114482203524
1928,0.8361299721020937,25083.89916306281,39.21103719236184,15.0,15.216182852628862,0,0,36.014114482203524
1929,0.8353045769671565,25059.137309014695,39.452349809692485,15.0,15.392681993585798,0,0,36.014114482203524
1930,0.8344512735523636,25033.53820657091,39.69264360369245,15.0,15.568435954101524,0,0,36.014114482203524
1931,0.8335701774930179,25007.105324790537,39.93184737012445,15.0,15.743392654484344,0,0,36.014114482203524
1932,0.8326614126599824,24979.842379799473,40.169890227750265,15.0,15.91750025128821,0,0,36.014114482203524
1933,0.8317251111229754,24951.753333689263,40.40670163933359,15.0,16.0907071526745,0,0,36.014114482203524
1934,0.8307614131114346,24922.84239334304,40.64221143254256,15.0,16.262962033700354,0,0,36.014114482203524
1935,0.8297704669729644,24893.114009188932,40.876349820742576,15.0,16.434213851526863,0,0,36.014114482203524
1936,0.8287524291293772,24862.572873881316,41.10904742367616,15.0,16.604411860544516,0,0,36.014114482203524
1937,0.8277074640303423,24831.22392091027,41.34023528802152,15.0,16.77350562741007,0,0,36.014114482203524
1938,0.8266357441046562,24799.072323139688,41.569844907825065,15.0,16.941445045991095,0,0,36.014114482203524
1939,0.8255374497091477,24766.12349127443,41.79780824480092,15.0,17.108180352213335,0,0,36.014114482203524
1940,0.8244127690752342,24732.383072257027,42.02405774849267,15.0,17.273662138807246,0,0,36.014114482203524
1941,0.8232618982531459,24697.856947594377,42.24852637628943,15.0,17.437841369948007,0,0,36.014114482203524
1942,0.8220850410538304,24662.55123161491,42.47114761329226,15.0,17.60066939578608,0,0,36.014114482203524
1943,0.8208824089885595,24626.472269656784,42.691855492024196,15.0,17.7620979668634,0,0,36.014114482203524
1944,0.8196542212062545,24589.626636187637,42.91058461197746,15.0,17.922079248410405,0,0,36.014114482203524
1945,0.8184007044285471,24552.02113285641,43.12727015899326,15.0,18.080565834520698,0,0,36.014114482203524
1946,0.8171220928825965,24513.662786477897,43.3418479244676,15.0,18.23751076219842,0,0,36.014114482203524
1947,0.8158186282316843,24474.558846950527,43.55425432437748,15.0,18.392867525274262,0,0,36.014114482203524
1948,0.8144905595036025,24434.716785108074,43.76442641812266,15.0,18.546590088186573,0,0,36.014114482203524
1949,0.8131381430168626,24394.14429050588,43.97230192717579,15.0,18.698632899622293,0,0,36.014114482203524
1950,0.8117616423047427,24352.84926914228,44.177819253537145,15.0,18.84895090601498,0,0,36.014114482203524
1951,0.8103613280371961,24310.83984111588,44.38091749798765,15.0,18.997499564895342,0,0,36.014114482203524
1952,0.8089374779406469,24268.124338219404,44.58153647813419,15.0,19.14423485808974,0,0,36.014114482203524
1953,0.807490376715693,24224.71130147079,44.779616746243136,15.0,19.289113304763937,0,0,36.014114482203524
1954,0.8060203159527437,24180.60947858231,44.975099606856304,15.0,19.432091974307568,0,0,36.014114482203524
1955,0.804527594045615,24135.82782136845,45.167927134183046,15.0,19.573128499055006,0,0,36.014114482203524
1956,0.8030125161031086,24090.37548309326,45.35804218926564,15.0,19.71218108684025,0,0,36.014114482203524
1957,0.8014753938586024,24044.261815758073,45.54538843691007,15.0,19.84920853338044,0,0,36.014114482203524
1958,0.7999165455776764,23997.496367330292,45.72991036237999,15.0,19.984170234485923,0,0,36.014114482203524
1959,0.7983362959638043,23950.088878914128,45.911553287846644,15.0,20.117026198092,0,0,36.014114482203524
1960,0.7967349760621364,23902.049281864092,46.090263388590955,15.0,20.247737056109337,0,0,36.014114482203524
1961,0.7951129231614041,23853.387694842124,46.26598770895312,15.0,20.376264076089683,0,0,36.014114482203524
1962,0.793470480693974,23804.11442081922,46.43867417802473,15.0,20.502569172703275,0,0,36.014114482203524
1963,0.7918079981340813,23754.23994402244,46.60827162507805,15.0,20.62661491902405,0,0,36.014114482203524
1964,0.790125830894273,23703.77492682819,46.774729794729225,15.0,20.748364557620196,0,0,36.014114482203524
1965,0.7884243402200917,23652.73020660275,46.937999361830265,15.0,20.867782011446323,0,0,36.014114482203524
1966,0.7867038930830307,23601.11679249092,47.09803194608467,15.0,20.984831894533535,0,0,36.014114482203524
1967,0.7849648620717921,23548.945862153763,47.254780126384055,15.0,21.09947952247541,0,0,36.014114482203524
1968,0.7832076252818813,23496.228758456436,47.40819745485963,15.0,21.211690922705454,0,0,36.014114482203524
1969,0.7814325662035683,23442.97698610705,47.55823847064591,15.0,21.321432844564008,0,0,36.014114482203524
1970,0.7796400736082526,23389.202208247578,47.70485871335187,15.0,21.42867276915129,0,0,36.014114482203524
1971,0.7778305414332605,23334.916242997813,47.84801473623514,15.0,21.533378918963137,0,0,36.014114482203524
1972,0.7760043686651135,23280.131059953404,47.98766411907673,15.0,21.635520267307694,0,0,36.014114482203524
1973,0.7741619592213002,23224.858776639005,48.12376548075049,15.0,21.735066547498974,0,0,36.014114482203524
1974,0.7723037218305866,23169.111654917597,48.25627849148576,15.0,21.831988261825856,0,0,36.014114482203524
1975,0.7704300699119007,23112.90209735702,48.3851638848175,15.0,21.92625669029256,0,0,36.014114482203524
1976,0.768541421451828,23056.24264355484,48.51038346922217,15.0,22.017843899129332,0,0,36.014114482203524
1977,0.766638198880753,22999.14596642259,48.63190013943437,15.0,22.1067227490695,0,0,36.014114482203524
1978,0.7647208289476837,22941.62486843051,48.74967788744227,15.0,22.192866903391746,0,0,36.014114482203524
1979,0.7627897425937965,22883.692277813894,48.86368181315721,15.0,22.276250835723957,0,0,36.014114482203524
1980,0.7608453748247397,22825.36124474219,48.97387813475558,15.0,22.356849837607378,0,0,36.014114482203524
1981,0.7588881645817316,22766.644937451947,49.08023419868914,15.0,22.43464002581835,0,0,36.014114482203524
1982,0.7569185546114923,22707.55663834477,49.18271848936074,15.0,22.509598349445223,0,0,36.014114482203524
1983,0.754936991335049,22648.10974005147,49.28130063846322,15.0,22.581702596718944,0,0,36.014114482203524
1984,0.7529439247154515,22588.317741463543,49.37595143397833,15.0,22.650931401594963,0,0,36.014114482203524
1985,0.7509398081244381,22528.19424373314,49.466642828832555,15.0,22.717264250084295,0,0,36.014114482203524
1986,0.7489250982080925,22467.752946242774,49.5533479492083,15.0,22.78068148633232,0,0,36.014114482203524
1987,0.7469002547515292,22407.007642545876,49.636041102507214,15.0,22.841164318443333,0,0,36.014114482203524
1988,0.7448657405426493,22345.97221627948,49.71469778496325,15.0,22.89869482404881,0,0,36.014114482203524
1989,0.7428220212350066,22284.660637050198,49.78929468890387,15.0,22.95325595561835,0,0,36.014114482203524
1990,0.7407695652098242,22223.086956294726,49.85980970965654,15.0,23.004831545511163,0,0,36.014114482203524
1991,0.7387088434372033,22161.2653031161,49.926221952098714,15.0,23.053406310766835,0,0,36.014114482203524
1992,0.7366403293365644,22099.209880096932,49.988511736849716,15.0,23.098965857634127,0,0,36.014114482203524
1993,0.734564498636363,22036.93495909089,50.04666060610197,15.0,23.141496685836017,0,0,36.014114482203524
1994,0.7324818292331209,21974.454876993626,50.10065132909054,15.0,23.180986192570224,0,0,36.014114482203524
1995,0.7303928010498153,21911.78403149446,50.15046790719904,15.0,23.217422676243665,0,0,36.014114482203524
1996,0.728297895893667,21848.93687681001,50.19609557870021,15.0,23.250795339939856,0,0,36.014114482203524
1997,0.7261975973133709,21785.927919401125,50.237520823130254,15.0,23.28109429461828,0,0,36.014114482203524
1998,0.7240923904558094,21722.771713674283,50.27473136529525,15.0,23.308310562044795,0,0,36.014114482203524
1999,0.7219827619222943,21659.482857668827,50.30771617890845,15.0,23.332436077451966,0,0,36.014114482203524
2000,0.7198691996243743,21596.07598873123,50.33646548985774,15.0,23.35346369192892,0,0,36.014114482203524
2001,0.7177521926392584,21532.565779177752,50.36097077910181,15.0,23.371387174539667,0,0,36.014114482203524
2002,0.71563223106489,21468.966931946703,50.38122478519459,15.0,23.386201214169485,0,0,36.014114482203524
2003,0.7135098058747218,21405.294176241652,50.39722150643696,15.0,23.39790142109873,0,0,36.014114482203524
2004,0.711385408772228,21341.56226316684,50.408956202655176,15.0,23.406484328303563,0,0,36.014114482203524
2005,0.709259532045204,21277.78596135612,50.41642539660549,15.0,23.41194739248336,0,0,36.014114482203524
2006,0.7071326684198892,21213.980052596675,50.41962687500454,15.0,23.414288994814292,0,0,36.014114482203524
2007,0.7050053109149625,21150.159327448877,50.41855968918519,15.0,23.41350844142906,0,0,36.014114482203524
2008,0.7028779526954504,21086.33858086351,50.41322415537762,15.0,23.409605963622468,0,0,36.014114482203524
2009,0.7007510869265902,21022.532607797704,50.40362185461564,15.0,23.40258271778292,0,0,36.014114482203524
2010,0.6986252066276963,20958.75619883089,50.389755632268226,15.0,23.392440785049732,0,0,36.014114482203524
2011,0.696500804526067,20895.02413578201,50.371629597196296,15.0,23.37918317069645,0,0,36.014114482203524
2012,0.6943783729109781,20831.351187329343,50.349249120535234,15.0,23.362813803240325,0,0,36.014114482203524
2013,0.6922584034878085,20767.752104634255,50.322620834103304,15.0,23.34333753327823,0,0,36.014114482203524
2014,0.6901413872323363,20704.24161697009,50.29175262843643,15.0,23.32076013204927,0,0,36.014114482203524
2015,0.6880278142452523,20640.834427357568,50.25665365045017,15.0,23.2950882897247,0,0,36.014114482203524
2016,0.6859181736069322,20577.545208207965,50.21733430072919,15.0,23.266329613425448,0,0,36.014114482203524
2017,0.6838129532325121,20514.388596975365,50.173806230445386,15.0,23.23449262496794,0,0,36.014114482203524
2018,0.681712639727309,20451.37919181927,50.126082337905395,15.0,23.19958675833898,0,0,36.014114482203524
2019,0.6796177182426278,20388.531547278835,50.07417676472858,15.0,23.16162235690019,0,0,36.014114482203524
2020,0.6775286723320022,20325.860169960066,50.018104891656414,15.0,23.12061067032301,0,0,36.014114482203524
2021,0.6754459838079058,20263.379514237175,49.95788333399509,15.0,23.076563851255337,0,0,36.014114482203524
2022,0.6733701325989817,20201.10397796945,49.89352993669182,15.0,23.02949495172023,0,0,36.014114482203524
2023,0.671301596607829,20139.04789823487,49.825063769047034,15.0,22.97941791924844,0,0,36.014114482203524
2024,0.6692408515693896,20077.22554708169,49.75250511906388,15.0,22.926347592745486,0,0,36.014114482203524
2025,0.6671883709099784,20015.651127299352,49.675875487436244,15.0,22.87029969809441,0,0,36.014114482203524
2026,0.665144625606996,19954.33876820988,49.59519758117781,15.0,22.811290843496025,0,0,36.014114482203524
2027,0.6631100840493687,19893.30252148106,49.5104953068934,15.0,22.74933851454751,0,0,36.014114482203524
2028,0.661085211898754,19832.55635696262,49.42179376369485,15.0,22.6844610690609,0,0,36.014114482203524
2029,0.6590704719515562,19772.114158546687,49.32911923576377,15.0,22.616677731623504,0,0,36.014114482203524
2030,0.6570663240017882,19711.989720053647,49.23249918456292,15.0,22.546008587901113,0,0,36.014114482203524
2031,0.6550732247048261,19652.196741144784,49.1319622406986,15.0,22.472474578686114,0,0,36.014114482203524
2032,0.6530916274420913,19592.748823262737,49.0275381954371,15.0,22.396097493692466,0,0,36.014114482203524
2033,0.6511219821867041,19533.659465601126,48.919257991876734,15.0,22.316899965098838,0,0,36.014114482203524
2034,0.6491647353701481,19474.94206110444,48.80715371577859,15.0,22.234905460842104,0,0,36.014114482203524
2035,0.6472203297499804,19416.609892499415,48.6912585860592,15.0,22.150138277663537,0,0,36.014114482203524
2036,0.6452892042786357,19358.67612835907,48.571606944946595,15.0,22.062623533908862,0,0,36.014114482203524
2037,0.6433717939733532,19301.153819200597,48.44823424780446,15.0,21.972387162085454,0,0,36.014114482203524
2038,0.641468529787273,19244.055893618188,48.32117705262544,15.0,21.879455901177664,0,0,36.014114482203524
2039,0.6395798384817342,19187.395154452024,48.19047300919868,15.0,21.783857288723805,0,0,36.014114482203524
2040,0.6377061424998174,19131.18427499452,48.05616084795299,15.0,21.685619652655852,0,0,36.014114482203524
2041,0.6358478598411649,19075.435795234946,47.91828036848054,15.0,21.584772102905585,0,0,36.014114482203524
2042,0.6340054039381188,19020.162118143562,47.77687242774298,15.0,21.481344522778397,0,0,36.014114482203524
2043,0.6321791835332118,18965.375505996355,47.63197892796505,15.0,21.375367560098454,0,0,36.014114482203524
2044,0.6303696025580484,18911.088076741453,47.48364280421786,15.0,21.266872618127028,0,0,36.014114482203524
2045,0.6285770600136105,18857.311800408315,47.33190801169609,15.0,21.15589184625684,0,0,36.014114482203524
2046,0.6268019498520255,18804.058495560766,47.17681951269361,15.0,21.042458130485848,0,0,36.014114482203524
2047,0.6250446608598298,18751.339825794894,47.01842326327963,15.0,20.926605083672044,0,0,36.014114482203524
2048,0.6233055765427622,18699.167296282867,46.856766199681374,15.0,20.808367035573557,0,0,36.014114482203524
2049,0.6215850750121239,18647.55225036372,46.69189622437572,15.0,20.687779022675876,0,0,36.014114482203524
2050,0.6198835288727349,18596.505866182048,46.52386219189437,15.0,20.56487677780963,0,0,36.014114482203524
2051,0.6182013051125241,18546.039153375725,46.352713894347715,15.0,20.439696719562463,0,0,36.014114482203524
2052,0.6165387649937822,18496.162949813468,46.17850204667007,15.0,20.312275941487297,0,0,36.014114482203524
2053,0.6148962639461122,18446.887918383367,46.001278271591616,15.0,20.182652201110585,0,0,36.014114482203524
2054,0.613274151461108,18398.22454383324,45.82109508434164,15.0,20.050863908744063,0,0,36.014114482203524
2055,0.6116727709887919,18350.183129663757,45.638005877087366,15.0,19.916950116103088,0,0,36.014114482203524
2056,0.6100924598358439,18302.773795075318,45.45206490311212,15.0,19.780950504734406,0,0,36.014114482203524
2057,0.6085335490656499,18256.006471969496,45.26332726073957,15.0,19.64290537425809,0,0,36.014114482203524
2058,0.6069963634002004,18209.89090200601,45.07184887700632,15.0,19.50285563042544,0,0,36.014114482203524
2059,0.6054812211238683,18164.436633716046,44.87768649108996,15.0,19.360842772998133,0,0,36.014114482203524
2060,0.6039884339890949,18119.653019672845,44.680897637495896,15.0,19.21690888345078,0,0,36.014114482203524
2061,0.6025183071240104,18075.549213720315,44.48154062900834,15.0,19.07109661250108,0,0,36.014114482203524
2062,0.6010711389420185,18032.134168260553,44.27967453941147,15.0,18.92344916747186,0,0,36.014114482203524
2063,0.5996472210533687,17989.41663160106,44.075359185984325,15.0,18.774010299487628,0,0,36.014114482203524
2064,0.5982468381787477,17947.40514536243,43.86865511177546,15.0,18.62282429051001,0,0,36.014114482203524
2065,0.5968702680649091,17906.10804194727,43.65962356766318,15.0,18.469935940216388,0,0,36.014114482203524
2066,0.5955177814023715,17865.533442071148,43.448326494205375,15.0,18.315390552724615,0,0,36.014114482203524
2067,0.5941896417452079,17825.68925235624,43.23482650328488,15.0,18.15923392316824,0,0,36.014114482203524
2068,0.5928861054329472,17786.583162988416,43.019186859556896,15.0,18.00151232412687,0,0,36.014114482203524
2069,0.5916074215146166,17748.222645438498,42.80147146170158,15.0,17.842272491914077,0,0,36.014114482203524
2070,0.5903538316749427,17710.61495024828,42.58174482349016,15.0,17.68156161272896,0,0,36.014114482203524
2071,0.5891255701627348,17673.767104882045,42.360072054667455,15.0,17.519427308673304,0,0,36.014114482203524
2072,0.5879228637214723,17637.68591164417,42.13651884165915,15.0,17.35591762364069,0,0,36.014114482203524
2073,0.5867459315221157,17602.377945663473,41.91115142810672,15.0,17.191081009079475,0,0,36.014114482203524
2074,0.5855949850981612,17567.849552944837,41.68403659523885,15.0,17.024966309636167,0,0,36.014114482203524
2075,0.5844702282829588,17534.106848488766,41.455241642081845,15.0,16.857622748681116,0,0,36.014114482203524
2076,0.5833718571493126,17501.155714479377,41.22483436551822,15.0,16.689099913723073,0,0,36.014114482203524
2077,0.5823000599513792,17469.001798541376,40.99288304019673,15.0,16.519447741715126,0,0,36.014114482203524
2078,0.5812550170688852,17437.650512066553,40.75945639830077,15.0,16.348716504257094,0,0,36.014114482203524
2079,0.5802369009536754,17407.107028610262,40.52462360918231,15.0,16.17695679269946,0,0,36.014114482203524
2080,0.5792458760786132,17377.376282358397,40.288454258864675,15.0,16.004219503151496,0,0,36.014114482203524
2081,0.5782820988888422,17348.462966665265,40.0510183294234,15.0,15.830555821400136,0,0,36.014114482203524
2082,0.5773457177554289,17320.371532662866,39.81238617824877,15.0,15.656017207742334,0,0,36.014114482203524
2083,0.5764368729313972,17293.106187941918,39.572628517197096,15.0,15.480655381736014,0,0,36.014114482203524
2084,0.5755556965101684,17266.67089530505,39.331816391637815,15.0,15.304522306874919,0,0,36.014114482203524
2085,0.5747023123864186,17241.069371592555,39.09002115940101,15.0,15.127670175190463,0,0,36.014114482203524
2086,0.5738768362193664,17216.30508658099,38.847314469632245,15.0,14.950151391785978,0,0,36.014114482203524
2087,0.5730793753985005,17192.381261955015,38.60376824156164,15.0,14.772018559308076,0,0,36.014114482203524
2088,0.5723100290117583,17169.30087035275,38.359454643192926,15.0,14.593324462359593,0,0,36.014114482203524
2089,0.571568887816163,17147.06663448489,38.11444606991784,15.0,14.414122051857841,0,0,36.014114482203524
2090,0.5708560342109315,17125.681026327944,37.86881512306453,15.0,14.234464429344701,0,0,36.014114482203524
2091,0.5701715422130567,17105.1462663917,37.62263458838353,15.0,14.054404831250906,0,0,36.014114482203524
2092,0.5695154774353756,17085.464323061267,37.375977414480346,15.0,13.873996613121456,0,0,36.014114482203524
2093,0.568887897067126,17066.63691201378,37.128916691199024,15.0,13.69329323380498,0,0,36.014114482203524
2094,0.5682888498570006,17048.665495710018,36.88152562796368,15.0,13.512348239612516,0,0,36.014114482203524
2095,0.5677183760987015,17031.551282961045,36.63387753208558,15.0,13.33121524845103,0,0,36.014114482203524
2096,0.5671765076190004,17015.295228570012,36.38604578704031,15.0,13.14994793393506,0,0,36.014114482203524
2097,0.5666632677683076,16999.898033049227,36.138103830722386,15.0,12.968600009481804,0,0,36.014114482203524
2098,0.5661786714137527,16985.36014241258,35.89012513368459,15.0,12.787225212395164,0,0,36.014114482203524
2099,0.5657227249347792,16971.681748043375,35.642183177366775,15.0,12.605877287941981,0,0,36.014114482203524
2100,0.5652954262212542,16958.862786637626,35.39435143232141,15.0,12.424609973425932,0,0,36.014114482203524
2101,0.5648967646740939,16946.902940222815,35.14670333644341,15.0,12.243476982264525,0,0,36.014114482203524
2102,0.5645267212084034,16935.8016362521,34.89931227320806,15.0,12.062531988072061,0,0,36.014114482203524
2103,0.5641852682591334,16925.558047774,34.652251549926746,15.0,11.881828608755583,0,0,36.014114482203524
2104,0.5638723697892469,16916.171093677407,34.405594376023664,15.0,11.701420390626204,0,0,36.014114482203524
2105,0.5635879813003989,16907.639439011968,34.159413841342655,15.0,11.52136079253241,0,0,36.014114482203524
2106,0.5633320498461215,16899.961495383646,33.91378289448925,15.0,11.341703170019198,0,0,36.014114482203524
2107,0.5631045140475133,16893.1354214254,33.66877432121426,15.0,11.162500759517519,0,0,36.014114482203524
2108,0.5629053041114271,16887.159123342815,33.42446072284545,15.0,10.983806662568961,0,0,36.014114482203524
2109,0.5627343418511518,16882.030255534555,33.18091449477484,15.0,10.805673830091061,0,0,36.014114482203524
2110,0.5625915407095801,16877.7462212874,32.93820780500607,15.0,10.628155046686574,0,0,36.014114482203524
2111,0.562476805784857,16874.304173545712,32.69641257276917,15.0,10.451302915002048,0,0,36.014114482203524
2112,0.5623900338585025,16871.701015755076,32.455600447209996,15.0,10.275169840141025,0,0,36.014114482203524
2113,0.5623311134259962,16869.933402779887,32.21584278615831,15.0,10.099808014134705,0,0,36.014114482203524
2114,0.5622999247298192,16868.997741894575,31.977210634983585,15.0,9.925269400476829,0,0,36.014114482203524
2115,0.5622963397949404,16868.890193848212,31.739774705542413,15.0,9.751605718725544,0,0,36.014114482203524
2116,0.5623202224667387,16869.606674002163,31.50360535522477,15.0,9.578868429177577,0,0,36.014114482203524
2117,0.5623714284513484,16871.142853540452,31.26877256610631,15.0,9.407108717619943,0,0,36.014114482203524
2118,0.5624498053584162,16873.494160752485,31.03534592421036,15.0,9.236377480161911,0,0,36.014114482203524
2119,0.5625551927462584,16876.655782387752,30.803394598888865,15.0,9.066725308153963,0,0,36.014114482203524
2120,0.5626874221694027,16880.622665082083,30.572987322325247,15.0,8.89820247319592,0,0,36.014114482203524
2121,0.5628463172285028,16885.389516855084,30.344192369168333,15.0,8.730858912240937,0,0,36.014114482203524
2122,0.5630316936226084,16890.95080867825,30.117077536300357,15.0,8.564744212797557,0,0,36.014114482203524
2123,0.5632433592037785,16897.300776113356,29.89171012274803,15.0,8.399907598236416,0,0,36.014114482203524
2124,0.5634811140340187,16904.43342102056,29.668156909739626,15.0,8.236397913203731,0,0,36.014114482203524
2125,0.5637447504445267,16912.3425133358,29.44648414091692,15.0,8.074263609148078,0,0,36.014114482203524
2126,0.5640340530972298,16921.02159291689,29.226757502705503,15.0,7.913552729962957,0,0,36.014114482203524
2127,0.5643487990485934,16930.4639714578,29.00904210485018,15.0,7.754312897750166,0,0,36.014114482203524
2128,0.5646887578156846,16940.662734470538,28.793402461122117,15.0,7.596591298708729,0,0,36.014114482203524
2129,0.5650536914444693,16951.610743334077,28.579902470201713,15.0,7.44043466915242,0,0,36.014114482203524
2130,0.5654433545803224,16963.30063740967,28.368605396743813,15.0,7.285889281660584,0,0,36.014114482203524
2131,0.5658574945407324,16975.724836221973,28.15957385263153,15.0,7.133000931366961,0,0,36.014114482203524
2132,0.5662958513901767,16988.8755417053,27.952869778422755,15.0,6.981814922389407,0,0,36.014114482203524
2133,0.5667581580171451,17002.744740514354,27.748554424995532,15.0,6.832376054405117,0,0,36.014114482203524
2134,0.5672441402132924,17017.32420639877,27.546688335398738,15.0,6.684728609375954,0,0,36.014114482203524
2135,0.5677535167546904,17032.605502640712,27.34733132691118,15.0,6.538916338426251,0,0,36.014114482203524
2136,0.568285999485162,17048.57998455486,27.15054247331712,15.0,6.394982448878896,0,0,36.014114482203524
2137,0.5688412934016677,17065.23880205003,26.956380087400838,15.0,6.252969591451652,0,0,36.014114482203524
2138,0.5694190967417206,17082.57290225162,26.764901703667576,15.0,6.112919847619003,0,0,36.014114482203524
2139,0.5700191010728068,17100.573032184206,26.57616406129496,15.0,5.974874717142628,0,0,36.014114482203524
2140,0.570640991383779,17119.22974151337,26.39022308731979,15.0,5.838875105774001,0,0,36.014114482203524
2141,0.5712844461782016,17138.533385346047,26.207133880065427,15.0,5.704961313132969,0,0,36.014114482203524
2142,0.5719491375696174,17158.47412708852,26.026950692815458,15.0,5.573173020766445,0,0,36.014114482203524
2143,0.5726347313787071,17179.041941361214,25.84972691773701,15.0,5.443549280389735,0,0,36.014114482203524
2144,0.5733408872323144,17200.22661696943,25.675515070059284,15.0,5.316128502314515,0,0,36.014114482203524
2145,0.5740672586643047,17222.017759929142,25.504366772512697,15.0,5.190948444067401,0,0,36.014114482203524
2146,0.5748134932182318,17244.404796546954,25.336332740031363,15.0,5.068046199201151,0,0,36.014114482203524
2147,0.5755792325517773,17267.37697655332,25.171462764725632,15.0,4.947458186303422,0,0,36.014114482203524
2148,0.5763641125429362,17290.923376288087,25.009805701127448,15.0,4.829220138204985,0,0,36.014114482203524
2149,0.5771677633979131,17315.032901937393,24.851409451713458,15.0,4.713367091391182,0,0,36.014114482203524
2150,0.5779898097607009,17339.694292821026,24.696320952710977,15.0,4.599933375620191,0,0,36.014114482203524
2151,0.5788298708243061,17364.896124729185,24.544586160189212,15.0,4.488952603750003,0,0,36.014114482203524
2152,0.5796875604435912,17390.626813307736,24.396250036442016,15.0,4.380457661778573,0,0,36.014114482203524
2153,0.5805624872496964,17416.874617490892,24.251356536664087,15.0,4.274480699098635,0,0,36.014114482203524
2154,0.5814542547660121,17443.627642980362,24.10994859592659,15.0,4.171053118971484,0,0,36.014114482203524
2155,0.5823624615256624,17470.87384576987,23.972068116454075,15.0,4.070205569221178,0,0,36.014114482203524
2156,0.583286701190469,17498.60103571407,23.83775595520844,15.0,3.9719679331532616,0,0,36.014114482203524
2157,0.5842265626713578,17526.796880140733,23.707051911781633,15.0,3.87636932069936,0,0,36.014114482203524
2158,0.5851816302501733,17555.4489075052,23.579994716602613,15.0,3.783438059791572,0,0,36.014114482203524
2159,0.5861514837028653,17584.54451108596,23.456622019460468,15.0,3.6932016879681626,0,0,36.014114482203524
2160,0.5871356984240097,17614.070952720293,23.336970378347868,15.0,3.6056869442134882,0,0,40.014114482203524
2161,0.5880478752765026,17641.436258295078,25.800183532421233,15.0,3.520919761034885,0,0,40.014114482203524
2162,0.5889739665853184,17669.218997559554,25.675628107354484,15.0,3.4389252567781883,0,0,40.014114482203524
2163,0.5899135212031568,17697.405636094703,25.555321485250424,15.0,3.3597277281845255,0,0,40.014114482203524
2164,0.590866083993248,17725.982519797442,25.439299315557676,15.0,3.283350643190879,0,0,40.014114482203524
2165,0.5918311959642207,17754.935878926623,25.32759597814912,15.0,3.2098166339759135,0,0,40.014114482203524
2166,0.59280839440611,17784.2518321833,25.220244573134305,15.0,3.13914749025349,0,0,40.014114482203524
2167,0.5937972130274689,17813.916390824066,25.117276911051448,15.0,3.0713641528161206,0,0,40.014114482203524
2168,0.5947971820935405,17843.915462806213,25.01872350344101,15.0,3.0064867073295405,0,0,40.014114482203524
2169,0.5958078285654502,17874.234856963507,24.924613553804583,15.0,2.9445343783809923,0,0,40.014114482203524
2170,0.5968286762403783,17904.860287211348,24.834974948951373,15.0,2.8855255237826354,0,0,40.014114482203524
2171,0.5978592458926677,17935.77737678003,24.749834250734498,15.0,2.8294776291315564,0,0,40.014114482203524
2172,0.5988990554158301,17966.9716624749,24.669216688180356,15.0,2.7764073026285754,0,0,40.014114482203524
2173,0.5999476199654038,17998.428598962113,24.593146150012632,15.0,2.726330270156806,0,0,40.014114482203524
2174,0.601004452102624,18030.133563078718,24.52164517757346,15.0,2.6792613706216817,0,0,40.014114482203524
2175,0.602069061938861,18062.07185816583,24.454734958144122,15.0,2.635214551553986,0,0,40.014114482203524
2176,0.6031409572807852,18094.228718423557,24.392435318666696,15.0,2.59420286497683,0,0,40.014114482203524
2177,0.6042196437762147,18126.58931328644,24.33476471986886,15.0,2.5562384635380195,0,0,40.014114482203524
2178,0.6053046250606017,18159.13875181805,24.281740250793696,15.0,2.5213325969090725,0,0,40.014114482203524
2179,0.6063954029041168,18191.862087123503,24.233377623735734,15.0,2.48949560845157,0,0,40.014114482203524
2180,0.6074914773592853,18224.744320778558,24.189691169585128,15.0,2.4607369321523063,0,0,40.014114482203524
2181,0.6085923469091318,18257.770407273954,24.15069383358109,15.0,2.4350650898277433,0,0,40.014114482203524
2182,0.609697508615791,18290.92525847373,24.116397171475892,15.0,2.412487688598784,0,0,40.014114482203524
2183,0.6108064582695389,18324.193748086167,24.0868113461107,15.0,2.3930114186366884,0,0,40.014114482203524
2184,0.611918690538201,18357.560716146032,24.061945124404083,15.0,2.376642051180565,0,0,40.014114482203524
2185,0.6130336991168932,18391.010973506796,24.041805874754203,15.0,2.3633844368272854,0,0,40.014114482203524
2186,0.6141509768780509,18424.529306341527,24.02639956485535,15.0,2.3532425040940925,0,0,40.014114482203524
2187,0.6152700160217015,18458.100480651046,24.015730759929664,15.0,2.3462192582545454,0,0,40.014114482203524
2188,0.6163903082259372,18491.709246778115,24.00980262137428,15.0,2.342316780447953,0,0,40.014114482203524
2189,0.6175113447975407,18525.34034392622,24.008616905824603,15.0,2.3415362270627176,0,0,40.014114482203524
2190,0.6186326168227229,18558.978504681687,24.01217396463374,15.0,2.34387782939365,0,0,40.014114482203524
2191,0.619753615317925,18592.60845953775,24.020472743768384,15.0,2.3493408935734448,0,0,40.014114482203524
2192,0.6208738313806406,18626.214941419217,24.033510784121184,15.0,2.3579238007782806,0,0,40.014114482203524
2193,0.6219927563402152,18659.782690206455,24.051284222239406,15.0,2.3696240077075235,0,0,40.014114482203524
2194,0.6231098819085759,18693.296457257275,24.07378779146975,15.0,2.384438047337346,0,0,40.014114482203524
2195,0.6242247003308481,18726.74100992544,24.10101482351898,15.0,2.4023615299480863,0,0,40.014114482203524
2196,0.6253367045358146,18760.101136074438,24.1329572504299,15.0,2.4233891444250415,0,0,40.014114482203524
2197,0.6264453882861716,18793.36164858515,24.169605606972045,15.0,2.4475146598322213,0,0,40.014114482203524
2198,0.6275502463285376,18826.507389856128,24.210949033446408,15.0,2.474730927258725,0,0,40.014114482203524
2199,0.6286507745431709,18859.523236295125,24.256975278903504,15.0,2.5050298819371655,0,0,40.014114482203524
2200,0.6297464700933509,18892.39410280053,24.30767070477343,15.0,2.538402545633341,0,0,40.014114482203524
2201,0.6308368315743803,18925.104947231408,24.363020288907425,15.0,2.5748390293067667,0,0,40.014114482203524
2202,0.6319213591621613,18957.640774864838,24.423007630029197,15.0,2.6143285360409836,0,0,40.014114482203524
2203,0.6329995547613045,18989.986642839136,24.487614952594882,15.0,2.656859364242863,0,0,40.014114482203524
2204,0.6340709221527258,19022.127664581774,24.556823112060524,15.0,2.7024189111101506,0,0,40.014114482203524
2205,0.635134967140686,19054.049014220578,24.63061160055481,15.0,2.750993676365839,0,0,40.014114482203524
2206,0.6361911976992323,19085.735930976967,24.708958552956087,15.0,2.8025692662586303,0,0,40.014114482203524
2207,0.6372391241179958,19117.173723539872,24.79184075337154,15.0,2.8571303978281923,0,0,40.014114482203524
2208,0.6382782591473035,19148.347774419104,24.879233642016427,15.0,2.91466090343369,0,0,40.014114482203524
2209,0.6393081181425609,19179.24354427683,24.971111322491705,15.0,2.97514373554468,0,0,40.014114482203524
2210,0.6403282192078628,19209.846576235883,25.067446569457836,15.0,3.038560971792731,0,0,40.014114482203524
2211,0.6413380833387886,19240.14250016366,25.168210836701995,15.0,3.104893820282034,0,0,40.014114482203524
2212,0.642337234564343,19270.11703693029,25.27337426559719,15.0,3.1741226251580565,0,0,40.014114482203524
2213,0.6433252000879952,19299.756002639857,25.382905693949805,15.0,3.246226872431807,0,0,40.014114482203524
2214,0.6443015104277798,19329.045312833394,25.496772665233678,15.0,3.321185196058649,0,0,40.014114482203524
2215,0.6452656995554134,19357.9709866624,25.614941438207858,15.0,3.3989753842696206,0,0,40.014114482203524
2216,0.6462173050343896,19386.519151031687,25.737376996914534,15.0,3.4795743861530433,0,0,40.014114482203524
2217,0.6471558681570088,19414.676044710264,25.864043061055384,15.0,3.5629583184852516,0,0,40.014114482203524
2218,0.6480809340803029,19442.428022409087,25.994902096741814,15.0,3.64910247280746,0,0,40.014114482203524
2219,0.6489920519608153,19469.76155882446,26.129915327617503,15.0,3.7379813227476655,0,0,40.014114482203524
2220,0.6498887750881955,19496.663252645867,26.26904274634819,15.0,3.829568531584399,0,0,40.014114482203524
2221,0.6507706610175691,19523.119830527074,26.412243126477218,15.0,3.92383696005114,0,0,40.014114482203524
2222,0.6516372717006435,19549.118151019302,26.55947403464131,15.0,4.02075867437798,0,0,40.014114482203524
2223,0.652488173615511,19574.645208465332,26.710691843144996,15.0,4.120304954569303,0,0,40.014114482203524
2224,0.653322937895112,19599.688136853358,26.865851742888015,15.0,4.222446302913859,0,0,40.014114482203524
2225,0.6541411404543152,19624.234213629454,27.02490775664338,15.0,4.327152452725703,0,0,40.014114482203524
2226,0.6549423621155852,19648.270863467555,27.187812752681634,15.0,4.434392377312987,0,0,40.014114482203524
2227,0.6557261887331932,19671.785661995797,27.35451845873661,15.0,4.544134299171586,0,0,40.014114482203524
2228,0.6564922113159369,19694.76633947811,27.524975476309724,15.0,4.656345699401583,0,0,40.014114482203524
2229,0.6572400261483341,19717.200784450022,27.699133295308055,15.0,4.77099332734346,0,0,40.014114482203524
2230,0.6579692349102515,19739.077047307546,27.876940309011125,15.0,4.888043210430716,0,0,40.014114482203524
2231,0.6586794447949367,19760.3833438481,28.058343829363313,15.0,5.007460664256796,0,0,40.014114482203524
2232,0.6593702686254143,19781.108058762427,28.24329010258659,15.0,5.129210302852943,0,0,40.014114482203524
2233,0.6600413249692147,19801.23974907644,28.43172432510883,15.0,5.253256049173718,0,0,40.014114482203524
2234,0.6606922382514021,19820.767147542065,28.623590659802986,15.0,5.379561145787257,0,0,40.014114482203524
2235,0.6613226388658642,19839.679165975926,28.818832252533436,15.0,5.508088165767653,0,0,40.014114482203524
2236,0.6619321632848345,19857.964898545037,29.017391249002433,15.0,5.6387990237849355,0,0,40.014114482203524
2237,0.6625204541666143,19875.61362499843,29.21920881189424,15.0,5.771654987391015,0,0,40.014114482203524
2238,0.66308716046146,19892.6148138438,29.4242251383093,15.0,5.906616688496551,0,0,40.014114482203524
2239,0.6636319375156067,19908.9581254682,29.632379477485404,15.0,6.043644135036738,0,0,40.014114482203524
2240,0.6641544471733972,19924.633415201915,29.843610148799684,15.0,6.182696722821987,0,0,40.014114482203524
2241,0.6646543578774842,19939.630736324525,30.057854560045413,15.0,6.3237332475694785,0,0,40.014114482203524
2242,0.6651313447670781,19953.940343012346,30.27504922597968,15.0,6.466711917113052,0,0,40.014114482203524
2243,0.6655850897742107,19967.55269322632,30.495129787135692,15.0,6.6115903637873075,0,0,40.014114482203524
2244,0.6660152817179843,19980.45845153953,30.71803102889328,15.0,6.758325656981645,0,0,40.014114482203524
2245,0.6664216163967828,19992.648491903485,30.943686900804085,15.0,6.906874315862007,0,0,40.014114482203524
2246,0.6668037966784126,20004.11390035238,31.17203053616312,15.0,7.057192322254757,0,0,40.014114482203524
2247,0.667161532588149,20014.845977644472,31.402994271823076,15.0,7.209235133690417,0,0,40.014114482203524
2248,0.6674945413946627,20024.83624183988,31.636509668244656,15.0,7.3629576966027255,0,0,40.014114482203524
2249,0.667802547693798,20034.07643081394,31.872507529776037,15.0,7.518314459678564,0,0,40.014114482203524
2250,0.6680852834901825,20042.558504705474,32.110917925157786,15.0,7.675259387356289,0,0,40.014114482203524
2251,0.6683424882766387,20050.27464829916,32.351670208244244,15.0,7.833745973466547,0,0,40.014114482203524
2252,0.6685739091113785,20057.217273341354,32.59469303893826,15.0,7.993727255013586,0,0,40.014114482203524
2253,0.6687793006929551,20063.379020788652,32.839914404330045,15.0,8.15515582609087,0,0,40.014114482203524
2254,0.6689584254329511,20068.752762988534,33.08726164003693,15.0,8.31798385192901,0,0,40.014114482203524
2255,0.6691110535263813,20073.33160579144,33.33666145173457,15.0,8.482163083069704,0,0,40.014114482203524
2256,0.6692369630197887,20077.108890593663,33.58803993687648,15.0,8.647644869663615,0,0,40.014114482203524
2257,0.6693359398770141,20080.078196310424,33.84132260659222,15.0,8.814380175885924,0,0,40.014114482203524
2258,0.6694077780426195,20082.233341278585,34.09643440776036,15.0,8.98231959446688,0,0,40.014114482203524
2259,0.6694522795029472,20083.568385088416,34.353299745248655,15.0,9.15141336133247,0,0,40.014114482203524
2260,0.6694692543447951,20084.077630343854,34.611842504313906,15.0,9.321611370350157,0,0,40.014114482203524
2261,0.6694585208116922,20083.755624350768,34.87198607315666,15.0,9.492863188176628,0,0,40.014114482203524
2262,0.669419905357757,20082.59716073271,35.13365336562336,15.0,9.665118069202487,0,0,40.014114482203524
2263,0.6693532426991229,20080.597280973685,35.396766844047875,15.0,9.838324970588845,0,0,40.014114482203524
2264,0.6692583758629154,20077.75127588746,35.66124854222799,15.0,10.01243256739264,0,0,40.014114482203524
2265,0.6691351562337665,20074.054687012995,35.92702008852866,15.0,10.187389267775462,0,0,40.014114482203524
2266,0.6689834435978528,20069.50330793558,36.194002729105,15.0,10.363143228291186,0,0,40.014114482203524
2267,0.6688031061844432,20064.093185533296,36.46211735123845,15.0,10.539642369248082,0,0,40.014114482203524
2268,0.6685940207049467,20057.8206211484,36.731284506780284,15.0,10.71683439014167,0,0,40.014114482203524
2269,0.668356072389444,20050.68217168332,37.001424435692996,15.0,10.894666785151896,0,0,40.014114482203524
2270,0.6680891550206974,20042.674650620924,37.27245708968578,15.0,11.073086858702325,0,0,40.014114482203524
2271,0.6677931709656252,20033.795128968755,37.54430215593378,15.0,11.252041741074471,0,0,40.014114482203524
2272,0.6674680312042315,20024.040936126945,37.81687908087686,15.0,11.431478404074454,0,0,40.014114482203524
2273,0.6671136553559858,20013.409660679572,38.09010709408968,15.0,11.611343676746609,0,0,40.014114482203524
2274,0.6667299717036408,20001.899151109224,38.36390523221509,15.0,11.791584261128762,0,0,40.014114482203524
2275,0.6663169172144845,19989.507516434536,38.63819236295558,15.0,11.972146748045773,0,0,40.014114482203524
2276,0.6658744375590175,19976.233126770527,38.912887209114956,15.0,12.152977632936064,0,0,40.014114482203524
2277,0.6654024871270523,19962.07461381157,39.187908372681775,15.0,12.334023331705717,0,0,40.014114482203524
2278,0.6649010290412282,19947.030871236846,39.46317435894972,15.0,12.515230196606822,0,0,40.014114482203524
2279,0.6643700351679397,19931.10105503819,39.738603600666565,15.0,12.696544532134698,0,0,40.014114482203524
2280,0.6638094861256721,19914.284583770164,40.0141144822035,15.0,12.877912610938491,0,0,40.014114482203524
2281,0.6632193712907454,19896.581138722362,40.289625363740555,15.0,13.059280689742357,0,0,40.014114482203524
2282,0.6625996888004617,19877.99066401385,40.56505460545728,15.0,13.240595025270157,0,0,40.014114482203524
2283,0.6619504455536579,19858.513366609735,40.84032059172523,15.0,13.421801890171263,0,0,40.014114482203524
2284,0.6612716572086608,19838.149716259824,41.11534175529205,15.0,13.60284758894091,0,0,40.014114482203524
2285,0.6605633481786476,19816.900445359428,41.39003660145141,15.0,13.783678473831205,0,0,40.014114482203524
2286,0.6598255516244115,19794.766548732343,41.66432373219192,15.0,13.964240960748219,0,0,40.014114482203524
2287,0.6590583094445354,19771.74928333606,41.93812187031732,15.0,14.144481545130372,0,0,40.014114482203524
2288,0.6582616722629766,19747.850167889297,42.21134988353015,15.0,14.324346817802528,0,0,40.014114482203524
2289,0.657435699414066,19723.07098242198,42.48392680847323,15.0,14.50378348080251,0,0,40.014114482203524
2290,0.6565804589249258,19697.413767747774,42.755771874721226,15.0,14.682738363174657,0,0,40.014114482203524
2291,0.6556960274953113,19670.880824859338,43.026804528713896,15.0,14.861158436725011,0,0,40.014114482203524
2292,0.6547824904748838,19643.474714246513,43.29694445762672,15.0,15.038990831735312,0,0,40.014114482203524
2293,0.6538399418379193,19615.198255137577,43.56611161316855,15.0,15.216182852628897,0,0,40.014114482203524
2294,0.6528684841554617,19586.05452466385,43.834226235302005,15.0,15.392681993585796,0,0,40.014114482203524
2295,0.6518682285649292,19556.046856947876,44.10120887587834,15.0,15.56843595410152,0,0,40.014114482203524
2296,0.6508392947371816,19525.17884211545,44.36698042217902,15.0,15.743392654484344,0,0,40.014114482203524
2297,0.6497818108410592,19493.454325231778,44.63146212035924,15.0,15.91750025128821,0,0,40.014114482203524
2298,0.6486959135054039,19460.87740516212,44.894575598783646,15.0,16.090707152674497,0,0,40.014114482203524
2299,0.6475817477785729,19427.452433357186,45.15624289125034,15.0,16.262962033700354,0,0,40.014114482203524
2300,0.6464394670854576,19393.184012563728,45.41638646009309,15.0,16.434213851526824,0,0,40.014114482203524
2301,0.645269233182021,19358.07699546063,45.674929219158344,15.0,16.604411860544516,0,0,40.014114482203524
2302,0.6440712161073653,19322.13648322096,45.931794556646544,15.0,16.773505627410035,0,0,40.014114482203524
2303,0.6428455941333462,19285.367824000386,46.186906357814784,15.0,16.94144504599106,0,0,40.014114482203524
2304,0.6415925537117466,19247.776611352398,46.44018902753052,15.0,17.108180352213367,0,0,40.014114482203524
2305,0.6403122894190273,19209.368682570817,46.69156751267233,15.0,17.27366213880721,0,0,40.014114482203524
2306,0.6390050038986697,19170.15011696009,46.94096732437007,15.0,17.43784136994797,0,0,40.014114482203524
2307,0.6376709078011279,19130.127234033836,47.18831456007696,15.0,17.600669395786113,0,0,40.014114482203524
2308,0.6363102197214088,19089.306591642264,47.433535925468746,15.0,17.762097966863397,0,0,40.014114482203524
2309,0.6349231661342977,19047.69498402893,47.67655875616277,15.0,17.922079248410434,0,0,40.014114482203524
2310,0.6335099813272483,19005.29943981745,47.91731103924932,15.0,18.080565834520762,0,0,40.014114482203524
2311,0.6320709073309592,18962.127219928774,48.155721434630976,15.0,18.23751076219842,0,0,40.014114482203524
2312,0.630606193847654,18918.18581542962,48.39171929616245,15.0,18.392867525274323,0,0,40.014114482203524
2313,0.6291160981770902,18873.482945312706,48.62523469258393,15.0,18.54659008818657,0,0,40.014114482203524
2314,0.6276008851403148,18828.026554209442,48.856198428243985,15.0,18.69863289962229,0,0,40.014114482203524
2315,0.6260608270011925,18781.824810035774,49.08454206360293,15.0,18.84895090601498,0,0,40.014114482203524
2316,0.6244962033857283,18734.88610157185,49.310197935513635,15.0,18.99749956489528,0,0,40.014114482203524
2317,0.6229073011992079,18687.219035976235,49.53309917727132,15.0,19.144234858089675,0,0,40.014114482203524
2318,0.6212944145411812,18638.832436235436,49.753179738427335,15.0,19.289113304763937,0,0,40.014114482203524
2319,0.6196578446183151,18589.735338549453,49.97037440436161,15.0,19.43209197430751,0,0,40.014114482203524
2320,0.617997899655139,18539.93698965417,50.18461881560733,15.0,19.573128499055,0,0,40.014114482203524
2321,0.6163148948027107,18489.44684408132,50.395849486921605,15.0,19.712181086840246,0,0,40.014114482203524
2322,0.6146091520452315,18438.274561356946,50.60400382609771,15.0,19.849208533380438,0,0,40.014114482203524
2323,0.6128810001046344,18386.430003139034,50.80902015251279,15.0,19.984170234485973,0,0,40.014114482203524
2324,0.611130774343177,18333.92323029531,51.0108377154045,15.0,20.117026198092,0,0,40.014114482203524
2325,0.6093588166640663,18280.76449992199,51.20939671187358,15.0,20.247737056109337,0,0,40.014114482203524
2326,0.6075654754101456,18226.96426230437,51.404638304604035,15.0,20.37626407608973,0,0,40.014114482203524
2327,0.605751105260673,18172.53315782019,51.59650463929819,15.0,20.502569172703275,0,0,40.014114482203524
2328,0.6039160671262224,18117.48201378667,51.78493886182043,15.0,20.62661491902405,0,0,40.014114482203524
2329,0.6020607280417368,18061.821841252106,51.96988513504371,15.0,20.748364557620192,0,0,40.014114482203524
2330,0.6001854610577699,18005.5638317331,52.151288655395966,15.0,20.867782011446323,0,0,40.014114482203524
2331,0.5982906451299418,17948.719353898254,52.32909566909896,15.0,20.984831894533535,0,0,40.014114482203524
2332,0.5963766650066461,17891.299950199384,52.503253488097286,15.0,21.09947952247541,0,0,40.014114482203524
2333,0.5944439111150416,17833.317333451247,52.673710505670414,15.0,21.211690922705408,0,0,40.014114482203524
2334,0.5924927794453594,17774.78338336078,52.84041621172539,15.0,21.321432844564008,0,0,40.014114482203524
2335,0.5905236714335632,17715.710143006898,53.00332120776357,15.0,21.428672769151248,0,0,40.014114482203524
2336,0.588536993842395,17656.10981527185,53.16237722151901,15.0,21.533378918963134,0,0,40.014114482203524
2337,0.5865331586408419,17595.994759225257,53.31753712126203,15.0,21.63552026730769,0,0,40.014114482203524
2338,0.5845125828820614,17535.377486461843,53.46875492976566,15.0,21.735066547498974,0,0,40.014114482203524
2339,0.5824756885797997,17474.27065739399,53.615985837929806,15.0,21.831988261825853,0,0,40.014114482203524
2340,0.5804229025833391,17412.687077500173,53.75918621805883,15.0,21.926256690292597,0,0,40.014114482203524
2341,0.5783546564510144,17350.63969353043,53.898313636789524,15.0,22.01784389912933,0,0,40.014114482203524
2342,0.5762713863223317,17288.14158966995,54.03332686766521,15.0,22.106722749069537,0,0,40.014114482203524
2343,0.574173532788732,17225.20598366196,54.164185903351694,15.0,22.19286690339178,0,0,40.014114482203524
2344,0.5720615407630337,17161.84622289101,54.290851967492486,15.0,22.276250835723957,0,0,40.014114482203524
2345,0.5699358593475954,17098.075780427862,54.41328752619922,15.0,22.35684983760741,0,0,40.014114482203524
2346,0.5677969417012377,17033.908251037134,54.53145629917336,15.0,22.43464002581835,0,0,40.014114482203524
2347,0.565645244904962,16969.35734714886,54.645323270457226,15.0,22.50959834944519,0,0,40.014114482203524
2348,0.5634812298265072,16904.436894795213,54.75485469880984,15.0,22.58170259671894,0,0,40.014114482203524
2349,0.5613053609837854,16839.16082951356,54.860018127705,15.0,22.650931401594935,0,0,40.014114482203524
2350,0.5591181064072348,16773.543192217043,54.96078239494919,15.0,22.71726425008427,0,0,40.014114482203524
2351,0.5569199375011322,16707.59812503397,55.057117641915326,15.0,22.78068148633232,0,0,40.014114482203524
2352,0.5547113289039062,16641.339867117185,55.148995322390604,15.0,22.84116431844331,0,0,40.014114482203524
2353,0.5524927583474905,16574.782750424714,55.2363882110355,15.0,22.89869482404881,0,0,40.014114482203524
2354,0.5502647065157629,16507.941195472886,55.31927041145096,15.0,22.95325595561837,0,0,40.014114482203524
2355,0.5480276569021073,16440.829707063218,55.39761736385222,15.0,23.004831545511163,0,0,40.014114482203524
2356,0.5457820956661448,16373.462869984343,55.47140585234651,15.0,23.053406310766853,0,0,40.014114482203524
2357,0.5435285114896738,16305.855344690215,55.540614011812124,15.0,23.098965857634123,0,0,40.014114482203524
2358,0.5412673954318632,16238.021862955897,55.60522133437784,15.0,23.141496685836017,0,0,40.014114482203524
2359,0.5389992407837408,16169.977223512224,55.66520867549961,15.0,23.180986192570238,0,0,40.014114482203524
2360,0.5367245429220207,16101.736287660618,55.720558259633606,15.0,23.217422676243665,0,0,40.014114482203524
2361,0.5344437991623122,16033.313974869367,55.77125368550357,15.0,23.250795339939856,0,0,40.014114482203524
2362,0.532157508611755,15964.72525835265,55.81727993096063,15.0,23.281094294618278,0,0,40.014114482203524
2363,0.5298661720211224,15895.98516063367,55.85862335743502,15.0,23.308310562044795,0,0,40.014114482203524
2364,0.5275702916364382,15827.108749093146,55.89527171397714,15.0,23.332436077451966,0,0,40.014114482203524
2365,0.5252703710501506,15758.11113150452,55.92721414088806,15.0,23.35346369192892,0,0,40.014114482203524
2366,0.5229669150519068,15689.007451557207,55.954441172937294,15.0,23.371387174539663,0,0,40.014114482203524
2367,0.5206604294789728,15619.812884369185,55.976944742167646,15.0,23.386201214169485,0,0,40.014114482203524
2368,0.5183514210663427,15550.542631990282,55.99471818028586,15.0,23.397901421098727,0,0,40.014114482203524
2369,0.5160403972965828,15481.211918897485,56.00775622063867,15.0,23.406484328303563,0,0,40.014114482203524
2370,0.5137278662494531,15411.835987483593,56.01605499977332,15.0,23.41194739248336,0,0,40.014114482203524
2371,0.5114143364513524,15342.43009354057,56.01961205858244,15.0,23.414288994814292,0,0,40.014114482203524
2372,0.5091003167246309,15273.009501738925,56.01842634303277,15.0,23.41350844142906,0,0,40.014114482203524
2373,0.5067863160368152,15203.589481104456,56.01249820447738,15.0,23.409605963622468,0,0,40.014114482203524
2374,0.5044728433497906,15134.185300493718,56.0018293995517,15.0,23.40258271778292,0,0,40.014114482203524
2375,0.5021604074689839,15064.812224069517,55.986423089652845,15.0,23.39244078504973,0,0,40.014114482203524
2376,0.49984951689259416,14995.485506777824,55.96628384000296,15.0,23.379183170696443,0,0,40.014114482203524
2377,0.49754067966091325,14926.220389827398,55.94141761829635,15.0,23.362813803240325,0,0,40.014114482203524
2378,0.4952344032057828,14857.032096173485,55.91183179293116,15.0,23.343337533278223,0,0,40.014114482203524
2379,0.492931194200231,14787.935826006931,55.877535130825954,15.0,23.32076013204927,0,0,40.014114482203524
2380,0.4906315584083345,14718.946752250034,55.83853779482193,15.0,23.29508828972471,0,0,40.014114482203524
2381,0.48833600053534965,14650.080016060489,55.794851340671315,15.0,23.266329613425448,0,0,40.014114482203524
2382,0.4860450240781574,14581.350722344723,55.746488713613374,15.0,23.234492624967956,0,0,40.014114482203524
2383,0.48375913117606656,14512.773935281997,55.6934642445382,15.0,23.199586758338995,0,0,40.014114482203524
2384,0.4814788224620185,14444.364673860555,55.635793645740364,15.0,23.16162235690019,0,0,40.014114482203524
2385,0.4792045969142393,14376.137907427179,55.57349400626294,15.0,23.120610670323032,0,0,40.014114482203524
2386,0.47693695170838163,14308.10855125145,55.506583786833595,15.0,23.076563851255337,0,0,40.014114482203524
2387,0.47467638207020074,14240.291462106023,55.43508281439443,15.0,23.02949495172021,0,0,40.014114482203524
2388,0.4724233811288086,14172.701433864258,55.35901227622671,15.0,22.97941791924844,0,0,40.014114482203524
2389,0.47017843977054896,14105.353193116469,55.27839471367256,15.0,22.926347592745465,0,0,40.014114482203524
2390,0.46794204649353704,14038.261394806112,55.19325401545572,15.0,22.87029969809441,0,0,40.014114482203524
2391,0.4657146872629072,13971.440617887216,55.10361541060249,15.0,22.81129084349603,0,0,40.014114482203524
2392,0.46349684536681085,13904.905361004325,55.009505460966054,15.0,22.749338514547482,0,0,40.014114482203524
2393,0.46128900127320766,13838.67003819623,54.910952053355615,15.0,22.6844610690609,0,0,40.014114482203524
2394,0.4590916324874929,13772.748974624787,54.807984391272726,15.0,22.616677731623504,0,0,40.014114482203524
2395,0.4569052134110018,13707.156402330054,54.70063298625795,15.0,22.546008587901113,0,0,40.014114482203524
2396,0.45473021520043466,13641.90645601304,54.588929648849344,15.0,22.472474578686114,0,0,40.014114482203524
2397,0.45256710562824254,13577.013168847276,54.472907479156646,15.0,22.396097493692498,0,0,40.014114482203524
2398,0.45041634894401633,13512.49046832049,54.35260085705259,15.0,22.316899965098838,0,0,40.014114482203524
2399,0.44827840573691985,13448.352172107596,54.228045431985834,15.0,22.234905460842135,0,0,40.014114482203524
2400,0.44615373279920695,13384.611983976209,54.099278112416854,15.0,22.150138277663537,0,0,40.014114482203524
2401,0.4440427829908643,13321.283489725929,53.96633705488157,15.0,22.0626235339089,0,0,40.014114482203524
2402,0.4419460051054192,13258.380153162576,53.82926165268432,15.0,21.972387162085454,0,0,40.014114482203524
2403,0.43986384373695225,13195.915312108567,53.68809252422516,15.0,21.879455901177664,0,0,40.014114482203524
2404,0.4377967391483547,13133.90217445064,53.54287150096359,15.0,21.783857288723805,0,0,40.014114482203524
2405,0.43574512714086894,13072.353814226068,53.393641615022815,15.0,21.685619652655852,0,0,40.014114482203524
2406,0.4337094389249512,13011.283167748536,53.24044708643874,15.0,21.584772102905543,0,0,40.014114482203524
2407,0.4316901009924946,12950.703029774839,53.08333331005646,15.0,21.481344522778397,0,0,40.014114482203524
2408,0.4296875349904506,12890.626049713517,52.92234684207857,15.0,21.375367560098454,0,0,40.014114482203524
2409,0.4277021575958853,12831.06472787656,52.757535386269986,15.0,21.266872618126982,0,0,40.014114482203524
2410,0.4257343803925099,12772.031411775297,52.588947779822035,15.0,21.15589184625684,0,0,40.014114482203524
2411,0.4237846097487188,12713.538292461564,52.41663397888088,15.0,21.042458130485848,0,0,40.014114482203524
2412,0.4218532466971742,12655.597400915227,52.24064504374451,15.0,20.92660508367205,0,0,40.014114482203524
2413,0.4199406868159717,12598.220604479151,52.06103312373267,15.0,20.80836703557361,0,0,40.014114482203524
2414,0.4180473201114214,12541.419603342643,51.877851441733476,15.0,20.68777902267588,0,0,40.014114482203524
2415,0.41617353090248127,12485.205927074438,51.69115427843283,15.0,20.564876777809683,0,0,40.014114482203524
2416,0.4143196977068744,12429.590931206232,51.500996956229336,15.0,20.439696719562516,0,0,40.014114482203524
2417,0.4124861931289268,12374.585793867804,51.30743582284156,15.0,20.312275941487297,0,0,40.014114482203524
2418,0.4106733837491562,12320.201512474685,51.11052823461079,15.0,20.18265220111059,0,0,40.014114482203524
2419,0.40888163001564637,12266.448900469391,50.91033253950488,15.0,20.050863908744066,0,0,40.014114482203524
2420,0.40711128613723896,12213.33858411717,50.70690805982894,15.0,19.916950116103035,0,0,40.014114482203524
2421,0.40536269997857327,12160.880999357198,50.50031507464665,15.0,19.780950504734406,0,0,40.014114482203524
2422,0.4036362129570066,12109.086388710197,50.290614801918004,15.0,19.642905374258028,0,0,40.014114482203524
2423,0.40193215994144516,12057.964798243354,50.07786938035966,15.0,19.50285563042544,0,0,40.014114482203524
2424,0.3991810342222677,11975.431026668031,49.86214185103129,15.0,19.36084277299814,1,0,40.014114482203524
2425,0.3964289922675189,11892.869768025566,50.05005938290115,15.0,19.216908883450728,2,0,40.014114482203524
2426,0.39364447508697514,11809.334252609255,51.186860368259765,15.0,19.071096612501083,3,0,40.014114482203524
2427,0.39082752414865707,11724.825724459712,52.324482894427106,15.0,18.92344916747186,4,0,40.014114482203524
2428,0.3879781925993321,11639.345777979963,53.46252782155946,15.0,18.774010299487628,5,0,40.014114482203524
2429,0.38509654532009135,11552.89635960274,54.6005937448952,15.0,18.62282429051001,6,0,40.014114482203524
2430,0.38218265896812986,11465.479769043895,55.738277423264904,15.0,18.469935940216452,7,0,44.014114482203524
2431,0.3790471049636643,11371.413148909929,62.56068543978114,15.0,18.31539055272462,8,0,44.014114482203524
2432,0.37587237832831283,11276.171349849385,63.91005867295196,15.0,18.15923392316831,9,0,44.014114482203524
2433,0.37265850495944325,11179.755148783297,65.26041923275409,15.0,18.00151232412687,10,0,44.014114482203524
2434,0.3694055247784707,11082.165743354122,66.61129425744512,15.0,17.842272491914144,11,0,44.014114482203524
2435,0.3661134917813708,10983.404753441124,67.96220886256907,15.0,17.681561612728963,12,0,44.014114482203524
2436,0.3627824740707667,10883.474222123,69.31268670930484,15.0,17.519427308673304,13,0,44.014114482203524
2437,0.3594125538691244,10782.376616073732,70.66225058699918,15.0,17.355917623640693,14,0,44.014114482203524
2438,0.3560038275126107,10680.114825378321,72.01042300915633,15.0,17.19108100907948,15,0,44.014114482203524
2439,0.35255640542519606,10576.692162755882,73.3567268221147,15.0,17.024966309636103,16,0,44.014114482203524
2440,0.34907041207261136,10472.11236217834,74.70068582559543,15.0,16.85762274868112,17,0,44.014114482203524
2441,0.34554598589579466,10366.37957687384,76.04182540427135,15.0,16.689099913723076,18,0,44.014114482203524
2442,0.34198327922349503,10259.49837670485,77.37967316946876,15.0,16.51944774171506,19,0,44.014114482203524
2443,0.3383824581637303,10151.47374491191,78.71375961007139,15.0,16.348716504257098,20,0,44.014114482203524
2444,0.33474370247382734,10042.31107421482,80.0436187516683,15.0,16.17695679269946,21,0,44.014114482203524
2445,0.3310672054088074,9932.016162264223,81.36878882295328,15.0,16.004219503151496,22,0,44.014114482203524
2446,0.3273531735479118,9820.595206437354,82.68881292835192,15.0,15.830555821400209,23,0,44.014114482203524
2447,0.3236018265990989,9708.054797972967,84.00323972582471,15.0,15.656017207742334,24,0,44.014114482203524
2448,0.31981339718137847,9594.401915441355,85.31162410877512,15.0,15.48065538173609,25,0,44.014114482203524
2449,0.316047638158638,9481.42914475914,86.61352789095889,15.0,13.519295094337366,26,0,44.014114482203524
2450,0.3123277601134378,9369.832803403135,87.88009176864108,15.0,10.897057968468602,27,0,44.014114482203524
2451,0.30865321562682635,9259.59646880479,89.10052572794116,15.0,8.337467912896457,28,0,44.014114482203524
2452,0.3050234636429292,9150.703909287877,90.27554018667712,15.0,5.839617438980355,29,0,44.014114482203524
2453,0.3014379693917195,9043.139081751586,91.40585245660118,15.0,3.402594454853343,30,0,44.014114482203524
2454,0.29789620431277536,8936.886129383262,92.49218642743622,15.0,1.0254825535828047,31,0,44.014114482203524
2455,0.2943976459800145,8831.929379400435,92.24263355259914,15.0,0.0,32,0,44.014114482203524
2456,0.29094177802739335,8728.2533408218,90.98315255280522,15.0,0.0,33,0,44.014114482203524
2457,0.2875280900755599,8625.842702266797,89.7390400898616,15.0,0.0,34,0,44.014114482203524
2458,0.284156077659449,8524.68232978347,88.51011242720156,15.0,0.0,35,0,44.014114482203524
2459,0.28082524215680865,8424.75726470426,87.29618795740166,15.0,0.0,36,0,44.014114482203524
2460,0.2775350907176462,8326.052721529386,86.09708717645113,15.0,0.0,37,0,44.014114482203524
2461,0.2742851361945844,8228.554085837532,84.91263265835263,15.0,0.0,38,0,44.014114482203524
2462,0.2710748970741151,8132.2469122234525,83.7426490300504,15.0,0.0,39,0,44.014114482203524
2463,0.26790389740874143,8037.116922262243,82.58696294668142,15.0,0.0,40,0,44.014114482203524
2464,0.2647716667499967,7943.150002499901,81.44540306714691,15.0,0.0,41,0,44.014114482203524
2465,0.2616777400823301,7850.332202469903,80.31780002999882,15.0,0.0,42,0,44.014114482203524
2466,0.2586216577578486,7758.649732735459,79.20398642963882,15.0,0.0,43,0,44.014114482203524
2467,0.25560296543190536,7668.088962957161,78.1037967928255,15.0,0.0,44,0,44.014114482203524
2468,0.2526212139995235,7578.636419985704,77.01706755548594,15.0,0.0,45,0,44.014114482203524
2469,0.24967595953264596,7490.278785979379,75.94363703982845,15.0,0.0,46,0,44.014114482203524
2470,0.2467667632182016,7403.002896546048,74.88334543175255,15.0,0.0,47,0,44.014114482203524
2471,0.24389319129697684,7316.795738909305,73.83603475855257,15.0,0.0,48,0,44.014114482203524
2472,0.24105481500328393,7231.644450098518,72.80154886691166,15.0,0.0,49,0,44.014114482203524
2473,0.23825121050541592,7147.536315162478,71.77973340118221,15.0,0.0,50,0,44.014114482203524
2474,0.23548195884687864,7064.458765406359,70.77043578194974,15.0,0.0,51,0,44.014114482203524
2475,0.23274664588839028,6982.399376651709,69.77350518487631,15.0,0.0,52,0,44.014114482203524
2476,0.23004486225063975,6901.345867519192,68.7887925198205,15.0,0.0,53,0,44.014114482203524
2477,0.22737620325779326,6821.286097733798,67.8161504102303,15.0,0.0,54,0,44.014114482203524
2478,0.2247402688817416,6742.208066452247,66.85543317280558,15.0,0.0,55,0,44.014114482203524
2479,0.22213666368707757,6664.099910612327,65.90649679742697,15.0,0.0,56,0,44.014114482203524
2480,0.21956499677679583,6586.949903303875,64.96919892734793,15.0,0.0,57,0,44.014114482203524
2481,0.21702488173870488,6510.746452161146,64.04339883964651,15.0,0.0,58,0,44.014114482203524
2482,0.2145159365925438,6435.478097776314,63.12895742593376,15.0,0.0,59,0,44.014114482203524
2483,0.21203778373779397,6361.133512133819,62.22573717331577,15.0,0.0,60,0,44.014114482203524
2484,0.2095900499021776,6287.701497065328,61.33360214560582,15.0,0.0,61,0,44.014114482203524
2485,0.20717236609083456,6215.170982725037,60.45241796478394,15.0,0.0,62,0,44.014114482203524
2486,0.20478436753616858,6143.531026085057,59.58205179270044,15.0,0.0,63,0,44.014114482203524
2487,0.202425693648355,6072.77080945065,58.722372313020685,15.0,0.0,64,0,44.014114482203524
2488,0.20009598796650155,6002.879638995047,57.8732497134078,15.0,0.0,65,0,44.014114482203524
2489,0.19779489811045378,5933.846943313613,57.034555667940566,15.0,0.0,66,0,44.014114482203524
2490,0.19552207573323718,5865.662271997116,56.20616331976336,15.0,0.0,67,0,44.014114482203524
2491,0.19327717647412795,5798.3152942238385,55.38794726396539,15.0,0.0,68,0,44.014114482203524
2492,0.19105985991234425,5731.795797370328,54.57978353068606,15.0,0.0,69,0,44.014114482203524
2493,0.18886978952135042,5666.093685640512,53.781549568443936,15.0,0.0,70,0,44.014114482203524
2494,0.1867066326237657,5601.1989787129705,52.99312422768615,15.0,0.0,71,0,44.014114482203524
2495,0.18457006034687046,5537.101810406114,52.21438774455565,15.0,0.0,72,0,44.014114482203524
2496,0.18245974757870184,5473.792427361055,51.44522172487336,15.0,0.0,73,0,44.014114482203524
2497,0.180375372924731,5411.2611877419295,50.68550912833267,15.0,0.0,74,0,44.014114482203524
2498,0.17831661866511495,5349.498559953448,49.935134252903154,15.0,0.0,75,0,44.014114482203524
2499,0.17628317071251556,5288.495121375467,49.19398271944138,15.0,0.0,76,0,44.014114482203524
2500,0.1742747185704775,5228.241557114325,48.4619414565056,15.0,0.0,77,0,44.014114482203524
2501,0.172290955292359,5168.7286587707695,47.7388986853719,15.0,0.0,78,0,44.014114482203524
2502,0.1703315774408074,5109.947323224222,47.02474390524924,15.0,0.0,79,0,44.014114482203524
2503,0.16839628504777246,5051.888551433174,46.31936787869066,15.0,0.0,80,0,44.014114482203524
2504,0.1664847815750509,4994.543447251527,45.62266261719809,15.0,0.0,81,0,44.014114482203524
2505,0.16459677387535407,4937.903216260622,44.93452136701833,15.0,0.0,82,0,44.014114482203524
2506,0.16273197215389293,4881.959164616788,44.25483859512746,15.0,0.0,83,0,44.014114482203524
2507,0.16089008993047302,4826.70269791419,43.58350997540146,15.0,0.0,84,0,44.014114482203524
2508,0.15907084400209207,4772.125320062762,42.92043237497029,15.0,0.0,85,0,44.014114482203524
2509,0.15727395440603462,4718.218632181039,42.265503840753134,15.0,0.0,86,0,44.014114482203524
2510,0.15549914438345605,4664.974331503681,41.61862358617247,15.0,0.0,87,0,44.014114482203524
2511,0.15374614034344966,4612.384210303489,40.97969197804417,15.0,0.0,88,0,44.014114482203524
2512,0.15201467182759057,4560.440154827717,40.34861052364188,15.0,0.0,89,0,44.014114482203524
2513,0.15030447147494966,4509.13414424849,39.72528185793261,15.0,0.0,90,0,44.014114482203524
2514,0.14861527498757096,4458.458249627129,39.10960973098188,15.0,0.0,91,0,44.014114482203524
2515,0.14694682109640672,4408.404632892201,38.501498995525544,15.0,0.0,92,0,44.014114482203524
2516,0.14529885152770333,4358.9655458311,37.900855594706414,15.0,0.0,93,0,44.014114482203524
2517,0.14367111096983218,4310.133329094965,37.30758654997321,15.0,0.0,94,0,44.014114482203524
2518,0.14206334704055903,4261.900411216771,36.72159994913958,15.0,0.0,95,0,44.014114482203524
2519,0.14047531025474627,4214.259307642388,36.14280493460126,15.0,0.0,96,0,44.014114482203524
2520,0.13890675399248129,4167.202619774439,35.57111169170865,15.0,0.0,97,0,44.014114482203524
2521,0.1373574344676258,4120.723034028774,35.006431437293266,15.0,0.0,98,0,44.014114482203524
2522,0.13582711069677955,4074.8133209033863,34.44867640834529,15.0,0.0,99,0,44.014114482203524
2523,0.13431554446865296,4029.466334059589,33.897759850840636,15.0,0.0,100,0,44.014114482203524
2524,0.13282250031384277,3984.675009415283,33.353596008715066,15.0,0.0,101,0,44.014114482203524
2525,0.13134774547500483,3940.4323642501445,32.8161001129834,15.0,0.0,102,0,44.014114482203524
2526,0.12989104987741848,3896.7314963225544,32.28518837100174,15.0,0.0,103,0,44.014114482203524
2527,0.12845218609993714,3853.565582998114,31.760777955870655,15.0,0.0,104,0,44.014114482203524
2528,0.12703092934631885,3810.927880389566,31.242786995977365,15.0,0.0,105,0,44.014114482203524
2529,0.12562705741693217,3768.8117225079654,30.73113456467479,15.0,0.0,106,0,44.014114482203524
2530,0.12424035068083117,3727.210520424935,30.22574067009559,15.0,0.0,107,0,44.014114482203524
2531,0.12287059204819464,3686.1177614458393,29.726526245099226,15.0,0.0,108,0,44.014114482203524
2532,0.12151756694312403,3645.527008293721,29.233413137350066,15.0,0.0,109,0,44.014114482203524
2533,0.12018106327679473,3605.431898303842,28.746324099524646,15.0,0.0,110,0,44.014114482203524
2534,0.11886087142095567,3565.82614262867,28.2651827796461,15.0,0.0,111,0,44.014114482203524
2535,0.1175567841817718,3526.7035254531543,27.789913711544038,15.0,0.0,112,0,44.014114482203524
2536,0.11626859677400478,3488.0579032201435,27.320442305437854,15.0,0.0,113,0,44.014114482203524
2537,0.11499610679552619,3449.8832038657856,26.856694838641722,15.0,0.0,114,0,44.014114482203524
2538,0.11373911420215885,3412.1734260647654,26.39859844638943,15.0,0.0,115,0,44.014114482203524
2539,0.11249742128284092,3374.9226384852277,25.946081112777183,15.0,0.0,116,0,44.014114482203524
2540,0.11127083263510819,3338.1249790532456,25.499071661822732,15.0,0.0,117,0,44.014114482203524
2541,0.11005915514088918,3301.7746542266755,25.057499748638946,15.0,0.0,118,0,44.014114482203524
2542,0.108862197942609,3265.86593827827,24.62129585072011,15.0,0.0,119,0,44.014114482203524
2543,0.10767977241959653,3230.393172587896,24.190391259339236,15.0,0.0,120,0,44.014114482203524
2544,0.10651169216479078,3195.3507649437233,23.76471807105475,15.0,0.0,121,0,44.014114482203524
2545,0.10535777296174129,3160.7331888522385,23.34420917932468,15.0,0.0,122,0,44.014114482203524
2546,0.1042178327618984,3126.534982856952,22.928798266226867,15.0,0.0,123,0,44.014114482203524
2547,0.10309169166218869,3092.750749865661,22.518419794283425,15.0,0.0,124,0,44.014114482203524
2548,0.10197917188287108,3059.3751564861323,22.113008998387933,15.0,0.0,125,0,44.014114482203524
2549,0.10088009774566904,3026.402932370071,21.71250187783359,15.0,0.0,126,0,44.014114482203524
2550,0.09979429565217493,2993.8288695652477,21.316835188440855,15.0,0.0,127,0,44.014114482203524
2551,0.09872159406252162,2961.647821875649,20.925946434782972,15.0,0.0,128,0,44.014114482203524
2552,0.09766182347431754,2929.8547042295263,20.539773862507786,15.0,0.0,129,0,44.014114482203524
2553,0.09661481640184055,2898.4444920552164,20.158256450754315,15.0,0.0,130,0,44.014114482203524
2554,0.09558040735548679,2867.4122206646034,19.781333904662596,15.0,0.0,131,0,44.014114482203524
2555,0.0945584328214701,2836.752984644103,19.40894664797524,15.0,0.0,132,0,44.014114482203524
2556,0.09354873124176814,2806.461937253044,19.041035815729238,15.0,0.0,133,0,44.014114482203524
2557,0.09255114299431087,2776.534289829326,18.67754324703653,15.0,0.0,134,0,44.014114482203524
2558,0.09156551037340778,2746.9653112022334,18.318411477951912,15.0,0.0,135,0,44.014114482203524
2559,0.09059167757040959,2717.750327112288,17.9635837344268,15.0,0.0,136,0,44.014114482203524
2560,0.08962949065460074,2688.884719638022,17.613003925347456,15.0,0.0,137,0,44.014114482203524
2561,0.08867879755431862,2660.3639266295586,17.266616635656263,15.0,0.0,138,0,44.014114482203524
2562,0.08773944803829599,2632.18344114888,16.924367119554702,15.0,0.0,139,0,44.014114482203524
2563,0.08681129369722258,2604.3388109166776,16.58620129378656,15.0,0.0,140,0,44.014114482203524
2564,0.08589418792552231,2576.8256377656694,16.25206573100013,15.0,0.0,141,0,44.014114482203524
2565,0.08498798590334239,2549.6395771002717,15.921907653188034,15.0,0.0,142,0,44.014114482203524
2566,0.08409254457875079,2522.7763373625235,15.595674925203262,15.0,0.0,143,0,44.014114482203524
2567,0.08320772265013826,2496.231679504148,15.273316048350283,15.0,0.0,144,0,44.014114482203524
2568,0.08233338054882183,2470.001416464655,14.954780154049773,15.0,0.0,145,0,44.014114482203524
2569,0.08146938042184565,2444.0814126553696,14.64001699757586,15.0,0.0,146,0,44.014114482203524
2570,0.08061558611497639,2418.467583449292,14.328976951864435,15.0,0.0,147,0,44.014114482203524
2571,0.07977186315588934,2393.1558946766804,14.0216110013915,15.0,0.0,148,0,44.014114482203524
2572,0.07893807873754219,2368.1423621262657,13.717870736120165,15.0,0.0,149,0,44.014114482203524
2573,0.07811410170173282,2343.4230510519847,13.417708345515187,15.0,0.0,150,0,44.014114482203524
2574,0.07729980252283829,2318.994075685149,13.121076612623819,15.0,0.0,151,0,44.014114482203524
2575,0.07649505329173142,2294.8515987519427,12.827928908221786,15.0,0.0,152,0,44.014114482203524
2576,0.0756997276998719,2270.991830996157,12.538219185023312,15.0,0.0,153,0,44.014114482203524
2577,0.07491370102356909,2247.4110307070728,12.251901971953888,15.0,0.0,154,0,44.014114482203524
2578,0.07413685010841285,2224.1055032523855,11.968932368484875,15.0,0.0,155,0,44.014114482203524
2579,0.07336905335386994,2201.0716006160983,11.689266039028627,15.0,0.0,156,0,44.014114482203524
2580,0.07261019069804266,2178.3057209412796,11.41285920739318,15.0,0.0,157,0,44.014114482203524
2581,0.07186014360258673,2155.804308077602,11.139668651295356,15.0,0.0,158,0,44.014114482203524
2582,0.07111879503778588,2133.5638511335765,10.869651696931223,15.0,0.0,159,0,44.014114482203524
2583,0.07038602946777973,2111.580884033392,10.60276621360292,15.0,0.0,160,0,44.014114482203524
2584,0.06966173283594261,2089.851985078278,10.338970608400704,15.0,0.0,161,0,44.014114482203524
2585,0.06894579255041018,2068.3737765123055,10.078223820939339,15.0,0.0,162,0,44.014114482203524
2586,0.06823809746975149,2047.1429240925447,9.820485318147668,15.0,0.0,163,0,44.014114482203524
2587,0.06753853788878322,2026.1561366634967,9.565715089110537,15.0,0.0,164,0,44.014114482203524
2588,0.06684700552452406,2005.410165735722,9.313873639961962,15.0,0.0,165,0,44.014114482203524
2589,0.06616339350228616,1984.9018050685847,9.064921988828665,15.0,0.0,166,0,44.014114482203524
2590,0.06548759634190117,1964.627890257035,8.818821660823017,15.0,0.0,167,0,44.014114482203524
2591,0.06481950994407851,1944.5852983223554,8.57553468308442,15.0,0.0,168,0,44.014114482203524
2592,0.06415903157689315,1924.7709473067946,8.335023579868263,15.0,0.0,169,0,44.014114482203524
2593,0.06350605986240047,1905.1817958720142,8.097251367681539,15.0,0.0,170,0,44.014114482203524
2594,0.06286049476337595,1885.8148429012783,7.862181550464172,15.0,0.0,171,0,44.014114482203524
2595,0.06222223757017705,1866.6671271053115,7.629778114815341,15.0,0.0,172,0,44.014114482203524
2596,0.061591190887725224,1847.7357266317567,7.400005525263738,15.0,0.0,173,0,44.014114482203524
2597,0.06096725862260546,1829.0177586781638,7.17282871958108,15.0,0.0,174,0,44.014114482203524
2598,0.06035034597028136,1810.510379108441,6.948213104137967,15.0,0.0,175,0,44.014114482203524
2599,0.059740359402423344,1792.2107820727003,6.726124549301293,15.0,0.0,176,0,44.014114482203524
2600,0.05913720665434787,1774.116199630436,6.506529384872405,15.0,0.0,177,0,44.014114482203524
2601,0.058540796712565527,1756.2239013769658,6.28939439556523,15.0,0.0,178,0,44.014114482203524
2602,0.05795103980243588,1738.5311940730762,6.0746868165235925,15.0,0.0,179,0,44.014114482203524
2603,0.05736784737592693,1721.035421277808,5.862374328876914,15.0,0.0,180,0,44.014114482203524
2604,0.05679113209947735,1703.7339629843204,5.652425055333694,15.0,0.0,181,0,44.014114482203524
2605,0.05622080784195919,1686.6242352587756,5.444807555811845,15.0,0.0,182,0,44.014114482203524
2606,0.05565678966273939,1669.7036898821816,5.239490823105307,15.0,0.0,183,0,44.014114482203524
2607,0.055098993799838035,1652.969813995141,5.036444278586181,15.0,0.0,184,0,44.014114482203524
2608,0.05454733765818147,1636.420129745444,4.835637767941694,15.0,0.0,185,0,44.014114482203524
2609,0.05400173979794842,1620.0521939384528,4.637041556945327,15.0,0.0,186,0,44.014114482203524
2610,0.053462119923007416,1603.8635976902224,4.440626327261434,15.0,0.0,187,0,44.014114482203524
2611,0.05292839886944351,1587.8519660833053,4.2463631722826705,15.0,0.0,188,0,44.014114482203524
2612,0.05240049859417287,1572.014957825186,4.054223592999666,15.0,0.0,189,0,44.014114482203524
2613,0.05187834216364322,1556.3502649092966,3.864179493902231,15.0,0.0,190,0,44.014114482203524
2614,0.0513618537426187,1540.855612278561,3.67620317891156,15.0,0.0,191,0,44.014114482203524
2615,0.050850958583047355,1525.5287574914207,3.4902673473427335,15.0,0.0,192,0,44.014114482203524
2616,0.05034558301300978,1510.3674903902934,3.30634508989705,15.0,0.0,193,0,44.014114482203524
2617,0.04984565442574724,1495.3696327724172,3.1244098846835193,15.0,0.0,194,0,44.014114482203524
