tick,basin_frac,basin_level_ml,dc_total_draw_ml,community_received_ml,farm_total_received_ml,community_complaints,active_cap,total_dc_capacity_ml
0,0.8017424478125306,24052.27343437592,5.181261662933164,15.0,2.539516510643379,0,0,8.634103586298176
1,0.8034848238319896,24104.544714959688,5.183052344036958,15.0,2.5454355655997887,0,0,8.634103586298176
2,0.8052267343636488,24156.802030909465,5.185865646103621,15.0,2.5547348704878963,0,0,8.634103586298176
3,0.8069677858507144,24209.033575521433,5.189700735491032,15.0,2.567411669722966,0,0,8.634103586298176
4,0.8087075849909462,24261.227549728384,5.19455647577944,15.0,2.5834622068957946,0,0,8.634103586298176
5,0.8104457388532008,24313.372165596025,5.2004314281082005,15.0,2.6028817258858226,0,0,8.634103586298176
6,0.8121818549938669,24365.455649816005,5.2073238516021485,15.0,2.6256644722704645,0,0,8.634103586298176
7,0.8139155415731535,24417.466247194603,5.215231703887449,15.0,2.6518036950302757,0,0,8.634103586298176
8,0.8156464074712014,24469.39222413604,5.224152641696806,15.0,2.6812916485494185,0,0,8.634103586298176
9,0.8173740624039801,24521.221872119404,5.2340840215638185,15.0,2.7141195949108665,0,0,8.634103586298176
10,0.8190981170389374,24572.943511168123,5.245022900606292,15.0,2.750277806485626,0,0,8.634103586298176
11,0.8208181831103668,24624.545493311005,5.256966037398289,15.0,2.789755568815248,0,0,8.634103586298176
12,0.8225338735344596,24676.01620603379,5.269909892930623,15.0,2.8325411837867582,0,0,8.634103586298176
13,0.8242448025240056,24727.344075720168,5.283850631659547,15.0,2.878621973099048,0,0,8.634103586298176
14,0.8259505857027104,24778.517571081313,5.298784122643313,15.0,2.92798428201974,0,0,8.634103586298176
15,0.8276508402190947,24829.525206572842,5.314705940766246,15.0,2.9806134834313753,0,0,8.634103586298176
16,0.829345184859941,24880.35554579823,5.331611368050021,15.0,3.0364939821657444,0,0,8.634103586298176
17,0.8310332401632553,24930.99720489766,5.349495395051682,15.0,3.0956092196250733,0,0,8.634103586298176
18,0.8327146285307102,24981.438855921308,5.3683527223480585,15.0,3.1579416786886902,0,0,8.634103586298176
19,0.8343889743395352,25031.669230186057,5.3881777621061016,15.0,3.223472888903732,0,0,8.634103586298176
20,0.8360559040538221,25081.677121614663,5.408964639738668,15.0,3.292183431958329,0,0,8.634103586298176
21,0.8377150463352113,25131.45139005634,5.4307071956453,15.0,3.3640529474356815,0,0,8.634103586298176
22,0.839366032152928,25180.98096458784,5.4533989870374375,15.0,3.4390601388472835,0,0,8.634103586298176
23,0.8410084948931333,25230.254846794,5.477033289847565,15.0,3.5171827799435307,0,0,8.634103586298176
24,0.8426420704675602,25279.262114026806,5.501603100721686,15.0,3.5983977212998393,0,0,8.634103586298176
25,0.8442663974214005,25327.991922642017,5.527101139094584,15.0,3.6826808971763283,0,0,8.634103586298176
26,0.8458811170404125,25376.433511212374,5.55351984934719,15.0,3.7700073326489996,0,0,8.634103586298176
27,0.8474858734572145,25424.576203716435,5.580851403045498,15.0,3.8603511510103683,0,0,8.634103586298176
28,0.849080313756737,25472.40941270211,5.609087701260284,15.0,3.953685581437276,0,0,8.634103586298176
29,0.8506640880807984,25519.922642423953,5.638220376966994,15.0,4.049982966923661,0,0,8.634103586298176
30,0.8522368497317764,25567.10549195329,5.668240797525085,15.0,4.149214772475936,0,0,8.634103586298176
31,0.8537982552753406,25613.94765826022,5.699140067236051,15.0,4.251351593568522,0,0,8.634103586298176
32,0.8553479646422211,25660.43893926663,5.730909029979414,15.0,4.356363164857031,0,0,8.634103586298176
33,0.8568856412289767,25706.5692368693,5.763538271925886,15.0,4.464218369146561,0,0,8.634103586298176
34,0.8584109519977396,25752.32855993219,5.79701812432688,15.0,4.574885246612371,0,0,8.634103586298176
35,0.8599235675749002,25797.707027247005,5.831338666379574,15.0,4.688331004270278,0,0,8.634103586298176
36,0.861423162348708,25842.69487046124,5.866489728166663,15.0,4.804522025693936,0,0,8.634103586298176
37,0.8629094145657581,25887.282436972742,5.902460893669913,15.0,4.923423880976085,0,0,8.634103586298176
38,0.8643820064263326,25931.46019278998,5.9392415038566675,15.0,5.045001336930893,0,0,8.634103586298176
39,0.8658406241785724,25975.218725357172,5.976820659838337,15.0,5.169218367534302,0,0,8.634103586298176
40,0.867284958211448,26018.54874634344,6.015187226099977,15.0,5.2960381645993255,0,0,8.634103586298176
41,0.8687147031465045,26061.441094395133,6.054329833799991,15.0,5.4254231486830955,0,0,8.634103586298176
42,0.8701295579283512,26103.88673785054,6.094236884138946,15.0,5.557334980222471,0,0,8.634103586298176
43,0.8715292259138715,26145.876777416146,6.134896551796563,15.0,5.691734570894876,0,0,8.634103586298176
44,0.8729134149601242,26187.402448803725,6.176296788435809,15.0,5.828582095201016,0,0,8.634103586298176
45,0.8742818375109116,26228.45512532735,6.218425326273076,15.0,5.967837002266023,0,0,8.634103586298176
46,0.8756342106819893,26269.02632045968,6.261269681713396,15.0,6.109458027855574,0,0,8.634103586298176
47,0.8769702563448902,26309.107690346707,6.304817159049594,15.0,6.253403206603348,0,0,8.634103586298176
48,0.8782897012093404,26348.691036280212,6.349054854224304,15.0,6.399629884446293,0,0,8.634103586298176
49,0.8795922769042406,26387.76830712722,6.3939696586537185,15.0,6.5480947312639355,0,0,8.634103586298176
50,0.8808777200571909,26426.331601715727,6.439548263111943,15.0,6.698753753718025,0,0,8.634103586298176
51,0.882145772372533,26464.37317117599,6.48577716167481,15.0,6.851562308288725,0,0,8.634103586298176
52,0.8833961807078893,26501.88542123668,6.532642655721976,15.0,7.006475114503438,0,0,8.634103586298176
53,0.8846286971491741,26538.860914475223,6.580130857996112,15.0,7.163446268354384,0,0,8.634103586298176
54,0.8858430790840562,26575.292372521686,6.628227696718007,15.0,7.32242925590097,0,0,8.634103586298176
55,0.8870390892738499,26611.1726782155,6.67691891975633,15.0,7.4833769670528465,0,0,8.634103586298176
56,0.8882164959238144,26646.49487771443,6.726190098850855,15.0,7.646241709529667,0,0,8.634103586298176
57,0.8893750727518386,26681.252182555156,6.776026633887857,15.0,7.8109752229933225,0,0,8.634103586298176
58,0.8905145990554946,26715.437971664836,6.826413757226442,15.0,7.977528693348536,0,0,8.634103586298176
59,0.8916348597774357,26749.045793323072,6.877336538074522,15.0,8.145852767207522,0,0,8.634103586298176
60,0.892735645569123,26782.06936707369,6.92877988691313,15.0,8.315897566514469,0,0,8.634103586298176
61,0.8938167528528598,26814.502585585793,6.9807285599677655,15.0,8.487612703325466,0,0,8.634103586298176
62,0.8948779838821158,26846.339516463475,7.033167163725457,15.0,8.660947294739568,0,0,8.634103586298176
63,0.8959191468001241,26877.57440400372,7.086080159496196,15.0,8.83584997797647,0,0,8.634103586298176
64,0.8969400556967319,26908.201670901955,7.139451868017377,15.0,9.012268925596418,0,0,8.634103586298176
65,0.8979405306634903,26938.21591990471,7.193266474099911,15.0,9.190151860857803,0,0,8.634103586298176
66,0.8989203978469649,26967.611935408946,7.247508031314601,15.0,9.369446073207873,0,0,8.634103586298176
67,0.8998794895002521,26996.384685007564,7.3021604667174165,15.0,9.550098433902027,0,0,8.634103586298176
68,0.9008176440326865,27024.529320980593,7.35720758561225,15.0,9.732055411746995,0,0,8.634103586298176
69,0.9017347060577231,27052.041181731693,7.412633076349758,15.0,9.915263088963286,0,0,8.634103586298176
70,0.9026305264389823,27078.91579316947,7.468420515160859,15.0,10.099667177162194,0,0,8.634103586298176
71,0.9035049623344421,27105.148870033263,7.524553371023438,15.0,10.285213033432624,0,0,8.634103586298176
72,0.9043578772387646,27130.736317162937,7.581015010560857,15.0,10.47184567653295,0,0,8.634103586298176
73,0.9051891410237466,27155.674230712397,7.637788702970781,15.0,10.659509803183166,0,0,8.634103586298176
74,0.9059986299768786,27179.95889930636,7.69485762498287,15.0,10.848149804452415,0,0,8.634103586298176
75,0.9067862268380038,27203.586805140116,7.752204865843886,15.0,11.03770978223714,0,0,8.634103586298176
76,0.9075518208340648,27226.554625021945,7.8098134323287045,15.0,11.228133565824884,0,0,8.634103586298176
77,0.9082953077119277,27248.85923135783,7.867666253775783,15.0,11.419364728538886,0,0,8.634103586298176
78,0.909016589769275,27270.49769307825,7.925746187145561,15.0,11.61134660445853,0,0,8.634103586298176
79,0.9097155758835568,27291.467276506704,7.9840360221003115,15.0,11.804022305210673,0,0,8.634103586298176
80,0.9103921815389923,27311.765446169768,8.042518486103942,15.0,11.997334736826893,0,0,8.634103586298176
81,0.9110463288516135,27331.389865548404,8.101176249540211,15.0,12.191226616661687,0,0,8.634103586298176
82,0.9116779465923444,27350.33839777033,8.159991930847877,15.0,12.385640490366528,0,0,8.634103586298176
83,0.912286970208107,27368.60910624321,8.218948101671218,15.0,12.580518748914841,0,0,8.634103586298176
84,0.9128733418409503,27386.20025522851,8.278027292024445,15.0,12.775803645672799,0,0,8.634103586298176
85,0.9134370103451949,27403.110310355845,8.33721199546842,15.0,12.971437313510904,0,0,8.634103586298176
86,0.9139779313025879,27419.337939077635,8.396484674298204,15.0,13.16736178195125,0,0,8.634103586298176
87,0.9144960670354659,27434.88201106398,8.45582776473985,15.0,13.363518994345448,0,0,8.634103586298176
88,0.9149913866179193,27449.74159853758,8.51522368215493,15.0,13.55985082507804,0,0,8.634103586298176
89,0.9154638658849561,27463.915976548684,8.574654826251248,15.0,13.756299096790396,0,0,8.634103586298176
90,0.9159134874396626,27477.40462318988,8.634103586298176,15.0,13.952805597619905,0,0,8.634103586298176
91,0.9163402406583587,27490.207219750762,8.693552346345104,15.0,14.149312098449414,0,0,8.634103586298176
92,0.9167441216937459,27502.323650812377,8.752983490441421,15.0,14.34576037016177,0,0,8.634103586298176
93,0.9171251334760468,27513.754004281407,8.812379407856502,15.0,14.54209220089436,0,0,8.634103586298176
94,0.917483285712138,27524.49857136414,8.871722498298146,15.0,14.738249413288559,0,0,8.634103586298176
95,0.9178185948826723,27534.55784648017,8.93099517712793,15.0,14.934173881728903,0,0,8.634103586298176
96,0.9181310842371961,27543.932527115885,8.990179880571905,15.0,15.129807549567008,0,0,8.634103586298176
97,0.91842078378726,27552.6235136178,9.049259070925133,15.0,15.32509244632497,0,0,8.634103586298176
98,0.9186877302975249,27560.63190892575,9.108215241748475,15.0,15.51997070487328,0,0,8.634103586298176
99,0.9189319672748691,27567.959018246074,9.16703092305614,15.0,15.71438457857812,0,0,8.634103586298176
100,0.9191535449554951,27574.606348664853,9.22568868649241,15.0,15.908276458412912,0,0,8.634103586298176
101,0.9193525202900444,27580.575608701332,9.284171150496041,15.0,16.101588890029138,0,0,8.634103586298176
102,0.9195289569267212,27585.868707801637,9.342460985450792,15.0,16.294264590781278,0,0,8.634103586298176
103,0.9196829251924326,27590.487755772978,9.40054091882057,15.0,16.48624646670092,0,0,8.634103586298176
104,0.9198145020719486,27594.435062158456,9.458393740267647,15.0,16.677477629414923,0,0,8.634103586298176
105,0.9199237711850903,27597.71313555271,9.516002306752466,15.0,16.867901413002667,0,0,8.634103586298176
106,0.9200108227619515,27600.324682858543,9.573349547613482,15.0,17.05746139078739,0,0,8.634103586298176
107,0.9200757536161612,27602.272608484836,9.630418469625571,15.0,17.246101392056644,0,0,8.634103586298176
108,0.9201186671161965,27603.560013485894,9.687192162035496,15.0,17.433765518706856,0,0,8.634103586298176
109,0.9201396731547511,27604.19019464253,9.743653801572915,15.0,17.620398161807184,0,0,8.634103586298176
110,0.9201388881161726,27604.16664348518,9.799786657435494,15.0,17.80594401807761,0,0,8.634103586298176
111,0.9201164348419754,27603.49304525926,9.855574096246594,15.0,17.99034810627652,0,0,8.634103586298176
112,0.9200724425944389,27602.173277833168,9.9109995869841,15.0,18.173555783492816,0,0,8.634103586298176
113,0.920007047018306,27600.211410549182,9.966046705878934,15.0,18.355512761337778,0,0,8.634103586298176
114,0.9199203901005873,27597.61170301762,10.02069914128175,15.0,18.53616512203193,0,0,8.634103586298176
115,0.9198126201284881,27594.378603854642,10.074940698496441,15.0,18.715459334382004,0,0,8.634103586298176
116,0.9196838916454669,27590.516749364007,10.128755304578974,15.0,18.893342269643387,0,0,8.634103586298176
117,0.9195343654054419,27586.030962163255,10.182127013100155,15.0,19.069761217263338,0,0,8.634103586298176
118,0.9193642083251548,27580.926249754644,10.235040008870895,15.0,19.24466390050024,0,0,8.634103586298176
119,0.9191735934347113,27575.20780304134,10.287478612628588,15.0,19.41799849191434,0,0,8.634103586298176
120,0.9189626998263073,27568.88099478922,10.339427285683222,15.0,19.589713628725338,0,0,8.634103586298176
121,0.9187317126011606,27561.951378034817,10.390870634521828,15.0,19.759758428032285,0,0,8.634103586298176
122,0.9184808228146613,27554.424684439837,10.441793415369911,15.0,19.92808250189127,0,0,8.634103586298176
123,0.9182102274197579,27546.306822592738,10.492180538708494,15.0,20.094635972246483,0,0,8.634103586298176
124,0.9179201292085962,27537.603876257886,10.542017073745496,15.0,20.259369485710142,0,0,8.634103586298176
125,0.9176107367524271,27528.322102572813,10.591288252840021,15.0,20.422234228186962,0,0,8.634103586298176
126,0.9172822643398026,27518.467930194078,10.639979475878345,15.0,20.583181939338836,0,0,8.634103586298176
127,0.9169349319130778,27508.047957392337,10.688076314600242,15.0,20.742164926885422,0,0,8.634103586298176
128,0.9165689650032374,27497.06895009712,10.735564516874376,15.0,20.89913608073637,0,0,8.634103586298176
129,0.9161845946630645,27485.537839891935,10.78243001092154,15.0,21.05404888695108,0,0,8.634103586298176
130,0.9157820573986769,27473.461721960306,10.828658909484409,15.0,21.206857441521784,0,0,8.634103586298176
131,0.9153615950994435,27460.847852983305,10.874237513942633,15.0,21.357516463975873,0,0,8.634103586298176
132,0.914923454966308,27447.70364898924,10.919152318372047,15.0,21.505981310793512,0,0,8.634103586298176
133,0.9144678894385382,27434.036683156144,10.963390013546757,15.0,21.652207988636462,0,0,8.634103586298176
134,0.9139951561189217,27419.85468356765,11.006937490882954,15.0,21.796153167384233,0,0,8.634103586298176
135,0.9135055176974338,27405.165530923015,11.049781846323278,15.0,21.937774192973784,0,0,8.634103586298176
136,0.9129992418733964,27389.97725620189,11.091910384160542,15.0,22.077029100038793,0,0,8.634103586298176
137,0.9124766012761524,27374.29803828457,11.13331062079979,15.0,22.21387662434493,0,0,8.634103586298176
138,0.9119378733842806,27358.136201528418,11.173970288457406,15.0,22.348276215017336,0,0,8.634103586298176
139,0.9113833404433722,27341.500213301166,11.213877338796362,15.0,22.480188046556712,0,0,8.634103586298176
140,0.9108132893823956,27324.398681471866,11.253019946496373,15.0,22.609573030640483,0,0,8.634103586298176
141,0.910228011728673,27306.840351860188,11.291386512758015,15.0,22.7363928277055,0,0,8.634103586298176
142,0.9096278035214946,27288.83410564484,11.328965668739684,15.0,22.860609858308916,0,0,8.634103586298176
143,0.9090129652243961,27270.388956731884,11.365746278926439,15.0,22.982187314263722,0,0,8.634103586298176
144,0.9083838016361244,27251.514049083733,11.40171744442969,15.0,23.101089169545872,0,0,8.634103586298176
145,0.9077406218003193,27232.21865400958,11.436868506216777,15.0,23.21728019096953,0,0,8.634103586298176
146,0.9070837389139372,27212.512167418117,11.471189048269473,15.0,23.330725948627435,0,0,8.634103586298176
147,0.9064134702344443,27192.40410703333,11.504668900670465,15.0,23.44139282609325,0,0,8.634103586298176
148,0.9057301369858061,27171.90410957418,11.537298142616937,15.0,23.549248030382778,0,0,8.634103586298176
149,0.9050340642633017,27151.02192789905,11.5690671053603,15.0,23.654259601671285,0,0,8.634103586298176
150,0.9043255809371916,27129.76742811575,11.599966375071267,15.0,23.75639642276387,0,0,8.634103586298176
151,0.9036050195552658,27108.150586657976,11.629986795629357,15.0,23.855628228316146,0,0,8.634103586298176
152,0.9028727162443031,27086.181487329093,11.659119471336068,15.0,23.95192561380253,0,0,8.634103586298176
153,0.9021290106104688,27063.870318314064,11.687355769550853,15.0,24.045260044229437,0,0,8.634103586298176
154,0.901374245638683,27041.22736916049,11.71468732324916,15.0,24.135603862590806,0,0,8.634103586298176
155,0.9006087675909861,27018.263027729583,11.741106033501767,15.0,24.22293029806348,0,0,8.634103586298176
156,0.8998329259039344,26994.987777118033,11.766604071874665,15.0,24.30721347393997,0,0,8.634103586298176
157,0.8990470730850538,26971.412192551616,11.791173882748787,15.0,24.388428415296275,0,0,8.634103586298176
158,0.898251564608385,26947.546938251548,11.814808185558913,15.0,24.46655105639252,0,0,8.634103586298176
159,0.8974467588091479,26923.402764274437,11.837499976951051,15.0,24.54155824780413,0,0,8.634103586298176
160,0.8966330167775605,26898.990503326815,11.859242532857683,15.0,24.61342776328148,0,0,8.634103586298176
161,0.8958107022518387,26874.32106755516,11.880029410490252,15.0,24.68213830633608,0,0,8.634103586298176
162,0.8949801815104137,26849.40544531241,11.899854450248293,15.0,24.747669516551113,0,0,8.634103586298176
163,0.8941418232633955,26824.254697901866,11.918711777544669,15.0,24.810001975614732,0,0,8.634103586298176
164,0.8932959985433162,26798.879956299486,11.93659580454633,15.0,24.869117213074063,0,0,8.634103586298176
165,0.8924430805951848,26773.292417855544,11.953501231830106,15.0,24.92499771180843,0,0,8.634103586298176
166,0.891583444765887,26747.50334297661,11.96942304995304,15.0,24.977626913220067,0,0,8.634103586298176
167,0.8907174683929617,26721.524051788852,11.984356540936805,15.0,25.02698922214076,0,0,8.634103586298176
168,0.8898455306927876,26695.365920783628,11.99829727966573,15.0,25.073070011453048,0,0,8.634103586298176
169,0.8889680126482135,26669.040379446404,12.011241135198063,15.0,25.11585562642456,0,0,8.634103586298176
170,0.8880852968956645,26642.558906869934,12.02318427199006,15.0,25.155333388754183,0,0,8.634103586298176
171,0.8871977676117587,26615.933028352763,12.034123151032533,15.0,25.191491600328938,0,0,8.634103586298176
172,0.8863058103994679,26589.174311984036,12.044054530899546,15.0,25.22431954669039,0,0,8.634103586298176
173,0.885409812173854,26562.294365215617,12.052975468708905,15.0,25.253807500209533,0,0,8.634103586298176
174,0.8845101610474186,26535.30483142256,12.060883320994202,15.0,25.27994672296934,0,0,8.634103586298176
175,0.8836072462150969,26508.217386452907,12.06777574448815,15.0,25.302729469353988,0,0,8.634103586298176
176,0.8827014578389304,26481.04373516791,12.073650696816912,15.0,25.322148988344015,0,0,8.634103586298176
177,0.8817931869324535,26453.795607973603,12.07850643710532,15.0,25.338199525516842,0,0,8.634103586298176
178,0.8808828252448281,26426.484757344842,12.082341526492732,15.0,25.35087632475191,0,0,8.634103586298176
179,0.8799707651447597,26399.12295434279,12.085154828559393,15.0,25.36017562964002,0,0,8.634103586298176
180,0.8790573995042299,26371.721985126896,12.086945509663188,15.0,25.366094684596426,0,0,8.634103586298176
181,0.8781431215820803,26344.293647462408,12.087713039186658,15.0,25.36863173567742,0,0,8.634103586298176
182,0.877228324907481,26316.84974722443,12.087457189694241,15.0,25.36778603109999,0,0,8.634103586298176
183,0.87631340316332,26289.4020948996,12.086178036999662,15.0,25.363557821464667,0,0,8.634103586298176
184,0.8753987500695457,26261.96250208637,12.083875960143473,15.0,25.355948359681225,0,0,8.634103586298176
185,0.8744847592664999,26234.542777994997,12.080551641280728,15.0,25.344959900597402,0,0,8.634103586298176
186,0.8735718241982732,26207.154725948196,12.07620606547885,15.0,25.33059570033078,0,0,8.634103586298176
187,0.8726603379961192,26179.810139883575,12.070840520425733,15.0,25.312860015303905,0,0,8.634103586298176
188,0.8717506933619613,26152.520800858838,12.06445659604818,15.0,25.29175810098301,0,0,8.634103586298176
189,0.8708432824520266,26125.298473560797,12.057056184040754,15.0,25.267296210320737,0,0,8.634103586298176
190,0.8699384967606414,26098.154902819242,12.048641477305253,15.0,25.239481591903214,0,0,8.634103586298176
191,0.869036727004223,26071.10181012669,12.03921496930088,15.0,25.208322487802167,0,0,8.634103586298176
192,0.8681383630055022,26044.150890165067,12.028779453305402,15.0,25.173828131132606,0,0,8.634103586298176
193,0.8672437935780103,26017.31380734031,12.017338021587424,15.0,25.13600874331687,0,0,8.634103586298176
194,0.8663534064108653,25990.60219232596,12.004894064490092,15.0,25.09487553105577,0,0,8.634103586298176
195,0.8654675879538912,25964.027638616735,11.991451269426454,15.0,25.05044068300783,0,0,8.634103586298176
196,0.8645867233031044,25937.60169909313,11.977013619786808,15.0,25.002717366177507,0,0,8.634103586298176
197,0.8637111960866015,25911.335882598047,11.96158539375833,15.0,24.951719722013536,0,0,8.634103586298176
198,0.8628413883508826,25885.24165052648,11.945171163057367,15.0,24.897462862218504,0,0,8.634103586298176
199,0.8619776804476421,25859.330413429263,11.927775791574717,15.0,24.83996286427091,0,0,8.634103586298176
200,0.861120450921062,25833.61352763186,11.909404433934373,15.0,24.77923676666112,0,0,8.634103586298176
201,0.8602700763956417,25808.10229186925,11.890062533966097,15.0,24.715302563842414,0,0,8.634103586298176
202,0.8594269314645959,25782.807943937878,11.869755823092277,15.0,24.648179200898912,0,0,8.634103586298176
203,0.8585913885788545,25757.741657365637,11.848490318629597,15.0,24.577886567931692,0,0,8.634103586298176
204,0.8577638179366973,25732.91453810092,11.826272322005984,15.0,24.504445494164948,0,0,8.634103586298176
205,0.856944587374056,25708.33762122168,11.803108416893334,15.0,24.427877741773806,0,0,8.634103586298176
206,0.8561340622555169,25684.021867665506,11.779005467256653,15.0,24.348205999435784,0,0,8.634103586298176
207,0.8553326053660554,25659.97816098166,11.753970615320107,15.0,24.265453875607584,0,0,8.634103586298176
208,0.8545405768035348,25636.217304106045,11.728011279450612,15.0,24.179645891529447,0,0,8.634103586298176
209,0.8537583338720021,25612.750016160062,11.70113515195964,15.0,24.090807473958925,0,0,8.634103586298176
210,0.85298623097581,25589.586929274297,11.673350196823803,15.0,23.998964947636452,0,0,8.634103586298176
211,0.8522246195146,25566.738585438,11.644664647324952,15.0,23.904145527484687,0,0,8.634103586298176
212,0.8514738477791755,25544.215433375262,11.615087003610487,15.0,23.806377310544196,0,0,8.634103586298176
213,0.8507342608482944,25522.027825448833,11.584626030174585,15.0,23.705689267647678,0,0,8.634103586298176
214,0.8500062004864165,25500.186014592495,11.553290753261072,15.0,23.602111234835263,0,0,8.634103586298176
215,0.8492900050424299,25478.700151272897,11.521090458188766,15.0,23.495673904513463,0,0,8.634103586298176
216,0.8485860093493915,25457.580280481747,11.488034686600042,15.0,23.386408816360365,0,0,8.634103586298176
217,0.8478945446253091,25436.836338759273,11.45413323363342,15.0,23.274348347979725,0,0,8.634103586298176
218,0.8472159383749934,25416.4781512498,11.419396145021068,15.0,23.159525705306788,0,0,8.634103586298176
219,0.846550514293012,25396.51542879036,11.38383371411203,15.0,23.041974912768644,0,0,8.634103586298176
220,0.8458985921677717,25376.957765033152,11.347456478822085,15.0,22.921730803202085,0,0,8.634103586298176
221,0.8452604877867581,25357.814633602742,11.310275218511133,15.0,22.79882900753185,0,0,8.634103586298176
222,0.8446365128429607,25339.09538528882,11.272300950789042,15.0,22.67330594421244,0,0,8.634103586298176
223,0.8440269748425121,25320.809245275363,11.23354492825089,15.0,22.54519880843652,0,0,8.634103586298176
224,0.843432177013567,25302.96531040701,11.19401863514258,15.0,22.414545561113208,0,0,8.634103586298176
225,0.8428524182164489,25285.572546493466,11.153733783957803,15.0,22.2813849176194,0,0,8.634103586298176
226,0.8422879928550919,25268.63978565276,11.112702311967388,15.0,22.14575633632762,0,0,8.634103586298176
227,0.8417391907898022,25252.175723694065,11.070936377682015,15.0,22.007700006913595,0,0,8.634103586298176
228,0.8412062972513656,25236.18891754097,11.028448357249397,15.0,21.867256838447243,0,0,8.634103586298176
229,0.840689592756529,25220.68778269587,10.985250840786952,15.0,21.724468447270382,0,0,8.634103586298176
230,0.8401893530248754,25205.680590746262,10.94135662865109,15.0,21.579377144664956,0,0,8.634103586298176
231,0.8397058488971237,25191.17546691371,10.89677872764418,15.0,21.43202592431524,0,0,8.634103586298176
232,0.839239346254872,25177.18038764616,10.851530347160361,15.0,21.28245844956793,0,0,8.634103586298176
233,0.8387901059418112,25163.703178254338,10.805624895271308,15.0,21.130719040493727,0,0,8.634103586298176
234,0.8383583836864319,25150.751510592956,10.759075974753138,15.0,20.976852660754336,0,0,8.634103586298176
235,0.8379444300262455,25138.332900787365,10.71189737905561,15.0,20.82090490427879,0,0,8.634103586298176
236,0.8375484902335458,25126.454707006375,10.664103088214825,15.0,20.66292198175296,0,0,8.634103586298176
237,0.8371708042427286,25115.12412728186,10.615707264710641,15.0,20.50295070692633,0,0,8.634103586298176
238,0.8368116065791943,25104.348197375828,10.566724249270038,15.0,20.341038482740114,0,0,8.634103586298176
239,0.8364711262898528,25094.133788695584,10.517168556617627,15.0,20.17723328728068,0,0,8.634103586298176
240,0.8361495868752522,25084.487606257568,10.467054871174637,15.0,20.011583659562646,0,0,8.634103586298176
241,0.8358472062233508,25075.416186700524,10.41639804270761,15.0,19.844138685145715,0,0,8.634103586298176
242,0.8355641965449517,25066.92589634855,10.365213081928086,15.0,19.674947981589572,0,0,8.634103586298176
243,0.8353007643108206,25059.022929324616,10.313515156044602,15.0,19.504061683751107,0,0,8.634103586298176
244,0.835057110190504,25051.71330571512,10.261319584268332,15.0,19.331530428928406,0,0,8.634103586298176
245,0.8348334289928664,25045.002869785993,10.208641833273667,15.0,19.1574053418558,0,0,8.634103586298176
246,0.8346299096083644,25038.89728825093,10.155497512615105,15.0,18.981738019554516,0,0,8.634103586298176
247,0.8344467349530739,25033.402048592216,10.101902370101804,15.0,18.804580516043362,0,0,8.634103586298176
248,0.8342840819144887,25028.52245743466,10.04787228713117,15.0,18.625985326913995,0,0,8.634103586298176
249,0.8341421212991047,25024.26363897314,9.993423273982852,15.0,18.446005373775364,0,0,8.634103586298176
250,0.8340210177818063,25020.630533454187,9.938571465074553,15.0,18.26469398857186,0,0,8.634103586298176
251,0.8339209298570692,25017.627895712078,9.883333114181047,15.0,18.082104897779953,0,0,8.634103586298176
252,0.8338420097919961,25015.260293759882,9.827724589617851,15.0,17.898292206487824,0,0,8.634103586298176
253,0.8337844035811954,25013.53210743586,9.771762369390917,15.0,17.713310382362916,0,0,8.634103586298176
254,0.8337482509035209,25012.447527105625,9.71546303631387,15.0,17.52721423951195,0,0,8.634103586298176
255,0.8337336850806814,25012.01055242044,9.658843273094131,15.0,17.340058922238335,0,0,8.634103586298176
256,0.8337408330377346,25012.22499113204,9.601919857389499,15.0,17.151899888701706,0,0,8.634103586298176
257,0.833769815265477,25013.09445796431,9.54470965683656,15.0,16.962792894484533,0,0,8.634103586298176
258,0.8338207457847391,25014.622373542174,9.487229624052432,15.0,16.772793976070453,0,0,8.634103586298176
259,0.8338937321125991,25016.81196337797,9.42949679161135,15.0,16.581959434239504,0,0,8.634103586298176
260,0.8339888752305228,25019.666256915683,9.37152826699754,15.0,16.39034581738498,0,0,8.634103586298176
261,0.8341062695544414,25023.188086633243,9.313341227535915,15.0,16.19800990475691,0,0,8.634103586298176
262,0.8342460029067733,25027.3800872032,9.25495291530204,15.0,16.005008689637158,0,0,8.634103586298176
263,0.8344081564904008,25032.244694712022,9.196380632012954,15.0,15.811399362451073,0,0,8.634103586298176
264,0.8345928048646073,25037.784145938218,9.137641733900292,15.0,15.61723929382073,0,0,8.634103586298176
265,0.8348000159229849,25044.000477689548,9.07875362656725,15.0,15.422586017564779,0,0,8.634103586298176
266,0.8350298508733153,25050.89552619946,9.019733759830943,15.0,15.227497213649942,0,0,8.634103586298176
267,0.8352823642194327,25058.47092658298,8.960599622551635,15.0,15.032030691099166,0,0,8.634103586298176
268,0.8355576037450728,25066.728112352186,8.90136873745043,15.0,14.836244370861614,0,0,8.634103586298176
269,0.8358556104997145,25075.668314991435,8.84205865591688,15.0,14.640196268649383,0,0,8.634103586298176
270,0.8361764187864148,25085.292563592444,8.782686952808165,15.0,14.443944477746223,0,0,12.634103586298176
271,0.8363853458348329,25091.560375044988,12.764580725604675,15.0,14.247547151793231,0,0,12.634103586298176
272,0.8366180406871482,25098.541220614447,12.677600262401633,15.0,14.051062487556699,0,0,12.634103586298176
273,0.8368745174902,25106.235524706,12.590606910194724,15.0,13.854548707683117,0,0,12.634103586298176
274,0.8371547833437223,25114.643500311668,12.50362644699168,15.0,13.658064043446583,0,0,12.634103586298176
275,0.8374588382982397,25123.765148947194,12.416684646980938,15.0,13.46166671749359,0,0,12.634103586298176
276,0.8377866753550535,25133.600260651605,12.329807272894204,15.0,13.265414926590427,0,0,12.634103586298176
277,0.8381382804683141,25144.14841404942,12.243020068372381,15.0,13.06936682437819,0,0,12.634103586298176
278,0.8385136325491842,25155.408976475526,12.156348750337196,15.0,12.873580504140637,0,0,12.634103586298176
279,0.8389127034720874,25167.38110416262,12.069819001370698,15.0,12.678113981589874,0,0,12.634103586298176
280,0.8393354580830424,25180.063742491275,11.983456462104975,15.0,12.483025177675035,0,0,12.634103586298176
281,0.8397818542100806,25193.455626302417,11.897286723624264,15.0,12.288371901419085,0,0,12.634103586298176
282,0.840251842675741,25207.55528027223,11.811335319881774,15.0,12.09421183278874,0,0,12.634103586298176
283,0.8407453673116442,25222.361019349326,11.725627720133415,15.0,11.900602505602652,0,0,12.634103586298176
284,0.8412623649751353,25237.87094925406,11.640189321390716,15.0,11.7076012904829,0,0,12.634103586298176
285,0.8418027655679948,25254.082967039845,11.555045440895137,15.0,11.515265377854831,0,0,12.634103586298176
286,0.8423664920572104,25270.994761716312,11.470221308616024,15.0,11.323651761000306,0,0,12.634103586298176
287,0.8429534604978028,25288.603814934086,11.385742059774424,15.0,11.132817219169356,0,0,12.634103586298176
288,0.8435635800577014,25306.90740173104,11.30163272739498,15.0,10.942818300755274,0,0,12.634103586298176
289,0.8441967530446588,25325.902591339764,11.217918234888106,15.0,10.7537113065381,0,0,12.634103586298176
290,0.8448528749352001,25345.586248056003,11.134623388664638,15.0,10.565552273001485,0,0,12.634103586298176
291,0.8455318344055948,25365.955032167843,11.051772870785161,15.0,10.378396955727862,0,0,12.634103586298176
292,0.8462335133648444,25387.005400945334,10.969391231646185,15.0,10.192300812876894,0,0,12.634103586298176
293,0.8469577869896762,25408.733609690284,10.887502882705327,15.0,10.007318988751985,0,0,12.634103586298176
294,0.8477045237615295,25431.135712845884,10.806132089247676,15.0,9.823506297459858,0,0,12.634103586298176
295,0.848473585505529,25454.20756516587,10.725302963195457,15.0,9.640917206667948,0,0,12.634103586298176
296,0.8492648274314284,25477.944822942853,10.645039455963154,15.0,9.459605821464448,0,0,12.634103586298176
297,0.8500780981765145,25502.342945295433,10.565365351360189,15.0,9.279625868325818,0,0,12.634103586298176
298,0.8509132398504594,25527.397195513782,10.48630425854326,15.0,9.10103067919645,0,0,12.634103586298176
299,0.8517700880821075,25553.102642463225,10.407879605020455,15.0,8.923873175685292,0,0,12.634103586298176
300,0.8526484720681815,25579.454162045444,10.330114629709149,15.0,8.748205853384006,0,0,12.634103586298176
301,0.8535482146238949,25606.446438716845,10.253032376049838,15.0,8.5740807663114,0,0,12.634103586298176
302,0.8544691322354562,25634.073967063687,10.176655685177845,15.0,8.4015495114887,0,0,12.634103586298176
303,0.8554110351144484,25662.331053433452,10.101007189155027,15.0,8.230663213650239,0,0,12.634103586298176
304,0.8563737272540662,25691.21181762199,10.026109304263379,15.0,8.061472510094095,0,0,12.634103586298176
305,0.8573570064871981,25720.710194615946,9.951984224362622,15.0,7.894027535677164,0,0,12.634103586298176
306,0.8583606645463324,25750.819936389973,9.878653914313686,15.0,7.72837790795913,0,0,12.634103586298176
307,0.8593844871252715,25781.534613758144,9.806140103470034,15.0,7.564572712499695,0,0,12.634103586298176
308,0.8604282539426349,25812.847618279047,9.734464279238791,15.0,7.402660488313475,0,0,12.634103586298176
309,0.8614917388071346,25844.75216421404,9.66364768071357,15.0,7.242689213486845,0,0,12.634103586298176
310,0.8625747096845992,25877.241290537975,9.593711292380867,15.0,7.084706290961013,0,0,12.634103586298176
311,0.8636769287667311,25910.307863001934,9.524675837901889,15.0,6.928758534485469,0,0,12.634103586298176
312,0.8647981525415745,25943.944576247235,9.456561773971707,15.0,6.774892154746081,0,0,12.634103586298176
313,0.8659381318656728,25978.143955970183,9.38938928425749,15.0,6.6231527456718755,0,0,12.634103586298176
314,0.8670966120378955,26012.898361136864,9.323178273417636,15.0,6.47358527092457,0,0,12.634103586298176
315,0.8682733328749114,26048.199986247342,9.257948361203608,15.0,6.326234050574856,0,0,12.634103586298176
316,0.8694680287882868,26084.040863648603,9.193718876646175,15.0,6.181142747969427,0,0,12.634103586298176
317,0.8706804288631846,26120.412865895538,9.130508852327793,15.0,6.038354356792569,0,0,12.634103586298176
318,0.871910256938643,26157.30770815929,9.068337018742854,15.0,5.8979111883262165,0,0,12.634103586298176
319,0.8731572316894074,26194.71695068222,9.007221798747429,15.0,5.759854858912195,0,0,12.634103586298176
320,0.874421066709293,26232.63200127879,8.947181302100168,15.0,5.624226277620407,0,0,12.634103586298176
321,0.8757014705960537,26271.04411788161,8.88823332009602,15.0,5.4910656341266035,0,0,12.634103586298176
322,0.8769981470377304,26309.94441113191,8.83039532029425,15.0,5.360412386803287,0,0,12.634103586298176
323,0.8783107949004546,26349.32384701364,8.773684441342441,15.0,5.232305251027366,0,0,12.634103586298176
324,0.8796391083176816,26389.173249530446,8.718117487897956,15.0,5.106782187707958,0,0,12.634103586298176
325,0.8809827767808242,26429.483303424724,8.663710925648324,15.0,4.983880392037724,0,0,12.634103586298176
326,0.8823414852312639,26470.244556937916,8.610480876432138,15.0,4.863636282471168,0,0,12.634103586298176
327,0.8837149141537097,26511.44742461129,8.558443113461772,15.0,4.746085489933023,0,0,12.634103586298176
328,0.8851027396708767,26553.0821901263,8.507613056649468,15.0,4.631262847260085,0,0,12.634103586298176
329,0.8865046336394584,26595.139009183753,8.458005768038056,15.0,4.519202378879442,0,0,12.634103586298176
330,0.8879202637473624,26637.607912420874,8.409635947337769,15.0,4.409937290726352,0,0,12.634103586298176
331,0.8893492936121818,26680.478808365457,8.362517927570378,15.0,4.3034999604045465,0,0,12.634103586298176
332,0.8907913828808729,26723.74148642619,8.316665670822044,15.0,4.199921927592132,0,0,12.634103586298176
333,0.8922461873306082,26767.38561991825,8.272092764106006,15.0,4.099233884695609,0,0,12.634103586298176
334,0.8937133589707782,26811.400769123346,8.228812415336487,15.0,4.001465667755122,0,0,12.634103586298176
335,0.8951925461461074,26855.77638438322,8.186837449414892,15.0,3.906646247603359,0,0,12.634103586298176
336,0.8966833936408584,26900.501809225752,8.146180304429523,15.0,3.8148037212808847,0,0,12.634103586298176
337,0.8981855427840894,26945.56628352268,8.106853027969885,15.0,3.7259653037103657,0,0,12.634103586298176
338,0.8996986315559358,26990.958946678074,8.068867273556753,15.0,3.640157319632226,0,0,12.634103586298176
339,0.9012222946948857,27036.66884084657,8.032234297188952,15.0,3.5574051958040274,0,0,12.634103586298176
340,0.9027561638060134,27082.6849141804,7.996964954007989,15.0,3.4777334534660076,0,0,12.634103586298176
341,0.9042998674701437,27128.99602410431,7.963069695081418,15.0,3.401165701074865,0,0,12.634103586298176
342,0.905853031353911,27175.59094061733,7.930558564305986,15.0,3.327724627308115,0,0,12.634103586298176
343,0.9074152783206826,27222.458349620476,7.899441195431384,15.0,3.2574319943408927,0,0,12.634103586298176
344,0.9089862285423118,27269.586856269354,7.869726809205583,15.0,3.190308631397394,0,0,12.634103586298176
345,0.9105654996116903,27316.964988350708,7.8414242106425025,15.0,3.126374428578689,0,0,12.634103586298176
346,0.9121527066560624,27364.581199681874,7.814541786412924,15.0,3.0656483309688967,0,0,12.634103586298176
347,0.9137474624510725,27412.423873532174,7.789087502359312,15.0,3.0081483330213077,0,0,12.634103586298176
348,0.9153493775355065,27460.481326065194,7.765068901135383,15.0,2.9538914732262724,0,0,12.634103586298176
349,0.9169580603266986,27508.74180980096,7.742493099971041,15.0,2.902893829062298,0,0,12.634103586298176
350,0.9185731172365657,27557.19351709697,7.721366788563401,15.0,2.855170512231978,0,0,12.634103586298176
351,0.9201941527882355,27605.824583647063,7.701696227094471,15.0,2.8107356641840386,0,0,12.634103586298176
352,0.921820769733235,27654.62309199705,7.683487244376144,15.0,2.769602451922937,0,0,12.634103586298176
353,0.9234525691692045,27703.577075076133,7.666745236122978,15.0,2.7317830641071996,0,0,12.634103586298176
354,0.9250891506580994,27752.67451974298,7.651475163353344,15.0,2.697288707437642,0,0,12.634103586298176
355,0.9267301123448506,27801.903370345517,7.637681550919357,15.0,2.6661296033365947,0,0,12.634103586298176
356,0.9283750510764411,27851.251532293234,7.62536848616607,15.0,2.63831498491907,0,0,12.634103586298176
357,0.9300235625213702,27900.706875641106,7.614539617720309,15.0,2.613853094256795,0,0,12.634103586298176
358,0.9316752412894649,27950.257238683946,7.605198154409503,15.0,2.5927511799359078,0,0,12.634103586298176
359,0.9333296810520059,27999.890431560176,7.597346864310832,15.0,2.5750154949090303,0,0,12.634103586298176
360,0.9349864746621316,28049.59423986395,7.590988073930998,15.0,2.5606512946424074,0,0,12.634103586298176
361,0.9366452142754851,28099.356428264553,7.5861236675168255,15.0,2.5496628355585855,0,0,12.634103586298176
362,0.9383054914710662,28149.164744131987,7.582755086496919,15.0,2.5420533737751376,0,0,12.634103586298176
363,0.939966897372256,28199.006921167682,7.580883329054529,15.0,2.537825164139817,0,0,12.634103586298176
364,0.941629022767976,28248.87068303928,7.58050894983179,15.0,2.536979459562392,0,0,12.634103586298176
365,0.9432914582339457,28298.74374701837,7.581632059765338,15.0,2.539516510643379,0,0,12.634103586298176
366,0.944953794254004,28348.61382762012,7.584252326053464,15.0,2.5454355655997887,0,0,12.634103586298176
367,0.9466156213414582,28398.468640243744,7.5883689722547185,15.0,2.5547348704878963,0,0,12.634103586298176
368,0.9482765301604229,28448.295904812687,7.593980778517983,15.0,2.567411669722966,0,0,12.634103586298176
369,0.9499361116471158,28498.083349413475,7.601086081943953,15.0,2.583462206895793,0,0,12.634103586298176
370,0.9515939571310715,28547.818713932145,7.609682777077877,15.0,2.6028817258858226,0,0,12.634103586298176
371,0.9532496584562398,28597.489753687194,7.619768316533457,15.0,2.6256644722704645,0,0,12.634103586298176
372,0.9549028081019311,28647.084243057932,7.6313397117476836,15.0,2.6518036950302757,0,0,12.634103586298176
373,0.9565529993035734,28696.5899791072,7.6443935338664275,15.0,2.6812916485494185,0,0,12.634103586298176
374,0.9581998261732455,28745.994785197367,7.658925914760471,15.0,2.7141195949108647,0,0,12.634103586298176
375,0.9598428838199506,28795.28651459852,7.674932548171717,15.0,2.750277806485626,0,0,12.634103586298176
376,0.9614817684695937,28844.45305408781,7.692408690989239,15.0,2.789755568815248,0,0,12.634103586298176
377,0.963116077584629,28893.48232753887,7.711349164654749,15.0,2.832541183786757,0,0,12.634103586298176
378,0.9647454099833404,28942.36229950021,7.7317483566971354,15.0,2.878621973099048,0,0,12.634103586298176
379,0.9663693659587201,28991.080978761605,7.753600222395543,15.0,2.927984282019738,0,0,12.634103586298176
380,0.967987547396911,29039.626421907327,7.776898286570565,15.0,2.9806134834313753,0,0,12.634103586298176
381,0.9695995578951754,29087.986736855262,7.801635645502972,15.0,3.0364939821657435,0,0,12.634103586298176
382,0.9712050028793587,29136.150086380763,7.827804968979436,15.0,3.095609219625072,0,0,12.634103586298176
383,0.9728034897208098,29184.104691624292,7.855398502464631,15.0,3.1579416786886876,0,0,12.634103586298176
384,0.974394627852725,29231.83883558175,7.88440806939907,15.0,3.223472888903733,0,0,12.634103586298176
385,0.9759780288858825,29279.340866576473,7.914825073621988,15.0,3.292183431958329,0,0,12.634103586298176
386,0.9775533067237292,29326.599201711877,7.946640501918585,15.0,3.364052947435683,0,0,12.634103586298176
387,0.9791200776767909,29373.602330303725,7.979844926690822,15.0,3.4390601388472835,0,0,12.634103586298176
388,0.980677960576366,29420.33881729098,8.014428508751031,15.0,3.5171827799435307,0,0,12.634103586298176
389,0.9822265768874757,29466.79730662427,8.050381000237468,15.0,3.598397721299836,0,0,12.634103586298176
390,0.9837655508210309,29512.966524630927,8.087691747650993,15.0,3.6826808971763265,0,0,12.634103586298176
391,0.9852945094451874,29558.83528335562,8.12634969501191,15.0,3.770007332648997,0,0,12.634103586298176
392,0.9868130827958529,29604.39248387559,8.166343387136116,15.0,3.8603511510103683,0,0,12.634103586298176
393,0.9883209039863166,29649.627119589495,8.207660973029492,15.0,3.95368558143727,0,0,12.634103586298176
394,0.9898176093159636,29694.52827947891,8.250290209399637,15.0,4.049982966923658,0,0,12.634103586298176
395,0.9913028383780497,29739.08515134149,8.2942184642838,15.0,4.149214772475936,0,0,12.634103586298176
396,0.9927762341664954,29783.28702499486,8.339432720792006,15.0,4.251351593568524,0,0,12.634103586298176
397,0.9942374431816763,29827.12329545029,8.385919580964249,15.0,4.356363164857029,0,0,12.634103586298176
398,0.9956861155351715,29870.583466055145,8.433665269740594,15.0,4.464218369146561,0,0,12.634103586298176
399,0.9971219050534438,29913.657151603315,8.482655639043015,15.0,4.574885246612366,0,0,12.634103586298176
400,0.9985444693804182,29956.334081412544,8.532876171967796,15.0,4.688331004270278,0,0,12.634103586298176
401,0.9999534700789287,29998.60410236786,8.584311987087178,15.0,4.804522025693933,0,0,12.634103586298176
402,1.0,30000.0,8.636947842859069,15.0,4.923423880976082,0,0,12.634103586298176
403,1.0,30000.0,8.690768142143424,15.0,5.045001336930885,0,0,12.634103586298176
404,1.0,30000.0,8.745756936824035,15.0,5.1692183675343,0,0,12.634103586298176
405,1.0,30000.0,8.801897932534278,15.0,5.2960381645993255,0,0,12.634103586298176
406,1.0,30000.0,8.859174493485503,15.0,5.425423148683097,0,0,12.634103586298176
407,1.0,30000.0,8.917569647396567,15.0,5.557334980222468,0,0,12.634103586298176
408,1.0,30000.0,8.977066090523103,15.0,5.6917345708948766,0,0,12.634103586298176
409,1.0,30000.0,9.037646192784969,15.0,5.8285820952010114,0,0,12.634103586298176
410,1.0,30000.0,9.09929200299044,15.0,5.967837002266023,0,0,12.634103586298176
411,1.0,30000.0,9.161985254155525,15.0,6.109458027855569,0,0,12.634103586298176
412,1.0,30000.0,9.225707368916881,15.0,6.253403206603346,0,0,12.634103586298176
413,1.0,30000.0,9.290439465036656,15.0,6.399629884446286,0,0,12.634103586298176
414,1.0,30000.0,9.356162360997747,15.0,6.54809473126393,0,0,12.634103586298176
415,1.0,30000.0,9.42285658168766,15.0,6.698753753718024,0,0,12.634103586298176
416,1.0,30000.0,9.49050236416942,15.0,6.8515623082887185,0,0,12.634103586298176
417,1.0,30000.0,9.559079663537773,15.0,7.006475114503434,0,0,12.634103586298176
418,1.0,30000.0,9.628568158858887,15.0,7.163446268354377,0,0,12.634103586298176
419,1.0,30000.0,9.698947259191922,15.0,7.322429255900964,0,0,12.634103586298176
420,1.0,30000.0,9.770196109690538,15.0,7.4833769670528385,0,0,12.634103586298176
421,1.0,30000.0,9.84229359778266,15.0,7.646241709529659,0,0,12.634103586298176
422,1.0,30000.0,9.915218359426579,15.0,7.810975222993327,0,0,12.634103586298176
423,1.0,30000.0,9.988948785441561,15.0,7.977528693348536,0,0,12.634103586298176
424,1.0,30000.0,10.063463027911157,15.0,8.145852767207527,0,0,12.634103586298176
425,1.0,30000.0,10.138739006657165,15.0,8.315897566514465,0,0,12.634103586298176
426,1.0,30000.0,10.214754415782505,15.0,8.48761270332547,0,0,12.634103586298176
427,1.0,30000.0,10.291486730280894,15.0,8.660947294739564,0,0,12.634103586298176
428,1.0,30000.0,10.368913212711538,15.0,8.83584997797647,0,0,12.634103586298176
429,1.0,30000.0,10.447010919936684,15.0,9.012268925596413,0,0,12.634103586298176
430,1.0,30000.0,10.525756709920206,15.0,9.1901518608578,0,0,12.634103586298176
431,1.0,30000.0,10.605127248585042,15.0,9.369446073207865,0,0,12.634103586298176
432,1.0,30000.0,10.685099016727643,15.0,9.550098433902024,0,0,12.634103586298176
433,1.0,30000.0,10.765648316987173,15.0,9.732055411746993,0,0,12.634103586298176
434,1.0,30000.0,10.846751280867561,15.0,9.915263088963279,0,0,12.634103586298176
435,1.0,30000.0,10.928383875810276,15.0,10.099667177162193,0,0,12.634103586298176
436,1.0,30000.0,11.01052191231565,15.0,10.285213033432617,0,0,12.634103586298176
437,1.0,30000.0,11.093141051110793,15.0,10.471845676532947,0,0,12.634103586298176
438,1.0,30000.0,11.176216810361801,15.0,10.659509803183155,0,0,12.634103586298176
439,1.0,30000.0,11.259724572928302,15.0,10.848149804452419,0,0,12.634103586298176
440,1.0,30000.0,11.343639593657981,15.0,11.037709782237128,0,0,12.634103586298176
441,1.0,30000.0,11.427937006719183,15.0,11.228133565824885,0,0,12.634103586298176
442,1.0,30000.0,11.512591832969111,15.0,11.419364728538872,0,0,12.634103586298176
443,1.0,30000.0,11.59757898735577,15.0,11.611346604458529,0,0,12.634103586298176
444,1.0,30000.0,11.682873286351123,15.0,11.804022305210674,0,0,12.634103586298176
445,1.0,30000.0,11.768449455413577,15.0,11.99733473682689,0,0,12.634103586298176
446,1.0,30000.0,11.854282136477362,15.0,12.191226616661691,0,0,12.634103586298176
447,1.0,30000.0,11.94034589546665,15.0,12.385640490366523,0,0,12.634103586298176
448,1.0,30000.0,12.026615229832254,15.0,12.580518748914841,0,0,12.634103586298176
449,1.0,30000.0,12.113064576108545,15.0,12.775803645672795,0,0,12.634103586298176
450,1.0,30000.0,12.199668317488506,15.0,12.9714373135109,0,0,12.634103586298176
451,1.0,30000.0,12.28640079141449,15.0,13.167361781951243,0,0,12.634103586298176
452,1.0,30000.0,12.373236297182643,15.0,13.363518994345442,0,0,12.634103586298176
453,1.0,30000.0,12.460149103558537,15.0,13.55985082507804,0,0,12.634103586298176
454,1.0,30000.0,12.54711345640191,15.0,13.756299096790388,0,0,12.634103586298176
455,1.0,30000.0,12.63410358629818,15.0,13.95280559761991,0,0,12.634103586298176
456,1.0,30000.0,12.721093716194437,15.0,14.149312098449403,0,0,12.634103586298176
457,1.0,30000.0,12.808058069037816,15.0,14.345760370161772,0,0,12.634103586298176
458,1.0,30000.0,12.894970875413701,15.0,14.542092200894352,0,0,12.634103586298176
459,1.0,30000.0,12.98180638118186,15.0,14.73824941328856,0,0,12.634103586298176
460,1.0,30000.0,13.068538855107844,15.0,14.934173881728901,0,0,12.634103586298176
461,1.0,30000.0,13.155142596487805,15.0,15.129807549567008,0,0,12.634103586298176
462,1.0,30000.0,13.241591942764096,15.0,15.325092446324959,0,0,12.634103586298176
463,1.0,30000.0,13.3278612771297,15.0,15.51997070487328,0,0,12.634103586298176
464,1.0,30000.0,13.413925036118991,15.0,15.714384578578125,0,0,12.634103586298176
465,1.0,30000.0,13.499757717182774,15.0,15.908276458412912,0,0,12.634103586298176
466,1.0,30000.0,13.585333886245232,15.0,16.101588890029138,0,0,12.634103586298176
467,1.0,30000.0,13.670628185240579,15.0,16.29426459078127,0,0,12.634103586298176
468,1.0,30000.0,13.755615339627232,15.0,16.48624646670092,0,0,12.634103586298176
469,0.9999855143319956,29999.56542995987,13.840270165877165,15.0,16.677477629414916,0,0,12.634103586298176
470,0.9999478312693978,29998.434938081933,13.924567578938365,15.0,16.867901413002663,0,0,12.634103586298176
471,0.9998870450778571,29996.611352335713,14.008482599668046,15.0,17.057461390787385,0,0,12.634103586298176
472,0.9998032568689799,29994.097706069395,14.091990362234544,15.0,17.246101392056637,0,0,12.634103586298176
473,0.9996965745703668,29990.897237111003,14.175066121485553,15.0,17.433765518706842,0,0,12.634103586298176
474,0.9995671128936311,29987.013386808932,14.257685260280693,15.0,17.62039816180718,0,0,12.634103586298176
475,0.9994149933004076,29982.44979901223,14.339823296786076,15.0,17.805944018077618,0,0,12.634103586298176
476,0.9992403439663609,29977.210318990827,14.421455891728789,15.0,17.99034810627652,0,0,12.634103586298176
477,0.9990432997432036,29971.29899229611,14.50255885560918,15.0,18.173555783492816,0,0,12.634103586298176
478,0.9988240021187378,29964.720063562134,14.583108155868706,15.0,18.355512761337778,0,0,12.634103586298176
479,0.9985825991749282,29957.477975247846,14.663079924011306,15.0,18.536165122031935,0,0,12.634103586298176
480,0.998319245544023,29949.57736632069,14.742450462676146,15.0,18.715459334382004,0,0,12.634103586298176
481,0.9980341023627324,29941.023070881973,14.821196252659664,15.0,18.89334226964339,0,0,12.634103586298176
482,0.9977273372244811,29931.820116734434,14.899293959884812,15.0,19.06976121726333,0,0,12.634103586298176
483,0.9973991241297461,29921.97372389238,14.976720442315454,15.0,19.24466390050024,0,0,12.634103586298176
484,0.9970496434344963,29911.48930303489,15.053452756813847,15.0,19.417998491914332,0,0,12.634103586298176
485,0.9966790817967505,29900.372453902513,15.129468165939185,15.0,19.589713628725338,0,0,12.634103586298176
486,0.9962876321212649,29888.628963637948,15.204744144685197,15.0,19.759758428032285,0,0,12.634103586298176
487,0.9958754935023728,29876.264805071183,15.279258387154789,15.0,19.928082501891268,0,0,12.634103586298176
488,0.9954428711649874,29863.286134949623,15.352988813169773,15.0,20.09463597224648,0,0,12.634103586298176
489,0.99498997640379,29849.699292113703,15.425913574813684,15.0,20.259369485710135,0,0,12.634103586298176
490,0.9945170265206187,29835.51079561856,15.498011062905809,15.0,20.42223422818696,0,0,12.634103586298176
491,0.9940242447600767,29820.7273428023,15.569259913404425,15.0,20.58318193933883,0,0,12.634103586298176
492,0.9935118602433808,29805.355807301425,15.639639013737463,15.0,20.742164926885426,0,0,12.634103586298176
493,0.9929801079004674,29789.403237014023,15.709127509058575,15.0,20.899136080736362,0,0,12.634103586298176
494,0.9924292284003778,29772.876852011334,15.77770480842693,15.0,21.054048886951083,0,0,12.634103586298176
495,0.9918594680799427,29755.78404239828,15.845350590908687,15.0,21.206857441521777,0,0,12.634103586298176
496,0.9912710788707875,29738.132366123624,15.912044811598603,15.0,21.357516463975873,0,0,12.634103586298176
497,0.9906643182246792,29719.929546740375,15.977767707559693,15.0,21.505981310793516,0,0,12.634103586298176
498,0.9900394490372382,29701.183471117147,16.042499803679473,15.0,21.65220798863646,0,0,12.634103586298176
499,0.9893967395700365,29681.902187101095,16.106221918440824,15.0,21.796153167384237,0,0,12.634103586298176
500,0.988736463371106,29662.09390113318,16.16891516960591,15.0,21.937774192973777,0,0,12.634103586298176
501,0.9880588991938801,29641.766975816405,16.230560979811383,15.0,22.077029100038793,0,0,12.634103586298176
502,0.9873643309145936,29620.92992743781,16.291141082073246,15.0,22.213876624344927,0,0,12.634103586298176
503,0.9866530474481638,29599.591423444916,16.350637525199783,15.0,22.348276215017336,0,0,12.634103586298176
504,0.9859253426625783,29577.760279877348,16.409032679110847,15.0,22.480188046556705,0,0,12.634103586298176
505,0.9851815152918161,29555.445458754482,16.46630924006207,15.0,22.609573030640476,0,0,12.634103586298176
506,0.9844218688473263,29532.65606541979,16.522450235772315,15.0,22.7363928277055,0,0,12.634103586298176
507,0.9836467115280909,29509.40134584273,16.577439030452922,15.0,22.86060985830891,0,0,12.634103586298176
508,0.9828563561292989,29485.690683878966,16.631259329737283,15.0,22.98218731426373,0,0,12.634103586298176
509,0.9820511199496579,29461.533598489736,16.683895185509172,15.0,23.101089169545865,0,0,12.634103586298176
510,0.9812313246973724,29436.93974092117,16.735331000628555,15.0,23.217280190969532,0,0,12.634103586298176
511,0.9803972963948141,29411.918891844423,16.78555153355333,15.0,23.330725948627432,0,0,12.634103586298176
512,0.979549365281915,29386.48095845745,16.834541902855758,15.0,23.44139282609325,0,0,12.634103586298176
513,0.9786878657183096,29360.635971549287,16.8822875916321,15.0,23.549248030382767,0,0,12.634103586298176
514,0.9778131360842572,29334.394082527717,16.928774451804347,15.0,23.65425960167129,0,0,12.634103586298176
515,0.9769255186803725,29307.765560411175,16.97398870831255,15.0,23.756396422763867,0,0,12.634103586298176
516,0.9760253596261945,29280.760788785836,17.01791696319671,15.0,23.855628228316146,0,0,12.634103586298176
517,0.9751130087576241,29253.39026272872,17.060546199566858,15.0,23.951925613802533,0,0,12.634103586298176
518,0.9741888195232594,29225.66458569778,17.101863785460235,15.0,24.045260044229433,0,0,12.634103586298176
519,0.9732531488796624,29197.594466389874,17.141857477584438,15.0,24.135603862590806,0,0,12.634103586298176
520,0.9723063571855842,29169.190715567525,17.180515424945355,15.0,24.22293029806348,0,0,12.634103586298176
521,0.971348808095183,29140.46424285549,17.217826172358883,15.0,24.30721347393997,0,0,12.634103586298176
522,0.9703808684502659,29111.426053507977,17.25377866384532,15.0,24.388428415296275,0,0,12.634103586298176
523,0.9694029081715854,29082.087245147562,17.288362245905528,15.0,24.46655105639252,0,0,12.634103586298176
524,0.9684153001492242,29052.459004476725,17.32156667067776,15.0,24.54155824780412,0,0,12.634103586298176
525,0.9674184201320994,29022.552603962984,17.353382098974365,15.0,24.61342776328148,0,0,12.634103586298176
526,0.9664126466166207,28992.379398498622,17.383799103197283,15.0,24.68213830633608,0,0,12.634103586298176
527,0.965398360734533,28961.95082203599,17.412808670131717,15.0,24.747669516551113,0,0,12.634103586298176
528,0.9643759461399791,28931.278384199373,17.44040220361692,15.0,24.81000197561474,0,0,12.634103586298176
529,0.9633457888958149,28900.373666874446,17.466571527093375,15.0,24.869117213074063,0,0,12.634103586298176
530,0.9623082773592102,28869.248320776307,17.491308886025788,15.0,24.924997711808437,0,0,12.634103586298176
531,0.9612638020665709,28837.914061997126,17.514606950200807,15.0,24.977626913220067,0,0,12.634103586298176
532,0.9602127556178134,28806.382668534403,17.536458815899216,15.0,25.02698922214076,0,0,12.634103586298176
533,0.95915553256003,28774.6659768009,17.556858007941603,15.0,25.073070011453048,0,0,12.634103586298176
534,0.9580925292705755,28742.775878117267,17.575798481607112,15.0,25.11585562642456,0,0,12.634103586298176
535,0.9570241438396121,28710.724315188363,17.593274624424634,15.0,25.155333388754183,0,0,12.634103586298176
536,0.9559507759521463,28678.52327856439,17.60928125783588,15.0,25.191491600328938,0,0,12.634103586298176
537,0.9548728267695944,28646.184803087832,17.623813638729924,15.0,25.22431954669039,0,0,12.634103586298176
538,0.953790698810909,28613.720964327273,17.63686746084867,15.0,25.253807500209533,0,0,12.634103586298176
539,0.9527047958333049,28581.143874999147,17.648438856062896,15.0,25.27994672296934,0,0,12.634103586298176
540,0.9516155227126155,28548.465681378464,17.65852439551847,15.0,25.302729469353984,0,0,16.634103586298174
541,0.9503368363101932,28510.105089305795,23.260591484487886,15.0,25.322148988344015,0,0,16.634103586298174
542,0.9490555174065847,28471.66552219754,23.269946351051416,15.0,25.338199525516842,0,0,16.634103586298174
543,0.9477719892740362,28433.159678221084,23.277334874190537,15.0,25.35087632475191,0,0,16.634103586298174
544,0.9464866758394355,28394.600275183064,23.28275486452638,15.0,25.36017562964002,0,0,16.634103586298174
545,0.9452000015586945,28356.000046760837,23.28620471599884,15.0,25.366094684596426,0,0,16.634103586298174
546,0.943912391290973,28317.37173872919,23.287683406342467,15.0,25.36863173567742,0,0,16.634103586298174
547,0.9426242701727838,28278.728105183516,23.287190497389403,15.0,25.36778603109999,0,0,16.634103586298174
548,0.9413360634920162,28240.081904760485,23.284726135199204,15.0,25.363557821464667,0,0,16.634103586298174
549,0.9400481965619127,28201.44589685738,23.280291050015578,15.0,25.355948359681225,0,0,16.634103586298174
550,0.9387610945950413,28162.832837851238,23.273886556049984,15.0,25.344959900597402,0,0,16.634103586298174
551,0.9374751825772941,28124.255477318824,23.265514551092195,15.0,25.33059570033078,0,0,16.634103586298174
552,0.9361908851419561,28085.726554258683,23.255177515947963,15.0,25.312860015303905,0,0,16.634103586298174
553,0.9349086264438764,28047.25879331629,23.242878513703904,15.0,25.29175810098301,0,0,16.634103586298174
554,0.9336288300337823,28008.86490101347,23.228621188819808,15.0,25.267296210320737,0,0,16.634103586298174
555,0.9323519187327723,27970.55756198317,23.212409766048744,15.0,25.239481591903214,0,0,16.634103586298174
556,0.9310783145070245,27932.349435210734,23.194249049185135,15.0,25.208322487802164,0,0,16.634103586298174
557,0.9298084383427591,27894.253150282773,23.174144419641344,15.0,25.17382813113261,0,0,16.634103586298174
558,0.9285427101214917,27856.28130364475,23.152101834852992,15.0,25.13600874331687,0,0,16.634103586298174
559,0.9272815484956126,27818.44645486838,23.12812782651367,15.0,25.09487553105577,0,0,16.634103586298174
560,0.9260253707643313,27780.76112292994,23.10222949863945,15.0,25.05044068300783,0,0,16.634103586298174
561,0.9247745927500219,27743.23778250066,23.074414525463812,15.0,25.002717366177507,0,0,16.634103586298174
562,0.9235296286750058,27705.888860250172,23.044691149163608,15.0,24.951719722013536,0,0,16.634103586298174
563,0.9222908910388083,27668.72673116425,23.013068177416713,15.0,24.897462862218504,0,0,16.634103586298174
564,0.9210587904959272,27631.763714877816,22.97955498079214,15.0,24.83996286427091,0,0,16.634103586298174
565,0.9198337357341457,27595.012072024372,22.944161489973325,15.0,24.77923676666112,0,0,16.634103586298174
566,0.9186161333534305,27558.484000602915,22.906898192815444,15.0,24.71530256384242,0,0,16.634103586298174
567,0.9174063877454467,27522.1916323634,22.867776131237655,15.0,24.648179200898912,0,0,16.634103586298174
568,0.9162049009737279,27486.147029211836,22.82680689795113,15.0,24.577886567931696,0,0,16.634103586298174
569,0.9150120726545365,27450.362179636097,22.78400263302388,15.0,24.504445494164948,0,0,16.634103586298174
570,0.9138282998384488,27414.848995153465,22.739376020283398,15.0,24.42787774177381,0,0,16.634103586298174
571,0.9126539768926997,27379.61930678099,22.692940283558144,15.0,24.348205999435784,0,0,16.634103586298174
572,0.9114894953843236,27344.684861529706,22.644709182759094,15.0,24.26545387560758,0,0,16.634103586298174
573,0.9103352439641247,27310.05731892374,22.594697009802324,15.0,24.17964589152945,0,0,16.634103586298174
574,0.9091916082515115,27275.748247545343,22.542918584374018,15.0,24.090807473958925,0,0,16.634103586298174
575,0.9080589707202288,27241.769121606863,22.489389249539116,15.0,23.998964947636452,0,0,16.634103586298174
576,0.9069377105850231,27208.131317550695,22.43412486719478,15.0,23.90414552748468,0,0,16.634103586298174
577,0.9058282036892732,27174.846110678194,22.3771418133702,15.0,23.806377310544196,0,0,16.634103586298174
578,0.9047308223936188,27141.924671808563,22.31845697337403,15.0,23.70568926764768,0,0,16.634103586298174
579,0.9036459354656232,27109.378063968696,22.258087736790873,15.0,23.602111234835263,0,0,16.634103586298174
580,0.9025739079704986,27077.217239114958,22.1960519923284,15.0,23.49567390451346,0,0,16.634103586298174
581,0.9015151011629298,27045.453034887894,22.132368122516553,15.0,23.386408816360365,0,0,16.634103586298174
582,0.9004698723800264,27014.096171400794,22.067054998260353,15.0,23.274348347979732,0,0,16.634103586298174
583,0.8994385749354364,26983.157248063093,22.000131973248088,15.0,23.15952570530678,0,0,16.634103586298174
584,0.8984215580146516,26952.646740439548,21.931618878216398,15.0,23.041974912768644,0,0,16.634103586298174
585,0.8974191665715363,26922.57499714609,21.861536015073973,15.0,22.921730803202088,0,0,16.634103586298174
586,0.8964317412261101,26892.952236783305,21.78990415088567,15.0,22.79882900753186,0,0,16.634103586298174
587,0.8954596181636151,26863.788544908453,21.716744511718776,15.0,22.673305944212437,0,0,16.634103586298174
588,0.8945031290348964,26835.09387104689,21.642078776353316,15.0,22.545198808436524,0,0,16.634103586298174
589,0.8935626008581274,26806.878025743823,21.565929069858093,15.0,22.41454556111321,0,0,16.634103586298174
590,0.8926383559219068,26779.150677657202,21.488317957034567,15.0,22.281384917619413,0,0,16.634103586298174
591,0.8917307116897578,26751.921350692734,21.409268435730468,15.0,22.14575633632762,0,0,16.634103586298174
592,0.8908399807060565,26725.199421181696,21.32880393002498,15.0,22.007700006913588,0,0,16.634103586298174
593,0.8899664705034188,26698.994115102563,21.246948283287722,15.0,21.86725683844724,0,0,16.634103586298174
594,0.8891104835115712,26673.314505347134,21.163725751113404,15.0,21.724468447270382,0,0,16.634103586298174
595,0.8882723169677348,26648.169509032043,21.0791609941344,15.0,21.57937714466496,0,0,16.634103586298174
596,0.8874522628285475,26623.567884856424,20.99327907071325,15.0,21.432025924315237,0,0,16.634103586298174
597,0.8866506076835505,26599.518230506517,20.906105429517368,15.0,21.28245844956793,0,0,16.634103586298174
598,0.8858676326702662,26576.02898010799,20.817665901977982,15.0,21.130719040493734,0,0,16.634103586298174
599,0.8851036133908908,26553.108401726724,20.727986694635792,15.0,20.976852660754346,0,0,16.634103586298174
600,0.8843588198306271,26530.764594918815,20.637094381375363,15.0,20.82090490427879,0,0,16.634103586298174
601,0.8836335162776829,26509.005488330487,20.545015895550737,15.0,20.662921981752962,0,0,16.634103586298174
602,0.8829279612449559,26487.838837348678,20.45177852200449,15.0,20.50295070692635,0,0,16.634103586298174
603,0.8822424073934312,26467.272221802934,20.357409888982602,15.0,20.341038482740114,0,0,16.634103586298174
604,0.881577101457312,26447.31304371936,20.26193795994771,15.0,20.177233287280682,0,0,16.634103586298174
605,0.8809322841709076,26427.968525127228,20.165391025292827,15.0,20.011583659562653,0,0,16.634103586298174
606,0.8803081901972978,26409.245705918933,20.067797693958347,15.0,19.844138685145722,0,0,16.634103586298174
607,0.8797050480587978,26391.151441763934,19.969186884954567,15.0,19.67494798158957,0,0,16.634103586298174
608,0.8791230800692417,26373.69240207725,19.869587818792414,15.0,19.50406168375111,0,0,16.634103586298174
609,0.8785625022681065,26356.875068043195,19.769030008824693,15.0,19.3315304289284,0,0,16.634103586298174
610,0.8780235243564947,26340.70573069484,19.667543252500746,15.0,19.157405341855817,0,0,16.634103586298174
611,0.8775063496349952,26325.190489049855,19.56515762253669,15.0,18.981738019554516,0,0,16.634103586298174
612,0.8770111749434413,26310.33524830324,19.46190345800438,15.0,18.804580516043366,0,0,16.634103586298174
613,0.8765381906025824,26296.145718077474,19.357811355341155,15.0,18.62598532691399,0,0,16.634103586298174
614,0.8760875803576884,26282.627410730653,19.252912159283547,15.0,18.446005373775364,0,0,16.634103586298174
615,0.8756595213241014,26269.785639723043,19.147236953727244,15.0,18.26469398857187,0,0,16.634103586298174
616,0.8752541839347533,26257.625518042598,19.0408170525163,15.0,18.082104897779946,0,0,16.634103586298174
617,0.8748717318896619,26246.151956689857,18.933683990164198,15.0,17.898292206487824,0,0,16.634103586298174
618,0.8745123221074239,26235.36966322272,18.82586951250942,15.0,17.71331038236292,0,0,16.634103586298174
619,0.8741761046787162,26225.283140361487,18.71740556730852,15.0,17.527214239511956,0,0,16.634103586298174
620,0.8738632228218209,26215.89668465463,18.608324294769297,15.0,17.340058922238324,0,0,16.634103586298174
621,0.8735738128401864,26207.214385205592,18.498658018026994,15.0,17.15189988870171,0,0,16.634103586298174
622,0.8733080040820378,26199.240122461135,18.38843923356619,15.0,16.962792894484544,0,0,16.634103586298174
623,0.8730659189020487,26191.977567061458,18.277700601591434,15.0,16.77279397607047,0,0,16.634103586298174
624,0.8728476726250839,26185.43017875252,18.166474936349314,15.0,16.581959434239508,0,0,16.634103586298174
625,0.8726533735120275,26179.601205360825,18.054795196404882,15.0,16.39034581738497,0,0,16.634103586298174
626,0.8724831227277015,26174.493681831045,17.942694474875367,15.0,16.198009904756923,0,0,16.634103586298174
627,0.8723370143108893,26170.11042932668,17.830205989623835,15.0,16.005008689637158,0,0,16.634103586298174
628,0.8722151351464699,26166.454054394097,17.71736307341621,15.0,15.811399362451075,0,0,16.634103586298174
629,0.8721175649396716,26163.52694819015,17.604199164043884,15.0,15.617239293820717,0,0,16.634103586298174
630,0.8720443761924543,26161.33128577363,17.490747794415505,15.0,15.422586017564774,0,0,16.634103586298174
631,0.8719956341820251,26159.869025460754,17.37704258262037,15.0,15.22749721364994,0,0,16.634103586298174
632,0.8719713969414953,26159.14190824486,17.26311722196668,15.0,15.03203069109918,0,0,16.634103586298174
633,0.8719717152426839,26159.151457280517,17.14900547099751,15.0,14.836244370861612,0,0,16.634103586298174
634,0.8719966325810732,26159.898977432196,17.03474114348742,15.0,14.640196268649387,0,0,16.634103586298174
635,0.8720461851629197,26161.38555488759,16.920358098422664,15.0,14.443944477746232,0,0,16.634103586298174
636,0.8721204018945258,26163.612056835773,16.80589022996808,15.0,14.247547151793226,0,0,16.634103586298174
637,0.8722193043736737,26166.579131210212,16.691371457423532,15.0,14.051062487556695,0,0,16.634103586298174
638,0.8723429068832262,26170.28720649679,16.576835715172823,15.0,13.854548707683122,0,0,16.634103586298174
639,0.872491216386894,26174.736491606818,16.462316942628274,15.0,13.65806404344659,0,0,16.634103586298174
640,0.8726642325271716,26179.92697581515,16.347849074173688,15.0,13.461666717493586,0,0,16.634103586298174
641,0.8728619476254449,26185.858428763346,16.233466029108936,15.0,13.265414926590429,0,0,16.634103586298174
642,0.8730843466842645,26192.530400527936,16.119201701598847,15.0,13.069366824378202,0,0,16.634103586298174
643,0.8733314073917916,26199.942221753747,16.005089950629685,15.0,12.873580504140659,0,0,16.634103586298174
644,0.8736031001284079,26208.09300385224,15.89116458997599,15.0,12.678113981589878,0,0,16.634103586298174
645,0.8738993879754939,26216.981639264817,15.777459378180838,15.0,12.483025177675021,0,0,16.634103586298174
646,0.8742202267263678,26226.606801791033,15.664008008552461,15.0,12.28837190141908,0,0,16.634103586298174
647,0.874565564899385,26236.96694698155,15.550844099180146,15.0,12.094211832788739,0,0,16.634103586298174
648,0.8749353437531935,26248.060312595804,15.438001182972519,15.0,11.90060250560266,0,0,16.634103586298174
649,0.8753294973041402,26259.884919124208,15.32551269772099,15.0,11.707601290482893,0,0,16.634103586298174
650,0.8757479523458234,26272.4385703747,15.213411976191464,15.0,11.51526537785483,0,0,16.634103586298174
651,0.8761906284707844,26285.718854123534,15.101732236247045,15.0,11.323651761000308,0,0,16.634103586298174
652,0.8766574380943357,26299.723142830073,14.99050657100493,15.0,11.132817219169366,0,0,16.634103586298174
653,0.8771482864805131,26314.448594415393,14.879767939030165,15.0,10.94281830075527,0,0,16.634103586298174
654,0.8776630717701478,26329.892153104433,14.769549154569361,15.0,10.753711306538104,0,0,16.634103586298174
655,0.8782016850110503,26346.05055033151,14.659882877827059,15.0,10.565552273001492,0,0,16.634103586298174
656,0.8787640101902949,26362.92030570885,14.550801605287836,15.0,10.378396955727862,0,0,16.634103586298174
657,0.8793499242685967,26380.4977280579,14.442337660086938,15.0,10.192300812876896,0,0,16.634103586298174
658,0.8799592972167708,26398.778916503124,14.334523182432157,15.0,10.007318988751992,0,0,16.634103586298174
659,0.8805919920542632,26417.759761627894,14.227390120080056,15.0,9.82350629745987,0,0,16.634103586298174
660,0.8812478648897403,26437.435946692207,14.120970218869111,15.0,9.640917206667945,0,0,16.634103586298174
661,0.8819267649637279,26457.802948911838,14.015295013312809,15.0,9.459605821464452,0,0,16.634103586298174
662,0.8826285346932842,26478.856040798524,13.91039581725519,15.0,9.279625868325807,0,0,16.634103586298174
663,0.8833530097186941,26500.590291560824,13.806303714591984,15.0,9.101030679196466,0,0,16.634103586298174
664,0.8841000189521743,26523.00056856523,13.703049550059665,15.0,8.923873175685298,0,0,16.634103586298174
665,0.8848693846285687,26546.08153885706,13.600663920095622,15.0,8.748205853384018,0,0,16.634103586298174
666,0.8856609223580246,26569.82767074074,13.499177163771652,15.0,8.574080766311397,0,0,16.634103586298174
667,0.8864744411806319,26594.233235418957,13.398619353803943,15.0,8.401549511488701,0,0,16.634103586298174
668,0.8873097436230077,26619.292308690234,13.299020287641788,15.0,8.230663213650246,0,0,16.634103586298174
669,0.8881666257568132,26644.998772704395,13.20040947863801,15.0,8.061472510094086,0,0,16.634103586298174
670,0.8890448772591805,26671.346317775413,13.10281614730353,15.0,7.894027535677164,0,0,16.634103586298174
671,0.8899442814750369,26698.328444251107,13.006269212648645,15.0,7.728377907959134,0,0,16.634103586298174
672,0.8908646154813044,26725.938464439132,12.910797283613753,15.0,7.564572712499701,0,0,16.634103586298174
673,0.8918056501529561,26754.169504588685,12.816428650591867,15.0,7.402660488313469,0,0,16.634103586298174
674,0.8927671502309114,26783.014506927342,12.723191277045615,15.0,7.24268921348685,0,0,16.634103586298174
675,0.8937488743917479,26812.466231752438,12.631112791220996,15.0,7.084706290961025,0,0,16.634103586298174
676,0.8947505753192112,26842.517259576336,12.54022047796057,15.0,6.928758534485484,0,0,16.634103586298174
677,0.8957719997774998,26873.159993324993,12.450541270618373,15.0,6.774892154746084,0,0,16.634103586298174
678,0.896812888686304,26904.38666058912,12.362101743078982,15.0,6.6231527456718675,0,0,16.634103586298174
679,0.8978729771975779,26936.189315927335,12.274928101883106,15.0,6.473585270924579,0,0,16.634103586298174
680,0.8989519947740185,26968.559843220555,12.189046178461954,15.0,6.326234050574853,0,0,16.634103586298174
681,0.9000496652692326,27001.489958076978,12.104481421482951,15.0,6.181142747969427,0,0,16.634103586298174
682,0.9011657070095644,27034.971210286934,12.021258889308623,15.0,6.038354356792561,0,0,16.634103586298174
683,0.902299832877562,27068.99498632686,11.939403242571366,15.0,5.89791118832621,0,0,16.634103586298174
684,0.9034517503970557,27103.552511911672,11.858938736865888,15.0,5.759854858912194,0,0,16.634103586298174
685,0.904621161819826,27138.63485459478,11.779889215561793,15.0,5.624226277620417,0,0,16.634103586298174
686,0.905807764213832,27174.23292641496,11.702278102738266,15.0,5.491065634126602,0,0,16.634103586298174
687,0.907011249552977,27210.33748658931,11.626128396243036,15.0,5.360412386803289,0,0,16.634103586298174
688,0.9082313048083834,27246.939144251504,11.55146266087758,15.0,5.232305251027375,0,0,16.634103586298174
689,0.9094676120411499,27284.028361234497,11.478303021710687,15.0,5.106782187707956,0,0,16.634103586298174
690,0.9107198484965634,27321.595454896902,11.406671157522382,15.0,4.983880392037725,0,0,16.634103586298174
691,0.9119876866997382,27359.630600992146,11.336588294379954,15.0,4.86363628247117,0,0,16.634103586298174
692,0.9132707945526545,27398.123836579634,11.268075199348266,15.0,4.746085489933031,0,0,16.634103586298174
693,0.9145688354325653,27437.06506297696,11.201152174336,15.0,4.631262847260082,0,0,16.634103586298174
694,0.9158814682917455,27476.444048752368,11.135839050079802,15.0,4.519202378879445,0,0,16.634103586298174
695,0.917208347758552,27516.25043275656,11.072155180267949,15.0,4.4099372907263525,0,0,16.634103586298174
696,0.9185491242397636,27556.473727192908,11.010119435805484,15.0,4.303499960404559,0,0,16.634103586298174
697,0.9199034440241746,27597.103320725237,10.949750199222322,15.0,4.199921927592132,0,0,16.634103586298174
698,0.921270949387406,27638.128481622178,10.89106535922615,15.0,4.0992338846956144,0,0,16.634103586298174
699,0.9226512786979069,27679.538360937207,10.83408230540157,15.0,4.001465667755121,0,0,16.634103586298174
700,0.9240440665241147,27721.321995723443,10.778817923057236,15.0,3.9066462476033608,0,0,16.634103586298174
701,0.9254489437427393,27763.46831228218,10.725288588222334,15.0,3.814803721280886,0,0,16.634103586298174
702,0.9268655376481428,27805.966129444285,10.67351016279403,15.0,3.725965303710362,0,0,16.634103586298174
703,0.92829347206278,27848.8041618834,10.623497989837254,15.0,3.640157319632223,0,0,16.634103586298174
704,0.9297323674486682,27891.971023460046,10.575266889038206,15.0,3.5574051958040287,0,0,16.634103586298174
705,0.9311818410198525,27935.455230595573,10.52883115231296,15.0,3.4777334534660076,0,0,16.634103586298174
706,0.932641506855833,27979.24520567499,10.484204539572469,15.0,3.401165701074865,0,0,16.634103586298174
707,0.9341109760159224,28023.329280477672,10.44140027464522,15.0,3.3277246273081165,0,0,16.634103586298174
708,0.9355898566544963,28067.69569963489,10.400431041358697,15.0,3.2574319943408976,0,0,16.634103586298174
709,0.9370777541371064,28112.33262411319,10.361308979780908,15.0,3.190308631397391,0,0,16.634103586298174
710,0.9385742711574188,28157.22813472256,10.32404568262303,15.0,3.126374428578691,0,0,16.634103586298174
711,0.9400790078549446,28202.370235648337,10.28865219180421,15.0,3.065648330968898,0,0,16.634103586298174
712,0.9415915619335272,28247.746858005816,10.255138995179639,15.0,3.0081483330213126,0,0,16.634103586298174
713,0.9431115287805512,28293.345863416536,10.223516023432744,15.0,2.9538914732262693,0,0,16.634103586298174
714,0.944638501586838,28339.15504760514,10.193792647132538,15.0,2.9028938290623,0,0,16.634103586298174
715,0.9461720714671921,28385.16214401576,10.165977673956904,15.0,2.8551705122319797,0,0,16.634103586298174
716,0.9477118275815622,28431.354827446867,10.140079346082684,15.0,2.81073566418404,0,0,16.634103586298174
717,0.9492573572567831,28477.72071770349,10.11610533774336,15.0,2.7696024519229385,0,0,16.634103586298174
718,0.950808246108858,28524.247383265738,10.094062752955008,15.0,2.7317830641072027,0,0,16.634103586298174
719,0.952364078165751,28570.92234497253,10.073958123411213,15.0,2.6972887074376404,0,0,16.634103586298174
720,0.9539244359906479,28617.733079719437,10.055797406547612,15.0,2.6661296033365947,0,0,16.634103586298174
721,0.9554889008056515,28664.667024169546,10.039585983776544,15.0,2.63831498491907,0,0,16.634103586298174
722,0.957057052615875,28711.71157847625,10.025328658892446,15.0,2.613853094256795,0,0,16.634103586298174
723,0.9586284703338951,28758.85411001685,10.013029656648387,15.0,2.592751179935906,0,0,16.634103586298174
724,0.9602027319045296,28806.081957135888,10.00269262150416,15.0,2.5750154949090303,0,0,16.634103586298174
725,0.9617794144299016,28853.382432897048,9.994320616546371,15.0,2.560651294642409,0,0,16.634103586298174
726,0.963358094294753,28900.74282884259,9.98791612258077,15.0,2.5496628355585838,0,0,16.634103586298174
727,0.9649383472919708,28948.150418759124,9.983481037397146,15.0,2.5420533737751376,0,0,16.634103586298174
728,0.9665197487482888,28995.592462448665,9.981016675206948,15.0,2.537825164139817,0,0,16.634103586298174
729,0.968101873650128,29043.05620950384,9.980523766253885,15.0,2.536979459562392,0,0,16.634103586298174
730,0.9696842967695365,29090.528903086095,9.982002456597513,15.0,2.539516510643379,0,0,16.634103586298174
731,0.9712665927901944,29137.997783705832,9.98545230806997,15.0,2.5454355655997887,0,0,16.634103586298174
732,0.9728483364334436,29185.450093003306,9.990872298405813,15.0,2.554734870487895,0,0,16.634103586298174
733,0.9744291025843074,29232.87307752922,9.998260821544934,15.0,2.567411669722966,0,0,16.634103586298174
734,0.9760084664174614,29280.25399252384,10.007615688108466,15.0,2.583462206895793,0,0,16.634103586298174
735,0.9775860035231181,29327.58010569354,10.018934126047554,15.0,2.602881725885824,0,0,16.634103586298174
736,0.9791612900327886,29374.83870098366,10.032212781464764,15.0,2.625664472270463,0,0,16.634103586298174
737,0.9807339027448846,29422.017082346538,10.047447719607916,15.0,2.6518036950302744,0,0,16.634103586298174
738,0.9823034192501212,29469.102577503636,10.064634426036049,15.0,2.681291648549417,0,0,16.634103586298174
739,0.9838694180566868,29516.082541700605,10.083767807957123,15.0,2.7141195949108665,0,0,16.634103586298174
740,0.9854314787151397,29562.944361454192,10.104842195737142,15.0,2.750277806485624,0,0,16.634103586298174
741,0.9869891819429965,29609.675458289894,10.127851344580186,15.0,2.7897555688152456,0,0,16.634103586298174
742,0.9885421097489743,29656.26329246923,10.152788436378875,15.0,2.832541183786754,0,0,16.634103586298174
743,0.9900898455568512,29702.695366705535,10.179646081734724,15.0,2.8786219730990465,0,0,16.634103586298174
744,0.9916319743289059,29748.959229867178,10.208416322147773,15.0,2.927984282019737,0,0,16.634103586298174
745,0.9931680826889032,29795.042480667096,10.239090632374882,15.0,2.9806134834313704,0,0,16.634103586298174
746,0.9946977590445859,29840.93277133758,10.27165992295592,15.0,3.0364939821657386,0,0,16.634103586298174
747,0.9962205937096383,29886.61781128915,10.306114542907189,15.0,3.09560921962507,0,0,16.634103586298174
748,0.9977361790250855,29932.085370752564,10.342444282581202,15.0,3.157941678688686,0,0,16.634103586298174
749,0.999244109480091,29977.32328440273,10.380638376692032,15.0,3.223472888903725,0,0,16.634103586298174
750,1.0,30000.0,10.420685507505302,15.0,3.29218343195832,0,0,16.634103586298174
751,1.0,30000.0,10.462573808191872,15.0,3.3640529474356855,0,0,16.634103586298174
752,1.0,30000.0,10.506290866344205,15.0,3.4390601388472763,0,0,16.634103586298174
753,1.0,30000.0,10.55182372765449,15.0,3.5171827799435205,0,0,16.634103586298174
754,1.0,30000.0,10.599158899753254,15.0,3.5983977212998433,0,0,16.634103586298174
755,1.0,30000.0,10.648282356207407,15.0,3.682680897176329,0,0,16.634103586298174
756,1.0,30000.0,10.699179540676635,15.0,3.7700073326489996,0,0,16.634103586298174
757,1.0,30000.0,10.751835371226726,15.0,3.8603511510103568,0,0,16.634103586298174
758,1.0,30000.0,10.806234244798706,15.0,3.9536855814372776,0,0,16.634103586298174
759,1.0,30000.0,10.862360041832284,15.0,4.049982966923661,0,0,16.634103586298174
760,1.0,30000.0,10.920196131042513,15.0,4.149214772475934,0,0,16.634103586298174
761,1.0,30000.0,10.979725374347959,15.0,4.251351593568517,0,0,16.634103586298174
762,1.0,30000.0,11.040930131949086,15.0,4.356363164857035,0,0,16.634103586298174
763,1.0,30000.0,11.1037922675553,15.0,4.464218369146559,0,0,16.634103586298174
764,1.0,30000.0,11.16829315375915,15.0,4.574885246612364,0,0,16.634103586298174
765,1.0,30000.0,11.234413677556022,15.0,4.6883310042702835,0,0,16.634103586298174
766,1.0,30000.0,11.302134246007697,15.0,4.804522025693936,0,0,16.634103586298174
767,1.0,30000.0,11.371434792048225,15.0,4.923423880976082,0,0,16.634103586298174
768,1.0,30000.0,11.44229478043018,15.0,5.045001336930885,0,0,16.634103586298174
769,1.0,30000.0,11.514693213809736,15.0,5.169218367534304,0,0,16.634103586298174
770,1.0,30000.0,11.588608638968577,15.0,5.296038164599322,0,0,16.634103586298174
771,1.0,30000.0,11.66401915317101,15.0,5.4254231486830875,0,0,16.634103586298174
772,1.0,30000.0,11.740902410654185,15.0,5.55733498022246,0,0,16.634103586298174
773,1.0,30000.0,11.819235629249642,15.0,5.691734570894874,0,0,16.634103586298174
774,1.0,30000.0,11.898995597134126,15.0,5.82858209520101,0,0,16.634103586298174
775,1.0,30000.0,11.980158679707799,15.0,5.967837002266014,0,0,16.634103586298174
776,1.0,30000.0,12.062700826597661,15.0,6.109458027855573,0,0,16.634103586298174
777,1.0,30000.0,12.146597578784164,15.0,6.253403206603343,0,0,16.634103586298174
778,1.0,30000.0,12.231824075849005,15.0,6.3996298844462824,0,0,16.634103586298174
779,1.0,30000.0,12.318355063341768,15.0,6.5480947312639195,0,0,16.634103586298174
780,1.0,30000.0,12.40616490026337,15.0,6.6987537537180195,0,0,16.634103586298174
781,1.0,30000.0,12.49522756666403,15.0,6.851562308288715,0,0,16.634103586298174
782,1.0,30000.0,12.585516671353565,15.0,7.006475114503424,0,0,16.634103586298174
783,1.0,30000.0,12.67700545972166,15.0,7.163446268354367,0,0,16.634103586298174
784,1.0,30000.0,12.76966682166584,15.0,7.322429255900964,0,0,16.634103586298174
785,1.0,30000.0,12.863473299624747,15.0,7.483376967052835,0,0,16.634103586298174
786,1.0,30000.0,12.95839709671446,15.0,7.646241709529647,0,0,16.634103586298174
787,1.0,30000.0,13.054410084965305,15.0,7.810975222993335,0,0,16.634103586298174
788,1.0,30000.0,13.151483813656684,15.0,7.9775286933485425,0,0,16.634103586298174
789,1.0,30000.0,13.24958951774778,15.0,8.145852767207506,0,0,16.634103586298174
790,1.0,30000.0,13.34869812640119,15.0,8.315897566514446,0,0,16.634103586298174
791,1.0,30000.0,13.448780271597245,15.0,8.487612703325476,0,0,16.634103586298174
792,1.0,30000.0,13.549806296836337,15.0,8.660947294739572,0,0,16.634103586298174
793,1.0,30000.0,13.65174626592688,15.0,8.835849977976467,0,0,16.634103586298174
794,1.0,30000.0,13.754569971855982,15.0,9.012268925596393,0,0,16.634103586298174
795,1.0,30000.0,13.8582469457405,15.0,9.190151860857805,0,0,16.634103586298174
796,1.0,30000.0,13.962746465855487,15.0,9.369446073207872,0,0,16.634103586298174
797,1.0,30000.0,14.068037566737871,15.0,9.550098433902022,0,0,16.634103586298174
798,1.0,30000.0,14.174089048362099,15.0,9.732055411747,0,0,16.634103586298174
799,1.0,30000.0,14.28086948538537,15.0,9.915263088963286,0,0,16.634103586298174
800,1.0,30000.0,14.388347236459694,15.0,10.099667177162189,0,0,16.634103586298174
801,1.0,30000.0,14.496490453607864,15.0,10.285213033432612,0,0,16.634103586298174
802,1.0,30000.0,14.605267091660734,15.0,10.471845676532956,0,0,16.634103586298174
803,1.0,30000.0,14.714644917752828,15.0,10.659509803183163,0,0,16.634103586298174
804,1.0,30000.0,14.824591520873728,15.0,10.848149804452406,0,0,16.634103586298174
805,1.0,30000.0,14.93507432147209,15.0,11.037709782237146,0,0,16.634103586298174
806,1.0,30000.0,15.046060581109664,15.0,11.228133565824884,0,0,16.634103586298174
807,1.0,30000.0,15.157517412162447,15.0,11.41936472853888,0,0,16.634103586298174
808,1.0,30000.0,15.269411787565971,15.0,11.611346604458516,0,0,16.634103586298174
809,1.0,30000.0,15.38171055060193,15.0,11.804022305210673,0,0,16.634103586298174
810,1.0,30000.0,15.494380424723209,15.0,11.99733473682689,0,0,20.634103586298174
811,1.0,30000.0,19.360493910351654,15.0,12.191226616661677,0,0,20.634103586298174
812,1.0,30000.0,19.501053824704194,15.0,12.38564049036651,0,0,20.634103586298174
813,1.0,30000.0,19.64194948615432,15.0,12.580518748914837,0,0,20.634103586298174
814,1.0,30000.0,19.78313914427675,15.0,12.77580364567279,0,0,20.634103586298174
815,1.0,30000.0,19.924580961528665,15.0,12.971437313510886,0,0,20.634103586298174
816,1.0,30000.0,20.06623302564707,15.0,13.16736178195125,0,0,20.634103586298174
817,1.0,30000.0,20.208053362068227,15.0,13.36351899434544,0,0,20.634103586298174
818,1.0,30000.0,20.34999994636574,15.0,13.559850825078026,0,0,20.634103586298174
819,1.0,30000.0,20.492030716703226,15.0,13.756299096790375,0,0,20.634103586298174
820,1.0,30000.0,20.634103586298185,15.0,13.95280559761992,0,0,20.634103586298174
821,1.0,30000.0,20.7761764558931,15.0,14.1493120984494,0,0,20.634103586298174
822,0.9999983735775275,29999.951207325827,20.918207226230585,15.0,14.345760370161749,0,0,20.634103586298174
823,0.9999711262130729,29999.133786392187,21.0601538105281,15.0,14.542092200894334,0,0,20.634103586298174
824,0.9999182700608756,29997.54810182627,21.20197414694929,15.0,14.738249413288568,0,0,20.634103586298174
825,0.9998398248636119,29995.194745908357,21.343626211067676,15.0,14.93417388172891,0,0,20.634103586298174
826,0.9997358179465442,29992.074538396326,21.485068028319578,15.0,15.129807549566987,0,0,20.634103586298174
827,0.9996062842094241,29988.188526282724,21.62625768644203,15.0,15.32509244632498,0,0,20.634103586298174
828,0.999451266116151,29983.53798348453,21.767153347892148,15.0,15.519970704873288,0,0,20.634103586298174
829,0.9992708136821888,29978.124410465665,21.90771326224469,15.0,15.71438457857812,0,0,20.634103586298174
830,0.9990649844597458,29971.949533792373,22.047895778563497,15.0,15.90827645841291,0,0,20.634103586298174
831,0.9988338435207201,29965.015305621604,22.18765935774362,15.0,16.10158889002914,0,0,20.634103586298174
832,0.9985774634374179,29957.32390312254,22.326962584820166,15.0,16.294264590781278,0,0,20.634103586298174
833,0.9982959242610485,29948.877727831456,22.46576418124056,15.0,16.486246466700916,0,0,20.634103586298174
834,0.9979893134980036,29939.679404940107,22.604023017096203,15.0,16.677477629414913,0,0,20.634103586298174
835,0.9976577260839267,29929.7317825178,22.741698123310165,15.0,16.86790141300267,0,0,20.634103586298174
836,0.9973012643555823,29919.03793066747,22.878748703777184,15.0,17.057461390787388,0,0,20.634103586298174
837,0.9969200380205311,29907.601140615934,23.01513414745249,15.0,17.246101392056637,0,0,20.634103586298174
838,0.9965141641246213,29895.42492373864,23.150814040385683,15.0,17.433765518706863,0,0,20.634103586298174
839,0.996083767017305,29882.513010519153,23.285748177696263,15.0,17.620398161807184,0,0,20.634103586298174
840,0.9956289783147917,29868.86934944375,23.41989657548723,15.0,17.805944018077607,0,0,20.634103586298174
841,0.9951499368610461,29854.498105831382,23.55321948269317,15.0,17.99034810627651,0,0,20.634103586298174
842,0.9946467886866471,29839.403660599415,23.685677392859333,15.0,18.173555783492816,0,0,20.634103586298174
843,0.9941196869655153,29823.59060896546,23.817231055848247,15.0,18.355512761337778,0,0,20.634103586298174
844,0.9935687919695237,29807.06375908571,23.94784148947041,15.0,18.536165122031925,0,0,20.634103586298174
845,0.9929942710210065,29789.828130630194,24.07746999103555,15.0,18.71545933438199,0,0,20.634103586298174
846,0.9923962984431772,29771.888953295318,24.206078148821042,15.0,18.893342269643387,0,0,20.634103586298174
847,0.9917750555084737,29753.25166525421,24.333627853454118,15.0,19.06976121726333,0,0,20.634103586298174
848,0.9911307303848423,29733.92191154527,24.46008130920457,15.0,19.24466390050023,0,0,20.634103586298174
849,0.9904635180799803,29713.90554239941,24.585401045184373,15.0,19.41799849191434,0,0,20.634103586298174
850,0.9897736203835507,29693.20861150652,24.709549926451107,15.0,19.589713628725335,0,0,20.634103586298174
851,0.9890612458073877,29671.83737422163,24.832491165011923,15.0,19.759758428032274,0,0,20.634103586298174
852,0.98832660952371,29649.7982857113,24.954188330724538,15.0,19.928082501891257,0,0,20.634103586298174
853,0.9875699333013606,29627.097999040816,25.07460536209233,15.0,20.09463597224648,0,0,20.634103586298174
854,0.986791445440092,29603.74336320276,25.193706576950063,15.0,20.25936948571013,0,0,20.634103586298174
855,0.9859913807029163,29579.74142108749,25.311456683037374,15.0,20.422234228186948,0,0,20.634103586298174
856,0.9851699802465392,29555.099407396177,25.427820788456575,15.0,20.58318193933882,0,0,20.634103586298174
857,0.9843274915499008,29529.824746497026,25.542764412011913,15.0,20.742164926885433,0,0,20.634103586298174
858,0.9834641683408418,29503.925050225254,25.65625349342697,15.0,20.899136080736362,0,0,20.634103586298174
859,0.9825802705209185,29477.408115627553,25.76825440343769,15.0,21.054048886951065,0,0,20.634103586298174
860,0.9816760640883884,29450.28192265165,25.87873395375727,15.0,21.20685744152179,0,0,20.634103586298174
861,0.9807518210593894,29422.55463178168,25.98765940691055,15.0,21.35751646397588,0,0,20.634103586298174
862,0.9798078193873353,29394.234581620058,26.094998485934983,15.0,21.505981310793512,0,0,20.634103586298174
863,0.9788443428805521,29365.330286416563,26.200719383944882,15.0,21.65220798863644,0,0,20.634103586298174
864,0.97786168111818,29335.850433545398,26.30479077355656,15.0,21.79615316738424,0,0,20.634103586298174
865,0.9768601293643638,29305.803880930915,26.40718181617118,15.0,21.937774192973784,0,0,20.634103586298174
866,0.9758399884807613,29275.19965442284,26.50786217111306,15.0,22.077029100038793,0,0,20.634103586298174
867,0.9748015648373899,29244.046945121696,26.606802004620164,15.0,22.213876624344923,0,0,20.634103586298174
868,0.9737451702218438,29212.355106655315,26.703971998684537,15.0,22.34827621501734,0,0,20.634103586298174
869,0.972671121746904,29180.13365240712,26.799343359739822,15.0,22.480188046556712,0,0,20.634103586298174
870,0.9715797417565707,29147.392252697122,26.89288782719347,15.0,22.609573030640476,0,0,20.634103586298174
871,0.9704713577305467,29114.140731916403,26.98457768180092,15.0,22.736392827705508,0,0,20.634103586298174
872,0.9693463021871972,29080.389065615916,27.074385753879408,15.0,22.860609858308916,0,0,20.634103586298174
873,0.9682049125850177,29046.147377550533,27.162285431358967,15.0,22.98218731426372,0,0,20.634103586298174
874,0.9670475312226381,29011.42593667914,27.248250667668128,15.0,23.101089169545865,0,0,20.634103586298174
875,0.9658745051373918,28976.235154121754,27.332255989452108,15.0,23.217280190969532,0,0,20.634103586298174
876,0.9646861860024813,28940.58558007444,27.41427650412106,15.0,23.330725948627435,0,0,20.634103586298174
877,0.9634829300227699,28904.487900683096,27.494287907226337,15.0,23.441392826093242,0,0,20.634103586298174
878,0.9622650978292301,28867.952934876903,27.572266489662425,15.0,23.549248030382767,0,0,20.634103586298174
879,0.9610330543720814,28830.991631162444,27.64818914469243,15.0,23.654259601671285,0,0,20.634103586298174
880,0.9597871688126473,28793.615064379417,27.722033374795117,15.0,23.756396422763867,0,0,20.634103586298174
881,0.9585278144139647,28755.834432418942,27.79377729833142,15.0,23.855628228316142,0,0,20.634103586298174
882,0.9572553684301789,28717.661052905365,27.863399656028434,15.0,23.951925613802533,0,0,20.634103586298174
883,0.9559702119947536,28679.106359842608,27.930879817279,15.0,24.045260044229433,0,0,20.634103586298174
884,0.9546727300075343,28640.181900226027,27.996197786254992,15.0,24.135603862590806,0,0,20.634103586298174
885,0.953363311020693,28600.899330620792,28.059334207832528,15.0,24.222930298063474,0,0,20.634103586298174
886,0.9520423471235929,28561.27041370779,28.12027037332732,15.0,24.307213473939967,0,0,20.634103586298174
887,0.9507102338266028,28521.307014798083,28.178988226038385,15.0,24.388428415296275,0,0,20.634103586298174
888,0.9493673699438991,28481.021098316975,28.235470366598754,15.0,24.466551056392518,0,0,20.634103586298174
889,0.9480141574752895,28440.424724258686,28.28970005813119,15.0,24.541558247804115,0,0,20.634103586298174
890,0.9466510014870905,28399.530044612715,28.341661231207723,15.0,24.61342776328148,0,0,20.634103586298174
891,0.945278309992098,28358.34929976294,28.391338488611346,15.0,24.68213830633608,0,0,20.634103586298174
892,0.9438964938286847,28316.89481486054,28.438717109898572,15.0,24.74766951655111,0,0,20.634103586298174
893,0.9425059665390594,28275.17899617178,28.48378305576141,15.0,24.81000197561474,0,0,20.634103586298174
894,0.9411071442467253,28233.214327401758,28.52652297218748,15.0,24.869117213074063,0,0,20.634103586298174
895,0.9397004455331743,28191.01336599523,28.566924194417144,15.0,24.924997711808427,0,0,20.634103586298174
896,0.9382862913138518,28148.588739415554,28.604974750696336,15.0,24.977626913220064,0,0,20.634103586298174
897,0.9368651047134301,28105.953141402904,28.64066336582404,15.0,25.026989222140763,0,0,20.634103586298174
898,0.9354373109404284,28063.11932821285,28.67397946449335,15.0,25.07307001145305,0,0,20.634103586298174
899,0.9340033371612132,28020.100114836398,28.704913174425215,15.0,25.11585562642456,0,0,20.634103586298174
900,0.9325636123734209,27976.908371202626,28.73345532929378,15.0,25.15533338875418,0,0,20.634103586298174
901,0.9311185672788348,27933.557018365045,28.759597471442575,15.0,25.191491600328945,0,0,20.634103586298174
902,0.929668634155761,27890.059024672828,28.78333185439068,15.0,25.22431954669039,0,0,20.634103586298174
903,0.9282142467309329,27846.427401927987,28.804651445128194,15.0,25.253807500209533,0,0,20.634103586298174
904,0.9267558400509908,27802.675201529724,28.82354992620028,15.0,25.27994672296934,0,0,20.634103586298174
905,0.925293850353566,27758.815510606983,28.84002169757912,15.0,25.302729469353988,0,0,20.634103586298174
906,0.923828714938016,27714.86144814048,28.85406187832337,15.0,25.322148988344015,0,0,20.634103586298174
907,0.9223608720358418,27670.826161075256,28.865666308024466,15.0,25.338199525516842,0,0,20.634103586298174
908,0.9208907606808316,27626.722820424948,28.87483154803944,15.0,25.35087632475191,0,0,20.634103586298174
909,0.9194188205789648,27582.564617368946,28.881554882509874,15.0,25.36017562964002,0,0,20.634103586298174
910,0.9179454919781183,27538.36475934355,28.885834319166662,15.0,25.366094684596426,0,0,20.634103586298174
911,0.9164712155376109,27494.136466128326,28.88766858992037,15.0,25.36863173567742,0,0,20.634103586298174
912,0.9149964321976268,27449.892965928804,28.88705715123698,15.0,25.36778603109999,0,0,20.634103586298174
913,0.9135215830485557,27405.64749145667,28.884000184298976,15.0,25.363557821464667,0,0,20.634103586298174
914,0.9120471092002878,27361.413276008632,28.878498594951633,15.0,25.355948359681225,0,0,20.634103586298174
915,0.9105734516515035,27317.203549545105,28.87055401343461,15.0,25.344959900597402,0,0,20.634103586298174
916,0.9091010511589962,27273.031534769885,28.860168793898865,15.0,25.33059570033078,0,0,20.634103586298174
917,0.9076303481070661,27228.910443211982,28.847346013709085,15.0,25.312860015303905,0,0,20.634103586298174
918,0.9061617823770254,27184.853471310762,28.832089472531766,15.0,25.29175810098301,0,0,20.634103586298174
919,0.9046957932168517,27140.87379650555,28.814403691209336,15.0,25.267296210320737,0,0,20.634103586298174
920,0.9032328191110293,27096.98457333088,28.794293910420485,15.0,25.239481591903214,0,0,20.634103586298174
921,0.9017732976506168,27053.1989295185,28.771766089127265,15.0,25.20832248780217,0,0,20.634103586298174
922,0.9003176654035792,27009.529962107375,28.746826902809318,15.0,25.173828131132606,0,0,20.634103586298174
923,0.898866357785424,26965.99073356272,28.719483741485774,15.0,25.13600874331687,0,0,20.634103586298174
924,0.8974198089301779,26922.594267905337,28.68974470752546,15.0,25.09487553105577,0,0,20.634103586298174
925,0.8959784515617432,26879.353546852293,28.657618613245948,15.0,25.050440683007835,0,0,20.634103586298174
926,0.8945427168656725,26836.281505970175,28.62311497830231,15.0,25.002717366177503,0,0,20.634103586298174
927,0.8931130343613994,26793.391030841984,28.586244026866247,15.0,24.951719722013536,0,0,20.634103586298174
928,0.8916898317749626,26750.69495324888,28.54701668459639,15.0,24.897462862218507,0,0,20.634103586298174
929,0.8902735349122612,26708.206047367836,28.50544457540086,15.0,24.839962864270923,0,0,20.634103586298174
930,0.8888645675328791,26665.937025986375,28.461540017992796,15.0,24.779236766661114,0,0,20.634103586298174
931,0.8874633512245165,26623.900536735495,28.415316022240113,15.0,24.715302563842414,0,0,20.634103586298174
932,0.8860703052780634,26582.109158341904,28.36678628531035,15.0,24.648179200898916,0,0,20.634103586298174
933,0.884685846563356,26540.57539690068,28.315965187611894,15.0,24.577886567931692,0,0,20.634103586298174
934,0.8833103894056479,26499.311682169435,28.262867788532827,15.0,24.50444549416494,0,0,20.634103586298174
935,0.881944345462837,26458.33036388511,28.207509821978427,15.0,24.427877741773806,0,0,20.634103586298174
936,0.8805881236034828,26417.643708104486,28.1499076917089,15.0,24.34820599943579,0,0,20.634103586298174
937,0.8792421297856494,26377.26389356948,28.090078466478587,15.0,24.26545387560758,0,0,20.634103586298174
938,0.8779067669366113,26337.20300809834,28.028039874978173,15.0,24.17964589152944,0,0,20.634103586298174
939,0.8765824348334577,26297.47304500373,27.963810300581212,15.0,24.09080747395893,0,0,20.634103586298174
940,0.8752695299846298,26258.085899538895,27.897408775896775,15.0,23.998964947636452,0,0,20.634103586298174
941,0.8739684455124265,26219.053365372794,27.82885497712969,15.0,23.904145527484687,0,0,20.634103586298174
942,0.8726795710365138,26180.387131095416,27.75816921825006,15.0,23.806377310544196,0,0,20.634103586298174
943,0.8714032925584729,26142.09877675419,27.685372444973755,15.0,23.70568926764768,0,0,20.634103586298174
944,0.8701399923474185,26104.199770422554,27.61048622855577,15.0,23.602111234835256,0,0,20.634103586298174
945,0.8688900488267249,26066.701464801747,27.533532759398224,15.0,23.495673904513463,0,0,20.634103586298174
946,0.8676538364618908,26029.615093856723,27.454534840474807,15.0,23.386408816360365,0,0,20.634103586298174
947,0.8664317256495769,25992.951769487307,27.37351588057382,15.0,23.274348347979732,0,0,20.634103586298174
948,0.8652240826078498,25956.722478235493,27.2904998873616,15.0,23.15952570530678,0,0,20.634103586298174
949,0.8640312692676632,25920.938078029896,27.205511460268582,15.0,23.041974912768644,0,0,20.634103586298174
950,0.8628536431656104,25885.60929496831,27.118575783199915,15.0,22.921730803202088,0,0,20.634103586298174
951,0.8616915573379779,25850.746720139337,27.029718617072934,15.0,22.79882900753186,0,0,20.634103586298174
952,0.860545360216134,25816.360806484023,26.93896629218365,15.0,22.67330594421244,0,0,20.634103586298174
953,0.8594153955232803,25782.46186569841,26.84634570040453,15.0,22.545198808436524,0,0,20.634103586298174
954,0.8583020021725994,25749.060065177982,26.751884287215844,15.0,22.41454556111321,0,0,20.634103586298174
955,0.8572055141668274,25716.165425004823,26.655610043572942,15.0,22.2813849176194,0,0,20.634103586298174
956,0.8561262604992823,25683.78781497847,26.55755149761201,15.0,22.145756336327622,0,0,20.634103586298174
957,0.8550645650563753,25651.93695169126,26.457737706196475,15.0,22.007700006913602,0,0,20.634103586298174
958,0.854020746521637,25620.62239564911,26.356198246306896,15.0,21.867256838447254,0,0,20.634103586298174
959,0.8529951182812839,25589.853548438517,26.252963206276632,15.0,21.724468447270382,0,0,20.634103586298174
960,0.8519879883313561,25559.639649940684,26.148063176876054,15.0,21.57937714466496,0,0,20.634103586298174
961,0.850999659186451,25529.98977559353,26.041529242247798,15.0,21.432025924315248,0,0,20.634103586298174
962,0.8500304277900815,25500.912833702445,25.933392970695877,15.0,21.28245844956795,0,0,20.634103586298174
963,0.8490805854266855,25472.417562800565,25.823686405331305,15.0,21.130719040493716,0,0,20.634103586298174
964,0.8481504176353118,25444.512529059357,25.71244205457712,15.0,20.97685266075435,0,0,20.634103586298174
965,0.8472402041250096,25417.206123750286,25.59969288253525,15.0,20.82090490427881,0,0,20.634103586298174
966,0.846350218691943,25390.50656075829,25.485472299218685,15.0,20.662921981752948,0,0,20.634103586298174
967,0.8454807291382612,25364.421874147836,25.3698141506514,15.0,20.502950706926327,0,0,20.634103586298174
968,0.8446319971927413,25338.959915782238,25.2527527088389,15.0,20.34103848274013,0,0,20.634103586298174
969,0.8438042784332332,25314.128352997,25.134322661612764,15.0,20.1772332872807,0,0,20.634103586298174
970,0.8429978222109268,25289.934666327805,25.01455910235191,15.0,20.011583659562636,0,0,20.634103586298174
971,0.8422128715764629,25266.386147293884,24.8934975195837,15.0,19.844138685145708,0,0,20.634103586298174
972,0.8414496632079124,25243.48989623737,24.77117378646781,15.0,19.674947981589572,0,0,20.634103586298174
973,0.8407084273406438,25221.252820219313,24.647624150166333,15.0,19.504061683751132,0,0,20.634103586298174
974,0.8399893876990994,25199.68163097298,24.522885221102875,15.0,19.331530428928403,0,0,20.634103586298174
975,0.8392927614305004,25178.78284291501,24.396993962114266,15.0,19.1574053418558,0,0,20.634103586298174
976,0.8386187590405021,25158.562771215064,24.269987677497483,15.0,18.98173801955452,0,0,20.634103586298174
977,0.8379675843308165,25139.027529924497,24.14190400195566,15.0,18.804580516043348,0,0,20.634103586298174
978,0.8373394343388209,25120.183030164626,24.01278088944615,15.0,18.625985326913995,0,0,20.634103586298174
979,0.8367344992791719,25102.034978375155,23.882656601933896,15.0,18.446005373775364,0,0,20.634103586298174
980,0.8361529624874408,25084.588874623223,23.751569698053594,15.0,18.26469398857187,0,0,20.634103586298174
981,0.835595000365787,25067.850010973612,23.61955902168393,15.0,18.082104897779946,0,0,20.634103586298174
982,0.8350607823306866,25051.823469920597,23.486663690437368,15.0,17.898292206487824,0,0,20.634103586298174
983,0.83455047076273,25036.5141228819,23.352923084068667,15.0,17.713310382362923,0,0,20.634103586298174
984,0.8340642209585057,25021.926628755173,23.218376832805845,15.0,17.527214239511956,0,0,20.634103586298174
985,0.8336021810845826,25008.065432537478,23.08306480560688,15.0,17.340058922238327,0,0,20.634103586298174
986,0.833164492133604,24994.93476400812,22.947027098345743,15.0,17.151899888701713,0,0,20.634103586298174
987,0.83275128788251,24982.5386364753,22.810304021931007,15.0,16.962792894484547,0,0,20.634103586298174
988,0.832362694852895,24970.880845586853,22.672936090360924,15.0,16.772793976070453,0,0,20.634103586298174
989,0.8319988322735181,24959.964968205542,22.53496400871829,15.0,16.58195943423951,0,0,20.634103586298174
990,0.8316598120449715,24949.794361349144,22.39642866110857,15.0,16.39034581738499,0,0,20.634103586298174
991,0.8313457387065231,24940.372161195693,22.25737109854509,15.0,16.198009904756926,0,0,20.634103586298174
992,0.8310567094051389,24931.701282154165,22.11783252678474,15.0,16.005008689637158,0,0,20.634103586298174
993,0.830792813866696,24923.78441600088,21.97785429411784,15.0,15.811399362451079,0,0,20.634103586298174
994,0.8305541343693954,24916.62403108186,21.837477879115696,15.0,15.617239293820742,0,0,20.634103586298174
995,0.8303407457193805,24910.222371581418,21.69674487833965,15.0,15.422586017564795,0,0,20.634103586298174
996,0.8301527152285715,24904.581456857144,21.55569699401508,15.0,15.227497213649942,0,0,20.634103586298174
997,0.829990102694718,24899.70308084154,21.414376021674205,15.0,15.032030691099182,0,0,20.634103586298174
998,0.8298529603836808,24895.588811510424,21.272823837771067,15.0,14.836244370861639,0,0,20.634103586298174
999,0.8297413330139439,24892.23999041832,21.131082387272674,15.0,14.640196268649369,0,0,20.634103586298174
1000,0.8296552577433636,24889.657732300908,20.98919367122992,15.0,14.443944477746232,0,0,20.634103586298174
1001,0.8295947641581576,24887.842924744727,20.84719973433151,15.0,14.247547151793247,0,0,20.634103586298174
1002,0.8295598742641381,24886.796227924144,20.70514265244545,15.0,14.051062487556717,0,0,20.634103586298174
1003,0.8295506024801914,24886.518074405743,20.56306452015091,15.0,13.8545487076831,0,0,20.634103586298174
1004,0.8295669556340045,24887.008669020135,20.421007438264848,15.0,13.658064043446572,0,0,20.634103586298174
1005,0.8296089329600426,24888.267988801275,20.279013501366457,15.0,13.461666717493609,0,0,20.634103586298174
1006,0.8296765260997753,24890.295782993257,20.137124785323685,15.0,13.265414926590452,0,0,20.634103586298174
1007,0.829769719104154,24893.09157312462,19.995383334825295,15.0,13.069366824378186,0,0,20.634103586298174
1008,0.8298884884383381,24896.65465315014,19.853831150922158,15.0,12.87358050414064,0,0,20.634103586298174
1009,0.8300328029886676,24900.984089660025,19.71251017858128,15.0,12.67811398158988,0,0,20.634103586298174
1010,0.8302026240718843,24906.07872215653,19.57146229425671,15.0,12.483025177675025,0,0,20.634103586298174
1011,0.8303979054465939,24911.937163397815,19.43072929348066,15.0,12.288371901419083,0,0,20.634103586298174
1012,0.8306185933269676,24918.55779980903,19.290352878478522,15.0,12.094211832788744,0,0,20.634103586298174
1013,0.8308646263986815,24925.938791960445,19.150374645811624,15.0,11.900602505602663,0,0,20.634103586298174
1014,0.8311359358370839,24934.078075112517,19.01083607405127,15.0,11.707601290482897,0,0,20.634103586298174
1015,0.8314324453275904,24942.973359827713,18.87177851148779,15.0,11.515265377854831,0,0,20.634103586298174
1016,0.8317540710882972,24952.622132648918,18.733243163878065,15.0,11.323651761000313,0,0,20.634103586298174
1017,0.8321007218948075,24963.021656844227,18.59527108223544,15.0,11.132817219169368,0,0,20.634103586298174
1018,0.8324722991072637,24974.16897321791,18.457903150665356,15.0,10.942818300755274,0,0,20.634103586298174
1019,0.8328686966995758,24986.06090098727,18.32118007425062,15.0,10.753711306538106,0,0,20.634103586298174
1020,0.8332898012908395,24998.694038725185,18.185142366989478,15.0,10.565552273001494,0,0,20.634103586298174
1021,0.8337354921789341,25012.06476536802,18.049830339790503,15.0,10.378396955727844,0,0,20.634103586298174
1022,0.8342056413762876,25026.16924128863,17.915284088527677,15.0,10.192300812876878,0,0,20.634103586298174
1023,0.8347001136478042,25041.003409434124,17.781543482158973,15.0,10.007318988751976,0,0,20.634103586298174
1024,0.8352187665509353,25056.56299652806,17.648648150912443,15.0,9.823506297459893,0,0,20.634103586298174
1025,0.8357614504778901,25072.843514336702,17.51663747454277,15.0,9.640917206667948,0,0,20.634103586298174
1026,0.8363280086999662,25089.840260998986,17.385550570662463,15.0,9.459605821464454,0,0,20.634103586298174
1027,0.8369182774139925,25107.548322419774,17.255426283150207,15.0,9.279625868325827,0,0,20.634103586298174
1028,0.8375320857908675,25125.962573726025,17.126303170640703,15.0,9.10103067919647,0,0,20.634103586298174
1029,0.8381692560261795,25145.077680785387,16.998219495098862,15.0,8.923873175685282,0,0,20.634103586298174
1030,0.8388296033928944,25164.88810178683,16.871213210482075,15.0,8.748205853384002,0,0,20.634103586298174
1031,0.8395129362960929,25185.388088882788,16.745321951493473,15.0,8.5740807663114,0,0,20.634103586298174
1032,0.8402190563297459,25206.57168989238,16.62058302243004,15.0,8.401549511488703,0,0,20.634103586298174
1033,0.8409477583355057,25228.43275006517,16.49703338612855,15.0,8.230663213650246,0,0,20.634103586298174
1034,0.8416988304634986,25250.964913904958,16.37470965301266,15.0,8.061472510094108,0,0,20.634103586298174
1035,0.8424720542351012,25274.161627053036,16.25364807024445,15.0,7.894027535677184,0,0,20.634103586298174
1036,0.8432672046076799,25298.016138230396,16.133884510983595,15.0,7.728377907959118,0,0,20.634103586298174
1037,0.844084050041276,25322.52150123828,16.01545446375746,15.0,7.564572712499686,0,0,20.634103586298174
1038,0.8449223525672159,25347.670577016477,15.89839302194495,15.0,7.402660488313471,0,0,20.634103586298174
1039,0.8457818678586269,25373.456035758805,15.78273487337766,15.0,7.2426892134868535,0,0,20.634103586298174
1040,0.8466623453028354,25399.87035908506,15.668514290061122,15.0,7.084706290961026,0,0,20.634103586298174
1041,0.8475635280756301,25426.9058422689,15.55576511801925,15.0,6.928758534485484,0,0,20.634103586298174
1042,0.8484851532173636,25454.55459652091,15.44452076726505,15.0,6.7748921547461025,0,0,20.634103586298174
1043,0.8494269517108739,25482.808551326216,15.334814201900478,15.0,6.623152745671868,0,0,20.634103586298174
1044,0.8503886485611989,25511.659456835965,15.22667793034856,15.0,6.473585270924566,0,0,20.634103586298174
1045,0.8513699628770642,25541.098886311927,15.120143995720301,15.0,6.326234050574856,0,0,20.634103586298174
1046,0.8523706079541172,25571.118238623516,15.015243966319725,15.0,6.181142747969428,0,0,20.634103586298174
1047,0.853390291359883,25601.70874079649,14.91200892628947,15.0,6.038354356792576,0,0,20.634103586298174
1048,0.8544287150204195,25632.861450612585,14.810469466399892,15.0,5.897911188326226,0,0,20.634103586298174
1049,0.8554855753086426,25664.56725925928,14.710655674984359,15.0,5.7598548589122105,0,0,20.634103586298174
1050,0.8565605631342975,25696.816894028925,14.612597129023424,15.0,5.624226277620432,0,0,20.634103586298174
1051,0.8576533640355487,25729.60092106646,14.516322885380514,15.0,5.4910656341266035,0,0,20.634103586298174
1052,0.8587636582721621,25762.90974816486,14.421861472191823,15.0,5.36041238680329,0,0,20.634103586298174
1053,0.8598911209202507,25796.73362760752,14.329240880412712,15.0,5.232305251027377,0,0,20.634103586298174
1054,0.8610354219685566,25831.0626590567,14.238488555523412,15.0,5.106782187707943,0,0,20.634103586298174
1055,0.862196226416241,25865.886792487232,14.149631389396431,15.0,4.983880392037716,0,0,20.634103586298174
1056,0.863373194372151,25901.19583116453,14.06269571232778,15.0,4.863636282471184,0,0,20.634103586298174
1057,0.8645659811555377,25936.979434666133,13.977707285234766,15.0,4.746085489933045,0,0,20.634103586298174
1058,0.8657742373981923,25973.22712194577,13.894691292022538,15.0,4.631262847260084,0,0,20.634103586298174
1059,0.8669976091479712,26009.928274439135,13.813672332121547,15.0,4.519202378879447,0,0,20.634103586298174
1060,0.8682357379736798,26047.072139210395,13.734674413198134,15.0,4.409937290726354,0,0,20.634103586298174
1061,0.8694882610712836,26084.647832138508,13.65772094404057,15.0,4.3034999604045385,0,0,20.634103586298174
1062,0.8707548113714145,26122.644341142437,13.582834727622592,15.0,4.199921927592125,0,0,20.634103586298174
1063,0.8720350176481418,26161.050529444256,13.510037954346284,15.0,4.099233884695606,0,0,20.634103586298174
1064,0.873328504628974,26199.85513886922,13.439352195466654,15.0,4.001465667755122,0,0,20.634103586298174
1065,0.8746348931060605,26239.046793181813,13.37079839669958,15.0,3.906646247603362,0,0,20.634103586298174
1066,0.8759538000485586,26278.614001456757,13.304396872015145,15.0,3.814803721280888,0,0,20.634103586298174
1067,0.8772848387161345,26318.545161484035,13.240167297618182,15.0,3.725965303710372,0,0,20.634103586298174
1068,0.8786276187735623,26358.82856320687,13.178128706117768,15.0,3.640157319632232,0,0,20.634103586298174
1069,0.8799817464063888,26399.452392191666,13.118299480887455,15.0,3.5574051958040225,0,0,20.634103586298174
1070,0.8813468244376296,26440.404733128886,13.060697350617925,15.0,3.4777334534660014,0,0,20.634103586298174
1071,0.8827224524454604,26481.673573363812,13.005339384063522,15.0,3.4011657010748664,0,0,20.634103586298174
1072,0.8841082268818719,26523.246806456154,12.952241984984452,15.0,3.3277246273081165,0,0,20.634103586298174
1073,0.8855037411922481,26565.112235767443,12.901420887286008,15.0,3.257431994340899,0,0,20.634103586298174
1074,0.886908585935839,26607.25757807517,12.852891150356239,15.0,3.1903086313973983,0,0,20.634103586298174
1075,0.8883223489070853,26649.67046721256,12.80666715460356,15.0,3.1263744285786985,0,0,20.634103586298174
1076,0.8897446152577648,26692.338457732945,12.762762597195493,15.0,3.0656483309688936,0,0,20.634103586298174
1077,0.8911749676199202,26735.249028597606,12.72119048799996,15.0,3.008148333021306,0,0,20.634103586298174
1078,0.8926129862295343,26778.38958688603,12.681963145730107,15.0,2.953891473226271,0,0,20.634103586298174
1079,0.8940582490509158,26821.747471527473,12.645092194294037,15.0,2.9028938290623,0,0,20.634103586298174
1080,0.8955103319017566,26865.309957052697,12.610588559350406,15.0,2.8551705122319797,0,0,24.634103586298174
1081,0.8968875291415276,26906.625874245827,15.016845584059105,15.0,2.8107356641840413,0,0,24.634103586298174
1082,0.8982708842771905,26948.126528315715,14.981341524477795,15.0,2.7696024519229434,0,0,24.634103586298174
1083,0.8996599519614767,26989.7985588443,14.948697786619062,15.0,2.731783064107198,0,0,24.634103586298174
1084,0.9010542851543659,27031.628554630977,14.918924043526955,15.0,2.6972887074376404,0,0,24.634103586298174
1085,0.9024534352555542,27073.603057666627,14.892029117804123,15.0,2.6661296033365947,0,0,24.634103586298174
1086,0.9038569522373838,27115.708567121514,14.868020978997487,15.0,2.63831498491907,0,0,24.634103586298174
1087,0.9052643847781957,27157.931543345872,14.846906741236717,15.0,2.6138530942567937,0,0,24.634103586298174
1088,0.9066752803960665,27200.258411881994,14.828692661126155,15.0,2.5927511799359078,0,0,24.634103586298174
1089,0.9080891855828881,27242.675567486644,14.813384135890816,15.0,2.5750154949090316,0,0,24.634103586298174
1090,0.9095056459387524,27285.169378162573,14.800985701777117,15.0,2.5606512946424105,0,0,24.634103586298174
1091,0.9109242063065995,27327.726189197987,14.791501032708663,15.0,2.5496628355585838,0,0,24.634103586298174
1092,0.9123444109070906,27370.33232721272,14.784932939197603,15.0,2.5420533737751376,0,0,24.634103586298174
1093,0.9137658034736653,27412.97410420996,14.781283367511787,15.0,2.537825164139817,0,0,24.634103586298174
1094,0.9151879273877429,27455.63782163229,14.780553399098077,15.0,2.536979459562392,0,0,24.634103586298174
1095,0.9166103258140293,27498.30977442088,14.782743250261863,15.0,2.539516510643379,0,0,24.634103586298174
1096,0.918032541835886,27540.97625507658,14.787852272102983,15.0,2.5454355655997887,0,0,24.634103586298174
1097,0.9194541185907251,27583.623557721752,14.795878950708005,15.0,2.554734870487893,0,0,24.634103586298174
1098,0.9208745994053872,27626.237982161616,14.806820907598835,15.0,2.567411669722964,0,0,24.634103586298174
1099,0.9222935279314637,27668.80583794391,14.820674900437492,15.0,2.583462206895793,0,0,24.634103586298174
1100,0.9237104482805223,27711.31344841567,14.837436823986906,15.0,2.602881725885821,0,0,24.634103586298174
1101,0.9251249051591974,27753.747154775923,14.857101711327378,15.0,2.625664472270463,0,0,24.634103586298174
1102,0.9265364440041026,27796.09332012308,14.879663735328393,15.0,2.6518036950302757,0,0,24.634103586298174
1103,0.9279446111165279,27838.338333495838,14.905116210375295,15.0,2.6812916485494203,0,0,24.634103586298174
1104,0.9293489537968804,27880.468613906414,14.933451594350428,15.0,2.7141195949108665,0,0,24.634103586298174
1105,0.930749020478829,27922.47061436487,14.964661490867991,15.0,2.750277806485624,0,0,24.634103586298174
1106,0.9321443608631129,27964.330825893387,14.998736651762083,15.0,2.7897555688152456,0,0,24.634103586298174
1107,0.9335345260509758,28006.035781529274,15.035666979827127,15.0,2.8325411837867525,0,0,24.634103586298174
1108,0.9349190686771834,28047.572060315502,15.075441531809895,15.0,2.8786219730990403,0,0,24.634103586298174
1109,0.9362975430425879,28088.92629127764,15.118048521652241,15.0,2.9279842820197417,0,0,24.634103586298174
1110,0.9376695052461984,28130.08515738595,15.163475323983523,15.0,2.9806134834313767,0,0,24.634103586298174
1111,0.9390345133167175,28171.035399501525,15.211708477861823,15.0,3.0364939821657435,0,0,24.634103586298174
1112,0.9403921273435081,28211.76382030524,15.262733690762694,15.0,3.09560921962507,0,0,24.634103586298174
1113,0.9417419096069474,28252.25728820842,15.316535842814345,15.0,3.157941678688686,0,0,24.634103586298174
1114,0.9430834247081333,28292.502741244,15.373098991277962,15.0,3.223472888903724,0,0,24.634103586298174
1115,0.9444162396979024,28332.487190937074,15.432406375271938,15.0,3.29218343195832,0,0,24.634103586298174
1116,0.945739924205122,28372.19772615366,15.49444042073844,15.0,3.3640529474356846,0,0,24.634103586298174
1117,0.9470540505642182,28411.621516926545,15.559182745650977,15.0,3.4390601388472835,0,0,24.634103586298174
1118,0.9483581939419029,28450.745818257088,15.626614165461426,15.0,3.517182779943528,0,0,24.634103586298174
1119,0.949651932463061,28489.55797389183,15.696714698784813,15.0,3.598397721299835,0,0,24.634103586298174
1120,0.9509348473357606,28528.04542007282,15.769463573320216,15.0,3.6826808971763194,0,0,24.634103586298174
1121,0.9522065229753507,28566.19568926052,15.844839232006072,15.0,3.770007332648989,0,0,24.634103586298174
1122,0.9534665471276074,28603.99641382822,15.922819339407958,15.0,3.860351151010355,0,0,24.634103586298174
1123,0.9547145109908939,28641.435329726817,16.003380788337115,15.0,3.9536855814372576,0,0,24.634103586298174
1124,0.9559500093372978,28678.500280118933,16.08649970669757,15.0,4.049982966923659,0,0,24.634103586298174
1125,0.9571726406327079,28715.179218981237,16.172151464559942,15.0,4.149214772475933,0,0,24.634103586298174
1126,0.958382007155798,28751.46021467394,16.260310681459863,15.0,4.251351593568513,0,0,24.634103586298174
1127,0.9595777151158804,28787.331453476414,16.350951233918764,15.0,4.356363164857044,0,0,24.634103586298174
1128,0.9607593747695943,28822.78124308783,16.44404626318472,15.0,4.464218369146568,0,0,24.634103586298174
1129,0.9619266005363951,28857.798016091852,16.53956818319141,15.0,4.574885246612352,0,0,24.634103586298174
1130,0.9630790111128105,28892.370333384315,16.637488688732446,15.0,4.688331004270258,0,0,24.634103586298174
1131,0.9642162295854289,28926.486887562867,16.737778763848727,15.0,4.8045220256939345,0,0,24.634103586298174
1132,0.9653378835425871,28960.136506277613,16.840408690426536,15.0,4.92342388097608,0,0,24.634103586298174
1133,0.9664436051847234,28993.3081555417,16.945348057003695,15.0,5.045001336930882,0,0,24.634103586298174
1134,0.967533031433365,29025.99094300095,17.05256576778112,15.0,5.169218367534289,0,0,24.634103586298174
1135,0.968605804038716,29058.17412116148,17.162030051837185,15.0,5.296038164599334,0,0,24.634103586298174
1136,0.9696615696858143,29089.84709057443,17.27370847254204,15.0,5.425423148683098,0,0,24.634103586298174
1137,0.9706999800992268,29120.999402976802,17.387567937169436,15.0,5.557334980222471,0,0,24.634103586298174
1138,0.9717206921462501,29151.620764387502,17.50357470670272,15.0,5.691734570894874,0,0,24.634103586298174
1139,0.9727233679385895,29181.701038157684,17.621694405832443,15.0,5.828582095201007,0,0,24.634103586298174
1140,0.9737076749324813,29211.23024797444,17.741892033142527,15.0,5.9678370022660125,0,0,24.634103586298174
1141,0.9746732860272335,29240.198580817003,17.86413197148191,15.0,6.109458027855557,0,0,24.634103586298174
1142,0.975619879662152,29268.59638986456,17.988377998518747,15.0,6.253403206603355,0,0,24.634103586298174
1143,0.9765471399118273,29296.414197354818,18.114593297473725,15.0,6.399629884446296,0,0,24.634103586298174
1144,0.9774547565797482,29323.642697392446,18.242740468029837,15.0,6.548094731263932,0,0,24.634103586298174
1145,0.9783424252902218,29350.27275870665,18.372781537414802,15.0,6.6987537537180195,0,0,24.634103586298174
1146,0.9792098475785644,29376.295427356934,18.50467797165325,15.0,6.851562308288715,0,0,24.634103586298174
1147,0.9800567309795453,29401.70192938636,18.638390686985154,15.0,7.00647511450342,0,0,24.634103586298174
1148,0.9808827891140485,29426.483673421455,18.77388006144721,15.0,7.163446268354365,0,0,24.634103586298174
1149,0.9816877417739341,29450.632253218024,18.911105946613684,15.0,7.3224292559009765,0,0,24.634103586298174
1150,0.98247131500507,29474.1394501521,19.050027679493176,15.0,7.48337696705285,0,0,24.634103586298174
1151,0.9832332411885102,29496.997235655304,19.190604094578084,15.0,7.646241709529663,0,0,24.634103586298174
1152,0.9839732591197958,29519.197773593874,19.332793536042733,15.0,7.810975222993315,0,0,24.634103586298174
1153,0.9846911140863565,29540.733422590692,19.47655387008691,15.0,7.977528693348524,0,0,24.634103586298174
1154,0.985386557942986,29561.59673828958,19.621842497421035,15.0,8.145852767207504,0,0,24.634103586298174
1155,0.9860593491853741,29581.780475561223,19.768616365889255,15.0,8.315897566514442,0,0,24.634103586298174
1156,0.9867092530216689,29601.27759065007,19.916831983226693,15.0,8.487612703325436,0,0,24.634103586298174
1157,0.9873360414420509,29620.081243261528,20.066445429947212,15.0,8.66094729473957,0,0,24.634103586298174
1158,0.987939493286297,29638.18479858891,20.217412372357565,15.0,8.835849977976464,0,0,24.634103586298174
1159,0.9885193943093156,29655.58182927947,20.369688075694604,15.0,9.012268925596407,0,0,24.634103586298174
1160,0.9890755372446313,29672.26611733894,20.5232274173811,15.0,9.190151860857823,0,0,24.634103586298174
1161,0.9896077218658031,29688.231655974094,20.677984900396353,15.0,9.36944607320785,0,0,24.634103586298174
1162,0.9901157550457557,29703.47265137267,20.833914666758307,15.0,9.550098433901999,0,0,24.634103586298174
1163,0.9905994508140067,29717.9835244202,20.99097051111191,15.0,9.732055411746959,0,0,24.634103586298174
1164,0.9910586304117742,29731.758912353227,21.149105894420977,15.0,9.915263088963284,0,0,24.634103586298174
1165,0.9914931223449469,29744.79367034841,21.308273957758527,15.0,10.099667177162186,0,0,24.634103586298174
1166,0.9919027624349009,29757.082873047028,21.468427536192294,15.0,10.28521303343261,0,0,24.634103586298174
1167,0.9922873938671501,29768.621816014504,21.629519172760588,15.0,10.471845676532933,0,0,24.634103586298174
1168,0.9926468672378133,29779.4060171344,21.791501132534894,15.0,10.659509803183179,0,0,24.634103586298174
1169,0.9929810405978859,29789.431217936577,21.9543254167646,15.0,10.848149804452422,0,0,24.634103586298174
1170,0.9932897794953026,29798.693384859078,22.117943777100287,15.0,11.037709782237144,0,0,24.634103586298174
1171,0.9935729570147781,29807.188710443344,22.28230772989062,15.0,11.22813356582488,0,0,24.634103586298174
1172,0.9938304538154152,29814.913614462457,22.447368570549116,15.0,11.419364728538877,0,0,24.634103586298174
1173,0.9940621581660679,29821.86474498204,22.61307738798638,15.0,11.611346604458515,0,0,24.634103586298174
1174,0.9942679659784496,29828.03897935349,22.77938507910353,15.0,11.804022305210648,0,0,24.634103586298174
1175,0.994447780837977,29833.433425139312,22.946242363342492,15.0,11.997334736826907,0,0,24.634103586298174
1176,0.99460151403234,29838.0454209702,23.113599797288817,15.0,12.191226616661694,0,0,24.634103586298174
1177,0.9947290845777883,29841.87253733365,23.28140778932298,15.0,12.385640490366528,0,0,24.634103586298174
1178,0.9948304192431294,29844.912577293882,23.449616614315357,15.0,12.580518748914834,0,0,24.634103586298174
1179,0.9949054525714282,29847.163577142845,23.618176428360854,15.0,12.775803645672788,0,0,24.634103586298174
1180,0.9949541268994033,29848.6238069821,23.78703728354875,15.0,12.971437313510886,0,0,24.634103586298174
1181,0.9949763923745143,29849.29177123543,23.956149142763334,15.0,13.167361781951225,0,0,24.634103586298174
1182,0.9949722069697334,29849.166209092004,24.125461894511034,15.0,13.363518994345455,0,0,24.634103586298174
1183,0.9949415364959997,29848.246094879993,24.29492536776936,15.0,13.559850825078044,0,0,24.634103586298174
1184,0.9948843546123498,29846.530638370496,24.464489346853902,15.0,13.756299096790393,0,0,24.634103586298174
1185,0.994800642833723,29844.01928501169,24.634103586298167,15.0,13.952805597619893,0,0,24.634103586298174
1186,0.9946903905364393,29840.711716093178,24.80371782574243,15.0,14.149312098449398,0,0,24.634103586298174
1187,0.9945535949613469,29836.607848840405,24.97328180482698,15.0,14.345760370161747,0,0,24.634103586298174
1188,0.9943902612146402,29831.707836439207,25.142745278085304,15.0,14.542092200894334,0,0,24.634103586298174
1189,0.9942004022663469,29826.012067990407,25.312058029833,15.0,14.738249413288564,0,0,24.634103586298174
1190,0.9939840389464839,29819.521168394516,25.481169889047592,15.0,14.934173881728908,0,0,24.634103586298174
1191,0.9937411999388857,29812.23599816657,25.650030744235487,15.0,15.129807549567001,0,0,24.634103586298174
1192,0.9934719217727042,29804.157653181126,25.81859055828098,15.0,15.325092446324957,0,0,24.634103586298174
1193,0.993176248811585,29795.287464347548,25.986799383273357,15.0,15.519970704873263,0,0,24.634103586298174
1194,0.9928542332405208,29785.626997215622,26.154607375307517,15.0,15.714384578578095,0,0,24.634103586298174
1195,0.9925059350503881,29775.178051511644,26.321964809253842,15.0,15.908276458412884,0,0,24.634103586298174
1196,0.9921314220201709,29763.942660605127,26.48882209349277,15.0,16.101588890029102,0,0,24.634103586298174
1197,0.9917307696968757,29751.92309090627,26.655129784609954,15.0,16.294264590781275,0,0,24.634103586298174
1198,0.9913040613731462,29739.121841194385,26.820838602047225,15.0,16.486246466700912,0,0,24.634103586298174
1199,0.9908513880625809,29725.541641877426,26.985899442705716,15.0,16.677477629414913,0,0,24.634103586298174
1200,0.9903728484727645,29711.185454182934,27.150263395496083,15.0,16.86790141300269,0,0,24.634103586298174
1201,0.9898685489760183,29696.05646928055,27.31388175583177,15.0,17.05746139078741,0,0,24.634103586298174
1202,0.9893386035778803,29680.158107336407,27.476706040061472,15.0,17.24610139205665,0,0,24.634103586298174
1203,0.9887831338833221,29663.494016499662,27.638687999835714,15.0,17.43376551870682,0,0,24.634103586298174
1204,0.9882022690607156,29646.068071821468,27.799779636404047,15.0,17.62039816180718,0,0,24.634103586298174
1205,0.9875961458035571,29627.884374106714,27.95993321483781,15.0,17.805944018077607,0,0,24.634103586298174
1206,0.9869649082899622,29608.947248698867,28.119101278175357,15.0,17.990348106276507,0,0,24.634103586298174
1207,0.9863087081399426,29589.26124419828,28.277236661484395,15.0,18.173555783492795,0,0,24.634103586298174
1208,0.9856277043704778,29568.831131114333,28.43429250583803,15.0,18.355512761337792,0,0,24.634103586298174
1209,0.9849220633483952,29547.661900451854,28.59022227219998,15.0,18.536165122031942,0,0,24.634103586298174
1210,0.9841919587410718,29525.758762232155,28.74497975521527,15.0,18.715459334382007,0,0,24.634103586298174
1211,0.9834375714649732,29503.127143949197,28.89851909690173,15.0,18.893342269643384,0,0,24.634103586298174
1212,0.9826590896320436,29479.772688961308,29.050794800238776,15.0,19.069761217263327,0,0,24.634103586298174
1213,0.981856708493964,29455.70125481892,29.201761742649126,15.0,19.244663900500225,0,0,24.634103586298174
1214,0.9810306303842958,29430.918911528875,29.351375189369616,15.0,19.417998491914318,0,0,24.634103586298174
1215,0.9801810646585245,29405.431939755734,29.499590806707086,15.0,19.589713628725352,0,0,24.634103586298174
1216,0.9793082276320226,29379.24682896068,29.6463646751753,15.0,19.75975842803229,0,0,24.634103586298174
1217,0.9784123425159521,29352.370275478563,29.79165330250943,15.0,19.92808250189127,0,0,24.634103586298174
1218,0.9774936393511207,29324.80918053362,29.935413636553612,15.0,20.09463597224648,0,0,24.634103586298174
1219,0.9765523549398165,29296.570648194494,30.07760307801825,15.0,20.25936948571013,0,0,24.634103586298174
1220,0.9755887327756386,29267.661983269158,30.21817949310316,15.0,20.422234228186944,0,0,24.634103586298174
1221,0.974603022971344,29238.09068914032,30.357101225982653,15.0,20.583181939338814,0,0,24.634103586298174
1222,0.9735954821847344,29207.864465542032,30.494327111149126,15.0,20.74216492688543,0,0,24.634103586298174
1223,0.9725663735426027,29176.99120627808,30.629816485611187,15.0,20.899136080736373,0,0,24.634103586298174
1224,0.9715159665627623,29145.47899688287,30.763529200943093,15.0,21.05404888695108,0,0,24.634103586298174
1225,0.9704445370741849,29113.336112225545,30.89542563518154,15.0,21.206857441521777,0,0,24.634103586298174
1226,0.969352367135264,29080.571014057918,31.0254667045665,15.0,21.357516463975863,0,0,24.634103586298174
1227,0.9682397449502369,29047.192348507106,31.153613875122616,15.0,21.5059813107935,0,0,24.634103586298174
1228,0.9671069647837826,29013.208943513477,31.279829174077594,15.0,21.652207988636437,0,0,24.634103586298174
1229,0.965954326873825,28978.62980621475,31.404075201114402,15.0,21.79615316738421,0,0,24.634103586298174
1230,0.9647821373425661,28943.464120276985,31.526315139453818,15.0,21.937774192973784,0,0,24.634103586298174
1231,0.9635907081057753,28907.72124317326,31.646512766763898,15.0,22.077029100038793,0,0,24.634103586298174
1232,0.9623803567803615,28871.410703410846,31.764632465893623,15.0,22.213876624344923,0,0,24.634103586298174
1233,0.9611514065902574,28834.542197707724,31.880639235426926,15.0,22.34827621501735,0,0,24.634103586298174
1234,0.9599041862706404,28797.125588119212,31.994498700054326,15.0,22.480188046556723,0,0,24.634103586298174
1235,0.9586390299705216,28759.17089911565,32.106177120759156,15.0,22.609573030640462,0,0,24.634103586298174
1236,0.9573562771537305,28720.688314611914,32.215641404815194,15.0,22.736392827705483,0,0,24.634103586298174
1237,0.9560562724983238,28681.688174949715,32.32285911559264,15.0,22.860609858308916,0,0,24.634103586298174
1238,0.9547393657944506,28642.180973833518,32.427798482169806,15.0,22.982187314263715,0,0,24.634103586298174
1239,0.9534059118407016,28602.177355221047,32.53042840874761,15.0,23.101089169545865,0,0,24.634103586298174
1240,0.952056270338975,28561.68811016925,32.63071848386388,15.0,23.217280190969518,0,0,24.634103586298174
1241,0.9506908057878884,28520.724173636652,32.72863898940493,15.0,23.330725948627446,0,0,24.634103586298174
1242,0.9493098873747708,28479.296621243124,32.82416090941164,15.0,23.44139282609325,0,0,24.634103586298174
1243,0.9479138888662638,28437.416665987916,32.9172559386776,15.0,23.549248030382778,0,0,24.634103586298174
1244,0.9465031884975671,28395.095654927012,33.00789649113648,15.0,23.654259601671285,0,0,24.634103586298174
1245,0.9450781688603582,28352.345065810747,33.0960557080364,15.0,23.756396422763867,0,0,24.634103586298174
1246,0.9436392167894235,28309.176503682706,33.18170746589877,15.0,23.855628228316142,0,0,24.634103586298174
1247,0.94218672324803,28265.6016974409,33.264826384259216,15.0,23.951925613802523,0,0,24.634103586298174
1248,0.9407210832120744,28221.632496362232,33.34538783318838,15.0,24.045260044229448,0,0,24.634103586298174
1249,0.939242695553044,28177.280866591318,33.423367940590275,15.0,24.135603862590813,0,0,24.634103586298174
1250,0.9377519629198212,28132.558887594638,33.49874359927613,15.0,24.22293029806348,0,0,24.634103586298174
1251,0.9362492916193716,28087.47874858115,33.57149247381153,15.0,24.307213473939964,0,0,24.634103586298174
1252,0.9347350914963449,28042.05274489035,33.64159300713492,15.0,24.38842841529627,0,0,24.634103586298174
1253,0.9332097758116298,27996.293274348893,33.70902442694537,15.0,24.466551056392518,0,0,24.634103586298174
1254,0.9316737611198959,27950.212833596877,33.773766751857906,15.0,24.541558247804115,0,0,24.634103586298174
1255,0.9301274671461596,27903.824014384787,33.83580079732441,15.0,24.613427763281486,0,0,24.634103586298174
1256,0.9285713166614102,27857.139499842306,33.895108181318385,15.0,24.68213830633608,0,0,24.634103586298174
1257,0.9270057353573342,27810.172060720026,33.951671329782,15.0,24.747669516551113,0,0,24.634103586298174
1258,0.925431151720173,27762.93455160519,34.00547348183365,15.0,24.810001975614732,0,0,24.634103586298174
1259,0.9238479969037542,27715.439907112624,34.05649869473452,15.0,24.869117213074055,0,0,24.634103586298174
1260,0.92225670460173,27667.7011380519,34.10473184861282,15.0,24.924997711808427,0,0,24.634103586298174
1261,0.9206577109190659,27619.731327571975,34.15015865094411,15.0,24.977626913220064,0,0,24.634103586298174
1262,0.9190514542428122,27571.543627284365,34.19276564078644,15.0,25.026989222140756,0,0,24.634103586298174
1263,0.9174383751122013,27523.15125336604,34.23254019276922,15.0,25.07307001145305,0,0,24.634103586298174
1264,0.915818916088106,27474.56748264318,34.26947052083426,15.0,25.115855626424555,0,0,24.634103586298174
1265,0.9141935216218989,27425.80564865697,34.30354568172835,15.0,25.15533338875418,0,0,24.634103586298174
1266,0.9125626379237528,27376.879137712585,34.334755578245925,15.0,25.191491600328945,0,0,24.634103586298174
1267,0.9109267128304179,27327.80138491254,34.36309096222105,15.0,25.22431954669039,0,0,24.634103586298174
1268,0.9092861956725187,27278.58587017556,34.388543437267955,15.0,25.253807500209533,0,0,24.634103586298174
1269,0.9076415371414075,27229.246114242225,34.41110546126897,15.0,25.27994672296934,0,0,24.634103586298174
1270,0.905993189155615,27179.79567466845,34.43077034860944,15.0,25.302729469353988,0,0,24.634103586298174
1271,0.904341604726937,27130.24814180811,34.44753227215885,15.0,25.322148988344015,0,0,24.634103586298174
1272,0.9026872378261971,27080.617134785913,34.461386264997515,15.0,25.338199525516842,0,0,24.634103586298174
1273,0.9010305432487252,27030.916297461757,34.47232822188833,15.0,25.35087632475191,0,0,24.634103586298174
1274,0.8993719764795923,26981.15929438777,34.48035490049337,15.0,25.36017562964002,0,0,24.634103586298174
1275,0.8977119935586402,26931.359806759207,34.48546392233449,15.0,25.366094684596426,0,0,24.634103586298174
1276,0.8960510509453468,26881.531528360403,34.48765377349827,15.0,25.36863173567742,0,0,24.634103586298174
1277,0.8943896053835678,26831.688161507034,34.48692380508456,15.0,25.36778603109999,0,0,24.634103586298174
1278,0.8927281137661934,26781.843412985803,34.483274233398745,15.0,25.363557821464667,0,0,24.634103586298174
1279,0.891067032999761,26732.01098999283,34.47670613988769,15.0,25.355948359681225,0,0,24.634103586298174
1280,0.8894068198690639,26682.204596071915,34.46722147081924,15.0,25.344959900597402,0,0,24.634103586298174
1281,0.8877479309017963,26632.43792705389,34.454823036705534,15.0,25.33059570033078,0,0,24.634103586298174
1282,0.8860908222332741,26582.724666998223,34.43951451147019,15.0,25.3128600153039,0,0,24.634103586298174
1283,0.8844359494712725,26533.078484138176,34.42130043135963,15.0,25.29175810098301,0,0,24.634103586298174
1284,0.8827837675610192,26483.513026830577,34.40018619359886,15.0,25.267296210320737,0,0,24.634103586298174
1285,0.8811347306503844,26434.041919511532,34.376178054792234,15.0,25.239481591903218,0,0,24.634103586298174
1286,0.879489291955307,26384.67875865921,34.34928312906939,15.0,25.20832248780217,0,0,24.634103586298174
1287,0.8778479036254973,26335.437108764916,34.31950938597729,15.0,25.17382813113261,0,0,24.634103586298174
1288,0.8762110166104543,26286.33049831363,34.286865648118564,15.0,25.136008743316868,0,0,24.634103586298174
1289,0.8745790805258411,26237.372415775233,34.25136158853724,15.0,25.09487553105577,0,0,24.634103586298174
1290,0.8729525435202528,26188.57630560758,34.21300772785244,15.0,25.05044068300783,0,0,24.634103586298174
1291,0.8713318521424207,26139.955564272623,34.171815431140814,15.0,25.002717366177514,0,0,24.634103586298174
1292,0.869717451208891,26091.52353626673,34.12779690456889,15.0,24.951719722013543,0,0,24.634103586298174
1293,0.8681097836722149,26043.293510166448,34.080965191776066,15.0,24.897462862218507,0,0,24.634103586298174
1294,0.8665092904896932,25995.278714690794,34.03133417000957,15.0,24.839962864270923,0,0,24.634103586298174
1295,0.8649164104927104,25947.492314781313,33.97891854601228,15.0,24.77923676666113,0,0,24.634103586298174
1296,0.8633315802567002,25899.947407701005,33.92373385166479,15.0,24.715302563842414,0,0,24.634103586298174
1297,0.8617552339717781,25852.657019153343,33.86579643938304,15.0,24.648179200898916,0,0,24.634103586298174
1298,0.860187803314082,25805.63409942246,33.80512347727267,15.0,24.5778865679317,0,0,24.634103586298174
1299,0.8586297173178568,25758.891519535704,33.741732944041786,15.0,24.50444549416495,0,0,24.634103586298174
1300,0.8570814022483227,25712.442067449683,33.67564362367346,15.0,24.42787774177381,0,0,24.634103586298174
1301,0.8555432814753636,25666.29844426091,33.60687509985964,15.0,24.34820599943579,0,0,24.634103586298174
1302,0.8540157753480728,25620.473260442184,33.5354477501981,15.0,24.265453875607598,0,0,24.634103586298174
1303,0.8524993010701956,25574.979032105868,33.46138274015403,15.0,24.17964589152944,0,0,24.634103586298174
1304,0.8509942725765018,25529.828177295054,33.3847020167884,15.0,24.09080747395893,0,0,24.634103586298174
1305,0.8495011004101286,25485.03301230386,33.305428302254434,15.0,23.998964947636452,0,0,24.634103586298174
1306,0.8480201916009273,25440.60574802782,33.22358508706462,15.0,23.904145527484694,0,0,24.634103586298174
1307,0.8465519495448521,25396.558486345562,33.13919662312991,15.0,23.806377310544192,0,0,24.634103586298174
1308,0.8450967738844245,25352.903216532733,33.05228791657347,15.0,23.70568926764767,0,0,24.634103586298174
1309,0.8436550603903112,25309.651811709336,32.96288472032069,15.0,23.602111234835277,0,0,24.634103586298174
1310,0.8422272008440487,25266.81602532146,32.87101352646805,15.0,23.495673904513463,0,0,24.634103586298174
1311,0.8408135829219493,25224.40748765848,32.77670155843306,15.0,23.38640881636037,0,0,24.634103586298174
1312,0.839414590080225,25182.43770240675,32.679976762887286,15.0,23.274348347979732,0,0,24.634103586298174
1313,0.8380306014413609,25140.918043240825,32.58086780147512,15.0,23.159525705306795,0,0,24.634103586298174
1314,0.8366619916817725,25099.859750453175,32.479404042320766,15.0,23.041974912768634,0,0,24.634103586298174
1315,0.8353091309207822,25059.273927623464,32.37561555132585,15.0,22.921730803202077,0,0,24.634103586298174
1316,0.8339723846109435,25019.171538328304,32.269533083260185,15.0,22.798829007531847,0,0,24.634103586298174
1317,0.8326521134297508,24979.563402892523,32.161188072648514,15.0,22.673305944212444,0,0,24.634103586298174
1318,0.831348673172762,24940.46019518286,32.05061262445575,15.0,22.545198808436528,0,0,24.634103586298174
1319,0.8300624146481692,24901.872439445076,31.9378395045736,15.0,22.41454556111322,0,0,24.634103586298174
1320,0.828793683572846,24863.81050718538,31.822902130111338,15.0,22.281384917619416,0,0,24.634103586298174
1321,0.8275428204699048,24826.284614097145,31.70583455949354,15.0,22.145756336327608,0,0,24.634103586298174
1322,0.8263101605677922,24789.304817033764,31.58667148236795,15.0,22.00770000691359,0,0,24.634103586298174
1323,0.8250960337009531,24752.881011028592,31.465448209326052,15.0,21.86725683844724,0,0,24.634103586298174
1324,0.8239007642120947,24717.02292636284,31.34220066143986,15.0,21.72446844727039,0,0,24.634103586298174
1325,0.8227246708560755,24681.740125682263,31.216965359617713,15.0,21.579377144664964,0,0,24.634103586298174
1326,0.8215680667054526,24647.042001163576,31.089779413782342,15.0,21.432025924315255,0,0,24.634103586298174
1327,0.8204312590577104,24612.93777173131,30.960680511874386,15.0,21.28245844956795,0,0,24.634103586298174
1328,0.8193145493442026,24579.436480326076,30.829706908684642,15.0,21.13071904049372,0,0,24.634103586298174
1329,0.818218233040831,24546.54699122493,30.696897414518435,15.0,20.976852660754336,0,0,24.634103586298174
1330,0.81714259958049,24514.277987414698,30.56229138369511,15.0,20.82090490427879,0,0,24.634103586298174
1331,0.8160879322673013,24482.637968019037,30.425928702886658,15.0,20.66292198175297,0,0,24.634103586298174
1332,0.8150545081926645,24451.635245779933,30.287849779298334,15.0,20.50295070692635,0,0,24.634103586298174
1333,0.8140425981531493,24421.27794459448,30.148095528695187,15.0,20.341038482740135,0,0,24.634103586298174
1334,0.8130524665702527,24391.573997107578,30.006707363277812,15.0,20.177233287280703,0,0,24.634103586298174
1335,0.8120843714120443,24362.531142361328,29.863727179411033,15.0,20.01158365956267,0,0,24.634103586298174
1336,0.811138564116726,24334.15692350178,29.719197345209068,15.0,19.844138685145715,0,0,24.634103586298174
1337,0.8102152895181252,24306.458685543756,29.573160687981055,15.0,19.674947981589575,0,0,24.634103586298174
1338,0.8093147857731441,24279.443573194323,29.425660481540227,15.0,19.504061683751118,0,0,24.634103586298174
1339,0.8084372842911903,24253.11852873571,29.276740433381043,15.0,19.33153042892839,0,0,24.634103586298174
1340,0.8075830096656043,24227.49028996813,29.126444671727825,15.0,19.15740534185582,0,0,24.634103586298174
1341,0.8067521796071073,24202.56538821322,28.9748177324583,15.0,18.98173801955454,0,0,24.634103586298174
1342,0.80594500487929,24178.3501463787,28.821904545906975,15.0,18.80458051604339,0,0,24.634103586298174
1343,0.8051616892361576,24154.850677084727,28.667750423551148,15.0,18.625985326913995,0,0,24.634103586298174
1344,0.8044024293617535,24132.072880852607,28.512401044584244,15.0,18.44600537377537,0,0,24.634103586298174
1345,0.8036674148118782,24110.022444356346,28.355902442379936,15.0,18.264693988571874,0,0,24.634103586298174
1346,0.8029568279579189,24088.704838737565,28.198300990851575,15.0,18.08210489777997,0,0,24.634103586298174
1347,0.8022708439328093,24068.12531798428,28.03964339071053,15.0,17.89829220648781,0,0,24.634103586298174
1348,0.801609630579134,24048.288917374022,27.879976655627907,15.0,17.713310382362906,0,0,24.634103586298174
1349,0.8009733483993933,24029.200451981797,27.71934809830315,15.0,17.52721423951194,0,0,24.634103586298174
1350,0.8003621505084421,24010.864515253263,27.557805316444473,15.0,17.34005892223833,0,0,28.634103586298174
1351,0.7996279036187756,23988.837108563268,31.843765258983236,15.0,17.151899888701717,0,0,28.634103586298174
1352,0.7989199083817906,23967.597251453717,31.654033598660632,15.0,16.96279289448455,0,0,28.634103586298174
1353,0.7982382996529244,23947.14898958773,31.463407067899936,15.0,16.772793976070474,0,0,28.634103586298174
1354,0.7975832044687228,23927.496134061683,31.271942153456234,15.0,16.581959434239494,0,0,28.634103586298174
1355,0.7969547420091958,23908.642260275876,31.079695590515904,15.0,16.39034581738497,0,0,28.634103586298174
1356,0.7963530235625028,23890.590706875086,30.886724345884524,15.0,16.19800990475691,0,0,28.634103586298174
1357,0.7957781524919746,23873.344574759238,30.69308560110654,15.0,16.00500868963716,0,0,28.634103586298174
1358,0.7952302242054851,23856.90672616455,30.4988367355211,15.0,15.81139936245108,0,0,28.634103586298174
1359,0.7947093261271796,23841.27978381539,30.304035309259305,15.0,15.617239293820743,0,0,28.634103586298174
1360,0.7942155376715699,23826.4661301471,30.108739046187917,15.0,15.422586017564797,0,0,28.634103586298174
1361,0.7937489302200011,23812.467906600035,29.91300581680449,15.0,15.227497213649924,0,0,28.634103586298174
1362,0.7933095670995005,23799.287012985016,29.716893621089227,15.0,15.032030691099163,0,0,28.634103586298174
1363,0.7928975035640118,23786.925106920353,29.520460571318136,15.0,14.836244370861618,0,0,28.634103586298174
1364,0.7925127867780224,23775.383603340673,29.32376487484323,15.0,14.640196268649394,0,0,28.634103586298174
1365,0.7921554558025883,23764.66367407765,29.12686481684442,15.0,14.443944477746236,0,0,28.634103586298174
1366,0.791825541583758,23754.76624751274,28.929818743058348,15.0,14.247547151793249,0,0,28.634103586298174
1367,0.7915230669434037,23745.69200830211,28.732685042489265,15.0,14.05106248755672,0,0,28.634103586298174
1368,0.7912480465724583,23737.44139717375,28.53552213010715,15.0,13.854548707683147,0,0,28.634103586298174
1369,0.7910004870265623,23730.01461079687,28.338388429538025,15.0,13.658064043446577,0,0,28.634103586298174
1370,0.7907803867241208,23723.411601723623,28.141342355751945,15.0,13.461666717493593,0,0,28.634103586298174
1371,0.7905877359467725,23717.632078403174,27.944442297753138,15.0,13.265414926590434,0,0,28.634103586298174
1372,0.7904225168422695,23712.675505268086,27.747746601278234,15.0,13.069366824378207,0,0,28.634103586298174
1373,0.7902847034297674,23708.54110289302,27.551313551507143,15.0,12.873580504140664,0,0,28.634103586298174
1374,0.7901742616075231,23705.227848225695,27.355201355791884,15.0,12.678113981589904,0,0,28.634103586298174
1375,0.7900911491630016,23702.734474890047,27.15946812640849,15.0,12.48302517767507,0,0,28.634103586298174
1376,0.7900353157853826,23701.059473561476,26.964171863337064,15.0,12.288371901419085,0,0,28.634103586298174
1377,0.7900067030804698,23700.201092414096,26.76937043707527,15.0,12.094211832788744,0,0,28.634103586298174
1378,0.7900052445879945,23700.157337639834,26.57512157148983,15.0,11.900602505602667,0,0,28.634103586298174
1379,0.7900308658013083,23700.925974039248,26.381482826711846,15.0,11.707601290482918,0,0,28.634103586298174
1380,0.7900834841894617,23702.504525683853,26.188511582080427,15.0,11.515265377854815,0,0,28.634103586298174
1381,0.7901630092216598,23704.890276649796,25.996265019140093,15.0,11.323651761000294,0,0,28.634103586298174
1382,0.7902693423940882,23708.080271822644,25.80480010469647,15.0,11.13281721916939,0,0,28.634103586298174
1383,0.7904023772591019,23712.071317773058,25.614173573935737,15.0,10.942818300755276,0,0,28.634103586298174
1384,0.7905619994567684,23716.859983703052,25.42444191361313,15.0,10.753711306538108,0,0,28.634103586298174
1385,0.7907480867487547,23722.44260246264,25.235661345314313,15.0,10.565552273001497,0,0,28.634103586298174
1386,0.7909605090545491,23728.81527163647,25.047887808795892,15.0,10.378396955727885,0,0,28.634103586298174
1387,0.7911991284900066,23735.973854700198,24.861176945409177,15.0,10.192300812876882,0,0,28.634103586298174
1388,0.7914637994082081,23743.913982246242,24.675584081612627,15.0,10.00731898875198,0,0,28.634103586298174
1389,0.7917543684426172,23752.631053278514,24.491164212577164,15.0,9.823506297459858,0,0,28.634103586298174
1390,0.7920706745525269,23762.120236575807,24.307971985890084,15.0,9.640917206667952,0,0,28.634103586298174
1391,0.7924125490707796,23772.37647212339,24.126061685361776,15.0,9.459605821464455,0,0,28.634103586298174
1392,0.7927798157537462,23783.39447261239,23.945487214940226,15.0,9.279625868325828,0,0,28.634103586298174
1393,0.7931722908335513,23795.16872500654,23.766302082738136,15.0,9.101030679196473,0,0,28.634103586298174
1394,0.7935897830725275,23807.693492175826,23.588559385177312,15.0,8.923873175685323,0,0,28.634103586298174
1395,0.7940320938198832,23820.962814596496,23.41231179125501,15.0,8.748205853384004,0,0,28.634103586298174
1396,0.7944990170705669,23834.97051211701,23.23761152693711,15.0,8.5740807663114,0,0,28.634103586298174
1397,0.7949903395263116,23849.710185789347,23.064510359682235,15.0,8.401549511488707,0,0,28.634103586298174
1398,0.7955058406588388,23865.175219765162,22.893059583102072,15.0,8.230663213650251,0,0,28.634103586298174
1399,0.7960452927752066,23881.3587832562,22.723310001761934,15.0,8.06147251009411,0,0,28.634103586298174
1400,0.7966084610852798,23898.253832558396,22.555311916126268,15.0,7.894027535677186,0,0,28.634103586298174
1401,0.7971951037713029,23915.853113139085,22.38911510765351,15.0,7.728377907959121,0,0,28.634103586298174
1402,0.797804972059556,23934.14916178668,22.22476882404493,15.0,7.564572712499721,0,0,28.634103586298174
1403,0.7984378102940725,23953.134308822173,22.062321764651113,15.0,7.402660488313473,0,0,28.634103586298174
1404,0.7990933560123945,23972.800680371834,21.90182206604175,15.0,7.242689213486855,0,0,28.634103586298174
1405,0.799771340023347,23993.14020070041,21.743317287741373,15.0,7.084706290961028,0,0,28.634103586298174
1406,0.8004714864868046,24014.144594604135,21.58685439813661,15.0,6.928758534485486,0,0,28.634103586298174
1407,0.8011935129954283,24035.80538986285,21.43247976055836,15.0,6.774892154746073,0,0,28.634103586298174
1408,0.8019371306583504,24058.11391975051,21.28023911954351,15.0,6.623152745671902,0,0,28.634103586298174
1409,0.8027020441867776,24081.06132560333,21.13017758727949,15.0,6.473585270924568,0,0,28.634103586298174
1410,0.8034879519814924,24104.63855944477,20.982339630237025,15.0,6.326234050574888,0,0,28.634103586298174
1411,0.8042945462222229,24128.836386666684,20.836769055993273,15.0,6.181142747969432,0,0,28.634103586298174
1412,0.8051215129588566,24153.645388765697,20.69350900025112,15.0,6.038354356792548,0,0,28.634103586298174
1413,0.8059685322044712,24179.055966134136,20.55260191405693,15.0,5.897911188326228,0,0,28.634103586298174
1414,0.8068352780301531,24205.058340904594,20.414089551221288,15.0,5.759854858912212,0,0,28.634103586298174
1415,0.8077214186615773,24231.642559847318,20.278012955946643,15.0,5.624226277620405,0,0,28.634103586298174
1416,0.808626616577319,24258.79849731957,20.144412450665033,15.0,5.491065634126633,0,0,28.634103586298174
1417,0.8095505286088692,24286.515858266077,20.0133276240894,15.0,5.360412386803294,0,0,28.634103586298174
1418,0.8104928060423221,24314.784181269664,19.88479731948295,15.0,5.232305251027352,0,0,28.634103586298174
1419,0.8114530947217072,24343.592841651218,19.758859623148908,15.0,5.106782187707971,0,0,28.634103586298174
1420,0.8124310351539334,24372.931054618002,19.635551853144545,15.0,4.983880392037716,0,0,28.634103586298174
1421,0.8134262626153135,24402.787878459403,19.514910548223412,15.0,4.863636282471185,0,0,28.634103586298174
1422,0.8144384072596411,24433.152217789233,19.396971457007723,15.0,4.746085489933022,0,0,28.634103586298174
1423,0.8154670942277833,24464.0128268335,19.281769527395607,15.0,4.631262847260084,0,0,28.634103586298174
1424,0.8165119437587595,24495.358312762783,19.169338896205062,15.0,4.51920237887947,0,0,28.634103586298174
1425,0.8175725713022728,24527.177139068182,19.0597128790585,15.0,4.409937290726357,0,0,28.634103586298174
1426,0.8186485876326608,24559.457628979824,18.952923960510766,15.0,4.3034999604045385,0,0,28.634103586298174
1427,0.8197395989642318,24592.18796892695,18.849003784423168,15.0,4.199921927592147,0,0,28.634103586298174
1428,0.820845207067951,24625.356212038532,18.747983144586566,15.0,4.099233884695607,0,0,28.634103586298174
1429,0.8219650093894455,24658.950281683366,18.649891975596827,15.0,4.001465667755122,0,0,28.634103586298174
1430,0.8230985991682891,24692.957975048674,18.55475934398427,15.0,3.9066462476033634,0,0,28.634103586298174
1431,0.8242455655585345,24727.366966756035,18.46261343960077,15.0,3.814803721280888,0,0,28.634103586298174
1432,0.8254054937504556,24762.164812513667,18.373481567266474,15.0,3.7259653037103737,0,0,28.634103586298174
1433,0.8265779650934647,24797.33895280394,18.28739013867878,15.0,3.640157319632234,0,0,28.634103586298174
1434,0.8277625572201679,24832.87671660504,18.204364664585963,15.0,3.5574051958040225,0,0,28.634103586298174
1435,0.8289588441715217,24868.76532514565,18.124429747227886,15.0,3.47773345346602,0,0,28.634103586298174
1436,0.8301663965230531,24904.991895691594,18.047609073045624,15.0,3.4011657010748664,0,0,28.634103586298174
1437,0.8313847815121085,24941.543445363255,17.97392540566292,15.0,3.3277246273081182,0,0,28.634103586298174
1438,0.8326135631660897,24978.40689498269,17.90340057914063,15.0,3.257431994340899,0,0,28.634103586298174
1439,0.8338523024316422,25015.569072949267,17.836055491506897,15.0,3.1903086313974,0,0,28.634103586298174
1440,0.8351005573047566,25053.0167191427,17.7719100985646,15.0,3.126374428578686,0,0,28.634103586298174
1441,0.8363578829617434,25090.7364888523,17.710983407978077,15.0,3.065648330968906,0,0,28.634103586298174
1442,0.8376238318910441,25128.71495673132,17.653293473640613,15.0,3.0081483330213077,0,0,28.634103586298174
1443,0.8388979540258383,25166.93862077515,17.598857390324845,15.0,2.9538914732262818,0,0,28.634103586298174
1444,0.840179796877409,25205.393906322268,17.54769128861703,15.0,2.9028938290623,0,0,28.634103586298174
1445,0.8414689056692235,25244.067170076705,17.4998103301374,15.0,2.85517051223197,0,0,28.634103586298174
1446,0.8427648234716949,25282.944704150847,17.455228703047318,15.0,2.8107356641840413,0,0,28.634103586298174
1447,0.844067091337579,25322.012740127368,17.413959617845013,15.0,2.7696024519229434,0,0,28.634103586298174
1448,0.8453752484379707,25361.257453139122,17.37601530345109,15.0,2.7317830641071996,0,0,28.634103586298174
1449,0.8466888321988579,25400.664965965738,17.341407003584834,15.0,2.6972887074376484,0,0,28.634103586298174
1450,0.848007378438192,25440.22135314576,17.31014497343238,15.0,2.6661296033365964,0,0,28.634103586298174
1451,0.8493304215034345,25479.912645103035,17.282238476607954,15.0,2.6383149849190657,0,0,28.634103586298174
1452,0.8506574944095407,25519.72483228622,17.25769578240886,15.0,2.6138530942567986,0,0,28.634103586298174
1453,0.8519881289773369,25559.643869320105,17.236524163365036,15.0,2.5927511799359046,0,0,28.634103586298174
1454,0.8533218559722521,25599.65567916756,17.218729893084145,15.0,2.5750154949090316,0,0,28.634103586298174
1455,0.8546582052433624,25639.746157300873,17.204318244392486,15.0,2.5606512946424074,0,0,28.634103586298174
1456,0.8559967058627075,25679.901175881223,17.193293487772607,15.0,2.5496628355585838,0,0,28.634103586298174
1457,0.8573368862648352,25720.106587945054,17.185658890097834,15.0,2.542053373775139,0,0,28.634103586298174
1458,0.858678274386538,25760.34823159614,17.181416713664206,15.0,2.537825164139817,0,0,28.634103586298174
1459,0.860020397806735,25800.61193420205,17.18056821552017,15.0,2.536979459562392,0,0,28.634103586298174
1460,0.8613627838864604,25840.88351659381,17.18311364709404,15.0,2.539516510643379,0,0,28.634103586298174
1461,0.8627049599089166,25881.1487972675,17.18905225411949,15.0,2.5454355655997887,0,0,28.634103586298174
1462,0.8640464532195506,25921.39359658652,17.198382276859107,15.0,2.5547348704878963,0,0,28.634103586298174
1463,0.8653867913661119,25961.603740983355,17.211100950625784,15.0,2.567411669722964,0,0,28.634103586298174
1464,0.8667255022386495,26001.765067159486,17.227204506602007,15.0,2.583462206895793,0,0,28.634103586298174
1465,0.8680621142094093,26041.863426282278,17.24668817295658,15.0,2.602881725885821,0,0,28.634103586298174
1466,0.8693961562725867,26081.8846881776,17.269546176258682,15.0,2.6256644722704614,0,0,28.634103586298174
1467,0.8707271581838966,26121.8147455169,17.295771743188627,15.0,2.6518036950302757,0,0,28.634103586298174
1468,0.8720546505999162,26161.639517997486,17.325357102544906,15.0,2.6812916485494123,0,0,28.634103586298174
1469,0.8733781652171622,26201.344956514866,17.35829348754708,15.0,2.7141195949108665,0,0,28.634103586298174
1470,0.8746972349108586,26240.917047325758,17.394571138433417,15.0,2.750277806485624,0,0,28.634103586298174
1471,0.8760113938733561,26280.341816200686,17.43417930535303,15.0,2.7897555688152456,0,0,28.634103586298174
1472,0.8773201777521616,26319.60533256485,17.477106251551255,15.0,2.8325411837867525,0,0,28.634103586298174
1473,0.8786231237875347,26358.693713626042,17.523339256847496,15.0,2.87862197309905,0,0,28.634103586298174
1474,0.8799197709496143,26397.59312848843,17.572864621404463,15.0,2.9279842820197306,0,0,28.634103586298174
1475,0.8812096600750312,26436.289802250936,17.625667669787838,15.0,2.9806134834313753,0,0,28.634103586298174
1476,0.8824923340029686,26474.770020089058,17.681732755314762,15.0,3.0364939821657306,0,0,28.634103586298174
1477,0.8837673377106283,26513.020131318848,17.741043264690447,15.0,3.09560921962507,0,0,28.634103586298174
1478,0.8850342184480637,26551.026553441912,17.803581622930913,15.0,3.157941678688686,0,0,28.634103586298174
1479,0.88629252587234,26588.775776170198,17.86932929857093,15.0,3.2234728889037223,0,0,28.634103586298174
1480,0.8875418121809796,26626.254365429388,17.93826680915525,15.0,3.2921834319583185,0,0,28.634103586298174
1481,0.8887816322446567,26663.4489673397,18.010373727011725,15.0,3.3640529474356846,0,0,28.634103586298174
1482,0.8900115437390977,26700.346312172933,18.085628685304346,15.0,3.439060138847268,0,0,28.634103586298174
1483,0.8912311072761524,26736.933218284572,18.16400938436489,15.0,3.5171827799435262,0,0,28.634103586298174
1484,0.8924398865339933,26773.1965960198,18.24549259830061,15.0,3.5983977212998504,0,0,28.634103586298174
1485,0.8936374483864077,26809.12345159223,18.330054181876626,15.0,3.6826808971763167,0,0,28.634103586298174
1486,0.8948233630311422,26844.700890934266,18.41766907767081,15.0,3.770007332649006,0,0,28.634103586298174
1487,0.8959972041172625,26879.916123517873,18.508311323498575,15.0,3.860351151010353,0,0,28.634103586298174
1488,0.8971585488714899,26914.7564661447,18.601954060106323,15.0,3.9536855814372567,0,0,28.634103586298174
1489,0.8983069782234794,26949.20934670438,18.698569539130215,15.0,4.049982966923658,0,0,28.634103586298174
1490,0.8994420769299976,26983.262307899928,18.798129131318635,15.0,4.1492147724759105,0,0,28.634103586298174
1491,0.9005634336979692,27016.903010939077,18.900603335015816,15.0,4.251351593568512,0,0,28.634103586298174
1492,0.9016706413063521,27050.119239190564,19.005961784903597,15.0,4.356363164857041,0,0,28.634103586298174
1493,0.9027632967268054,27082.898901804165,19.114173260999408,15.0,4.464218369146545,0,0,28.634103586298174
1494,0.9038410012431157,27115.230037293473,19.22520569790757,15.0,4.574885246612374,0,0,28.634103586298174
1495,0.904903360569345,27147.100817080347,19.339026194320684,15.0,4.68833100427028,0,0,28.634103586298174
1496,0.905949984966666,27178.499548999982,19.455601022769244,15.0,4.804522025693933,0,0,28.634103586298174
1497,0.9069804893588512,27209.414680765538,19.574895639615686,15.0,4.9234238809760775,0,0,28.634103586298174
1498,0.907994493446378,27239.83480339134,19.69687469529043,15.0,5.045001336930857,0,0,28.634103586298174
1499,0.9089916218191201,27269.748654573603,19.82150204476682,15.0,5.169218367534287,0,0,28.634103586298174
1500,0.90997150406759,27299.145122027698,19.948740758271484,15.0,5.296038164599333,0,0,28.634103586298174
1501,0.9109337748926988,27328.013246780964,20.078553132227523,15.0,5.425423148683071,0,0,28.634103586298174
1502,0.9118780742140026,27356.342226420078,20.21090070042706,15.0,5.557334980222469,0,0,28.634103586298174
1503,0.9128040472764017,27384.121418292052,20.345744245429255,15.0,5.691734570894871,0,0,28.634103586298174
1504,0.9137113447552628,27411.340342657884,20.483043810181602,15.0,5.828582095201005,0,0,28.634103586298174
1505,0.9145996228599307,27437.98868579792,20.62275870985988,15.0,5.967837002266009,0,0,28.634103586298174
1506,0.9154685434356014,27464.056303068042,20.76484754392407,15.0,6.109458027855584,0,0,28.634103586298174
1507,0.9163177740635243,27489.53322190573,20.909268208386003,15.0,6.253403206603324,0,0,28.634103586298174
1508,0.9171469881595058,27514.409644785173,21.055977908286078,15.0,6.399629884446293,0,0,28.634103586298174
1509,0.9179558650706819,27538.67595212046,21.20493317037389,15.0,6.54809473126396,0,0,28.634103586298174
1510,0.9187440901705363,27562.322705116087,21.356089855990515,15.0,6.698753753718017,0,0,28.634103586298174
1511,0.9195113549521292,27585.340648563877,21.509403174147856,15.0,6.851562308288713,0,0,28.634103586298174
1512,0.9202573571195163,27607.720713585488,21.664827694800948,15.0,7.006475114503419,0,0,28.634103586298174
1513,0.9209818006773239,27629.454020319718,21.82231736230998,15.0,7.163446268354362,0,0,28.634103586298174
1514,0.9216843960184604,27650.53188055381,21.981825509087606,15.0,7.322429255900975,0,0,28.634103586298174
1515,0.9223648600099319,27670.945800297955,22.143304869427354,15.0,7.483376967052813,0,0,28.634103586298174
1516,0.923022916076741,27690.68748230223,22.30670759350989,15.0,7.64624170952966,0,0,28.634103586298174
1517,0.923658294283842,27709.74882851526,22.471985261581484,15.0,7.810975222993347,0,0,28.634103586298174
1518,0.9242707314161288,27728.121942483864,22.639088898302024,15.0,7.97752869334852,0,0,28.634103586298174
1519,0.9248599710564305,27745.799131692915,22.8079689872577,15.0,8.145852767207536,0,0,28.634103586298174
1520,0.9254257636614938,27762.772909844814,22.978575485633318,15.0,8.315897566514474,0,0,28.634103586298174
1521,0.9259678666359282,27779.035999077845,23.15085783904142,15.0,8.487612703325434,0,0,28.634103586298174
1522,0.9264860444040915,27794.581332122747,23.324764996502648,15.0,8.660947294739566,0,0,28.634103586298174
1523,0.9269800684798972,27809.402054396916,23.500245425572864,15.0,8.835849977976427,0,0,28.634103586298174
1524,0.9274497175345184,27823.491526035552,23.677247127613917,15.0,9.012268925596404,0,0,28.634103586298174
1525,0.9278947774619735,27836.843323859204,23.855717653201395,15.0,9.190151860857819,0,0,28.634103586298174
1526,0.9283150414425697,27849.45124327709,24.035604117666793,15.0,9.369446073207849,0,0,28.634103586298174
1527,0.9287103100041886,27861.309300125657,24.216853216768566,15.0,9.550098433902033,0,0,28.634103586298174
1528,0.9290803910813937,27872.41173244181,24.399411242486863,15.0,9.732055411746996,0,0,28.634103586298174
1529,0.929425100072344,27882.75300217032,24.58322409893878,15.0,9.91526308896328,0,0,28.634103586298174
1530,0.929744259893495,27892.32779680485,24.76823731840794,15.0,10.099667177162186,0,0,28.634103586298174
1531,0.9300377010320725,27901.131030962177,24.954396077484546,15.0,10.285213033432647,0,0,28.634103586298174
1532,0.9303052615963034,27909.157847889102,25.14164521331052,15.0,10.471845676532931,0,0,28.634103586298174
1533,0.9305467873633868,27916.403620901605,25.32992923992592,15.0,10.659509803183177,0,0,28.634103586298174
1534,0.9307621318251946,27922.863954755838,25.51919236470999,15.0,10.848149804452381,0,0,28.634103586298174
1535,0.9309511562316841,27928.534686950523,25.709378504914387,15.0,11.03770978223714,0,0,28.634103586298174
1536,0.9311137296320133,27933.4118889604,25.900431304281096,15.0,11.228133565824878,0,0,28.634103586298174
1537,0.931249728913344,27937.49186740032,26.092294149742447,15.0,11.419364728538874,0,0,28.634103586298174
1538,0.9313590388373231,27940.77116511969,26.284910188196587,15.0,11.611346604458513,0,0,28.634103586298174
1539,0.9314415520742296,27943.24656222689,26.478222343354368,15.0,11.804022305210687,0,0,28.634103586298174
1540,0.9314971692347802,27944.915077043406,26.67217333265209,15.0,11.997334736826865,0,0,28.634103586298174
1541,0.9315257988995786,27945.77396698736,26.866705684225963,15.0,12.191226616661691,0,0,28.634103586298174
1542,0.9315273576462063,27945.82072938619,27.061761753941752,15.0,12.385640490366523,0,0,28.634103586298174
1543,0.9315017700739421,27945.053102218262,27.25728374247639,15.0,12.580518748914832,0,0,28.634103586298174
1544,0.9314489688261047,27943.46906478314,27.453213712444953,15.0,12.775803645672784,0,0,28.634103586298174
1545,0.9313688946100126,27941.06683830038,27.649493605568825,15.0,12.971437313510883,0,0,28.634103586298174
1546,0.931261496214553,27937.84488643659,27.846065259879616,15.0,13.167361781951222,0,0,28.634103586298174
1547,0.9311267305253573,27933.80191576072,28.042870426953826,15.0,13.363518994345453,0,0,28.634103586298174
1548,0.9309645625375768,27928.936876127304,28.239850789172927,15.0,13.559850825078001,0,0,28.634103586298174
1549,0.9307749653662551,27923.248960987654,28.436947977004564,15.0,13.75629909679039,0,0,28.634103586298174
1550,0.930557920254295,27916.73760762885,28.634103586298206,15.0,13.952805597619935,0,0,28.634103586298174
1551,0.9303134165780163,27909.40249734049,28.831259195591763,15.0,14.149312098449396,0,0,28.634103586298174
1552,0.9300414518503041,27901.24355550912,29.02835638342336,15.0,14.345760370161745,0,0,28.634103586298174
1553,0.9297420317213456,27892.260951640368,29.225336745642544,15.0,14.542092200894373,0,0,28.634103586298174
1554,0.9294151699769562,27882.455099308685,29.422141912716672,15.0,14.738249413288521,0,0,28.634103586298174
1555,0.9290608885344938,27871.826656034813,29.6187135670275,15.0,14.934173881728903,0,0,28.634103586298174
1556,0.928679217436365,27860.37652309095,29.81499346015134,15.0,15.129807549566959,0,0,28.634103586298174
1557,0.9282701948411222,27848.105845233666,30.010923430119938,15.0,15.325092446324955,0,0,28.634103586298174
1558,0.9278338670121569,27835.016010364707,30.206445418654617,15.0,15.519970704873302,0,0,28.634103586298174
1559,0.9273702883039906,27821.108649119717,30.401501488370364,15.0,15.714384578578095,0,0,28.634103586298174
1560,0.9268795211461681,27806.385634385042,30.59603383994424,15.0,15.90827645841292,0,0,28.634103586298174
1561,0.9263616360247591,27790.849080742773,30.789984829241995,15.0,16.10158889002914,0,0,28.634103586298174
1562,0.9258167114614709,27774.501343844127,30.983296984399697,15.0,16.294264590781236,0,0,28.634103586298174
1563,0.925244833990381,27757.345019711433,31.175913022853884,15.0,16.486246466700912,0,0,28.634103586298174
1564,0.9246460981322955,27739.382943968863,31.36777586831527,15.0,16.67747762941495,0,0,28.634103586298174
1565,0.9240206063667394,27720.618191002184,31.558828667681944,15.0,16.86790141300265,0,0,28.634103586298174
1566,0.9233684691015914,27701.054073047744,31.74901480788634,15.0,17.057461390787406,0,0,28.634103586298174
1567,0.9226898046403663,27680.69413921099,31.93827793267041,15.0,17.24610139205661,0,0,28.634103586298174
1568,0.92198473914716,27659.542174414797,32.12656195928581,15.0,17.433765518706856,0,0,28.634103586298174
1569,0.9212534066092631,27637.602198277895,32.313811095111824,15.0,17.62039816180718,0,0,28.634103586298174
1570,0.9204959487974597,27614.87846392379,32.499969854188386,15.0,17.805944018077604,0,0,28.634103586298174
1571,0.9197125152240153,27591.37545672046,32.68498307365755,15.0,17.990348106276503,0,0,28.634103586298174
1572,0.9189032630983749,27567.097892951246,32.868795930109506,15.0,18.17355578349283,0,0,28.634103586298174
1573,0.918068357280577,27542.05071841731,33.051353955827764,15.0,18.355512761337753,0,0,28.634103586298174
1574,0.9172079702324035,27516.239106972105,33.23260305492954,15.0,18.536165122031935,0,0,28.634103586298174
1575,0.9163222819662743,27489.668458988228,33.412489519394974,15.0,18.715459334382004,0,0,28.634103586298174
1576,0.9154114799919064,27462.344399757192,33.59096004498242,15.0,18.893342269643384,0,0,28.634103586298174
1577,0.9144757592607505,27434.272777822516,33.76796174702343,15.0,19.069761217263324,0,0,28.634103586298174
1578,0.9135153221082227,27405.459663246682,33.94344217609368,15.0,19.24466390050022,0,0,28.634103586298174
1579,0.9125303781937484,27375.911345812452,34.11734933355487,15.0,19.417998491914318,0,0,28.634103586298174
1580,0.9115211444386352,27345.634333159054,34.28963168696305,15.0,19.58971362872535,0,0,28.634103586298174
1581,0.9104878449617946,27314.635348853837,34.46023818533863,15.0,19.75975842803225,0,0,28.634103586298174
1582,0.9094307110133312,27282.921330399935,34.629118274294306,15.0,19.928082501891268,0,0,28.634103586298174
1583,0.9083499809060177,27250.49942718053,34.79622191101491,15.0,20.094635972246508,0,0,28.634103586298174
1584,0.9072458999446779,27217.376998340336,34.961499579086436,15.0,20.25936948571013,0,0,28.634103586298174
1585,0.9061187203534977,27183.56161060493,35.12490230316894,15.0,20.42223422818694,0,0,28.634103586298174
1586,0.9049687012012856,27149.06103603857,35.28638166350876,15.0,20.583181939338846,0,0,28.634103586298174
1587,0.9037961083247047,27113.883249741142,35.44588981028632,15.0,20.742164926885394,0,0,28.634103586298174
1588,0.9026012142495001,27078.036427485004,35.603379477795386,15.0,20.899136080736373,0,0,28.634103586298174
1589,0.9013842981097431,27041.52894329229,35.75880399844844,15.0,21.054048886951044,0,0,28.634103586298174
1590,0.9001456455651181,27004.369366953542,35.91211731660582,15.0,21.206857441521777,0,0,28.634103586298174
1591,0.8988855487162754,26966.56646148826,36.0632740022225,15.0,21.35751646397589,0,0,28.634103586298174
1592,0.8976043060182752,26928.129180548258,36.21222926431025,15.0,21.505981310793494,0,0,28.634103586298174
1593,0.8963022221921499,26889.066665764498,36.358938964210296,15.0,21.652207988636437,0,0,28.634103586298174
1594,0.8949796081346072,26849.388244038215,36.50335962867229,15.0,21.796153167384237,0,0,28.634103586298174
1595,0.8936367808259056,26809.103424777168,36.64544846273642,15.0,21.937774192973755,0,0,28.634103586298174
1596,0.8922740632359264,26768.22189707779,36.785163362414735,15.0,22.077029100038786,0,0,28.634103586298174
1597,0.8908917842284702,26726.753526854103,36.9224629271671,15.0,22.213876624344948,0,0,28.634103586298174
1598,0.8894902784638079,26684.708353914237,37.05730647216927,15.0,22.34827621501732,0,0,28.634103586298174
1599,0.8880698862995138,26642.096588985412,37.189654040368815,15.0,22.480188046556723,0,0,28.634103586298174
1600,0.8866309536896095,26598.928610688286,37.31946641432485,15.0,22.60957303064046,0,0,28.634103586298174
1601,0.8851738320820512,26555.214962461538,37.44670512782952,15.0,22.736392827705505,0,0,28.634103586298174
1602,0.8836988783145875,26510.966349437625,37.57133247730589,15.0,22.860609858308912,0,0,28.634103586298174
1603,0.8822064545090206,26466.193635270618,37.69331153298062,15.0,22.98218731426369,0,0,28.634103586298174
1604,0.8806969279639023,26420.907838917068,37.81260614982709,15.0,23.10108916954586,0,0,28.634103586298174
1605,0.8791706710456951,26375.120131370855,37.929180978275674,15.0,23.21728019096954,0,0,28.634103586298174
1606,0.8776280610784324,26328.841832352973,38.043001474688765,15.0,23.330725948627425,0,0,28.634103586298174
1607,0.8760694802319087,26282.08440695726,38.154033911596926,15.0,23.44139282609325,0,0,28.634103586298174
1608,0.8744953154084345,26234.859462253036,38.26224538769276,15.0,23.549248030382778,0,0,28.634103586298174
1609,0.8729059581281896,26187.17874384569,38.36760383758052,15.0,23.654259601671285,0,0,28.634103586298174
1610,0.871301804413206,26139.05413239618,38.47007804127768,15.0,23.756396422763864,0,0,28.634103586298174
1611,0.8696832546700191,26090.497640100573,38.56963763346612,15.0,23.855628228316142,0,0,28.634103586298174
1612,0.8680507135710178,26041.521407130534,38.66625311249,15.0,23.951925613802523,0,0,28.634103586298174
1613,0.866404589934532,25992.13769803596,38.75989584909777,15.0,24.045260044229444,0,0,28.634103586298174
1614,0.8647452966036904,25942.35889811071,38.85053809492553,15.0,24.13560386259079,0,0,28.634103586298174
1615,0.8630732503240862,25892.197509722588,38.938152990719715,15.0,24.22293029806348,0,0,28.634103586298174
1616,0.8613888716202872,25841.666148608616,39.02271457429575,15.0,24.307213473939964,0,0,28.634103586298174
1617,0.8596925846712239,25790.777540136718,39.104197788231446,15.0,24.38842841529627,0,0,28.634103586298174
1618,0.8579848171844972,25739.544515534915,39.18257848729198,15.0,24.466551056392518,0,0,28.634103586298174
1619,0.8562660002696391,25687.980008089173,39.25783344558463,15.0,24.541558247804133,0,0,28.634103586298174
1620,0.8545365683103656,25636.097049310967,39.32994036344107,15.0,24.613427763281464,0,0,32.634103586298174
1621,0.8526134998461025,25578.404995383073,44.90264756673245,15.0,24.68213830633608,0,0,32.634103586298174
1622,0.8506803882607008,25520.411647821024,44.97757976954884,15.0,24.747669516551102,0,0,32.634103586298174
1623,0.8487376919284682,25462.130757854044,45.04885433397814,15.0,24.810001975614732,0,0,32.634103586298174
1624,0.8467858720638795,25403.576161916382,45.11645013982863,15.0,24.86911721307407,0,0,32.634103586298174
1625,0.844825392584909,25344.761777547268,45.180347157004185,15.0,24.924997711808427,0,0,32.634103586298174
1626,0.8428567199755617,25285.70159926685,45.240526451439635,15.0,24.977626913220064,0,0,32.634103586298174
1627,0.8408803231476437,25226.409694429312,45.29697019071127,15.0,25.02698922214076,0,0,32.634103586298174
1628,0.8388966733018144,25166.90019905443,45.34966164932095,15.0,25.07307001145304,0,0,32.634103586298174
1629,0.8369062437879584,25107.18731363875,45.39858521365236,15.0,25.115855626424555,0,0,32.634103586298174
1630,0.8349095099649225,25047.285298947674,45.44372638659752,15.0,25.155333388754187,0,0,32.634103586298174
1631,0.8329069490596561,24987.208471789683,45.485071791852604,15.0,25.191491600328938,0,0,32.634103586298174
1632,0.8308990400257991,24926.971200773973,45.52260917788181,15.0,25.224319546690392,0,0,32.634103586298174
1633,0.8288862634017571,24866.587902052714,45.556327421547486,15.0,25.253807500209533,0,0,32.634103586298174
1634,0.826869101168308,24806.07303504924,45.58621653140635,15.0,25.27994672296934,0,0,32.634103586298174
1635,0.8248480366057802,24745.441098173407,45.612267650670084,15.0,25.302729469353984,0,0,32.634103586298174
1636,0.8228235541508465,24684.706624525395,45.63447305982982,15.0,25.32214898834401,0,0,32.634103586298174
1637,0.820796139252975,24623.88417758925,45.65282617894361,15.0,25.338199525516842,0,0,32.634103586298174
1638,0.8187662782305799,24562.9883469174,45.66732156958615,15.0,25.350876324751916,0,0,32.634103586298174
1639,0.8167344581269148,24502.033743807446,45.67795493646035,15.0,25.36017562964002,0,0,32.634103586298174
1640,0.8147011665657515,24441.034996972547,45.684723128670136,15.0,25.366094684596426,0,0,32.634103586298174
1641,0.8126668916068863,24380.00674820659,45.68762414065408,15.0,25.36863173567742,0,0,32.634103586298174
1642,0.8106321216015175,24318.963648045526,45.68665711277973,15.0,25.36778603109999,0,0,32.634103586298174
1643,0.8085973450475366,24257.920351426095,45.68182233159829,15.0,25.363557821464667,0,0,32.634103586298174
1644,0.8065630504447749,24196.89151334325,45.67312122975979,15.0,25.355948359681225,0,0,32.634103586298174
1645,0.8045297261502522,24135.891784507567,45.66055638558849,15.0,25.344959900597402,0,0,32.634103586298174
1646,0.8024978602334643,24074.935807003927,45.64413152231888,15.0,25.33059570033078,0,0,32.634103586298174
1647,0.800467940331758,24014.03820995274,45.62385150699244,15.0,25.312860015303905,0,0,32.634103586298174
1648,0.7984404535058346,23953.21360517504,45.59972234901535,15.0,25.29175810098301,0,0,32.634103586298174
1649,0.7964158860954219,23892.47658286266,45.57175119837792,15.0,25.267296210320737,0,0,32.634103586298174
1650,0.7943947235751624,23831.841707254873,45.53994634353572,15.0,25.239481591903218,0,0,32.634103586298174
1651,0.7923774504107557,23771.32351232267,45.50431720895365,15.0,25.20832248780217,0,0,32.634103586298174
1652,0.7903645499154012,23710.936497462037,45.46487435231323,15.0,25.173828131132606,0,0,32.634103586298174
1653,0.7883565041065829,23650.695123197485,45.421629461384136,15.0,25.136008743316875,0,0,32.634103586298174
1654,0.7863537935632355,23590.613806897065,45.374595350560824,15.0,25.09487553105577,0,0,32.634103586298174
1655,0.78435689728334,23530.7069185002,45.32378595706545,15.0,25.05044068300784,0,0,32.634103586298174
1656,0.7823662925419855,23470.988776259564,45.26921633681782,15.0,25.002717366177514,0,0,32.634103586298174
1657,0.7803824547499422,23411.473642498266,45.21090265997417,15.0,24.951719722013543,0,0,32.634103586298174
1658,0.7784058573127874,23352.175719383624,45.14886220613541,15.0,24.897462862218507,0,0,32.634103586298174
1659,0.7764369714906251,23293.109144718754,45.083113359227006,15.0,24.839962864270923,0,0,32.634103586298174
1660,0.7744762662584411,23234.287987753232,45.013675602051215,15.0,24.77923676666112,0,0,32.634103586298174
1661,0.7725242081671359,23175.726245014077,44.94056951051415,15.0,24.715302563842428,0,0,32.634103586298174
1662,0.7705812612052756,23117.437836158268,44.86381674752842,15.0,24.648179200898916,0,0,32.634103586298174
1663,0.768647886661602,23059.43659984806,44.78344005659419,15.0,24.57788656793168,0,0,32.634103586298174
1664,0.7667245429883429,23001.73628965029,44.69946325505968,15.0,24.50444549416495,0,0,32.634103586298174
1665,0.7648116856653626,22944.35056996088,44.61191122706351,15.0,24.4278777417738,0,0,32.634103586298174
1666,0.7629097670651934,22887.293011955804,44.52080991616114,15.0,24.348205999435798,0,0,32.634103586298174
1667,0.7610192363189882,22830.577089569644,44.42618631763709,15.0,24.265453875607598,0,0,32.634103586298174
1668,0.7591405391834325,22774.216175502974,44.328068470505734,15.0,24.179645891529447,0,0,32.634103586298174
1669,0.7572741179086582,22718.223537259746,44.2264854492028,15.0,24.090807473958947,0,0,32.634103586298174
1670,0.7554204111071945,22662.612333215835,44.12146735496975,15.0,23.998964947636455,0,0,32.634103586298174
1671,0.7535798536239976,22607.39560871993,44.01304530693443,15.0,23.904145527484676,0,0,32.634103586298174
1672,0.7517528764075969,22552.58629222791,43.90125143288965,15.0,23.80637731054421,0,0,32.634103586298174
1673,0.749939906382396,22498.19719147188,43.78611885977291,15.0,23.705689267647674,0,0,32.634103586298174
1674,0.7481413663221652,22444.240989664955,43.66768170385047,15.0,23.602111234835256,0,0,32.634103586298174
1675,0.7463576747247646,22390.73024174294,43.54597506060768,15.0,23.495673904513467,0,0,32.634103586298174
1676,0.7445892456881347,22337.67737064404,43.42103499434958,15.0,23.386408816360372,0,0,32.634103586298174
1677,0.7428364887875896,22285.094663627686,43.292898527514254,15.0,23.274348347979757,0,0,32.634103586298174
1678,0.741099808954451,22232.99426863353,43.16160362970215,15.0,23.159525705306798,0,0,32.634103586298174
1679,0.7393796063560593,22181.388190681777,43.027189206425135,15.0,23.041974912768634,0,0,32.634103586298174
1680,0.7376762762771938,22130.288288315813,42.88969508757776,15.0,22.92173080320211,0,0,32.634103586298174
1681,0.7359902090029427,22079.706270088278,42.749162015634724,15.0,22.79882900753185,0,0,32.634103586298174
1682,0.7343217897030523,22029.653691091567,42.605631633578255,15.0,22.673305944212444,0,0,32.634103586298174
1683,0.7326713983177934,21980.1419495338,42.459146472558174,15.0,22.545198808436528,0,0,32.634103586298174
1684,0.7310394094453767,21931.1822833613,42.309749939289105,15.0,22.41454556111322,0,0,32.634103586298174
1685,0.7294261922309508,21882.785766928526,42.15748630318807,15.0,22.28138491761939,0,0,32.634103586298174
1686,0.7278321102572177,21834.96330771653,42.00240068325665,15.0,22.145756336327636,0,0,32.634103586298174
1687,0.7262575214366935,21787.725643100806,41.84453903471092,15.0,22.007700006913595,0,0,32.634103586298174
1688,0.7247027779056533,21741.0833371696,41.68394813536442,15.0,21.867256838447275,0,0,32.634103586298174
1689,0.7231682259197839,21695.046777593518,41.52067557176631,15.0,21.72446844727039,0,0,32.634103586298174
1690,0.7216542057515819,21649.626172547458,41.35476972510102,15.0,21.579377144664964,0,0,32.634103586298174
1691,0.7201610515895233,21604.8315476857,41.18627975685142,15.0,21.432025924315255,0,0,32.634103586298174
1692,0.7186890914390359,21560.67274317108,41.01525559423139,15.0,21.282458449567955,0,0,32.634103586298174
1693,0.7172386470253046,21517.159410759137,40.84174791539131,15.0,21.13071904049372,0,0,32.634103586298174
1694,0.7158100336979369,21474.301010938107,40.66580813440112,15.0,20.976852660754368,0,0,32.634103586298174
1695,0.7144035603375186,21432.10681012556,40.487488386014874,15.0,20.820904904278795,0,0,32.634103586298174
1696,0.7130195292640853,21390.58587792256,40.30684151022253,15.0,20.66292198175294,0,0,32.634103586298174
1697,0.7116582361475388,21349.747084426162,40.12392103659218,15.0,20.502950706926352,0,0,32.634103586298174
1698,0.7103199699200332,21309.599097600996,39.938781168407715,15.0,20.341038482740103,0,0,32.634103586298174
1699,0.7090050126903588,21270.150380710762,39.75147676660791,15.0,20.177233287280703,0,0,32.634103586298174
1700,0.7077136396603464,21231.40918981039,39.562063333529224,15.0,20.011583659562678,0,0,32.634103586298174
1701,0.7064461190433198,21193.383571299593,39.370596996459795,15.0,19.844138685145715,0,0,32.634103586298174
1702,0.705202711984618,21156.08135953854,39.17713449100758,15.0,19.67494798158961,0,0,32.634103586298174
1703,0.703983672484212,21119.51017452636,38.98173314428804,15.0,19.504061683751118,0,0,32.634103586298174
1704,0.7027892473214398,21083.677419643194,38.7844508579374,15.0,19.33153042892839,0,0,32.634103586298174
1705,0.7016196759818795,21048.590279456384,38.5853460909549,15.0,19.15740534185582,0,0,32.634103586298174
1706,0.7004751905863852,21014.255717591557,38.384477842379845,15.0,18.981738019554506,0,0,32.634103586298174
1707,0.6993560158223044,20980.680474669134,38.18190563380952,15.0,18.80458051604336,0,0,32.634103586298174
1708,0.6982623688768983,20947.87106630695,37.97768949176114,15.0,18.625985326913998,0,0,32.634103586298174
1709,0.6971944593729843,20915.83378118953,37.77188992988494,15.0,18.44600537377537,0,0,32.634103586298174
1710,0.6961524893068205,20884.574679204616,37.56456793103267,15.0,18.264693988571914,0,0,32.634103586298174
1711,0.69513665298825,20854.0995896475,37.35578492918683,15.0,18.08210489777997,0,0,32.634103586298174
1712,0.6941471369831222,20824.414109493668,37.14560279125688,15.0,17.89829220648781,0,0,32.634103586298174
1713,0.6931841200580098,20795.523601740293,36.93408379874644,15.0,17.713310382362945,0,0,32.634103586298174
1714,0.6922477731272357,20767.433193817073,36.7212906292978,15.0,17.527214239511945,0,0,32.634103586298174
1715,0.6913382592022288,20740.147776066864,36.50728633811964,15.0,17.340058922238335,0,0,32.634103586298174
1716,0.6904557333432184,20713.672000296552,36.29213433930199,15.0,17.151899888701724,0,0,32.634103586298174
1717,0.6896003426132878,20688.010278398637,36.075898387025454,15.0,16.96279289448455,0,0,32.634103586298174
1718,0.688772226034796,20663.16678104388,35.858642556669395,15.0,16.77279397607044,0,0,32.634103586298174
1719,0.6879715145481821,20639.145436445462,35.64043122582526,15.0,16.581959434239533,0,0,32.634103586298174
1720,0.6871983309731651,20615.94992919495,35.42132905521958,15.0,16.390345817384976,0,0,32.634103586298174
1721,0.6864527899723497,20593.583699170493,35.20140096955429,15.0,16.19800990475695,0,0,32.634103586298174
1722,0.6857349980172494,20572.04994051748,34.98071213826745,15.0,16.00500868963716,0,0,32.634103586298174
1723,0.6850450533567364,20551.35160070209,34.75932795622273,15.0,15.811399362451084,0,0,32.634103586298174
1724,0.6843830459879285,20531.491379637857,34.53731402433111,15.0,15.617239293820745,0,0,32.634103586298174
1725,0.6837490576295213,20512.47172888564,34.31473613011206,15.0,15.4225860175648,0,0,32.634103586298174
1726,0.6831431616975728,20494.294850927185,34.0916602281992,15.0,15.227497213649924,0,0,32.634103586298174
1727,0.6825654232837487,20476.96269851246,33.8681524207968,15.0,15.032030691099205,0,0,32.634103586298174
1728,0.6820158991360341,20460.476974081022,33.644278938091674,15.0,14.836244370861621,0,0,32.634103586298174
1729,0.6814946376419186,20444.839129257558,33.42010611862845,15.0,14.640196268649357,0,0,32.634103586298174
1730,0.6810016788140575,20430.050364421724,33.19570038965168,15.0,14.443944477746237,0,0,32.634103586298174
1731,0.6805370542784152,20416.111628352453,32.97112824742176,15.0,14.247547151793253,0,0,32.634103586298174
1732,0.6801007872648935,20403.023617946805,32.74645623751117,15.0,14.051062487556724,0,0,32.634103586298174
1733,0.679692892600449,20390.78677801347,32.52175093508525,15.0,13.854548707683149,0,0,32.634103586298174
1734,0.6793133767046984,20379.40130114095,32.29707892517462,15.0,13.65806404344658,0,0,32.634103586298174
1735,0.6789622375880172,20368.867127640515,32.07250678294475,15.0,13.461666717493635,0,0,32.634103586298174
1736,0.6786394648521283,20359.18394556385,31.848101053967873,15.0,13.265414926590438,0,0,32.634103586298174
1737,0.6783450396931845,20350.351190795536,31.62392823450465,15.0,13.069366824378172,0,0,32.634103586298174
1738,0.6780789349073393,20342.368047220178,31.40005475179963,15.0,12.873580504140667,0,0,32.634103586298174
1739,0.6778411148988083,20335.23344696425,31.17654694439713,15.0,12.678113981589863,0,0,32.634103586298174
1740,0.6776315356904176,20328.946070712525,30.953471042484324,15.0,12.483025177675032,0,0,32.634103586298174
1741,0.6774501449366342,20323.504348099028,30.730893148265316,15.0,12.288371901419127,0,0,32.634103586298174
1742,0.6772968819390783,20318.90645817235,30.50887921637365,15.0,12.094211832788748,0,0,32.634103586298174
1743,0.6771716776645083,20315.150329935248,30.287495034328977,15.0,11.900602505602706,0,0,32.634103586298174
1744,0.6770744547652777,20312.23364295833,30.06680620304213,15.0,11.707601290482922,0,0,32.634103586298174
1745,0.6770051276022545,20310.153828067636,29.846878117376754,15.0,11.515265377854819,0,0,32.634103586298174
1746,0.6769636022701983,20308.908068105946,29.62777594677116,15.0,11.323651761000336,0,0,32.634103586298174
1747,0.6769497766255854,20308.493298767564,29.409564615926936,15.0,11.132817219169354,0,0,32.634103586298174
1748,0.6769635403168781,20308.906209506342,29.192308785570923,15.0,10.942818300755278,0,0,32.634103586298174
1749,0.6770047748172219,20310.143244516657,28.97607283329439,15.0,10.753711306538111,0,0,32.634103586298174
1750,0.6770733534595695,20312.200603787085,28.76092083447673,15.0,10.565552273001499,0,0,32.634103586298174
1751,0.6771691414742138,20315.074244226413,28.546916543298533,15.0,10.378396955727847,0,0,32.634103586298174
1752,0.6772919960287234,20318.7598808617,28.334123373849977,15.0,10.192300812876924,0,0,32.634103586298174
1753,0.6774417662702672,20323.252988108015,28.122604381339457,15.0,10.007318988751981,0,0,32.634103586298174
1754,0.6776182933703151,20328.548801109453,27.912422243409537,15.0,9.823506297459858,0,0,32.634103586298174
1755,0.6778214105717024,20334.642317151072,27.703639241563746,15.0,9.640917206667954,0,0,32.634103586298174
1756,0.6780509432380436,20341.528297141307,27.496317242711434,15.0,9.45960582146446,0,0,32.634103586298174
1757,0.6783067089054804,20349.20126716441,27.290517680835237,15.0,9.279625868325832,0,0,32.634103586298174
1758,0.6785885173367506,20357.65552010252,27.086301538786856,15.0,9.101030679196475,0,0,32.634103586298174
1759,0.6788961705775588,20366.885117326765,26.88372933021649,15.0,8.923873175685287,0,0,32.634103586298174
1760,0.6792294630152349,20376.883890457048,26.68286108164152,15.0,8.748205853384043,0,0,32.634103586298174
1761,0.6795881814396613,20387.64544318984,26.483756314658933,15.0,8.574080766311406,0,0,32.634103586298174
1762,0.6799721051064517,20399.16315319355,26.28647402830829,15.0,8.401549511488673,0,0,32.634103586298174
1763,0.6803810058023626,20411.43017407088,26.091072681588834,15.0,8.230663213650253,0,0,32.634103586298174
1764,0.6808146479129181,20424.439437387544,25.897610176136578,15.0,8.061472510094113,0,0,32.634103586298174
1765,0.6812727884922266,20438.1836547668,25.706143839067142,15.0,7.894027535677154,0,0,32.634103586298174
1766,0.6817551773349717,20452.65532004915,25.516730405988508,15.0,7.728377907959157,0,0,32.634103586298174
1767,0.6822615570505534,20467.846711516602,25.329426004188615,15.0,7.564572712499691,0,0,32.634103586298174
1768,0.682791663139358,20483.74989418074,25.144286136004233,15.0,7.40266048831351,0,0,32.634103586298174
1769,0.6833452240711357,20500.35672213407,24.961365662373794,15.0,7.242689213486859,0,0,32.634103586298174
1770,0.6839219613654602,20517.658840963806,24.780718786581467,15.0,7.084706290960998,0,0,32.634103586298174
1771,0.684521589674249,20535.64769022747,24.602399038195287,15.0,6.928758534485489,0,0,32.634103586298174
1772,0.685143816866318,20554.31450598954,24.42645925720502,15.0,6.774892154746073,0,0,32.634103586298174
1773,0.685788344113946,20573.65032341838,24.252951578364975,15.0,6.623152745671874,0,0,32.634103586298174
1774,0.6864548659814244,20593.645979442732,24.08192741574499,15.0,6.4735852709246,0,0,32.634103586298174
1775,0.6871430705155639,20614.292115466917,23.913437447495347,15.0,6.326234050574859,0,0,32.634103586298174
1776,0.687852639338133,20635.579180143992,23.74753160083002,15.0,6.181142747969404,0,0,32.634103586298174
1777,0.6885832477402007,20657.497432206022,23.584259037231988,15.0,6.038354356792581,0,0,32.634103586298174
1778,0.6893345647783544,20680.03694335063,23.423668137885414,15.0,5.897911188326202,0,0,32.634103586298174
1779,0.6901062533727657,20703.18760118297,23.265806489339756,15.0,5.759854858912214,0,0,32.634103586298174
1780,0.6908979704070745,20726.939112212232,23.110720869408265,15.0,5.624226277620407,0,0,32.634103586298174
1781,0.6917093668300613,20751.28100490184,22.958457233307254,15.0,5.491065634126606,0,0,32.634103586298174
1782,0.6925400877590799,20776.202632772398,22.80906070003822,15.0,5.360412386803321,0,0,32.634103586298174
1783,0.6933897725852151,20801.69317755645,22.662575539018114,15.0,5.232305251027381,0,0,32.634103586298174
1784,0.6942580550801398,20827.741652404195,22.519045156961617,15.0,5.106782187707948,0,0,32.634103586298174
1785,0.6951445635046367,20854.336905139102,22.37851208501863,15.0,4.983880392037744,0,0,32.634103586298174
1786,0.6960489207187518,20881.467621562555,22.241017966171206,15.0,4.863636282471162,0,0,32.634103586298174
1787,0.6969707442935499,20909.122328806498,22.106603542894216,15.0,4.746085489933025,0,0,32.634103586298174
1788,0.6979096466244359,20937.289398733075,21.97530864508214,15.0,4.631262847260087,0,0,32.634103586298174
1789,0.6988652350460106,20965.95705138032,21.847172178246783,15.0,4.519202378879449,0,0,32.634103586298174
1790,0.6998371119484263,20995.11335845279,21.72223211198868,15.0,4.409937290726357,0,0,32.634103586298174
1791,0.7008248748952066,21024.746246856197,21.60052546874589,15.0,4.303499960404563,0,0,32.634103586298174
1792,0.7018281167424976,21054.843502274925,21.48208831282342,15.0,4.199921927592126,0,0,32.634103586298174
1793,0.7028464257597128,21085.392772791383,21.366955739706736,15.0,4.09923388469563,0,0,32.634103586298174
1794,0.7038793857515384,21116.381572546154,21.255161865661915,15.0,4.001465667755124,0,0,32.634103586298174
1795,0.7049265761812606,21147.79728543782,21.14673981762661,15.0,3.9066462476033648,0,0,32.634103586298174
1796,0.7059875722953797,21179.62716886139,21.041721723393582,15.0,3.8148037212808896,0,0,32.634103586298174
1797,0.707061945249473,21211.85835748419,20.940138702090625,15.0,3.725965303710375,0,0,32.634103586298174
1798,0.7081492622352727,21244.477867058184,20.842020854959266,15.0,3.6401573196322183,0,0,32.634103586298174
1799,0.7092490866089144,21277.47259826743,20.747397256435235,15.0,3.5574051958040407,0,0,32.634103586298174
1800,0.7103609780203245,21310.829340609736,20.656295945532833,15.0,3.477733453466004,0,0,32.634103586298174
1801,0.7114844925437063,21344.53477631119,20.56874391753669,15.0,3.4011657010748837,0,0,32.634103586298174
1802,0.7126191828090839,21378.575484272515,20.484767116002157,15.0,3.3277246273081182,0,0,32.634103586298174
1803,0.7137645981348674,21412.93794404602,20.404390425067923,15.0,3.2574319943408847,0,0,32.634103586298174
1804,0.7149202846614007,21447.608539842022,20.327637662082225,15.0,3.1903086313974,0,0,32.634103586298174
1805,0.716085785485449,21482.57356456347,20.25453157054514,15.0,3.1263744285786985,0,0,32.634103586298174
1806,0.7172606407955894,21517.819223867682,20.185093813369356,15.0,3.0656483309688953,0,0,32.634103586298174
1807,0.7184443880084627,21553.33164025388,20.119344966460954,15.0,3.00814833302132,0,0,32.634103586298174
1808,0.7196365619058471,21589.096857175413,20.057304512622192,15.0,2.9538914732262724,0,0,32.634103586298174
1809,0.7208366947725124,21625.100843175373,19.998990835778518,15.0,2.9028938290622923,0,0,32.634103586298174
1810,0.7220443165348139,21661.32949604442,19.944421215530912,15.0,2.8551705122319824,0,0,32.634103586298174
1811,0.7232589548999857,21697.76864699957,19.89361182203552,15.0,2.8107356641840338,0,0,32.634103586298174
1812,0.7244801354960908,21734.404064882725,19.84657771121223,15.0,2.7696024519229434,0,0,32.634103586298174
1813,0.7257073820125881,21771.221460377645,19.803332820283117,15.0,2.7317830641071996,0,0,32.634103586298174
1814,0.7269402163414734,21808.206490244203,19.7638899636427,15.0,2.697288707437642,0,0,32.634103586298174
1815,0.7281781587189533,21845.3447615686,19.72826082906064,15.0,2.6661296033366026,0,0,32.634103586298174
1816,0.7294207278676088,21882.621836028266,19.69645597421843,15.0,2.638314984919072,0,0,32.634103586298174
1817,0.7306674411390093,21920.02323417028,19.66848482358099,15.0,2.6138530942567937,0,0,32.634103586298174
1818,0.7319178146567309,21957.534439701925,19.64435566560392,15.0,2.5927511799359078,0,0,32.634103586298174
1819,0.7331713634597395,21995.140903792188,19.62407565027747,15.0,2.5750154949090285,0,0,32.634103586298174
1820,0.7344276016460962,22032.828049382886,19.60765078700786,15.0,2.5606512946424074,0,0,32.634103586298174
1821,0.735686042516939,22070.58127550817,19.595085942836555,15.0,2.5496628355585855,0,0,32.634103586298174
1822,0.7369461987207034,22108.385961621105,19.586384840998058,15.0,2.5420533737751376,0,0,32.634103586298174
1823,0.7382075823975346,22146.22747192604,19.581550059816625,15.0,2.537825164139817,0,0,32.634103586298174
1824,0.7394697053238508,22184.091159715525,19.58058303194227,15.0,2.536979459562392,0,0,32.634103586298174
1825,0.740732079057015,22221.96237171045,19.583484043926212,15.0,2.539516510643379,0,0,32.634103586298174
1826,0.7419942150800707,22259.82645240212,19.590252236135996,15.0,2.545435565599787,0,0,32.634103586298174
1827,0.7432556249464997,22297.66874839499,19.6008856030102,15.0,2.5547348704878963,0,0,32.634103586298174
1828,0.74451582042496,22335.4746127488,19.615380993652735,15.0,2.567411669722964,0,0,32.634103586298174
1829,0.7457743136439587,22373.229409318763,19.63373411276652,15.0,2.583462206895793,0,0,32.634103586298174
1830,0.7470306172364195,22410.918517092585,19.655939521926257,15.0,2.602881725885821,0,0,32.634103586298174
1831,0.7482842444840992,22448.527334522976,19.681990641189998,15.0,2.6256644722704663,0,0,32.634103586298174
1832,0.7495347094618138,22486.041283854414,19.711879751048855,15.0,2.65180369503027,0,0,32.634103586298174
1833,0.7507815271814279,22523.445815442836,19.745597994714533,15.0,2.6812916485494185,0,0,32.634103586298174
1834,0.7520242137355673,22560.72641206702,19.783135380743726,15.0,2.7141195949108585,0,0,32.634103586298174
1835,0.7532622864410115,22597.868593230345,19.82448078599884,15.0,2.750277806485623,0,0,32.634103586298174
1836,0.7544952639817227,22634.857919451682,19.869621958943988,15.0,2.789755568815253,0,0,32.634103586298174
1837,0.7557226665514707,22671.67999654412,19.918545523275377,15.0,2.8325411837867507,0,0,32.634103586298174
1838,0.7569440159960091,22708.320479880273,19.97123698188507,15.0,2.8786219730990403,0,0,32.634103586298174
1839,0.7581588359547634,22744.765078642904,20.027680721156706,15.0,2.9279842820197417,0,0,32.634103586298174
1840,0.7593666520019868,22780.999560059605,20.087860015592145,15.0,2.980613483431363,0,0,32.634103586298174
1841,0.7605669917873424,22817.009753620274,20.151757032767726,15.0,3.0364939821657435,0,0,32.634103586298174
1842,0.7617593851758712,22852.781555276135,20.219352838618214,15.0,3.0956092196250813,0,0,32.634103586298174
1843,0.7629433643873028,22888.300931619084,20.29062740304748,15.0,3.1579416786886845,0,0,32.634103586298174
1844,0.7641184641346692,22923.553924040076,20.365559605863908,15.0,3.2234728889037356,0,0,32.634103586298174
1845,0.7652842217621794,22958.52665286538,20.444127243038572,15.0,3.2921834319583168,0,0,32.634103586298174
1846,0.7664401773823141,22993.20532146942,20.526307033284997,15.0,3.3640529474356677,0,0,32.634103586298174
1847,0.7675858740121,23027.576220363,20.612074624957742,15.0,3.4390601388472817,0,0,32.634103586298174
1848,0.7687208577085245,23061.625731255735,20.701404603268337,15.0,3.5171827799435094,0,0,32.634103586298174
1849,0.7698446777030482,23095.340331091447,20.79427049781637,15.0,3.5983977212998335,0,0,32.634103586298174
1850,0.7709568865351775,23128.706596055323,20.890644790433058,15.0,3.6826808971763345,0,0,32.634103586298174
1851,0.7720570401850564,23161.71120555169,20.990498923335508,15.0,3.770007332648988,0,0,32.634103586298174
1852,0.7731446982050403,23194.34094615121,21.09380330758921,15.0,3.860351151010372,0,0,32.634103586298174
1853,0.7742194238502089,23226.58271550627,21.20052733187555,15.0,3.9536855814372744,0,0,32.634103586298174
1854,0.775280784207784,23258.42352623352,21.310639371562857,15.0,4.049982966923657,0,0,32.634103586298174
1855,0.7763283503254101,23289.850509762306,21.424106798077368,15.0,4.14921477247593,0,0,32.634103586298174
1856,0.7773616973382633,23320.8509201479,21.540895988571748,15.0,4.251351593568489,0,0,32.634103586298174
1857,0.7783804045949467,23351.4121378484,21.660972335888406,15.0,4.356363164857019,0,0,32.634103586298174
1858,0.7793840557821395,23381.521673464187,21.784300258814135,15.0,4.4642183691465664,0,0,32.634103586298174
1859,0.7803722390479593,23411.167171438778,21.91084321262368,15.0,4.574885246612349,0,0,32.634103586298174
1860,0.7813445471240023,23440.336413720066,22.040563699908905,15.0,4.688331004270278,0,0,32.634103586298174
1861,0.782300577446026,23469.01732338078,22.17342328168976,15.0,4.804522025693931,0,0,32.634103586298174
1862,0.7832399322732383,23497.19796819715,22.30938258880484,15.0,4.923423880976076,0,0,32.634103586298174
1863,0.7841622188061554,23524.866564184664,22.448401333577205,15.0,5.04500133693088,0,0,32.634103586298174
1864,0.7850670493029981,23552.011479089942,22.590438321752544,15.0,5.169218367534311,0,0,32.634103586298174
1865,0.7859540411945868,23578.621235837603,22.735451464705754,15.0,5.296038164599303,0,0,32.634103586298174
1866,0.7868228171977061,23604.68451593118,22.88339779191306,15.0,5.4254231486830955,0,0,32.634103586298174
1867,0.7876730054269013,23630.19016280704,23.034233463684647,15.0,5.55733498022244,0,0,32.634103586298174
1868,0.7885042395046763,23655.12718514029,23.187913784155793,15.0,5.691734570894869,0,0,32.634103586298174
1869,0.7893161586700591,23679.484760101772,23.344393214530758,15.0,5.8285820952010035,0,0,32.634103586298174
1870,0.7901084078855031,23703.25223656509,23.503625386577244,15.0,5.967837002266009,0,0,32.634103586298174
1871,0.7908806379420923,23726.41913826277,23.66556311636617,15.0,6.109458027855553,0,0,32.634103586298174
1872,0.7916325055630198,23748.975166890592,23.830158418253323,15.0,6.253403206603352,0,0,32.634103586298174
1873,0.7923636735053075,23770.910205159224,23.997362519098395,15.0,6.399629884446261,0,0,32.634103586298174
1874,0.7930738106597388,23792.214319792165,24.16712587271789,15.0,6.548094731263928,0,0,32.634103586298174
1875,0.7937625921489739,23812.877764469216,24.33939817456626,15.0,6.698753753718046,0,0,32.634103586298174
1876,0.794429699423817,23832.89098271451,24.514128376642464,15.0,6.85156230828871,0,0,32.634103586298174
1877,0.7950748203576102,23852.244610728307,24.691264702616778,15.0,7.0064751145034485,0,0,32.634103586298174
1878,0.7956976493387224,23870.929480161674,24.870754663172754,15.0,7.163446268354361,0,0,32.634103586298174
1879,0.7962978873611098,23888.936620833294,25.05254507156148,15.0,7.322429255900939,0,0,32.634103586298174
1880,0.7968752421129167,23906.257263387502,25.236582059361595,15.0,7.483376967052844,0,0,32.634103586298174
1881,0.7974294280630949,23922.882841892846,25.42281109244166,15.0,7.646241709529626,0,0,32.634103586298174
1882,0.7979601665460113,23938.80499638034,25.611176987120164,15.0,7.81097522299331,0,0,32.634103586298174
1883,0.7984671858440242,23954.015575320725,25.801623926517177,15.0,7.977528693348551,0,0,32.634103586298174
1884,0.798950221267998,23968.50663803994,25.99409547709429,15.0,8.145852767207499,0,0,32.634103586298174
1885,0.7994090152357365,23982.270457072096,26.188534605377356,15.0,8.315897566514472,0,0,32.634103586298174
1886,0.7998433173483104,23995.299520449313,26.384883694856196,15.0,8.487612703325466,0,0,32.634103586298174
1887,0.8002528844642554,24007.58653392766,26.58308456305808,15.0,8.660947294739564,0,0,32.634103586298174
1888,0.8006374807716204,24019.124423148613,26.78307847878824,15.0,8.83584997797646,0,0,32.634103586298174
1889,0.8009968778578443,24029.90633573533,26.98480617953318,15.0,9.012268925596366,0,0,32.634103586298174
1890,0.8013308547774387,24039.92564332316,27.18820788902164,15.0,9.19015186085778,0,0,36.634103586298174
1891,0.8015272774768836,24045.818324306507,30.750842552207715,15.0,9.369446073207882,0,0,36.634103586298174
1892,0.8016970168018351,24050.910504055053,30.982730316788977,15.0,9.550098433901994,0,0,36.634103586298174
1893,0.8018398684969485,24055.196054908458,31.21629270523671,15.0,9.732055411746993,0,0,36.634103586298174
1894,0.8019556362742645,24058.669088227933,31.451460507974385,15.0,9.915263088963277,0,0,36.634103586298174
1895,0.8020441318713721,24061.323956141165,31.688164039706773,15.0,10.099667177162184,0,0,36.634103586298174
1896,0.8021051751071969,24063.155253215908,31.926333160068932,15.0,10.285213033432605,0,0,36.634103586298174
1897,0.8021385939353911,24064.157818061733,32.16589729441044,15.0,10.471845676532965,0,0,36.634103586298174
1898,0.8021442244953152,24064.326734859456,32.406785454707915,15.0,10.659509803183134,0,0,36.634103586298174
1899,0.8021219111605933,24063.6573348178,32.64892626060089,15.0,10.848149804452419,0,0,36.634103586298174
1900,0.8020715065852285,24062.145197556856,32.892247960542534,15.0,11.037709782237096,0,0,36.634103586298174
1901,0.801992871747265,24059.78615241795,33.136678453062046,15.0,11.228133565824875,0,0,36.634103586298174
1902,0.8018858759899827,24056.576279699482,33.38214530812911,15.0,11.419364728538872,0,0,36.634103586298174
1903,0.8017503970606144,24052.51191181843,33.628575788617,15.0,11.61134660445851,0,0,36.634103586298174
1904,0.8015863211465709,24047.58963439713,33.87589687185594,15.0,11.804022305210642,0,0,36.634103586298174
1905,0.8013935429091674,24041.806287275023,34.124035271271396,15.0,11.9973347368269,0,0,36.634103586298174
1906,0.8011719655148367,24035.1589654451,34.37291745810021,15.0,12.191226616661648,0,0,36.634103586298174
1907,0.8009215006638232,24027.645019914697,34.622469683179304,15.0,12.385640490366523,0,0,36.634103586298174
1908,0.8006420686163482,24019.262058490447,34.8726179987985,15.0,12.58051874891487,0,0,36.634103586298174
1909,0.8003335982162385,24010.007946487156,35.12328828061315,15.0,12.77580364567278,0,0,36.634103586298174
1910,0.7999960269120118,23999.880807360354,35.37440624960899,15.0,12.97143731351088,0,0,36.634103586298174
1911,0.7996293007754111,23988.879023262332,35.62589749411218,15.0,13.167361781951218,0,0,36.634103586298174
1912,0.7992333745173859,23977.001235521577,35.87768749183936,15.0,13.363518994345412,0,0,36.634103586298174
1913,0.7988082115015119,23964.246345045358,36.129701631980176,15.0,13.559850825078037,0,0,36.634103586298174
1914,0.7983537837548469,23950.613512645406,36.38186523730584,15.0,13.756299096790347,0,0,36.634103586298174
1915,0.7978700719762201,23936.1021592866,36.63410358629816,15.0,13.952805597619887,0,0,36.634103586298174
1916,0.7973570655419513,23920.71196625854,36.886341935290474,15.0,14.149312098449432,0,0,36.634103586298174
1917,0.7968147625089993,23904.44287526998,37.13850554061614,15.0,14.345760370161742,0,0,36.634103586298174
1918,0.7962431696155371,23887.29508846611,37.39051968075695,15.0,14.54209220089437,0,0,36.634103586298174
1919,0.7956423022789553,23869.26906836866,37.64230967848413,15.0,14.738249413288559,0,0,36.634103586298174
1920,0.7950121845912943,23850.365537738828,37.89380092298727,15.0,14.93417388172886,0,0,36.634103586298174
1921,0.7943528493121045,23830.585479363133,38.14491889198317,15.0,15.129807549566998,0,0,36.634103586298174
1922,0.7936643378587391,23809.930135762173,38.3955891737978,15.0,15.325092446324913,0,0,36.634103586298174
1923,0.7929467002940818,23788.401008822453,38.64573748941701,15.0,15.51997070487326,0,0,36.634103586298174
1924,0.7921999953117113,23765.999859351337,38.8952897144961,15.0,15.714384578578134,0,0,36.634103586298174
1925,0.7914242902185096,23742.72870655529,39.14417190132491,15.0,15.908276458412878,0,0,36.634103586298174
1926,0.7906196609147175,23718.589827441523,39.39231030074038,15.0,16.101588890029138,0,0,36.634103586298174
1927,0.7897861918714433,23693.585756143297,39.639631383979314,15.0,16.29426459078127,0,0,36.634103586298174
1928,0.788923976105633,23667.71928316899,39.88606186446721,15.0,16.48624646670091,0,0,36.634103586298174
1929,0.7880331151525066,23640.9934545752,40.13152871953426,15.0,16.67747762941491,0,0,36.634103586298174
1930,0.7871137190354717,23613.41157106415,40.37595921205378,15.0,16.86790141300268,0,0,36.634103586298174
1931,0.7861659062335201,23584.977187005603,40.619280911995425,15.0,17.05746139078736,0,0,36.634103586298174
1932,0.7851898036461211,23555.694109383632,40.86142171788839,15.0,17.246101392056644,0,0,36.634103586298174
1933,0.784185546555618,23525.56639666854,41.10230987818588,15.0,17.433765518706814,0,0,36.634103586298174
1934,0.7831532785871407,23494.59835761422,41.341874012527384,15.0,17.620398161807177,0,0,36.634103586298174
1935,0.7820931516660472,23462.794549981416,41.58004313288954,15.0,17.8059440180776,0,0,36.634103586298174
1936,0.7810053259729041,23430.15977918712,41.81674666462193,15.0,17.9903481062765,0,0,36.634103586298174
1937,0.7798899698960219,23396.699096880657,42.05191446735961,15.0,18.173555783492787,0,0,36.634103586298174
1938,0.7787472599815581,23362.417799446743,42.28547685580734,15.0,18.355512761337785,0,0,36.634103586298174
1939,0.7775773808812025,23327.321426436076,42.5173646203886,15.0,18.5361651220319,0,0,36.634103586298174
1940,0.7763805252974613,23291.41575892384,42.74750904775438,15.0,18.715459334382004,0,0,36.634103586298174
1941,0.7751568939265546,23254.70681779664,42.975841941143834,15.0,18.893342269643416,0,0,36.634103586298174
1942,0.7739066953989465,23217.200861968395,43.20229564059274,15.0,19.06976121726332,0,0,36.634103586298174
1943,0.7726301462175224,23178.90438652567,43.4268030429828,15.0,19.24466390050022,0,0,36.634103586298174
1944,0.7713274706934357,23139.82412080307,43.649297621925385,15.0,19.417998491914318,0,0,36.634103586298174
1945,0.7699989008796386,23099.96702638916,43.86971344747492,15.0,19.58971362872531,0,0,36.634103586298174
1946,0.7686446765021205,23059.340295063615,44.08798520566539,15.0,19.759758428032285,0,0,36.634103586298174
1947,0.7672650448888714,23017.95134666614,44.304048217864015,15.0,19.928082501891232,0,0,36.634103586298174
1948,0.7658602608965938,22975.807826897813,44.51783845993744,15.0,20.094635972246476,0,0,36.634103586298174
1949,0.7644305868351828,22932.917605055485,44.72929258122286,15.0,20.25936948571016,0,0,36.634103586298174
1950,0.7629762923899983,22889.28877169995,44.93834792330051,15.0,20.422234228186937,0,0,36.634103586298174
1951,0.7614976545419512,22844.929636258534,45.14494253856092,15.0,20.583181939338846,0,0,36.634103586298174
1952,0.7599949574854278,22799.848724562835,45.34901520856083,15.0,20.742164926885458,0,0,36.634103586298174
1953,0.7584684925440777,22754.05477632233,45.550505462163784,15.0,20.89913608073637,0,0,36.634103586298174
1954,0.7569185580844868,22707.556742534605,45.74935359345929,15.0,21.054048886951108,0,0,36.634103586298174
1955,0.7553454594277669,22660.363782833007,45.945500679454376,15.0,21.206857441521777,0,0,36.634103586298174
1956,0.7537495087590804,22612.485262772414,46.13888859753445,15.0,21.35751646397589,0,0,36.634103586298174
1957,0.7521310250351346,22563.93075105404,46.32946004268554,15.0,21.505981310793494,0,0,36.634103586298174
1958,0.7504903338896671,22514.710016690013,46.51715854447567,15.0,21.652207988636405,0,0,36.634103586298174
1959,0.7488277675369539,22464.833026108616,46.701928483787995,15.0,21.796153167384205,0,0,36.634103586298174
1960,0.7471436646733668,22414.309940201005,46.88371510930172,15.0,21.937774192973777,0,0,36.634103586298174
1961,0.7454383703770109,22363.151111310326,47.062464553716374,15.0,22.077029100038754,0,0,36.634103586298174
1962,0.7437122360054697,22311.36708016409,47.238123849713986,15.0,22.21387662434492,0,0,36.634103586298174
1963,0.7419656190916915,22258.968572750742,47.41064094565406,15.0,22.34827621501735,0,0,36.634103586298174
1964,0.740198883238043,22205.96649714129,47.57996472099775,15.0,22.48018804655669,0,0,36.634103586298174
1965,0.7384123980085677,22152.37194025703,47.746045001456274,15.0,22.609573030640483,0,0,36.634103586298174
1966,0.7366065388194751,22098.196164584253,47.908832573858085,15.0,22.73639282770548,0,0,36.634103586298174
1967,0.7347816868278971,22043.450604836915,48.06827920073236,15.0,22.86060985830891,0,0,36.634103586298174
1968,0.7329382288189429,21988.146864568287,48.224337634602364,15.0,22.98218731426374,0,0,36.634103586298174
1969,0.731076557091086,21932.29671273258,48.376961631986056,15.0,23.10108916954586,0,0,36.634103586298174
1970,0.7291970693399181,21875.912080197544,48.52610596709923,15.0,23.21728019096954,0,0,36.634103586298174
1971,0.7273001685403031,21819.005056209095,48.67172644525648,15.0,23.33072594862742,0,0,36.634103586298174
1972,0.725386262826967,21761.58788480901,48.813779915967515,15.0,23.44139282609325,0,0,36.634103586298174
1973,0.7234557653735585,21703.672961206754,48.95222428572306,15.0,23.54924803038275,0,0,36.634103586298174
1974,0.7215090942702173,21645.272828106517,49.0870185304686,15.0,23.654259601671285,0,0,36.634103586298174
1975,0.7195466723996843,21586.400171990528,49.21812270776022,15.0,23.756396422763842,0,0,36.634103586298174
1976,0.7175689273119928,21527.067819359785,49.345497968600824,15.0,23.85562822831614,0,0,36.634103586298174
1977,0.7155762910977763,21467.288732933288,49.469106568951545,15.0,23.9519256138025,0,0,36.634103586298174
1978,0.7135692002602297,21407.076007806892,49.58891188091651,15.0,24.045260044229423,0,0,36.634103586298174
1979,0.7115480955857657,21346.442867572972,49.7048784035961,15.0,24.135603862590806,0,0,36.634103586298174
1980,0.7095134220133988,21285.402660401964,49.816971773606866,15.0,24.22293029806346,0,0,36.634103586298174
1981,0.7074656285029007,21223.968855087023,49.92515877526418,15.0,24.307213473939964,0,0,36.634103586298174
1982,0.7054051679017643,21162.15503705293,50.029407350424535,15.0,24.38842841529629,0,0,36.634103586298174
1983,0.7033324968110145,21099.974904330436,50.12968660798521,15.0,24.466551056392518,0,0,36.634103586298174
1984,0.701248075449908,21037.44226349724,50.22596683303806,15.0,24.54155824780413,0,0,36.634103586298174
1985,0.69915236751956,20974.5710255868,50.31821949567447,15.0,24.613427763281496,0,0,36.634103586298174
1986,0.6970458400655398,20911.375201966195,50.40641725943948,15.0,24.68213830633608,0,0,36.634103586298174
1987,0.6949289633394755,20847.868900184265,50.4905339894323,15.0,24.747669516551127,0,0,36.634103586298174
1988,0.6928022106597072,20784.066319791214,50.57054476005039,15.0,24.81000197561473,0,0,36.634103586298174
1989,0.6906660582710336,20719.981748131006,50.64642586237565,15.0,24.86911721307404,0,0,36.634103586298174
1990,0.6885209852035898,20655.629556107695,50.71815481119986,15.0,24.924997711808423,0,0,36.634103586298174
1991,0.686367473130901,20591.024193927027,50.785710351687385,15.0,24.977626913220046,0,0,36.634103586298174
1992,0.684206006227151,20526.18018681453,50.84907246567367,15.0,25.026989222140756,0,0,36.634103586298174
1993,0.6820370710237125,20461.112130711375,50.90822237759684,15.0,25.073070011453048,0,0,36.634103586298174
1994,0.6798611562649762,20395.834687949286,50.96314256006141,15.0,25.115855626424548,0,0,36.634103586298174
1995,0.6776787527635258,20330.362582905775,51.01381673903207,15.0,25.15533338875418,0,0,36.634103586298174
1996,0.6754903532546993,20264.71059764098,51.06022989865597,15.0,25.191491600328945,0,0,36.634103586298174
1997,0.6732964522505813,20198.89356751744,51.10236828571219,15.0,25.22431954669039,0,0,36.634103586298174
1998,0.671097545893468,20132.92637680404,51.14021941368726,15.0,25.253807500209536,0,0,36.634103586298174
1999,0.6688941318088499,20066.8239542655,51.17377206647504,15.0,25.279946722969335,0,0,36.634103586298174
2000,0.6666867089579546,20000.601268738636,51.2030163017004,15.0,25.302729469353984,0,0,36.634103586298174
2001,0.6644757774898931,19934.27332469679,51.22794345366532,15.0,25.322148988344015,0,0,36.634103586298174
2002,0.6622618385934559,19867.855157803675,51.248546135916655,15.0,25.338199525516842,0,0,36.634103586298174
2003,0.6600453943485991,19801.361830457972,51.26481824343505,15.0,25.350876324751916,0,0,36.634103586298174
2004,0.6578269475776678,19734.808427330034,51.276754954443845,15.0,25.36017562964002,0,0,36.634103586298174
2005,0.6556070016963989,19668.210050891965,51.28435273183796,15.0,25.366094684596426,0,0,36.634103586298174
2006,0.6533860605647476,19601.581816942427,51.28760932423199,15.0,25.36863173567742,0,0,36.634103586298174
2007,0.6511646283375839,19534.938850127517,51.286523766627305,15.0,25.36778603109999,0,0,36.634103586298174
2008,0.6489432093152996,19468.296279458988,51.28109638069807,15.0,25.363557821464667,0,0,36.634103586298174
2009,0.6467223077943736,19401.669233831206,51.271328774695846,15.0,25.355948359681225,0,0,36.634103586298174
2010,0.644502427917938,19335.07283753814,51.25722384297312,15.0,25.344959900597406,0,0,36.634103586298174
2011,0.6422840735263898,19268.522205791694,51.238785765125556,15.0,25.33059570033078,0,0,36.634103586298174
2012,0.6400677480080915,19202.032440242747,51.216020004753545,15.0,25.312860015303905,0,0,36.634103586298174
2013,0.6378539541502072,19135.618624506216,51.18893330784323,15.0,25.291758100983017,0,0,36.634103586298174
2014,0.6356431939897149,19069.295819691448,51.157533700767445,15.0,25.267296210320737,0,0,36.634103586298174
2015,0.633435968664643,19003.07905993929,51.12183048790746,15.0,25.239481591903214,0,0,36.634103586298174
2016,0.6312327782655714,18936.983347967143,51.08183424889578,15.0,25.20832248780217,0,0,36.634103586298174
2017,0.6290341216874449,18871.023650623345,51.037556835481205,15.0,25.173828131132606,0,0,36.634103586298174
2018,0.6268404964817387,18805.21489445216,50.989011368016904,15.0,25.136008743316864,0,0,36.634103586298174
2019,0.6246523987090243,18739.57196127073,50.93621223157262,15.0,25.09487553105577,0,0,36.634103586298174
2020,0.6224703227919752,18674.109683759256,50.87917507167192,15.0,25.05044068300782,0,0,36.634103586298174
2021,0.6202947613688594,18608.842841065783,50.81791678965632,15.0,25.002717366177517,0,0,36.634103586298174
2022,0.6181262051475594,18543.786154426783,50.752455537676816,15.0,24.951719722013557,0,0,36.634103586298174
2023,0.6159651427601653,18478.95428280496,50.68281071331509,15.0,24.897462862218507,0,0,36.634103586298174
2024,0.6138120606181826,18414.36181854548,50.609002953835734,15.0,24.839962864270937,0,0,36.634103586298174
2025,0.611667442768398,18350.02328305194,50.53105413007071,15.0,24.779236766661132,0,0,36.634103586298174
2026,0.6095317707494454,18285.953122483363,50.44898733993881,15.0,24.715302563842414,0,0,36.634103586298174
2027,0.607405523449116,18222.16570347348,50.362826901601125,15.0,24.64817920089893,0,0,36.634103586298174
2028,0.6052891769624539,18158.675308873615,50.27259834625497,15.0,24.5778865679317,0,0,36.634103586298174
2029,0.6031832044506777,18095.496133520333,50.178328410568625,15.0,24.504445494164933,0,0,36.634103586298174
2030,0.6010880760009742,18032.642280029228,50.08004502875856,15.0,24.427877741773813,0,0,36.634103586298174
2031,0.5990042584872001,17970.127754616,49.97777732431187,15.0,24.348205999435777,0,0,36.634103586298174
2032,0.5969322154315374,17907.966462946122,49.87155560135655,15.0,24.26545387560757,0,0,36.634103586298174
2033,0.5948724068671426,17846.17220601428,49.761411335681586,15.0,24.179645891529447,0,0,36.634103586298174
2034,0.5928252892018281,17784.758676054844,49.64737716540994,15.0,24.09080747395891,0,0,36.634103586298174
2035,0.5907913150828192,17723.739452484577,49.529486881327415,15.0,23.998964947636455,0,0,36.634103586298174
2036,0.5887709332626245,17663.127997878735,49.40777541686934,15.0,23.90414552748468,0,0,36.634103586298174
2037,0.5867645884660613,17602.937653981837,49.28227883776951,15.0,23.806377310544214,0,0,36.634103586298174
2038,0.5847727212584737,17543.18163775421,49.153034331372645,15.0,23.705689267647674,0,0,36.634103586298174
2039,0.5827957679151838,17483.873037455516,49.02008019561541,15.0,23.602111234835284,0,0,36.634103586298174
2040,0.5808341602922144,17425.02480876643,48.8834558276775,15.0,23.495673904513467,0,0,36.634103586298174
2041,0.5788883256983192,17366.649770949574,48.74320171230786,15.0,23.386408816360397,0,0,36.634103586298174
2042,0.5769586867683635,17308.760603050905,48.59935940982769,15.0,23.27434834797974,0,0,36.634103586298174
2043,0.5750456613380879,17251.369840142637,48.45197154381563,15.0,23.159525705306777,0,0,36.634103586298174
2044,0.5731496623202944,17194.48986960883,48.30108178847735,15.0,23.041974912768662,0,0,36.634103586298174
2045,0.5712710975824914,17138.13292747474,48.146734855703684,15.0,22.92173080320208,0,0,36.634103586298174
2046,0.5694103698260339,17082.311094781016,47.98897648182202,15.0,22.79882900753188,0,0,36.634103586298174
2047,0.5675678764667946,17027.03629400384,47.827853414043126,15.0,22.673305944212444,0,0,36.634103586298174
2048,0.5657440095174008,16972.320285522022,47.66341339660936,15.0,22.545198808436503,0,0,36.634103586298174
2049,0.5639391554710722,16918.174664132166,47.49570515664687,15.0,22.41454556111322,0,0,36.634103586298174
2050,0.5621536951870952,16864.610855612857,47.32477838972645,15.0,22.28138491761939,0,0,36.634103586298174
2051,0.5603880037779659,16811.640113338977,47.15068374513812,15.0,22.145756336327583,0,0,36.634103586298174
2052,0.5586424504982361,16759.273514947083,46.9734728108824,15.0,22.007700006913595,0,0,36.634103586298174
2053,0.5569173986350952,16707.521959052854,46.793198098383584,15.0,21.867256838447275,0,0,36.634103586298174
2054,0.5552132054007204,16656.39616202161,46.60991302692954,15.0,21.724468447270397,0,0,36.634103586298174
2055,0.5535302218264271,16605.906654792812,46.42367190784272,15.0,21.579377144665,0,0,36.634103586298174
2056,0.5518687926586506,16556.06377975952,46.23452992838595,15.0,21.43202592431526,0,0,36.634103586298174
2057,0.5502292562567906,16506.87768770372,46.04254313540994,15.0,21.282458449567983,0,0,36.634103586298174
2058,0.5486119444929476,16458.358334788427,45.847768418744685,15.0,21.13071904049376,0,0,36.634103586298174
2059,0.5470171826535818,16410.515479607453,45.650263494342404,15.0,20.976852660754336,0,0,36.634103586298174
2060,0.5454452893431249,16363.358680293744,45.45008688717479,15.0,20.82090490427883,0,0,36.634103586298174
2061,0.5438965763895693,16316.897291687079,45.247297913890534,15.0,20.662921981752973,0,0,36.634103586298174
2062,0.5423713487520678,16271.140462562036,45.041956665239056,15.0,20.50295070692632,0,0,36.634103586298174
2063,0.540869904430567,16226.097132917012,44.83412398826404,15.0,20.34103848274014,0,0,36.634103586298174
2064,0.5393925343775038,16181.776031325113,44.62386146827291,15.0,20.17723328728067,0,0,36.634103586298174
2065,0.5379395224115895,16138.185672347683,44.41123141058824,15.0,20.01158365956261,0,0,36.634103586298174
2066,0.5365111451337087,16095.334354011262,44.196296822085166,15.0,19.84413868514572,0,0,36.634103586298174
2067,0.5351076718449564,16053.230155348694,43.97912139252074,15.0,19.674947981589547,0,0,36.634103586298174
2068,0.533729364466838,16011.880934005143,43.75976947566195,15.0,19.50406168375112,0,0,36.634103586298174
2069,0.5323764774636566,15971.294323909697,43.53830607021559,15.0,19.331530428928392,0,0,36.634103586298174
2070,0.5310492577671091,15931.477733013273,43.31479680056844,15.0,19.157405341855824,0,0,36.634103586298174
2071,0.529747944703116,15892.438341093482,43.08930789734063,15.0,18.98173801955451,0,0,36.634103586298174
2072,0.5284727699209035,15854.183097627107,42.86190617776086,15.0,18.804580516043394,0,0,36.634103586298174
2073,0.5272239573243606,15816.718719730816,42.63265902586613,15.0,18.625985326914,0,0,36.634103586298174
2074,0.5260017230056915,15780.051690170743,42.40163437253535,15.0,18.446005373775414,0,0,36.634103586298174
2075,0.5248062751813835,15744.188255441504,42.168900675358984,15.0,18.264693988571878,0,0,36.634103586298174
2076,0.5236378141305074,15709.13442391522,41.93452689835442,15.0,18.082104897779935,0,0,36.634103586298174
2077,0.5224965321353704,15674.895964061112,41.698582491530104,15.0,17.898292206487852,0,0,36.634103586298174
2078,0.5213826134245392,15641.478402736177,41.46113737030565,15.0,17.71331038236291,0,0,36.634103586298174
2079,0.5202962341182487,15608.887023547459,41.222261894795174,15.0,17.527214239511984,0,0,36.634103586298174
2080,0.5192375621762138,15577.126865286411,40.98202684895723,15.0,17.340058922238335,0,0,36.634103586298174
2081,0.5182067573478594,15546.20272043578,40.74050341962069,15.0,17.151899888701685,0,0,36.634103586298174
2082,0.5172039711249833,15516.119133749498,40.49776317539027,15.0,16.962792894484558,0,0,36.634103586298174
2083,0.5162293466968658,15486.880400905973,40.253878045438896,15.0,16.772793976070442,0,0,36.634103586298174
2084,0.5152830189078396,15458.490567235187,40.00892029819415,15.0,16.581959434239458,0,0,36.634103586298174
2085,0.5143651142173324,15430.953426519973,39.762962519923256,15.0,16.390345817384976,0,0,36.634103586298174
2086,0.5134757506623947,15404.272519871842,39.516077593224026,15.0,16.198009904756955,0,0,36.634103586298174
2087,0.5126150378227223,15378.45113468167,39.268338675428346,15.0,16.005008689637165,0,0,36.634103586298174
2088,0.511783076788186,15353.49230364558,39.019819176924415,15.0,15.811399362451128,0,0,36.634103586298174
2089,0.5109799601288758,15329.398803866276,38.770592739402915,15.0,15.617239293820749,0,0,36.634103586298174
2090,0.5102057718676712,15306.173156030138,38.52073321403624,15.0,15.422586017564843,0,0,36.634103586298174
2091,0.5094605874553428,15283.817623660287,38.27031463959396,15.0,15.227497213649968,0,0,36.634103586298174
2092,0.508744473748195,15262.33421244585,38.019411220504274,15.0,15.03203069109917,0,0,36.634103586298174
2093,0.5080574889882546,15241.72466964764,37.76809730486528,15.0,14.836244370861664,0,0,36.634103586298174
2094,0.507399682786013,15221.99048358039,37.51644736241378,15.0,14.640196268649401,0,0,36.634103586298174
2095,0.5067710961057249,15203.132883171747,37.26453596245888,15.0,14.4439444777462,0,0,36.634103586298174
2096,0.5061717612532705,15185.152837598112,37.01243775178518,15.0,14.247547151793256,0,0,36.634103586298174
2097,0.5056017018665814,15168.051055997441,36.76022743253303,15.0,14.051062487556687,0,0,36.634103586298174
2098,0.5050609329086375,15151.827987259127,36.50797974006326,15.0,13.854548707683072,0,0,36.634103586298174
2099,0.5045494606630324,15136.483819890973,36.255769420811205,15.0,13.658064043446581,0,0,36.634103586298174
2100,0.5040672827321114,15122.018481963341,36.003671210137405,15.0,13.461666717493557,0,0,36.634103586298174
2101,0.5036143880376821,15108.431641130464,35.75175981018261,15.0,13.26541492659044,0,0,36.634103586298174
2102,0.5031907568242975,15095.722704728923,35.50010986773111,15.0,13.069366824378173,0,0,36.634103586298174
2103,0.5027963606651091,15083.890819953273,35.24879595209212,15.0,12.87358050414067,0,0,36.634103586298174
2104,0.5024311624702913,15072.934874108738,34.99789253300253,15.0,12.678113981589949,0,0,36.634103586298174
2105,0.5020951164980313,15062.853494940939,34.74747395856025,15.0,12.483025177675074,0,0,36.634103586298174
2106,0.5017881683680837,15053.645051042511,34.497614433193476,15.0,12.28837190141909,0,0,36.634103586298174
2107,0.5015102550778845,15045.307652336534,34.248387995672076,15.0,12.09421183278879,0,0,36.634103586298174
2108,0.5012613050212198,15037.839150636595,33.99986849716804,15.0,11.90060250560267,0,0,36.634103586298174
2109,0.5010412380094449,15031.237140283347,33.752129579372365,15.0,11.707601290482884,0,0,36.634103586298174
2110,0.5008499652952452,15025.498958857355,33.50524465267313,15.0,11.51526537785486,0,0,36.634103586298174
2111,0.5006873895989344,15020.621687968034,33.259286874402136,15.0,11.3236517610003,0,0,36.634103586298174
2112,0.5005534051372807,15016.602154118422,33.014329127157495,15.0,11.132817219169395,0,0,36.634103586298174
2113,0.5004478976548522,15013.436929645566,32.770443997206115,15.0,10.942818300755281,0,0,36.634103586298174
2114,0.5003707444578734,15011.122333736203,32.5277037529756,15.0,10.753711306538074,0,0,36.634103586298174
2115,0.5003218144505822,15009.654433517468,32.28618032363916,15.0,10.565552273001503,0,0,36.634103586298174
2116,0.5003009681740763,15009.02904522229,32.04594527780121,15.0,10.378396955727851,0,0,36.634103586298174
2117,0.500308057847638,15009.24173542914,31.807069802290734,15.0,10.192300812876926,0,0,36.634103586298174
2118,0.5003429274125243,15010.287822375729,31.569624681066287,15.0,10.007318988751983,0,0,36.634103586298174
2119,0.5004054125782113,15012.162377346336,31.33368027424196,15.0,9.823506297459899,0,0,36.634103586298174
2120,0.500495340871076,15014.860226132283,31.099306497237407,15.0,9.640917206667956,0,0,36.634103586298174
2121,0.5006125316855056,15018.375950565167,30.86657280006114,15.0,9.459605821464498,0,0,36.634103586298174
2122,0.5007567963374127,15022.703890122379,30.635548146730248,15.0,9.279625868325834,0,0,36.634103586298174
2123,0.5009279381201479,15027.838143604436,30.40630099483562,15.0,9.101030679196514,0,0,36.634103586298174
2124,0.5011257523627882,15033.772570883646,30.178899275255745,15.0,8.923873175685326,0,0,36.634103586298174
2125,0.5013500264907848,15040.500794723543,29.953410372027946,15.0,8.74820585338401,0,0,36.634103586298174
2126,0.5016005400889537,15048.016202668612,29.729901102380797,15.0,8.574080766311443,0,0,36.634103586298174
2127,0.5018770649667901,15056.3119490037,29.508437696934433,15.0,8.401549511488712,0,0,36.634103586298174
2128,0.5021793652260849,15065.380956782546,29.289085780075556,15.0,8.230663213650221,0,0,36.634103586298174
2129,0.5025071973308278,15075.215919924836,29.071910350511217,15.0,8.061472510094115,0,0,36.634103586298174
2130,0.5028603101793717,15085.809305381152,28.85697576200805,15.0,7.894027535677155,0,0,36.634103586298174
2131,0.5032384451788391,15097.153355365172,28.644345704323385,15.0,7.728377907959091,0,0,36.634103586298174
2132,0.5036413363217492,15109.240089652478,28.434083184332337,15.0,7.564572712499693,0,0,36.634103586298174
2133,0.5040687102648421,15122.061307945265,28.226250507357236,15.0,7.402660488313444,0,0,36.634103586298174
2134,0.5045202864100754,15135.608592302262,28.020909258705842,15.0,7.24268921348686,0,0,36.634103586298174
2135,0.504995776987772,15149.873309633158,27.818120285421593,15.0,7.084706290961,0,0,36.634103586298174
2136,0.5054948871418921,15164.846614256763,27.61794367825397,15.0,6.928758534485491,0,0,36.634103586298174
2137,0.5060173150174061,15180.519450522184,27.42043875385177,15.0,6.774892154746139,0,0,36.634103586298174
2138,0.5065627518497401,15196.882555492204,27.22566403718651,15.0,6.623152745671906,0,0,36.634103586298174
2139,0.5071308820562697,15213.92646168809,27.03367724421042,15.0,6.473585270924572,0,0,36.634103586298174
2140,0.5077213833298339,15231.641499895015,26.844535264753734,15.0,6.326234050574892,0,0,36.634103586298174
2141,0.5083339267342417,15250.017802027252,26.658294145666833,15.0,6.181142747969436,0,0,36.634103586298174
2142,0.5089681768017434,15269.045304052303,26.47500907421279,15.0,6.038354356792554,0,0,36.634103586298174
2143,0.5096237916324362,15288.713748973087,26.294734361713967,15.0,5.897911188326233,0,0,36.634103586298174
2144,0.510300422995577,15309.012689867308,26.117523427458185,15.0,5.759854858912187,0,0,36.634103586298174
2145,0.5109977164327703,15329.931492983107,25.943428782869923,15.0,5.624226277620438,0,0,36.634103586298174
2146,0.5117153113630025,15351.459340890076,25.77250201594951,15.0,5.491065634126609,0,0,36.634103586298174
2147,0.5124528411894895,15373.585235684684,25.60479377598695,15.0,5.360412386803269,0,0,36.634103586298174
2148,0.5132099334083068,15396.298002249203,25.44035375855325,15.0,5.232305251027381,0,0,36.634103586298174
2149,0.5139862097187712,15419.586291563135,25.279230690774348,15.0,5.10678218770795,0,0,36.634103586298174
2150,0.514781286135539,15443.438584066169,25.12147231689269,15.0,4.9838803920377455,0,0,36.634103586298174
2151,0.5155947731023892,15467.843193071678,24.967125384119026,15.0,4.863636282471164,0,0,36.634103586298174
2152,0.5164262756076577,15492.788268229733,24.81623562878074,15.0,4.74608548993305,0,0,36.634103586298174
2153,0.5172753933012875,15518.261799038622,24.668847762768678,15.0,4.631262847260088,0,0,36.634103586298174
2154,0.5181417206134608,15544.251618403821,24.525005460288565,15.0,4.519202378879474,0,0,36.634103586298174
2155,0.5190248468747787,15570.745406243359,24.384751344918865,15.0,4.409937290726359,0,0,36.634103586298174
2156,0.5199243564379511,15597.730693138534,24.24812697698102,15.0,4.3034999604045865,0,0,36.634103586298174
2157,0.5208398288009621,15625.194864028863,24.115172841223725,15.0,4.199921927592149,0,0,36.634103586298174
2158,0.5217708387316734,15653.125161950202,23.985928334826855,15.0,4.09923388469561,0,0,36.634103586298174
2159,0.5227169563938303,15681.508691814908,23.860431755727024,15.0,4.001465667755146,0,0,36.634103586298174
2160,0.5236777474744311,15710.33242423293,23.738720291268955,15.0,3.9066462476033648,0,0,40.634103586298174
2161,0.524566803036297,15737.004091088911,26.19993829097918,15.0,3.8148037212808728,0,0,40.634103586298174
2162,0.5254700655147355,15764.101965442067,26.073452971738924,15.0,3.7259653037103764,0,0,40.634103586298174
2163,0.5263870737861166,15791.612213583498,25.95128228752028,15.0,3.6401573196322183,0,0,40.634103586298174
2164,0.527317362653635,15819.52087960905,25.8334624401337,15.0,3.5574051958040087,0,0,40.634103586298174
2165,0.5282604629851583,15847.813889554747,25.72002834214278,15.0,3.4777334534660063,0,0,40.634103586298174
2166,0.5292159018522407,15876.477055567218,25.611013606518757,15.0,3.4011657010748544,0,0,40.634103586298174
2167,0.5301832026702621,15905.496080107863,25.506450536680624,15.0,3.32772462730812,0,0,40.634103586298174
2168,0.5311618853396505,15934.856560189515,25.406370116922584,15.0,3.257431994340916,0,0,40.634103586298174
2169,0.5321514663881455,15964.543991644365,25.310802003232883,15.0,3.190308631397401,0,0,40.634103586298174
2170,0.5331514591140618,15994.543773421854,25.21977451450621,15.0,3.1263744285787123,0,0,40.634103586298174
2171,0.5341613737305093,16024.84121191528,25.133314624151947,15.0,3.0656483309689073,0,0,40.634103586298174
2172,0.5351807175105279,16055.421525315836,25.051447952101594,15.0,3.0081483330213095,0,0,40.634103586298174
2173,0.5362089949330924,16086.269847992771,24.974198757216936,15.0,2.953891473226283,0,0,40.634103586298174
2174,0.5372457078299469,16117.371234898405,24.90158993010153,15.0,2.902893829062301,0,0,40.634103586298174
2175,0.5382903555332221,16148.710665996663,24.83364298631791,15.0,2.855170512231973,0,0,40.634103586298174
2176,0.5393424350237946,16180.273050713839,24.77037806001195,15.0,2.810735664184043,0,0,40.634103586298174
2177,0.5404014410803418,16212.043232410255,24.711813897946655,15.0,2.769602451922936,0,0,40.634103586298174
2178,0.5414668664290504,16244.00599287151,24.657967853947184,15.0,2.731783064107207,0,0,40.634103586298174
2179,0.5425382018939319,16276.146056817957,24.608855883758444,15.0,2.697288707437642,0,0,40.634103586298174
2180,0.5436149365477031,16308.448096431093,24.564492540317136,15.0,2.6661296033365884,0,0,40.634103586298174
2181,0.5446965578631845,16340.896735895536,24.524890969439376,15.0,2.638314984919072,0,0,40.634103586298174
2182,0.5457825518651734,16373.476555955203,24.490062905925267,15.0,2.613853094256795,0,0,40.634103586298174
2183,0.5468724032827457,16406.17209848237,24.46001867008169,15.0,2.5927511799359095,0,0,40.634103586298174
2184,0.5479655957019415,16438.967871058245,24.434767164664123,15.0,2.5750154949090285,0,0,40.634103586298174
2185,0.5490616117187904,16471.848351563713,24.41431587223861,15.0,2.5606512946424105,0,0,40.634103586298174
2186,0.550159933092629,16504.79799277887,24.398670852964447,15.0,2.5496628355585855,0,0,40.634103586298174
2187,0.5512600408996666,16537.80122699,24.387836742798516,15.0,2.542053373775139,0,0,40.634103586298174
2188,0.5523614156867542,16570.842470602627,24.381816752121463,15.0,2.537825164139817,0,0,40.634103586298174
2189,0.553463537625309,16603.90612875927,24.38061266478646,15.0,2.536979459562392,0,0,40.634103586298174
2190,0.5545658866653511,16636.976599960533,24.384224837590562,15.0,2.539516510643379,0,0,40.634103586298174
2191,0.5556679426896057,16670.03828068817,24.39265220016901,15.0,2.5454355655997887,0,0,40.634103586298174
2192,0.5567691856676246,16703.075570028737,24.40589225531239,15.0,2.554734870487893,0,0,40.634103586298174
2193,0.5578690958098831,16736.072874296493,24.423941079706637,15.0,2.567411669722964,0,0,40.634103586298174
2194,0.5589671537218043,16769.01461165413,24.44679332509555,15.0,2.5834622068957964,0,0,40.634103586298174
2195,0.560062840557667,16801.88521673001,24.47444221986561,15.0,2.602881725885819,0,0,40.634103586298174
2196,0.5611556381743513,16834.66914523054,24.506879571052615,15.0,2.6256644722704663,0,0,40.634103586298174
2197,0.5622450292848752,16867.350878546255,24.54409576676934,15.0,2.651803695030282,0,0,40.634103586298174
2198,0.5633304976116779,16899.914928350336,24.586079779053776,15.0,2.681291648549417,0,0,40.634103586298174
2199,0.5644115280396041,16932.345841188126,24.632819167137047,15.0,2.714119594910871,0,0,40.634103586298174
2200,0.565487606768544,16964.62820305632,24.684300081129688,15.0,2.750277806485623,0,0,40.634103586298174
2201,0.5665582214656825,16996.746643970473,24.740507266125864,15.0,2.789755568815236,0,0,40.634103586298174
2202,0.5676228614173154,17028.685842519462,24.80142406672363,15.0,2.8325411837867507,0,0,40.634103586298174
2203,0.5686810176801848,17060.43053040554,24.867032431960233,15.0,2.8786219730990297,0,0,40.634103586298174
2204,0.569732183232289,17091.96549696867,24.937312920661153,15.0,2.9279842820197293,0,0,40.634103586298174
2205,0.5707758531231255,17123.275593693765,25.012244707200793,15.0,2.980613483431374,0,0,40.634103586298174
2206,0.5718115246233176,17154.34573869953,25.09180558767361,15.0,3.0364939821657293,0,0,40.634103586298174
2207,0.5728386973735845,17185.160921207535,25.17597198647371,15.0,3.095609219625069,0,0,40.634103586298174
2208,0.5738568735330083,17215.70620599025,25.264718963280636,15.0,3.1579416786886974,0,0,40.634103586298174
2209,0.5748655579265552,17245.966737796658,25.358020220449824,15.0,3.2234728889037205,0,0,40.634103586298174
2210,0.5758642581918065,17275.927745754198,25.455848110805224,15.0,3.292183431958331,0,0,40.634103586298174
2211,0.5768524849248564,17305.57454774569,25.55817364583156,15.0,3.364052947435666,0,0,40.634103586298174
2212,0.5778297518253321,17334.892554759965,25.66496650426451,15.0,3.4390601388472803,0,0,40.634103586298174
2213,0.5787955758404966,17363.867275214896,25.776195041075304,15.0,3.51718277994354,0,0,40.634103586298174
2214,0.5797494773083859,17392.484319251576,25.89182629684793,15.0,3.5983977212998313,0,0,40.634103586298174
2215,0.5806909800999446,17420.72940299834,26.011826007545874,15.0,3.682680897176332,0,0,40.634103586298174
2216,0.5816196117601126,17448.588352803377,26.136158614664943,15.0,3.7700073326489862,0,0,40.634103586298174
2217,0.5825349036478238,17476.047109434712,26.26478727577044,15.0,3.8603511510103705,0,0,40.634103586298174
2218,0.5834363910748744,17503.091732246234,26.39767387541394,15.0,3.953685581437255,0,0,40.634103586298174
2219,0.5843236134436206,17529.708403308618,26.534779036428148,15.0,4.049982966923655,0,0,40.634103586298174
2220,0.585196114383463,17555.883431503888,26.67606213159476,15.0,4.149214772475907,0,0,40.634103586298174
2221,0.586053441886079,17581.60325658237,26.821481295683675,15.0,4.25135159356851,0,0,40.634103586298174
2222,0.5868951484393634,17606.854453180902,26.97099343785804,15.0,4.356363164856995,0,0,40.634103586298174
2223,0.5877207911600353,17631.623734801058,27.124554254443517,15.0,4.464218369146542,0,0,40.634103586298174
2224,0.5885299319248739,17655.897957746216,27.282118242055976,15.0,4.574885246612371,0,0,40.634103586298174
2225,0.5893221375005442,17679.664125016327,27.443638711085313,15.0,4.688331004270253,0,0,40.634103586298174
2226,0.5900969796719733,17702.9093901592,27.60906779953079,15.0,4.80452202569393,0,0,40.634103586298174
2227,0.5908540353692396,17725.62106107719,27.77835648718318,15.0,4.923423880976099,0,0,40.634103586298174
2228,0.5915928867929376,17747.78660378813,27.951454610150716,15.0,5.045001336930877,0,0,40.634103586298174
2229,0.5923131215379812,17769.393646139437,28.12831087572394,15.0,5.169218367534309,0,0,40.634103586298174
2230,0.5930143327158076,17790.42998147423,28.30887287757442,15.0,5.296038164599356,0,0,40.634103586298174
2231,0.593696119074948,17810.88357224844,28.493087111284083,15.0,5.425423148683094,0,0,40.634103586298174
2232,0.594358085119926,17830.74255359778,28.680898990199886,15.0,5.557334980222438,0,0,40.634103586298174
2233,0.5949998412284527,17849.99523685358,28.87225286160887,15.0,5.691734570894866,0,0,40.634103586298174
2234,0.5956210037668789,17868.630113006366,29.067092023229034,15.0,5.828582095200972,0,0,40.634103586298174
2235,0.596221195203875,17886.63585611625,29.26535874001197,15.0,5.967837002266006,0,0,40.634103586298174
2236,0.5968000442223014,17904.00132666904,29.46699426125038,15.0,6.109458027855521,0,0,40.634103586298174
2237,0.5973571858292375,17920.715574877126,29.671938837987852,15.0,6.25340320660332,0,0,40.634103586298174
2238,0.5978922614641378,17936.76784392413,29.880131740723137,15.0,6.3996298844462896,0,0,40.634103586298174
2239,0.5984049191050795,17952.147573152386,30.0915112774059,15.0,6.548094731263895,0,0,40.634103586298174
2240,0.5988948133730763,17966.844401192287,30.306014811717652,15.0,6.698753753718012,0,0,40.634103586298174
2241,0.5993616056344198,17980.848169032593,30.523578781631727,15.0,6.851562308288741,0,0,40.634103586298174
2242,0.5998049641010252,17994.148923030756,30.74413871824833,15.0,7.006475114503415,0,0,40.634103586298174
2243,0.6002245639287467,18006.7369178624,30.96762926489835,15.0,7.16344626835439,0,0,40.634103586298174
2244,0.6006200873136358,18018.602619409074,31.19398419650931,15.0,7.322429255900936,0,0,40.634103586298174
2245,0.6009912235861137,18029.73670758341,31.423136439230014,15.0,7.483376967052843,0,0,40.634103586298174
2246,0.6013376693030297,18040.13007909089,31.655018090305354,15.0,7.64624170952969,0,0,40.634103586298174
2247,0.6016591283375768,18049.773850127305,31.8895604381976,15.0,7.810975222993308,0,0,40.634103586298174
2248,0.6019553119670421,18058.659359011264,32.126693982947415,15.0,7.97752869334855,0,0,40.634103586298174
2249,0.6022259389583602,18066.778168750807,32.36634845676755,15.0,8.145852767207497,0,0,40.634103586298174
2250,0.6024707356514492,18074.122069543475,32.608452844865425,15.0,8.315897566514472,0,0,40.634103586298174
2251,0.602689436040302,18080.68308120906,32.85293540648562,15.0,8.48761270332543,0,0,40.634103586298174
2252,0.6028817818518099,18086.453455554296,33.09972369616895,15.0,8.660947294739563,0,0,40.634103586298174
2253,0.603047522622294,18091.42567866882,33.34874458521887,15.0,8.835849977976421,0,0,40.634103586298174
2254,0.6031864157717233,18095.592473151697,33.599924283371834,15.0,9.012268925596398,0,0,40.634103586298174
2255,0.6032982266755963,18098.946800267888,33.853188360662166,15.0,9.19015186085774,0,0,40.634103586298174
2256,0.6033827287344654,18101.48186203396,34.1084617694781,15.0,9.369446073207843,0,0,40.634103586298174
2257,0.6034397034410832,18103.191103232497,34.36566886679924,15.0,9.55009843390203,0,0,40.634103586298174
2258,0.6034689404451509,18104.068213354527,34.62473343661158,15.0,9.732055411746954,0,0,40.634103586298174
2259,0.6034702376156494,18104.107128469484,34.88557871249219,15.0,9.915263088963275,0,0,40.634103586298174
2260,0.6034434011007356,18103.302033022068,35.14812740035624,15.0,10.099667177162218,0,0,40.634103586298174
2261,0.603388245385184,18101.64736155552,35.412301701361145,15.0,10.285213033432603,0,0,40.634103586298174
2262,0.6033045933453598,18099.137800360793,35.67802333496037,15.0,10.471845676532965,0,0,40.634103586298174
2263,0.6031922763017041,18095.768289051124,35.94521356209904,15.0,10.65950980318321,0,0,40.634103586298174
2264,0.6030511340687174,18091.53402206152,36.21379320854631,15.0,10.848149804452415,0,0,40.634103586298174
2265,0.6028810150024255,18086.430450072767,36.48368268835662,15.0,11.037709782237094,0,0,40.634103586298174
2266,0.6026817760453157,18080.45328135947,36.75480202745253,15.0,11.228133565824871,0,0,40.634103586298174
2267,0.602453282768727,18073.59848306181,37.02707088732238,15.0,11.41936472853883,0,0,40.634103586298174
2268,0.602195409412685,18065.86228238055,37.300408588827196,15.0,11.611346604458507,0,0,40.634103586298174
2269,0.6019080389231666,18057.241167694996,37.574734136106684,15.0,11.804022305210601,0,0,40.634103586298174
2270,0.6015910629867861,18047.731889603583,37.849966240580976,15.0,11.997334736826858,0,0,40.634103586298174
2271,0.6012443820628908,18037.331461886723,38.12602334503741,15.0,12.191226616661687,0,0,40.634103586298174
2272,0.6008679054130566,18026.037162391698,38.402823647798016,15.0,12.38564049036648,0,0,40.634103586298174
2273,0.6004615511279763,18013.84653383929,38.68028512695948,15.0,12.580518748914827,0,0,40.634103586298174
2274,0.6000252461517305,18000.757384551915,38.958325564697304,15.0,12.77580364567282,0,0,40.634103586298174
2275,0.5995589263034362,17986.767789103087,39.23686257162907,15.0,12.971437313510876,0,0,40.634103586298174
2276,0.5990625362962649,17971.876088887948,39.51581361122852,15.0,13.167361781951259,0,0,40.634103586298174
2277,0.598536029753825,17956.08089261475,39.79509602428226,15.0,13.36351899434549,0,0,40.634103586298174
2278,0.5979793692239042,17939.381076717124,40.07462705338378,15.0,13.559850825078035,0,0,40.634103586298174
2279,0.5973925261895674,17921.775785687023,40.35432386745661,15.0,13.756299096790425,0,0,40.634103586298174
2280,0.5967754810776073,17903.26443232822,40.63410358629815,15.0,13.952805597619887,0,0,40.634103586298174
2281,0.5961282232643436,17883.84669793031,40.91388330513981,15.0,14.149312098449428,0,0,40.634103586298174
2282,0.5954507510787718,17863.522532363153,41.19358011921252,15.0,14.345760370161738,0,0,40.634103586298174
2283,0.5947430718030575,17842.292154091727,41.47311114831404,15.0,14.542092200894286,0,0,40.634103586298174
2284,0.5940052016703797,17820.156050111393,41.75239356136778,15.0,14.738249413288514,0,0,40.634103586298174
2285,0.5932371658601194,17797.114975803583,42.03134460096723,15.0,14.934173881728896,0,0,40.634103586298174
2286,0.592438998490399,17773.16995471197,42.309881607898994,15.0,15.129807549566957,0,0,40.634103586298174
2287,0.5916107426079725,17748.322278239175,42.587922045636816,15.0,15.325092446324948,0,0,40.634103586298174
2288,0.5907524501754692,17722.573505264074,42.86538352479828,15.0,15.519970704873296,0,0,40.634103586298174
2289,0.5898641820559966,17695.925461679897,43.142183827558895,15.0,15.714384578578088,0,0,40.634103586298174
2290,0.5889460079951052,17668.380239853155,43.41824093201533,15.0,15.908276458412917,0,0,40.634103586298174
2291,0.5879980066001214,17639.940198003642,43.69347303648951,15.0,16.101588890029095,0,0,40.634103586298174
2292,0.5870202653168541,17610.607959505625,43.9677985837691,15.0,16.294264590781268,0,0,40.634103586298174
2293,0.5860128804036837,17580.38641211051,44.24113628527392,15.0,16.486246466700944,0,0,40.634103586298174
2294,0.5849759569030372,17549.278707091114,44.51340514514378,15.0,16.677477629414906,0,0,40.634103586298174
2295,0.5839096086102626,17517.28825830788,44.784524484239675,15.0,16.867901413002677,0,0,40.634103586298174
2296,0.5828139580399093,17484.418741197278,45.054413964049985,15.0,17.05746139078736,0,0,40.634103586298174
2297,0.5816891363894233,17450.6740916827,45.32299361049736,15.0,17.246101392056644,0,0,40.634103586298174
2298,0.580535283500272,17416.058505008157,45.590183837635934,15.0,17.43376551870681,0,0,40.634103586298174
2299,0.5793525478165045,17380.576434495135,45.85590547123516,15.0,17.620398161807174,0,0,40.634103586298174
2300,0.578141086340766,17344.23259022298,46.12007977224006,15.0,17.805944018077554,0,0,40.634103586298174
2301,0.5769010645877733,17307.0319376332,46.382628460104115,15.0,17.9903481062765,0,0,40.634103586298174
2302,0.5756326565352704,17268.97969605811,46.64347373598463,15.0,18.173555783492752,0,0,40.634103586298174
2303,0.5743360445724736,17230.081337174208,46.90253830579706,15.0,18.35551276133775,0,0,40.634103586298174
2304,0.5730114194460271,17190.34258338081,47.15974540311821,15.0,18.53616512203193,0,0,40.634103586298174
2305,0.5716589802034798,17149.769406104395,47.41501881193403,15.0,18.71545933438196,0,0,40.634103586298174
2306,0.5702789341343039,17108.368024029114,47.66828288922447,15.0,18.893342269643377,0,0,40.634103586298174
2307,0.5688714967084695,17066.144901254083,47.91946258737744,15.0,19.069761217263355,0,0,40.634103586298174
2308,0.5674368915125972,17023.106745377918,48.16848347642735,15.0,19.244663900500214,0,0,40.634103586298174
2309,0.5659753501837044,16979.26050551113,48.41527176611069,15.0,19.417998491914346,0,0,40.634103586298174
2310,0.5644871123405655,16934.613370216965,48.65975432773098,15.0,19.589713628725377,0,0,40.634103586298174
2311,0.5629724255127085,16889.172765381256,48.90185871582876,15.0,19.75975842803228,0,0,40.634103586298174
2312,0.5614315450670666,16842.946352011997,49.14151318964899,15.0,19.9280825018913,0,0,40.634103586298174
2313,0.559864734132307,16795.942023969208,49.37864673439871,15.0,20.094635972246472,0,0,40.634103586298174
2314,0.5582722635208603,16748.16790562581,49.61318908229105,15.0,20.259369485710156,0,0,40.634103586298174
2315,0.5566544116486737,16699.63234946021,49.8450707333663,15.0,20.422234228186937,0,0,40.634103586298174
2316,0.555011464452709,16650.34393358127,50.0742229760869,15.0,20.58318193933878,0,0,40.634103586298174
2317,0.5533437153062144,16600.311459186432,50.300577907697964,15.0,20.742164926885387,0,0,40.634103586298174
2318,0.5516514649317914,16549.54394795374,50.524068454347976,15.0,20.89913608073637,0,0,40.634103586298174
2319,0.5499350213122838,16498.050639368514,50.74462839096459,15.0,21.054048886951044,0,0,40.634103586298174
2320,0.5481946995995164,16445.84098798549,50.96219236087866,15.0,21.206857441521766,0,0,40.634103586298174
2321,0.5464308220209081,16392.924660627243,51.176695895190406,15.0,21.357516463975884,0,0,40.634103586298174
2322,0.5446437177839893,16339.31153351968,51.38807543187317,15.0,21.505981310793494,0,0,40.634103586298174
2323,0.5428337229788507,16285.011689365521,51.59626833460847,15.0,21.652207988636462,0,0,40.634103586298174
2324,0.5410011804785522,16230.035414356566,51.80121291134584,15.0,21.796153167384205,0,0,40.634103586298174
2325,0.5391464398375223,16174.393195125669,52.002848432584344,15.0,21.937774192973777,0,0,40.634103586298174
2326,0.5372698571879778,16118.095715639336,52.20111514936728,15.0,22.077029100038807,0,0,40.634103586298174
2327,0.5353717951343943,16061.153854031829,52.39595431098745,15.0,22.21387662434492,0,0,40.634103586298174
2328,0.5334526226460579,16003.578679381735,52.58730818239644,15.0,22.348276215017346,0,0,40.634103586298174
2329,0.5315127149477322,15945.381448431966,52.775120061312236,15.0,22.48018804655669,0,0,40.634103586298174
2330,0.5295524534084715,15886.573602254142,52.959334295021975,15.0,22.609573030640483,0,0,40.634103586298174
2331,0.5275722254286116,15827.16676285835,53.13989629687237,15.0,22.73639282770548,0,0,40.634103586298174
2332,0.5255724243249765,15767.172729749294,53.31675256244559,15.0,22.86060985830891,0,0,40.634103586298174
2333,0.5235534492143284,15706.603476429855,53.48985068541313,15.0,22.98218731426369,0,0,40.634103586298174
2334,0.5215157048951022,15645.471146853068,53.659139373065535,15.0,23.10108916954586,0,0,40.634103586298174
2335,0.519459601727454,15583.78805182362,53.824568461510935,15.0,23.21728019096949,0,0,40.634103586298174
2336,0.5173855555116629,15521.566665349887,53.98608893054035,15.0,23.330725948627418,0,0,40.634103586298174
2337,0.5152939873649205,15458.819620947615,54.14365291815281,15.0,23.44139282609325,0,0,40.634103586298174
2338,0.5131853235965449,15395.559707896347,54.29721373473822,15.0,23.54924803038275,0,0,40.634103586298174
2339,0.5110599955816555,15331.799867449665,54.446725876912645,15.0,23.65425960167128,0,0,40.634103586298174
2340,0.5089184396333478,15267.553189000433,54.59214504100156,15.0,23.756396422763885,0,0,40.634103586298174
2341,0.5067610968734041,15202.832906202122,54.733428136168186,15.0,23.855628228316135,0,0,40.634103586298174
2342,0.5045884131015798,15137.652393047392,54.870533297182384,15.0,23.951925613802537,0,0,40.634103586298174
2343,0.502400838663503,15072.02515990509,55.00341989682593,15.0,24.045260044229458,0,0,40.634103586298174
2344,0.5001988283172278,15005.964849516835,55.13204855793138,15.0,24.135603862590806,0,0,40.634103586298174
2345,0.4979828410984794,14939.485232954383,55.256381165050506,15.0,24.222930298063496,0,0,40.634103586298174
2346,0.49575334018463196,14872.600205538958,55.376380875748396,15.0,24.307213473939964,0,0,40.634103586298174
2347,0.49351079275745896,14805.323782723768,55.49201213152102,15.0,24.38842841529625,0,0,40.634103586298174
2348,0.4912556698646976,14737.670095940928,55.60324066833182,15.0,24.46655105639251,0,0,40.634103586298174
2349,0.4889884462804667,14669.653388414003,55.71003352676473,15.0,24.541558247804097,0,0,40.634103586298174
2350,0.48670960036458144,14601.288010937444,55.812359061791106,15.0,24.613427763281464,0,0,40.634103586298174
2351,0.4844196139208044,14532.588417624132,55.9101869521465,15.0,24.68213830633608,0,0,40.634103586298174
2352,0.48211897205407717,14463.569161622316,56.00348820931569,15.0,24.747669516551102,0,0,40.634103586298174
2353,0.4798081630267731,14394.244890803193,56.09223518612263,15.0,24.81000197561473,0,0,40.634103586298174
2354,0.4774876781140145,14324.630343420435,56.17640158492273,15.0,24.86911721307407,0,0,40.634103586298174
2355,0.4751580114580975,14254.740343742926,56.25596246539554,15.0,24.924997711808423,0,0,40.634103586298174
2356,0.472819659922067,14184.589797662009,56.33089425193518,15.0,24.977626913220067,0,0,40.634103586298174
2357,0.470473122942485,14114.19368827455,56.40117474063608,15.0,25.02698922214075,0,0,40.634103586298174
2358,0.4681189023814374,14043.567071443122,56.46678310587271,15.0,25.073070011453048,0,0,40.634103586298174
2359,0.4657575023778208,13972.725071334624,56.527699906470474,15.0,25.115855626424562,0,0,40.634103586298174
2360,0.46338942919795584,13901.682875938675,56.58390709146665,15.0,25.15533338875418,0,0,40.634103586298174
2361,0.46101519108556926,13830.455732567078,56.63538800545932,15.0,25.191491600328945,0,0,40.634103586298174
2362,0.45863529811119025,13759.058943335707,56.68212739354256,15.0,25.22431954669038,0,0,40.634103586298174
2363,0.45625026202100566,13687.50786063017,56.724111405827024,15.0,25.253807500209533,0,0,40.634103586298174
2364,0.4538605960852188,13615.817882556563,56.76132760154373,15.0,25.279946722969335,0,0,40.634103586298174
2365,0.45146681494595564,13544.00444837867,56.793764952730726,15.0,25.302729469353984,0,0,40.634103586298174
2366,0.44906943446476627,13472.083033942989,56.82141384750079,15.0,25.32214898834401,0,0,40.634103586298174
2367,0.4466689715697632,13400.069147092896,56.84426609288971,15.0,25.338199525516842,0,0,40.634103586298174
2368,0.44426594410244474,13327.978323073343,56.862314917283946,15.0,25.35087632475191,0,0,40.634103586298174
2369,0.44186087066424734,13255.82611992742,56.87555497242734,15.0,25.36017562964002,0,0,40.634103586298174
2370,0.4394542704628728,13183.628113886183,56.88398233500579,15.0,25.366094684596426,0,0,40.634103586298174
2371,0.43704666315843566,13111.399894753069,56.88759450780989,15.0,25.36863173567742,0,0,40.634103586298174
2372,0.434638568709477,13039.15706128431,56.88639042047488,15.0,25.36778603109999,0,0,40.634103586298174
2373,0.4322305072188893,12966.915216566678,56.880370429797836,15.0,25.363557821464667,0,0,40.634103586298174
2374,0.4298229987797987,12894.689963393961,56.869536319631905,15.0,25.355948359681225,0,0,40.634103586298174
2375,0.4274165633214502,12822.496899643507,56.85389130035774,15.0,25.344959900597402,0,0,40.634103586298174
2376,0.4250117204551417,12750.351613654251,56.83344000793222,15.0,25.330595700330775,0,0,40.634103586298174
2377,0.4226089893202514,12678.269679607543,56.80818850251466,15.0,25.312860015303905,0,0,40.634103586298174
2378,0.42020888843040616,12606.266652912185,56.77814426667108,15.0,25.291758100983003,0,0,40.634103586298174
2379,0.41781193551983425,12534.358065595028,56.74331620315697,15.0,25.267296210320737,0,0,40.634103586298174
2380,0.4154186473899498,12462.559421698495,56.70371463227922,15.0,25.23948159190323,0,0,40.634103586298174
2381,0.41302953975621354,12390.886192686407,56.65935128883791,15.0,25.20832248780217,0,0,40.634103586298174
2382,0.4106451270953147,12319.353812859441,56.61023931864919,15.0,25.173828131132616,0,0,40.634103586298174
2383,0.4082659224927208,12247.977674781625,56.5563932746497,15.0,25.136008743316875,0,0,40.634103586298174
2384,0.4058924374906394,12176.773124719182,56.497829112584405,15.0,25.09487553105577,0,0,40.634103586298174
2385,0.4035251819364369,12105.755458093106,56.43456418627846,15.0,25.050440683007842,0,0,40.634103586298174
2386,0.40116466383155974,12034.939914946792,56.366617242494826,15.0,25.002717366177517,0,0,40.634103586298174
2387,0.39799921870801447,11939.976561240434,56.29400841537942,15.0,24.95171972201353,1,0,40.634103586298174
2388,0.3948008328284654,11844.024984853962,57.34153362193899,15.0,24.897462862218507,2,0,40.634103586298174
2389,0.3915474802538008,11746.424407614024,59.05343945359937,15.0,24.83996286427091,3,0,40.634103586298174
2390,0.3882385940373857,11647.157821121571,60.78593749595042,15.0,24.779236766661132,4,0,40.634103586298174
2391,0.38487361474223375,11546.208442267012,62.53878275747726,15.0,24.71530256384242,5,0,40.634103586298174
2392,0.3814519909559988,11443.559728679964,64.31171374078065,15.0,24.648179200898902,6,0,40.634103586298174
2393,0.3779731798109303,11339.19539432791,66.10445229983934,15.0,24.5778865679317,7,0,40.634103586298174
2394,0.3744366475082052,11233.099425246157,67.91670351515995,15.0,24.504445494164933,8,0,40.634103586298174
2395,0.3708418698460233,11125.256095380699,69.74815558765499,15.0,24.427877741773813,9,0,40.634103586298174
2396,0.3671883327508237,11015.64998252471,71.59847975207883,15.0,24.348205999435777,10,0,40.634103586298174
2397,0.36347553281095374,10904.265984328613,73.46733021084407,15.0,24.265453875607605,11,0,40.634103586298174
2398,0.35970297781209426,10791.089334362829,75.35434408902438,15.0,24.179645891529447,12,0,40.634103586298174
2399,0.3558701872737176,10676.105618211528,77.25914141133806,15.0,24.090807473958947,13,0,40.634103586298174
2400,0.35197669298583134,10559.30078957494,79.18132510188589,15.0,23.998964947636455,14,0,40.634103586298174
2401,0.3480220395452327,10440.661186356981,81.12048100739833,15.0,23.90414552748472,15,0,40.634103586298174
2402,0.34400578489047623,10320.173546714286,83.07617794472202,15.0,23.806377310544214,16,0,40.634103586298174
2403,0.33992750083473183,10197.825025041955,85.04796777325312,15.0,23.705689267647674,17,0,40.634103586298174
2404,0.33589556014326805,10076.86680429804,87.03538549299248,15.0,20.33851480751099,18,0,40.634103586298174
2405,0.33191236492328735,9957.37094769862,88.97896428388391,15.0,16.94343736769258,19,0,40.634103586298174
2406,0.3279773408320609,9839.320224961828,90.87719918994584,15.0,13.61125218243761,20,0,40.634103586298174
2407,0.32408992030850803,9722.697609255241,92.73022551283177,15.0,10.341617186710167,21,0,40.634103586298174
2408,0.3202495424887074,9607.486274661222,94.53819216851531,15.0,7.134179142547595,22,0,40.634103586298174
2409,0.3164556531224553,9493.66959367366,96.30126154258448,15.0,3.988573753350181,23,0,40.634103586298174
2410,0.31270770449086055,9381.231134725816,98.01960934126404,15.0,0.904425782819871,24,0,40.634103586298174
2411,0.3090051553249629,9270.154659748887,97.5747736167098,15.0,0.0,25,0,40.634103586298174
2412,0.30534747072536517,9160.424121760954,96.24185591698665,15.0,0.0,26,0,40.634103586298174
2413,0.3017341220828661,9052.023662485983,94.92508946113145,15.0,0.0,27,0,40.634103586298174
2414,0.29816458700008486,8944.937610002546,93.62428394983179,15.0,0.0,28,0,40.634103586298174
2415,0.2946383492140639,8839.150476421917,92.33925132003054,15.0,0.0,29,0,40.634103586298174
2416,0.2911548985198411,8734.646955595234,91.069805717063,15.0,0.0,30,0,40.634103586298174
2417,0.2877137306949796,8631.411920849387,89.8157634671428,15.0,0.0,31,0,40.634103586298174
2418,0.28431434742504413,8529.430422751324,88.57694305019264,15.0,0.0,32,0,40.634103586298174
2419,0.2809562562300152,8428.687686900455,87.3531650730159,15.0,0.0,33,0,40.634103586298174
2420,0.2776389703916278,8329.169111748835,86.14425224280546,15.0,0.0,34,0,40.634103586298174
2421,0.2743620088816274,8230.86026644882,84.95002934098602,15.0,0.0,35,0,40.634103586298174
2422,0.2711248962909298,8133.746888727894,83.77032319738585,15.0,0.0,36,0,40.634103586298174
2423,0.26792716275967854,8037.814882790356,82.60496266473473,15.0,0.0,37,0,40.634103586298174
2424,0.26476834390818593,7943.050317245577,81.45377859348427,15.0,0.0,38,0,40.634103586298174
2425,0.26164798076875057,7849.439423062518,80.31660380694693,15.0,0.0,39,0,40.634103586298174
2426,0.2585656197183405,7756.968591550216,79.19327307675022,15.0,0.0,40,0,40.634103586298174
2427,0.2555208124121323,7665.62437236397,78.08362309860259,15.0,0.0,41,0,40.634103586298174
2428,0.2525131157178967,7575.393471536901,76.98749246836765,15.0,0.0,42,0,40.634103586298174
2429,0.24954209165122138,7486.262749536641,75.90472165844282,15.0,0.0,43,0,40.634103586298174
2430,0.24660730731156127,7398.219219346838,74.83515299443968,15.0,0.0,44,0,44.634103586298174
2431,0.24370833481910723,7311.250044573217,73.77863063216206,15.0,0.0,45,0,44.634103586298174
2432,0.24084475125246385,7225.342537573915,72.73500053487861,15.0,0.0,46,0,44.634103586298174
2433,0.2380161385871274,7140.4841576138215,71.70411045088699,15.0,0.0,47,0,44.634103586298174
2434,0.2352220836347547,7056.6625090426405,70.68580989136586,15.0,0.0,48,0,44.634103586298174
2435,0.2324621779832143,6973.865339496429,69.67995010851169,15.0,0.0,49,0,44.634103586298174
2436,0.22973601793741094,6892.080538122328,68.68638407395716,15.0,0.0,50,0,44.634103586298174
2437,0.22704320446087436,6811.296133826231,67.70496645746793,15.0,0.0,51,0,44.634103586298174
2438,0.2243833431181047,6731.500293543141,66.73555360591477,15.0,0.0,52,0,44.634103586298174
2439,0.2217560440176645,6652.681320529935,65.7780035225177,15.0,0.0,53,0,44.634103586298174
2440,0.21916092175601035,6574.82765268031,64.83217584635922,15.0,0.0,54,0,44.634103586298174
2441,0.21659759536205464,6497.92786086164,63.89793183216373,15.0,0.0,55,0,44.634103586298174
2442,0.21406568824244984,6421.970647273495,62.97513433033967,15.0,0.0,56,0,44.634103586298174
2443,0.21156482812758667,6346.9448438276,62.06364776728195,15.0,0.0,57,0,44.634103586298174
2444,0.20909464701829827,6272.839410548948,61.16333812593121,15.0,0.0,58,0,44.634103586298174
2445,0.20665478113326227,6199.643433997868,60.27407292658739,15.0,0.0,59,0,44.634103586298174
2446,0.20424487085709261,6127.346125712778,59.39572120797442,15.0,0.0,60,0,44.634103586298174
2447,0.2018645606891135,6055.936820673404,58.528153508553345,15.0,0.0,61,0,44.634103586298174
2448,0.19951349919280742,5985.404975784222,57.671241848080854,15.0,0.0,62,0,44.634103586298174
2449,0.19719133894592977,5915.7401683778935,56.824859709410674,15.0,0.0,63,0,44.634103586298174
2450,0.19489773649128211,5846.932094738463,55.988882020534724,15.0,0.0,64,0,44.634103586298174
2451,0.1926323522881365,5778.970568644095,55.16318513686156,15.0,0.0,65,0,44.634103586298174
2452,0.19039485066430367,5711.84551992911,54.34764682372913,15.0,0.0,66,0,44.634103586298174
2453,0.1881848997688375,5645.546993065125,53.54214623914932,15.0,0.0,67,0,44.634103586298174
2454,0.186002171525368,5580.06514576104,52.746563916781504,15.0,0.0,68,0,44.634103586298174
2455,0.18384634158605603,5515.390247581681,51.96078174913248,15.0,0.0,69,0,44.634103586298174
2456,0.18171708928616234,5451.512678584871,51.18468297098018,15.0,0.0,70,0,44.634103586298174
2457,0.17961409759922367,5388.4229279767105,50.41815214301845,15.0,0.0,71,0,44.634103586298174
2458,0.17753705309282886,5326.111592784866,49.66107513572052,15.0,0.0,72,0,44.634103586298174
2459,0.17548564588498794,5264.569376549638,48.9133391134184,15.0,0.0,73,0,44.634103586298174
2460,0.17345956960108735,5203.787088032621,48.17483251859565,15.0,0.0,74,0,44.634103586298174
2461,0.17145852133142422,5143.755639942727,47.44544505639145,15.0,0.0,75,0,44.634103586298174
2462,0.16948220158931285,5084.466047679385,46.72506767931273,15.0,0.0,76,0,44.634103586298174
2463,0.1675303142697568,5025.909428092705,46.01359257215262,15.0,0.0,77,0,44.634103586298174
2464,0.16560256660867992,4968.076998260398,45.310913137112465,15.0,0.0,78,0,44.634103586298174
2465,0.16369866914270909,4910.960074281273,44.61692397912478,15.0,0.0,79,0,44.634103586298174
2466,0.16181833566950307,4854.550070085093,43.93152089137528,15.0,0.0,80,0,44.634103586298174
2467,0.15996128320862,4798.8384962586,43.25460084102111,15.0,0.0,81,0,44.634103586298174
2468,0.1581272319629175,4743.816958887525,42.5860619551032,15.0,0.0,82,0,44.634103586298174
2469,0.15631590528047926,4689.477158414377,41.925803506650304,15.0,0.0,83,0,44.634103586298174
2470,0.15452702961706088,4635.810888511826,41.27372590097252,15.0,0.0,84,0,44.634103586298174
2471,0.1527603344990498,4582.810034971494,40.62973066214192,15.0,0.0,85,0,44.634103586298174
2472,0.15101555248693202,4530.466574607961,39.99372041965793,15.0,0.0,86,0,44.634103586298174
2473,0.14929241913926022,4478.772574177807,39.36559889529554,15.0,0.0,87,0,44.634103586298174
2474,0.14759067297711678,4427.720189313503,38.74527089013368,15.0,0.0,88,0,44.634103586298174
2475,0.1459100554490656,4377.301663471968,38.13264227176205,15.0,0.0,89,0,44.634103586298174
2476,0.14425031089658694,4327.509326897608,37.52761996166362,15.0,0.0,90,0,44.634103586298174
2477,0.14261118651998908,4278.335595599672,36.930111922771296,15.0,0.0,91,0,44.634103586298174
2478,0.14099243234479103,4229.772970343731,36.34002714719607,15.0,0.0,92,0,44.634103586298174
2479,0.13939380118857042,4181.814035657113,35.75727564412477,15.0,0.0,93,0,44.634103586298174
2480,0.13781504862827074,4134.4514588481225,35.18176842788536,15.0,0.0,94,0,44.634103586298174
2481,0.1362559329679621,4087.6779890388625,34.61341750617747,15.0,0.0,95,0,44.634103586298174
2482,0.13471621520704988,4041.4864562114967,34.05213586846635,15.0,0.0,96,0,44.634103586298174
2483,0.13319565900892597,3995.869770267779,33.49783747453796,15.0,0.0,97,0,44.634103586298174
2484,0.13169403067005603,3950.820920101681,32.95043724321335,15.0,0.0,98,0,44.634103586298174
2485,0.13021109908949846,3906.332972684954,32.40985104122018,15.0,0.0,99,0,44.634103586298174
2486,0.1287466357388485,3862.399072165455,31.875995672219442,15.0,0.0,100,0,44.634103586298174
2487,0.12730041463260275,3819.0124389780826,31.348788865985462,15.0,0.0,101,0,44.634103586298174
2488,0.12587221229893833,3776.16636896815,30.82814926773699,15.0,0.0,102,0,44.634103586298174
2489,0.12446180775090132,3733.8542325270396,30.313996427617802,15.0,0.0,103,0,44.634103586298174
2490,0.12306898245799934,3692.0694737399804,29.806250790324476,15.0,0.0,104,0,44.634103586298174
2491,0.12169352031819296,3650.8056095457887,29.30483368487977,15.0,0.0,105,0,44.634103586298174
2492,0.12033520763028048,3610.0562289084146,28.809667314549465,15.0,0.0,106,0,44.634103586298174
2493,0.1189938330666714,3569.814992000142,28.320674746900977,15.0,0.0,107,0,44.634103586298174
2494,0.11766918764654283,3530.075629396285,27.837779904001707,15.0,0.0,108,0,44.634103586298174
2495,0.11636106470937431,3490.8319412812293,27.36090755275542,15.0,0.0,109,0,44.634103586298174
2496,0.11506925988885565,3452.0777966656697,26.889983295374755,15.0,0.0,110,0,44.634103586298174
2497,0.11379357108716297,3413.807132614889,26.424933559988034,15.0,0.0,111,0,44.634103586298174
2498,0.11253379844959777,3376.013953487933,25.965685591378666,15.0,0.0,112,0,44.634103586298174
2499,0.11128974433958459,3338.6923301875377,25.512167441855198,15.0,0.0,113,0,44.634103586298174
2500,0.1100612133140217,3301.836399420651,25.064307962250457,15.0,0.0,114,0,44.634103586298174
2501,0.10884801209898069,3265.4403629694207,24.622036793047812,15.0,0.0,115,0,44.634103586298174
2502,0.10764994956574962,3229.4984869724885,24.185284355633055,15.0,0.0,116,0,44.634103586298174
2503,0.10646683670721542,3194.0051012164627,23.753981843669862,15.0,0.0,117,0,44.634103586298174
2504,0.10529848661458052,3158.954598437416,23.328061214597554,15.0,0.0,118,0,44.634103586298174
2505,0.10414471445440932,3124.3414336322794,22.90745518124899,15.0,0.0,119,0,44.634103586298174
2506,0.10300533744599952,3090.1601233799856,22.492097203587356,15.0,0.0,120,0,44.634103586298174
2507,0.10188017483907429,3056.4052451722287,22.081921480559824,15.0,0.0,121,0,44.634103586298174
2508,0.1007690478917901,3023.071436753703,21.676862942066748,15.0,0.0,122,0,44.634103586298174
2509,0.09967177984905626,2990.153395471688,21.27685724104444,15.0,0.0,123,0,44.634103586298174
2510,0.09858819592116141,2957.6458776348422,20.881840745660256,15.0,0.0,124,0,44.634103586298174
2511,0.09751812326270255,2925.5436978810767,20.49175053161811,15.0,0.0,125,0,44.634103586298174
2512,0.09646139095181246,2893.8417285543737,20.10652437457292,15.0,0.0,126,0,44.634103586298174
2513,0.09541782996968087,2862.5348990904263,19.726100742652484,15.0,0.0,127,0,44.634103586298174
2514,0.09438727318036538,2831.6181954109616,19.35041878908512,15.0,0.0,128,0,44.634103586298174
2515,0.09336955531088761,2801.0866593266283,18.97941834493154,15.0,0.0,129,0,44.634103586298174
2516,0.09236451293161044,2770.9353879483133,18.613039911919543,15.0,0.0,130,0,44.634103586298174
2517,0.0913719844368924,2741.159533106772,18.251224655379758,15.0,0.0,131,0,44.634103586298174
2518,0.09039181002601455,2711.7543007804366,17.893914397281264,15.0,0.0,132,0,44.634103586298174
2519,0.08942383168437631,2682.7149505312896,17.54105160936524,15.0,0.0,133,0,44.634103586298174
2520,0.08846789316495578,2654.036794948673,17.192579406375472,15.0,0.0,134,0,44.634103586298174
2521,0.08752383997003056,2625.715199100917,16.848441539384076,15.0,0.0,135,0,44.634103586298174
2522,0.08659151933315544,2597.7455799946633,16.508582389211,15.0,0.0,136,0,44.634103586298174
2523,0.08567078020139235,2570.1234060417705,16.172946959935963,15.0,0.0,137,0,44.634103586298174
2524,0.08476147321778929,2542.8441965336788,15.841480872501245,15.0,0.0,138,0,44.634103586298174
2525,0.08386345070410398,2515.9035211231194,15.514130358404147,15.0,0.0,139,0,44.634103586298174
2526,0.08297656664376846,2489.2969993130537,15.190842253477435,15.0,0.0,140,0,44.634103586298174
2527,0.08210067666509091,2463.0202999527273,14.871563991756645,15.0,0.0,141,0,44.634103586298174
2528,0.08123563802469078,2437.0691407407235,14.556243599432731,15.0,0.0,142,0,44.634103586298174
2529,0.08038130959116364,2411.439287734909,14.244829688888682,15.0,0.0,143,0,44.634103586298174
2530,0.07953755182897185,2386.1265548691554,13.937271452818912,15.0,0.0,144,0,44.634103586298174
2531,0.07870422678255763,2361.126803476729,13.633518658429864,15.0,0.0,145,0,44.634103586298174
2532,0.07788119806067466,2336.43594182024,13.333521641720752,15.0,0.0,146,0,44.634103586298174
2533,0.07706833082093476,2312.049924628043,13.03723130184288,15.0,0.0,147,0,44.634103586298174
2534,0.07626549175456601,2287.9647526369804,12.744599095536515,15.0,0.0,148,0,44.634103586298174
2535,0.07547254907137883,2264.176472141365,12.455577031643767,15.0,0.0,149,0,44.634103586298174
2536,0.07468937248493653,2240.681174548096,12.170117665696381,15.0,0.0,150,0,44.634103586298174
2537,0.07391583319792676,2217.4749959378028,11.888174094577153,15.0,0.0,151,0,44.634103586298174
2538,0.0731518038877306,2194.554116631918,11.609699951253635,15.0,0.0,152,0,44.634103586298174
2539,0.07239715869218581,2171.9147607655746,11.334649399583018,15.0,0.0,153,0,44.634103586298174
2540,0.07165177319554093,2149.553195866228,11.062977129186894,15.0,0.0,154,0,44.634103586298174
2541,0.07091552441459673,2127.465732437902,10.794638350394738,15.0,0.0,155,0,44.634103586298174
2542,0.07018829078503204,2105.648723550961,10.529588789254824,15.0,0.0,156,0,44.634103586298174
2543,0.06946995214791052,2084.0985644373154,10.267784682611532,15.0,0.0,157,0,44.634103586298174
2544,0.06876038973636499,2062.8116920909497,10.009182773247787,15.0,0.0,158,0,44.634103586298174
2545,0.06805948616245659,2041.7845848736977,9.753740305091398,15.0,0.0,159,0,44.634103586298174
2546,0.06736712540420511,2021.0137621261536,9.501415018484373,15.0,0.0,160,0,44.634103586298174
2547,0.06668319279278774,2000.4957837836323,9.252165145513843,15.0,0.0,161,0,44.634103586298174
2548,0.06600757499990294,1980.227249997088,9.005949405403587,15.0,0.0,162,0,44.634103586298174
2549,0.06534016002529651,1960.2048007588953,8.762726999965057,15.0,0.0,163,0,44.634103586298174
2550,0.06468083718444687,1940.425115533406,8.522457609106745,15.0,0.0,164,0,44.634103586298174
2551,0.0640294970964063,1920.884912892189,8.285101386400871,15.0,0.0,165,0,44.634103586298174
2552,0.0633860316717956,1901.580950153868,8.05061895470627,15.0,0.0,166,0,44.634103586298174
2553,0.06275033410094887,1882.5100230284659,7.818971401846415,15.0,0.0,167,0,44.634103586298174
2554,0.0621222988422058,1863.668965266174,7.590120276341591,15.0,0.0,168,0,44.634103586298174
2555,0.06150182161034849,1845.0546483104547,7.364027583194088,15.0,0.0,169,0,44.634103586298174
2556,0.060888799365179984,1826.6639809553994,7.1406557797254555,15.0,0.0,170,0,44.634103586298174
2557,0.060283130300241766,1808.493909007253,6.919967771464794,15.0,0.0,171,0,44.634103586298174
2558,0.059684713831667506,1790.5414149500252,6.701926908087035,15.0,0.0,172,0,44.634103586298174
2559,0.059093450587170214,1772.8035176151063,6.486496979400304,15.0,0.0,173,0,44.634103586298174
2560,0.058509242395160234,1755.277271854807,6.273642211381276,15.0,0.0,174,0,44.634103586298174
2561,0.0579319922739914,1737.959768219742,6.063327262257683,15.0,0.0,175,0,44.634103586298174
2562,0.0573616044213327,1720.848132639981,5.855517218636905,15.0,0.0,176,0,44.634103586298174
2563,0.056797984203662846,1703.9395261098855,5.650177591679771,15.0,0.0,177,0,44.634103586298174
2564,0.0562410381458853,1687.2311443765589,5.447274313318626,15.0,0.0,178,0,44.634103586298174
2565,0.05569067392106102,1670.7202176318306,5.246773732518708,15.0,0.0,179,0,44.634103586298174
2566,0.05514680034025678,1654.4040102077033,5.048642611581968,15.0,0.0,180,0,44.634103586298174
2567,0.0546093273425062,1638.279820275186,4.852848122492439,15.0,0.0,181,0,44.634103586298174
2568,0.05407816598488136,1622.3449795464408,4.6593578433022325,15.0,0.0,182,0,44.634103586298174
2569,0.05355322843267246,1606.596852980174,4.4681397545572885,15.0,0.0,183,0,44.634103586298174
2570,0.05303442794967327,1591.0328384901982,4.279162235762087,15.0,0.0,184,0,44.634103586298174
2571,0.05252167888856986,1575.6503666570957,4.092394061882377,15.0,0.0,185,0,44.634103586298174
2572,0.05201489668143052,1560.4469004429156,3.907804399885148,15.0,0.0,186,0,44.634103586298174
2573,0.0515139978302945,1545.4199349088349,3.7253628053149868,15.0,0.0,187,0,44.634103586298174
2574,0.05101889989785723,1530.566996935717,3.5450392189060196,15.0,0.0,188,0,44.634103586298174
2575,0.05052952149825012,1515.8856449475036,3.3668039632286053,15.0,0.0,189,0,44.634103586298174
2576,0.050045782287912385,1501.3734686373716,3.1906277393700435,15.0,0.0,190,0,44.634103586298174
2577,0.04956760295655308,1487.0280886965925,3.0164816236484597,15.0,0.0,191,0,44.634103586298174
