tick,basin_frac,basin_level_ml,dc_total_draw_ml,community_received_ml,farm_total_received_ml,community_complaints,active_cap,total_dc_capacity_ml
0,0.8017224124404085,24051.672373212255,5.401410945182553,15.0,2.9204283920565963,0,0,9.000962438648504
1,0.8034447209575101,24103.341628725302,5.4032777114535095,15.0,2.9272352689075225,0,0,9.000962438648504
2,0.8051665135076631,24154.995405229893,5.40621054935353,15.0,2.9379294124217696,0,0,9.000962438648504
3,0.8068873782001187,24206.62134600356,5.410208589819449,15.0,2.9525076536938135,0,0,9.000962438648504
4,0.8086069034190723,24258.207102572167,5.41527064814559,15.0,2.97096567287614,0,0,9.000962438648504
5,0.8103246779456336,24309.740338369007,5.421395224334825,15.0,2.9932980004593106,0,0,9.000962438648504
6,0.8120402910796808,24361.208732390423,5.428580503543049,15.0,3.0194980188926928,0,0,9.000962438648504
7,0.8137533327615591,24412.599982846776,5.4368243566169605,15.0,3.049557964545381,0,0,9.000962438648504
8,0.815463393693591,24463.90181080773,5.446124340724976,15.0,3.0834689300067284,0,0,9.000962438648504
9,0.8171700654613586,24515.10196384076,5.456477700081099,15.0,3.121220866725815,0,0,9.000962438648504
10,0.8188729406547273,24566.18821964182,5.467881366761503,15.0,3.1628025879890345,0,0,9.000962438648504
11,0.8205716129885688,24617.148389657064,5.480331961613643,15.0,3.208201772234969,0,0,9.000962438648504
12,0.8222656774231535,24667.970322694604,5.493825795257557,15.0,3.2574049667055354,0,0,9.000962438648504
13,0.823954730284171,24718.64190852513,5.508358869179114,15.0,3.3103975914323165,0,0,9.000962438648504
14,0.8256383693823489,24769.151081470467,5.5239268769148655,15.0,3.367163943556932,0,0,9.000962438648504
15,0.8273161941326294,24819.48582397888,5.54052520532813,15.0,3.4276872019841296,0,0,9.000962438648504
16,0.8289878056728714,24869.634170186142,5.55814893597598,15.0,3.491949432366239,0,0,9.000962438648504
17,0.8306528069820421,24919.584209461264,5.576792846566674,15.0,3.5599315924175055,0,0,9.000962438648504
18,0.8323108029978628,24969.324089935883,5.596451412507132,15.0,3.6316135375567296,0,0,9.000962438648504
19,0.8339614007338743,25018.842022016226,5.617118808540003,15.0,3.7069740268765448,0,0,9.000962438648504
20,0.8356042093958874,25068.126281876623,5.638788910469801,15.0,3.7859907294375517,0,0,9.000962438648504
21,0.837238840497784,25117.16521493352,5.661455296977646,15.0,3.8686402308854615,0,0,9.000962438648504
22,0.838864907976633,25165.947239298992,5.6851112515240345,15.0,3.954898040389275,0,0,9.000962438648504
23,0.8404820283070902,25214.460849212704,5.709749764339099,15.0,4.044738597898439,0,0,9.000962438648504
24,0.8420898206150438,25262.694618451314,5.735363534499747,15.0,4.138135281716843,0,0,9.000962438648504
25,0.8436879067904771,25310.637203714312,5.761944972093093,15.0,4.235060416391409,0,0,9.000962438648504
26,0.8452759115995095,25358.277347985288,5.7894862004654986,15.0,4.335485280912916,0,0,9.000962438648504
27,0.8468534627955874,25405.60388386762,5.817979058556612,15.0,4.43938011722666,0,0,9.000962438648504
28,0.8484201912297874,25452.605736893624,5.8474151033176565,15.0,4.546714139050412,0,0,9.000962438648504
29,0.849975730960205,25499.27192880615,5.877785612213283,15.0,4.65745554099704,0,0,9.000962438648504
30,0.8515197193603895,25545.591580811684,5.909081585806259,15.0,4.7715715079991545,0,0,9.000962438648504
31,0.8530517972267987,25591.55391680396,5.941293750424187,15.0,4.88902822503291,0,0,9.000962438648504
32,0.8545716088852388,25637.148266557164,5.974412560907491,15.0,5.0097908871381245,0,0,9.000962438648504
33,0.856078802296258,25682.36406888774,6.008428203437869,15.0,5.133823709731748,0,0,9.000962438648504
34,0.8575730291594637,25727.190874783908,6.0433305984463175,15.0,5.261089939211594,0,0,9.000962438648504
35,0.8590539450167309,25771.61835050193,6.07910940359994,15.0,5.391551863847236,0,0,9.000962438648504
36,0.8605212093542735,25815.636280628205,6.115754016866601,15.0,5.525170824954813,0,0,9.000962438648504
37,0.8619744857035448,25859.234571106346,6.153253579656534,15.0,5.66190722835241,0,0,9.000962438648504
38,0.8634134417409411,25902.403252228236,6.191596980039977,15.0,5.80172055609269,0,0,9.000962438648504
39,0.8648377493862763,25945.13248158829,6.230772856039877,15.0,5.944569378469219,0,0,9.000962438648504
40,0.8662470848999989,25987.412546999967,6.270769598998693,15.0,6.090411366293001,0,0,9.000962438648504
41,0.8676411289791229,26029.23386937369,6.311575357018285,15.0,6.239203303435518,0,0,9.000962438648504
42,0.8690195668518449,26070.587005555346,6.3531780384718886,15.0,6.390901099634599,0,0,9.000962438648504
43,0.8703820883708165,26111.462651124497,6.395565315587133,15.0,6.545459803559322,0,0,9.000962438648504
44,0.8717283881050495,26151.851643151484,6.438724628099016,15.0,6.702833616130069,0,0,9.000962438648504
45,0.8730581654304195,26191.744962912584,6.482643186971785,15.0,6.8629759040897635,0,0,9.000962438648504
46,0.8743711246187491,26231.133738562472,6.527307978188608,15.0,7.025839213822337,0,0,9.000962438648504
47,0.8756669749254377,26270.00924776313,6.5727057666079,15.0,7.191375285414232,0,0,9.000962438648504
48,0.8769454306756155,26308.362920268464,6.618823099885188,15.0,7.3595350669548765,0,0,9.000962438648504
49,0.8782062113487953,26346.186340463857,6.665646312459331,15.0,7.530268729071814,0,0,9.000962438648504
50,0.8794490416619966,26383.471249859896,6.713161529601912,15.0,7.703525679696227,0,0,9.000962438648504
51,0.8806736516513181,26420.20954953954,6.761354671528631,15.0,7.879254579054452,0,0,9.000962438648504
52,0.8818797767519334,26456.393302558,6.810211457571443,15.0,8.057403354881071,0,0,9.000962438648504
53,0.8830671578764879,26492.014736294637,6.859717410410225,15.0,8.237919217849038,0,0,9.000962438648504
54,0.8842355414918714,26527.066244756144,6.909857860362727,15.0,8.420748677212309,0,0,9.000962438648504
55,0.885384679694346,26561.540390830378,6.9606179497315095,15.0,8.60583755665629,0,0,9.000962438648504
56,0.8865143302830044,26595.429908490132,7.011982637206597,15.0,8.793131010351452,0,0,9.000962438648504
57,0.8876242568315403,26628.72770494621,7.063936702322552,15.0,8.982573539205347,0,0,9.000962438648504
58,0.8887142287583063,26661.426862749187,7.11646474996862,15.0,9.174109007308168,0,0,9.000962438648504
59,0.8897840213946395,26693.520641839186,7.169551214950634,15.0,9.367680658567043,0,0,9.000962438648504
60,0.8908334160514368,26725.002481543106,7.223180366603322,15.0,9.563231133524088,0,0,9.000962438648504
61,0.8918622000839566,26755.8660025187,7.277336313451636,15.0,9.760702486353242,0,0,9.000962438648504
62,0.8928701669548298,26786.105008644892,7.332003007919743,15.0,9.960036202030889,0,0,9.000962438648504
63,0.8938571162952615,26815.713488857848,7.387164251086272,15.0,10.161173213675092,0,0,9.000962438648504
64,0.8948228539644054,26844.685618932162,7.442803697484392,15.0,10.364053920048413,0,0,9.000962438648504
65,0.8957671921068903,26873.01576320671,7.4989048599453385,15.0,10.568618203219032,0,0,9.000962438648504
66,0.8966899492084871,26900.698476254613,7.555451114483912,15.0,10.774805446374982,0,0,9.000962438648504
67,0.8975909501498948,26927.72850449684,7.612425705224526,15.0,10.98255455178623,0,0,9.000962438648504
68,0.8984700262586318,26954.100787758955,7.66981174936633,15.0,11.191803958909254,0,0,9.000962438648504
69,0.8993270153590184,26979.81046077055,7.727592242185952,15.0,11.402491662628748,0,0,9.000962438648504
70,0.9001617618202314,27004.852854606943,7.785750062076367,15.0,11.614555231631087,0,0,9.000962438648504
71,0.9009741166024221,27029.223498072664,7.84426797562039,15.0,11.82793182690407,0,0,9.000962438648504
72,0.9017639373008792,27052.918119026377,7.90312864269732,15.0,12.042558220357476,0,0,9.000962438648504
73,0.902531088188227,27075.93264564681,7.962314621621184,15.0,12.258370813558905,0,0,9.000962438648504
74,0.903275440254644,27098.26320763932,8.021808374309089,15.0,12.475305656579373,0,0,9.000962438648504
75,0.9039968712460912,27119.906137382735,8.081592271478135,15.0,12.693298466943055,0,0,9.000962438648504
76,0.904695265700539,27140.857971016172,8.141648597869345,15.0,12.912284648675579,0,0,9.000962438648504
77,0.905370514982181,27161.11544946543,8.201959557497089,15.0,13.132199311445175,0,0,9.000962438648504
78,0.9060225173136247,27180.675519408742,8.262507278922413,15.0,13.35297728979113,0,0,9.000962438648504
79,0.9066511778060509,27199.535334181524,8.323273820548732,15.0,13.574553162433673,0,0,9.000962438648504
80,0.9072564084873307,27217.69225461992,8.384241175938312,15.0,13.796861271659743,0,0,9.000962438648504
81,0.9078381283280944,27235.143849842832,8.445391279147966,15.0,14.019835742778774,0,0,9.000962438648504
82,0.9083962632657415,27251.887897972247,8.506706010082391,15.0,14.243410503642794,0,0,9.000962438648504
83,0.9089307462263874,27267.922386791623,8.568167199863526,15.0,14.467519304225016,0,0,9.000962438648504
84,0.9094415171447384,27283.245514342154,8.629756636214399,15.0,14.692095736251165,0,0,9.000962438648504
85,0.9099285229818912,27297.855689456737,8.69145606885581,15.0,14.917073252877675,0,0,9.000962438648504
86,0.9103917177410484,27311.751532231454,8.753247214914285,15.0,15.142385188410959,0,0,9.000962438648504
87,0.9108310624811494,27324.931874434482,8.815111764339687,15.0,15.367964778061886,0,0,9.000962438648504
88,0.9112465253284086,27337.395759852257,8.877031385330872,15.0,15.593745177729634,0,0,9.000962438648504
89,0.9116380814857609,27349.142444572826,8.938987729767806,15.0,15.819659483809048,0,0,9.000962438648504
90,0.9120057132402092,27360.171397206275,9.000962438648504,15.0,16.045640753015604,0,0,9.000962438648504
91,0.9123494099680735,27370.482299042204,9.062937147529203,15.0,16.271622022222157,0,0,9.000962438648504
92,0.9126691681381384,27380.075044144152,9.124893491966137,15.0,16.49753632830157,0,0,9.000962438648504
93,0.9129649913127003,27388.94973938101,9.18681311295732,15.0,16.72331672796932,0,0,9.000962438648504
94,0.9132368901465109,27397.106704395326,9.248677662382722,15.0,16.948896317620246,0,0,9.000962438648504
95,0.9134848823836206,27404.546471508616,9.310468808441197,15.0,17.17420825315353,0,0,9.000962438648504
96,0.9137089928521203,27411.269785563607,9.372168241082608,15.0,17.39918576978004,0,0,9.000962438648504
97,0.9139092534567844,27417.277603703533,9.433757677433483,15.0,17.623762201806187,0,0,9.000962438648504
98,0.9140857031696167,27422.5710950885,9.495218867214618,15.0,17.84787100238841,0,0,9.000962438648504
99,0.9142383880183019,27427.15164054906,9.556533598149041,15.0,18.071445763252427,0,0,9.000962438648504
100,0.914367361072567,27431.02083217701,9.617683701358697,15.0,18.294420234371458,0,0,9.000962438648504
101,0.9144726824284557,27434.18047285367,9.678651056748278,15.0,18.516728343597535,0,0,9.000962438648504
102,0.9145544191905197,27436.63257571559,9.739417598374596,15.0,18.738304216240074,0,0,9.000962438648504
103,0.9146126454519355,27438.379363558066,9.79996531979992,15.0,18.959082194586024,0,0,9.000962438648504
104,0.9146474422725481,27439.423268176444,9.860276279427664,15.0,19.178996857355628,0,0,9.000962438648504
105,0.9146588976548514,27439.766929645542,9.920332605818874,15.0,19.39798303908815,0,0,9.000962438648504
106,0.9146471065179113,27439.413195537338,9.980116502987919,15.0,19.615975849451832,0,0,9.000962438648504
107,0.9146121706692388,27438.365120077164,10.039610255675825,15.0,19.832910692472304,0,0,9.000962438648504
108,0.914554198774623,27436.62596323869,10.09879623459969,15.0,20.04872328567373,0,0,9.000962438648504
109,0.9144733063259302,27434.199189777904,10.157656901676619,15.0,20.263349679127135,0,0,9.000962438648504
110,0.9143696156068816,27431.088468206446,10.216174815220642,15.0,20.476726274400114,0,0,9.000962438648504
111,0.9142432556568179,27427.297669704534,10.274332635111056,15.0,20.688789843402454,0,0,9.000962438648504
112,0.9140943622324623,27422.83086697387,10.332113127930679,15.0,20.899477547121954,0,0,9.000962438648504
113,0.9139230777676928,27417.692333030784,10.389499172072483,15.0,21.108726954244975,0,0,9.000962438648504
114,0.9137295513313356,27411.886539940067,10.446473762813095,15.0,21.316476059656225,0,0,9.000962438648504
115,0.9135139385829935,27405.418157489803,10.50302001735167,15.0,21.52266330281217,0,0,9.000962438648504
116,0.9132764017269198,27398.292051807595,10.559121179812617,15.0,21.72722758598279,0,0,9.000962438648504
117,0.9130171094639546,27390.51328391864,10.614760626210735,15.0,21.930108292356113,0,0,9.000962438648504
118,0.9127362369415342,27382.087108246025,10.669921869377266,15.0,22.131245304000316,0,0,9.000962438648504
119,0.9124339657017914,27373.01897105374,10.724588563845373,15.0,22.330579019677963,0,0,9.000962438648504
120,0.912110483627761,27363.31450883283,10.778744510693686,15.0,22.528050372507117,0,0,9.000962438648504
121,0.9117659848877058,27352.979546631173,10.832373662346374,15.0,22.723600847464162,0,0,9.000962438648504
122,0.9114006698775802,27342.020096327404,10.88546012732839,15.0,22.917172498723037,0,0,9.000962438648504
123,0.9110147451616487,27330.44235484946,10.937988174974455,15.0,23.108707966825857,0,0,9.000962438648504
124,0.9106084234112765,27318.252702338294,10.98994224009041,15.0,23.29815049567975,0,0,9.000962438648504
125,0.9101819233419102,27305.457700257306,11.0413069275655,15.0,23.485443949374915,0,0,9.000962438648504
126,0.9097354696482679,27292.06408944804,11.092067016934282,15.0,23.670532828818892,0,0,9.000962438648504
127,0.9092692929377572,27278.078788132716,11.142207466886784,15.0,23.85336228818217,0,0,9.000962438648504
128,0.9087836296621411,27263.50888986423,11.191713419725566,15.0,24.033878151150134,0,0,9.000962438648504
129,0.9082787220474724,27248.361661424173,11.240570205768378,15.0,24.212026926976748,0,0,9.000962438648504
130,0.9077548180223174,27232.64454066952,11.288763347695097,15.0,24.387755826334974,0,0,9.000962438648504
131,0.907212171144288,27216.36513432864,11.336278564837677,15.0,24.561012776959394,0,0,9.000962438648504
132,0.9066510405249085,27199.531215747254,11.38310177741182,15.0,24.73174643907633,0,0,9.000962438648504
133,0.9060716907528344,27182.150722585033,11.42921911068911,15.0,24.899906220616977,0,0,9.000962438648504
134,0.9054743918154496,27164.23175446349,11.474616899108401,15.0,25.065442292208864,0,0,9.000962438648504
135,0.9048594190188629,27145.782570565887,11.519281690325224,15.0,25.228305601941443,0,0,9.000962438648504
136,0.9042270529063288,27126.811587189863,11.56320024919799,15.0,25.388447889901133,0,0,9.000962438648504
137,0.9035775791751168,27107.327375253506,11.606359561709876,15.0,25.545821702471883,0,0,9.000962438648504
138,0.9029112885918535,27087.338657755605,11.64874683882512,15.0,25.700380406396604,0,0,9.000962438648504
139,0.9022284769063611,27066.85430719083,11.690349520278724,15.0,25.852078202595685,0,0,9.000962438648504
140,0.9015294447640211,27045.88334292063,11.731155278298317,15.0,26.000870139738204,0,0,9.000962438648504
141,0.9008144976166866,27024.4349285006,11.77115202125713,15.0,26.146712127561983,0,0,9.000962438648504
142,0.9000839456321702,27002.518368965106,11.810327897257032,15.0,26.28956094993852,0,0,9.000962438648504
143,0.899338103602334,26980.14310807002,11.848671297640475,15.0,26.429374277678797,0,0,9.000962438648504
144,0.8985772908498112,26957.318725494337,11.886170860430408,15.0,26.56611068107639,0,0,9.000962438648504
145,0.897801831133383,26934.054934001488,11.922815473697069,15.0,26.699729642183968,0,0,9.000962438648504
146,0.8970120525520417,26910.361576561252,11.958594278850692,15.0,26.830191566819607,0,0,9.000962438648504
147,0.896208287447769,26886.24862343307,11.99349667385914,15.0,26.957457796299458,0,0,9.000962438648504
148,0.8953908723070547,26861.72616921164,12.027512316389517,15.0,27.081490618893078,0,0,9.000962438648504
149,0.8945601476611891,26836.804429835673,12.060631126872822,15.0,27.202253280998292,0,0,9.000962438648504
150,0.8937164579853561,26811.493739560683,12.09284329149075,15.0,27.31970999803205,0,0,9.000962438648504
151,0.892860151596558,26785.80454789674,12.124139265083725,15.0,27.433825965034167,0,0,9.000962438648504
152,0.8919915805504011,26759.747416512033,12.154509773979353,15.0,27.544567366980793,0,0,9.000962438648504
153,0.8911111005367747,26733.33301610324,12.183945818740396,15.0,27.651901388804546,0,0,9.000962438648504
154,0.8902190707744518,26706.572123233556,12.21243867683151,15.0,27.75579622511829,0,0,9.000962438648504
155,0.8893158539046457,26679.47561713937,12.239979905203917,15.0,27.856221089639796,0,0,9.000962438648504
156,0.8884018158835508,26652.054476506524,12.266561342797262,15.0,27.953146224314363,0,0,9.000962438648504
157,0.887477325873902,26624.31977621706,12.29217511295791,15.0,28.046542908132764,0,0,9.000962438648504
158,0.8865427561355843,26596.28268406753,12.316813625772975,15.0,28.136383465641927,0,0,9.000962438648504
159,0.8855984819153236,26567.95445745971,12.340469580319363,15.0,28.222641275145747,0,0,9.000962438648504
160,0.8846448813354935,26539.346440064804,12.363135966827207,15.0,28.30529077659365,0,0,9.000962438648504
161,0.8836823352820689,26510.470058462066,12.384806068757007,15.0,28.384307479154657,0,0,9.000962438648504
162,0.8827112272917618,26481.336818752854,12.405473464789877,15.0,28.459667968474477,0,0,9.000962438648504
163,0.8817319434383708,26451.958303151125,12.425132030730333,15.0,28.531349913613695,0,0,9.000962438648504
164,0.8807448722183793,26422.34616655138,12.443775941321029,15.0,28.599332073664964,0,0,9.000962438648504
165,0.8797504044358353,26392.51213307506,12.461399671968879,15.0,28.663594304047074,0,0,9.000962438648504
166,0.878748933086548,26362.46799259644,12.477998000382144,15.0,28.724117562474273,0,0,9.000962438648504
167,0.8777408532416348,26332.225597249042,12.493566008117895,15.0,28.78088391459889,0,0,9.000962438648504
168,0.8767265619304524,26301.79685791357,12.508099082039452,15.0,28.83387653932567,0,0,9.000962438648504
169,0.8757064580229497,26271.19374068849,12.521592915683366,15.0,28.883079733796237,0,0,9.000962438648504
170,0.874680942111473,26240.428263344187,12.534043510535504,15.0,28.92847891804217,0,0,9.000962438648504
171,0.8736504163920619,26209.512491761856,12.545447177215909,15.0,28.970060639305387,0,0,9.000962438648504
172,0.8726152845452707,26178.45853635812,12.55580053657203,15.0,29.007812576024477,0,0,9.000962438648504
173,0.8715759516165485,26147.278548496455,12.56510052068005,15.0,29.041723541485823,0,0,9.000962438648504
174,0.8705328238962157,26115.98471688647,12.57334437375396,15.0,29.07178348713851,0,0,9.000962438648504
175,0.8694863087990709,26084.589263972124,12.580529652962184,15.0,29.097983505571897,0,0,9.000962438648504
176,0.8684368147436661,26053.10444230998,12.586654229151417,15.0,29.120315833155068,0,0,9.000962438648504
177,0.8673847510312827,26021.54253093848,12.59171628747756,15.0,29.13877385233739,0,0,9.000962438648504
178,0.8663305277246471,25989.915831739414,12.59571432794348,15.0,29.153352093609435,0,0,9.000962438648504
179,0.8652745555264197,25958.236665792592,12.598647165843499,15.0,29.16404623712368,0,0,9.000962438648504
180,0.8642172456574956,25926.51736972487,12.600513932114456,15.0,29.17085311397461,0,0,9.000962438648504
181,0.8631590097351505,25894.770292054513,12.601314073593215,15.0,29.173770707137702,0,0,9.000962438648504
182,0.8621002596510693,25863.00778953208,12.60104735318059,15.0,29.172798152067138,0,0,9.000962438648504
183,0.861041407449295,25831.24222347885,12.599713849911591,15.0,29.167935736951975,0,0,9.000962438648504
184,0.8599828652041294,25799.48595612388,12.59731395893202,15.0,29.159184902630752,0,0,9.000962438648504
185,0.858925044898028,25767.75134694084,12.593848391381366,15.0,29.146548242164535,0,0,9.000962438648504
186,0.85786835829952,25736.0507489856,12.589318174182088,15.0,29.130029500068545,0,0,9.000962438648504
187,0.8568132168411924,25704.39650523577,12.58372464973531,15.0,29.109633571202565,0,0,9.000962438648504
188,0.8557600314977741,25672.800944933224,12.577069475523047,15.0,29.0853664993205,0,0,9.000962438648504
189,0.8547092126643548,25641.276379930645,12.569354623617047,15.0,29.057235475279477,0,0,9.000962438648504
190,0.8536611700347764,25609.835101043293,12.56058238009443,15.0,29.02524883490903,0,0,9.000962438648504
191,0.8526163124802314,25578.48937440694,12.550755344360272,15.0,28.98941605654104,0,0,9.000962438648504
192,0.8515750479281059,25547.251437843177,12.539876428377347,15.0,28.949747758201056,0,0,9.000962438648504
193,0.8505377832411021,25516.133497233062,12.527948855803245,15.0,28.906255694462004,0,0,9.000962438648504
194,0.8495049240966754,25485.147722900263,12.514976161035142,15.0,28.858952752961,0,0,9.000962438648504
195,0.8484768748668243,25454.30624600473,12.500962188162465,15.0,28.807852950580482,0,0,9.000962438648504
196,0.8474540384982655,25423.621154947967,12.485911089827827,15.0,28.75297142929474,0,0,9.000962438648504
197,0.8464368163930325,25393.104491790975,12.469827325996494,15.0,28.694324451682952,0,0,9.000962438648504
198,0.8454256082895314,25362.76824868594,12.452715662634803,15.0,28.631929396110298,0,0,9.000962438648504
199,0.8444208121440897,25332.62436432269,12.43458117029791,15.0,28.56580475157834,0,0,9.000962438648504
200,0.8434228240130337,25302.68472039101,12.415429222627266,15.0,28.49597011224634,0,0,9.000962438648504
201,0.8424320379353276,25272.96113805983,12.395265494758302,15.0,28.422446171625083,0,0,9.000962438648504
202,0.8414488458158123,25243.465374474366,12.374095961638755,15.0,28.345254716444956,0,0,9.000962438648504
203,0.8404736373090743,25214.20911927223,12.351926896258158,15.0,28.264418620200054,0,0,9.000962438648504
204,0.839506799703984,25185.20399111952,12.328764867789038,15.0,28.179961836370286,0,0,9.000962438648504
205,0.8385487178089328,25156.461534267983,12.304616739640304,15.0,28.091909391323416,0,0,9.000962438648504
206,0.837599773837806,25127.99321513418,12.279489667423487,15.0,28.00028737689925,0,0,9.000962438648504
207,0.8366603472967251,25099.810418901754,12.253391096832372,15.0,27.90512294267802,0,0,9.000962438648504
208,0.8357308148715915,25071.924446147746,12.226328761436676,15.0,27.806444287935406,0,0,9.000962438648504
209,0.8348115503164668,25044.346509494004,12.198310680390433,15.0,27.704280653286467,0,0,9.000962438648504
210,0.8339029243428208,25017.087730284624,12.169345156055737,15.0,27.59866231202102,0,0,9.000962438648504
211,0.833005304509682,24990.15913529046,12.139440771542573,15.0,27.489620561133016,0,0,9.000962438648504
212,0.8321190551147222,24963.571653441664,12.10860638816546,15.0,27.37718771204655,0,0,9.000962438648504
213,0.8312445370863065,24937.336112589197,12.07685114281766,15.0,27.261397081041316,0,0,9.000962438648504
214,0.8303821078765438,24911.463236296313,12.044184445263696,15.0,27.14228297938024,0,0,9.000962438648504
215,0.8295321213553641,24885.963640660924,12.010615975351064,15.0,27.019880703142334,0,0,9.000962438648504
216,0.828694927705661,24860.84783116983,11.976155680141861,15.0,26.894226522763717,0,0,9.000962438648504
217,0.8278708733195238,24836.126199585713,11.940813770965278,15.0,26.765357672289866,0,0,9.000962438648504
218,0.8270603006955944,24811.809020867833,11.90460072039174,15.0,26.633312338342392,0,0,9.000962438648504
219,0.8262635483375781,24787.906450127342,11.867527259129673,15.0,26.49812964880352,0,0,9.000962438648504
220,0.8254809506539363,24764.42851961809,11.829604372845765,15.0,26.359849661221645,0,0,9.000962438648504
221,0.8247128378587957,24741.38513576387,11.79084329890966,15.0,26.2185133509414,0,0,9.000962438648504
222,0.8239595358740975,24718.786076222925,11.751255523064101,15.0,26.07416259896182,0,0,9.000962438648504
223,0.8232213662330202,24696.640986990606,11.71085277602144,15.0,25.92684017952606,0,0,9.000962438648504
224,0.8224986459847025,24674.959379541073,11.669647029987596,15.0,25.77658974744648,0,0,9.000962438648504
225,0.8217916876002941,24653.750628008824,11.627650495114404,15.0,25.623455825168765,0,0,9.000962438648504
226,0.821100798880365,24633.02396641095,11.584875615881511,15.0,25.467483789578992,0,0,9.000962438648504
227,0.8204262828636962,24612.788485910885,11.541335067408792,15.0,25.30871985855746,0,0,9.000962438648504
228,0.8197684377374834,24593.053132124503,11.49704175170044,15.0,25.14721107728334,0,0,9.000962438648504
229,0.8191275567489782,24573.826702469345,11.452008793821825,15.0,24.983005304294156,0,0,9.000962438648504
230,0.8185039281185913,24555.11784355774,11.40624953801026,15.0,24.816151197304315,0,0,9.000962438648504
231,0.8178978349544881,24536.93504863464,11.359777543720808,15.0,24.6466981987867,0,0,9.000962438648504
232,0.8173095551686963,24519.28665506089,11.312606581608325,15.0,24.47469652132189,0,0,9.000962438648504
233,0.8167393613947556,24502.180841842666,11.264750629446912,15.0,24.300197132719006,0,0,9.000962438648504
234,0.8161875209069297,24485.62562720789,11.216223867988019,15.0,24.1232517409129,0,0,9.000962438648504
235,0.8156542955410078,24469.628866230232,11.167040676758353,15.0,23.943912778641952,0,0,9.000962438648504
236,0.8151399416167167,24454.1982485015,11.117215629798938,15.0,23.762233387911145,0,0,9.000962438648504
237,0.8146447098617677,24439.34129585303,11.066763491346501,15.0,23.578267404244905,0,0,9.000962438648504
238,0.8141688453375607,24425.06536012682,11.015699211458513,15.0,23.392069340734515,0,0,9.000962438648504
239,0.8137125873665669,24411.37762099701,10.96403792158316,15.0,23.203694371884666,0,0,9.000962438648504
240,0.813276169461413,24398.28508384239,10.911794930075576,15.0,23.0131983172641,0,0,9.000962438648504
241,0.8128598192556857,24385.79457767057,10.858985717661636,15.0,22.820637624965038,0,0,9.000962438648504
242,0.8124637584364796,24373.912753094388,10.805625932850699,15.0,22.626069354876407,0,0,9.000962438648504
243,0.8120882026787057,24362.646080361174,10.751731387298603,15.0,22.429551161775763,0,0,9.000962438648504
244,0.8117333615811835,24352.000847435505,10.697318051122332,15.0,22.231141278244934,0,0,9.000962438648504
245,0.8113994386045308,24341.983158135925,10.642402048167733,15.0,22.030898497414448,0,0,9.000962438648504
246,0.8110866310108753,24332.598930326258,10.586999651231666,15.0,21.828882155541855,0,0,9.000962438648504
247,0.8107951298054007,24323.85389416202,10.531127277240024,15.0,21.62515211442912,0,0,9.000962438648504
248,0.8105251196797482,24315.753590392444,10.474801482383045,15.0,21.419768743684276,0,0,9.000962438648504
249,0.810276778957288,24308.30336871864,10.418038957209358,15.0,21.212792902832618,0,0,9.000962438648504
250,0.8100502795402789,24301.508386208367,10.360856521680203,15.0,21.004285923282694,0,0,9.000962438648504
251,0.8098457868589293,24295.37360576788,10.303271120185325,15.0,20.794309590152494,0,0,9.000962438648504
252,0.8096634598223769,24289.903794671307,10.245299816521989,15.0,20.582926123961187,0,0,9.000962438648504
253,0.8095034507716005,24285.103523148013,10.186959788838589,15.0,20.370198162191826,0,0,9.000962438648504
254,0.8093659054342777,24280.97716302833,10.128268324544408,15.0,20.156188740730535,0,0,9.000962438648504
255,0.8092509628816035,24277.528886448104,10.069242815186982,15.0,19.94096127518759,0,0,9.000962438648504
256,0.8091587554870797,24274.76266461239,10.009900751298604,15.0,19.724579542106014,0,0,9.000962438648504
257,0.8090894088872902,24272.682266618707,9.95025971721352,15.0,19.50710766006324,0,0,9.000962438648504
258,0.8090430419446721,24271.291258340163,9.890337385857286,15.0,19.28861007067134,0,0,9.000962438648504
259,0.809019766712294,24270.59300136882,9.830151513509907,15.0,19.069151519481597,0,0,9.000962438648504
260,0.8090196884006524,24270.59065201957,9.769719934544284,15.0,18.848797036799052,0,0,9.000962438648504
261,0.8090429053464957,24271.28716039487,9.70906055614148,15.0,18.627611918412548,0,0,9.000962438648504
262,0.8090895089836845,24272.685269510534,9.648191352984455,15.0,18.405661706246235,0,0,9.000962438648504
263,0.8091595838160983,24274.78751448295,9.587130361931766,15.0,18.183012168938063,0,0,9.000962438648504
264,0.8092532073925948,24277.596221777843,9.525895676672869,15.0,17.9597292823511,0,0,9.000962438648504
265,0.8093704502840304,24281.113508520913,9.464505442366558,15.0,17.735879210023473,0,0,9.000962438648504
266,0.8095113760623492,24285.34128187048,9.402977850264168,15.0,17.51152828356271,0,0,9.000962438648504
267,0.8096760412817446,24290.28123845234,9.341331132319112,15.0,17.286742982990187,0,0,9.000962438648504
268,0.809864495461901,24295.93486385703,9.279583555784365,15.0,17.06158991704175,0,0,9.000962438648504
269,0.8100767810733206,24302.303432199617,9.217753417799475,15.0,16.83613580343004,0,0,9.000962438648504
270,0.8103129335247379,24309.388005742137,9.15585903996873,15.0,16.610447449074606,0,0,13.000962438648504
271,0.810438270835816,24313.14812507448,13.135228267295485,15.0,16.38459173030561,0,0,13.000962438648504
272,0.8105884425228299,24317.653275684897,13.045722135952266,15.0,16.158635573046876,0,0,13.000962438648504
273,0.8107634628906667,24322.90388672,12.956202741344745,15.0,15.93264593298434,0,0,13.000962438648504
274,0.8109633388810126,24328.900166430376,12.866696610001528,15.0,15.706689775725607,0,0,13.000962438648504
275,0.8111880700702966,24335.642102108897,12.77723026452103,15.0,15.4808340569566,0,0,13.000962438648504
276,0.8114376486698159,24343.12946009448,12.687830215712264,15.0,15.255145702601169,0,0,13.000962438648504
277,0.8117120595280439,24351.361785841316,12.5985229547391,15.0,15.029691588989449,0,0,13.000962438648504
278,0.8120112801351195,24360.338404053586,12.509334945270377,15.0,14.804538523041016,0,0,13.000962438648504
279,0.8123352806295179,24370.058418885536,12.42029261563813,15.0,14.579753222468504,0,0,13.000962438648504
280,0.8126840238068985,24380.520714206956,12.331422351006323,15.0,14.355402296007737,0,0,13.000962438648504
281,0.8130574651311303,24391.72395393391,12.242750485552342,15.0,14.131552223680114,0,0,13.000962438648504
282,0.8134555527474879,24403.666582424637,12.154303294663618,15.0,13.908269337093149,0,0,13.000962438648504
283,0.8138782274980176,24416.34682494053,12.066106987151656,15.0,13.68561979978497,0,0,13.000962438648504
284,0.8143254229390678,24429.762688172035,11.978187697485808,15.0,13.463669587618657,0,0,13.000962438648504
285,0.8147970653609764,24443.911960829293,11.89057147804905,15.0,13.242484469232156,0,0,13.000962438648504
286,0.8152930738099137,24458.79221429741,11.803284291418123,15.0,13.022129986549611,0,0,13.000962438648504
287,0.8158133601118698,24474.400803356093,11.716352002670227,15.0,12.802671435359871,0,0,13.000962438648504
288,0.8163578288987837,24490.73486696351,11.629800371718675,15.0,12.58417384596796,0,0,13.000962438648504
289,0.8169263776368018,24507.791329104053,11.543655045679657,15.0,12.366701963925186,0,0,13.000962438648504
290,0.8175188966566614,24525.566899699843,11.457941551272445,15.0,12.150320230843622,0,0,13.000962438648504
291,0.818135269186188,24544.05807558564,11.37268528725528,15.0,11.935092765300674,0,0,13.000962438648504
292,0.8187753713848972,24563.261141546915,11.287911516899172,15.0,11.721083343839382,0,0,13.000962438648504
293,0.8194390723806916,24583.17217142075,11.203645360501845,15.0,11.50835538207002,0,0,13.000962438648504
294,0.8201262343086412,24603.787029259234,11.119911787944053,15.0,11.29697191587871,0,0,13.000962438648504
295,0.8208367123518349,24625.101370555047,11.036735611290464,15.0,11.08699558274851,0,0,13.000962438648504
296,0.821570354784294,24647.11064352882,10.954141477437307,15.0,10.878488603198587,0,0,13.000962438648504
297,0.8223270030159311,24669.81009047793,10.87215386080897,15.0,10.671512762346932,0,0,13.000962438648504
298,0.8231064916395437,24693.194749186314,10.7907970561057,15.0,10.46612939160209,0,0,13.000962438648504
299,0.8239086484798289,24717.25945439487,10.710095171104548,15.0,10.26239935048935,0,0,13.000962438648504
300,0.8247332946444015,24741.998839332045,10.63007211951574,15.0,10.060383008616757,0,0,13.000962438648504
301,0.8255802445768041,24767.407337304125,10.550751613896493,15.0,9.860140227786268,0,0,13.000962438648504
302,0.8264493061114917,24793.479183344753,10.472157158624501,15.0,9.66173034425544,0,0,13.000962438648504
303,0.8273402805307745,24820.208415923233,10.39431204293307,15.0,9.4652121511548,0,0,13.000962438648504
304,0.8282529626237016,24847.58887871105,10.31723933401001,15.0,9.27064388106617,0,0,13.000962438648504
305,0.8291871407468706,24875.61422240612,10.240961870162343,15.0,9.078083188767108,0,0,13.000962438648504
306,0.8301425968871409,24904.277906614225,10.165502254048809,15.0,8.887587134146541,0,0,13.000962438648504
307,0.8311191067262362,24933.573201787087,10.090882845982215,15.0,8.699212165296695,0,0,13.000962438648504
308,0.8321164397072152,24963.493191216454,10.017125757303589,15.0,8.5130141017863,0,0,13.000962438648504
309,0.8331343591027898,24994.030773083694,9.944252843830112,15.0,8.329048118120056,0,0,13.000962438648504
310,0.8341726220854735,25025.178662564205,9.872285699378779,15.0,8.147368727389248,0,0,13.000962438648504
311,0.8352309797995355,25056.929393986065,9.801245649367667,15.0,7.968029765118306,0,0,13.000962438648504
312,0.8363091774347425,25089.275323042275,9.731153744496762,15.0,7.791084373312199,0,0,13.000962438648504
313,0.8374069543018645,25122.208629055935,9.662030754510184,15.0,7.6165849847093146,0,0,13.000962438648504
314,0.8385240439099223,25155.72131729767,9.593897162041666,15.0,7.444583307244505,0,0,13.000962438648504
315,0.8396601740451551,25189.805221354654,9.526773156545095,15.0,7.275130308726897,0,0,13.000962438648504
316,0.8408150668516826,25224.45200555048,9.46067862831196,15.0,7.108276201737052,0,0,13.000962438648504
317,0.8419884389138403,25259.65316741521,9.395633162577408,15.0,6.944070428747871,0,0,13.000962438648504
318,0.8431800013401614,25295.40004020484,9.331656033716733,15.0,6.78256164747375,0,0,13.000962438648504
319,0.8443894598489815,25331.683795469446,9.26876619953396,15.0,6.623797716452218,0,0,13.000962438648504
320,0.845616514855641,25368.495445669232,9.206982295644224,15.0,6.467825680862442,0,0,13.000962438648504
321,0.846860861561258,25405.82584683774,9.146322629951662,15.0,6.314691758584729,0,0,13.000962438648504
322,0.8481221900430469,25443.665701291407,9.086805177224356,15.0,6.164441326505146,0,0,13.000962438648504
323,0.8494001853461557,25482.00556038467,9.02844757376804,15.0,6.017118907069382,0,0,13.000962438648504
324,0.850694527576993,25520.83582730979,8.971267112200085,15.0,5.872768155089808,0,0,13.000962438648504
325,0.8520048919980207,25560.14675994062,8.9152807363253,15.0,5.731431844809565,0,0,13.000962438648504
326,0.8533309491239791,25599.928473719374,8.860505036115152,15.0,5.59315185722769,0,0,13.000962438648504
327,0.8546723648195221,25640.170944585665,8.806956242791758,15.0,5.457969167688814,0,0,13.000962438648504
328,0.8560288003982275,25680.864011946825,8.754650224018267,15.0,5.325923833741345,0,0,13.000962438648504
329,0.8573999127229576,25721.99738168873,8.703602479196892,15.0,5.197054983267489,0,0,13.000962438648504
330,0.8587853543075382,25763.560629226147,8.653828134876129,15.0,5.071400802888874,0,0,13.000962438648504
331,0.8601847734197262,25805.543202591787,8.60534194026841,15.0,4.948998526650964,0,0,13.000962438648504
332,0.8615978141854355,25847.934425563064,8.558158262879626,15.0,4.829884424989892,0,0,13.000962438648504
333,0.8630241166941897,25890.72350082569,8.51229108425169,15.0,4.714093793984652,0,0,13.000962438648504
334,0.8644633171057721,25933.89951317316,8.467753995819521,15.0,4.601660944898192,0,0,13.000962438648504
335,0.8659150477580387,25977.451432741163,8.424560194883615,15.0,4.492619194010185,0,0,13.000962438648504
336,0.8673789372758653,26021.36811827596,8.382722480699385,15.0,4.387000852744743,0,0,13.000962438648504
337,0.868854610681193,26065.638320435788,8.342253250684477,15.0,4.284837218095802,0,0,13.000962438648504
338,0.8703416895041426,26110.250685124276,8.303164496745143,15.0,4.186158563353191,0,0,13.000962438648504
339,0.8718397918951636,26155.193756854907,8.265467801722776,15.0,4.090994129131958,0,0,13.000962438648504
340,0.8733485327381847,26200.45598214554,8.229174335961677,15.0,3.9993721147077936,0,0,13.000962438648504
341,0.8748675237647314,26246.025712941944,8.194294853999022,15.0,3.911319669660921,0,0,13.000962438648504
342,0.876396373668979,26291.89121006937,8.160839691378083,15.0,3.8268628858311518,0,0,13.000962438648504
343,0.8779346882237039,26338.040646711117,8.128818761585563,15.0,3.746026789586248,0,0,13.000962438648504
344,0.8794820703971025,26384.462111913075,8.098241553114034,15.0,3.668835334406123,0,0,13.000962438648504
345,0.8810381204704405,26431.143614113214,8.069117126650267,15.0,3.595311393784865,0,0,13.000962438648504
346,0.8826024361564972,26478.07308469492,8.041454112390387,15.0,3.525476754452866,0,0,13.000962438648504
347,0.8841746127187732,26525.238381563195,8.01526070748253,15.0,3.459352109920906,0,0,13.000962438648504
348,0.8857542430914209,26572.62729274263,7.990544673597878,15.0,3.396957054348256,0,0,13.000962438648504
349,0.8873409179998687,26620.22753999606,7.967313334630678,15.0,3.3383100767364677,0,0,13.000962438648504
350,0.8889342260820964,26668.02678246289,7.945573574528046,15.0,3.283428555450721,0,0,13.000962438648504
351,0.8905337540105314,26716.01262031594,7.925331835250079,15.0,3.2323287530702096,0,0,13.000962438648504
352,0.8921390866145267,26764.1725984358,7.906594114860979,15.0,3.1850258115692007,0,0,13.000962438648504
353,0.8937498070033844,26812.49421010153,7.889365965751689,15.0,3.1415337478301475,0,0,13.000962438648504
354,0.8953654966898894,26860.964900696683,7.873652492994609,15.0,3.101865449490169,0,0,13.000962438648504
355,0.8969857357143174,26909.57207142952,7.859458352830835,15.0,3.0660326711221746,0,0,13.000962438648504
356,0.8986101027688761,26958.303083066283,7.846787751290435,15.0,3.034046030751729,0,0,13.000962438648504
357,0.9002381753225492,27007.145259676476,7.8356444429461,15.0,3.005915006710703,0,0,13.000962438648504
358,0.901869529746301,27056.08589238903,7.826031729800583,15.0,2.981647934828641,0,0,13.000962438648504
359,0.9035037414386069,27105.112243158208,7.817952460308251,15.0,2.9612520059626606,0,0,13.000962438648504
360,0.9051403849512719,27154.21154853816,7.811409028531015,15.0,2.944733263866668,0,0,13.000962438648504
361,0.9067790341155003,27203.37102346501,7.8064033734289335,15.0,2.9320966034004536,0,0,13.000962438648504
362,0.9084192621681784,27252.57786504535,7.802936978285645,15.0,2.9233457690792304,0,0,13.000962438648504
363,0.9100606418783336,27301.81925635001,7.801010870268837,15.0,2.918483353964068,0,0,13.000962438648504
364,0.9117027456737327,27351.08237021198,7.800625620125889,15.0,2.9175107988935043,0,0,13.000962438648504
365,0.9133451457675802,27400.354373027407,7.801781342014727,15.0,2.9204283920565963,0,0,13.000962438648504
366,0.9149874142852812,27449.622428558436,7.804477693470016,15.0,2.9272352689075225,0,0,13.000962438648504
367,0.9166291233912293,27498.873701736877,7.808713875504628,15.0,2.9379294124217696,0,0,13.000962438648504
368,0.918269845415584,27548.09536246752,7.814488632846399,15.0,2.9525076536938135,0,0,13.000962438648504
369,0.9199091529809987,27597.274589429962,7.821800254310103,15.0,2.970965672876138,0,0,13.000962438648504
370,0.9215466191292611,27646.398573877832,7.8306465733045005,15.0,2.9932980004593106,0,0,13.000962438648504
371,0.9231818174478106,27695.454523434317,7.841024968474358,15.0,3.0194980188926928,0,0,13.000962438648504
372,0.9248143221960936,27744.42966588281,7.852932364477195,15.0,3.049557964545381,0,0,13.000962438648504
373,0.9264437084317197,27793.311252951593,7.866365232894598,15.0,3.0834689300067284,0,0,13.000962438648504
374,0.9280695521363809,27842.086564091427,7.881319593277752,15.0,3.121220866725813,0,0,13.000962438648504
375,0.9296914303414974,27890.74291024492,7.897791014326927,15.0,3.1628025879890345,0,0,13.000962438648504
376,0.9313089212535525,27939.267637606576,7.915774615204592,15.0,3.208201772234969,0,0,13.000962438648504
377,0.9329216043790797,27987.64813137239,7.935265066981683,15.0,3.2574049667055336,0,0,13.000962438648504
378,0.9345290606492626,28035.871819477878,7.956256594216702,15.0,3.3103975914323165,0,0,13.000962438648504
379,0.9361308725441153,28083.92617632346,7.978742976667096,15.0,3.36716394355693,0,0,13.000962438648504
380,0.9377266242162023,28131.79872648607,8.002717551132449,15.0,3.4276872019841296,0,0,13.000962438648504
381,0.9393159016138627,28179.47704841588,8.028173213428932,15.0,3.491949432366237,0,0,13.000962438648504
382,0.9408982926039023,28226.948778117072,8.055102420494427,15.0,3.5599315924175032,0,0,13.000962438648504
383,0.9424733870937192,28274.201612811576,8.083497192623703,15.0,3.631613537556726,0,0,13.000962438648504
384,0.9440407771528209,28321.223314584626,8.113349115832971,15.0,3.7069740268765465,0,0,13.000962438648504
385,0.9456000571337045,28368.001714011138,8.14464934435312,15.0,3.7859907294375517,0,0,13.000962438648504
386,0.9471508237920587,28414.524713761763,8.177388603250932,15.0,3.8686402308854633,0,0,13.000962438648504
387,0.9486926764062527,28460.78029218758,8.211557191177418,15.0,3.954898040389275,0,0,13.000962438648504
388,0.9502252168960796,28506.75650688239,8.247144983242565,15.0,4.044738597898439,0,0,13.000962438648504
389,0.9517480499407162,28552.441498221484,8.28414143401553,15.0,4.138135281716839,0,0,13.000962438648504
390,0.9532607830958643,28597.823492875927,8.322535580649502,15.0,4.235060416391409,0,0,13.000962438648504
391,0.9547630269100413,28642.89080730124,8.362316046130218,15.0,4.335485280912913,0,0,13.000962438648504
392,0.9562543950399828,28687.631851199483,8.40347104264723,15.0,4.43938011722666,0,0,13.000962438648504
393,0.957734504365124,28732.035130953718,8.445988375086865,15.0,4.546714139050405,0,0,13.000962438648504
394,0.9592029751011271,28776.089253033813,8.489855444645926,15.0,4.657455540997036,0,0,13.000962438648504
395,0.9606594309124196,28819.782927372587,8.535059252564974,15.0,4.7715715079991545,0,0,13.000962438648504
396,0.9621034990237103,28863.10497071131,8.581586403980141,15.0,4.889028225032913,0,0,13.000962438648504
397,0.9635348103304509,28906.044309913526,8.629423111892326,15.0,5.009790887138123,0,0,13.000962438648504
398,0.9649529995082096,28948.589985246286,8.678555201252575,15.0,5.133823709731748,0,0,13.000962438648504
399,0.9663577051209246,28990.731153627738,8.728968113162452,15.0,5.261089939211589,0,0,13.000962438648504
400,0.9677485697280056,29032.45709184017,8.780646909188162,15.0,5.391551863847236,0,0,13.000962438648504
401,0.9691252399902508,29073.757199707525,8.833576275787118,15.0,5.5251708249548095,0,0,13.000962438648504
402,0.9704873667745492,29114.621003236476,8.88774052884569,15.0,5.661907228352407,0,0,13.000962438648504
403,0.971834605257336,29155.03815772008,8.943123618326734,15.0,5.801720556092681,0,0,13.000962438648504
404,0.9731666150267716,29194.99845080315,8.999709133025576,15.0,5.944569378469216,0,0,13.000962438648504
405,0.9744830601836131,29234.49180550839,9.057480305432993,15.0,6.090411366293001,0,0,13.000962438648504
406,0.9757836094407476,29273.50828322243,9.116420016703795,15.0,6.23920330343552,0,0,13.000962438648504
407,0.977067936221361,29312.03808664083,9.17651080172951,15.0,6.390901099634595,0,0,13.000962438648504
408,0.9783357187557085,29350.071562671255,9.237734854313672,15.0,6.545459803559324,0,0,13.000962438648504
409,0.9795866401764631,29387.599205293893,9.300074032448174,15.0,6.7028336161300635,0,0,13.000962438648504
410,0.9808203886126091,29424.611658378275,9.36350986368915,15.0,6.8629759040897635,0,0,13.000962438648504
411,0.9820366572818573,29461.09971845572,9.428023550630737,15.0,7.025839213822331,0,0,13.000962438648504
412,0.9832351445815503,29497.05433744651,9.493595976475186,15.0,7.19137528541423,0,0,13.000962438648504
413,0.9844155541780344,29532.466625341032,9.56020771069754,15.0,7.359535066954868,0,0,13.000962438648504
414,0.9855775950944694,29567.32785283408,9.627839014803358,15.0,7.530268729071809,0,0,13.000962438648504
415,0.9867209817970515,29601.629453911544,9.696469848177628,15.0,7.7035256796962255,0,0,13.000962438648504
416,0.9878454342796231,29635.363028388692,9.766079874023239,15.0,7.879254579054445,0,0,13.000962438648504
417,0.9889506781466446,29668.520344399338,9.836648465387238,15.0,8.057403354881068,0,0,13.000962438648504
418,0.9900364446945037,29701.093340835112,9.908154711273,15.0,8.237919217849031,0,0,13.000962438648504
419,0.9911024709911382,29733.07412973415,9.980577422836642,15.0,8.420748677212302,0,0,13.000962438648504
420,0.9921484999539483,29764.454998618447,10.053895139665716,15.0,8.60583755665628,0,0,13.000962438648504
421,0.9931742804259757,29795.22841277927,10.128086136138403,15.0,8.793131010351445,0,0,13.000962438648504
422,0.994179567250327,29825.38701750981,10.203128427861275,15.0,8.982573539205351,0,0,13.000962438648504
423,0.9951641213428191,29854.92364028457,10.27899977818374,15.0,9.174109007308168,0,0,13.000962438648504
424,0.9961277097628245,29883.831292884734,10.355677704787269,15.0,9.367680658567048,0,0,13.000962438648504
425,0.9970701057822969,29912.10317346891,10.433139486347358,15.0,9.563231133524084,0,0,13.000962438648504
426,0.9979910889529563,29939.732668588687,10.511362169266373,15.0,9.760702486353246,0,0,13.000962438648504
427,0.998890445171611,29966.713355148328,10.59032257447518,15.0,9.960036202030885,0,0,13.000962438648504
428,0.9997679667436024,29993.03900230807,10.669997304301615,15.0,10.161173213675092,0,0,13.000962438648504
429,1.0,30000.0,10.750362749403699,15.0,10.36405392004841,0,0,13.000962438648504
430,1.0,30000.0,10.831395095765632,15.0,10.568618203219028,0,0,13.000962438648504
431,1.0,30000.0,10.913070331754351,15.0,10.77480544637497,0,0,13.000962438648504
432,1.0,30000.0,10.995364255234751,15.0,10.982554551786222,0,0,13.000962438648504
433,1.0,30000.0,11.078252480741252,15.0,11.19180395890925,0,0,13.000962438648504
434,1.0,30000.0,11.161710446703756,15.0,11.402491662628739,0,0,13.000962438648504
435,1.0,30000.0,11.245713422725784,15.0,11.614555231631083,0,0,13.000962438648504
436,1.0,30000.0,11.330236516912603,15.0,11.827931826904063,0,0,13.000962438648504
437,1.0,30000.0,11.415254683247257,15.0,12.04255822035747,0,0,13.000962438648504
438,1.0,30000.0,11.500742729012206,15.0,12.25837081355889,0,0,13.000962438648504
439,1.0,30000.0,11.586675322254523,15.0,12.475305656579376,0,0,13.000962438648504
440,1.0,30000.0,11.67302699929223,15.0,12.693298466943041,0,0,13.000962438648504
441,1.0,30000.0,11.759772172259824,15.0,12.91228464867558,0,0,13.000962438648504
442,1.0,30000.0,11.846885136690418,15.0,13.13219931144516,0,0,13.000962438648504
443,1.0,30000.0,11.934340079132621,15.0,13.352977289791129,0,0,13.000962438648504
444,1.0,30000.0,12.022111084799542,15.0,13.574553162433677,0,0,13.000962438648504
445,1.0,30000.0,12.110172145247946,15.0,13.79686127165974,0,0,13.000962438648504
446,1.0,30000.0,12.198497166085119,15.0,14.019835742778778,0,0,13.000962438648504
447,1.0,30000.0,12.287059974701165,15.0,14.243410503642792,0,0,13.000962438648504
448,1.0,30000.0,12.37583432802456,15.0,14.467519304225016,0,0,13.000962438648504
449,1.0,30000.0,12.464793920298499,15.0,14.692095736251158,0,0,13.000962438648504
450,1.0,30000.0,12.553912390875894,15.0,14.917073252877673,0,0,13.000962438648504
451,1.0,30000.0,12.643163332030571,15.0,15.142385188410948,0,0,13.000962438648504
452,1.0,30000.0,12.732520296782479,15.0,15.367964778061879,0,0,13.000962438648504
453,1.0,30000.0,12.821956806734478,15.0,15.593745177729634,0,0,13.000962438648504
454,1.0,30000.0,12.911446359918468,15.0,15.81965948380904,0,0,13.000962438648504
455,1.0,30000.0,13.000962438648507,15.0,16.045640753015608,0,0,13.000962438648504
456,1.0,30000.0,13.090478517378536,15.0,16.271622022222147,0,0,13.000962438648504
457,1.0,30000.0,13.179968070562532,15.0,16.497536328301575,0,0,13.000962438648504
458,1.0,30000.0,13.269404580514522,15.0,16.723316727969312,0,0,13.000962438648504
459,1.0,30000.0,13.358761545266436,15.0,16.948896317620253,0,0,13.000962438648504
460,1.0,30000.0,13.44801248642111,15.0,17.174208253153523,0,0,13.000962438648504
461,1.0,30000.0,13.537130956998508,15.0,17.39918576978004,0,0,13.000962438648504
462,1.0,30000.0,13.626090549272446,15.0,17.62376220180618,0,0,13.000962438648504
463,1.0,30000.0,13.71486490259584,15.0,17.84787100238841,0,0,13.000962438648504
464,1.0,30000.0,13.803427711211892,15.0,18.071445763252434,0,0,13.000962438648504
465,0.9999865040865754,29999.595122597264,13.89175273204906,15.0,18.294420234371458,0,0,13.000962438648504
466,0.9999484533512725,29998.453600538174,13.979813792497469,15.0,18.516728343597535,0,0,13.000962438648504
467,0.9998859178733435,29996.577536200304,14.067584798164383,15.0,18.738304216240067,0,0,13.000962438648504
468,0.9997989749873991,29993.969249621972,14.155039740606583,15.0,18.959082194586024,0,0,13.000962438648504
469,0.9996877092604913,29990.63127781474,14.242152705037181,15.0,19.178996857355617,0,0,13.000962438648504
470,0.9995522124670552,29986.566374011654,14.328897878004774,15.0,19.397983039088146,0,0,13.000962438648504
471,0.9993925835617131,29981.777506851395,14.415249555042482,15.0,19.61597584945182,0,0,13.000962438648504
472,0.9992089286499538,29976.267859498614,14.501182148284796,15.0,19.832910692472296,0,0,13.000962438648504
473,0.9990013609566897,29970.04082870069,14.586670194049745,15.0,20.048723285673717,0,0,13.000962438648504
474,0.9987700007927066,29963.100023781197,14.671688360384397,15.0,20.263349679127128,0,0,13.000962438648504
475,0.9985149755190129,29955.449265570387,14.756211454571226,15.0,20.47672627440012,0,0,13.000962438648504
476,0.9982364195090999,29947.092585272996,14.840214430593251,15.0,20.688789843402454,0,0,13.000962438648504
477,0.9979344741091235,29938.034223273706,14.923672396555759,15.0,20.899477547121954,0,0,13.000962438648504
478,0.9976092875960211,29928.27862788063,15.006560622062253,15.0,21.108726954244975,0,0,13.000962438648504
479,0.9972610151335729,29917.830454007188,15.088854545542652,15.0,21.316476059656225,0,0,13.000962438648504
480,0.9968898187264248,29906.694561792745,15.170529781531377,15.0,21.52266330281217,0,0,13.000962438648504
481,0.9964958671720818,29894.876015162456,15.251562127893306,15.0,21.727227585982796,0,0,13.000962438648504
482,0.9960793360108905,29882.380080326715,15.331927572995392,15.0,21.930108292356106,0,0,13.000962438648504
483,0.9956404074740218,29869.212224220653,15.411602302821823,15.0,22.131245304000316,0,0,13.000962438648504
484,0.9951792704294727,29855.378112884184,15.490562708030632,15.0,22.330579019677952,0,0,13.000962438648504
485,0.9946961203261006,29840.883609783017,15.56878539094965,15.0,22.528050372507117,0,0,13.000962438648504
486,0.9941911591357065,29825.734774071196,15.646247172509742,15.0,22.723600847464162,0,0,13.000962438648504
487,0.9936645952931881,29809.93785879564,15.722925099113269,15.0,22.917172498723033,0,0,13.000962438648504
488,0.9931166436347746,29793.499309043236,15.798796449435734,15.0,23.108707966825854,0,0,13.000962438648504
489,0.9925475253343667,29776.425760031,15.873838741158599,15.0,23.298150495679742,0,0,13.000962438648504
490,0.9919574678379982,29758.724035139945,15.948029737631288,15.0,23.48544394937491,0,0,13.000962438648504
491,0.9913467047964383,29740.40114389315,16.021347454460358,15.0,23.670532828818885,0,0,13.000962438648504
492,0.9907154759959562,29721.464279878688,16.093770166024008,15.0,23.85336228818217,0,0,13.000962438648504
493,0.9900640272872674,29701.920818618022,16.165276411909765,15.0,24.033878151150123,0,0,13.000962438648504
494,0.989392610512682,29681.77831538046,16.235845003273766,15.0,24.212026926976755,0,0,13.000962438648504
495,0.9887014834314795,29661.044502944384,16.305455029119376,15.0,24.387755826334967,0,0,13.000962438648504
496,0.9879909096435282,29639.727289305847,16.374085862493647,15.0,24.561012776959394,0,0,13.000962438648504
497,0.9872611585111759,29617.834755335276,16.441717166599467,15.0,24.731746439076332,0,0,13.000962438648504
498,0.9865125050794308,29595.375152382923,16.508328900821823,15.0,24.89990622061697,0,0,13.000962438648504
499,0.9857452299944608,29572.356899833823,16.573901326666267,15.0,25.06544229220887,0,0,13.000962438648504
500,0.9849596194204313,29548.78858261294,16.638415013607855,15.0,25.228305601941436,0,0,13.000962438648504
501,0.9841559649547088,29524.678948641264,16.70185084484883,15.0,25.388447889901137,0,0,13.000962438648504
502,0.9833345635414544,29500.036906243633,16.764190022983332,15.0,25.545821702471876,0,0,13.000962438648504
503,0.9824957173836331,29474.87152150899,16.825414075567497,15.0,25.700380406396604,0,0,13.000962438648504
504,0.9816397338534634,29449.1920156039,16.88550486059321,15.0,25.852078202595678,0,0,13.000962438648504
505,0.9807669254013378,29423.007762040135,16.94444457186401,15.0,26.000870139738197,0,0,13.000962438648504
506,0.9798776094632363,29396.328283897088,17.00221574427143,15.0,26.146712127561983,0,0,13.000962438648504
507,0.9789721083666627,29369.16325099988,17.05880125897027,15.0,26.289560949938508,0,0,13.000962438648504
508,0.978050749235133,29341.52247705399,17.114184348451317,15.0,26.4293742776788,0,0,13.000962438648504
509,0.9771138638912409,29313.415916737227,17.168348601509887,15.0,26.566110681076385,0,0,13.000962438648504
510,0.9761617887583323,29284.853662749967,17.221277968108847,15.0,26.69972964218397,0,0,13.000962438648504
511,0.975194864760815,29255.84594282445,17.272956764134552,15.0,26.830191566819607,0,0,13.000962438648504
512,0.9742134372231361,29226.403116694084,17.323369676044432,15.0,26.95745779629946,0,0,13.000962438648504
513,0.9732178557674546,29196.535673023638,17.372501765404678,15.0,27.08149061889307,0,0,13.000962438648504
514,0.9722084742100409,29166.254226301226,17.42033847331687,15.0,27.2022532809983,0,0,13.000962438648504
515,0.9711856504564331,29135.569513692993,17.466865624732034,15.0,27.319709998032046,0,0,13.000962438648504
516,0.9701497463953827,29104.49239186148,17.512069432651078,15.0,27.433825965034167,0,0,13.000962438648504
517,0.9691011277916182,29073.033833748545,17.555936502210145,15.0,27.544567366980797,0,0,13.000962438648504
518,0.9680401641774613,29041.20492532384,17.598453834649778,15.0,27.65190138880454,0,0,13.000962438648504
519,0.9669672287433274,29009.01686229982,17.639608831166786,15.0,27.75579622511829,0,0,13.000962438648504
520,0.9658826982271398,28976.480946814194,17.679389296647503,15.0,27.856221089639796,0,0,13.000962438648504
521,0.9647869528026954,28943.608584080863,17.71778344328148,15.0,27.953146224314363,0,0,13.000962438648504
522,0.9636803759670101,28910.411279010303,17.754779894054444,15.0,28.046542908132764,0,0,13.000962438648504
523,0.9625633544266808,28876.900632800425,17.790367686119588,15.0,28.136383465641927,0,0,13.000962438648504
524,0.9614362779832959,28843.088339498878,17.824536274046075,15.0,28.222641275145737,0,0,13.000962438648504
525,0.9602995394179286,28808.986182537858,17.857275532943888,15.0,28.30529077659365,0,0,13.000962438648504
526,0.959153534374747,28774.606031242412,17.888575761464036,15.0,28.384307479154657,0,0,13.000962438648504
527,0.9579986612437772,28739.959837313316,17.9184276846733,15.0,28.45966796847447,0,0,13.000962438648504
528,0.9568353210428505,28705.059631285516,17.946822456802582,15.0,28.531349913613703,0,0,13.000962438648504
529,0.9556639172987741,28669.917518963222,17.973751663868075,15.0,28.599332073664964,0,0,13.000962438648504
530,0.9544848559277569,28634.545677832706,17.99920732616456,15.0,28.66359430404708,0,0,13.000962438648504
531,0.9532985451151281,28598.956353453843,18.02318190062991,15.0,28.724117562474273,0,0,13.000962438648504
532,0.9521053951943826,28563.16185583148,18.045668283080307,15.0,28.78088391459889,0,0,13.000962438648504
533,0.9509058185255912,28527.174555767735,18.066659810315326,15.0,28.83387653932567,0,0,13.000962438648504
534,0.9497002293732082,28491.006881196245,18.086150262092417,15.0,28.883079733796237,0,0,13.000962438648504
535,0.9484890437833169,28454.671313499508,18.104133862970077,15.0,28.92847891804217,0,0,13.000962438648504
536,0.9472726794603458,28418.180383810373,18.120605284019256,15.0,28.970060639305387,0,0,13.000962438648504
537,0.9460515556432936,28381.54666929881,18.13555964440241,15.0,29.007812576024477,0,0,13.000962438648504
538,0.9448260929815001,28344.782789445002,18.148992512819813,15.0,29.041723541485823,0,0,13.000962438648504
539,0.9435967134099983,28307.901402299947,18.16089990882265,15.0,29.07178348713851,0,0,13.000962438648504
540,0.9423638400244858,28270.915200734573,18.171278303992505,15.0,29.097983505571893,0,0,17.000962438648504
541,0.9409414479428253,28228.24343828476,23.77359501682239,15.0,29.120315833155068,0,0,17.000962438648504
542,0.9395163362333104,28185.490086999314,23.783156201423658,15.0,29.13877385233739,0,0,17.000962438648504
543,0.9380889464817516,28142.668394452547,23.790707675641286,15.0,29.153352093609435,0,0,17.000962438648504
544,0.936659720948992,28099.79162846976,23.796247201810488,15.0,29.16404623712368,0,0,17.000962438648504
545,0.9352291024398568,28056.873073195704,23.799773138450107,15.0,29.17085311397461,0,0,17.000962438648504
546,0.9337975341719397,28013.92602515819,23.801284440749026,15.0,29.173770707137702,0,0,17.000962438648504
547,0.9323654596442688,27970.963789328063,23.800780660875752,15.0,29.172798152067138,0,0,17.000962438648504
548,0.9309333225058878,27927.999675176634,23.798261948111133,15.0,29.167935736951975,0,0,17.000962438648504
549,0.9295015664243931,27885.046992731794,23.793729048804128,15.0,29.159184902630752,0,0,17.000962438648504
550,0.9280706349544662,27842.119048633984,23.787183306150624,15.0,29.146548242164535,0,0,17.000962438648504
551,0.9266409714064376,27799.22914219313,23.778626659795435,15.0,29.130029500068545,0,0,17.000962438648504
552,0.925213018714926,27756.39056144778,23.76806164525754,15.0,29.109633571202565,0,0,17.000962438648504
553,0.9237872193075858,27713.616579227575,23.755491393178772,15.0,29.0853664993205,0,0,17.000962438648504
554,0.9223640149740073,27670.92044922022,23.7409196283961,15.0,29.057235475279477,0,0,17.000962438648504
555,0.9209438467348042,27628.315402044125,23.72435066883792,15.0,29.02524883490903,0,0,17.000962438648504
556,0.9195271547109297,27585.814641327892,23.705789424244525,15.0,28.989416056541035,0,0,17.000962438648504
557,0.9181143779932598,27543.431339797793,23.68524139471329,15.0,28.949747758201063,0,0,17.000962438648504
558,0.9167059545124804,27501.17863537441,23.662712669068814,15.0,28.906255694462004,0,0,17.000962438648504
559,0.9153023209093195,27459.069627279587,23.63820992305872,15.0,28.858952752961,0,0,17.000962438648504
560,0.9139039124051613,27417.11737215484,23.61174041737546,15.0,28.807852950580482,0,0,17.000962438648504
561,0.91251116267308,27375.3348801924,23.583311995504832,15.0,28.75297142929474,0,0,17.000962438648504
562,0.9111245037093335,27333.735111280006,23.552933081401772,15.0,28.694324451682952,0,0,17.000962438648504
563,0.9097443657053538,27292.330971160613,23.52061267699415,15.0,28.631929396110298,0,0,17.000962438648504
564,0.9083711769202716,27251.135307608147,23.486360359515334,15.0,28.56580475157834,0,0,17.000962438648504
565,0.9070053635540142,27210.160906620426,23.450186278666216,15.0,28.49597011224634,0,0,17.000962438648504
566,0.9056473496210131,27169.420488630392,23.41210115360765,15.0,28.42244617162509,0,0,17.000962438648504
567,0.9042975568245595,27128.926704736783,23.372116269784136,15.0,28.345254716444956,0,0,17.000962438648504
568,0.9029564044318441,27088.692132955322,23.330243475579692,15.0,28.264418620200054,0,0,17.000962438648504
569,0.9016243091497199,27048.729274491598,23.286495178806938,15.0,28.179961836370286,0,0,17.000962438648504
570,0.9003016850012223,27009.05055003667,23.240884343030366,15.0,28.091909391323423,0,0,17.000962438648504
571,0.8989889432028855,26969.668296086566,23.193424483724975,15.0,28.00028737689925,0,0,17.000962438648504
572,0.89768649204289,26930.5947612867,23.144129664271357,15.0,27.905122942678013,0,0,17.000962438648504
573,0.896394736760078,26891.84210280234,23.093014491788388,15.0,27.806444287935413,0,0,17.000962438648504
574,0.8951140794238728,26853.422382716184,23.04009411280481,15.0,27.704280653286467,0,0,17.000962438648504
575,0.8938449188151363,26815.34756445409,22.985384208771052,15.0,27.59866231202102,0,0,17.000962438648504
576,0.8925876503080018,26777.629509240054,22.928900991412398,15.0,27.48962056113301,0,0,17.000962438648504
577,0.8913426657527166,26740.2799725815,22.870661197925177,15.0,27.37718771204655,0,0,17.000962438648504
578,0.8901103533595278,26703.310600785833,22.810682086017103,15.0,27.261397081041316,0,0,17.000962438648504
579,0.8888910975836474,26666.73292750942,22.7489814287935,15.0,27.14228297938024,0,0,17.000962438648504
580,0.8876852790113298,26630.55837033989,22.6855775094907,15.0,27.01988070314233,0,0,17.000962438648504
581,0.886493274247096,26594.79822741288,22.620489116058373,15.0,26.894226522763717,0,0,17.000962438648504
582,0.8853154558021379,26559.463674064136,22.55373553559221,15.0,26.765357672289873,0,0,17.000962438648504
583,0.8841521919839344,26524.56575951803,22.485336548618758,15.0,26.633312338342385,0,0,17.000962438648504
584,0.8830038467871145,26490.115403613436,22.41531242323404,15.0,26.49812964880352,0,0,17.000962438648504
585,0.8818707797855978,26456.123393567934,22.343683909097656,15.0,26.359849661221645,0,0,17.000962438648504
586,0.8807533460260446,26422.60038078134,22.270472231284195,15.0,26.218513350941407,0,0,17.000962438648504
587,0.8796518959226488,26389.556877679464,22.195699083993834,15.0,26.074162598961816,0,0,17.000962438648504
588,0.8785667751533014,26357.003254599043,22.11938662412387,15.0,25.926840179526064,0,0,17.000962438648504
589,0.8774983245571598,26324.949736714796,22.041557464703107,15.0,25.776589747446486,0,0,17.000962438648504
590,0.876446880033649,26293.40640100947,21.96223466819117,15.0,25.623455825168776,0,0,17.000962438648504
591,0.8754127724429278,26262.383173287835,21.88144173964459,15.0,25.467483789578992,0,0,17.000962438648504
592,0.8743963275078476,26231.889825235427,21.799202619751757,15.0,25.308719858557453,0,0,17.000962438648504
593,0.8733978657174335,26201.935971523006,21.715541677738763,15.0,25.147211077283334,0,0,17.000962438648504
594,0.8724177022319173,26172.53106695752,21.630483704148276,15.0,24.983005304294156,0,0,17.000962438648504
595,0.8714561467893476,26143.68440368043,21.54405390349357,15.0,24.816151197304315,0,0,17.000962438648504
596,0.8705135036138086,26115.40510841426,21.456277886789877,15.0,24.6466981987867,0,0,17.000962438648504
597,0.8695900713252717,26087.70213975815,21.36718166396533,15.0,24.47469652132189,0,0,17.000962438648504
598,0.8686861428511073,26060.58428553322,21.276791636153586,15.0,24.300197132719013,0,0,17.000962438648504
599,0.8678020053392853,26034.06016017856,21.18513458787067,15.0,24.123251740912906,0,0,17.000962438648504
600,0.8669379400732862,26008.138202198585,21.092237679078103,15.0,23.943912778641952,0,0,17.000962438648504
601,0.8660942223887504,25982.826671662515,20.998128437134852,15.0,23.762233387911152,0,0,17.000962438648504
602,0.8652711215918918,25958.133647756753,20.902834748640345,15.0,23.57826740424492,0,0,17.000962438648504
603,0.8644689008796943,25934.06702639083,20.806384851171075,15.0,23.392069340734515,0,0,17.000962438648504
604,0.8636878172619228,25910.634517857685,20.708807324913245,15.0,23.20369437188467,0,0,17.000962438648504
605,0.862928121484965,25887.84364454895,20.610131084193764,15.0,23.01319831726411,0,0,17.000962438648504
606,0.8621900579575295,25865.701738725882,20.510385368912374,15.0,22.820637624965045,0,0,17.000962438648504
607,0.8614738646782224,25844.215940346672,20.40959973587718,15.0,22.626069354876407,0,0,17.000962438648504
608,0.8607797731650236,25823.39319495071,20.307804050046414,15.0,22.42955116177577,0,0,17.000962438648504
609,0.8601080083866828,25803.240251600484,20.205028475678695,15.0,22.231141278244927,0,0,17.000962438648504
610,0.8594587886960559,25783.763660881676,20.101303467394814,15.0,22.030898497414462,0,0,17.000962438648504
611,0.8588323257654028,25764.969772962086,19.996659761153253,15.0,21.828882155541855,0,0,17.000962438648504
612,0.8582288245236648,25746.864735709943,19.8911283651426,15.0,21.625152114429127,0,0,17.000962438648504
613,0.8576484830957385,25729.454492872155,19.784740550593035,15.0,21.419768743684273,0,0,17.000962438648504
614,0.8570914927437683,25712.74478231305,19.677527842510052,15.0,21.212792902832625,0,0,17.000962438648504
615,0.8565580378104708,25696.741134314125,19.569522010332893,15.0,21.00428592328271,0,0,17.000962438648504
616,0.8560482956645101,25681.448869935302,19.46075505852058,15.0,20.794309590152487,0,0,17.000962438648504
617,0.8555624366479395,25666.873099438184,19.351259217068336,15.0,20.582926123961187,0,0,17.000962438648504
618,0.8551006240257256,25653.018720771768,19.24106693195709,15.0,20.370198162191826,0,0,17.000962438648504
619,0.8546630139373697,25639.89041812109,19.130210855539058,15.0,20.156188740730546,0,0,17.000962438648504
620,0.8542497553506395,25627.492660519187,19.018723836862147,15.0,19.940961275187583,0,0,17.000962438648504
621,0.8538609900174278,25615.829700522834,18.906638911936103,15.0,19.724579542106024,0,0,17.000962438648504
622,0.8534968524317474,25604.905572952423,18.79398929394315,15.0,19.50710766006326,0,0,17.000962438648504
623,0.853157469789878,25594.724093696343,18.680808363396288,15.0,19.288610070671353,0,0,17.000962438648504
624,0.8528429619526754,25585.28885858026,18.56712965824787,15.0,19.0691515194816,0,0,17.000962438648504
625,0.8525534414100535,25576.603242301604,18.452986863951622,15.0,18.848797036799034,0,0,17.000962438648504
626,0.8522890132476522,25568.670397429563,18.338413803480933,15.0,18.627611918412562,0,0,17.000962438648504
627,0.8520497751156968,25561.493253470904,18.22344442730625,15.0,18.405661706246235,0,0,17.000962438648504
628,0.8518358172000638,25555.074516001914,18.108112803335022,15.0,18.183012168938067,0,0,17.000962438648504
629,0.8516472221955556,25549.416665866665,17.992453106816463,15.0,17.959729282351084,0,0,17.000962438648504
630,0.8514840652813963,25544.52195844189,17.876499610214815,15.0,17.735879210023466,0,0,17.000962438648504
631,0.8513464140989555,25540.392422968664,17.760286673053592,15.0,17.511528283562704,0,0,17.000962438648504
632,0.8512343287317036,25537.02986195111,17.643848731734156,15.0,17.2867429829902,0,0,17.000962438648504
633,0.8511478616874084,25534.435850622252,17.527220289331446,15.0,17.06158991704175,0,0,17.000962438648504
634,0.8510870578825755,25532.611736477265,17.410435905370015,15.0,16.83613580343004,0,0,17.000962438648504
635,0.8510519546291391,25531.558638874172,17.29353018558323,15.0,16.61044744907462,0,0,17.000962438648504
636,0.851042581623405,25531.27744870215,17.176537771658893,15.0,16.3845917303056,0,0,17.000962438648504
637,0.8510589609372515,25531.768828117547,17.059493330974167,15.0,16.158635573046872,0,0,17.000962438648504
638,0.851101107011589,25533.033210347672,16.942431546322844,15.0,15.932645932984343,0,0,17.000962438648504
639,0.8511690266520804,25535.07079956241,16.82538710563812,15.0,15.706689775725614,0,0,17.000962438648504
640,0.8512627190271247,25537.88157081374,16.70839469171378,15.0,15.480834056956596,0,0,17.000962438648504
641,0.8513821756681036,25541.465270043107,16.591488971927,15.0,15.25514570260117,0,0,17.000962438648504
642,0.8515273804718906,25545.82141415672,16.47470458796557,15.0,15.029691588989465,0,0,17.000962438648504
643,0.8516983097056232,25550.949291168698,16.35807614556287,15.0,14.804538523041035,0,0,17.000962438648504
644,0.8518949320137348,25556.847960412044,16.241638204243422,15.0,14.579753222468508,0,0,17.000962438648504
645,0.8521172084272464,25563.51625281739,16.125425267082186,15.0,14.355402296007723,0,0,17.000962438648504
646,0.8523650923753138,25570.952771259414,16.009471770480538,15.0,14.131552223680107,0,0,17.000962438648504
647,0.852638529699028,25579.15589097084,15.893812073961989,15.0,13.908269337093145,0,0,17.000962438648504
648,0.8529374586674631,25588.123760023893,15.778480449990763,15.0,13.685619799784977,0,0,17.000962438648504
649,0.8532618099959689,25597.854299879065,15.663511073816082,15.0,13.46366958761865,0,0,17.000962438648504
650,0.853611506866701,25608.345206001028,15.548938013345378,15.0,13.242484469232156,0,0,17.000962438648504
651,0.8539864649513838,25619.59394854151,15.434795219049146,15.0,13.022129986549615,0,0,17.000962438648504
652,0.8543865924362988,25631.597773088964,15.321116513900735,15.0,12.80267143535988,0,0,17.000962438648504
653,0.8548117900494915,25644.353701484746,15.207935583353862,15.0,12.584173845967957,0,0,17.000962438648504
654,0.8552619510901869,25657.858532705606,15.095285965360913,15.0,12.36670196392519,0,0,17.000962438648504
655,0.8557369614604077,25672.10884381223,14.983201040434865,15.0,12.15032023084363,0,0,17.000962438648504
656,0.8562366996987841,25687.100990963525,14.871714021757956,15.0,11.93509276530067,0,0,17.000962438648504
657,0.8567610370165453,25702.831110496358,14.760857945339925,15.0,11.721083343839386,0,0,17.000962438648504
658,0.8573098373356822,25719.295120070467,14.650665660228675,15.0,11.508355382070029,0,0,17.000962438648504
659,0.8578829573292707,25736.48871987812,14.541169818776433,15.0,11.296971915878725,0,0,17.000962438648504
660,0.8584802464639419,25754.40739391826,14.432402866964118,15.0,11.086995582748507,0,0,17.000962438648504
661,0.8591015470444895,25773.046411334686,14.32439703478696,15.0,10.87848860319859,0,0,17.000962438648504
662,0.8597466942605966,25792.4008278179,14.21718432670397,15.0,10.671512762346921,0,0,17.000962438648504
663,0.8604155162356745,25812.465487070232,14.11079651215442,15.0,10.466129391602106,0,0,17.000962438648504
664,0.8611078340777917,25833.23502233375,14.005265116143761,15.0,10.262399350489357,0,0,17.000962438648504
665,0.8618234619326847,25854.70385798054,13.900621409902213,15.0,10.060383008616768,0,0,17.000962438648504
666,0.86256220703883,25876.8662111649,13.796896401618309,15.0,9.860140227786264,0,0,17.000962438648504
667,0.8633238697845634,25899.716093536903,13.694120827250599,15.0,9.661730344255446,0,0,17.000962438648504
668,0.8641082437672299,25923.2473130169,13.592325141419831,15.0,9.465212151154809,0,0,17.000962438648504
669,0.8649151158543447,25947.45347563034,13.49153950838464,15.0,9.270643881066164,0,0,17.000962438648504
670,0.8657442662467489,25972.327987402467,13.391793793103249,15.0,9.078083188767108,0,0,17.000962438648504
671,0.8665954685437413,25997.86405631224,13.293117552383768,15.0,8.887587134146544,0,0,17.000962438648504
672,0.8674684898101652,26024.054694304956,13.195540026125938,15.0,8.6992121652967,0,0,17.000962438648504
673,0.8683630906454323,26050.892719362968,13.099090128656666,15.0,8.513014101786293,0,0,17.000962438648504
674,0.8692790252544627,26078.37075763388,13.003796440162157,15.0,8.329048118120062,0,0,17.000962438648504
675,0.8702160415205182,26106.48124561555,12.909687198218908,15.0,8.14736872738926,0,0,17.000962438648504
676,0.8711738810799116,26135.21643239735,12.816790289426349,15.0,7.968029765118322,0,0,17.000962438648504
677,0.8721522793985638,26164.568381956913,12.725133241143428,15.0,7.791084373312201,0,0,17.000962438648504
678,0.8731509658503916,26194.52897551175,12.634743213331676,15.0,7.616584984709304,0,0,17.000962438648504
679,0.8741696637975006,26225.089913925018,12.545646990507135,15.0,7.444583307244516,0,0,17.000962438648504
680,0.8752080906721581,26256.242720164744,12.457870973803441,15.0,7.275130308726894,0,0,17.000962438648504
681,0.8762659580605245,26287.978741815736,12.371441173148735,15.0,7.108276201737052,0,0,17.000962438648504
682,0.8773429717881163,26320.289153643487,12.286383199558237,15.0,6.944070428747863,0,0,17.000962438648504
683,0.8784388320069764,26353.16496020929,12.202722257545247,15.0,6.7825616474737425,0,0,17.000962438648504
684,0.879553233284526,26386.596998535777,12.120483137652421,15.0,6.623797716452216,0,0,17.000962438648504
685,0.8806858646940701,26420.575940822102,12.03969020910585,15.0,6.467825680862453,0,0,17.000962438648504
686,0.8818364099069322,26455.092297207968,11.960367412593907,15.0,6.314691758584727,0,0,17.000962438648504
687,0.8830045472861896,26490.136418585687,11.882538253173143,15.0,6.164441326505147,0,0,17.000962438648504
688,0.8841899499819804,26525.698499459413,11.806225793303177,15.0,6.017118907069393,0,0,17.000962438648504
689,0.8853922860283574,26561.768580850723,11.731452646012816,15.0,5.872768155089805,0,0,17.000962438648504
690,0.886611218441656,26598.33655324968,11.658240968199358,15.0,5.731431844809567,0,0,17.000962438648504
691,0.8878464053203495,26635.392159610485,11.58661245406297,15.0,5.593151857227692,0,0,17.000962438648504
692,0.889097499946363,26672.92499839089,11.516588328678251,15.0,5.457969167688823,0,0,17.000962438648504
693,0.8903641508878122,26710.924526634364,11.4481893417048,15.0,5.325923833741342,0,0,17.000962438648504
694,0.8916460021031409,26749.380063094228,11.38143576123864,15.0,5.197054983267493,0,0,17.000962438648504
695,0.8929426930466239,26788.280791398716,11.31634736780631,15.0,5.071400802888876,0,0,17.000962438648504
696,0.8942538587752039,26827.61576325612,11.252943448503515,15.0,4.9489985266509775,0,0,17.000962438648504
697,0.8955791300566331,26867.373901698993,11.191242791279905,15.0,4.829884424989892,0,0,17.000962438648504
698,0.8969181334788833,26907.544004366497,11.131263679371834,15.0,4.71409379398466,0,0,17.000962438648504
699,0.8982704915607967,26948.114746823903,11.073023885884606,15.0,4.60166094489819,0,0,17.000962438648504
700,0.8996358228639421,26989.074685918262,11.016540668525959,15.0,4.492619194010187,0,0,17.000962438648504
701,0.9010137421056422,27030.412263169266,10.961830764492198,15.0,4.387000852744745,0,0,17.000962438648504
702,0.9024038602731423,27072.11580819427,10.908910385508621,15.0,4.284837218095799,0,0,17.000962438648504
703,0.9038057847388826,27114.173542166478,10.857795213025646,15.0,4.186158563353187,0,0,17.000962438648504
704,0.9052191193768421,27156.573581305263,10.80850039357203,15.0,4.09099412913196,0,0,17.000962438648504
705,0.9066434646799197,27199.303940397593,10.761040534266648,15.0,3.9993721147077936,0,0,17.000962438648504
706,0.9080784178783169,27242.352536349506,10.715429698490071,15.0,3.911319669660921,0,0,17.000962438648504
707,0.9095235730588864,27285.707191766593,10.671681401717315,15.0,3.8268628858311535,0,0,17.000962438648504
708,0.9109785212854137,27329.35563856241,10.629808607512878,15.0,3.746026789586253,0,0,17.000962438648504
709,0.9124428507197933,27373.285521593796,10.589823723689358,15.0,3.66883533440612,0,0,17.000962438648504
710,0.9139161467440652,27417.484402321956,10.551738598630795,15.0,3.5953113937848666,0,0,17.000962438648504
711,0.9153979920832757,27461.93976249827,10.515564517781675,15.0,3.5254767544528676,0,0,17.000962438648504
712,0.9168879669291242,27506.639007873728,10.48131220030286,15.0,3.4593521099209115,0,0,17.000962438648504
713,0.9183856490643622,27551.569471930863,10.448991795895239,15.0,3.396957054348253,0,0,17.000962438648504
714,0.9198906139879045,27596.718419637135,10.418612881792175,15.0,3.3383100767364695,0,0,17.000962438648504
715,0.9214024350406189,27642.07305121857,10.39018445992155,15.0,3.283428555450723,0,0,17.000962438648504
716,0.9229206835317544,27687.620505952633,10.363714954238292,15.0,3.2323287530702114,0,0,17.000962438648504
717,0.9244449288659708,27733.347865979125,10.339212208228194,15.0,3.1850258115692025,0,0,17.000962438648504
718,0.925974738670934,27779.242160128022,10.31668348258372,15.0,3.141533747830151,0,0,17.000962438648504
719,0.9275096789254372,27825.29036776312,10.296135453052477,15.0,3.1018654494901674,0,0,17.000962438648504
720,0.929049314088011,27871.47942264033,10.277574208459091,15.0,3.0660326711221746,0,0,17.000962438648504
721,0.9305932072259826,27917.79621677948,10.261005248900908,15.0,3.034046030751729,0,0,17.000962438648504
722,0.93214092014495,27964.2276043485,10.246433484118237,15.0,3.005915006710703,0,0,17.000962438648504
723,0.9336920135186272,28010.760405558816,10.233863232039468,15.0,2.981647934828639,0,0,17.000962438648504
724,0.9352460470190267,28057.3814105708,10.22329821750158,15.0,2.9612520059626606,0,0,17.000962438648504
725,0.9368025794469378,28104.077383408134,10.21474157114639,15.0,2.94473326386667,0,0,17.000962438648504
726,0.9383611688626641,28150.83506587992,10.20819582849288,15.0,2.932096603400452,0,0,17.000962438648504
727,0.9399213727169786,28197.64118150936,10.203662929185874,15.0,2.9233457690792304,0,0,17.000962438648504
728,0.9414827479822622,28244.482439467865,10.201144216421255,15.0,2.918483353964068,0,0,17.000962438648504
729,0.9430448512837805,28291.345538513415,10.200640436547985,15.0,2.9175107988935043,0,0,17.000962438648504
730,0.9446072390310669,28338.217170932006,10.202151738846903,15.0,2.9204283920565963,0,0,17.000962438648504
731,0.9461694675493673,28385.084026481018,10.205677675486523,15.0,2.9272352689075225,0,0,17.000962438648504
732,0.9477310932111103,28431.93279633331,10.211217201655723,15.0,2.9379294124217683,0,0,17.000962438648504
733,0.9492916725673642,28478.750177020927,10.21876867587335,15.0,2.9525076536938135,0,0,17.000962438648504
734,0.95085076247924,28525.522874377202,10.228329860474616,15.0,2.970965672876138,0,0,17.000962438648504
735,0.9524079202492034,28572.2376074761,10.23989792227418,15.0,2.993298000459313,0,0,17.000962438648504
736,0.9539627037522551,28618.881112567655,10.253469433405662,15.0,3.019498018892691,0,0,17.000962438648504
737,0.9555146715669429,28665.44014700829,10.269040372337429,15.0,3.049557964545379,0,0,17.000962438648504
738,0.9570633831061633,28711.9014931849,10.28660612506422,15.0,3.0834689300067266,0,0,17.000962438648504
739,0.958608398747718,28758.25196243154,10.306161486474403,15.0,3.121220866725815,0,0,17.000962438648504
740,0.9601492799645822,28804.478398937466,10.327700661892353,15.0,3.1628025879890327,0,0,17.000962438648504
741,0.961685589454851,28850.56768364553,10.351217268795539,15.0,3.2082017722349656,0,0,17.000962438648504
742,0.9632168912713207,28896.506738139622,10.376704338705808,15.0,3.25740496670553,0,0,17.000962438648504
743,0.9647427509506692,28942.282528520074,10.40415431925429,15.0,3.3103975914323147,0,0,17.000962438648504
744,0.9662627356421969,28987.882069265906,10.433559076419327,15.0,3.3671639435569283,0,0,17.000962438648504
745,0.9677764142360903,29033.29242708271,10.464909896936767,15.0,3.4276872019841242,0,0,17.000962438648504
746,0.9692833574911689,29078.500724735066,10.498197490881878,15.0,3.4919494323662317,0,0,17.000962438648504
747,0.9707831381620777,29123.494144862332,10.53341199442218,15.0,3.5599315924175015,0,0,17.000962438648504
748,0.9722753311258906,29168.259933776717,10.570542972740276,15.0,3.6316135375567242,0,0,17.000962438648504
749,0.9737595135080824,29212.785405242474,10.609579423125933,15.0,3.7069740268765377,0,0,17.000962438648504
750,0.9752352648078368,29257.057944235105,10.650509778236435,15.0,3.7859907294375414,0,0,17.000962438648504
751,0.9767021670226484,29301.065010679453,10.693321909524219,15.0,3.868640230885467,0,0,17.000962438648504
752,0.9781598047721872,29344.794143165618,10.738003130830801,15.0,3.954898040389268,0,0,17.000962438648504
753,0.9796077654213841,29388.232962641523,10.784540202146024,15.0,4.044738597898427,0,0,17.000962438648504
754,0.9810456392027034,29431.3691760811,10.832919333531315,15.0,4.138135281716847,0,0,17.000962438648504
755,0.9824730193375664,29474.19058012699,10.883126189205914,15.0,4.235060416391411,0,0,17.000962438648504
756,0.9838895021568879,29516.685064706635,10.935145891794942,15.0,4.335485280912916,0,0,17.000962438648504
757,0.9852946872206929,29558.840616620786,10.988963026737842,15.0,4.439380117226647,0,0,17.000962438648504
758,0.986688177436775,29600.64532310325,11.04456164685608,15.0,4.5467141390504136,0,0,17.000962438648504
759,0.9880695791783637,29642.08737535091,11.101925277078573,15.0,4.65745554099704,0,0,17.000962438648504
760,0.9894385024007643,29683.155072022928,11.161036919323687,15.0,4.771571507999151,0,0,17.000962438648504
761,0.9907945607569365,29723.836822708094,11.221879057536093,15.0,4.889028225032905,0,0,17.000962438648504
762,0.9921373717119776,29764.121151359326,11.284433662877163,15.0,5.009790887138129,0,0,17.000962438648504
763,0.9934665566564757,29803.99669969427,11.348682199067284,15.0,5.133823709731745,0,0,17.000962438648504
764,0.9947817410187003,29843.452230561008,11.414605627878588,15.0,5.261089939211587,0,0,17.000962438648504
765,0.996082554375595,29882.47663126785,11.482184414776388,15.0,5.3915518638472415,0,0,17.000962438648504
766,0.9973686305625429,29921.058916876285,11.551398534707637,15.0,5.525170824954813,0,0,17.000962438648504
767,0.9986396077818682,29959.188233456047,11.622227478034846,15.0,5.661907228352407,0,0,17.000962438648504
768,0.9998951287100454,29996.853861301362,11.694650256613489,15.0,5.801720556092681,0,0,17.000962438648504
769,1.0,30000.0,11.768645410011276,15.0,5.944569378469221,0,0,17.000962438648504
770,1.0,30000.0,11.844191011867292,15.0,6.090411366292998,0,0,17.000962438648504
771,1.0,30000.0,11.921264676389303,15.0,6.23920330343551,0,0,17.000962438648504
772,1.0,30000.0,11.999843564987128,15.0,6.390901099634586,0,0,17.000962438648504
773,1.0,30000.0,12.079904393040213,15.0,6.5454598035593206,0,0,17.000962438648504
774,1.0,30000.0,12.161423436797334,15.0,6.702833616130063,0,0,17.000962438648504
775,1.0,30000.0,12.24437654040651,15.0,6.862975904089753,0,0,17.000962438648504
776,1.0,30000.0,12.328739123072873,15.0,7.025839213822335,0,0,17.000962438648504
777,1.0,30000.0,12.414486186342469,15.0,7.191375285414225,0,0,17.000962438648504
778,1.0,30000.0,12.50159232150989,15.0,7.359535066954865,0,0,17.000962438648504
779,1.0,30000.0,12.59003171714738,15.0,7.530268729071797,0,0,17.000962438648504
780,1.0,30000.0,12.67977816675334,15.0,7.703525679696222,0,0,17.000962438648504
781,1.0,30000.0,12.770805076517851,15.0,7.879254579054441,0,0,17.000962438648504
782,1.0,30000.0,12.863085473203032,15.0,8.057403354881057,0,0,17.000962438648504
783,1.0,30000.0,12.956592012135772,15.0,8.237919217849019,0,0,17.000962438648504
784,1.0,30000.0,13.051296985310561,15.0,8.420748677212302,0,0,17.000962438648504
785,1.0,30000.0,13.147172329599925,15.0,8.605837556656276,0,0,17.000962438648504
786,1.0,30000.0,13.244189635070203,15.0,8.79313101035143,0,0,17.000962438648504
787,1.0,30000.0,13.3423201534,15.0,8.982573539205362,0,0,17.000962438648504
788,1.0,30000.0,13.441534806398863,15.0,9.174109007308175,0,0,17.000962438648504
789,1.0,30000.0,13.54180419462389,15.0,9.367680658567025,0,0,17.000962438648504
790,1.0,30000.0,13.643098606091382,15.0,9.563231133524061,0,0,17.000962438648504
791,1.0,30000.0,13.745388025081118,15.0,9.760702486353253,0,0,17.000962438648504
792,1.0,30000.0,13.848642141030624,15.0,9.960036202030889,0,0,17.000962438648504
793,1.0,30000.0,13.952830357516955,15.0,10.161173213675088,0,0,17.000962438648504
794,1.0,30000.0,14.057921801322998,15.0,10.364053920048384,0,0,17.000962438648504
795,1.0,30000.0,14.163885331585929,15.0,10.568618203219035,0,0,17.000962438648504
796,1.0,30000.0,14.270689549024798,15.0,10.77480544637498,0,0,17.000962438648504
797,1.0,30000.0,14.37830280524498,15.0,10.982554551786222,0,0,17.000962438648504
798,1.0,30000.0,14.48669321211618,15.0,11.191803958909258,0,0,17.000962438648504
799,1.0,30000.0,14.595828651221563,15.0,11.402491662628748,0,0,17.000962438648504
800,1.0,30000.0,14.705676783375202,15.0,11.61455523163108,0,0,17.000962438648504
801,1.0,30000.0,14.816205058204817,15.0,11.82793182690406,0,0,17.000962438648504
802,1.0,30000.0,14.927380723797198,15.0,12.04255822035748,0,0,17.000962438648504
803,1.0,30000.0,15.039170836403233,15.0,12.258370813558901,0,0,17.000962438648504
804,1.0,30000.0,15.151542270199947,15.0,12.475305656579362,0,0,17.000962438648504
805,1.0,30000.0,15.264461727106339,15.0,12.693298466943062,0,0,17.000962438648504
806,1.0,30000.0,15.377895746650303,15.0,12.912284648675577,0,0,17.000962438648504
807,1.0,30000.0,15.491810715883751,15.0,13.13219931144517,0,0,17.000962438648504
808,1.0,30000.0,15.606172879342825,15.0,13.352977289791113,0,0,17.000962438648504
809,1.0,30000.0,15.72094834905035,15.0,13.574553162433673,0,0,17.000962438648504
810,1.0,30000.0,15.836103114557579,15.0,13.79686127165974,0,0,21.000962438648504
811,1.0,30000.0,19.70470893995941,15.0,14.019835742778763,0,0,21.000962438648504
812,1.0,30000.0,19.847767903938706,15.0,14.243410503642775,0,0,21.000962438648504
813,1.0,30000.0,19.991168584346628,15.0,14.467519304225013,0,0,21.000962438648504
814,1.0,30000.0,20.1348684884667,15.0,14.692095736251154,0,0,21.000962438648504
815,1.0,30000.0,20.278825034916053,15.0,14.917073252877657,0,0,21.000962438648504
816,1.0,30000.0,20.42299556626315,15.0,15.142385188410955,0,0,21.000962438648504
817,1.0,30000.0,20.567337361668063,15.0,15.367964778061875,0,0,21.000962438648504
818,1.0,30000.0,20.711807649541683,15.0,15.59374517772962,0,0,21.000962438648504
819,0.9999943102943373,29999.829308830118,20.856363620219785,15.0,15.819659483809026,0,0,21.000962438648504
820,0.9999619420487855,29998.858261463567,21.000962438648514,15.0,16.04564075301562,0,0,21.000962438648504
821,0.9999028846396648,29997.086539189946,21.145561257077198,15.0,16.271622022222143,0,0,21.000962438648504
822,0.9998171353518702,29994.514060556106,21.290117227755303,15.0,16.49753632830155,0,0,21.000962438648504
823,0.9997046993796763,29991.14098139029,21.43458751562892,15.0,16.72331672796929,0,0,21.000962438648504
824,0.9995655898251985,29986.967694755956,21.578929311033864,15.0,16.94889631762026,0,0,21.000962438648504
825,0.9993998276945103,29981.99483083531,21.723099842380943,15.0,17.174208253153537,0,0,21.000962438648504
826,0.9992074418914184,29976.223256742553,21.86705638883028,15.0,17.399185769780015,0,0,21.000962438648504
827,0.9989884692088987,29969.65407626696,22.010756292950383,15.0,17.6237622018062,0,0,21.000962438648504
828,0.9987429543181927,29962.288629545783,22.15415697335829,15.0,17.847871002388416,0,0,21.000962438648504
829,0.9984709497555717,29954.12849266715,22.29721593733759,15.0,18.071445763252427,0,0,21.000962438648504
830,0.9981725159067678,29945.175477203033,22.439890793429782,15.0,18.294420234371458,0,0,21.000962438648504
831,0.9978477209890815,29935.431629672443,22.582139263995856,15.0,18.516728343597542,0,0,21.000962438648504
832,0.9974966410311665,29924.899230934996,22.72391919774397,15.0,18.738304216240074,0,0,21.000962438648504
833,0.9971193598505016,29913.58079551505,22.86518858221991,15.0,18.95908219458602,0,0,21.000962438648504
834,0.9967159690285532,29901.479070856596,23.00590555625622,15.0,19.178996857355614,0,0,21.000962438648504
835,0.9962865678836379,29888.597036509138,23.146028422376574,15.0,19.397983039088153,0,0,21.000962438648504
836,0.9958312634414923,29874.93790324477,23.28551565915162,15.0,19.61597584945183,0,0,21.000962438648504
837,0.995350170403559,29860.50511210677,23.424325933502743,15.0,19.832910692472296,0,0,21.000962438648504
838,0.9948434111129982,29845.302333389947,23.562418112949878,15.0,20.048723285673738,0,0,21.000962438648504
839,0.9943111155184347,29829.333465553038,23.699751277799965,15.0,20.263349679127135,0,0,21.000962438648504
840,0.993753421135451,29812.60263406353,23.83628473327238,15.0,20.476726274400107,0,0,21.000962438648504
841,0.993170473005839,29795.114190175173,23.971978021557632,15.0,20.688789843402446,0,0,21.000962438648504
842,0.9925624236546211,29776.872709638632,24.10679093380591,15.0,20.899477547121954,0,0,21.000962438648504
843,0.9919294330448526,29757.882991345577,24.240683522041795,15.0,21.108726954244972,0,0,21.000962438648504
844,0.9912716685302224,29738.150055906674,24.373616111001756,15.0,21.31647605965621,0,0,21.000962438648504
845,0.9905893048054624,29717.67914416387,24.50554930989078,15.0,21.522663302812155,0,0,21.000962438648504
846,0.9898825238545808,29696.47571563742,24.636444024054686,15.0,21.72722758598279,0,0,21.000962438648504
847,0.9891515148969371,29674.545446908112,24.7662614665647,15.0,21.930108292356106,0,0,21.000962438648504
848,0.9883964743311721,29651.894229935162,24.89496316971094,15.0,22.131245304000302,0,0,21.000962438648504
849,0.9876176056770107,29628.52817031032,25.02251099640116,15.0,22.330579019677963,0,0,21.000962438648504
850,0.9868151195149547,29604.453585448642,25.148867151461573,15.0,22.528050372507114,0,0,21.000962438648504
851,0.9859892334238831,29579.677002716493,25.27399419283647,15.0,22.723600847464148,0,0,21.000962438648504
852,0.985140171916579,29554.20515749737,25.397855042683016,15.0,22.91717249872302,0,0,21.000962438648504
853,0.9842681663732014,29528.044991196042,25.520412998358292,15.0,23.108707966825854,0,0,21.000962438648504
854,0.9833734549727223,29501.20364918167,25.64163174329498,15.0,23.29815049567974,0,0,21.000962438648504
855,0.9824562826223494,29473.688478670483,25.76147535776285,15.0,23.4854439493749,0,0,21.000962438648504
856,0.9815169008849545,29445.507026548636,25.87990832951251,15.0,23.670532828818875,0,0,21.000962438648504
857,0.98055556790453,29416.6670371359,25.996895564298455,15.0,23.853362288182176,0,0,21.000962438648504
858,0.9795725483296954,29387.176449890863,26.11240239627816,15.0,24.033878151150123,0,0,21.000962438648504
859,0.9785681132352763,29357.04339705829,26.22639459828453,15.0,24.212026926976733,0,0,21.000962438648504
860,0.9775425400419787,29326.276201259363,26.338838391967958,15.0,24.38775582633499,0,0,21.000962438648504
861,0.9764961124341838,29294.883373025514,26.44970045780559,15.0,24.5610127769594,0,0,21.000962438648504
862,0.9754291202758856,29262.873608276568,26.558947944974754,15.0,24.73174643907633,0,0,21.000962438648504
863,0.9743418595247983,29230.25578574395,26.666548481087233,15.0,24.899906220616955,0,0,21.000962438648504
864,0.9732346321446578,29197.038964339732,26.772470181782005,15.0,25.06544229220888,0,0,21.000962438648504
865,0.9721077460157427,29163.23238047228,26.87668166017313,15.0,25.228305601941443,0,0,21.000962438648504
866,0.9709615148436435,29128.845445309304,26.97915203615051,15.0,25.388447889901133,0,0,21.000962438648504
867,0.9697962580663042,29093.887741989125,27.07985094553025,15.0,25.545821702471873,0,0,21.000962438648504
868,0.9686123007593666,29058.369022780997,27.17874854905225,15.0,25.70038040639661,0,0,21.000962438648504
869,0.9674099735398426,29022.29920619528,27.275815541222187,15.0,25.852078202595685,0,0,21.000962438648504
870,0.9661896124681462,28985.688374044385,27.37102315899541,15.0,26.000870139738197,0,0,21.000962438648504
871,0.9649515589485103,28948.546768455308,27.46434319030004,15.0,26.14671212756199,0,0,21.000962438648504
872,0.9636961596278225,28910.884788834675,27.555747982396756,15.0,26.28956094993852,0,0,21.000962438648504
873,0.9624237662929055,28872.712988787163,27.645210450073,15.0,26.42937427767879,0,0,21.000962438648504
874,0.9611347357662747,28834.042072988243,27.732704083668846,15.0,26.566110681076385,0,0,21.000962438648504
875,0.9598294298004053,28794.88289401216,27.818202956932403,15.0,26.69972964218397,0,0,21.000962438648504
876,0.9585082149705357,28755.24644911607,27.90168173470228,15.0,26.830191566819607,0,0,21.000962438648504
877,0.9571714625660446,28715.143876981336,27.98311568041501,15.0,26.95745779629945,0,0,21.000962438648504
878,0.9558195484804287,28674.58645441286,28.062480663435004,15.0,27.08149061889307,0,0,21.000962438648504
879,0.9544528530999187,28633.58559299756,28.139753166204954,15.0,27.202253280998292,0,0,21.000962438648504
880,0.9530717611907615,28592.152835722845,28.2149102912146,15.0,27.319709998032046,0,0,21.000962438648504
881,0.9516766617852067,28550.2998535562,28.287929767785787,15.0,27.43382596503416,0,0,21.000962438648504
882,0.9502679480662267,28508.038441986802,28.358789958671718,15.0,27.544567366980797,0,0,21.000962438648504
883,0.9488460172510094,28465.38051753028,28.42746986646854,15.0,27.65190138880454,0,0,21.000962438648504
884,0.947411270473253,28422.33811419759,28.49394913983734,15.0,27.75579622511828,0,0,21.000962438648504
885,0.9459641126643026,28378.923379929078,28.55820807953468,15.0,27.85622108963979,0,0,21.000962438648504
886,0.9445049524331592,28335.148572994778,28.620227644249915,15.0,27.95314622431436,0,0,21.000962438648504
887,0.9430342019454009,28291.026058362026,28.67998945624751,15.0,28.046542908132764,0,0,21.000962438648504
888,0.9415522768010485,28246.568304031454,28.737475806812817,15.0,28.13638346564192,0,0,21.000962438648504
889,0.9400595959114152,28201.787877342456,28.792669661499502,15.0,28.222641275145733,0,0,21.000962438648504
890,0.9385565813749734,28156.6974412492,28.845554665177247,15.0,28.30529077659365,0,0,21.000962438648504
891,0.937043658352278,28111.30975056834,28.896115146878103,15.0,28.384307479154657,0,0,21.000962438648504
892,0.9355212549399826,28065.637648199478,28.944336124440156,15.0,28.45966796847447,0,0,21.000962438648504
893,0.9339898020439844,28019.694061319533,28.990203308947073,15.0,28.531349913613703,0,0,21.000962438648504
894,0.9324497332517383,27973.491997552148,29.033703108962175,15.0,28.599332073664968,0,0,21.000962438648504
895,0.9309014847037748,27927.044541113242,29.074822634555918,15.0,28.663594304047074,0,0,21.000962438648504
896,0.9293454949644627,27880.36484893388,29.11354970112544,15.0,28.724117562474266,0,0,21.000962438648504
897,0.9277822048920532,27833.466146761595,29.14987283300513,15.0,28.78088391459889,0,0,21.000962438648504
898,0.9262120575080433,27786.3617252413,29.183781266867072,15.0,28.833876539325672,0,0,21.000962438648504
899,0.9246354978658996,27739.06493597699,29.21526495491052,15.0,28.883079733796237,0,0,21.000962438648504
900,0.9230529729191793,27691.58918757538,29.244314567839226,15.0,28.928478918042167,0,0,21.000962438648504
901,0.9214649313890879,27643.94794167264,29.27092149762595,15.0,28.970060639305395,0,0,21.000962438648504
902,0.9198718236315138,27596.154708945414,29.295077860063166,15.0,29.007812576024477,0,0,21.000962438648504
903,0.9182741015035776,27548.223045107326,29.31677649709934,15.0,29.041723541485823,0,0,21.000962438648504
904,0.9166722182297377,27500.16654689213,29.336010978960033,15.0,29.07178348713851,0,0,21.000962438648504
905,0.91506662826749,27451.998848024698,29.352775606053154,15.0,29.097983505571897,0,0,21.000962438648504
906,0.9134577871727017,27403.73361518105,29.36706541065788,15.0,29.120315833155068,0,0,21.000962438648504
907,0.911846151464621,27355.38454393863,29.378876158396707,15.0,29.13877385233739,0,0,21.000962438648504
908,0.9102321784906006,27306.965354718017,29.388204349490188,15.0,29.153352093609435,0,0,21.000962438648504
909,0.9086163262905749,27258.489788717245,29.39504721979398,15.0,29.16404623712368,0,0,21.000962438648504
910,0.9069990534613339,27209.97160384002,29.39940274161793,15.0,29.17085311397461,0,0,21.000962438648504
911,0.905380819020631,27161.42457061893,29.40126962432693,15.0,29.173770707137702,0,0,21.000962438648504
912,0.9037620822711652,27112.862468134954,29.400647314723333,15.0,29.172798152067138,0,0,21.000962438648504
913,0.9021433026644807,27064.299079934422,29.397535997210905,15.0,29.167935736951975,0,0,21.000962438648504
914,0.9005249396648215,27015.748189944647,29.391936593740184,15.0,29.159184902630752,0,0,21.000962438648504
915,0.8989074526129817,26967.22357838945,29.38385076353525,15.0,29.146548242164535,0,0,21.000962438648504
916,0.897291300590193,26918.73901770579,29.373280902602104,15.0,29.130029500068545,0,0,21.000962438648504
917,0.8956769422820893,26870.30826846268,29.36023014301866,15.0,29.10963357120257,0,0,21.000962438648504
918,0.8940648358427882,26821.945075283646,29.344702352006635,15.0,29.0853664993205,0,0,21.000962438648504
919,0.89245543875913,26773.6631627739,29.326702130785627,15.0,29.057235475279477,0,0,21.000962438648504
920,0.8908492077151144,26725.476231453435,29.306234813209667,15.0,29.02524883490903,0,0,21.000962438648504
921,0.8892465984565753,26677.39795369726,29.28330646418666,15.0,28.98941605654104,0,0,21.000962438648504
922,0.887648065656133,26629.44196968399,29.25792387788126,15.0,28.949747758201056,0,0,21.000962438648504
923,0.8860540627784659,26581.621883353975,29.230094575701596,15.0,28.906255694462004,0,0,21.000962438648504
924,0.884465041945938,26533.95125837814,29.19982680407051,15.0,28.858952752961,0,0,21.000962438648504
925,0.8828814538046261,26486.443614138785,29.16712953198196,15.0,28.80785295058049,0,0,21.000962438648504
926,0.8813037473907837,26439.11242172351,29.132012448343332,15.0,28.752971429294732,0,0,21.000962438648504
927,0.8797323699977803,26391.97109993341,29.09448595910441,15.0,28.694324451682952,0,0,21.000962438648504
928,0.8781677670435613,26345.033011306838,29.054561184173828,15.0,28.63192939611031,0,0,21.000962438648504
929,0.8766103819386587,26298.311458159762,29.01224995412405,15.0,28.56580475157835,0,0,21.000962438648504
930,0.8750606559548008,26251.819678644024,28.967564806685687,15.0,28.495970112246336,0,0,21.000962438648504
931,0.8735190280941523,26205.570842824567,28.920518983032316,15.0,28.422446171625083,0,0,21.000962438648504
932,0.8719859349592295,26159.578048776886,28.87112642385683,15.0,28.345254716444963,0,0,21.000962438648504
933,0.8704618106235256,26113.854318705766,28.819401765240453,15.0,28.264418620200047,0,0,21.000962438648504
934,0.8689470865028843,26068.41259508653,28.76536033431588,15.0,28.17996183637028,0,0,21.000962438648504
935,0.8674421912276636,26023.265736829908,28.709018144725395,15.0,28.091909391323416,0,0,21.000962438648504
936,0.8659475505157217,25978.426515471652,28.65039189187573,15.0,28.00028737689926,0,0,21.000962438648504
937,0.8644635870462688,25933.907611388066,28.589498947990855,15.0,27.905122942678013,0,0,21.000962438648504
938,0.8629907203346177,25889.72161003853,28.52635735696424,15.0,27.8064442879354,0,0,21.000962438648504
939,0.8615293666078723,25845.880998236167,28.460985829012003,15.0,27.704280653286467,0,0,21.000962438648504
940,0.8600799386815904,25802.398160447712,28.393403735128707,15.0,27.59866231202102,0,0,21.000962438648504
941,0.8586428458374582,25759.285375123745,28.323631101347313,15.0,27.489620561133016,0,0,21.000962438648504
942,0.8572184937020103,25716.55481106031,28.251688602805032,15.0,27.37718771204655,0,0,21.000962438648504
943,0.8558072841264347,25674.218523793043,28.177597557616828,15.0,27.261397081041316,0,0,21.000962438648504
944,0.8544096150674955,25632.288452024863,28.101379920558397,15.0,27.142282979380234,0,0,21.000962438648504
945,0.8530258804696088,25590.776414088265,28.02305827656052,15.0,27.019880703142334,0,0,21.000962438648504
946,0.8516564701481099,25549.694104443297,27.942655834016627,15.0,26.894226522763717,0,0,21.000962438648504
947,0.8503017696737414,25509.05309021224,27.860196417905676,15.0,26.765357672289873,0,0,21.000962438648504
948,0.8489621602584008,25468.864807752023,27.77570446273227,15.0,26.633312338342385,0,0,21.000962438648504
949,0.8476380186421791,25429.140559265375,27.68920500528623,15.0,26.49812964880352,0,0,21.000962438648504
950,0.8463297169817249,25389.891509451747,27.6007236772236,15.0,26.359849661221645,0,0,21.000962438648504
951,0.8450376227399655,25351.128682198967,27.51028669747146,15.0,26.218513350941407,0,0,21.000962438648504
952,0.8437620985772208,25312.862957316625,27.417920864458708,15.0,26.07416259896182,0,0,21.000962438648504
953,0.8425035022437385,25275.105067312154,27.32365354817508,15.0,25.926840179526064,0,0,21.000962438648504
954,0.841262186473685,25237.86559421055,27.227512682060862,15.0,25.776589747446486,0,0,21.000962438648504
955,0.8400384988806229,25201.154966418686,27.12952675472954,15.0,25.623455825168765,0,0,21.000962438648504
956,0.8388327818545056,25164.983455635167,27.029724801526132,15.0,25.467483789578996,0,0,21.000962438648504
957,0.8376453724602196,25129.36117380659,26.928136395923254,15.0,25.308719858557467,0,0,21.000962438648504
958,0.836476602337705,25094.29807013115,26.82479164075794,15.0,25.14721107728335,0,0,21.000962438648504
959,0.8353267976036833,25059.8039281105,26.719721159311504,15.0,24.983005304294156,0,0,21.000962438648504
960,0.8341962787550223,25025.88836265067,26.612956086235222,15.0,24.816151197304322,0,0,21.000962438648504
961,0.8330853605737655,24992.560817212965,26.504528058324425,15.0,24.646698198786712,0,0,21.000962438648504
962,0.831994352033856,24959.83056101568,26.39446920514384,15.0,24.47469652132191,0,0,21.000962438648504
963,0.8309235562095799,24927.706686287398,26.28281213950691,15.0,24.300197132719,0,0,21.000962438648504
964,0.8298732701857598,24896.198105572796,26.169589947812,15.0,24.123251740912913,0,0,21.000962438648504
965,0.828843784969722,24865.31354909166,26.05483618023799,15.0,23.943912778641973,0,0,21.000962438648504
966,0.8278353854050642,24835.061562151925,25.9385848408028,15.0,23.76223338791113,0,0,21.000962438648504
967,0.8268483500872504,24805.450502617514,25.820870377287257,15.0,23.578267404244905,0,0,21.000962438648504
968,0.8258829512810577,24776.48853843173,25.701727671027374,15.0,23.392069340734533,0,0,21.000962438648504
969,0.8249394548398975,24748.183645196925,25.5811920265783,15.0,23.203694371884694,0,0,21.000962438648504
970,0.8240181201270377,24720.54360381113,25.459299161252847,15.0,23.01319831726409,0,0,21.000962438648504
971,0.8231191999387478,24693.575998162436,25.336085194537723,15.0,22.82063762496503,0,0,21.000962438648504
972,0.8222429404293905,24667.288212881715,25.211586637390422,15.0,22.626069354876407,0,0,21.000962438648504
973,0.8213895810384794,24641.68743115438,25.085840381420333,15.0,22.42955116177579,0,0,21.000962438648504
974,0.8205593544197292,24616.780632591875,24.958883687956874,15.0,22.231141278244927,0,0,21.000962438648504
975,0.8197524863721152,24592.574591163455,24.830754177008334,15.0,22.030898497414448,0,0,21.000962438648504
976,0.8189691957729635,24569.075873188904,24.701489816114044,15.0,21.828882155541855,0,0,21.000962438648504
977,0.8182096945130937,24546.29083539281,24.57112890909388,15.0,21.625152114429106,0,0,21.000962438648504
978,0.8174741874340307,24524.22562302092,24.439710084698028,15.0,21.419768743684276,0,0,21.000962438648504
979,0.8167628722673055,24502.886168019166,24.307272285160398,15.0,21.212792902832625,0,0,21.000962438648504
980,0.8160759395758639,24482.278187275915,24.173854754659242,15.0,21.00428592328271,0,0,21.000962438648504
981,0.8154135726975975,24462.407180927927,24.03949702768821,15.0,20.794309590152487,0,0,21.000962438648504
982,0.8147759476910178,24443.278430730534,23.90423891734151,15.0,20.582926123961187,0,0,21.000962438648504
983,0.8141632332830854,24424.89699849256,23.768120503516336,15.0,20.370198162191834,0,0,21.000962438648504
984,0.8135755908192128,24407.267724576384,23.63118212103638,15.0,20.156188740730546,0,0,21.000962438648504
985,0.8130131742154548,24390.395226463646,23.49346434769973,15.0,19.940961275187586,0,0,21.000962438648504
986,0.8124761299128992,24374.283897386977,23.355007992254848,15.0,19.724579542106028,0,0,21.000962438648504
987,0.8119645968342732,24358.937905028197,23.215854082307967,15.0,19.507107660063262,0,0,21.000962438648504
988,0.8114787063427782,24344.361190283347,23.076043852165775,15.0,19.28861007067134,0,0,21.000962438648504
989,0.8110185822031631,24330.557466094895,22.935618730616852,15.0,19.069151519481604,0,0,21.000962438648504
990,0.8105843405450511,24317.530216351533,22.794620328655313,15.0,18.848797036799063,0,0,21.000962438648504
991,0.8101760898285274,24305.28269485582,22.65309042715066,15.0,18.62761191841257,0,0,21.000962438648504
992,0.8097939308120001,24293.817924360003,22.511070964467155,15.0,18.405661706246242,0,0,21.000962438648504
993,0.8094379565223437,24283.138695670314,22.368604024036653,15.0,18.18301216893807,0,0,21.000962438648504
994,0.8091082522273331,24273.24756681999,22.225731821888274,15.0,17.959729282351113,0,0,21.000962438648504
995,0.8088048954103763,24264.14686231129,22.08249669413896,15.0,17.73587921002349,0,0,21.000962438648504
996,0.8085279557475556,24255.83867242667,21.938941084448302,15.0,17.51152828356271,0,0,21.000962438648504
997,0.8082774950869803,24248.32485260941,21.79510753144168,15.0,17.286742982990205,0,0,21.000962438648504
998,0.8080535674304593,24241.60702291378,21.651038656105005,15.0,17.06158991704178,0,0,21.000962438648504
999,0.8078562189175003,24235.68656752501,21.50677714915527,15.0,16.836135803430018,0,0,21.000962438648504
1000,0.807685487811637,24230.56463434911,21.362365758390485,15.0,16.61044744907462,0,0,21.000962438648504
1001,0.8075414044890908,24226.242134672724,21.21784727602232,15.0,16.384591730305623,0,0,21.000962438648504
1002,0.80742399142977,24222.7197428931,21.073264525996084,15.0,16.158635573046897,0,0,21.000962438648504
1003,0.8073332632106083,24219.997896318248,20.928660351300934,15.0,15.932645932984322,0,0,21.000962438648504
1004,0.8072692265012451,24218.076795037352,20.784077601274696,15.0,15.706689775725597,0,0,21.000962438648504
1005,0.8072318800620496,24216.956401861487,20.639559118906547,15.0,15.480834056956624,0,0,21.000962438648504
1006,0.807221214744488,24216.636442334642,20.49514772814175,15.0,15.255145702601197,0,0,21.000962438648504
1007,0.8072372134938343,24217.116404815028,20.350886221192017,15.0,15.029691588989445,0,0,21.000962438648504
1008,0.8072798513542238,24218.395540626712,20.206817345855338,15.0,14.804538523041018,0,0,21.000962438648504
1009,0.8073490954760484,24220.47286428145,20.062983792848712,15.0,14.579753222468511,0,0,21.000962438648504
1010,0.8074449051256907,24223.34715377072,19.919428183158058,15.0,14.355402296007725,0,0,21.000962438648504
1011,0.8075672316975939,24227.016950927817,19.77619305540874,15.0,14.13155222368011,0,0,21.000962438648504
1012,0.8077160187286648,24231.480561859946,19.633320853260365,15.0,13.908269337093149,0,0,21.000962438648504
1013,0.8078912019150054,24236.73605745016,19.490853912829863,15.0,13.68561979978498,0,0,21.000962438648504
1014,0.8080927091309669,24242.781273929006,19.34883445014636,15.0,13.463669587618654,0,0,21.000962438648504
1015,0.8083204604505223,24249.61381351567,19.2073045486417,15.0,13.24248446923216,0,0,21.000962438648504
1016,0.8085743681709507,24257.231045128523,19.066306146680166,15.0,13.022129986549619,0,0,21.000962438648504
1017,0.8088543368388249,24265.630105164746,18.92588102513124,15.0,12.802671435359883,0,0,21.000962438648504
1018,0.8091602632782965,24274.807898348896,18.78607079498905,15.0,12.58417384596796,0,0,21.000962438648504
1019,0.8094920366216692,24284.761098650077,18.64691688504217,15.0,12.366701963925193,0,0,21.000962438648504
1020,0.8098495383422514,24295.48615026754,18.508460529597283,15.0,12.150320230843633,0,0,21.000962438648504
1021,0.8102326422894778,24306.979268684332,18.37074275626062,15.0,11.93509276530065,0,0,21.000962438648504
1022,0.8106412147262908,24319.236441788726,18.233804373780664,15.0,11.721083343839364,0,0,21.000962438648504
1023,0.8110751143687702,24332.253431063105,18.09768595995549,15.0,11.508355382070011,0,0,21.000962438648504
1024,0.8115341924279975,24346.025772839927,17.962427849608822,15.0,11.29697191587875,0,0,21.000962438648504
1025,0.8120182926541464,24360.54877962439,17.828070122637776,15.0,11.08699558274851,0,0,21.000962438648504
1026,0.8125272513827821,24375.817541483466,17.694652592136617,15.0,10.878488603198594,0,0,21.000962438648504
1027,0.8130608975833594,24391.826927500784,17.56221479259899,15.0,10.671512762346946,0,0,21.000962438648504
1028,0.8136190529099023,24408.57158729707,17.43079596820314,15.0,10.46612939160211,0,0,21.000962438648504
1029,0.8142015317538515,24426.045952615543,17.30043506118296,15.0,10.26239935048934,0,0,21.000962438648504
1030,0.8148081412990649,24444.244238971947,17.171170700288666,15.0,10.06038300861675,0,0,21.000962438648504
1031,0.8154386815789528,24463.160447368584,17.043041189340126,15.0,9.860140227786268,0,0,21.000962438648504
1032,0.816092945535732,24482.78836607196,16.916084495876696,15.0,9.661730344255446,0,0,21.000962438648504
1033,0.8167707190817822,24503.121572453467,16.790338239906593,15.0,9.46521215115481,0,0,21.000962438648504
1034,0.8174717811630845,24524.153434892534,16.66583968275929,15.0,9.270643881066187,0,0,21.000962438648504
1035,0.8181959038247241,24545.87711474172,16.54262571604417,15.0,9.07808318876713,0,0,21.000962438648504
1036,0.8189428522784385,24568.285568353156,16.420732850718718,15.0,8.887587134146527,0,0,21.000962438648504
1037,0.819712384972191,24591.37154916573,16.300197206269644,15.0,8.699212165296684,0,0,21.000962438648504
1038,0.8205042536617464,24615.127609852392,16.181054500009747,15.0,8.513014101786297,0,0,21.000962438648504
1039,0.8213182034842323,24639.54610452697,16.063340036494203,15.0,8.329048118120065,0,0,21.000962438648504
1040,0.82215397303366,24664.6191910098,15.947088697059037,15.0,8.147368727389262,0,0,21.000962438648504
1041,0.8230112944383847,24690.33883315154,15.832334929485029,15.0,7.968029765118322,0,0,21.000962438648504
1042,0.8238898934404819,24716.696803214458,15.719112737790104,15.0,7.7910843733122235,0,0,21.000962438648504
1043,0.8247894894770157,24743.684684310472,15.607455672153174,15.0,7.616584984709306,0,0,21.000962438648504
1044,0.8257097957631759,24771.29387289528,15.49739681897259,15.0,7.4445833072445,0,0,21.000962438648504
1045,0.8266505193772583,24799.515581317748,15.388968791061789,15.0,7.275130308726897,0,0,21.000962438648504
1046,0.8276113613474634,24828.3408404239,15.28220371798551,15.0,7.108276201737054,0,0,21.000962438648504
1047,0.828592016740489,24857.76050221467,15.177133236539087,15.0,6.944070428747881,0,0,21.000962438648504
1048,0.8295921747518882,24887.765242556645,15.073788481373773,15.0,6.782561647473763,0,0,21.000962438648504
1049,0.8306115187981671,24918.34556394501,14.972200075770893,15.0,6.623797716452237,0,0,21.000962438648504
1050,0.8316497266105958,24949.491798317875,14.87239812256748,15.0,6.46782568086247,0,0,21.000962438648504
1051,0.8327064703307032,24981.194109921096,14.774412195236156,15.0,6.314691758584729,0,0,21.000962438648504
1052,0.8337814166074289,25013.442498222867,14.67827132912193,15.0,6.164441326505149,0,0,21.000962438648504
1053,0.8348742266959019,25046.22680087706,14.58400401283831,15.0,6.017118907069394,0,0,21.000962438648504
1054,0.8359845565578184,25079.536696734554,14.491638179825541,15.0,5.8727681550897906,0,0,21.000962438648504
1055,0.8371120569633879,25113.361708901637,14.401201200073409,15.0,5.731431844809556,0,0,21.000962438648504
1056,0.8382563735948165,25147.691207844495,14.312719872010794,15.0,5.593151857227708,0,0,21.000962438648504
1057,0.8394171471513003,25182.51441453901,14.226220414564752,15.0,5.457969167688839,0,0,21.000962438648504
1058,0.8405940134554933,25217.8204036648,14.141728459391336,15.0,5.325923833741344,0,0,21.000962438648504
1059,0.8417866035614207,25253.59810684262,14.059269043280384,15.0,5.197054983267495,0,0,21.000962438648504
1060,0.8429945438638059,25289.836315914177,13.978866600736495,15.0,5.071400802888878,0,0,21.000962438648504
1061,0.8442174562087782,25326.523686263346,13.900544956738603,15.0,4.948998526650955,0,0,21.000962438648504
1062,0.8454549580059274,25363.64874017782,13.824327319680176,15.0,4.829884424989883,0,0,21.000962438648504
1063,0.8467066623416736,25401.199870250206,13.750236274491968,15.0,4.71409379398465,0,0,21.000962438648504
1064,0.8479721780939181,25439.165342817545,13.67829377594969,15.0,4.601660944898192,0,0,21.000962438648504
1065,0.8492511100479421,25477.533301438263,13.608521142168303,15.0,4.492619194010189,0,0,21.000962438648504
1066,0.8505430590135158,25516.291770405474,13.540939048285008,15.0,4.387000852744746,0,0,21.000962438648504
1067,0.8518476219431884,25555.428658295652,13.475567520332774,15.0,4.2848372180958085,0,0,21.000962438648504
1068,0.8531643920517193,25594.93176155158,13.41242592930616,15.0,4.186158563353198,0,0,21.000962438648504
1069,0.8544929589366171,25634.788768098515,13.35153298542128,15.0,4.090994129131953,0,0,21.000962438648504
1070,0.8558329086997514,25674.98726099254,13.292906732571613,15.0,3.9993721147077874,0,0,21.000962438648504
1071,0.8571838240699988,25715.514722099964,13.236564542981125,15.0,3.9113196696609234,0,0,21.000962438648504
1072,0.8585452845268904,25756.35853580671,13.182523112056549,15.0,3.8268628858311535,0,0,21.000962438648504
1073,0.85991686642522,25797.5059927566,13.130798453440187,15.0,3.746026789586255,0,0,21.000962438648504
1074,0.8612981431205803,25838.94429361741,13.081405894264691,15.0,3.668835334406129,0,0,21.000962438648504
1075,0.8626886850957862,25880.660552873585,13.034360070611324,15.0,3.5953113937848755,0,0,21.000962438648504
1076,0.8640880600881503,25922.64180264451,12.989674923172958,15.0,3.525476754452862,0,0,21.000962438648504
1077,0.8654958332175715,25964.874996527145,12.94736369312318,15.0,3.4593521099209044,0,0,21.000962438648504
1078,0.8669115671153995,26007.347013461986,12.9074389181926,15.0,3.3969570543482543,0,0,21.000962438648504
1079,0.8683348220540364,26050.044661621094,12.869912428953674,15.0,3.3383100767364695,0,0,21.000962438648504
1080,0.8697651560772379,26092.954682317137,12.834795345315051,15.0,3.283428555450723,0,0,25.000962438648504
1081,0.8711208456937741,26133.625370813224,15.240481192214713,15.0,3.2323287530702127,0,0,25.000962438648504
1082,0.8724829164884327,26174.48749465298,15.20444839496263,15.0,3.185025811569208,0,0,25.000962438648504
1083,0.8738509051256073,26215.527153768217,15.171318516247773,15.0,3.1415337478301453,0,0,25.000962438648504
1084,0.8752243465161066,26256.7303954832,15.141101373168219,15.0,3.1018654494901674,0,0,25.000962438648504
1085,0.8766027739549718,26298.083218649153,15.113805919715602,15.0,3.0660326711221746,0,0,25.000962438648504
1086,0.8779857192597694,26339.57157779308,15.089440244121853,15.0,3.034046030751729,0,0,25.000962438648504
1087,0.8793727129093254,26381.18138727976,15.068011566462507,15.0,3.005915006710701,0,0,25.000962438648504
1088,0.8807632841828534,26422.8985254856,15.049526236517234,15.0,2.981647934828641,0,0,25.000962438648504
1089,0.88215696129944,26464.7088389832,15.033989731888235,15.0,2.9612520059626624,0,0,25.000962438648504
1090,0.8835532715578434,26506.5981467353,15.021406656377135,15.0,2.944733263866672,0,0,25.000962438648504
1091,0.8849517414765653,26548.55224429696,15.011780738620772,15.0,2.932096603400452,0,0,25.000962438648504
1092,0.8863518969341533,26590.5569080246,15.00511483098633,15.0,2.9233457690792304,0,0,25.000962438648504
1093,0.8877532633096933,26632.5978992908,15.001410908726093,15.0,2.918483353964068,0,0,25.000962438648504
1094,0.8891553656234502,26674.660968703505,15.000670069392175,15.0,2.9175107988935043,0,0,25.000962438648504
1095,0.8905577286776144,26716.731860328433,15.00289253251125,15.0,2.9204283920565963,0,0,25.000962438648504
1096,0.8919598771971138,26758.796315913412,15.008077639519534,15.0,2.9272352689075225,0,0,25.000962438648504
1097,0.8933613359704466,26800.8400791134,15.016223853957916,15.0,2.9379294124217665,0,0,25.000962438648504
1098,0.8947616299904988,26842.848899714965,15.02732876192725,15.0,2.9525076536938117,0,0,25.000962438648504
1099,0.8961602845952971,26884.808537858913,15.041389072803643,15.0,2.970965672876138,0,0,25.000962438648504
1100,0.8975568256086625,26926.704768259875,15.05840062021353,15.0,2.993298000459309,0,0,25.000962438648504
1101,0.8989507794807189,26968.523384421565,15.07835836326828,15.0,3.019498018892691,0,0,25.000962438648504
1102,0.9003416734282159,27010.250202846477,15.101256388057903,15.0,3.049557964545381,0,0,25.000962438648504
1103,0.901729035574625,27051.87106723875,15.127087909403464,15.0,3.08346893000673,0,0,25.000962438648504
1104,0.9031123950899663,27093.37185269899,15.155845272867708,15.0,3.121220866725815,0,0,25.000962438648504
1105,0.9044912823303263,27134.73846990979,15.187519957023202,15.0,3.1628025879890327,0,0,25.000962438648504
1106,0.9058652289770224,27175.95686931067,15.222102575977438,15.0,3.2082017722349656,0,0,25.000962438648504
1107,0.907233768175377,27217.013045261312,15.259582882154062,15.0,3.2574049667055283,0,0,25.000962438648504
1108,0.9085964346730563,27257.893040191688,15.299949769329462,15.0,3.3103975914323076,0,0,25.000962438648504
1109,0.9099527649579338,27298.582948738014,15.343191275923795,15.0,3.3671639435569336,0,0,25.000962438648504
1110,0.9113022973954403,27339.06892186321,15.389294588545406,15.0,3.4276872019841313,0,0,25.000962438648504
1111,0.9126445723653552,27379.337170960658,15.438246045787784,15.0,3.491949432366237,0,0,25.000962438648504
1112,0.9139791323980023,27419.37397194007,15.490031142277687,15.0,3.5599315924175015,0,0,25.000962438648504
1113,0.9153055223098074,27459.165669294223,15.544634532973417,15.0,3.6316135375567242,0,0,25.000962438648504
1114,0.9166232893381799,27498.698680145397,15.602040037711863,15.0,3.706974026876536,0,0,25.000962438648504
1115,0.9179319832756753,27537.95949827026,15.66223064600307,15.0,3.7859907294375414,0,0,25.000962438648504
1116,0.919231156603402,27576.93469810206,15.725188522070788,15.0,3.8686402308854646,0,0,25.000962438648504
1117,0.9205203646236306,27615.61093870892,15.790895010137573,15.0,3.954898040389275,0,0,25.000962438648504
1118,0.9217991655915673,27653.974967747017,15.859330639952962,15.0,4.044738597898436,0,0,25.000962438648504
1119,0.9230671208462522,27692.013625387564,15.930475132562872,15.0,4.1381352817168375,0,0,25.000962438648504
1120,0.9243237949405446,27729.71384821634,16.004307406318723,15.0,4.2350604163914,0,0,25.000962438648504
1121,0.9255687557701553,27767.062673104658,16.08080558312438,15.0,4.335485280912904,0,0,25.000962438648504
1122,0.9268015747016877,27804.04724105063,16.159946994919075,15.0,4.439380117226644,0,0,25.000962438648504
1123,0.9280218266996518,27840.654800989556,16.241708190394487,15.0,4.5467141390503905,0,0,25.000962438648504
1124,0.9292290904524118,27876.872713572353,16.32606494194386,15.0,4.657455540997038,0,0,25.000962438648504
1125,0.9304229484970284,27912.688454910854,16.412992252841114,15.0,4.771571507999149,0,0,25.000962438648504
1126,0.9316029873429635,27948.089620288905,16.502464364648,15.0,4.889028225032901,0,0,25.000962438648504
1127,0.9327687975946056,27983.063927838168,16.59445476484684,15.0,5.009790887138139,0,0,25.000962438648504
1128,0.9339199740725828,28017.599222177483,16.688936194696705,15.0,5.133823709731756,0,0,25.000962438648504
1129,0.9350561159338262,28051.683478014787,16.785880657310848,15.0,5.261089939211573,0,0,25.000962438648504
1130,0.9361768267903484,28085.304803710453,16.88525942595281,15.0,5.391551863847213,0,0,25.000962438648504
1131,0.9372817148267015,28118.451444801045,16.987043052548668,15.0,5.525170824954811,0,0,25.000962438648504
1132,0.938370392916081,28151.11178748243,17.091201376413157,15.0,5.661907228352405,0,0,25.000962438648504
1133,0.939442478735039,28183.274362051172,17.197703533187006,15.0,5.801720556092676,0,0,25.000962438648504
1134,0.9404975948767762,28214.927846303286,17.306517963982664,15.0,5.944569378469204,0,0,25.000962438648504
1135,0.9415353689629741,28246.061068889223,17.4176124247359,15.0,6.090411366293012,0,0,25.000962438648504
1136,0.9425554337541401,28276.6630126242,17.530953995760335,15.0,6.239203303435523,0,0,25.000962438648504
1137,0.9435574272584277,28306.72281775283,17.64650909150238,15.0,6.390901099634599,0,0,25.000962438648504
1138,0.9445409928389026,28336.229785167077,17.76424347049329,15.0,6.5454598035593206,0,0,25.000962438648504
1139,0.9455057793192222,28365.173379576667,17.88412224549565,15.0,6.702833616130058,0,0,25.000962438648504
1140,0.9464514410876966,28393.5432326309,18.006109893841234,15.0,6.862975904089751,0,0,25.000962438648504
1141,0.9473776381997006,28421.329145991018,18.13017026795712,15.0,7.0258392138223185,0,0,25.000962438648504
1142,0.9482840364784068,28448.521094352203,18.256266606077055,15.0,7.19137528541424,0,0,25.000962438648504
1143,0.9491703076138097,28475.10922841429,18.38436154313461,15.0,7.35953506695488,0,0,25.000962438648504
1144,0.9500361292600104,28501.08387780031,18.51441712183545,15.0,7.530268729071812,0,0,25.000962438648504
1145,0.9508811851307348,28526.435553922045,18.64639480390477,15.0,7.703525679696222,0,0,25.000962438648504
1146,0.9517051650930569,28551.15495279171,18.78025548150707,15.0,7.879254579054441,0,0,25.000962438648504
1147,0.9525077652592968,28575.232957778906,18.915959488834623,15.0,8.057403354881052,0,0,25.000962438648504
1148,0.9532886880770697,28598.66064231209,19.05346661386132,15.0,8.237919217849017,0,0,25.000962438648504
1149,0.9540476424174568,28621.429272523703,19.19273611025841,15.0,8.420748677212316,0,0,25.000962438648504
1150,0.9547843436612733,28643.5303098382,19.33372670946836,15.0,8.605837556656292,0,0,25.000962438648504
1151,0.9554985137834076,28664.955413502226,19.476396632933827,15.0,8.793131010351448,0,0,25.000962438648504
1152,0.956189881435205,28685.69644305615,19.620703604477427,15.0,8.982573539205339,0,0,25.000962438648504
1153,0.9568581820248755,28705.745460746264,19.766604862829087,15.0,9.174109007308154,0,0,25.000962438648504
1154,0.9575031577958971,28725.094733876915,19.91405717429715,15.0,9.367680658567021,0,0,25.000962438648504
1155,0.9581245579033953,28743.73673710186,20.063016845579444,15.0,9.563231133524058,0,0,25.000962438648504
1156,0.958722138488473,28761.66415465419,20.213439736710562,15.0,9.760702486353207,0,0,25.000962438648504
1157,0.9592956627504721,28778.869882514162,20.3652812741415,15.0,9.960036202030889,0,0,25.000962438648504
1158,0.9598449010171419,28795.34703051426,20.518496463947642,15.0,10.161173213675085,0,0,25.000962438648504
1159,0.9603696308126966,28811.088924380896,20.673039905161623,15.0,10.364053920048402,0,0,25.000962438648504
1160,0.9608696369237387,28826.089107712163,20.828865803226527,15.0,10.568618203219053,0,0,25.000962438648504
1161,0.9613447114630328,28840.341343890985,20.985927983565666,15.0,10.774805446374955,0,0,25.000962438648504
1162,0.9617946539311057,28853.839617933172,21.144179905265418,15.0,10.982554551786198,0,0,25.000962438648504
1163,0.9622192712756595,28866.578138269786,21.30357467486599,15.0,11.191803958909212,0,0,25.000962438648504
1164,0.962618377948777,28878.551338463312,21.464065060257173,15.0,11.402491662628744,0,0,25.000962438648504
1165,0.9629917959619035,28889.753878857107,21.625603504674032,15.0,11.614555231631076,0,0,25.000962438648504
1166,0.9633393549385887,28900.18064815766,21.788142140789247,15.0,11.827931826904056,0,0,25.000962438648504
1167,0.9636608921649725,28909.826764949175,21.951632804897052,15.0,12.042558220357453,0,0,25.000962438648504
1168,0.9639562526380016,28918.687579140045,22.1160270511853,15.0,12.258370813558919,0,0,25.000962438648504
1169,0.9642252891113591,28926.758673340773,22.28127616609082,15.0,12.475305656579382,0,0,25.000962438648504
1170,0.9644678621390977,28934.035864172933,22.447331182734537,15.0,12.693298466943059,0,0,25.000962438648504
1171,0.9646838401169602,28940.515203508807,22.61414289543126,15.0,12.912284648675573,0,0,25.000962438648504
1172,0.9648730993213764,28946.19297964129,22.78166187427042,15.0,13.132199311445167,0,0,25.000962438648504
1173,0.9650355239461254,28951.06571838376,22.949838479763233,15.0,13.35297728979111,0,0,25.000962438648504
1174,0.9651710061366513,28955.13018409954,23.11862287755195,15.0,13.574553162433649,0,0,25.000962438648504
1175,0.9652794460220232,28958.383380660696,23.287965053176862,15.0,13.796861271659758,0,0,25.000962438648504
1176,0.9653607517445286,28960.82255233586,23.457814826896573,15.0,14.019835742778781,0,0,25.000962438648504
1177,0.9654148394868933,28962.4451846068,23.628121868557493,15.0,14.243410503642794,0,0,25.000962438648504
1178,0.9654416334971176,28963.24900491353,23.798835712507664,15.0,14.467519304225009,0,0,25.000962438648504
1179,0.9654410661109242,28963.231983327725,23.969905772550806,15.0,14.69209573625115,0,0,25.000962438648504
1180,0.9654130777718076,28962.39233315423,24.141281356936137,15.0,14.917073252877655,0,0,25.000962438648504
1181,0.9653576170486826,28960.72851146048,24.31291168337942,15.0,15.14238518841093,0,0,25.000962438648504
1182,0.9652746406511244,28958.239219533734,24.48474589411087,15.0,15.367964778061896,0,0,25.000962438648504
1183,0.9651641134421964,28954.923403265893,24.6567330709453,15.0,15.59374517772964,0,0,25.000962438648504
1184,0.965026008448862,28950.78025346586,24.82882225037046,15.0,15.819659483809044,0,0,25.000962438648504
1185,0.9648603068699769,28945.809206099308,25.000962438648497,15.0,16.04564075301559,0,0,25.000962438648504
1186,0.9646669980818613,28940.00994245584,25.173102626926532,15.0,16.27162202222214,0,0,25.000962438648504
1187,0.9644460796414468,28933.382389243405,25.345191806351693,15.0,16.497536328301543,0,0,25.000962438648504
1188,0.9641975572870011,28925.926718610033,25.517178983186124,15.0,16.72331672796929,0,0,25.000962438648504
1189,0.9639214449364273,28917.643348092817,25.689013193917578,15.0,16.948896317620253,0,0,25.000962438648504
1190,0.9636177646831395,28908.532940494188,25.860643520360856,15.0,17.17420825315353,0,0,25.000962438648504
1191,0.9632865467895172,28898.596403685515,26.03201910474619,15.0,17.399185769780033,0,0,25.000962438648504
1192,0.9629278296779361,28887.834890338083,26.203089164789333,15.0,17.62376220180618,0,0,25.000962438648504
1193,0.9625416599193841,28876.249797581524,26.3738030087395,15.0,17.847871002388388,0,0,25.000962438648504
1194,0.962128092219661,28863.84276658983,26.54411005040042,15.0,18.0714457632524,0,0,25.000962438648504
1195,0.9616871894031676,28850.615682095027,26.71395982412013,15.0,18.29442023437143,0,0,25.000962438648504
1196,0.9612190223942897,28836.57067182869,26.883301999745008,15.0,18.516728343597492,0,0,25.000962438648504
1197,0.9607236701963817,28821.710105891452,27.052086397533756,15.0,18.738304216240074,0,0,25.000962438648504
1198,0.9602012198683567,28806.0365960507,27.220263003026574,15.0,18.959082194586017,0,0,25.000962438648504
1199,0.9596517664988881,28789.55299496664,27.387781981865732,15.0,19.178996857355614,0,0,25.000962438648504
1200,0.9590754131782333,28772.262395347,27.55459369456249,15.0,19.397983039088174,0,0,25.000962438648504
1201,0.9584722709676858,28754.168129030575,27.720648711206206,15.0,19.61597584945185,0,0,25.000962438648504
1202,0.9578424588666655,28735.273765999966,27.885897826111727,15.0,19.83291069247231,0,0,25.000962438648504
1203,0.9571861037774563,28715.58311332369,28.050292072399905,15.0,20.048723285673685,0,0,25.000962438648504
1204,0.9565033404676024,28695.100214028073,28.21378273650775,15.0,20.26334967912713,0,0,25.000962438648504
1205,0.9557943115299737,28673.829345899212,28.37632137262296,15.0,20.476726274400107,0,0,25.000962438648504
1206,0.9550591673405124,28651.775020215373,28.53785981703982,15.0,20.68878984340244,0,0,25.000962438648504
1207,0.9542980660136736,28628.941980410207,28.69835020243097,15.0,20.899477547121933,0,0,25.000962438648504
1208,0.9535111733555721,28605.335200667163,28.85774497203158,15.0,21.10872695424499,0,0,25.000962438648504
1209,0.9526986628148509,28580.95988444553,29.01599689373133,15.0,21.31647605965623,0,0,25.000962438648504
1210,0.9518607154312848,28555.821462938544,29.173059074070498,15.0,21.522663302812177,0,0,25.000962438648504
1211,0.9509975197821338,28529.925593464013,29.32888497213537,15.0,21.72722758598279,0,0,25.000962438648504
1212,0.9501092719262639,28503.278157787918,29.48342841334936,15.0,21.930108292356103,0,0,25.000962438648504
1213,0.9491961753460507,28475.88526038152,29.636643603155495,15.0,22.131245304000302,0,0,25.000962438648504
1214,0.9482584408870831,28447.753226612494,29.788485140586403,15.0,22.33057901967794,0,0,25.000962438648504
1215,0.9472962866956853,28418.88860087056,29.938908031717553,15.0,22.52805037250713,0,0,25.000962438648504
1216,0.946309938154275,28389.29814462825,30.087867702999844,15.0,22.723600847464166,0,0,25.000962438648504
1217,0.945299627814578,28358.98883443734,30.23532001446791,15.0,22.917172498723037,0,0,25.000962438648504
1218,0.9442655953287183,28327.96785986155,30.38122127281957,15.0,23.10870796682585,0,0,25.000962438648504
1219,0.9432080873782037,28296.24262134611,30.525528244363166,15.0,23.29815049567974,0,0,25.000962438648504
1220,0.9421273576008287,28263.82072802486,30.668198167828642,15.0,23.485443949374897,0,0,25.000962438648504
1221,0.9410236665155163,28230.709995465488,30.809188767038588,15.0,23.67053282881887,0,0,25.000962438648504
1222,0.9398972814451206,28196.918443353617,30.948458263435672,15.0,23.853362288182172,0,0,25.000962438648504
1223,0.9387484764372134,28162.4542931164,31.085965388462377,15.0,24.033878151150137,0,0,25.000962438648504
1224,0.9375775321828774,28127.32596548632,31.22166939578993,15.0,24.212026926976748,0,0,25.000962438648504
1225,0.9363847359335324,28091.542078005972,31.355530073392227,15.0,24.387755826334967,0,0,25.000962438648504
1226,0.9351703814158155,28055.111442474466,31.487507755461547,15.0,24.561012776959377,0,0,25.000962438648504
1227,0.9339347687445444,28018.04306233633,31.61756333416239,15.0,24.73174643907631,0,0,25.000962438648504
1228,0.9326782043337861,27980.346130013582,31.745658271219945,15.0,24.89990622061695,0,0,25.000962438648504
1229,0.9314010008060603,27942.030024181808,31.871754609339845,15.0,25.065442292208843,0,0,25.000962438648504
1230,0.9301034768997024,27903.104306991074,31.995814983455766,15.0,25.228305601941443,0,0,25.000962438648504
1231,0.9287859573744149,27863.578721232447,32.11780263180135,15.0,25.388447889901133,0,0,25.000962438648504
1232,0.9274487729150331,27823.463187450994,32.23768140680371,15.0,25.545821702471873,0,0,25.000962438648504
1233,0.9260922600335375,27782.767801006125,32.35541578579464,15.0,25.700380406396626,0,0,25.000962438648504
1234,0.9247167609693365,27741.502829080095,32.47097088153669,15.0,25.8520782025957,0,0,25.000962438648504
1235,0.9233226235878544,27699.678707635634,32.5843124525611,15.0,26.00087013973818,0,0,25.000962438648504
1236,0.9219102012774514,27657.306038323542,32.69540691331431,15.0,26.14671212756196,0,0,25.000962438648504
1237,0.9204798528447066,27614.395585341197,32.80422134410999,15.0,26.28956094993852,0,0,25.000962438648504
1238,0.9190319424080956,27570.958272242868,32.91072350088385,15.0,26.42937427767879,0,0,25.000962438648504
1239,0.9175668392900956,27527.005178702868,33.01488182474833,15.0,26.566110681076385,0,0,25.000962438648504
1240,0.9160849179077458,27482.547537232374,33.11666545134417,15.0,26.699729642183954,0,0,25.000962438648504
1241,0.9145865576617002,27437.596729851004,33.216044219986145,15.0,26.83019156681962,0,0,25.000962438648504
1242,0.9130721428238028,27392.164284714083,33.31298868260031,15.0,26.95745779629946,0,0,25.000962438648504
1243,0.9115420624232198,27346.261872696592,33.40747011245018,15.0,27.081490618893078,0,0,25.000962438648504
1244,0.9099967101311617,27299.90130393485,33.499460512649,15.0,27.202253280998292,0,0,25.000962438648504
1245,0.9084364841442298,27253.094524326894,33.588932624455886,15.0,27.319709998032046,0,0,25.000962438648504
1246,0.9068617870664226,27205.85361199268,33.67585993535314,15.0,27.43382596503416,0,0,25.000962438648504
1247,0.905273025789835,27158.190773695052,33.760216686902496,15.0,27.54456736698078,0,0,25.000962438648504
1248,0.9036706113740873,27110.11834122262,33.841977882377925,15.0,27.651901388804554,0,0,25.000962438648504
1249,0.9020549589245198,27061.648767735594,33.92111929417263,15.0,27.755796225118292,0,0,25.000962438648504
1250,0.9004264874691879,27012.794624075636,33.99761747097828,15.0,27.856221089639796,0,0,25.000962438648504
1251,0.8987856198346951,26963.56859504085,34.07144974473413,15.0,27.953146224314356,0,0,25.000962438648504
1252,0.8971327825209001,26913.983475627003,34.14259423734404,15.0,28.04654290813276,0,0,25.000962438648504
1253,0.8954684055745361,26864.052167236085,34.21102986715943,15.0,28.13638346564192,0,0,25.000962438648504
1254,0.8937929224617787,26813.78767385336,34.27673635522621,15.0,28.22264127514573,0,0,25.000962438648504
1255,0.8921067699397996,26763.20309819399,34.33969423129393,15.0,28.305290776593658,0,0,25.000962438648504
1256,0.8904103879273474,26712.31163782042,34.39988483958514,15.0,28.38430747915466,0,0,25.000962438648504
1257,0.8887042193743891,26661.126581231674,34.45729034432358,15.0,28.45966796847447,0,0,25.000962438648504
1258,0.8869887101308552,26609.661303925655,34.511893735019314,15.0,28.531349913613695,0,0,25.000962438648504
1259,0.8852643088145241,26557.929264435723,34.56367883150922,15.0,28.59933207366496,0,0,25.000962438648504
1260,0.8835314666780874,26505.94400034262,34.612630288751596,15.0,28.663594304047074,0,0,25.000962438648504
1261,0.8817906374754338,26453.719124263014,34.65873360137321,15.0,28.724117562474266,0,0,25.000962438648504
1262,0.8800422773271922,26401.268319815765,34.70197510796753,15.0,28.78088391459888,0,0,25.000962438648504
1263,0.878286844585573,26348.60533756719,34.742341995142944,15.0,28.833876539325672,0,0,25.000962438648504
1264,0.876524799698549,26295.74399095647,34.77982230131957,15.0,28.883079733796233,0,0,25.000962438648504
1265,0.8747566050734144,26242.69815220243,34.8144049202738,15.0,28.928478918042167,0,0,25.000962438648504
1266,0.8729827249397628,26189.481748192884,34.846079604429306,15.0,28.970060639305395,0,0,25.000962438648504
1267,0.8712036252119276,26136.10875635783,34.874836967893536,15.0,29.00781257602447,0,0,25.000962438648504
1268,0.8694197733509201,26082.593200527604,34.9006684892391,15.0,29.041723541485823,0,0,25.000962438648504
1269,0.8676316382259114,26028.94914677734,34.92356651402873,15.0,29.071783487138504,0,0,25.000962438648504
1270,0.8658396899752958,25975.190699258874,34.943524257083475,15.0,29.097983505571897,0,0,25.000962438648504
1271,0.8640443998673796,25921.33199602139,34.96053580449337,15.0,29.120315833155068,0,0,25.000962438648504
1272,0.8622462401607333,25867.387204821996,34.974596115369756,15.0,29.13877385233739,0,0,25.000962438648504
1273,0.860445683964251,25813.37051892753,34.98570102333909,15.0,29.153352093609435,0,0,25.000962438648504
1274,0.8586432050969592,25759.296152908777,34.99384723777747,15.0,29.16404623712368,0,0,25.000962438648504
1275,0.8568392779476128,25705.178338428384,34.99903234478575,15.0,29.17085311397461,0,0,25.000962438648504
1276,0.8550343773341238,25651.031320023714,35.00125480790483,15.0,29.173770707137702,0,0,25.000962438648504
1277,0.853228978362863,25596.869350885892,35.000513968570914,15.0,29.172798152067138,0,0,25.000962438648504
1278,0.8514235562878755,25542.706688636263,34.99681004631068,15.0,29.167935736951975,0,0,25.000962438648504
1279,0.8496185863700517,25488.55759110155,34.990144138676236,15.0,29.159184902630752,0,0,25.000962438648504
1280,0.847814543736299,25434.436312088972,34.980518220919876,15.0,29.146548242164535,0,0,25.000962438648504
1281,0.8460119032387502,25380.357097162505,34.967935145408774,15.0,29.130029500068545,0,0,25.000962438648504
1282,0.8442111393140544,25326.334179421632,34.952398640779776,15.0,29.10963357120256,0,0,25.000962438648504
1283,0.8424127258427924,25272.38177528377,34.9339133108345,15.0,29.0853664993205,0,0,25.000962438648504
1284,0.8406171360090545,25218.514080271634,34.912484633175154,15.0,29.057235475279477,0,0,25.000962438648504
1285,0.8388248421602266,25164.745264806796,34.88811895758141,15.0,29.025248834909036,0,0,25.000962438648504
1286,0.8370363156670225,25111.089470010676,34.86082350412879,15.0,28.98941605654104,0,0,25.000962438648504
1287,0.8352520267838079,25057.56080351424,34.830606361049234,15.0,28.949747758201063,0,0,25.000962438648504
1288,0.8334724445092531,25004.173335277592,34.79747648233438,15.0,28.906255694462004,0,0,25.000962438648504
1289,0.8316980364473582,24950.941093420744,34.7614436850823,15.0,28.858952752960995,0,0,25.000962438648504
1290,0.8299292686688928,24897.878060066785,34.72251864658846,15.0,28.807852950580482,0,0,25.000962438648504
1291,0.8281666055732889,24844.998167198668,34.680712901181835,15.0,28.75297142929474,0,0,25.000962438648504
1292,0.8264105097510289,24792.315292530868,34.63603883680705,15.0,28.694324451682952,0,0,25.000962438648504
1293,0.8246614418465704,24739.843255397114,34.5885096913535,15.0,28.63192939611031,0,0,25.000962438648504
1294,0.8229198604218477,24687.595812655432,34.538139548732765,15.0,28.56580475157835,0,0,25.000962438648504
1295,0.8211862218203891,24635.586654611674,34.48494333470517,15.0,28.49597011224635,0,0,25.000962438648504
1296,0.8194609800320931,24583.829400962793,34.428936812456996,15.0,28.422446171625083,0,0,25.000962438648504
1297,0.8177445865587012,24532.337596761037,34.370136577929514,15.0,28.345254716444956,0,0,25.000962438648504
1298,0.8160374902800086,24481.124708400257,34.30856005490123,15.0,28.26441862020006,0,0,25.000962438648504
1299,0.8143401373208504,24430.204119625512,34.24422548982484,15.0,28.17996183637029,0,0,25.000962438648504
1300,0.8126529709189064,24379.589127567193,34.17715194642043,15.0,28.091909391323423,0,0,25.000962438648504
1301,0.8109764312933596,24329.292938800787,34.10735930002648,15.0,28.00028737689926,0,0,25.000962438648504
1302,0.8093109555144493,24279.32866543348,34.03486823171036,15.0,27.905122942678034,0,0,25.000962438648504
1303,0.807656977373959,24229.709321218772,33.95970022214009,15.0,27.8064442879354,0,0,25.000962438648504
1304,0.8060149272566735,24180.447817700202,33.8818775452192,15.0,27.704280653286467,0,0,25.000962438648504
1305,0.8043852320128464,24131.55696038539,33.80142326148636,15.0,27.598662312021027,0,0,25.000962438648504
1306,0.8027683148317163,24083.049444951488,33.718361211282236,15.0,27.489620561133023,0,0,25.000962438648504
1307,0.8011645951161057,24034.93785348317,33.632716007684884,15.0,27.377187712046542,0,0,25.000962438648504
1308,0.7995744883581435,23987.234650744304,33.544513029216546,15.0,27.26139708104131,0,0,25.000962438648504
1309,0.7979984060161452,23939.952180484357,33.45377841232332,15.0,27.142282979380262,0,0,25.000962438648504
1310,0.7964367553926897,23893.10266178069,33.36053904363034,15.0,27.019880703142334,0,0,25.000962438648504
1311,0.7948899395139254,23846.69818541776,33.26482255197489,15.0,26.89422652276372,0,0,25.000962438648504
1312,0.7933583570101463,23800.75071030439,33.16665730021915,15.0,26.765357672289873,0,0,25.000962438648504
1313,0.7918424019976685,23755.272059930056,33.066072376845796,15.0,26.633312338342403,0,0,25.000962438648504
1314,0.7903424639620452,23710.273918861356,32.96309758733841,15.0,26.498129648803506,0,0,25.000962438648504
1315,0.7888589276426533,23665.7678292796,32.85776344534953,15.0,26.35984966122163,0,0,25.000962438648504
1316,0.7873921729186877,23621.76518756063,32.75010116365872,15.0,26.218513350941397,0,0,25.000962438648504
1317,0.7859425746965942,23578.277240897827,32.64014264492357,15.0,26.074162598961824,0,0,25.000962438648504
1318,0.7845105027989768,23535.315083969304,32.5279204722263,15.0,25.926840179526067,0,0,25.000962438648504
1319,0.7830963218550114,23492.889655650342,32.41346789941861,15.0,25.776589747446494,0,0,25.000962438648504
1320,0.781700391192398,23451.01173577194,32.296818841267935,15.0,25.62345582516878,0,0,25.000962438648504
1321,0.7803230647308846,23409.69194192654,32.178007863407665,15.0,25.46748378957898,0,0,25.000962438648504
1322,0.778964690877393,23368.940726321787,32.057070172094726,15.0,25.308719858557453,0,0,25.000962438648504
1323,0.7776256124227777,23328.76837268333,31.934041603777093,15.0,25.147211077283337,0,0,25.000962438648504
1324,0.7763061664402506,23289.18499320752,31.808958614474733,15.0,24.983005304294167,0,0,25.000962438648504
1325,0.7750066841854982,23250.200525564946,31.68185826897688,15.0,24.816151197304322,0,0,25.000962438648504
1326,0.7737274909985236,23211.824729955708,31.55277822985897,15.0,24.64669819878672,0,0,25.000962438648504
1327,0.7724689062072414,23174.067186217242,31.421756746322348,15.0,24.47469652132191,0,0,25.000962438648504
1328,0.7712312430328535,23136.937290985607,31.28883264286025,15.0,24.300197132719,0,0,25.000962438648504
1329,0.7700148084970355,23100.444254911064,31.154045307753314,15.0,24.1232517409129,0,0,25.000962438648504
1330,0.768819903330959,23064.597099928767,31.017434681397855,15.0,23.94391277864196,0,0,25.000962438648504
1331,0.7676468218861788,23029.404656585364,30.87904124447077,15.0,23.76223338791116,0,0,25.000962438648504
1332,0.7664958520474102,22994.87556142231,30.738906005934194,15.0,23.578267404244922,0,0,25.000962438648504
1333,0.7653672751472224,22961.01825441667,30.59707049088366,15.0,23.392069340734537,0,0,25.000962438648504
1334,0.7642613658826732,22927.840976480198,30.45357672824334,15.0,23.203694371884698,0,0,25.000962438648504
1335,0.7631783922339114,22895.351767017342,30.308467238311973,15.0,23.013198317264127,0,0,25.000962438648504
1336,0.7621186153847674,22863.558461543023,30.161785020163094,15.0,22.820637624965034,0,0,25.000962438648504
1337,0.7610822896453595,22832.468689360787,30.01357353890367,15.0,22.626069354876414,0,0,25.000962438648504
1338,0.7600696623767359,22802.089871302076,29.863876712794223,15.0,22.429551161775777,0,0,25.000962438648504
1339,0.7590809739175765,22772.429217527293,29.712738900235045,15.0,22.231141278244912,0,0,25.000962438648504
1340,0.7581164575129753,22743.49372538926,29.56020488662189,15.0,22.03089849741447,0,0,25.000962438648504
1341,0.757176339245325,22715.29017735975,29.40631987107486,15.0,21.828882155541883,0,0,25.000962438648504
1342,0.7562608379673236,22687.825139019707,29.2511294530452,15.0,21.625152114429156,0,0,25.000962438648504
1343,0.7553701652371237,22661.104957113712,29.09467961880302,15.0,21.419768743684276,0,0,25.000962438648504
1344,0.7545045252556436,22635.135757669308,28.93701672781075,15.0,21.212792902832632,0,0,25.000962438648504
1345,0.7536641148060578,22609.92344418173,28.778187498985588,15.0,21.00428592328271,0,0,25.000962438648504
1346,0.7528491231954858,22585.473695864574,28.618238996855855,15.0,20.79430959015252,0,0,25.000962438648504
1347,0.752059732198897,22561.79196596691,28.45721861761467,15.0,20.58292612396117,0,0,25.000962438648504
1348,0.7512961160052458,22538.883480157376,28.295174075075575,15.0,20.370198162191816,0,0,25.000962438648504
1349,0.7505584411658567,22516.753234975702,28.13215338653369,15.0,20.156188740730528,0,0,25.000962438648504
1350,0.7498468665450707,22495.40599635212,27.96820485853732,15.0,19.94096127518759,0,0,29.000962438648504
1351,0.7490132643038271,22470.397929114813,32.251746152892345,15.0,19.72457954210603,0,0,29.000962438648504
1352,0.7482069402393101,22446.208207179305,32.05958365903759,15.0,19.507107660063266,0,0,29.000962438648504
1353,0.7474280340485638,22422.841021456916,31.86651482970479,15.0,19.28861007067136,0,0,29.000962438648504
1354,0.7466766773041242,22400.300319123726,31.67259687535479,15.0,19.069151519481583,0,0,29.000962438648504
1355,0.745952993415032,22378.58980245096,31.477887258062644,15.0,18.84879703679904,0,0,29.000962438648504
1356,0.7452570975902636,22357.712927707908,31.282443674490093,15.0,18.627611918412548,0,0,29.000962438648504
1357,0.7445890968045922,22337.672904137766,31.086324038788955,15.0,18.405661706246246,0,0,29.000962438648504
1358,0.743949089766889,22318.47269300667,30.889586465439912,15.0,18.18301216893807,0,0,29.000962438648504
1359,0.7433371668908735,22300.115006726206,30.692289252031884,15.0,17.959729282351116,0,0,29.000962438648504
1360,0.7427534102683219,22282.602308049656,30.494490861987227,15.0,17.735879210023498,0,0,29.000962438648504
1361,0.7421978936447416,22265.93680934225,30.296249907237716,15.0,17.51152828356269,0,0,29.000962438648504
1362,0.7416706823975191,22250.120471925573,30.097625130856702,15.0,17.286742982990184,0,0,29.000962438648504
1363,0.7411718335165465,22235.155005496395,29.898675389652073,15.0,17.061589917041754,0,0,29.000962438648504
1364,0.7407013955873352,22221.041867620053,29.699459636725827,15.0,16.836135803430047,0,0,29.000962438648504
1365,0.7402594087766179,22207.782263298537,29.500036904004986,15.0,16.61044744907462,0,0,29.000962438648504
1366,0.7398459048204475,22195.377144613427,29.300466284749156,15.0,16.38459173030563,0,0,29.000962438648504
1367,0.7394609070147918,22183.827210443756,29.1008069160399,15.0,16.1586355730469,0,0,29.000962438648504
1368,0.7391044302086315,22173.132906258943,28.90111796125717,15.0,15.932645932984371,0,0,29.000962438648504
1369,0.738776480799559,22163.294423986772,28.701458592547873,15.0,15.7066897757256,0,0,29.000962438648504
1370,0.738477056731884,22154.31170195652,28.50188797329204,15.0,15.480834056956605,0,0,29.000962438648504
1371,0.7382061474972416,22146.184424917246,28.3024652405712,15.0,15.25514570260118,0,0,29.000962438648504
1372,0.737963734137706,22138.91202413118,28.103249487644955,15.0,15.029691588989468,0,0,29.000962438648504
1373,0.7377497892514093,22132.49367754228,27.904299746440323,15.0,14.804538523041046,0,0,29.000962438648504
1374,0.7375642770006603,22126.928310019808,27.705674970059313,15.0,14.579753222468538,0,0,29.000962438648504
1375,0.7374071531225642,22122.214593676927,27.50743401530984,15.0,14.355402296007776,0,0,29.000962438648504
1376,0.7372783649421389,22118.350948264168,27.309635625265145,15.0,14.131552223680112,0,0,29.000962438648504
1377,0.7371778513879234,22115.3355416377,27.112338411857117,15.0,13.908269337093152,0,0,29.000962438648504
1378,0.7371055430100746,22113.166290302237,26.915600838508073,15.0,13.685619799784984,0,0,29.000962438648504
1379,0.7370613620009473,22111.84086002842,26.71948120280694,15.0,13.463669587618678,0,0,29.000962438648504
1380,0.7370452222181497,22111.356666544492,26.524037619234342,15.0,13.24248446923214,0,0,29.000962438648504
1381,0.7370570292100694,22111.710876302084,26.32932800194219,15.0,13.022129986549597,0,0,29.000962438648504
1382,0.7370966802438615,22112.900407315847,26.135410047592273,15.0,12.80267143535991,0,0,29.000962438648504
1383,0.7371640643358909,22114.921930076725,25.942341218259433,15.0,12.584173845967964,0,0,29.000962438648504
1384,0.7372590622846181,22117.771868538544,25.750178724404684,15.0,12.366701963925195,0,0,29.000962438648504
1385,0.7373815467059228,22121.446401177684,25.558979507922118,15.0,12.150320230843636,0,0,29.000962438648504
1386,0.737531382070849,22125.94146212547,25.36880022526601,15.0,11.935092765300698,0,0,29.000962438648504
1387,0.737708424745766,22131.25274237298,25.179697230662164,15.0,11.721083343839368,0,0,29.000962438648504
1388,0.7379125230349303,22137.37569104791,24.991726559409145,15.0,11.508355382070013,0,0,29.000962438648504
1389,0.7381435172254356,22144.305516763066,24.80494391127354,15.0,11.296971915878709,0,0,29.000962438648504
1390,0.7384012396345394,22152.037189036182,24.61940463398509,15.0,11.086995582748514,0,0,29.000962438648504
1391,0.738685514659352,22160.56543978056,24.43516370683593,15.0,10.878488603198598,0,0,29.000962438648504
1392,0.7389961588288696,22169.88476486609,24.25227572438901,15.0,10.671512762346946,0,0,29.000962438648504
1393,0.7393329808583425,22179.989425750275,24.070794880300575,15.0,10.466129391602113,0,0,29.000962438648504
1394,0.7396957817059557,22190.87345117867,23.89077495126141,15.0,10.262399350489385,0,0,29.000962438648504
1395,0.7400843546318101,22202.530638954304,23.7122692810616,15.0,10.060383008616753,0,0,29.000962438648504
1396,0.7404984852591832,22214.954557775494,23.535330764783765,15.0,9.860140227786271,0,0,29.000962438648504
1397,0.740937951638054,22228.13854914162,23.360011833128894,15.0,9.66173034425545,0,0,29.000962438648504
1398,0.7414025243108717,22242.075729326152,23.186364436880115,15.0,9.465212151154814,0,0,29.000962438648504
1399,0.741891966380549,22256.75899141647,23.014440031508567,15.0,9.270643881066189,0,0,29.000962438648504
1400,0.7424060335806592,22272.181007419775,22.84428956192599,15.0,9.078083188767131,0,0,29.000962438648504
1401,0.7429444743478181,22288.334230434542,22.675963447388632,15.0,8.88758713414653,0,0,29.000962438648504
1402,0.7435070298962275,22305.210896886827,22.509511566557112,15.0,8.699212165296725,0,0,29.000962438648504
1403,0.7440934342943594,22322.803028830782,22.344983242715912,15.0,8.5130141017863,0,0,29.000962438648504
1404,0.7447034145437565,22341.102436312696,22.182427229158293,15.0,8.329048118120067,0,0,29.000962438648504
1405,0.7453366906599282,22360.100719797847,22.02189169473929,15.0,8.147368727389265,0,0,29.000962438648504
1406,0.7459929757553156,22379.78927265947,21.86342420960239,15.0,7.968029765118326,0,0,29.000962438648504
1407,0.746671976124303,22400.159283729092,21.707071731083413,15.0,7.79108437331219,0,0,29.000962438648504
1408,0.7473733913302488,22421.201739907465,21.552880589796203,15.0,7.616584984709345,0,0,29.000962438648504
1409,0.7480969142945113,22442.90742883534,21.40089647590352,15.0,7.444583307244503,0,0,29.000962438648504
1410,0.748842231387443,22465.26694162329,21.251164425578516,15.0,7.275130308726935,0,0,29.000962438648504
1411,0.7496090225213257,22488.27067563977,21.10372880765906,15.0,7.108276201737057,0,0,29.000962438648504
1412,0.7503969612452193,22511.90883735658,20.958633310500733,15.0,6.944070428747849,0,0,29.000962438648504
1413,0.7512057148416965,22536.171445250897,20.81592092903081,15.0,6.782561647473765,0,0,29.000962438648504
1414,0.7520349444254343,22561.048332763028,20.67563395200782,15.0,6.623797716452238,0,0,29.000962438648504
1415,0.7528843050436322,22586.52915130897,20.537813949490697,15.0,6.46782568086244,0,0,29.000962438648504
1416,0.7537534457782301,22612.603373346905,20.402501760520675,15.0,6.314691758584763,0,0,29.000962438648504
1417,0.7546420098498926,22639.260295496777,20.269737481019508,15.0,6.164441326505153,0,0,29.000962438648504
1418,0.7555496347237299,22666.4890417119,20.13956045190855,15.0,6.017118907069365,0,0,29.000962438648504
1419,0.7564759522167256,22694.27856650177,20.01200924745104,15.0,5.8727681550898225,0,0,29.000962438648504
1420,0.7574205886068368,22722.617658205105,19.88712166382152,15.0,5.731431844809556,0,0,29.000962438648504
1421,0.7583831647437356,22751.494942312067,19.764934707906427,15.0,5.59315185722771,0,0,29.000962438648504
1422,0.7593632961611604,22780.898884834813,19.64548458633771,15.0,5.4579691676888125,0,0,29.000962438648504
1423,0.7603605931908409,22810.817795725226,19.528806694764405,15.0,5.325923833741344,0,0,29.000962438648504
1424,0.7613746610779655,22841.239832338964,19.4149356073639,15.0,5.19705498326752,0,0,29.000962438648504
1425,0.7624051000981554,22872.153002944662,19.30390506659686,15.0,5.071400802888881,0,0,29.000962438648504
1426,0.763451505675912,22903.54517027736,19.195747973208796,15.0,4.948998526650955,0,0,29.000962438648504
1427,0.7645134685045011,22935.404055135034,19.09049637648075,15.0,4.82988442498991,0,0,29.000962438648504
1428,0.7655905746672392,22967.717240017177,18.98818146473225,15.0,4.714093793984651,0,0,29.000962438648504
1429,0.7666824057601462,23000.472172804388,18.88883355607986,15.0,4.601660944898192,0,0,29.000962438648504
1430,0.7677885390159274,23033.65617047782,18.79248208945299,15.0,4.4926191940101905,0,0,29.000962438648504
1431,0.7689085474292482,23067.256422877446,18.699155615870634,15.0,4.387000852744746,0,0,29.000962438648504
1432,0.7700419998832659,23101.259996497978,18.608881789981066,15.0,4.28483721809581,0,0,29.000962438648504
1433,0.7711884612773782,23135.653838321345,18.521687361867173,15.0,4.1861585633531995,0,0,29.000962438648504
1434,0.7723474926561527,23170.42477968458,18.437598169119788,15.0,4.090994129131953,0,0,29.000962438648504
1435,0.7735186513393999,23205.559540181996,18.356639129181573,15.0,3.9993721147078087,0,0,29.000962438648504
1436,0.7747014910533478,23241.044731600436,18.278834231963224,15.0,3.9113196696609234,0,0,29.000962438648504
1437,0.7758955620628835,23276.866861886505,18.204206532735018,15.0,3.8268628858311553,0,0,29.000962438648504
1438,0.777100411304818,23313.01233914454,18.132778145294807,15.0,3.746026789586255,0,0,29.000962438648504
1439,0.77831558252214,23349.467475664198,18.064570235415346,15.0,3.6688353344061304,0,0,29.000962438648504
1440,0.7795406163992138,23386.218491976415,17.999603014572365,15.0,3.5953113937848613,0,0,29.000962438648504
1441,0.7807750506978852,23423.251520936556,17.937895733955543,15.0,3.5254767544528764,0,0,29.000962438648504
1442,0.7820184203944517,23460.55261183355,17.879466678763833,15.0,3.459352109920906,0,0,29.000962438648504
1443,0.78327025781746,23498.107734523797,17.824333162787337,15.0,3.396957054348267,0,0,29.000962438648504
1444,0.784530092786286,23535.902783588583,17.77251152327667,15.0,3.3383100767364695,0,0,29.000962438648504
1445,0.7857974527504613,23573.92358251384,17.724017116102043,15.0,3.283428555450712,0,0,29.000962438648504
1446,0.7870718629296979,23612.155887890938,17.678864311202926,15.0,3.2323287530702127,0,0,29.000962438648504
1447,0.7883528464545776,23650.585393637328,17.637066488329847,15.0,3.185025811569208,0,0,29.000962438648504
1448,0.7896399245078576,23689.197735235728,17.598636033079803,15.0,3.1415337478301475,0,0,29.000962438648504
1449,0.7909326164663552,23727.978493990653,17.5635843332261,15.0,3.101865449490176,0,0,29.000962438648504
1450,0.792230440043366,23766.91320130098,17.531921775343857,15.0,3.0660326711221764,0,0,29.000962438648504
1451,0.7935329114315767,23805.9873429473,17.50365774173232,15.0,3.0340460307517243,0,0,29.000962438648504
1452,0.7948395454464269,23845.186363392808,17.478800607634646,15.0,3.0059150067107065,0,0,29.000962438648504
1453,0.7961498556698802,23884.495670096407,17.457357738756116,15.0,2.9816479348286373,0,0,29.000962438648504
1454,0.7974633545945603,23923.90063783681,17.439335489081564,15.0,2.9612520059626624,0,0,29.000962438648504
1455,0.79877955376821,23963.3866130463,17.424739198992505,15.0,2.944733263866668,0,0,29.000962438648504
1456,0.8000979639384298,24002.938918152893,17.41357319368472,15.0,2.932096603400452,0,0,29.000962438648504
1457,0.8014180951976544,24042.54285592963,17.405840781886557,15.0,2.923345769079232,0,0,29.000962438648504
1458,0.8027394571283226,24082.183713849678,17.401544254878512,15.0,2.918483353964068,0,0,29.000962438648504
1459,0.8040615589481988,24121.84676844596,17.40068488581427,15.0,2.9175107988935043,0,0,29.000962438648504
1460,0.805383909655802,24161.51728967406,17.403262929343427,15.0,2.9204283920565963,0,0,29.000962438648504
1461,0.8067060181759007,24201.18054527702,17.40927762153604,15.0,2.9272352689075225,0,0,29.000962438648504
1462,0.8080273935050285,24240.821805150856,17.418727180109016,15.0,2.9379294124217696,0,0,29.000962438648504
1463,0.8093475448569797,24280.42634570939,17.4316088049542,15.0,2.9525076536938117,0,0,29.000962438648504
1464,0.810665981808239,24319.97945424717,17.447918678968158,15.0,2.970965672876138,0,0,29.000962438648504
1465,0.8119822144433054,24359.466433299163,17.46765196918321,15.0,2.993298000459309,0,0,29.000962438648504
1466,0.8132957534998642,24398.872604995926,17.490802828199584,15.0,3.019498018892689,0,0,29.000962438648504
1467,0.814606110513766,24438.183315412978,17.51736439591814,15.0,3.049557964545381,0,0,29.000962438648504
1468,0.8159127979637694,24477.38393891308,17.547328801573077,15.0,3.0834689300067213,0,0,29.000962438648504
1469,0.8172153294160042,24516.459882480125,17.58068716606436,15.0,3.121220866725815,0,0,29.000962438648504
1470,0.818513219668112,24555.396590043358,17.617429604588626,15.0,3.1628025879890327,0,0,29.000962438648504
1471,0.8198059848930216,24594.17954679065,17.657545229568385,15.0,3.2082017722349656,0,0,29.000962438648504
1472,0.8210931427823189,24632.794283469568,17.70102215387819,15.0,3.2574049667055283,0,0,29.000962438648504
1473,0.8223742126891636,24671.226380674907,17.747847494367065,15.0,3.3103975914323183,0,0,29.000962438648504
1474,0.8236487157707161,24709.461473121482,17.798007375676015,15.0,3.367163943556921,0,0,29.000962438648504
1475,0.8249161751300291,24747.485253900875,17.851486934349722,15.0,3.4276872019841296,0,0,29.000962438648504
1476,0.8261761159573623,24785.28347872087,17.90827032324072,15.0,3.491949432366223,0,0,29.000962438648504
1477,0.8274280656708783,24822.841970126352,17.96834071620544,15.0,3.5599315924175015,0,0,29.000962438648504
1478,0.8286715540566796,24860.146621700387,18.031680313089986,15.0,3.6316135375567242,0,0,29.000962438648504
1479,0.8299061134081422,24897.183402244267,18.098270345004828,15.0,3.7069740268765345,0,0,29.000962438648504
1480,0.8311312786645083,24933.938359935248,18.168091079886388,15.0,3.7859907294375392,0,0,29.000962438648504
1481,0.8323465875486926,24970.397626460777,18.24112182834407,15.0,3.8686402308854646,0,0,29.000962438648504
1482,0.8335515807042662,25006.547421127983,18.317340949790943,15.0,3.9548980403892573,0,0,29.000962438648504
1483,0.8347458018315725,25042.374054947177,18.39672585885642,15.0,4.044738597898434,0,0,29.000962438648504
1484,0.8359287978229403,25077.86393468821,18.47925303207867,15.0,4.138135281716854,0,0,29.000962438648504
1485,0.8371001188969475,25113.003566908425,18.564898014875133,15.0,4.2350604163913985,0,0,29.000962438648504
1486,0.8382593187317026,25147.779561951076,18.653635428789116,15.0,4.335485280912923,0,0,29.000962438648504
1487,0.8394059545970985,25182.178637912955,18.74543897900969,15.0,4.439380117226643,0,0,29.000962438648504
1488,0.8405395874860038,25216.187624580114,18.840281462163695,15.0,4.546714139050389,0,0,29.000962438648504
1489,0.8416597822443492,25249.793467330477,18.938134774376504,15.0,4.657455540997036,0,0,29.000962438648504
1490,0.8427661077000739,25282.983231002218,19.038969919599808,15.0,4.771571507999124,0,0,29.000962438648504
1491,0.8438581367908904,25315.744103726713,19.14275701820395,15.0,4.8890282250329,0,0,29.000962438648504
1492,0.844935446690833,25348.06340072499,19.249465315831678,15.0,5.009790887138135,0,0,29.000962438648504
1493,0.8459976189355497,25379.92856806649,19.359063192511393,15.0,5.133823709731729,0,0,29.000962438648504
1494,0.8470442395463027,25411.32718638908,19.47151817202701,15.0,5.2610899392115975,0,0,29.000962438648504
1495,0.8480748991526386,25442.246974579157,19.586796931541052,15.0,5.391551863847238,0,0,29.000962438648504
1496,0.8490891931136942,25472.67579341083,19.704865311469185,15.0,5.5251708249548095,0,0,29.000962438648504
1497,0.8500867216381008,25502.601649143024,19.825688325602307,15.0,5.661907228352401,0,0,29.000962438648504
1498,0.8510670899024493,25532.01269707348,19.949230171473737,15.0,5.801720556092647,0,0,29.000962438648504
1499,0.8520299081682869,25560.897245048607,20.075454240968362,15.0,5.944569378469202,0,0,29.000962438648504
1500,0.8529747918976037,25589.24375692811,20.2043231311702,15.0,6.090411366293011,0,0,29.000962438648504
1501,0.8539013618667801,25617.040856003405,20.335798655445817,15.0,6.23920330343549,0,0,29.000962438648504
1502,0.8548092442789592,25644.277328368775,20.469841854760006,15.0,6.390901099634597,0,0,29.000962438648504
1503,0.8556980708748099,25670.942126244296,20.60641300921983,15.0,6.545459803559317,0,0,29.000962438648504
1504,0.8565674790416512,25697.024371249536,20.74547164984481,15.0,6.702833616130056,0,0,29.000962438648504
1505,0.8574171119209016,25722.51335762705,20.88697657055859,15.0,6.862975904089748,0,0,29.000962438648504
1506,0.8582466185138242,25747.398555414726,21.03088584039928,15.0,7.025839213822348,0,0,29.000962438648504
1507,0.8590556537855348,25771.669613566046,21.177156815944308,15.0,7.191375285414205,0,0,29.000962438648504
1508,0.859843878767244,25795.31636301732,21.32574615394696,15.0,7.3595350669548765,0,0,29.000962438648504
1509,0.8606109606566996,25818.32881970099,21.476609824179505,15.0,7.530268729071844,0,0,29.000962438648504
1510,0.861356572916805,25840.69718750415,21.629703122480485,15.0,7.703525679696218,0,0,29.000962438648504
1511,0.8620803953723774,25862.41186117132,21.784980684001674,15.0,7.879254579054438,0,0,29.000962438648504
1512,0.8627821143050234,25883.463429150703,21.942396496650414,15.0,8.05740335488105,0,0,29.000962438648504
1513,0.8634614225461008,25903.842676383025,22.101903914724094,15.0,8.237919217849015,0,0,29.000962438648504
1514,0.8641180195677388,25923.540587032163,22.263455672732327,15.0,8.420748677212316,0,0,29.000962438648504
1515,0.864751611571891,25942.548347156728,22.427003899402536,15.0,8.605837556656251,0,0,29.000962438648504
1516,0.8653619115773942,25960.857347321824,22.592500131865634,15.0,8.793131010351445,0,0,29.000962438648504
1517,0.8659486395050069,25978.45918515021,22.759895330016178,15.0,8.982573539205376,0,0,29.000962438648504
1518,0.8665115222604037,25995.34566781211,22.9291398910442,15.0,9.17410900730815,0,0,29.000962438648504
1519,0.8670502938150975,26011.508814452925,23.10018366413381,15.0,9.367680658567057,0,0,29.000962438648504
1520,0.8675646952852709,26026.940858558126,23.27297596532351,15.0,9.563231133524095,0,0,29.000962438648504
1521,0.8680544750084881,26041.634250254643,23.447465592525294,15.0,9.760702486353203,0,0,29.000962438648504
1522,0.8685193886182687,26055.58165854806,23.623600840696934,15.0,9.960036202030885,0,0,29.000962438648504
1523,0.868959199116498,26068.77597349494,23.80132951716294,15.0,10.161173213675042,0,0,29.000962438648504
1524,0.8693736769436552,26081.210308309655,23.98059895708093,15.0,10.364053920048399,0,0,29.000962438648504
1525,0.8697626000468367,26092.8780014051,24.161356039046822,15.0,10.56861820321905,0,0,29.000962438648504
1526,0.870125753945555,26103.77261836665,24.3435472008361,15.0,10.774805446374954,0,0,29.000962438648504
1527,0.8704629317952942,26113.887953858826,24.527118455275676,15.0,10.982554551786237,0,0,29.000962438648504
1528,0.8707739344488021,26123.218033464065,24.712015406240944,15.0,11.191803958909254,0,0,29.000962438648504
1529,0.8710585705151025,26131.757115453074,24.898183264774975,15.0,11.40249166262874,0,0,29.000962438648504
1530,0.8713166564162074,26139.49969248622,25.08556686532345,15.0,11.614555231631076,0,0,29.000962438648504
1531,0.871548016441516,26146.44049324548,25.2741106820815,15.0,11.827931826904099,0,0,29.000962438648504
1532,0.8717524827998816,26152.574483996446,25.463758845446986,15.0,12.042558220357451,0,0,29.000962438648504
1533,0.8719298956693308,26157.896870079923,25.654455158576326,15.0,12.258370813558916,0,0,29.000962438648504
1534,0.8720801032444234,26162.403097332703,25.84614311403621,15.0,12.475305656579334,0,0,29.000962438648504
1535,0.872202961781235,26166.08885343705,26.038765910548637,15.0,12.693298466943055,0,0,29.000962438648504
1536,0.8722983356399512,26168.950069198534,26.232266469821738,15.0,12.91228464867557,0,0,29.000962438648504
1537,0.8723660973250609,26170.982919751827,26.42658745346375,15.0,13.132199311445163,0,0,29.000962438648504
1538,0.8724061275231362,26172.183825694086,26.62167127997344,15.0,13.35297728979111,0,0,29.000962438648504
1539,0.8724183151381871,26172.549454145614,26.81746014180279,15.0,13.574553162433691,0,0,29.000962438648504
1540,0.872402557324582,26172.076719737463,27.01389602248646,15.0,13.796861271659708,0,0,29.000962438648504
1541,0.8723587595175231,26170.76278552569,27.21092071383372,15.0,14.019835742778778,0,0,29.000962438648504
1542,0.8722868354610671,26168.605063832012,27.40847583317627,15.0,14.243410503642792,0,0,29.000962438648504
1543,0.8721867072336861,26165.601217010582,27.606502840668696,15.0,14.467519304225005,0,0,29.000962438648504
1544,0.8720583052713564,26161.749158140694,27.804943056634905,15.0,14.692095736251147,0,0,29.000962438648504
1545,0.8719015683881725,26157.047051645175,28.003737678956217,15.0,14.917073252877652,0,0,29.000962438648504
1546,0.8717164437944769,26151.493313834308,28.202827800495697,15.0,15.142385188410927,0,0,29.000962438648504
1547,0.8715028871125041,26145.086613375122,28.40215442655366,15.0,15.367964778061893,0,0,29.000962438648504
1548,0.8712608623895294,26137.82587168588,28.601658492348864,15.0,15.59374517772959,0,0,29.000962438648504
1549,0.8709903421085232,26129.710263255696,28.801280880521123,15.0,15.81965948380904,0,0,29.000962438648504
1550,0.8706913071963048,26120.739215889145,29.000962438648536,15.0,16.045640753015636,0,0,29.000962438648504
1551,0.8703637470291942,26110.912410875826,29.20064399677586,15.0,16.271622022222136,0,0,29.000962438648504
1552,0.8700076594361598,26100.229783084793,29.400266384948075,15.0,16.497536328301543,0,0,29.000962438648504
1553,0.8696230506994621,26088.691520983863,29.599770450743364,15.0,16.723316727969333,0,0,29.000962438648504
1554,0.869209935552792,26076.29806658376,29.799097076801246,15.0,16.948896317620207,0,0,29.000962438648504
1555,0.868768337176905,26063.050115307153,29.998187198340766,15.0,17.17420825315353,0,0,29.000962438648504
1556,0.8682982871927521,26048.948615782563,30.196981820662042,15.0,17.399185769779983,0,0,29.000962438648504
1557,0.8677998256521097,26033.99476956329,30.395422036628286,15.0,17.623762201806173,0,0,29.000962438648504
1558,0.8672730010257117,26018.19003077135,30.59344904412076,15.0,17.847871002388437,0,0,29.000962438648504
1559,0.8667178701888865,26001.536105666593,30.791004163463267,15.0,18.0714457632524,0,0,29.000962438648504
1560,0.8661344984047031,25984.034952141094,30.98802885481053,15.0,18.294420234371472,0,0,29.000962438648504
1561,0.8655229593046335,25965.688779139007,31.18446473549423,15.0,18.516728343597535,0,0,29.000962438648504
1562,0.8648833348667326,25946.50004600198,31.380253597323502,15.0,18.738304216240024,0,0,29.000962438648504
1563,0.8642157153913473,25926.47146174042,31.575337423833233,15.0,18.959082194586014,0,0,29.000962438648504
1564,0.8635201994743584,25905.60598423075,31.76965840747529,15.0,19.178996857355656,0,0,29.000962438648504
1565,0.862796893977964,25883.90681933892,31.96315896674835,15.0,19.39798303908812,0,0,29.000962438648504
1566,0.8620459139990148,25861.377419970442,32.15578176326078,15.0,19.615975849451846,0,0,29.000962438648504
1567,0.8612673828349076,25838.021485047226,32.34746971872066,15.0,19.832910692472268,0,0,29.000962438648504
1568,0.86046143194705,25813.8429584115,32.538166031850004,15.0,20.04872328567373,0,0,29.000962438648504
1569,0.8596282009219058,25788.846027657175,32.72781419521553,15.0,20.263349679127128,0,0,29.000962438648504
1570,0.8587678374296321,25763.035122888963,32.91635801197353,15.0,20.476726274400107,0,0,29.000962438648504
1571,0.8578804971803213,25736.41491540964,33.103741612522015,15.0,20.68878984340244,0,0,29.000962438648504
1572,0.8569663438778616,25708.99031633585,33.289909471056085,15.0,20.899477547121972,0,0,29.000962438648504
1573,0.8560255491714273,25680.766475142816,33.47480642202131,15.0,21.108726954244943,0,0,29.000962438648504
1574,0.8550582926046152,25651.748778138455,33.65837767646089,15.0,21.316476059656225,0,0,29.000962438648504
1575,0.8540647615622431,25621.942846867292,33.840568838250206,15.0,21.52266330281217,0,0,29.000962438648504
1576,0.8530451512148227,25591.35453644468,34.02132592021606,15.0,21.72722758598278,0,0,29.000962438648504
1577,0.8519996644607267,25559.989933821802,34.200595360134,15.0,21.9301082923561,0,0,29.000962438648504
1578,0.8509285118660654,25527.855355981963,34.378324036600056,15.0,22.131245304000295,0,0,29.000962438648504
1579,0.8498319116022918,25494.957348068754,34.55445928477165,15.0,22.33057901967794,0,0,29.000962438648504
1580,0.8487100893815521,25461.302681446563,34.72894891197351,15.0,22.52805037250713,0,0,29.000962438648504
1581,0.8475632783898029,25426.89835169409,34.90174121316318,15.0,22.723600847464123,0,0,29.000962438648504
1582,0.8463917192177132,25391.751576531395,35.072784986252785,15.0,22.917172498723033,0,0,29.000962438648504
1583,0.8451956597893715,25355.869793681144,35.24202954728087,15.0,23.10870796682589,0,0,29.000962438648504
1584,0.8439753552888212,25319.260658664636,35.40942474543135,15.0,23.298150495679735,0,0,29.000962438648504
1585,0.8427310680844439,25281.932042533317,35.57492097789442,15.0,23.485443949374897,0,0,29.000962438648504
1586,0.8414630676512139,25243.89202953642,35.7384692045647,15.0,23.670532828818907,0,0,29.000962438648504
1587,0.840171630490847,25205.14891472541,35.90002096257286,15.0,23.853362288182133,0,0,29.000962438648504
1588,0.8388570400498669,25165.711201496008,36.059528380646576,15.0,24.033878151150137,0,0,29.000962438648504
1589,0.8375195866356141,25125.58759906842,36.21694419329528,15.0,24.21202692697671,0,0,29.000962438648504
1590,0.8361595673302217,25084.78701990665,36.37222175481651,15.0,24.387755826334967,0,0,29.000962438648504
1591,0.8347772859025829,25043.318577077487,36.525315053117545,15.0,24.561012776959412,0,0,29.000962438648504
1592,0.8333730527183387,25001.191581550163,36.67617872335003,15.0,24.731746439076304,0,0,29.000962438648504
1593,0.8319471846479093,24958.41553943728,36.82476806135265,15.0,24.89990622061695,0,0,29.000962438648504
1594,0.8305000049725982,24915.000149177948,36.971039036897736,15.0,25.06544229220887,0,0,29.000962438648504
1595,0.8290318432887978,24870.955298663932,37.11494830673837,15.0,25.228305601941408,0,0,29.000962438648504
1596,0.8275430354103218,24826.291062309654,37.256453227452184,15.0,25.38844788990113,0,0,29.000962438648504
1597,0.8260339232688976,24781.017698066928,37.39551186807719,15.0,25.5458217024719,0,0,29.000962438648504
1598,0.8245048548128439,24735.145644385317,37.53208302253699,15.0,25.700380406396587,0,0,29.000962438648504
1599,0.8229561839039657,24688.68551711897,37.66612622185118,15.0,25.8520782025957,0,0,29.000962438648504
1600,0.8213882702126981,24641.648106380944,37.7976017461268,15.0,26.000870139738176,0,0,29.000962438648504
1601,0.8198014791115279,24594.044373345838,37.92647063632863,15.0,26.146712127561987,0,0,29.000962438648504
1602,0.8181961815667259,24545.885447001776,38.05269470582323,15.0,26.28956094993851,0,0,29.000962438648504
1603,0.8165727540284213,24497.18262085264,38.17623655169466,15.0,26.42937427767876,0,0,29.000962438648504
1604,0.814931578319052,24447.94734957156,38.29705956582781,15.0,26.566110681076378,0,0,29.000962438648504
1605,0.8132730415202217,24398.191245606653,38.41512794575596,15.0,26.699729642183982,0,0,29.000962438648504
1606,0.8115975358579999,24347.926075739997,38.53040670526998,15.0,26.830191566819593,0,0,29.000962438648504
1607,0.8099054585866964,24297.16375760089,38.6428616847856,15.0,26.95745779629946,0,0,29.000962438648504
1608,0.8081972118711461,24245.916356134385,38.752459561465336,15.0,27.081490618893078,0,0,29.000962438648504
1609,0.80647320266754,24194.1960800262,38.85916785909304,15.0,27.202253280998292,0,0,29.000962438648504
1610,0.8047338426028334,24142.015278085004,38.962954957697164,15.0,27.319709998032046,0,0,29.000962438648504
1611,0.8029795478527741,24089.386435583223,39.06379010292049,15.0,27.43382596503416,0,0,29.000962438648504
1612,0.8012107390185788,24036.322170557363,39.161643415133284,15.0,27.54456736698078,0,0,29.000962438648504
1613,0.7994278410023008,23982.835230069024,39.25648589828731,15.0,27.651901388804546,0,0,29.000962438648504
1614,0.7976312828809222,23928.938486427665,39.348289448507884,15.0,27.755796225118274,0,0,29.000962438648504
1615,0.7958214977792089,23874.644933376265,39.43702686242186,15.0,27.856221089639796,0,0,29.000962438648504
1616,0.7939989227413665,23819.967682240997,39.52267184521834,15.0,27.953146224314356,0,0,29.000962438648504
1617,0.7921639986015351,23764.91995804605,39.60519901844057,15.0,28.046542908132757,0,0,29.000962438648504
1618,0.7903171698531596,23709.515095594787,39.68458392750604,15.0,28.13638346564192,0,0,29.000962438648504
1619,0.7884588845172779,23653.766535518334,39.76080304895294,15.0,28.222641275145747,0,0,29.000962438648504
1620,0.7865895940097615,23597.687820292846,39.8338337974106,15.0,28.305290776593637,0,0,33.0009624386485
1621,0.7845262940177955,23535.788820533864,45.407424224999204,15.0,28.38430747915466,0,0,33.0009624386485
1622,0.7824525951835117,23473.57785550535,45.483198784090426,15.0,28.45966796847446,0,0,33.0009624386485
1623,0.7803689732449063,23411.069197347188,45.55527458716381,15.0,28.531349913613695,0,0,33.0009624386485
1624,0.7782759068804054,23348.27720641216,45.62363027660333,15.0,28.599332073664968,0,0,33.0009624386485
1625,0.7761738775670223,23285.21632701067,45.68824559714296,15.0,28.663594304047066,0,0,33.0009624386485
1626,0.7740633694376855,23221.901083130564,45.74910140186874,15.0,28.724117562474266,0,0,33.0009624386485
1627,0.7719448691377797,23158.34607413339,45.806179657892365,15.0,28.78088391459889,0,0,33.0009624386485
1628,0.7698188656809422,23094.565970428266,45.85946345169468,15.0,28.83387653932566,0,0,33.0009624386485
1629,0.7676858503041577,23030.57550912473,45.90893699413767,15.0,28.883079733796233,0,0,33.0009624386485
1630,0.765546316322194,22966.38948966582,45.95458562514296,15.0,28.928478918042178,0,0,33.0009624386485
1631,0.7634007589814222,22902.02276944267,45.996395818035985,15.0,28.970060639305387,0,0,33.0009624386485
1632,0.761249675313065,22837.49025939195,46.034355183554304,15.0,29.007812576024477,0,0,33.0009624386485
1633,0.7590935639859148,22772.806919577444,46.06845247351863,15.0,29.041723541485815,0,0,33.0009624386485
1634,0.7569329251585681,22707.987754757043,46.09867758416611,15.0,29.07178348713851,0,0,33.0009624386485
1635,0.7547682603312172,22643.047809936517,46.125021559144116,15.0,29.097983505571893,0,0,33.0009624386485
1636,0.7526000721970454,22578.002165911363,46.14747659216433,15.0,29.12031583315506,0,0,33.0009624386485
1637,0.7504288644932675,22512.865934798025,46.166036029315855,15.0,29.13877385233739,0,0,33.0009624386485
1638,0.748255141851862,22447.654255555863,46.1806943710369,15.0,29.153352093609435,0,0,33.0009624386485
1639,0.746079409650038,22382.38228950114,46.19144727374446,15.0,29.164046237123678,0,0,33.0009624386485
1640,0.7439021738604804,22317.06521581441,46.19829155112141,15.0,29.17085311397461,0,0,33.0009624386485
1641,0.7417239409014196,22251.718227042587,46.20122517506064,15.0,29.173770707137702,0,0,33.0009624386485
1642,0.7395452174865691,22186.35652459707,46.200247276266076,15.0,29.172798152067138,0,0,33.0009624386485
1643,0.7373665104749747,22120.99531424924,46.19535814451022,15.0,29.167935736951975,0,0,33.0009624386485
1644,0.7351883267208218,22055.649801624655,46.18655922854834,15.0,29.159184902630752,0,0,33.0009624386485
1645,0.7330111729232436,21990.335187697307,46.173853135689136,15.0,29.146548242164535,0,0,33.0009624386485
1646,0.7308355554761742,21925.066664285227,46.15724363102211,15.0,29.130029500068545,0,0,33.0009624386485
1647,0.7286619803182944,21859.859409548833,46.136735636302014,15.0,29.10963357120257,0,0,33.0009624386485
1648,0.7264909527831106,21794.728583493317,46.112335228490224,15.0,29.0853664993205,0,0,33.0009624386485
1649,0.7243229774492135,21729.689323476403,46.08404963795421,15.0,29.057235475279477,0,0,33.0009624386485
1650,0.7221585579907608,21664.756739722823,46.0518872463249,15.0,29.025248834909036,0,0,33.0009624386485
1651,0.7199981970282274,21599.94591084682,46.01585758401305,15.0,28.98941605654104,0,0,33.0009624386485
1652,0.7178423959794683,21535.27187938405,45.975971327385174,15.0,28.949747758201056,0,0,33.0009624386485
1653,0.715691654911138,21470.749647334138,45.932240295599954,15.0,28.90625569446201,0,0,33.0009624386485
1654,0.7135464723905088,21406.394171715267,45.88467744710588,15.0,28.858952752961,0,0,33.0009624386485
1655,0.7114073453377365,21342.220360132094,45.83329687580147,15.0,28.807852950580497,0,0,33.0009624386485
1656,0.70927476887861,21278.2430663583,45.77811380685884,15.0,28.75297142929474,0,0,33.0009624386485
1657,0.7071492361978364,21214.477085935094,45.71914459221233,15.0,28.694324451682952,0,0,33.0009624386485
1658,0.7050312383928994,21150.93715178698,45.656406705712854,15.0,28.63192939611031,0,0,33.0009624386485
1659,0.702921264328536,21087.63792985608,45.5899187379502,15.0,28.56580475157835,0,0,33.0009624386485
1660,0.700819800491876,21024.59401475628,45.51970039074411,15.0,28.49597011224634,0,0,33.0009624386485
1661,0.698727330848285,20961.819925448548,45.445772471306356,15.0,28.422446171625097,0,0,33.0009624386485
1662,0.696644336697955,20899.33010093865,45.3681568860749,15.0,28.345254716444956,0,0,33.0009624386485
1663,0.6945712965332849,20837.138895998545,45.28687663422275,15.0,28.26441862020004,0,0,33.0009624386485
1664,0.6925086858970928,20775.260576912784,45.20195580084274,15.0,28.17996183637029,0,0,33.0009624386485
1665,0.6904569772417025,20713.709317251076,45.11341954981047,15.0,28.09190939132341,0,0,33.0009624386485
1666,0.6884166397889456,20652.49919366837,45.02129411632797,15.0,28.00028737689926,0,0,33.0009624386485
1667,0.6863881393911208,20591.644181733624,44.92560679914936,15.0,27.905122942678034,0,0,33.0009624386485
1668,0.6843719383929521,20531.15815178856,44.826385952491805,15.0,27.806444287935406,0,0,33.0009624386485
1669,0.6823684954945858,20471.054864837573,44.72366097763359,15.0,27.70428065328649,0,0,33.0009624386485
1670,0.6803782656156683,20411.347968470047,44.61746231420169,15.0,27.598662312021027,0,0,33.0009624386485
1671,0.6784016997605425,20352.050992816276,44.50782143115205,15.0,27.489620561133002,0,0,33.0009624386485
1672,0.6764392448846066,20293.1773465382,44.39477081744463,15.0,27.377187712046567,0,0,33.0009624386485
1673,0.6744913437618711,20234.740312856135,44.27834397241599,15.0,27.26139708104131,0,0,33.0009624386485
1674,0.6725584348537553,20176.75304561266,44.1585753958531,15.0,27.142282979380234,0,0,33.0009624386485
1675,0.6706409521791618,20119.22856537485,44.03550057776998,15.0,27.019880703142338,0,0,33.0009624386485
1676,0.668739325185867,20062.17975557601,43.9091559878914,15.0,26.894226522763724,0,0,33.0009624386485
1677,0.666853978623267,20005.61935869801,43.77957906484611,15.0,26.765357672289902,0,0,33.0009624386485
1678,0.664985332416515,19949.55997249545,43.64680820507282,15.0,26.633312338342407,0,0,33.0009624386485
1679,0.6631338015420882,19894.014046262648,43.51088275144278,15.0,26.498129648803506,0,0,33.0009624386485
1680,0.6612997959048214,19838.99387714464,43.371842981601446,15.0,26.359849661221666,0,0,33.0009624386485
1681,0.6594837202164432,19784.511606493295,43.22973009603325,15.0,26.2185133509414,0,0,33.0009624386485
1682,0.6576859738756521,19730.57921626956,43.08458620585331,15.0,26.074162598961824,0,0,33.0009624386485
1683,0.6559069508497646,19677.208525492937,42.93645432032873,15.0,25.926840179526067,0,0,33.0009624386485
1684,0.6541470395579754,19624.41118673926,42.78537833413412,15.0,25.776589747446494,0,0,33.0009624386485
1685,0.6524066227562594,19572.19868268778,42.63140301434467,15.0,25.623455825168755,0,0,33.0009624386485
1686,0.650686077423954,19520.58232271862,42.47457398717077,15.0,25.467483789579013,0,0,33.0009624386485
1687,0.6489857746520509,19469.573239561527,42.3149377244377,15.0,25.308719858557456,0,0,33.0009624386485
1688,0.6473060795332344,19419.18238599703,42.15254152981546,15.0,25.147211077283373,0,0,33.0009624386485
1689,0.6456473510536964,19369.420531610893,41.98743352480118,15.0,24.983005304294167,0,0,33.0009624386485
1690,0.6440099419867613,19320.298259602838,41.819662634460194,15.0,24.816151197304322,0,0,33.0009624386485
1691,0.642394198788351,19271.82596365053,41.64927857292805,15.0,24.64669819878672,0,0,33.0009624386485
1692,0.6408004614943236,19224.013844829708,41.476331828679356,15.0,24.474696521321913,0,0,33.0009624386485
1693,0.6392290636197122,19176.871908591365,41.30087364956692,15.0,24.300197132719,0,0,33.0009624386485
1694,0.637680332059898,19130.40996179694,41.122956027636,15.0,24.123251740912934,0,0,33.0009624386485
1695,0.6361545869937442,19084.637609812326,40.942631683717615,15.0,23.94391277864196,0,0,33.0009624386485
1696,0.6346521417887195,19039.564253661585,40.75995405180665,15.0,23.762233387911124,0,0,33.0009624386485
1697,0.6331733029080412,18995.199087241235,40.574977263228035,15.0,23.578267404244926,0,0,33.0009624386485
1698,0.6317183698198628,18951.551094595885,40.387756130596195,15.0,23.392069340734498,0,0,33.0009624386485
1699,0.6302876349085361,18908.629047256083,40.198346131573444,15.0,23.203694371884698,0,0,33.0009624386485
1700,0.6288813833879704,18866.44150163911,40.006803392430164,15.0,23.013198317264134,0,0,33.0009624386485
1701,0.627499893217118,18824.99679651354,39.81318467141382,15.0,22.820637624965038,0,0,33.0009624386485
1702,0.6261434350176093,18784.303050528277,39.6175473419302,15.0,22.626069354876456,0,0,33.0009624386485
1703,0.6248122719935606,18744.368159806818,39.419949375542046,15.0,22.429551161775777,0,0,33.0009624386485
1704,0.6235066598535827,18705.19979560748,39.2204493247914,15.0,22.231141278244912,0,0,33.0009624386485
1705,0.6222268467350074,18666.80540205022,39.019106305848965,15.0,22.03089849741447,0,0,33.0009624386485
1706,0.6209730731303597,18629.19219391079,38.81597998099641,15.0,21.828882155541844,0,0,33.0009624386485
1707,0.6197455718160948,18592.367154482843,38.61113054094774,15.0,21.625152114429113,0,0,33.0009624386485
1708,0.6185445677836212,18556.337033508637,38.40461868701302,15.0,21.41976874368428,0,0,33.0009624386485
1709,0.617370278172631,18521.10834517893,38.19650561311145,15.0,21.212792902832632,0,0,33.0009624386485
1710,0.6162229122067566,18486.6873662027,37.98685298763832,15.0,21.004285923282758,0,0,33.0009624386485
1711,0.6151026711315737,18453.08013394721,37.77572293519111,15.0,20.79430959015252,0,0,33.0009624386485
1712,0.6140097481549667,18420.292444649,37.56317801816101,15.0,20.582926123961172,0,0,33.0009624386485
1713,0.6129443283898782,18388.329851696348,37.349281218194115,15.0,20.370198162191862,0,0,33.0009624386485
1714,0.611906588799456,18357.19766398368,37.13409591752834,15.0,20.15618874073053,0,0,33.0009624386485
1715,0.6108966981446142,18326.900944338428,36.91768588021249,15.0,19.94096127518759,0,0,33.0009624386485
1716,0.6099148169340267,18297.444508020802,36.70011523321109,15.0,19.724579542106035,0,0,33.0009624386485
1717,0.6089610973765643,18268.83292129693,36.481448447402414,15.0,19.507107660063266,0,0,33.0009624386485
1718,0.6080356833361924,18241.07050008577,36.26175031847425,15.0,19.28861007067132,0,0,33.0009624386485
1719,0.6071387102893404,18214.161308680214,36.04108594772382,15.0,19.069151519481633,0,0,33.0009624386485
1720,0.6062703052847581,18188.109158542742,35.81952072276633,15.0,18.84879703679904,0,0,33.0009624386485
1721,0.6054305869058675,18162.917607176023,35.59712029815986,15.0,18.627611918412597,0,0,33.0009624386485
1722,0.604619665235624,18138.58995706872,35.37395057594986,15.0,18.405661706246246,0,0,33.0009624386485
1723,0.6038376418238975,18115.129254716925,35.150077686141536,15.0,18.183012168938077,0,0,33.0009624386485
1724,0.6030846096573796,18092.53828972139,34.92556796710369,15.0,17.95972928235112,0,0,33.0009624386485
1725,0.6023606531320306,18070.819593960918,34.70048794591136,15.0,17.735879210023498,0,0,33.0009624386485
1726,0.6016658480280704,18049.975440842114,34.474904318632426,15.0,17.51152828356269,0,0,33.0009624386485
1727,0.6010002614875243,18030.00784462573,34.248883930564276,15.0,17.286742982990233,0,0,33.0009624386485
1728,0.6003639519943259,18010.918559829777,34.02249375642562,15.0,17.061589917041758,0,0,33.0009624386485
1729,0.5997569693569883,17992.70908070965,33.79580088051105,15.0,16.836135803430007,0,0,33.0009624386485
1730,0.5991793546938443,17975.38064081533,33.568872476812246,15.0,16.610447449074627,0,0,33.0009624386485
1731,0.5986311404208617,17958.934212625853,33.341775789112575,15.0,16.38459173030563,0,0,33.0009624386485
1732,0.5981123502420388,17943.370507261163,33.1145781110618,15.0,16.158635573046904,0,0,33.0009624386485
1733,0.5976229991423792,17928.689974271376,32.887346766235275,15.0,15.932645932984375,0,0,33.0009624386485
1734,0.5971630933834524,17914.89280150357,32.66014908818446,15.0,15.7066897757256,0,0,33.0009624386485
1735,0.5967326305015377,17901.97891504613,32.43305240048484,15.0,15.480834056956652,0,0,33.0009624386485
1736,0.5963315993083547,17889.94797925064,32.206123996785934,15.0,15.255145702601183,0,0,33.0009624386485
1737,0.5959599798943782,17878.799396831346,31.97943112087137,15.0,15.029691588989428,0,0,33.0009624386485
1738,0.5956177436347385,17868.532309042155,31.75304094673281,15.0,14.804538523041046,0,0,33.0009624386485
1739,0.5953048531977027,17859.14559593108,31.527020558664564,15.0,14.579753222468494,0,0,33.0009624386485
1740,0.5950212625557374,17850.63787667212,31.301436931385673,15.0,14.355402296007734,0,0,33.0009624386485
1741,0.5947669169991477,17843.00750997443,31.076356910193397,15.0,14.131552223680163,0,0,33.0009624386485
1742,0.5945417531522889,17836.252594568665,30.851847191155493,15.0,13.908269337093156,0,0,33.0009624386485
1743,0.5943456989923455,17830.370969770363,30.627974301347223,15.0,13.685619799785032,0,0,33.0009624386485
1744,0.5941786738706738,17825.360216120214,30.40480457913722,15.0,13.463669587618682,0,0,33.0009624386485
1745,0.5940405885366997,17821.21765610099,30.182404154530666,15.0,13.242484469232144,0,0,33.0009624386485
1746,0.593931345164365,17817.94035493095,29.96083892957326,15.0,13.022129986549645,0,0,33.0009624386485
1747,0.5938508373811161,17815.525121433482,29.740174558822744,15.0,12.802671435359867,0,0,33.0009624386485
1748,0.5937989502994242,17813.968508982725,29.52047642989462,15.0,12.584173845967968,0,0,33.0009624386485
1749,0.5937755605508287,17813.26681652486,29.301809644085942,15.0,12.366701963925198,0,0,33.0009624386485
1750,0.5937805363224946,17813.41608967484,29.08423899708454,15.0,12.15032023084364,0,0,33.0009624386485
1751,0.5938137373962707,17814.412121888123,28.86782895976865,15.0,11.935092765300656,0,0,33.0009624386485
1752,0.5938750151902399,17816.250455707195,28.652643659102967,15.0,11.721083343839414,0,0,33.0009624386485
1753,0.5939642128027465,17818.926384082395,28.438746859135975,15.0,11.508355382070016,0,0,33.0009624386485
1754,0.5940811650588906,17822.434951766718,28.226201942105916,15.0,11.29697191587871,0,0,33.0009624386485
1755,0.594225698559472,17826.770956784163,28.015071889658753,15.0,11.086995582748516,0,0,33.0009624386485
1756,0.5943976317323729,17831.92895197119,27.805419264185588,15.0,10.8784886031986,0,0,33.0009624386485
1757,0.5945967748863608,17837.903246590824,27.59730619028402,15.0,10.67151276234695,0,0,33.0009624386485
1758,0.5948229302672987,17844.68790801896,27.390794336349295,15.0,10.466129391602117,0,0,33.0009624386485
1759,0.5950758921167439,17852.27676350232,27.185944896300583,15.0,10.262399350489346,0,0,33.0009624386485
1760,0.5953554467329187,17860.663401987564,26.98281857144811,15.0,10.060383008616798,0,0,33.0009624386485
1761,0.5956613725340344,17869.841176021033,26.78147555250559,15.0,9.860140227786275,0,0,33.0009624386485
1762,0.5959934401239511,17879.803203718533,26.581975501754947,15.0,9.66173034425541,0,0,33.0009624386485
1763,0.5963514123601528,17890.542370804582,26.38437753536688,15.0,9.465212151154816,0,0,33.0009624386485
1764,0.5967350444240176,17902.051332720526,26.18874020588321,15.0,9.270643881066192,0,0,33.0009624386485
1765,0.597144083893363,17914.32251680089,25.99512148486686,15.0,9.078083188767096,0,0,33.0009624386485
1766,0.597578270817244,17927.34812451732,25.803578745723634,15.0,8.887587134146571,0,0,33.0009624386485
1767,0.5980373377929821,17941.120133789464,25.6141687467008,15.0,8.69921216529669,0,0,33.0009624386485
1768,0.5985210100454021,17955.630301362064,25.426947614069032,15.0,8.51301410178634,0,0,33.0009624386485
1769,0.5990290055082548,17970.870165247645,25.241970825490338,15.0,8.32904811812007,0,0,33.0009624386485
1770,0.5995610349077984,17986.831047233954,25.05929319357938,15.0,8.14736872738923,0,0,33.0009624386485
1771,0.6001168018485173,18003.50405545552,24.878968849661067,15.0,7.968029765118329,0,0,33.0009624386485
1772,0.6006960029009499,18020.880087028498,24.701051227730076,15.0,7.79108437331219,0,0,33.0009624386485
1773,0.6012983276916016,18038.94983074805,24.525593048617672,15.0,7.616584984709313,0,0,33.0009624386485
1774,0.6019234589949153,18057.70376984746,24.35264630436902,15.0,7.444583307244541,0,0,33.0009624386485
1775,0.6025710728272717,18077.13218481815,24.182262242836835,15.0,7.275130308726902,0,0,33.0009624386485
1776,0.6032408385429932,18097.225156289795,24.014491352495806,15.0,7.108276201737025,0,0,33.0009624386485
1777,0.6039324189323206,18117.97256796962,23.849383347481602,15.0,6.944070428747886,0,0,33.0009624386485
1778,0.604645470321337,18139.364109640108,23.686987152859295,15.0,6.7825616474737345,0,0,33.0009624386485
1779,0.605379642673804,18161.38928021412,23.52735089012629,15.0,6.6237977164522395,0,0,33.0009624386485
1780,0.6061345796948866,18184.0373908466,23.370521862952323,15.0,6.467825680862442,0,0,33.0009624386485
1781,0.6069099189367299,18207.297568101894,23.2165465431629,15.0,6.314691758584733,0,0,33.0009624386485
1782,0.6077052919058605,18231.158757175817,23.06547055696833,15.0,6.164441326505185,0,0,33.0009624386485
1783,0.6085203241723801,18255.6097251714,22.917338671443712,15.0,6.017118907069399,0,0,33.0009624386485
1784,0.6093546354809154,18280.63906442746,22.772194781263746,15.0,5.872768155089796,0,0,33.0009624386485
1785,0.6102078398632973,18306.23519589892,22.630081895695607,15.0,5.731431844809588,0,0,33.0009624386485
1786,0.6110795457529311,18332.386372587935,22.49104212585422,15.0,5.593151857227683,0,0,33.0009624386485
1787,0.6119693561008265,18359.080683024793,22.355116672224202,15.0,5.457969167688816,0,0,33.0009624386485
1788,0.6128768684932507,18386.306054797522,22.22234581245094,15.0,5.325923833741347,0,0,33.0009624386485
1789,0.6138016752709738,18414.050258129217,22.092768889405622,15.0,5.197054983267496,0,0,33.0009624386485
1790,0.6147433636500661,18442.300909501984,21.966424299527045,15.0,5.071400802888881,0,0,33.0009624386485
1791,0.615701515844215,18471.04547532645,21.843349481443923,15.0,4.948998526650984,0,0,33.0009624386485
1792,0.6166757091885241,18500.271275655723,21.723580904881008,15.0,4.829884424989885,0,0,33.0009624386485
1793,0.6176655162647582,18529.965487942747,21.607154059852423,15.0,4.714093793984677,0,0,33.0009624386485
1794,0.6186705050279964,18560.11515083989,21.49410344614495,15.0,4.601660944898194,0,0,33.0009624386485
1795,0.619690238934656,18590.70716803968,21.384462563095333,15.0,4.492619194010192,0,0,33.0009624386485
1796,0.6207242770718504,18621.728312155512,21.27826389966345,15.0,4.387000852744748,0,0,33.0009624386485
1797,0.6217721742880404,18653.165228641214,21.175538924805217,15.0,4.284837218095812,0,0,33.0009624386485
1798,0.6228334813249433,18685.0044397483,21.076318078147658,15.0,4.186158563353182,0,0,33.0009624386485
1799,0.6239077449506563,18717.232348519687,20.980630760969063,15.0,4.090994129131974,0,0,33.0009624386485
1800,0.62499450809396,18749.835242818797,20.888505327486524,15.0,3.9993721147077905,0,0,33.0009624386485
1801,0.6260933099797582,18782.799299392747,20.799969076454296,15.0,3.9113196696609425,0,0,33.0009624386485
1802,0.6272036862656158,18816.110587968476,20.715048243074257,15.0,3.8268628858311553,0,0,33.0009624386485
1803,0.6283251691793528,18849.755075380584,20.6337679912221,15.0,3.746026789586239,0,0,33.0009624386485
1804,0.6294572876576556,18883.71862972967,20.556152405990673,15.0,3.6688353344061304,0,0,33.0009624386485
1805,0.6305995674856635,18917.987024569906,20.482224486552905,15.0,3.5953113937848755,0,0,33.0009624386485
1806,0.6317515314374885,18952.545943124656,20.41200613934682,15.0,3.5254767544528636,0,0,33.0009624386485
1807,0.6329126994176276,18987.38098252883,20.345518171584175,15.0,3.4593521099209203,0,0,33.0009624386485
1808,0.6340825886032259,19022.477658096777,20.282780285084687,15.0,3.396957054348256,0,0,33.0009624386485
1809,0.6352607135871468,19057.821407614403,20.223811070438156,15.0,3.338310076736461,0,0,33.0009624386485
1810,0.6364465865218087,19093.397595654264,20.16862800149556,15.0,3.283428555450726,0,0,33.0009624386485
1811,0.6376397172637458,19129.191517912375,20.117247430191128,15.0,3.2323287530702043,0,0,33.0009624386485
1812,0.6388396135188465,19165.188405565397,20.069684581697064,15.0,3.185025811569208,0,0,33.0009624386485
1813,0.6400457809882322,19201.373429646967,20.02595354991183,15.0,3.1415337478301475,0,0,33.0009624386485
1814,0.6412577235147277,19237.73170544183,19.986067293283966,15.0,3.101865449490169,0,0,33.0009624386485
1815,0.6424749432298842,19274.248296896527,19.95003763097212,15.0,3.0660326711221835,0,0,33.0009624386485
1816,0.6436969407015078,19310.908221045236,19.9178752393428,15.0,3.034046030751731,0,0,33.0009624386485
1817,0.6449232150816524,19347.69645244957,19.88958964880678,15.0,3.005915006710701,0,0,33.0009624386485
1818,0.6461532642550311,19384.59792765093,19.865189240995004,15.0,2.981647934828641,0,0,33.0009624386485
1819,0.6473865849878048,19421.59754963414,19.844681246274888,15.0,2.9612520059626584,0,0,33.0009624386485
1820,0.6486226730767004,19458.680192301013,19.82807174160788,15.0,2.944733263866668,0,0,33.0009624386485
1821,0.6498610234984182,19495.830704952547,19.815365648748664,15.0,2.9320966034004536,0,0,33.0009624386485
1822,0.6511011305592795,19533.033916778386,19.806566732786788,15.0,2.9233457690792304,0,0,33.0009624386485
1823,0.652342488045076,19570.27464135228,19.80167760103093,15.0,2.918483353964068,0,0,33.0009624386485
1824,0.6535845893710713,19607.53768113214,19.800699702236365,15.0,2.9175107988935043,0,0,33.0009624386485
1825,0.6548269277321135,19644.807831963404,19.8036333261756,15.0,2.9204283920565963,0,0,33.0009624386485
1826,0.6560689962528117,19682.06988758435,19.81047760355255,15.0,2.9272352689075207,0,0,33.0009624386485
1827,0.6573102881377346,19719.308644132037,19.821230506260115,15.0,2.9379294124217696,0,0,33.0009624386485
1828,0.658550296821585,19756.508904647548,19.835888847981153,15.0,2.9525076536938117,0,0,33.0009624386485
1829,0.6597885161193054,19793.655483579165,19.85444828513267,15.0,2.970965672876138,0,0,33.0009624386485
1830,0.6610244403760729,19830.733211282186,19.876903318152884,15.0,2.993298000459309,0,0,33.0009624386485
1831,0.6622575646171339,19867.726938514017,19.9032472931309,15.0,3.019498018892694,0,0,33.0009624386485
1832,0.6634873846974403,19904.62154092321,19.933472403778367,15.0,3.049557964545374,0,0,33.0009624386485
1833,0.6647133974510381,19941.401923531143,19.967569693742703,15.0,3.0834689300067284,0,0,33.0009624386485
1834,0.6659351008401664,19978.05302520499,20.005529059261008,15.0,3.121220866725806,0,0,33.0009624386485
1835,0.6671519941040219,20014.559823120657,20.04733925215405,15.0,3.1628025879890305,0,0,33.0009624386485
1836,0.6683635779071453,20050.907337214358,20.092987883159342,15.0,3.2082017722349745,0,0,33.0009624386485
1837,0.669569354487385,20087.08063462155,20.142461425602313,15.0,3.2574049667055265,0,0,33.0009624386485
1838,0.670768827803395,20123.06483410185,20.195745219404635,15.0,3.3103975914323076,0,0,33.0009624386485
1839,0.6719615036816224,20158.845110448674,20.252823475428258,15.0,3.3671639435569336,0,0,33.0009624386485
1840,0.673146889962742,20194.40669888226,20.31367928015403,15.0,3.4276872019841154,0,0,33.0009624386485
1841,0.6743244966474934,20229.734899424802,20.378294600693685,15.0,3.491949432366237,0,0,33.0009624386485
1842,0.6754938360418786,20264.815081256358,20.446650290133206,15.0,3.5599315924175143,0,0,33.0009624386485
1843,0.676654422901676,20299.632687050278,20.518726093206553,15.0,3.6316135375567224,0,0,33.0009624386485
1844,0.6778057745762288,20334.173237286865,20.59450065229781,15.0,3.70697402687655,0,0,33.0009624386485
1845,0.6789474111514654,20368.42233454396,20.673951513769705,15.0,3.785990729437538,0,0,33.0009624386485
1846,0.6800788555921072,20402.365667763217,20.757055134617342,15.0,3.868640230885445,0,0,33.0009624386485
1847,0.6811996338830256,20435.98901649077,20.84378688944434,15.0,3.9548980403892733,0,0,33.0009624386485
1848,0.682309275169702,20469.27825509106,20.93412107775987,15.0,4.044738597898415,0,0,33.0009624386485
1849,0.6834073118977525,20502.219356932575,21.028030931594433,15.0,4.138135281716836,0,0,33.0009624386485
1850,0.6844932799514746,20534.798398544237,21.125488623431565,15.0,4.235060416391417,0,0,33.0009624386485
1851,0.6855667187913742,20567.001563741225,21.226465274453815,15.0,4.335485280912902,0,0,33.0009624386485
1852,0.6866271715906338,20598.815147719015,21.330930963100325,15.0,4.439380117226664,0,0,33.0009624386485
1853,0.6876741853704801,20630.225561114403,21.43885473393292,15.0,4.54671413905041,0,0,33.0009624386485
1854,0.6887073111344111,20661.219334032332,21.55020460680915,15.0,4.657455540997034,0,0,33.0009624386485
1855,0.6897261040012438,20691.783120037315,21.664947586358544,15.0,4.771571507999148,0,0,33.0009624386485
1856,0.6907301233369418,20721.903700108254,21.783049671759883,15.0,4.889028225032873,0,0,33.0009624386485
1857,0.6917189328851849,20751.567986555547,21.904475866816483,15.0,5.009790887138111,0,0,33.0009624386485
1858,0.6926921008966411,20780.763026899232,22.02919019032612,15.0,5.133823709731754,0,0,33.0009624386485
1859,0.6936492002569035,20809.476007707104,22.157155686743117,15.0,5.261089939211569,0,0,33.0009624386485
1860,0.6945898086130532,20837.694258391595,22.288334437129272,15.0,5.391551863847236,0,0,33.0009624386485
1861,0.6955135084988116,20865.405254964346,22.4226875703897,15.0,5.525170824954808,0,0,33.0009624386485
1862,0.696419887458245,20892.59662374735,22.56017527479146,15.0,5.6619072283523995,0,0,33.0009624386485
1863,0.6973085381679841,20919.256145039522,22.700756809760517,15.0,5.801720556092673,0,0,33.0009624386485
1864,0.6981790585579221,20945.371756737663,22.844390517954082,15.0,5.94456937846923,0,0,33.0009624386485
1865,0.6990310519303577,20970.93155791073,22.99103383760447,15.0,6.090411366292977,0,0,33.0009624386485
1866,0.6998641270775448,20995.923812326342,23.140643315131353,15.0,6.239203303435518,0,0,33.0009624386485
1867,0.7006778983976152,21020.336951928457,23.29317461801759,15.0,6.390901099634563,0,0,33.0009624386485
1868,0.7014719860088416,21044.15958026525,23.448582547946366,15.0,6.545459803559314,0,0,33.0009624386485
1869,0.7022460158622046,21067.38047586614,23.606821054193965,15.0,6.7028336161300555,0,0,33.0009624386485
1870,0.7029996198522311,21089.988595566934,23.767843247275955,15.0,6.862975904089748,0,0,33.0009624386485
1871,0.7037324359260724,21111.97307778217,23.93160141284138,15.0,7.025839213822312,0,0,33.0009624386485
1872,0.7044441081907874,21133.323245723623,24.09804702581163,15.0,7.191375285414236,0,0,33.0009624386485
1873,0.7051342870188028,21154.028610564084,24.26713076475928,15.0,7.359535066954839,0,0,33.0009624386485
1874,0.7058026291515137,21174.078874545412,24.438802526523503,15.0,7.530268729071807,0,0,33.0009624386485
1875,0.7064487978009998,21193.463934029995,24.61301144105623,15.0,7.703525679696251,0,0,33.0009624386485
1876,0.7070724627498223,21212.17388249467,24.789705886496286,15.0,7.879254579054434,0,0,33.0009624386485
1877,0.7076733004488746,21230.199013466237,24.968833504466247,15.0,8.057403354881085,0,0,33.0009624386485
1878,0.7082509941132565,21247.529823397697,25.15034121558687,15.0,8.237919217849011,0,0,33.0009624386485
1879,0.7088052338161454,21264.15701448436,25.334175235206203,15.0,8.420748677212275,0,0,33.0009624386485
1880,0.709335716580633,21280.07149741899,25.520281089336777,15.0,8.605837556656287,0,0,33.0009624386485
1881,0.7098421464695052,21295.264394085156,25.7086036307974,15.0,8.793131010351406,0,0,33.0009624386485
1882,0.7103242346729334,21309.727040188,25.89908705555486,15.0,8.982573539205333,0,0,33.0009624386485
1883,0.7107816995940562,21323.45098782169,26.091674919259358,15.0,9.174109007308186,0,0,33.0009624386485
1884,0.7112142669324222,21336.428007972667,26.286310153970405,15.0,9.367680658567016,0,0,33.0009624386485
1885,0.7116216697652707,21348.650092958123,26.48293508506755,15.0,9.563231133524095,0,0,33.0009624386485
1886,0.7120036486266276,21360.109458798826,26.68149144834007,15.0,9.760702486353242,0,0,33.0009624386485
1887,0.7123599515841896,21370.79854752569,26.88192040725237,15.0,9.960036202030885,0,0,33.0009624386485
1888,0.7126903343139785,21380.710029419355,27.084162570378318,15.0,10.161173213675081,0,0,33.0009624386485
1889,0.7129945601727384,21389.836805182153,27.288158009000192,15.0,10.364053920048356,0,0,33.0009624386485
1890,0.7132724002680592,21398.172008041776,27.49384627486707,15.0,10.568618203219007,0,0,37.0009624386485
1891,0.7134117128856262,21402.351386568786,31.058785635377028,15.0,10.774805446374991,0,0,37.0009624386485
1892,0.7135233614986981,21405.700844960942,31.292995555296084,15.0,10.98255455178619,0,0,37.0009624386485
1893,0.7136071347701144,21408.21404310343,31.528896868990792,15.0,11.19180395890925,0,0,37.0009624386485
1894,0.71366282962278,21409.884888683402,31.766419673810578,15.0,11.402491662628737,0,0,37.0009624386485
1895,0.7136902512998416,21410.707538995248,32.005493586622286,15.0,11.614555231631075,0,0,37.0009624386485
1896,0.7136892134223974,21410.676402671925,32.24604776466588,15.0,11.827931826904049,0,0,37.0009624386485
1897,0.7136595380447263,21409.78614134179,32.4880109265469,15.0,12.042558220357492,0,0,37.0009624386485
1898,0.7136010557070162,21408.031671210483,32.731311373358324,15.0,12.25837081355887,0,0,37.0009624386485
1899,0.7135136054855791,21405.408164567372,32.97587700992711,15.0,12.475305656579376,0,0,37.0009624386485
1900,0.7133970350405364,21401.91105121609,33.221635366176784,15.0,12.693298466943007,0,0,37.0009624386485
1901,0.7132512006609599,21397.536019828796,33.46851361860269,15.0,12.912284648675566,0,0,37.0009624386485
1902,0.7130759673074567,21392.2790192237,33.716438611850414,15.0,13.13219931144516,0,0,37.0009624386485
1903,0.7128712086521847,21386.13625956554,33.96533688039385,15.0,13.352977289791106,0,0,37.0009624386485
1904,0.7126368071162856,21379.10421348857,34.21513467030436,15.0,13.574553162433642,0,0,37.0009624386485
1905,0.7123726539047265,21371.179617141795,34.46575796110577,15.0,13.79686127165975,0,0,37.0009624386485
1906,0.7120786490385383,21362.35947115615,34.71713248770797,15.0,14.01983574277873,0,0,37.0009624386485
1907,0.7117547013844411,21352.641041533232,34.96918376241381,15.0,14.243410503642789,0,0,37.0009624386485
1908,0.7114007286818493,21342.02186045548,35.22183709699081,15.0,14.46751930422505,0,0,37.0009624386485
1909,0.7110166575672474,21330.49972701742,35.47501762480311,15.0,14.692095736251144,0,0,37.0009624386485
1910,0.7106024235959287,21318.072707877862,35.72865032299638,15.0,14.917073252877648,0,0,37.0009624386485
1911,0.7101579712610921,21304.739137832763,35.98266003472827,15.0,15.142385188410923,0,0,37.0009624386485
1912,0.7096832540102898,21290.49762030869,36.2369714914392,15.0,15.367964778061843,0,0,37.0009624386485
1913,0.7091782342592214,21275.347027776643,36.49150933515612,15.0,15.59374517772963,0,0,37.0009624386485
1914,0.708642883402872,21259.286502086157,36.74619814082239,15.0,15.819659483808993,0,0,37.0009624386485
1915,0.7080771818239868,21242.315454719606,37.000962438648486,15.0,16.045640753015583,0,0,37.0009624386485
1916,0.7074811188988863,21224.43356696659,37.25572673647458,15.0,16.27162202222218,0,0,37.0009624386485
1917,0.7068546930006122,21205.640790018366,37.510415542140855,15.0,16.49753632830154,0,0,37.0009624386485
1918,0.7061979114994107,21185.93734498232,37.76495338585777,15.0,16.723316727969333,0,0,37.0009624386485
1919,0.7055107907605485,21165.323722816454,38.01926484256871,15.0,16.948896317620246,0,0,37.0009624386485
1920,0.7047933561394629,21143.800684183887,38.273274554300535,15.0,17.17420825315348,0,0,37.0009624386485
1921,0.7040456419742489,21121.369259227467,38.52690725249387,15.0,17.39918576978003,0,0,37.0009624386485
1922,0.703267691575484,21098.030747264518,38.78008778030616,15.0,17.623762201806123,0,0,37.0009624386485
1923,0.7024595572133939,21073.786716401817,39.03274111488315,15.0,17.847871002388388,0,0,37.0009624386485
1924,0.7016213001023645,21048.639003070934,39.28479238958901,15.0,18.07144576325244,0,0,37.0009624386485
1925,0.7007529903828019,21022.58971148406,39.5361669161912,15.0,18.29442023437142,0,0,37.0009624386485
1926,0.6998547071003491,20995.641213010473,39.78679020699261,15.0,18.516728343597535,0,0,37.0009624386485
1927,0.6989265381824622,20967.796145473865,40.03658799690312,15.0,18.738304216240067,0,0,37.0009624386485
1928,0.6979685804123564,20939.057412370694,40.28548626544656,15.0,18.95908219458601,0,0,37.0009624386485
1929,0.6969809394003268,20909.428182009804,40.53341125869428,15.0,19.178996857355607,0,0,37.0009624386485
1930,0.6959637295524534,20878.9118865736,40.780289511120195,15.0,19.397983039088167,0,0,37.0009624386485
1931,0.6949170740367006,20847.512221101017,41.02604786736986,15.0,19.615975849451793,0,0,37.0009624386485
1932,0.6938411047464192,20815.23314239258,41.27061350393865,15.0,19.832910692472304,0,0,37.0009624386485
1933,0.6927359622612651,20782.078867837954,41.51391395075007,15.0,20.04872328567368,0,0,37.0009624386485
1934,0.6916017958055405,20748.053874166213,41.75587711263109,15.0,20.263349679127124,0,0,37.0009624386485
1935,0.6904387632039767,20713.162896119302,41.99643129067469,15.0,20.476726274400104,0,0,37.0009624386485
1936,0.6892470308349672,20677.410925049015,42.2355052034864,15.0,20.688789843402432,0,0,37.0009624386485
1937,0.6880267735812657,20640.803207437973,42.47302800830619,15.0,20.899477547121926,0,0,37.0009624386485
1938,0.6867781747781654,20603.34524334496,42.70892932200089,15.0,21.108726954244982,0,0,37.0009624386485
1939,0.6855014261591713,20565.042784775138,42.943139241919944,15.0,21.316476059656182,0,0,37.0009624386485
1940,0.6841967277991872,20525.901833975615,43.17558836660961,15.0,21.52266330281217,0,0,37.0009624386485
1941,0.6828642880552281,20485.928641656843,43.406207816377474,15.0,21.727227585982817,0,0,37.0009624386485
1942,0.6815043235046797,20445.129705140393,43.63492925370331,15.0,21.930108292356095,0,0,37.0009624386485
1943,0.6801170588811222,20403.511766433665,43.86168490348917,15.0,22.131245304000295,0,0,37.0009624386485
1944,0.6787027270077362,20361.081810232085,44.086407573142175,15.0,22.330579019677934,0,0,37.0009624386485
1945,0.6772615687283127,20317.84706184938,44.30903067248539,15.0,22.52805037250708,0,0,37.0009624386485
1946,0.675793832835886,20273.81498507658,44.52948823348994,15.0,22.723600847464162,0,0,37.0009624386485
1947,0.6742997759990106,20228.993279970317,44.74771492982249,15.0,22.91717249872299,0,0,37.0009624386485
1948,0.6727796626857048,20183.389880571143,44.963646096203405,15.0,23.108707966825847,0,0,37.0009624386485
1949,0.6712337650850833,20137.012952552497,45.177217747567774,15.0,23.298150495679774,0,0,37.0009624386485
1950,0.6696623630267016,20089.87089080105,45.38836659802599,15.0,23.48544394937489,0,0,37.0009624386485
1951,0.6680657438976365,20041.972316929096,45.59703007961686,15.0,23.670532828818907,0,0,37.0009624386485
1952,0.6664442025573271,19993.32607671981,45.80314636084738,15.0,23.853362288182204,0,0,37.0009624386485
1953,0.6647980412502013,19943.94123750604,46.00665436501498,15.0,24.03387815115013,0,0,37.0009624386485
1954,0.6631275695161147,19893.82708548344,46.207493788306124,15.0,24.21202692697678,0,0,37.0009624386485
1955,0.6614331040986273,19842.99312295882,46.40560511766507,15.0,24.387755826334967,0,0,37.0009624386485
1956,0.6597149688511449,19791.449065534347,46.60092964842949,15.0,24.56101277695941,0,0,37.0009624386485
1957,0.657973494640955,19739.20483922865,46.79340950172531,15.0,24.731746439076304,0,0,37.0009624386485
1958,0.6562090192511832,19686.2705775355,46.982987641618024,15.0,24.899906220616913,0,0,37.0009624386485
1959,0.6544218872807016,19632.65661842105,47.16960789201344,15.0,25.065442292208836,0,0,37.0009624386485
1960,0.6526124500420155,19578.373501260467,47.35321495330367,15.0,25.228305601941436,0,0,37.0009624386485
1961,0.650781065457163,19523.431963714887,47.53375441875382,15.0,25.388447889901094,0,0,37.0009624386485
1962,0.6489280979516538,19467.842938549617,47.711172790624076,15.0,25.545821702471862,0,0,37.0009624386485
1963,0.647053918346484,19411.61755039452,47.88541749602177,15.0,25.70038040639662,0,0,37.0009624386485
1964,0.6451589037482515,19354.767112447546,48.056436902480115,15.0,25.852078202595663,0,0,37.0009624386485
1965,0.6432434374374129,19297.303123122387,48.22418033325822,15.0,26.000870139738204,0,0,37.0009624386485
1966,0.6413079087547084,19239.237262641254,48.3885980823572,15.0,26.146712127561955,0,0,37.0009624386485
1967,0.6393527129857922,19180.581389573767,48.54964142924971,15.0,26.289560949938508,0,0,37.0009624386485
1968,0.6373782512441003,19121.34753732301,48.7072626533164,15.0,26.429374277678814,0,0,37.0009624386485
1969,0.6353849303519923,19061.54791055977,48.861415047986775,15.0,26.566110681076378,0,0,37.0009624386485
1970,0.6333731627202013,19001.19488160604,49.01205293457952,15.0,26.699729642183982,0,0,37.0009624386485
1971,0.6313433662256273,18940.300986768816,49.159131675837706,15.0,26.83019156681959,0,0,37.0009624386485
1972,0.6292959640875113,18878.87892262534,49.30260768915619,15.0,26.95745779629946,0,0,37.0009624386485
1973,0.6272313847420267,18816.9415422608,49.44243845949564,15.0,27.08149061889305,0,0,37.0009624386485
1974,0.6251500617153242,18754.501851459725,49.57858255198112,15.0,27.202253280998292,0,0,37.0009624386485
1975,0.6230524334950682,18691.573004852045,49.710999624179706,15.0,27.319709998032017,0,0,37.0009624386485
1976,0.6209389434005043,18628.16830201513,49.839650438055195,15.0,27.433825965034153,0,0,37.0009624386485
1977,0.6188100394510936,18564.301183532807,49.96449687159483,15.0,27.544567366980758,0,0,37.0009624386485
1978,0.6166661742337549,18499.985227012647,50.085501930106055,15.0,27.651901388804525,0,0,37.0009624386485
1979,0.614507804768754,18435.23414306262,50.20262975717845,15.0,27.75579622511829,0,0,37.0009624386485
1980,0.6123353923742777,18370.06177122833,50.31584564530901,15.0,27.856221089639774,0,0,37.0009624386485
1981,0.6101494025297365,18304.482075892094,50.42511604618678,15.0,27.953146224314356,0,0,37.0009624386485
1982,0.6079503047378318,18238.509142134957,50.53040858063366,15.0,28.04654290813278,0,0,37.0009624386485
1983,0.6057385723854333,18172.157171562998,50.63169204819927,15.0,28.13638346564192,0,0,37.0009624386485
1984,0.6035146826033031,18105.44047809909,50.72893643640637,15.0,28.222641275145747,0,0,37.0009624386485
1985,0.6012791161247123,18038.37348374137,50.82211292964399,15.0,28.305290776593672,0,0,37.0009624386485
1986,0.5990323571429893,17970.97071428968,50.91119391770624,15.0,28.384307479154657,0,0,37.0009624386485
1987,0.5967748931680428,17903.246795041283,50.99615300397388,15.0,28.459667968474484,0,0,37.0009624386485
1988,0.5945072148819016,17835.21644645705,51.07696501323605,15.0,28.531349913613695,0,0,37.0009624386485
1989,0.5922298159933158,17766.894479799474,51.153605999150344,15.0,28.599332073664943,0,0,37.0009624386485
1990,0.5899431930914595,17698.295792743786,51.226053251338634,15.0,28.663594304047066,0,0,37.0009624386485
1991,0.5876478454987812,17629.435364963436,51.29428530211649,15.0,28.724117562474248,0,0,37.0009624386485
1992,0.5853442751230433,17560.3282536913,51.35828193285476,15.0,28.78088391459888,0,0,37.0009624386485
1993,0.5830329863085966,17490.989589257897,51.418024179970566,15.0,28.83387653932567,0,0,37.0009624386485
1994,0.5807144856869317,17421.43457060795,51.47349434054671,15.0,28.883079733796226,0,0,37.0009624386485
1995,0.5783892820265536,17351.678460796607,51.52467597757752,15.0,28.928478918042167,0,0,37.0009624386485
1996,0.5760578860822219,17281.736582466656,51.57155392483935,15.0,28.970060639305395,0,0,37.0009624386485
1997,0.5737208104436036,17211.624313308108,51.61411429138467,15.0,29.00781257602447,0,0,37.0009624386485
1998,0.571378569383382,17141.35708150146,51.65234446565841,15.0,29.041723541485823,0,0,37.0009624386485
1999,0.5690316787048664,17070.95036114599,51.68623311923479,15.0,29.071783487138504,0,0,37.0009624386485
2000,0.5666806555891478,17000.419667674436,51.71577021017444,15.0,29.097983505571893,0,0,37.0009624386485
2001,0.5643260184418482,16929.780553255445,51.74094698599983,15.0,29.120315833155068,0,0,37.0009624386485
2002,0.5619682867395045,16859.048602185136,51.761755986288904,15.0,29.13877385233739,0,0,37.0009624386485
2003,0.5596079808756375,16788.239426269123,51.7781910448858,15.0,29.153352093609435,0,0,37.0009624386485
2004,0.5572456220065473,16717.36866019642,51.79024729172795,15.0,29.164046237123678,0,0,37.0009624386485
2005,0.554881731896884,16646.45195690652,51.797921154289234,15.0,29.17085311397461,0,0,37.0009624386485
2006,0.5525168327650372,16575.504982951115,51.80121035863854,15.0,29.173770707137702,0,0,37.0009624386485
2007,0.5501514471283917,16504.543413851752,51.80011393011365,15.0,29.172798152067138,0,0,37.0009624386485
2008,0.5477860976484942,16433.582929454824,51.79463219361,15.0,29.167935736951975,0,0,37.0009624386485
2009,0.5454213069761767,16362.639209285304,51.7847667734844,15.0,29.159184902630752,0,0,37.0009624386485
2010,0.5430575975966856,16291.727927900567,51.77052059307376,15.0,29.146548242164542,0,0,37.0009624386485
2011,0.5406954916748559,16220.864750245677,51.751897873828796,15.0,29.13002950006855,0,0,37.0009624386485
2012,0.538335510900384,16150.065327011522,51.72890413406312,15.0,29.109633571202565,0,0,37.0009624386485
2013,0.5359781763332393,16079.345289997178,51.701546187318094,15.0,29.085366499320507,0,0,37.0009624386485
2014,0.5336240082492625,16008.720247477875,51.669832140343736,15.0,29.057235475279477,0,0,37.0009624386485
2015,0.5312735259859974,15938.205779579921,51.63377139069664,15.0,29.02524883490903,0,0,37.0009624386485
2016,0.5289272477887992,15867.817433663975,51.59337462395517,15.0,28.98941605654104,0,0,37.0009624386485
2017,0.5265856906572679,15797.570719718036,51.54865381055315,15.0,28.949747758201056,0,0,37.0009624386485
2018,0.5242493701920498,15727.481105761492,51.49962220223273,15.0,28.906255694461993,0,0,37.0009624386485
2019,0.5219188004420537,15657.564013261612,51.44629432811767,15.0,28.858952752961,0,0,37.0009624386485
2020,0.5195944937521277,15587.834812563833,51.388685990407936,15.0,28.807852950580475,0,0,37.0009624386485
2021,0.51727696061124,15518.3088183372,51.32681425969734,15.0,28.752971429294742,0,0,37.0009624386485
2022,0.5149667095012097,15449.001285036291,51.26069746991499,15.0,28.69432445168297,0,0,37.0009624386485
2023,0.5126642467460333,15379.927402381,51.190355212892534,15.0,28.63192939611031,0,0,37.0009624386485
2024,0.5103700763618496,15311.10229085549,51.11580833255893,15.0,28.565804751578366,0,0,37.0009624386485
2025,0.5080846999075891,15242.540997227672,51.0370789187636,15.0,28.495970112246354,0,0,37.0009624386485
2026,0.5058086163363507,15174.258490090519,50.954190300731014,15.0,28.422446171625083,0,0,37.0009624386485
2027,0.5035423218475515,15106.269655426548,50.867167040147606,15.0,28.345254716444977,0,0,37.0009624386485
2028,0.5012863097398929,15038.589292196786,50.776034923883536,15.0,28.26441862020006,0,0,37.0009624386485
2029,0.4990410702651839,14971.232107955517,50.680820956351674,15.0,28.179961836370275,0,0,37.0009624386485
2030,0.4968070904830705,14904.212714492114,50.581553351505534,15.0,28.09190939132343,0,0,37.0009624386485
2031,0.49458485411670855,14837.545623501257,50.478261524478704,15.0,28.000287376899244,0,0,37.0009624386485
2032,0.4923748414094265,14771.245242282796,50.370976082868815,15.0,27.905122942678,0,0,37.0009624386485
2033,0.4901775289824186,14705.32586947256,50.25972881766766,15.0,27.806444287935406,0,0,37.0009624386485
2034,0.48799338969351225,14639.801690805367,50.14455269384074,15.0,27.704280653286446,0,0,37.0009624386485
2035,0.48582289249704935,14574.68677491148,50.025481840559344,15.0,27.598662312021027,0,0,37.0009624386485
2036,0.4836665023049257,14509.995069147772,49.902551541086964,15.0,27.48962056113301,0,0,37.0009624386485
2037,0.4815246798488272,14445.740395464816,49.77579822232449,15.0,27.37718771204657,0,0,37.0009624386485
2038,0.4793978815437051,14381.936446311152,49.64525944401572,15.0,27.26139708104131,0,0,37.0009624386485
2039,0.47728655935253045,14318.596780575914,49.510973887618036,15.0,27.142282979380262,0,0,37.0009624386485
2040,0.4751911606523679,14255.734819571036,49.37298134483979,15.0,27.01988070314234,0,0,37.0009624386485
2041,0.47311212810180786,14193.363843054236,49.231322705849685,15.0,26.894226522763752,0,0,37.0009624386485
2042,0.4710498995097975,14131.496985293925,49.08603994715955,15.0,26.76535767228988,0,0,37.0009624386485
2043,0.4690049077059084,14070.147231177252,48.937176119186304,15.0,26.633312338342378,0,0,37.0009624386485
2044,0.4669775804120798,14009.327412362394,48.78477533349499,15.0,26.49812964880354,0,0,37.0009624386485
2045,0.4649683401158754,13949.050203476261,48.62888274972737,15.0,26.359849661221638,0,0,37.0009624386485
2046,0.4629776039452911,13889.328118358733,48.46954456222055,15.0,26.21851335094143,0,0,37.0009624386485
2047,0.4610057835451511,13830.173506354533,48.306807986318184,15.0,26.074162598961824,0,0,37.0009624386485
2048,0.4590532849551286,13771.598548653858,48.14072124437991,15.0,25.92684017952604,0,0,37.0009624386485
2049,0.4571205084894273,13713.61525468282,47.97133355149189,15.0,25.776589747446494,0,0,37.0009624386485
2050,0.45520784861816016,13656.235458544805,47.79869510088305,15.0,25.623455825168755,0,0,37.0009624386485
2051,0.45331569385045867,13599.47081551376,47.62285704905224,15.0,25.467483789578957,0,0,37.0009624386485
2052,0.4514444266193498,13543.332798580494,47.44387150060918,15.0,25.30871985855746,0,0,37.0009624386485
2053,0.44959442316843257,13487.832695052977,47.261791492834625,15.0,25.147211077283377,0,0,37.0009624386485
2054,0.4477660534403891,13432.981603211674,47.07667097996441,15.0,24.983005304294167,0,0,37.0009624386485
2055,0.44595968096736255,13378.790429020877,46.88856481720189,15.0,24.816151197304357,0,0,37.0009624386485
2056,0.44417566276323456,13325.269882897037,46.69752874446259,15.0,24.646698198786723,0,0,37.0009624386485
2057,0.44241434921783446,13272.430476535033,46.50361936985791,15.0,24.474696521321953,0,0,37.0009624386485
2058,0.44067608399311126,13220.282519793338,46.30689415292029,15.0,24.300197132719042,0,0,37.0009624386485
2059,0.4389612039212991,13168.836117638974,46.10741138757729,15.0,24.1232517409129,0,0,37.0009624386485
2060,0.43727003890510663,13118.1011671532,45.90523018487753,15.0,23.943912778642,0,0,37.0009624386485
2061,0.43560291181995975,13068.087354598792,45.70041045547465,15.0,23.76223338791116,0,0,37.0009624386485
2062,0.4339601384183265,13018.804152549794,45.49301289187492,15.0,23.57826740424489,0,0,37.0009624386485
2063,0.4323420272361529,12970.260817084587,45.28309895045251,15.0,23.392069340734544,0,0,37.0009624386485
2064,0.4307488795014373,12922.466385043119,45.07073083323844,15.0,23.20369437188466,0,0,37.0009624386485
2065,0.4291809890449696,12875.429671349088,44.85597146948918,15.0,23.013198317264056,0,0,37.0009624386485
2066,0.42763864221326314,12829.159266397894,44.6388844970392,15.0,22.820637624965038,0,0,37.0009624386485
2067,0.4261221177837039,12783.663533511117,44.41953424344335,15.0,22.62606935487638,0,0,37.0009624386485
2068,0.4246316868819429,12738.950606458287,44.19798570691595,15.0,22.429551161775777,0,0,37.0009624386485
2069,0.4231676129015557,12695.02838704667,43.97430453706959,15.0,22.231141278244916,0,0,37.0009624386485
2070,0.4217301514259931,12651.904542779794,43.7485570154625,15.0,22.030898497414476,0,0,37.0009624386485
2071,0.4203195501528466,12609.586504585399,43.5208100359572,15.0,21.828882155541848,0,0,37.0009624386485
2072,0.41893604882044994,12568.081464613499,43.29113108489908,15.0,21.625152114429156,0,0,37.0009624386485
2073,0.41757987913683947,12527.396374105185,43.05958822111801,15.0,21.419768743684283,0,0,37.0009624386485
2074,0.41625126471109425,12487.537941332828,42.826250055761854,15.0,21.21279290283268,0,0,37.0009624386485
2075,0.41495042098707574,12448.512629612273,42.591185731964636,15.0,21.00428592328272,0,0,37.0009624386485
2076,0.41367755517958704,12410.326655387611,42.35446490435871,15.0,20.79430959015248,0,0,37.0009624386485
2077,0.4124328662129708,12372.985986389125,42.11615771843424,15.0,20.58292612396122,0,0,37.0009624386485
2078,0.41121654466216373,12336.496339864912,41.876334789753315,15.0,20.37019816219182,0,0,37.0009624386485
2079,0.4100287726962249,12300.863180886747,41.63506718302571,15.0,20.156188740730578,0,0,37.0009624386485
2080,0.4088697240243552,12266.091720730656,41.39242639105009,15.0,19.940961275187597,0,0,37.0009624386485
2081,0.4077395638444237,12232.186915332712,41.14848431352979,15.0,19.724579542105992,0,0,37.0009624386485
2082,0.4066384487940158,12199.153463820474,40.90331323576723,15.0,19.507107660063273,0,0,37.0009624386485
2083,0.4055665269040181,12166.995807120544,40.65698580724375,15.0,19.288610070671325,0,0,37.0009624386485
2084,0.4045239375547539,12135.718126642618,40.4095750200927,15.0,19.069151519481544,0,0,37.0009624386485
2085,0.4035108114346815,12105.324343040444,40.16115418747,15.0,18.84879703679905,0,0,37.0009624386485
2086,0.40252727050166837,12075.818115050051,39.91179692182959,15.0,18.6276119184126,0,0,37.0009624386485
2087,0.401573427946853,12047.20283840559,39.661577113110766,15.0,18.40566170624625,0,0,37.0009624386485
2088,0.39922842922349905,11976.852876704972,39.410568906843224,15.0,18.183012168938127,1,0,37.0009624386485
2089,0.3968898959711909,11906.696879135727,39.46098489958999,15.0,17.95972928235112,2,0,37.0009624386485
2090,0.39453767887690866,11836.13036630726,40.11651718821648,15.0,17.735879210023548,3,0,37.0009624386485
2091,0.3921720337254834,11765.161011764503,40.764940233363994,15.0,17.51152828356274,4,0,37.0009624386485
2092,0.3897932192454603,11693.796577363808,41.40609295256366,15.0,17.28674298299019,5,0,37.0009624386485
2093,0.3874014968274362,11622.044904823086,42.03982256755657,15.0,17.061589917041807,6,0,37.0009624386485
2094,0.38499713023486226,11549.913907045868,42.66598485197825,15.0,16.836135803430054,7,0,37.0009624386485
2095,0.3825803853075828,11477.411559227485,43.284444370886625,15.0,16.610447449074584,8,0,37.0009624386485
2096,0.380151529658398,11404.54588975194,43.895074711737195,15.0,16.384591730305637,9,0,37.0009624386485
2097,0.3777108323629479,11331.324970888436,44.49775870642808,15.0,16.158635573046862,10,0,37.0009624386485
2098,0.3752585636432289,11257.756909296868,45.092388644056115,15.0,15.932645932984283,11,0,37.0009624386485
2099,0.37279499454506354,11183.849836351907,45.67886647404025,15.0,15.706689775725604,12,0,37.0009624386485
2100,0.3703203966098553,11109.611898295658,46.257103999292084,15.0,15.480834056956564,13,0,37.0009624386485
2101,0.3678350415409706,11035.051246229117,46.82702305913417,15.0,15.255145702601185,14,0,37.0009624386485
2102,0.365339200865099,10960.176025952971,47.388555701683856,15.0,15.029691588989433,15,0,37.0009624386485
2103,0.3628331455889503,10884.994367668509,47.94164434545078,15.0,14.80453852304105,16,0,37.0009624386485
2104,0.3603171458516544,10809.514375549632,48.48624192991057,15.0,14.57975322246859,17,0,37.0009624386485
2105,0.3577914705732399,10733.744117197197,49.02231205485015,15.0,14.355402296007783,18,0,37.0009624386485
2106,0.3552563870995676,10657.691612987028,49.54982910829847,15.0,14.13155222368012,19,0,37.0009624386485
2107,0.3527121608441058,10581.364825323173,50.068778382884446,15.0,13.908269337093206,20,0,37.0009624386485
2108,0.35015905492693467,10504.77164780804,50.57915618048942,15.0,13.68561979978499,21,0,37.0009624386485
2109,0.3475973298113721,10427.919894341163,51.08096990508969,15.0,13.463669587618641,22,0,37.0009624386485
2110,0.34502724293861503,10350.81728815845,51.574238143706985,15.0,13.242484469232192,23,0,37.0009624386485
2111,0.342449048360793,10273.47145082379,52.058990735415634,15.0,13.022129986549603,24,0,37.0009624386485
2112,0.33986299637282946,10195.889891184885,52.53526882838272,15.0,12.802671435359915,25,0,37.0009624386485
2113,0.3372693331435077,10118.079994305232,53.0031249249397,15.0,12.584173845967971,26,0,37.0009624386485
2114,0.3346683003461365,10040.049010384095,53.462622914719624,15.0,12.366701963925156,27,0,37.0009624386485
2115,0.33206013478920776,9961.804043676233,53.91383809591301,15.0,12.150320230843642,28,0,37.0009624386485
2116,0.32944506804743734,9883.35204142312,54.35685718472821,15.0,11.93509276530066,29,0,37.0009624386485
2117,0.32682332609357373,9804.699782807213,54.79177831316942,15.0,11.721083343839418,30,0,37.0009624386485
2118,0.3241951289313566,9725.853867940697,55.21871101526621,15.0,11.508355382070018,31,0,37.0009624386485
2119,0.3215606902300004,9646.820706900011,55.63777620192478,15.0,11.296971915878757,32,0,37.0009624386485
2120,0.3189202169605723,9567.606508817169,56.04910612458623,15.0,11.086995582748518,33,0,37.0009624386485
2121,0.3162739090346259,9488.217271038777,56.452844327913596,15.0,10.878488603198644,34,0,37.0009624386485
2122,0.3136219589454433,9408.658768363299,56.84914559174379,15.0,10.671512762346953,35,0,37.0009624386485
2123,0.3109645514122309,9328.936542366926,57.23817586257591,15.0,10.466129391602161,36,0,37.0009624386485
2124,0.3083018630276021,9249.055890828064,57.62011217487984,15.0,10.26239935048939,37,0,37.0009624386485
2125,0.30563406190867226,9169.021857260168,57.99514256254298,15.0,10.06038300861676,38,0,37.0009624386485
2126,0.30296130735207616,9088.839220562284,58.36346596078544,15.0,9.860140227786319,39,0,37.0009624386485
2127,0.3002837494932101,9008.512484796302,58.72529209890139,15.0,9.661730344255457,40,0,37.0009624386485
2128,0.2976015289699857,8928.045869099571,59.08084138420421,15.0,9.46521215115478,41,0,37.0009624386485
2129,0.29491477659136944,8847.443297741083,59.43034477756759,15.0,9.270643881066196,42,0,37.0009624386485
2130,0.29222361301096794,8766.708390329039,59.774043660977945,15.0,9.078083188767096,43,0,37.0009624386485
2131,0.28952814840590585,8685.844452177176,60.11218969753081,15.0,8.887587134146495,44,0,37.0009624386485
2132,0.2868284821612257,8604.854464836772,60.44504468431444,15.0,8.699212165296691,45,0,37.0009624386485
2133,0.2841247025600255,8523.741076800765,60.77288039864441,15.0,8.513014101786265,46,0,37.0009624386485
2134,0.2814168864795326,8442.506594385979,61.09597843812637,15.0,8.329048118120072,47,0,37.0009624386485
2135,0.27870509909329744,8361.152972798924,61.41463005503047,15.0,8.147368727389233,48,0,37.0009624386485
2136,0.2759893935796714,8279.681807390141,61.7291359854821,15.0,7.968029765118332,49,0,37.0009624386485
2137,0.2732698108367186,8198.094325101558,62.03980627397285,15.0,7.791084373312265,50,0,37.0009624386485
2138,0.2705463792036926,8116.391376110778,62.34696009371396,15.0,7.61658498470935,51,0,37.0009624386485
2139,0.26781911418919097,8034.573425675729,62.650925563355585,15.0,7.444583307244507,52,0,37.0009624386485
2140,0.26508801820608374,7952.640546182512,62.9520395606032,15.0,7.275130308726938,53,0,37.0009624386485
2141,0.26235308031329335,7870.592409398801,63.250647533267724,15.0,7.108276201737063,54,0,37.0009624386485
2142,0.2596142759644855,7788.428278934564,63.54710330829161,15.0,6.944070428747854,55,0,37.0009624386485
2143,0.2568715667637114,7706.1470029113425,63.84176889928949,15.0,6.782561647473769,56,0,37.0009624386485
2144,0.2541249002280257,7623.747006840771,64.13501431314924,15.0,6.623797716452211,57,0,37.0009624386485
2145,0.2513742095570829,7541.226286712486,64.42721735623756,15.0,6.467825680862477,58,0,37.0009624386485
2146,0.24861941340970017,7458.582402291006,64.71876344074849,15.0,6.314691758584736,59,0,37.0009624386485
2147,0.24586041568735437,7375.812470620631,65.01004539173883,15.0,6.164441326505125,60,0,37.0009624386485
2148,0.24309710532456283,7292.913159736885,65.30146325538203,15.0,6.017118907069399,61,0,37.0009624386485
2149,0.24032935608608144,7209.880682582443,65.593424108973,15.0,5.872768155089798,62,0,37.0009624386485
2150,0.23756033322173503,7126.809996652051,65.88634187320999,15.0,5.6322263177793275,63,0,37.0009624386485
2151,0.23482500150752772,7044.750045225832,66.17980323373082,15.0,4.3419167260938,64,0,37.0009624386485
2152,0.23212294714989867,6963.68841449696,66.46544714146208,15.0,3.071553401247911,65,0,37.0009624386485
2153,0.22945376118646477,6883.612835593943,66.74393824237482,15.0,1.8203227315887034,66,0,37.0009624386485
2154,0.22681703943090112,6804.511182927034,67.01593250631484,15.0,0.5874215208124696,67,0,37.0009624386485
2155,0.2242123824185223,6726.371472555668,66.6541341951244,15.0,0.0,68,0,37.0009624386485
2156,0.22163939535255428,6649.181860576628,65.71645767066804,15.0,0.0,69,0,37.0009624386485
2157,0.21909768805108887,6572.930641532666,64.79018232691955,15.0,0.0,70,0,37.0009624386485
2158,0.21658687489471057,6497.606246841317,63.875167698392005,15.0,0.0,71,0,37.0009624386485
2159,0.2141065747747877,6423.197243243631,62.971274962095805,15.0,0.0,72,0,37.0009624386485
2160,0.21165641104241845,6349.692331272553,62.07836691892358,15.0,0.0,73,0,41.0009624386485
2161,0.20923601145802317,6277.080343740695,61.196307975270635,15.0,0.0,74,0,41.0009624386485
2162,0.20684500814157455,6205.350244247236,60.32496412488833,15.0,0.0,75,0,41.0009624386485
2163,0.20448303752345662,6134.491125703698,59.464202930966835,15.0,0.0,76,0,41.0009624386485
2164,0.20214974029594426,6064.492208878328,58.61389350844437,15.0,0.0,77,0,41.0009624386485
2165,0.1998447613652951,5995.342840958853,57.77390650653993,15.0,0.0,78,0,41.0009624386485
2166,0.197567749804445,5927.03249413335,56.944114091506236,15.0,0.0,79,0,41.0009624386485
2167,0.19531835880629939,5859.550764188982,56.1243899296002,15.0,0.0,80,0,41.0009624386485
2168,0.193096245637612,5792.88736912836,55.314609170267794,15.0,0.0,81,0,41.0009624386485
2169,0.19090107159344313,5727.032147803294,54.514648429540316,15.0,0.0,82,0,41.0009624386485
2170,0.18873250195218944,5661.975058565683,53.724385773639526,15.0,0.0,83,0,41.0009624386485
2171,0.18659020593117742,5597.706177935323,52.94370070278819,15.0,0.0,84,0,41.0009624386485
2172,0.18447385664281277,5534.215699284383,52.172474135223865,15.0,0.0,85,0,41.0009624386485
2173,0.18238313105127796,5471.493931538339,51.41058839141261,15.0,0.0,86,0,41.0009624386485
2174,0.18031770992977061,5409.531297893119,50.65792717846007,15.0,0.0,87,0,41.0009624386485
2175,0.17827727781827474,5348.318334548242,49.914375574717425,15.0,0.0,88,0,41.0009624386485
2176,0.17626152298185774,5287.845689455732,49.1798200145789,15.0,0.0,89,0,41.0009624386485
2177,0.17427013736948593,5228.104121084578,48.45414827346879,15.0,0.0,90,0,41.0009624386485
2178,0.17230281657335098,5169.084497200529,47.73724945301493,15.0,0.0,91,0,41.0009624386485
2179,0.17035925978870015,5110.777793661005,47.029013966406346,15.0,0.0,92,0,41.0009624386485
2180,0.1684391697741637,5053.1750932249115,46.329333523932064,15.0,0.0,93,0,41.0009624386485
2181,0.16654225281257176,4996.267584377153,45.63810111869895,15.0,0.0,94,0,41.0009624386485
2182,0.16466821867225398,4940.04656016762,44.95521101252583,15.0,0.0,95,0,41.0009624386485
2183,0.16281678056881554,4884.503417064467,44.280558722011435,15.0,0.0,96,0,41.0009624386485
2184,0.1609876551273822,4829.629653821466,43.614041004773604,15.0,0.0,97,0,41.0009624386485
2185,0.1591805623453075,4775.416870359225,42.95555584585759,15.0,0.0,98,0,41.0009624386485
2186,0.1573952255553366,4721.856766660098,42.3050024443107,15.0,0.0,99,0,41.0009624386485
2187,0.15563137138921876,4668.941141676562,41.66228119992118,15.0,0.0,100,0,41.0009624386485
2188,0.15388872974176293,4616.661892252888,41.02729370011875,15.0,0.0,101,0,41.0009624386485
2189,0.1521670337353301,4565.011012059903,40.399942707034654,15.0,0.0,102,0,41.0009624386485
2190,0.15046601968475531,4513.980590542659,39.78013214471883,15.0,0.0,103,0,41.0009624386485
2191,0.1487854270626939,4463.562811880817,39.16776708651191,15.0,0.0,104,0,41.0009624386485
2192,0.14712499846538551,4413.749953961566,38.56275374256981,15.0,0.0,105,0,41.0009624386485
2193,0.14548447957882954,4364.534387364886,37.96499944753879,15.0,0.0,106,0,41.0009624386485
2194,0.14386361914536627,4315.9085743609885,37.37441264837864,15.0,0.0,107,0,41.0009624386485
2195,0.14226216893065793,4267.865067919738,36.79090289233187,15.0,0.0,108,0,41.0009624386485
2196,0.14067988369106313,4220.396510731894,36.214380815036854,15.0,0.0,109,0,41.0009624386485
2197,0.13911652114139955,4173.495634241986,35.644758128782726,15.0,0.0,110,0,41.0009624386485
2198,0.1375718419230889,4127.155257692667,35.08194761090384,15.0,0.0,111,0,41.0009624386485
2199,0.13604560957267822,4081.3682871803467,34.52586309231201,15.0,0.0,112,0,41.0009624386485
2200,0.13453759049073244,4036.127714721973,33.97641944616416,15.0,0.0,113,0,41.0009624386485
2201,0.13304755391109213,3991.426617332764,33.43353257666368,15.0,0.0,114,0,41.0009624386485
2202,0.13157527187049153,3947.258156114746,32.89711940799317,15.0,0.0,115,0,41.0009624386485
2203,0.13012051917853085,3903.6155753559256,32.36709787337695,15.0,0.0,116,0,41.0009624386485
2204,0.12868307338799817,3860.492201639945,31.843386904271107,15.0,0.0,117,0,41.0009624386485
2205,0.12726271476553508,3817.881442966052,31.32590641967934,15.0,0.0,118,0,41.0009624386485
2206,0.12585922626264132,3775.7767878792397,30.814577315592622,15.0,0.0,119,0,41.0009624386485
2207,0.12447239348701312,3734.171804610394,30.309321454550876,15.0,0.0,120,0,41.0009624386485
2208,0.1231020046742101,3693.0601402263032,29.810061655324724,15.0,0.0,121,0,41.0009624386485
2209,0.12174785065964586,3652.4355197893756,29.316721682715635,15.0,0.0,122,0,41.0009624386485
2210,0.12040972485089728,3612.2917455269185,28.82922623747251,15.0,0.0,123,0,41.0009624386485
2211,0.11908742320032778,3572.6226960098334,28.347500946323024,15.0,0.0,124,0,41.0009624386485
2212,0.1177807441780195,3533.422325340585,27.871472352118005,15.0,0.0,125,0,41.0009624386485
2213,0.11648948874500983,3494.684662350295,27.40106790408702,15.0,0.0,126,0,41.0009624386485
2214,0.11521346032682778,3456.403809804833,26.93621594820355,15.0,0.0,127,0,41.0009624386485
2215,0.11395246478732499,3418.5739436197496,26.476845717658,15.0,0.0,128,0,41.0009624386485
2216,0.11270631040279767,3381.1893120839304,26.022887323436997,15.0,0.0,129,0,41.0009624386485
2217,0.1114748078363943,3344.244235091829,25.574271745007167,15.0,0.0,130,0,41.0009624386485
2218,0.11025777011280485,3307.7331033841456,25.13093082110195,15.0,0.0,131,0,41.0009624386485
2219,0.10905501259322743,3271.650377796823,24.69279724060975,15.0,0.0,132,0,41.0009624386485
2220,0.10786635295060759,3235.990588518228,24.259804533561873,15.0,0.0,133,0,41.0009624386485
2221,0.10669161114514653,3200.748334354396,23.831887062218733,15.0,0.0,134,0,41.0009624386485
2222,0.1055306094000735,3165.918282002205,23.408980012252748,15.0,0.0,135,0,41.0009624386485
2223,0.10438317217767887,3131.495165330366,22.991019384026465,15.0,0.0,136,0,41.0009624386485
2224,0.1032491261556031,3097.473784668093,22.577941983964397,15.0,0.0,137,0,41.0009624386485
2225,0.1021283002033783,3063.849006101349,22.169685416017117,15.0,0.0,138,0,41.0009624386485
2226,0.10102052535921792,3030.6157607765376,21.766188073216192,15.0,0.0,139,0,41.0009624386485
2227,0.0999256348070509,2997.7690442115268,21.367389129318457,15.0,0.0,140,0,41.0009624386485
2228,0.09884346385379633,2965.30391561389,20.97322853053832,15.0,0.0,141,0,41.0009624386485
2229,0.09777384990687504,2933.2154972062513,20.583646987366677,15.0,0.0,142,0,41.0009624386485
2230,0.09671663245195415,2901.4989735586246,20.198585966475015,15.0,0.0,143,0,41.0009624386485
2231,0.095671653030921,2870.14959092763,19.817987682703496,15.0,0.0,144,0,41.0009624386485
2232,0.09463875522008289,2839.1626566024865,19.44179509113156,15.0,0.0,145,0,41.0009624386485
2233,0.09361778460858906,2808.533538257672,19.06995187922984,15.0,0.0,146,0,41.0009624386485
2234,0.09260858877707136,2778.2576633121407,18.702402459092063,15.0,0.0,147,0,41.0009624386485
2235,0.09161101727650012,2748.3305182950035,18.33909195974569,15.0,0.0,148,0,41.0009624386485
2236,0.09062492160725195,2718.7476482175584,17.97996621954004,15.0,0.0,149,0,41.0009624386485
2237,0.08965015519838605,2689.5046559515818,17.6249717786107,15.0,0.0,150,0,41.0009624386485
2238,0.08868657338712573,2660.5972016137716,17.27405587141898,15.0,0.0,151,0,41.0009624386485
2239,0.08773403339854176,2632.021001956253,16.92716641936526,15.0,0.0,152,0,41.0009624386485
2240,0.08679239432543481,2603.7718297630445,16.584252023475035,15.0,0.0,153,0,41.0009624386485
2241,0.08586151710841332,2575.8455132523995,16.245261957156533,15.0,0.0,154,0,41.0009624386485
2242,0.08494126451616388,2548.2379354849163,15.910146159028795,15.0,0.0,155,0,41.0009624386485
2243,0.0840315011259114,2520.945033777342,15.578855225818996,15.0,0.0,156,0,41.0009624386485
2244,0.08313209330406561,2493.962799121968,15.251340405328103,15.0,0.0,157,0,41.0009624386485
2245,0.0822429091870512,2467.2872756115357,14.927553589463617,15.0,0.0,158,0,41.0009624386485
2246,0.08136381866231876,2440.9145598695627,14.607447307338429,15.0,0.0,159,0,41.0009624386485
2247,0.08049469334953362,2414.8408004860084,14.290974718434754,15.0,0.0,160,0,41.0009624386485
2248,0.07963540658193964,2389.062197458189,13.978089605832103,15.0,0.0,161,0,41.0009624386485
2249,0.07878583338789555,2363.5750016368665,13.668746369498269,15.0,0.0,162,0,41.0009624386485
2250,0.07794585047258087,2338.3755141774263,13.3629000196424,15.0,0.0,163,0,41.0009624386485
2251,0.07711533619986892,2313.4600859960674,13.060506170129118,15.0,0.0,164,0,41.0009624386485
2252,0.07629417057436406,2288.825117230922,12.76152103195281,15.0,0.0,165,0,41.0009624386485
2253,0.07548223522360122,2264.4670567080366,12.465901406771062,15.0,0.0,166,0,41.0009624386485
2254,0.07467941338040443,2240.382401412133,12.173604680496439,15.0,0.0,167,0,41.0009624386485
2255,0.07388558986540243,2216.567695962073,11.884588816945596,15.0,0.0,168,0,41.0009624386485
2256,0.07310065106969887,2193.019532090966,11.598812351544874,15.0,0.0,169,0,41.0009624386485
2257,0.07232448493769454,2169.734548130836,11.316234385091594,15.0,0.0,170,0,41.0009624386485
2258,0.07155698095005952,2146.7094285017856,11.036814577570034,15.0,0.0,171,0,41.0009624386485
2259,0.07079803010685282,2123.9409032055846,10.760513142021429,15.0,0.0,172,0,41.0009624386485
2260,0.07004752491078742,2101.4257473236225,10.487290838467015,15.0,0.0,173,0,41.0009624386485
2261,0.06930535935063838,2079.160780519151,10.217108967883473,15.0,0.0,174,0,41.0009624386485
2262,0.068571428884792,2057.1428665437597,9.949929366229815,15.0,0.0,175,0,41.0009624386485
2263,0.06784563042493384,2035.3689127480154,9.685714398525118,15.0,0.0,176,0,41.0009624386485
2264,0.06712786231987364,2013.835869596209,9.424426952976187,15.0,0.0,177,0,41.0009624386485
2265,0.06641802433950489,1992.5407301851465,9.166030435154507,15.0,0.0,178,0,41.0009624386485
2266,0.06571601765889745,1971.4805297669236,8.910488762221759,15.0,0.0,179,0,41.0009624386485
2267,0.06502174484252102,1950.6523452756305,8.657766357203084,15.0,0.0,180,0,41.0009624386485
2268,0.06433510982859747,1930.0532948579241,8.407828143307565,15.0,0.0,181,0,41.0009624386485
2269,0.06365601791358058,1909.6805374074174,8.16063953829509,15.0,0.0,182,0,41.0009624386485
2270,0.06298437573676094,1889.531272102828,7.916166448889008,15.0,0.0,183,0,41.0009624386485
2271,0.06232009126499454,1869.6027379498362,7.674375265233937,15.0,0.0,184,0,41.0009624386485
2272,0.061663073777553166,1849.892213326595,7.435232855398034,15.0,0.0,185,0,41.0009624386485
2273,0.06101323385109497,1830.397015532849,7.198706559919143,15.0,0.0,186,0,41.0009624386485
2274,0.06037048334475349,1811.1145003426047,6.964764186394189,15.0,0.0,187,0,41.0009624386485
2275,0.059734735385343636,1792.042061560309,6.7333740041112575,15.0,0.0,188,0,41.0009624386485
2276,0.05910590435268292,1773.1771305804875,6.504504738723711,15.0,0.0,189,0,41.0009624386485
2277,0.05848390586502644,1754.5171759507932,6.278125566965851,15.0,0.0,190,0,41.0009624386485
2278,0.05786865676461418,1736.0597029384255,6.0542061114095205,15.0,0.0,191,0,41.0009624386485
2279,0.057260075103329054,1717.8022530998717,5.832716435261105,15.0,0.0,192,0,41.0009624386485
2280,0.056658080128464294,1699.7424038539289,5.613627037198462,15.0,0.0,193,0,41.0009624386485
2281,0.05606259226859885,1681.8777680579656,5.396908846247147,15.0,0.0,194,0,41.0009624386485
2282,0.05547353311957936,1664.2059935873808,5.182533216695589,15.0,0.0,195,0,41.0009624386485
2283,0.05489082543060738,1646.7247629182214,4.970471923048571,15.0,0.0,196,0,41.0009624386485
2284,0.054314393090430624,1629.4317927129187,4.760697155018658,15.0,0.0,197,0,41.0009624386485
2285,0.05374416111363693,1612.324833409108,4.553181512555025,15.0,0.0,198,0,41.0009624386485
2286,0.053180055627049715,1595.4016688114914,4.347898000909296,15.0,0.0,199,0,41.0009624386485
2287,0.05262200385622372,1578.6601156867116,4.144820025737896,15.0,0.0,200,0,41.0009624386485
2288,0.05206993411203998,1562.0980233611995,3.9439213882405397,15.0,0.0,201,0,41.0009624386485
2289,0.051523775777398764,1545.713273321963,3.745176280334394,15.0,0.0,202,0,41.0009624386485
2290,0.05098345929400946,1529.5037788202837,3.5485592798635572,15.0,0.0,203,0,41.0009624386485
2291,0.05044891614927635,1513.4674844782905,3.354045345843407,15.0,0.0,204,0,41.0009624386485
2292,0.04992007886327926,1497.602365898378,3.1616098137394886,15.0,0.0,205,0,41.0009624386485
