tick,basin_frac,basin_level_ml,dc_total_draw_ml,community_received_ml,farm_total_received_ml,community_complaints,active_cap,total_dc_capacity_ml
0,0.8017155107106888,24051.465321320666,5.123239589726442,15.0,3.4056516391037173,0,0,8.537415053089642
1,0.8034308830043788,24102.926490131365,5.125010217986575,15.0,3.4135894647212153,0,0,8.537415053089642
2,0.8051456851387941,24154.370554163823,5.127792015445078,15.0,3.4260604184645658,0,0,8.537415053089642
3,0.8068594855406097,24205.78456621829,5.131584157795325,15.0,3.443060804921027,0,0,8.537415053089642
4,0.8085718529333356,24257.155588000067,5.136385521343701,15.0,3.4645855865091932,0,0,8.537415053089642
5,0.8102823564651128,24308.470693953386,5.142194683342561,15.0,3.4906283849717394,0,0,8.537415053089642
6,0.8119905658363854,24359.716975091564,5.149009922411835,15.0,3.5211814832654316,0,0,8.537415053089642
7,0.8136960514274061,24410.881542822182,5.1568292190491,15.0,3.5562358278478556,0,0,8.537415053089642
8,0.8153983844255426,24461.951532766278,5.165650256228008,15.0,3.5957810313601732,0,0,8.537415053089642
9,0.8170971369523441,24512.914108570323,5.175470420084872,15.0,3.6398053757051323,0,0,8.537415053089642
10,0.8187918821903307,24563.75646570992,5.1862868006932015,15.0,3.6882958155193792,0,0,8.537415053089642
11,0.8204821945094685,24614.465835284052,5.198096192925988,15.0,3.7412379820390855,0,0,8.537415053089642
12,0.822167649593293,24665.02948779879,5.210895097405444,15.0,3.798616187357731,0,0,8.537415053089642
13,0.8238478245646438,24715.434736939314,5.22467972153995,15.0,3.860413429074751,0,0,8.537415053089642
14,0.8255222981109714,24765.668943329143,5.239445980647878,15.0,3.9266113953337327,0,0,8.537415053089642
15,0.8271906506091817,24815.71951827545,5.2551894991679715,15.0,3.997190470248605,0,0,8.537415053089642
16,0.8288524642499794,24865.573927499383,5.271905611955923,15.0,4.07212973971625,0,0,8.537415053089642
17,0.8305073231616736,24915.21969485021,5.289589365666748,15.0,4.151406997613803,0,0,8.537415053089642
18,0.8321548135334097,24964.64440600229,5.308235520222572,15.0,4.234998752378804,0,0,8.537415053089642
19,0.8337945237377906,25013.835712133718,5.3278385503653904,15.0,4.322880233970261,0,0,8.537415053089642
20,0.8354260444528506,25062.781333585517,5.348392647294299,15.0,4.415025401208537,0,0,8.537415053089642
21,0.8370489687833466,25111.469063500397,5.369891720386785,15.0,4.511406949491924,0,0,8.537415053089642
22,0.8386628923813297,25159.88677143989,5.392329399003502,15.0,4.611996318887585,0,0,8.537415053089642
23,0.8402674135659622,25208.022406978867,5.4156990343760345,15.0,4.716763702594472,0,0,8.537415053089642
24,0.8418621334425448,25255.864003276343,5.439993701577059,15.0,4.82567805577572,0,0,8.537415053089642
25,0.8434466560207166,25303.399680621496,5.465206201572368,15.0,4.938707104757926,0,0,8.537415053089642
26,0.8450205883317968,25350.617649953903,5.491329063354075,15.0,5.055817356594502,0,0,8.537415053089642
27,0.8465835405452292,25397.506216356876,5.5183545461544625,15.0,5.176974108990388,0,0,8.537415053089642
28,0.8481351260840974,25444.053782522922,5.546274641739718,15.0,5.302141460585075,0,0,8.537415053089642
29,0.8496749617396762,25490.248852190285,5.575081076782951,15.0,5.431282321590944,0,0,8.537415053089642
30,0.8512026677849842,25536.080033549526,5.604765315315769,15.0,5.564358424783796,0,0,8.537415053089642
31,0.8527178680873053,25581.53604261916,5.635318561257653,15.0,5.701330336842238,0,0,8.537415053089642
32,0.854220190219645,25626.60570658935,5.666731761022438,15.0,5.842157470032627,0,0,8.537415053089642
33,0.8557092655710886,25671.277967132657,5.698995606201084,15.0,5.986798094236107,0,0,8.537415053089642
34,0.8571847294560283,25715.54188368085,5.732100536319951,15.0,6.135209349314122,0,0,8.537415053089642
35,0.8586462212222278,25759.386636666834,5.7660367416737826,15.0,6.287347257808812,0,0,8.537415053089642
36,0.8600933843576907,25802.80153073072,5.80079416623253,15.0,6.443166737974494,0,0,8.537415053089642
37,0.8615258665963037,25845.77599788911,5.836362510621168,15.0,6.602621617136329,0,0,8.537415053089642
38,0.8629433200222196,25888.29960066659,5.872731235171629,15.0,6.765664645372302,0,0,8.537415053089642
39,0.8643454011729531,25930.362035188595,5.909889563045925,15.0,6.932247509514392,0,0,8.537415053089642
40,0.8657317711411556,25971.953134234667,5.947826483429566,15.0,7.102320847464801,0,0,8.537415053089642
41,0.8671020956750408,26013.062870251226,5.986530754794295,15.0,7.275834262823013,0,0,8.537415053089642
42,0.8684560452774313,26053.681358322938,6.025990908229201,15.0,7.452736339819328,0,0,8.537415053089642
43,0.8697932953033949,26093.798859101847,6.066195250839201,15.0,7.632974658550472,0,0,8.537415053089642
44,0.8711135260564447,26133.40578169334,6.107131869209901,15.0,7.816495810512748,0,0,8.537415053089642
45,0.8724164228832711,26172.492686498135,6.14878863293779,15.0,8.003245414428111,0,0,8.537415053089642
46,0.8737016762669817,26211.05028800945,6.19115319822475,15.0,8.193168132358545,0,0,8.537415053089642
47,0.8749689819188163,26249.06945756449,6.234213011535785,15.0,8.386207686103852,0,0,8.537415053089642
48,0.8762180408683156,26286.541226049467,6.2779553133189046,15.0,8.582306873878125,0,0,8.537415053089642
49,0.8774485595519115,26323.456786557344,6.322367141786051,15.0,8.781407587259853,0,0,8.537415053089642
50,0.8786602498999172,26359.807496997517,6.367435336753967,15.0,8.983450828410724,0,0,8.537415053089642
51,0.879852829421888,26395.58488265664,6.413146543543831,15.0,9.188376727557934,0,0,8.537415053089642
52,0.8810260212903293,26430.78063870988,6.459487216938543,15.0,9.396124560734897,0,0,8.537415053089642
53,0.8821795544227268,26465.386632681802,6.506443625196461,15.0,9.60663276777508,0,0,8.537415053089642
54,0.8833131635618737,26499.39490685621,6.554001854120418,15.0,9.819838970553603,0,0,8.537415053089642
55,0.8844265893544726,26532.79768063418,6.602147811180792,15.0,10.035679991471207,0,0,8.537415053089642
56,0.8855195784279876,26565.587352839626,6.650867229691432,15.0,10.25409187217517,0,0,8.537415053089642
57,0.8865918834657227,26597.756503971683,6.700145673037181,15.0,10.475009892511522,0,0,8.537415053089642
58,0.8876432632801093,26629.29789840328,6.74996853895176,15.0,10.698368589703037,0,0,8.537415053089642
59,0.8886734828841736,26660.204486525206,6.800321063844733,15.0,10.92410177774726,0,0,8.537415053089642
60,0.8896823135611683,26690.46940683505,6.851188327176279,15.0,11.152142567028857,0,0,8.537415053089642
61,0.8906695329323476,26720.08598797043,6.9025552558784655,15.0,11.382423384140434,0,0,8.537415053089642
62,0.8916349250228616,26749.047750685848,6.954406628821729,15.0,11.614875991906016,0,0,8.537415053089642
63,0.8925782803257547,26777.34840977264,7.006727081325225,15.0,11.849431509601187,0,0,8.537415053089642
64,0.8934993958640471,26804.981875921414,7.059501109709705,15.0,12.086020433363927,0,0,8.537415053089642
65,0.8943980752508814,26831.942257526443,7.112713075891605,15.0,12.324572656790124,0,0,8.537415053089642
66,0.895274128747716,26858.223862431478,7.166347212016936,15.0,12.565017491707593,0,0,8.537415053089642
67,0.8961273733205487,26883.82119961646,7.220387625133643,15.0,12.807283689122523,0,0,8.537415053089642
68,0.8969576326941539,26908.728980824617,7.274818301901035,15.0,13.051299460332089,0,0,8.537415053089642
69,0.8977647374043166,26932.942122129498,7.329623113334871,15.0,13.296992498196989,0,0,8.537415053089642
70,0.898548524848048,26956.455745441443,7.384785819586744,15.0,13.544289998567617,0,0,8.537415053089642
71,0.8993088393317692,26979.265179953076,7.440290074756279,15.0,13.793118681857493,0,0,8.537415053089642
72,0.9000455321174451,27001.365963523353,7.49611943173479,15.0,14.043404814757594,0,0,8.537415053089642
73,0.90075846146666,27022.753843999802,7.552257347078909,15.0,14.295074232085126,0,0,8.537415053089642
74,0.9014474926826176,27043.424780478526,7.608687185912763,15.0,14.548052358760266,0,0,8.537415053089642
75,0.9021124981500535,27063.374944501604,7.665392226857252,15.0,14.802264231904362,0,0,8.537415053089642
76,0.9027533573730515,27082.600721191546,7.722355666984946,15.0,15.05763452305306,0,0,8.537415053089642
77,0.903369957010749,27101.09871032247,7.7795606267991655,15.0,15.314087560477752,0,0,8.537415053089642
78,0.9039621909109216,27118.865727327648,7.836990155235734,15.0,15.571547351608743,0,0,8.537415053089642
79,0.9045299601414392,27135.898804243174,7.8946272346859425,15.0,15.829937605553477,0,0,8.537415053089642
80,0.9050731730195808,27152.195190587423,7.952454786039242,15.0,16.089181755703194,0,0,8.537415053089642
81,0.9055917451392033,27167.752354176097,8.010455673744143,15.0,16.349202982421254,0,0,8.537415053089642
82,0.9060855993957515,27182.567981872544,8.068612710885862,15.0,16.609924235806467,0,0,8.537415053089642
83,0.9065546660091068,27196.639980273205,8.126908664279158,15.0,16.871268258524637,0,0,8.537415053089642
84,0.9069988825442642,27209.966476327925,8.185326259574913,15.0,17.133157608701552,0,0,8.537415053089642
85,0.907418193929833,27222.545817894992,8.243848186378884,15.0,17.395514682870726,0,0,8.537415053089642
86,0.9078125524743561,27234.376574230682,8.302457103381153,15.0,17.658261738968957,0,0,8.537415053089642
87,0.9081819178804414,27245.457536413243,8.361135643494729,15.0,17.921320919372974,0,0,8.537415053089642
88,0.9085262572567036,27255.787717701107,8.419866419001789,15.0,18.184614273970332,0,0,8.537415053089642
89,0.9088455451275096,27265.366353825288,8.478632026706036,15.0,18.448063783257744,0,0,8.537415053089642
90,0.9091397634405284,27274.19290321585,8.537415053089642,15.0,18.711591381459897,0,0,8.537415053089642
91,0.9094089015720798,27282.267047162393,8.596198079473249,15.0,18.975118979662046,0,0,8.537415053089642
92,0.9096529563302828,27289.588689908484,8.654963687177496,15.0,19.238568488949454,0,0,8.537415053089642
93,0.9098719319560012,27296.157958680036,8.713694462684556,15.0,19.50186184354682,0,0,8.537415053089642
94,0.910065840121587,27301.97520364761,8.772373002798131,15.0,19.764921023950834,0,0,8.537415053089642
95,0.9102346999274216,27307.040997822645,8.8309819198004,15.0,20.02766808004906,0,0,8.537415053089642
96,0.9103785378962559,27311.356136887676,8.889503846604372,15.0,20.290025154218238,0,0,8.537415053089642
97,0.9104973879653515,27314.921638960546,8.947921441900125,15.0,20.551914504395157,0,0,8.537415053089642
98,0.9105912914764237,27317.73874429271,9.00621739529342,15.0,20.81325852711332,0,0,8.537415053089642
99,0.9106602971633913,27319.808914901736,9.06437443243514,15.0,21.073979780498533,0,0,8.537415053089642
100,0.9107044611379354,27321.13383413806,9.122375320140042,15.0,21.334001007216596,0,0,8.537415053089642
101,0.9107238468728736,27321.715406186206,9.180202871493343,15.0,21.593245157366315,0,0,8.537415053089642
102,0.9107185251833495,27321.555755500485,9.23783995094355,15.0,21.85163541131105,0,0,8.537415053089642
103,0.9106885742058508,27320.657226175525,9.295269479380119,15.0,22.109095202442035,0,0,8.537415053089642
104,0.9106340793750541,27319.022381251623,9.352474439194339,15.0,22.365548239866733,0,0,8.537415053089642
105,0.9105551333985097,27316.654001955292,9.409437879322033,15.0,22.620918531015427,0,0,8.537415053089642
106,0.91045183622917,27313.5550868751,9.466142920266522,15.0,22.875130404159528,0,0,8.537415053089642
107,0.9103242950357714,27309.72885107314,9.522572759100376,15.0,23.128108530834663,0,0,8.537415053089642
108,0.9101726241710778,27305.178725132333,9.578710674444496,15.0,23.3797779481622,0,0,8.537415053089642
109,0.9099969451379954,27299.908354139865,9.634540031423006,15.0,23.6300640810623,0,0,8.537415053089642
110,0.9097973865535693,27293.92159660708,9.69004428659254,15.0,23.878892764352173,0,0,8.537415053089642
111,0.9095740841108705,27287.222523326116,9.745206992844414,15.0,24.126190264722798,0,0,8.537415053089642
112,0.9093271805387879,27279.815416163638,9.80001180427825,15.0,24.371883302587705,0,0,8.537415053089642
113,0.9090568255597342,27271.704766792027,9.854442481045641,15.0,24.615899073797266,0,0,8.537415053089642
114,0.9087631758452802,27262.895275358405,9.908482894162349,15.0,24.858165271212197,0,0,8.537415053089642
115,0.9084463949697296,27253.391849091888,9.96211703028768,15.0,25.098610106129666,0,0,8.537415053089642
116,0.9081066533616483,27243.19960084945,10.015328996469579,15.0,25.33716232955586,0,0,8.537415053089642
117,0.9077441282533629,27232.32384760089,10.068103024854059,15.0,25.573751253318605,0,0,8.537415053089642
118,0.9073590036284426,27220.770108853278,10.120423477357555,15.0,25.808306771013775,0,0,8.537415053089642
119,0.9069514701671813,27208.544105015437,10.17227485030082,15.0,26.040759378779356,0,0,8.537415053089642
120,0.9065217251900943,27195.65175570283,10.223641779003005,15.0,26.271040195890933,0,0,8.537415053089642
121,0.9060699725994492,27182.099177983477,10.27450904233455,15.0,26.499080985172526,0,0,8.537415053089642
122,0.9055964228188438,27167.892684565315,10.324861567227526,15.0,26.724814173216753,0,0,8.537415053089642
123,0.9051012927308539,27153.038781925618,10.374684433142104,15.0,26.94817287040827,0,0,8.537415053089642
124,0.9045848056127663,27137.54416838299,10.423962876487852,15.0,27.16909089074462,0,0,8.537415053089642
125,0.9040471910704165,27121.415732112495,10.472682294998492,15.0,27.38750277144858,0,0,8.537415053089642
126,0.9034886849701518,27104.660549104552,10.520828252058866,15.0,27.60334379236619,0,0,8.537415053089642
127,0.9029095293689391,27087.285881068172,10.568386480982824,15.0,27.81654999514471,0,0,8.537415053089642
128,0.9023099724426379,27069.299173279138,10.615342889240742,15.0,28.027058202184893,0,0,8.537415053089642
129,0.9016902684124609,27050.708052373826,10.661683562635453,15.0,28.234806035361856,0,0,8.537415053089642
130,0.9010506774696423,27031.52032408927,10.707394769425317,15.0,28.439731934509062,0,0,8.537415053089642
131,0.9003914656983378,27011.743970950134,10.752462964393231,15.0,28.641775175659937,0,0,8.537415053089642
132,0.8997129049967779,26991.387149903338,10.79687479286038,15.0,28.84087588904167,0,0,8.537415053089642
133,0.8990152729966988,26970.458189900964,10.840617094643498,15.0,29.036975076815942,0,0,8.537415053089642
134,0.8982988529810741,26948.965589432224,10.883676907954534,15.0,29.230014630561243,0,0,8.537415053089642
135,0.8975639338001719,26926.918014005154,10.926041473241495,15.0,29.41993734849168,0,0,8.537415053089642
136,0.8968108097859618,26904.324293578855,10.967698236969383,15.0,29.606686952407042,0,0,8.537415053089642
137,0.896039780664899,26881.19341994697,11.008634855340082,15.0,29.79020810436932,0,0,8.537415053089642
138,0.895251151469108,26857.53454407324,11.048839197950084,15.0,29.970446423100462,0,0,8.537415053089642
139,0.8944452324459954,26833.35697337986,11.08829935138499,15.0,30.147348500096776,0,0,8.537415053089642
140,0.8936223389663165,26808.670168989494,11.127003622749719,15.0,30.32086191545499,0,0,8.537415053089642
141,0.8927827914307247,26783.48374292174,11.164940543133358,15.0,30.490935253405397,0,0,8.537415053089642
142,0.8919269151748295,26757.807455244885,11.202098871007657,15.0,30.65751811754749,0,0,8.537415053089642
143,0.8910550403727926,26731.651211183776,11.238467595558117,15.0,30.820561145783465,0,0,8.537415053089642
144,0.8901675019394902,26705.025058184707,11.274035939946755,15.0,30.9800160249453,0,0,8.537415053089642
145,0.8892646394312708,26677.939182938124,11.308793364505501,15.0,31.135835505110975,0,0,8.537415053089642
146,0.8883467969453365,26650.403908360095,11.342729569859333,15.0,31.287973413605663,0,0,8.537415053089642
147,0.8874143230177803,26622.42969053341,11.3758344999782,15.0,31.436384668683683,0,0,8.537415053089642
148,0.8864675705203072,26594.027115609217,11.408098345156846,15.0,31.581025292887162,0,0,8.537415053089642
149,0.8855068965556707,26565.206896670123,11.439511544921631,15.0,31.721852426077554,0,0,8.537415053089642
150,0.8845326623518552,26535.979870555657,11.470064790863516,15.0,31.858824338135996,0,0,8.537415053089642
151,0.8835452331550369,26506.356994651105,11.499749029396334,15.0,31.991900441328845,0,0,8.537415053089642
152,0.8825449781213528,26476.349343640584,11.528555464439567,15.0,32.12104130233472,0,0,8.537415053089642
153,0.8815322702075127,26445.96810622538,11.556475560024822,15.0,32.2462086539294,0,0,8.537415053089642
154,0.8805074860602832,26415.224581808496,11.583501042825208,15.0,32.367365406325284,0,0,8.537415053089642
155,0.8794710059048796,26384.130177146388,11.609623904606917,15.0,32.48447565816186,0,0,8.537415053089642
156,0.8784232134322968,26352.696402968904,11.634836404602225,15.0,32.597504707144076,0,0,8.537415053089642
157,0.8773644956856134,26320.934870568402,11.65913107180325,15.0,32.70641906032532,0,0,8.537415053089642
158,0.8762952429453026,26288.85728835908,11.682500707175782,15.0,32.8111864440322,0,0,8.537415053089642
159,0.8752158486135835,26256.475458407505,11.704938385792499,15.0,32.911775813427866,0,0,8.537415053089642
160,0.8741267090978475,26223.801272935427,11.726437458884986,15.0,33.00815736171125,0,0,8.537415053089642
161,0.8730282236931945,26190.846710795835,11.746991555813896,15.0,33.10030252894953,0,0,8.537415053089642
162,0.871920794464113,26157.62383392339,11.766594585956712,15.0,33.188184010540986,0,0,8.537415053089642
163,0.8708048261253395,26124.144783760185,11.785240740512537,15.0,33.27177576530598,0,0,8.537415053089642
164,0.8696807259219332,26090.421777657997,11.802924494223362,15.0,33.351053023203534,0,0,8.537415053089642
165,0.8685489035086004,26056.467105258012,11.819640607011312,15.0,33.42599229267118,0,0,8.537415053089642
166,0.8674097708283044,26022.293124849133,11.835384125531405,15.0,33.49657136758606,0,0,8.537415053089642
167,0.8662637419901988,25987.912259705965,11.850150384639335,15.0,33.56276933384504,0,0,8.537415053089642
168,0.8651112331469175,25953.336994407524,11.863935008773842,15.0,33.624566575562056,0,0,8.537415053089642
169,0.8639526623712596,25918.579871137787,11.876733913253297,15.0,33.681944780880706,0,0,8.537415053089642
170,0.8627884495323058,25883.653485969175,11.888543305486083,15.0,33.73488694740041,0,0,8.537415053089642
171,0.8616190161710019,25848.570485130058,11.899359686094412,15.0,33.78337738721466,0,0,8.537415053089642
172,0.860444785375247,25813.34356125741,11.909179849951276,15.0,33.82740173155962,0,0,8.537415053089642
173,0.8592661816545236,25777.985449635707,11.918000887130185,15.0,33.86694693507194,0,0,8.537415053089642
174,0.8580836308141063,25742.50892442319,11.92582018376745,15.0,33.90200127965436,0,0,8.537415053089642
175,0.8568975598288865,25706.926794866595,11.932635422836725,15.0,33.93255437794805,0,0,8.537415053089642
176,0.8557083967168504,25671.25190150551,11.938444584835583,15.0,33.9585971764106,0,0,8.537415053089642
177,0.8545165704122482,25635.497112367444,11.943245948383959,15.0,33.98012195799876,0,0,8.537415053089642
178,0.8533225106384913,25599.67531915474,11.947038090734207,15.0,33.99712234445522,0,0,8.537415053089642
179,0.8521266477808165,25563.799433424494,11.94981988819271,15.0,34.009593298198574,0,0,8.537415053089642
180,0.8509294127587531,25527.882382762593,11.951590516452843,15.0,34.01753112381607,0,0,8.537415053089642
181,0.8497312368984323,25491.93710695297,11.952349450839241,15.0,34.02093346915868,0,0,8.537415053089642
182,0.8485325518047762,25455.976554143286,11.952096466463265,15.0,34.01979932603803,0,0,8.537415053089642
183,0.8473337892336035,25420.013677008104,11.950831638289646,15.0,34.014129030525226,0,0,8.537415053089642
184,0.8461353809636911,25384.061428910733,11.948555341114268,15.0,34.003924262851186,0,0,8.537415053089642
185,0.8449377586688291,25348.132760064873,11.945268249453115,15.0,33.98918804690882,0,0,8.537415053089642
186,0.8437413537899061,25312.240613697184,11.940971337342381,15.0,33.96992474935695,0,0,8.537415053089642
187,0.842546597407064,25276.39792221192,11.93566587804986,15.0,33.94614007832635,0,0,8.537415053089642
188,0.8413539201119595,25240.617603358787,11.929353443697646,15.0,33.9178410817284,0,0,8.537415053089642
189,0.8401637518801714,25204.912556405143,11.922035904796271,15.0,33.885036145166495,0,0,8.537415053089642
190,0.8389765219437885,25169.295658313655,11.913715429690434,15.0,33.84773498945135,0,0,8.537415053089642
191,0.8377926586642189,25133.77975992657,11.904394483916478,15.0,33.80594866772043,0,0,8.537415053089642
192,0.8366125894052583,25098.37768215775,11.894075829471802,15.0,33.75968956216267,0,0,8.537415053089642
193,0.8354367404064518,25063.102212193553,11.88276252399641,15.0,33.70897138034942,0,0,8.537415053089642
194,0.8342655366567904,25027.96609970371,11.87045791986688,15.0,33.65380915117253,0,0,8.537415053089642
195,0.8330994017687775,24992.982053063326,11.857165663202965,15.0,33.594219220391,0,0,8.537415053089642
196,0.8319387578529037,24958.162735587113,11.842889692787187,15.0,33.53021924578738,0,0,8.537415053089642
197,0.8307840253925657,24923.52076177697,11.827634238897682,15.0,33.461828191935375,0,0,8.537415053089642
198,0.8296356231194681,24889.068693584046,11.811403822054677,15.0,33.38906632458025,0,0,8.537415053089642
199,0.8284939678895453,24854.81903668636,11.794203251680964,15.0,33.31195520463362,0,0,8.537415053089642
200,0.8273594745594364,24820.784236783093,11.776037624676757,15.0,33.23051768178453,0,0,8.537415053089642
201,0.8262325558635552,24786.976675906655,11.756912323909395,15.0,33.14477788772856,0,0,8.537415053089642
202,0.825113622291788,24753.40866875364,11.736833016618245,15.0,33.0547612290171,0,0,8.537415053089642
203,0.8240030819678565,24720.092459035695,11.715805652735407,15.0,32.96049437952885,0,0,8.537415053089642
204,0.8229013405283819,24687.04021585146,11.693836463122608,15.0,32.862005272565774,0,0,8.537415053089642
205,0.8218088010026862,24654.264030080583,11.67093195772486,15.0,32.759323092575805,0,0,8.537415053089642
206,0.8207258636933652,24621.775910800956,11.647098923641437,15.0,32.652478266504964,0,0,8.537415053089642
207,0.8196529260576715,24589.587781730144,11.622344423114695,15.0,32.541502454781096,0,0,8.537415053089642
208,0.818590382589738,24557.71147769214,11.596675791437386,15.0,32.426428541932275,0,0,8.537415053089642
209,0.8175386247036819,24526.158741110456,11.570100634779049,15.0,32.30729062684239,0,0,8.537415053089642
210,0.8164980406176191,24494.941218528573,11.542626827932146,15.0,32.18412401264686,0,0,8.537415053089642
211,0.8154690152386279,24464.070457158836,11.514262511978572,15.0,32.056965196271655,0,0,8.537415053089642
212,0.8144519300486918,24433.557901460754,11.485016091877299,15.0,31.925851857618355,0,0,8.537415053089642
213,0.8134471629916591,24403.414889749773,11.454896233973793,15.0,31.790822848398882,0,0,8.537415053089642
214,0.8124550883612492,24373.652650837477,11.423911863431993,15.0,31.65191818062282,0,0,8.537415053089642
215,0.8114760766901417,24344.28230070425,11.392072161589581,15.0,31.50917901474103,0,0,8.537415053089642
216,0.8105104946401792,24315.314839205377,11.359386563237377,15.0,31.362647647448945,0,0,8.537415053089642
217,0.809558704893718,24286.76114681154,11.325864753823582,15.0,31.21236749915309,0,0,8.537415053089642
218,0.8086210660461569,24258.631981384708,11.291516666583787,15.0,31.058383101104724,0,0,8.537415053089642
219,0.8076979324996781,24230.937974990346,11.256352479597531,15.0,30.900740082204234,0,0,8.537415053089642
220,0.8067896543582304,24203.68963074691,11.220382612772328,15.0,30.73948515548033,0,0,8.537415053089642
221,0.8058965773237846,24176.89731971354,11.183617724756008,15.0,30.57466610424799,0,0,8.537415053089642
222,0.8050190425938963,24150.57127781689,11.14606870977834,15.0,30.40633176794916,0,0,8.537415053089642
223,0.8041573867606006,24124.721602818016,11.10774669442284,15.0,30.234532027680643,0,0,8.537415053089642
224,0.8033119417106726,24099.358251320176,11.068663034329713,15.0,30.059317791413225,0,0,8.537415053089642
225,0.8024830345272825,24074.491035818475,11.028829310830938,15.0,29.880740978906545,0,0,8.537415053089642
226,0.8016709873930741,24050.12962179222,10.988257327518472,15.0,29.698854506324153,0,0,8.537415053089642
227,0.8008761174946941,24026.283524840823,10.946959106746583,15.0,29.513712270553302,0,0,8.537415053089642
228,0.8000987369288041,24002.96210786412,10.904946886069377,15.0,29.325369133234155,0,0,8.537415053089642
229,0.7993391526095986,23980.17457828796,10.862233114614536,15.0,29.133880904503062,0,0,8.537415053089642
230,0.7985976661778605,23957.929985335817,10.818830449394383,15.0,28.939304326454874,0,0,8.537415053089642
231,0.797874573911578,23936.23721734734,10.774751751555328,15.0,28.741697056328952,0,0,8.537415053089642
232,0.797170166638151,23915.10499914453,10.73001008256684,15.0,28.54111764942416,0,0,8.537415053089642
233,0.7964847296482124,23894.541889446373,10.684618700351038,15.0,28.33762554174762,0,0,8.537415053089642
234,0.7958185426110913,23874.55627833274,10.638591055354103,15.0,28.131281032402548,0,0,8.537415053089642
235,0.7951718794919401,23855.156384758204,10.591940786560606,15.0,27.922145265720356,0,0,8.537415053089642
236,0.7945450084705529,23836.350254116587,10.544681717451983,15.0,27.710280213142227,0,0,8.537415053089642
237,0.7939381918618981,23818.145755856942,10.496827851910348,15.0,27.49574865485565,0,0,8.537415053089642
238,0.7933516860383888,23800.550581151663,10.448393370068832,15.0,27.278614161191335,0,0,8.537415053089642
239,0.7927857413539141,23783.572240617425,10.399392624109703,15.0,27.05894107378589,0,0,8.537415053089642
240,0.792240602069654,23767.218062089618,10.349840134011515,15.0,26.836794486516048,0,0,8.537415053089642
241,0.791716506281699,23751.49518845097,10.299750583246512,15.0,26.61224022620993,0,0,8.537415053089642
242,0.7912136858504981,23736.410575514943,10.249138814429609,15.0,26.385344833141147,0,0,8.537415053089642
243,0.7907323663321524,23721.97098996457,10.198019824920195,15.0,26.156175541311462,0,0,8.537415053089642
244,0.7902727669115788,23708.183007347365,10.146408762378103,15.0,25.92480025852793,0,0,8.537415053089642
245,0.7898351003375604,23695.053010126812,10.094320920275019,15.0,25.691287546280332,0,0,8.537415053089642
246,0.7894195728597043,23682.58718579113,10.041771733362708,15.0,25.455706599424914,0,0,8.537415053089642
247,0.789026384167326,23670.79152501978,9.988776773099357,15.0,25.218127225680487,0,0,8.537415053089642
248,0.7886557273302764,23659.671819908293,9.935351743035415,15.0,24.978619824942868,0,0,8.537415053089642
249,0.7883077887417316,23649.233662251947,9.881512474160298,15.0,24.737255368423895,0,0,8.537415053089642
250,0.7879827480629602,23639.482441888806,9.827274920211318,15.0,24.49410537762111,0,0,8.537415053089642
251,0.7876807781700862,23630.423345102587,9.772655152946253,15.0,24.24924190312439,0,0,8.537415053089642
252,0.7874020451028617,23622.06135308585,9.71766935738094,15.0,24.002737503265813,0,0,8.537415053089642
253,0.7871467080154657,23614.401240463972,9.66233382699329,15.0,23.754665222619057,0,0,8.537415053089642
254,0.7869149191293437,23607.447573880312,9.606664958895196,15.0,23.50509857035472,0,0,8.537415053089642
255,0.786706823688101,23601.20471064303,9.55067924897371,15.0,23.25411149845796,0,0,8.537415053089642
256,0.7865225599144634,23595.6767974339,9.494393287002946,15.0,23.0017783798149,0,0,8.537415053089642
257,0.7863622589693198,23590.867769079592,9.437823751728196,15.0,22.74817398617442,0,0,8.537415053089642
258,0.7862260449128554,23586.781347385662,9.38098740592363,15.0,22.49337346599158,0,0,8.537415053089642
259,0.7861140346677908,23583.421040033725,9.323901091425133,15.0,22.23745232215955,0,0,8.537415053089642
260,0.7860263379847349,23580.790139542045,9.26658172413972,15.0,21.980486389636482,0,0,8.537415053089642
261,0.785963057409663,23578.89172228989,9.20904628903297,15.0,21.722551812973958,0,0,8.537415053089642
262,0.7859242882535311,23577.728647605934,9.15131183509602,15.0,21.463725023753724,0,0,8.537415053089642
263,0.7859101185640329,23577.303556920986,9.093395470293585,15.0,21.204082717939375,0,0,8.537415053089642
264,0.7859206290995087,23577.61887298526,9.035314356494492,15.0,20.943701833149657,0,0,8.537415053089642
265,0.7859558933050158,23578.676799150475,8.977085704386251,15.0,20.682659525860213,0,0,8.537415053089642
266,0.786015977290565,23580.479318716953,8.918726768375162,15.0,20.421033148540452,0,0,8.537415053089642
267,0.7861009398115305,23583.028194345916,8.860254841473452,15.0,20.158900226732314,0,0,8.537415053089642
268,0.7862108322512393,23586.32496753718,8.801687250174991,15.0,19.89633843607785,0,0,8.537415053089642
269,0.7863456986057457,23590.37095817237,8.743041349321075,15.0,19.63342557930217,0,0,8.537415053089642
270,0.7865055754707939,23595.16726412382,8.684334516957806,15.0,19.37023956315886,0,0,12.537415053089642
271,0.7865557817141623,23596.673451424867,12.666893653550025,15.0,19.106858375344515,0,0,12.537415053089642
272,0.7866319673610955,23598.959020832866,12.5805788500313,15.0,18.84336006138933,0,0,12.537415053089642
273,0.786734146886154,23602.02440658462,12.49425125614799,15.0,18.579822701530475,0,0,12.537415053089642
274,0.7868623270613506,23605.86981184052,12.407936452629263,15.0,18.316324387575285,0,0,12.537415053089642
275,0.7870165069541447,23610.495208624343,12.32166001641423,15.0,18.052943199760936,0,0,12.537415053089642
276,0.7871966779277183,23615.90033783155,12.235447513072941,15.0,17.789757183617624,0,0,12.537415053089642
277,0.7874028236435348,23622.084709306044,12.14932448923075,15.0,17.526844326841935,0,0,12.537415053089642
278,0.7876349200661813,23629.04760198544,12.063316464998312,15.0,17.264282536187473,0,0,12.537415053089642
279,0.7878929354704903,23636.78806411471,11.977448926409412,15.0,17.00214961437935,0,0,12.537415053089642
280,0.7881768304509406,23645.304913528216,11.891747317868905,15.0,16.740523237059584,0,0,12.537415053089642
281,0.788486557933334,23654.59673800002,11.806237034612996,15.0,16.479480929770144,0,0,12.537415053089642
282,0.7888220631887446,23664.66189566234,11.720943415184076,15.0,16.219100044980426,0,0,12.537415053089642
283,0.789183283849736,23675.49851549208,11.635891733922366,15.0,15.95945773916607,0,0,12.537415053089642
284,0.7895701499288421,23687.104497865264,11.551107193476593,15.0,15.700630949945836,0,0,12.537415053089642
285,0.7899825838393061,23699.477515179184,11.46661491733589,15.0,15.442696373283312,0,0,12.537415053089642
286,0.7904205004180707,23712.61501254212,11.382439942385172,15.0,15.185730440760244,0,0,12.537415053089642
287,0.790883806951014,23726.51420853042,11.29860721148616,15.0,14.929809296928212,0,0,12.537415053089642
288,0.7913724032004231,23741.172096012695,11.215141566086277,15.0,14.675008776745369,0,0,12.537415053089642
289,0.791886181434696,23756.58544304088,11.132067738857591,15.0,14.42140438310489,0,0,12.537415053089642
290,0.7924250264602651,23772.750793807954,11.049410346367994,15.0,14.169071264461845,0,0,12.537415053089642
291,0.7929888156557319,23789.664469671956,10.967193881786766,15.0,13.918084192565075,0,0,12.537415053089642
292,0.7935774190082014,23807.322570246044,10.885442707626748,15.0,13.668517540300739,0,0,12.537415053089642
293,0.7941906991518091,23825.72097455427,10.804181048525171,15.0,13.420445259653984,0,0,12.537415053089642
294,0.7948285114084239,23844.85534225272,10.723432984065402,15.0,13.173940859795405,0,0,12.537415053089642
295,0.7954907038305209,23864.72111491563,10.643222441641624,15.0,12.929077385298683,0,0,12.537415053089642
296,0.7961771172462058,23885.313517386174,10.563573189368643,15.0,12.685927394495895,0,0,12.537415053089642
297,0.7968875853063808,23906.627559191424,10.484508829038877,15.0,12.444562937976928,0,0,12.537415053089642
298,0.7976219345340382,23928.658036021145,10.40605278912864,15.0,12.205055537239307,0,0,12.537415053089642
299,0.7983799843756647,23951.39953126994,10.328228317855784,15.0,11.967476163494874,0,0,12.537415053089642
300,0.799161547254744,23974.84641764232,10.25105847629073,15.0,11.731895216639455,0,0,12.537415053089642
301,0.7999664286273388,23998.992858820166,10.174566131523,15.0,11.498382504391856,0,0,12.537415053089642
302,0.8007944270397394,24023.83281119218,10.098773949885185,15.0,11.267007221608328,0,0,12.537415053089642
303,0.8016453341881579,24049.360025644735,10.023704390236436,15.0,11.037837929778647,0,0,12.537415053089642
304,0.8025189349804537,24075.56804941361,9.949379697307409,15.0,10.810942536709867,0,0,12.537415053089642
305,0.8034150075998698,24102.450227996094,9.875821895108677,15.0,10.586388276403747,0,0,12.537415053089642
306,0.8043333235707619,24129.999707122857,9.803052780404542,15.0,10.364241689133905,0,0,12.537415053089642
307,0.8052736478263005,24158.209434789016,9.731093916254174,15.0,10.144568601728462,0,0,12.537415053089642
308,0.8062357387781262,24187.072163343786,9.659966625622017,15.0,9.927434108064144,0,0,12.537415053089642
309,0.807219348387938,24216.58045163814,9.589691985059343,15.0,9.71290254977756,0,0,12.537415053089642
310,0.808224222240992,24246.72666722976,9.520290818458804,15.0,9.50103749719943,0,0,12.537415053089642
311,0.8092500996214902,24277.502988644705,9.451783690883858,15.0,9.291901730517239,0,0,12.537415053089642
312,0.8102967135898359,24308.901407695077,9.384190902474911,15.0,9.085557221172172,0,0,12.537415053089642
313,0.8113637910617342,24340.913731852026,9.317532482433943,15.0,8.882065113495631,0,0,12.537415053089642
314,0.8124510528891123,24373.53158667337,9.251828183089419,15.0,8.681485706590843,0,0,12.537415053089642
315,0.8135582139428372,24406.746418285118,9.187097474043247,15.0,8.483878436464924,0,0,12.537415053089642
316,0.814684983197206,24440.549495916177,9.123359536401523,15.0,8.289301858416732,0,0,12.537415053089642
317,0.8158310638161819,24474.931914485456,9.060633257090746,15.0,8.097813629685646,0,0,12.537415053089642
318,0.816996153241355,24509.88459724065,8.998937223261219,15.0,7.909470492366497,0,0,12.537415053089642
319,0.8181799432815955,24545.398298447864,8.938289716779277,15.0,7.724328256595648,0,0,12.537415053089642
320,0.8193821202043777,24581.463606131332,8.878708708809965,15.0,7.542441784013246,0,0,12.537415053089642
321,0.8206023648287459,24618.07094486238,8.82021185449182,15.0,7.363864971506567,0,0,12.537415053089642
322,0.8218403526198943,24655.21057859683,8.762816487705232,15.0,7.18865073523915,0,0,12.537415053089642
323,0.8230957537853341,24692.872613560023,8.706539615936073,15.0,7.01685099497063,0,0,12.537415053089642
324,0.8243682333726176,24731.047001178526,8.651397915236014,15.0,6.848516658671807,0,0,12.537415053089642
325,0.8256574513685924,24769.72354105777,8.597407725281014,15.0,6.683697607439459,0,0,12.537415053089642
326,0.8269630628001541,24808.89188400462,8.544585044529569,15.0,6.522442680715568,0,0,12.537415053089642
327,0.8282847178364697,24848.541535094093,8.492945525481986,15.0,6.3647996618150735,0,0,12.537415053089642
328,0.8296220618926401,24888.661856779203,8.442504470042238,15.0,6.210815263766706,0,0,12.537415053089642
329,0.8309747357347707,24929.24207204312,8.393276824983653,15.0,6.060535115470847,0,0,12.537415053089642
330,0.83234237558642,24970.2712675926,8.345277177519886,15.0,5.914003748178766,0,0,12.537415053089642
331,0.833724613236396,25011.73839709188,8.29851975098239,15.0,5.771264582296974,0,0,12.537415053089642
332,0.8351210761478632,25053.6322844359,8.253018400605768,15.0,5.632359914520913,0,0,12.537415053089642
333,0.8365313875687345,25095.941627062035,8.208786609422127,15.0,5.497330905301432,0,0,12.537415053089642
334,0.8379551666433103,25138.65499929931,8.165837484265799,15.0,5.366217566648139,0,0,12.537415053089642
335,0.8393920285251347,25181.76085575404,8.12418375188948,15.0,5.239058750272928,0,0,12.537415053089642
336,0.8408415844910336,25225.24753473101,8.083837755193047,15.0,5.115892136077411,0,0,12.537415053089642
337,0.8423034420563023,25269.103261689066,8.044811449566044,15.0,4.9967542209875155,0,0,12.537415053089642
338,0.8437772050910056,25313.316152730167,8.007116399345096,15.0,4.8816803081387,0,0,12.537415053089642
339,0.8452624739373619,25357.874218120854,7.970763774387102,15.0,4.7707044964148295,0,0,12.537415053089642
340,0.8467588455281685,25402.765365845054,7.935764346759396,15.0,4.663859670343988,0,0,12.537415053089642
341,0.8482659135062406,25447.97740518722,7.902128487547727,15.0,4.561177490354018,0,0,12.537415053089642
342,0.8497832683448227,25493.49805034468,7.86986616378311,15.0,4.462688383390937,0,0,12.537415053089642
343,0.8513104974689402,25539.314924068203,7.838986935488348,15.0,4.368421533902689,0,0,12.537415053089642
344,0.8528471853776549,25585.415561329646,7.809499952845217,15.0,4.278404875191237,0,0,12.537415053089642
345,0.8543929137671867,25631.7874130156,7.78141395348305,15.0,4.192665081135264,0,0,12.537415053089642
346,0.8559472616548659,25678.417849645975,7.754737259889611,15.0,4.111227558286172,0,0,12.537415053089642
347,0.857509805503879,25725.29416511637,7.729477776944933,15.0,4.034116438339543,0,0,12.537415053089642
348,0.8590801193487729,25772.40358046319,7.7056429895789655,15.0,3.961354570984419,0,0,12.537415053089642
349,0.8606577749216768,25819.733247650303,7.683239960553594,15.0,3.892963517132414,0,0,12.537415053089642
350,0.8622423417792071,25867.270253376213,7.662275328369823,15.0,3.828963542528795,0,0,12.537415053089642
351,0.8638333874300179,25915.001622900538,7.642755305300616,15.0,3.769373611747266,0,0,12.537415053089642
352,0.8654304774629569,25962.914323888705,7.624685675550089,15.0,3.7142113825703706,0,0,12.537415053089642
353,0.8670331756757905,26010.995270273717,7.60807179353951,15.0,3.6634932007571184,0,0,12.537415053089642
354,0.8686410442044613,26059.23132613384,7.592918582320678,15.0,3.617234095199366,0,0,12.537415053089642
355,0.8702536436528349,26107.609309585045,7.579230532117108,15.0,3.575447773468443,0,0,12.537415053089642
356,0.8718705332229034,26156.115996687102,7.567011698993487,15.0,3.5381466177533,0,0,12.537415053089642
357,0.8734912708454036,26204.738125362106,7.556265703653774,15.0,3.5053416811913998,0,0,12.537415053089642
358,0.875115413310811,26253.46239932433,7.546995730368308,15.0,3.477042684593441,0,0,12.537415053089642
359,0.8767425164006728,26302.275492020184,7.539204526030234,15.0,3.4532580135628477,0,0,12.537415053089642
360,0.8783721350192393,26351.16405057718,7.532894399341544,15.0,3.433994716010967,0,0,12.537415053089642
361,0.8800038233253554,26400.114699760663,7.528067220128961,15.0,3.419258500068602,0,0,12.537415053089642
362,0.8816371348645727,26449.11404593718,7.524724418789867,15.0,3.4090537323945647,0,0,12.537415053089642
363,0.883271622701444,26498.14868104332,7.522866985868438,15.0,3.4033834368817573,0,0,12.537415053089642
364,0.8849068395519596,26547.20518655879,7.52249547176214,15.0,3.4022492937611135,0,0,12.537415053089642
365,0.8865423379160875,26596.270137482625,7.523609986558617,15.0,3.4056516391037173,0,0,12.537415053089642
366,0.8881776702103769,26645.330106311307,7.5262102000030815,15.0,3.4135894647212153,0,0,12.537415053089642
367,0.8898123889005871,26694.371667017615,7.530295341596175,15.0,3.4260604184645658,0,0,12.537415053089642
368,0.8914460466343018,26743.381399029055,7.535864200822276,15.0,3.443060804921027,0,0,12.537415053089642
369,0.8930781963734887,26792.345891204663,7.542915127508214,15.0,3.4645855865091915,0,0,12.537415053089642
370,0.894708391526967,26841.25174580901,7.551446032312237,15.0,3.4906283849717394,0,0,12.537415053089642
371,0.8963361860827419,26890.085582482257,7.561454387343144,15.0,3.5211814832654316,0,0,12.537415053089642
372,0.8979611347401673,26938.834042205017,7.572937226909335,15.0,3.5562358278478556,0,0,12.537415053089642
373,0.899582793041898,26987.483791256942,7.5858911483976295,15.0,3.5957810313601732,0,0,12.537415053089642
374,0.901200717505593,27036.02152516779,7.600312313281524,15.0,3.63980537570513,0,0,12.537415053089642
375,0.9028144657553274,27084.433972659823,7.616196448258625,15.0,3.6882958155193792,0,0,12.537415053089642
376,0.9044235966526787,27132.70789958036,7.633538846516937,15.0,3.7412379820390855,0,0,12.537415053089642
377,0.9060276704274459,27180.830112823376,7.652334369129569,15.0,3.7986161873577284,0,0,12.537415053089642
378,0.9076262488079619,27228.78746423886,7.672577446577538,15.0,3.860413429074751,0,0,12.537415053089642
379,0.9092188951509644,27276.566854528934,7.694262080400109,15.0,3.9266113953337305,0,0,12.537415053089642
380,0.9108051745709813,27324.15523712944,7.71738184497229,15.0,3.997190470248605,0,0,12.537415053089642
381,0.9123846540691971,27371.539622075914,7.741929889408873,15.0,4.072129739716249,0,0,12.537415053089642
382,0.9139569026617603,27418.70707985281,7.767898939594501,15.0,4.151406997613801,0,0,12.537415053089642
383,0.9155214915074926,27465.644745224778,7.795281300339145,15.0,4.2349987523788,0,0,12.537415053089642
384,0.9170779940349637,27512.33982104891,7.824068857658359,15.0,4.322880233970263,0,0,12.537415053089642
385,0.9186259860688943,27558.77958206683,7.854253081177619,15.0,4.415025401208537,0,0,12.537415053089642
386,0.9201650459558479,27604.951378675436,7.88582502666007,15.0,4.511406949491926,0,0,12.537415053089642
387,0.9216947546891759,27650.842640675277,7.918775338656887,15.0,4.611996318887585,0,0,12.537415053089642
388,0.9232146960331784,27696.440880995353,7.953094253279501,15.0,4.716763702594472,0,0,12.537415053089642
389,0.9247244566464438,27741.733699393313,7.988771601092841,15.0,4.8256780557757155,0,0,12.537415053089642
390,0.9262236262043304,27786.70878612991,8.025796810128776,15.0,4.938707104757924,0,0,12.537415053089642
391,0.927711797520555,27831.35392561665,8.064158909018797,15.0,5.055817356594498,0,0,12.537415053089642
392,0.9291885666678511,27875.65700003553,8.10384653024508,15.0,5.176974108990388,0,0,12.537415053089642
393,0.9306535330976603,27919.60599292981,8.144847913508926,15.0,5.302141460585066,0,0,12.537415053089642
394,0.9321062997588246,27963.18899276474,8.187150909215594,15.0,5.43128232159094,0,0,12.537415053089642
395,0.9335464732152408,28006.394196457222,8.230742982074483,15.0,5.564358424783796,0,0,12.537415053089642
396,0.9349736637624433,28049.2099128733,8.275611214813608,15.0,5.70133033684224,0,0,12.537415053089642
397,0.9363874855430836,28091.624566292507,8.321742312007272,15.0,5.842157470032625,0,0,12.537415053089642
398,0.9377875566612666,28133.626699837998,8.369122604015791,15.0,5.986798094236107,0,0,12.537415053089642
399,0.9391734992957158,28175.204978871476,8.417738051036087,15.0,6.135209349314117,0,0,12.537415053089642
400,0.940544939811729,28216.34819435187,8.467574247262004,15.0,6.287347257808812,0,0,12.537415053089642
401,0.9419015088718947,28257.04526615684,8.518616425153047,15.0,6.44316673797449,0,0,12.537415053089642
402,0.9432428415455348,28297.285246366046,8.570849459810324,15.0,6.6026216171363235,0,0,12.537415053089642
403,0.9445685774168412,28337.057322505236,8.624257873458387,15.0,6.765664645372293,0,0,12.537415053089642
404,0.9458783606916752,28376.350820750256,8.678825840031623,15.0,6.932247509514388,0,0,12.537415053089642
405,0.9471718403029965,28415.155209089895,8.734537189863865,15.0,7.102320847464801,0,0,12.537415053089642
406,0.9484486700148923,28453.46010044677,8.791375414479807,15.0,7.275834262823015,0,0,12.537415053089642
407,0.9497085085251742,28491.255255755226,8.849323671486824,15.0,7.452736339819323,0,0,12.537415053089642
408,0.9509510195665136,28528.53058699541,8.908364789565741,15.0,7.632974658550474,0,0,12.537415053089642
409,0.952175872006085,28565.27616018255,8.96848127355906,15.0,7.816495810512741,0,0,12.537415053089642
410,0.9533827399436877,28601.48219831063,9.029655309655155,15.0,8.003245414428111,0,0,12.537415053089642
411,0.9545713028083168,28637.139084249506,9.091868770666881,15.0,8.193168132358538,0,0,12.537415053089642
412,0.955741245453156,28672.23736359468,9.155103221403072,15.0,8.386207686103848,0,0,12.537415053089642
413,0.9568922582489615,28706.767747468846,9.219339924131255,15.0,8.582306873878114,0,0,12.537415053089642
414,0.9580240371758126,28740.72111527438,9.28455984413008,15.0,8.781407587259848,0,0,12.537415053089642
415,0.9591362839131992,28774.088517395976,9.350743655329683,15.0,8.983450828410723,0,0,12.537415053089642
416,0.9602287059284202,28806.861177852606,9.41787174603844,15.0,9.188376727557923,0,0,12.537415053089642
417,0.9613010165632677,28839.03049689803,9.48592422475434,15.0,9.396124560734894,0,0,12.537415053089642
418,0.9623529351189697,28870.588053569092,9.554880926059237,15.0,9.606632767775073,0,0,12.537415053089642
419,0.9633841869393677,28901.52560818103,9.624721416594333,15.0,9.819838970553594,0,0,12.537415053089642
420,0.9643945034923023,28931.835104769067,9.695425001115,15.0,10.035679991471195,0,0,12.537415053089642
421,0.9653836224491861,28961.508673475582,9.766970728623237,15.0,10.254091872175161,0,0,12.537415053089642
422,0.9663512877627367,28990.5386328821,9.839337398575903,15.0,10.47500989251153,0,0,12.537415053089642
423,0.9672972497428495,29018.917492285484,9.91250356716688,15.0,10.698368589703037,0,0,12.537415053089642
424,0.9682212651305857,29046.637953917572,9.986447553681367,15.0,10.924101777747266,0,0,12.537415053089642
425,0.9691230971702558,29073.692915107673,10.061147446920314,15.0,11.152142567028854,0,0,12.537415053089642
426,0.9700025156795745,29100.075470387237,10.136581111693204,15.0,11.382423384140438,0,0,12.537415053089642
427,0.9708592971178699,29125.778913536098,10.212726195377165,15.0,11.614875991906011,0,0,12.537415053089642
428,0.9716932246523226,29150.796739569676,10.289560134540569,15.0,11.849431509601187,0,0,12.537415053089642
429,0.9725040882222176,29175.12264666653,10.367060161629013,15.0,12.086020433363924,0,0,12.537415053089642
430,0.9732916846011912,29198.750538035736,10.445203311711898,15.0,12.32457265679012,0,0,12.537415053089642
431,0.9740558174574501,29221.6745237235,10.523966429287377,15.0,12.56501749170758,0,0,12.537415053089642
432,0.9747962974119492,29243.888922358474,10.60332617514387,15.0,12.807283689122517,0,0,12.537415053089642
433,0.9755129420945085,29265.388262835255,10.683259033275958,15.0,13.051299460332089,0,0,12.537415053089642
434,0.976205576197854,29286.16728593562,10.763741317852675,15.0,13.296992498196982,0,0,12.537415053089642
435,0.9768740315295639,29306.220945886915,10.844749180236162,15.0,13.544289998567614,0,0,12.537415053089642
436,0.9775181470619085,29325.544411857256,10.926258616048493,15.0,13.793118681857482,0,0,12.537415053089642
437,0.9781377689795661,29344.133069386982,11.008245472284726,15.0,14.043404814757587,0,0,12.537415053089642
438,0.9787327507252013,29361.98252175604,11.09068545446993,15.0,14.295074232085112,0,0,12.537415053089642
439,0.9793029530428939,29379.088591286818,11.173554133858197,15.0,14.54805235876027,0,0,12.537415053089642
440,0.9798482440194026,29395.44732058208,11.256826954671347,15.0,14.802264231904344,0,0,12.537415053089642
441,0.9803684991232544,29411.05497369763,11.340479241375427,15.0,15.057634523053064,0,0,12.537415053089642
442,0.9808636012416454,29425.908037249363,11.424486205992494,15.0,15.314087560477734,0,0,12.537415053089642
443,0.9813334407151444,29440.00322145433,11.508822955445943,15.0,15.571547351608743,0,0,12.537415053089642
444,0.9817779153701869,29453.337461105606,11.593464498936754,15.0,15.82993760555348,0,0,12.537415053089642
445,0.9821969305493516,29465.907916480548,11.678385755348877,15.0,16.089181755703187,0,0,12.537415053089642
446,0.9825903991394094,29477.711974182283,11.763561560681296,15.0,16.349202982421257,0,0,12.537415053089642
447,0.9829582415971371,29488.74724791411,11.848966675504638,15.0,16.609924235806467,0,0,12.537415053089642
448,0.983300385972887,29499.011579186612,11.934575792440194,15.0,16.871268258524637,0,0,12.537415053089642
449,0.9836167679319083,29508.50303795725,12.020363543659013,15.0,17.133157608701545,0,0,12.537415053089642
450,0.9839073307734097,29517.219923202294,12.106304508398967,15.0,17.395514682870726,0,0,12.537415053089642
451,0.9841720254473623,29525.160763420867,12.192373220497437,15.0,17.658261738968946,0,0,12.537415053089642
452,0.9844108105690329,29532.324317070987,12.27854417593752,15.0,17.921320919372967,0,0,12.537415053089642
453,0.9846236524312482,29538.709572937445,12.364791840405395,15.0,18.184614273970332,0,0,12.537415053089642
454,0.9848105250143826,29544.315750431477,12.451090656856698,15.0,18.448063783257737,0,0,12.537415053089642
455,0.9849714099940681,29549.14229982204,12.537415053089646,15.0,18.711591381459904,0,0,12.537415053089642
456,0.9851062967466245,29553.188902398735,12.623739449322581,15.0,18.975118979662035,0,0,12.537415053089642
457,0.9852151823522077,29556.45547056623,12.710038265773893,15.0,19.23856848894946,0,0,12.537415053089642
458,0.9852980715956742,29558.942147870224,12.796285930241757,15.0,19.501861843546806,0,0,12.537415053089642
459,0.9853549769651637,29560.64930895491,12.882456885681844,15.0,19.76492102395084,0,0,12.537415053089642
460,0.9853859186483989,29561.577559451965,12.968525597780314,15.0,20.027668080049057,0,0,12.537415053089642
461,0.9853909245267026,29561.72773580108,13.05446656252027,15.0,20.290025154218238,0,0,12.537415053089642
462,0.985370030166737,29561.10090500211,13.140254313739089,15.0,20.551914504395146,0,0,12.537415053089642
463,0.9853232788099631,29559.698364298893,13.225863430674645,15.0,20.81325852711332,0,0,12.537415053089642
464,0.9852507213598285,29557.521640794854,13.31126854549799,15.0,21.07397978049854,0,0,12.537415053089642
465,0.985152416366683,29554.57249100049,13.396444350830407,15.0,21.334001007216596,0,0,12.537415053089642
466,0.9850284300104295,29550.852900312886,13.481365607242534,15.0,21.593245157366315,0,0,12.537415053089642
467,0.9848788360809126,29546.36508242738,13.566007150733338,15.0,21.851635411311044,0,0,12.537415053089642
468,0.9847037159560537,29541.11147868161,13.650343900186783,15.0,22.109095202442035,0,0,12.537415053089642
469,0.9845031585777367,29535.094757332103,13.734350864803854,15.0,22.365548239866715,0,0,12.537415053089642
470,0.9842772604254529,29528.317812763587,13.81800315150793,15.0,22.620918531015427,0,0,12.537415053089642
471,0.9840261254877114,29520.783764631342,13.901275972321084,15.0,22.875130404159513,0,0,12.537415053089642
472,0.9837498652312257,29512.49595693677,13.984144651709347,15.0,23.12810853083466,0,0,12.537415053089642
473,0.9834485985678838,29503.457957036513,14.066584633894553,15.0,23.37977794816218,0,0,12.537415053089642
474,0.9831224518195112,29493.673554585337,14.148571490130786,15.0,23.630064081062294,0,0,12.537415053089642
475,0.9827715586804402,29483.146760413205,14.230080925943124,15.0,23.87889276435218,0,0,12.537415053089642
476,0.9823960601778919,29471.881805336758,14.311088788326607,15.0,24.126190264722798,0,0,12.537415053089642
477,0.9819961046301885,29459.883138905654,14.39157107290333,15.0,24.371883302587705,0,0,12.537415053089642
478,0.9815718476028018,29447.155428084054,14.47150393103541,15.0,24.615899073797266,0,0,12.537415053089642
479,0.9811234518622568,29433.703555867705,14.550863676891906,15.0,24.8581652712122,0,0,12.537415053089642
480,0.9806510873279002,29419.532619837006,14.629626794467386,15.0,25.098610106129662,0,0,12.537415053089642
481,0.9801549310215495,29404.647930646486,14.707769944550268,15.0,25.337162329555863,0,0,12.537415053089642
482,0.9796351670150379,29389.05501045114,14.785269971638716,15.0,25.573751253318598,0,0,12.537415053089642
483,0.9790919863756695,29372.759591270085,14.862103910802114,15.0,25.808306771013775,0,0,12.537415053089642
484,0.9785255871096019,29355.76761328806,14.938248994486079,15.0,26.04075937877934,0,0,12.537415053089642
485,0.9779361741031732,29338.085223095197,15.013682659258968,15.0,26.271040195890933,0,0,12.537415053089642
486,0.9773239590621893,29319.71877186568,15.08838255249792,15.0,26.499080985172526,0,0,12.537415053089642
487,0.9766891604491911,29300.674813475733,15.162326539012403,15.0,26.72481417321675,0,0,12.537415053089642
488,0.9760320034187192,29280.960102561578,15.235492707603381,15.0,26.948172870408264,0,0,12.537415053089642
489,0.975352719750596,29260.58159251788,15.307859377556042,15.0,27.16909089074461,0,0,12.537415053089642
490,0.974651547781244,29239.546433437317,15.37940510506428,15.0,27.38750277144858,0,0,12.537415053089642
491,0.9739287323330617,29217.86196999185,15.450108689584944,15.0,27.603343792366175,0,0,12.537415053089642
492,0.9731845246418777,29195.53573925633,15.519949180120046,15.0,27.81654999514471,0,0,12.537415053089642
493,0.9724191822825039,29172.575468475115,15.58890588142494,15.0,28.02705820218488,0,0,12.537415053089642
494,0.97163296909241,29148.9890727723,15.656958360140841,15.0,28.23480603536186,0,0,12.537415053089642
495,0.970826155093544,29124.78465280632,15.724086450849596,15.0,28.439731934509055,0,0,12.537415053089642
496,0.9699990164123176,29099.970492369528,15.790270262049201,15.0,28.641775175659937,0,0,12.537415053089642
497,0.9691518351977847,29074.555055933542,15.855490182048026,15.0,28.840875889041673,0,0,12.537415053089642
498,0.9682848995380345,29048.546986141035,15.919726884776212,15.0,29.03697507681594,0,0,12.537415053089642
499,0.9673985033748245,29021.955101244734,15.982961335512401,15.0,29.230014630561246,0,0,12.537415053089642
500,0.9664929464164794,28994.78839249438,16.04517479652413,15.0,29.419937348491672,0,0,12.537415053089642
501,0.965568534049081,28967.056021472432,16.106348832620224,15.0,29.606686952407046,0,0,12.537415053089642
502,0.9646255772459758,28938.767317379272,16.16646531661354,15.0,29.790208104369313,0,0,12.537415053089642
503,0.9636643924756266,28909.9317742688,16.22550643469246,15.0,29.970446423100462,0,0,12.537415053089642
504,0.9626853016078368,28880.559048235104,16.283454691699475,15.0,30.14734850009677,0,0,12.537415053089642
505,0.9616886318183724,28850.65895455117,16.340292916315416,15.0,30.320861915454984,0,0,12.537415053089642
506,0.9606747154920134,28820.241464760402,16.39600426614766,15.0,30.490935253405397,0,0,12.537415053089642
507,0.9596438901240611,28789.316703721834,16.450572232720894,15.0,30.657518117547482,0,0,12.537415053089642
508,0.9585964982203307,28757.89494660992,16.50398064636896,15.0,30.820561145783472,0,0,12.537415053089642
509,0.957532887195659,28725.98661586977,16.556213681026236,15.0,30.980016024945286,0,0,12.537415053089642
510,0.9564534092709592,28693.602278128776,16.60725585891728,15.0,31.135835505110983,0,0,12.537415053089642
511,0.9553584213688487,28660.75264106546,16.657092055143195,15.0,31.287973413605663,0,0,12.537415053089642
512,0.9542482850078863,28627.44855023659,16.705707502163495,15.0,31.436384668683687,0,0,12.537415053089642
513,0.9531233661954461,28593.700985863383,16.75308779417201,15.0,31.58102529288715,0,0,12.537415053089642
514,0.9519840353192615,28559.521059577844,16.79921889136568,15.0,31.721852426077557,0,0,12.537415053089642
515,0.9508306670376712,28524.920011130136,16.8440871241048,15.0,31.85882433813599,0,0,12.537415053089642
516,0.9496636401686006,28489.90920505802,16.88767919696369,15.0,31.991900441328845,0,0,12.537415053089642
517,0.948483337577309,28454.50012731927,16.92998219267036,15.0,32.121041302334724,0,0,12.537415053089642
518,0.9472901460629386,28418.704381888158,16.970983575934206,15.0,32.2462086539294,0,0,12.537415053089642
519,0.946084456243898,28382.53368731694,17.010671197160484,15.0,32.367365406325284,0,0,12.537415053089642
520,0.9448666624421129,28345.999873263387,17.049033296050506,15.0,32.48447565816186,0,0,12.537415053089642
521,0.9436371625661807,28309.11487698542,17.08605850508644,15.0,32.597504707144076,0,0,12.537415053089642
522,0.9423963579934607,28271.89073980382,17.121735852899782,15.0,32.70641906032532,0,0,12.537415053089642
523,0.9411446534511383,28234.33960353415,17.156054767522395,15.0,32.8111864440322,0,0,12.537415053089642
524,0.939882456896295,28196.47370688885,17.189005079519212,15.0,32.91177581342786,0,0,12.537415053089642
525,0.9386101793950218,28158.305381850652,17.220577025001667,15.0,33.00815736171125,0,0,12.537415053089642
526,0.9373282350006118,28119.847050018354,17.250761248520924,15.0,33.10030252894953,0,0,12.537415053089642
527,0.9360370406308675,28081.111218926024,17.279548805840136,15.0,33.18818401054098,0,0,12.537415053089642
528,0.9347370159445583,28042.11047833675,17.306931166584786,15.0,33.27177576530599,0,0,12.537415053089642
529,0.9334285832170671,28002.857496512013,17.33290021677041,15.0,33.351053023203534,0,0,12.537415053089642
530,0.932112167215261,27963.365016457832,17.357448261206994,15.0,33.42599229267119,0,0,12.537415053089642
531,0.9307881950716236,27923.645852148707,17.380568025779173,15.0,33.49657136758606,0,0,12.537415053089642
532,0.9294570961576859,27883.712884730576,17.402252659601746,15.0,33.56276933384504,0,0,12.537415053089642
533,0.9281193019567953,27843.579058703857,17.422495737049715,15.0,33.624566575562056,0,0,12.537415053089642
534,0.926775245936257,27803.25737808771,17.44129125966235,15.0,33.681944780880706,0,0,12.537415053089642
535,0.9254253634188888,27762.760902566664,17.458633657920654,15.0,33.73488694740041,0,0,12.537415053089642
536,0.9240700914540249,27722.102743620744,17.47451779289776,15.0,33.78337738721466,0,0,12.537415053089642
537,0.9227098686880089,27681.296060640267,17.488938957781656,15.0,33.82740173155962,0,0,12.537415053089642
538,0.9213451352342141,27640.354057026423,17.501892879269953,15.0,33.86694693507194,0,0,12.537415053089642
539,0.9199763325426279,27599.289976278837,17.51337571883614,15.0,33.90200127965436,0,0,12.537415053089642
540,0.9186039032690404,27558.117098071212,17.523384073867042,15.0,33.93255437794805,0,0,16.537415053089642
541,0.9170418421307487,27511.25526392246,23.125385372506557,15.0,33.9585971764106,0,0,16.537415053089642
542,0.9154769678290149,27464.309034870446,23.13468586233006,15.0,33.98012195799876,0,0,16.537415053089642
543,0.9139097416103348,27417.292248310045,23.142031438432014,15.0,33.99712234445522,0,0,16.537415053089642
544,0.9123406254181278,27370.218762543835,23.147419924159696,15.0,34.009593298198574,0,0,16.537415053089642
545,0.9107700817558533,27323.102452675597,23.150849722788493,15.0,34.01753112381607,0,0,16.537415053089642
546,0.9091985735499606,27275.957206498817,23.15231981799505,15.0,34.02093346915868,0,0,16.537415053089642
547,0.9076265640127145,27228.796920381435,23.15182977415843,15.0,34.01979932603803,0,0,16.537415053089642
548,0.9060545165049351,27181.635495148053,23.149379736489188,15.0,34.014129030525226,0,0,16.537415053089642
549,0.9044828943986937,27134.48683196081,23.144970430986376,15.0,34.003924262851186,0,0,16.537415053089642
550,0.902912160940006,27087.36482820018,23.13860316422237,15.0,33.98918804690882,0,0,16.537415053089642
551,0.9013427791115626,27040.283373346876,23.13027982295573,15.0,33.96992474935695,0,0,16.537415053089642
552,0.8997752114955363,26993.256344866088,23.12000287357209,15.0,33.94614007832635,0,0,16.537415053089642
553,0.89820992013651,26946.2976040953,23.107775361353372,15.0,33.9178410817284,0,0,16.537415053089642
554,0.8966473664045627,26899.42099213688,23.093600909575326,15.0,33.885036145166495,0,0,16.537415053089642
555,0.8950880108585548,26852.640325756645,23.077483718433925,15.0,33.84773498945135,0,0,16.537415053089642
556,0.8935323131096558,26805.969393289673,23.059428563800733,15.0,33.80594866772042,0,0,16.537415053089642
557,0.8919807316851506,26759.42195055452,23.039440795807746,15.0,33.75968956216268,0,0,16.537415053089642
558,0.8904337238925685,26713.011716777055,23.01752633726198,15.0,33.70897138034942,0,0,16.537415053089642
559,0.888891745684173,26666.752370525188,22.99369168189046,15.0,33.65380915117253,0,0,16.537415053089642
560,0.8873552515218529,26620.657545655587,22.967943892415963,15.0,33.594219220391,0,0,16.537415053089642
561,0.8858246942424566,26574.740827273698,22.940290598464195,15.0,33.53021924578738,0,0,16.537415053089642
562,0.884300524923605,26529.01574770815,22.91073999430296,15.0,33.461828191935375,0,0,16.537415053089642
563,0.8827831927500288,26483.495782500864,22.879300836414025,15.0,33.38906632458025,0,0,16.537415053089642
564,0.8812731448804654,26438.194346413962,22.845982440898386,15.0,33.31195520463362,0,0,16.537415053089642
565,0.8797708263151551,26393.124789454654,22.81079468071571,15.0,33.23051768178453,0,0,16.537415053089642
566,0.8782766797639789,26348.30039291937,22.773747982758742,15.0,33.144777887728566,0,0,16.537415053089642
567,0.8767911455152736,26303.734365458207,22.734853324763627,15.0,33.0547612290171,0,0,16.537415053089642
568,0.8753146613053647,26259.439839160943,22.69412223205694,15.0,32.96049437952886,0,0,16.537415053089642
569,0.8738476621888562,26215.429865665687,22.651566774140505,15.0,32.862005272565774,0,0,16.537415053089642
570,0.8723905804097141,26171.717412291422,22.607199561114925,15.0,32.75932309257582,0,0,16.537415053089642
571,0.8709438452731831,26128.315358195494,22.56103373994293,15.0,32.652478266504964,0,0,16.537415053089642
572,0.8695078830185747,26085.236490557243,22.513082990553684,15.0,32.54150245478109,0,0,16.537415053089642
573,0.868083116692963,26042.49350078889,22.463361521789096,15.0,32.42642854193228,0,0,16.537415053089642
574,0.8666699660258262,26000.098980774786,22.411884067193427,15.0,32.30729062684239,0,0,16.537415053089642
575,0.8652688473046729,25958.065419140188,22.35866588064746,15.0,32.18412401264686,0,0,16.537415053089642
576,0.863880173251686,25916.40519755058,22.3037227318484,15.0,32.05696519627165,0,0,16.537415053089642
577,0.8625043529014246,25875.13058704274,22.247070901637017,15.0,31.925851857618355,0,0,16.537415053089642
578,0.8611417914796187,25834.25374438856,22.18872717717324,15.0,31.790822848398882,0,0,16.537415053089642
579,0.8597928902830911,25793.786708492735,22.128708846961796,15.0,31.65191818062282,0,0,16.537415053089642
580,0.8584580465608456,25753.741396825368,22.067033695729215,15.0,31.509179014741022,0,0,16.537415053089642
581,0.8571376533963526,25714.129601890578,22.003719999153887,15.0,31.362647647448945,0,0,16.537415053089642
582,0.8558320995910704,25674.962987732113,21.938786518450513,15.0,31.212367499153103,0,0,16.537415053089642
583,0.8545417695492351,25636.253086477052,21.872252494810805,15.0,31.05838310110471,0,0,16.537415053089642
584,0.8532670431639529,25598.011294918586,21.8041376437019,15.0,30.90074008220423,0,0,16.537415053089642
585,0.8520082957046299,25560.248871138898,21.734462149024218,15.0,30.739485155480338,0,0,16.537415053089642
586,0.8507658977057717,25522.97693117315,21.663246657130543,15.0,30.574666104247996,0,0,16.537415053089642
587,0.8495402148571858,25486.206445715572,21.590512270708075,15.0,30.406331767949155,0,0,16.537415053089642
588,0.8483316078956199,25449.948236868597,21.51628054252527,15.0,30.234532027680647,0,0,16.537415053089642
589,0.8471404324978681,25414.212974936043,21.440573469045226,15.0,30.059317791413235,0,0,16.537415053089642
590,0.8459670391753755,25379.011175261265,21.363413483907706,15.0,29.88074097890656,0,0,16.537415053089642
591,0.8448117731703748,25344.353195111245,21.28482345128155,15.0,29.698854506324153,0,0,16.537415053089642
592,0.8436749743535834,25310.249230607504,21.204826659089548,15.0,29.51371227055329,0,0,16.537415053089642
593,0.8425569771234921,25276.709313704763,21.1234468121077,15.0,29.325369133234144,0,0,16.537415053089642
594,0.8414581103072759,25243.743309218276,21.04070802494099,15.0,29.133880904503062,0,0,16.537415053089642
595,0.840378697063355,25211.36091190065,20.956634814877695,15.0,28.939304326454877,0,0,16.537415053089642
596,0.8393190547856368,25179.571643569107,20.8712520946244,15.0,28.74169705632895,0,0,16.537415053089642
597,0.8382794950094645,25148.384850283936,20.784585164923847,15.0,28.54111764942416,0,0,16.537415053089642
598,0.8372603233193024,25117.809699579073,20.696659707057712,15.0,28.337625541747627,0,0,16.537415053089642
599,0.8362618392581853,25087.855177745558,20.607501775236756,15.0,28.131281032402562,0,0,16.537415053089642
600,0.8352843362389567,25058.5300871687,20.51713778888036,15.0,27.922145265720356,0,0,16.537415053089642
601,0.8343281014573248,25029.843043719746,20.425594524787897,15.0,27.71028021314223,0,0,16.537415053089642
602,0.8333934158067602,25001.802474202806,20.33289910920419,15.0,27.495748654855667,0,0,16.537415053089642
603,0.8324805537952605,24974.416613857815,20.239079009781392,15.0,27.278614161191335,0,0,16.537415053089642
604,0.8315897834640081,24947.693503920244,20.144162027439787,15.0,27.058941073785892,0,0,16.537415053089642
605,0.830721366307944,24921.64098923832,20.048176288129703,15.0,26.836794486516055,0,0,16.537415053089642
606,0.8298755571982808,24896.266715948423,19.95115023449725,15.0,26.612240226209945,0,0,16.537415053089642
607,0.829052604306979,24871.57812920937,19.85311261745609,15.0,26.385344833141144,0,0,16.537415053089642
608,0.8282527490332083,24847.58247099625,19.754092487668007,15.0,26.15617554131147,0,0,16.537415053089642
609,0.8274762259318162,24824.286777954487,19.654119186934466,15.0,25.924800258527924,0,0,16.537415053089642
610,0.8267232626438236,24801.697879314706,19.5532223395021,15.0,25.691287546280353,0,0,16.537415053089642
611,0.8259940798289701,24779.822394869105,19.451431843284297,15.0,25.455706599424914,0,0,16.537415053089642
612,0.8252888911003284,24758.666733009853,19.348777861001935,15.0,25.218127225680497,0,0,16.537415053089642
613,0.8246079029610052,24738.237088830156,19.245290811245404,15.0,24.978619824942868,0,0,16.537415053089642
614,0.8239513147429504,24718.53944228851,19.141001359460994,15.0,24.737255368423902,0,0,16.537415053089642
615,0.8233193185478905,24699.579556436714,19.035940408864008,15.0,24.49410537762112,0,0,16.537415053089642
616,0.8227120991904053,24681.36297571216,18.930139091281507,15.0,24.249241903124382,0,0,16.537415053089642
617,0.8221298341431625,24663.895024294878,18.82362875792729,15.0,24.002737503265806,0,0,16.537415053089642
618,0.8215726934843294,24647.180804529882,18.71644097011179,15.0,23.75466522261906,0,0,16.537415053089642
619,0.8210408398471742,24631.225195415227,18.60860748988985,15.0,23.505098570354733,0,0,16.537415053089642
620,0.8205344283718756,24616.03285115627,18.500160270648877,15.0,23.254111498457945,0,0,16.537415053089642
621,0.8200536066595502,24601.608199786504,18.391131447640443,15.0,23.00177837981491,0,0,16.537415053089642
622,0.8195985147285155,24587.955441855465,18.281553328457825,15.0,22.748173986174436,0,0,16.537415053089642
623,0.8191692849727998,24575.078549183996,18.17145838346263,15.0,22.493373465991603,0,0,16.537415053089642
624,0.8187660421229107,24562.98126368732,18.060879236163096,15.0,22.237452322159555,0,0,16.537415053089642
625,0.8183889032088744,24551.667096266232,17.94984865354706,15.0,21.980486389636468,0,0,16.537415053089642
626,0.8180379775255578,24541.139325766737,17.83839953637242,15.0,21.722551812973975,0,0,16.537415053089642
627,0.8177133666002819,24531.40099800846,17.726564909417817,15.0,21.463725023753724,0,0,16.537415053089642
628,0.817415164162737,24522.45492488211,17.61437791169684,15.0,21.20408271793938,0,0,16.537415053089642
629,0.817143456117208,24514.30368351624,17.501871786638084,15.0,20.94370183314964,0,0,16.537415053089642
630,0.8168983205171201,24506.949615513604,17.389079872234507,15.0,20.682659525860206,0,0,16.537415053089642
631,0.8166798275419097,24500.394826257292,17.276035591164586,15.0,20.421033148540445,0,0,16.537415053089642
632,0.8164880394762281,24494.64118428684,17.162772440888496,15.0,20.15890022673233,0,0,16.537415053089642
633,0.8163230106914853,24489.690320744558,17.049323983722072,15.0,19.896338436077848,0,0,16.537415053089642
634,0.8161847876297392,24485.543628892177,16.935723836891615,15.0,19.633425579302177,0,0,16.537415053089642
635,0.8160734087899337,24482.20226369801,16.822005662572305,15.0,19.370239563158872,0,0,16.537415053089642
636,0.8159889047164898,24479.667141494694,16.70820315791343,15.0,19.10685837534451,0,0,16.537415053089642
637,0.8159312979902557,24477.93893970767,16.5943500450532,15.0,18.843360061389326,0,0,16.537415053089642
638,0.8159006032218149,24477.018096654447,16.480480061126087,15.0,18.579822701530475,0,0,16.537415053089642
639,0.8158968270471569,24476.904811414708,16.366626948265857,15.0,18.316324387575293,0,0,16.537415053089642
640,0.8159199681257113,24477.59904377134,16.252824443606983,15.0,18.052943199760932,0,0,16.537415053089642
641,0.8159700171407445,24479.100514222333,16.139106269287673,15.0,17.789757183617624,0,0,16.537415053089642
642,0.81604695680212,24481.4087040636,16.025506122457216,15.0,17.526844326841953,0,0,16.537415053089642
643,0.8161507618514235,24484.522855542706,15.912057665290803,15.0,17.264282536187498,0,0,16.537415053089642
644,0.8162813990694456,24488.44197208337,15.798794515014704,15.0,17.002149614379356,0,0,16.537415053089642
645,0.8164388272860267,24493.1648185808,15.68575023394477,15.0,16.74052323705957,0,0,16.537415053089642
646,0.8166229973922559,24498.689921767676,15.572958319541193,15.0,16.479480929770133,0,0,16.537415053089642
647,0.8168338523550231,24505.015570650696,15.460452194482448,15.0,16.219100044980422,0,0,16.537415053089642
648,0.81707132723392,24512.1398170176,15.34826519676147,15.0,15.959457739166076,0,0,16.537415053089642
649,0.8173353492004819,24520.060476014456,15.236430569806867,15.0,15.700630949945829,0,0,16.537415053089642
650,0.8176258375597694,24528.77512679308,15.124981452632218,15.0,15.442696373283308,0,0,16.537415053089642
651,0.8179427037742796,24538.281113228386,15.013950870016195,15.0,15.185730440760247,0,0,16.537415053089642
652,0.818285851490182,24548.575544705458,14.903371722716667,15.0,14.929809296928225,0,0,16.537415053089642
653,0.8186551765658698,24559.655296976096,14.793276777721463,15.0,14.675008776745363,0,0,16.537415053089642
654,0.8190505671028201,24571.5170130846,14.683698658538846,15.0,14.421404383104894,0,0,16.537415053089642
655,0.8194719034787505,24584.157104362515,14.574669835530415,15.0,14.169071264461856,0,0,16.537415053089642
656,0.8199190583830671,24597.571751492014,14.466222616289443,15.0,13.918084192565072,0,0,16.537415053089642
657,0.8203918968545887,24611.75690563766,14.358389136067501,15.0,13.66851754030074,0,0,16.537415053089642
658,0.8208902763215388,24626.70828964616,14.251201348252001,15.0,13.420445259653992,0,0,16.537415053089642
659,0.8214140466437926,24642.42139931378,14.144691014897782,15.0,13.173940859795422,0,0,16.537415053089642
660,0.8219630501573671,24658.891504721014,14.038889697315279,15.0,12.92907738529868,0,0,16.537415053089642
661,0.8225371217211402,24676.11365163421,13.933828746718296,15.0,12.6859273944959,0,0,16.537415053089642
662,0.8231360887657855,24694.082662973564,13.829539294933877,15.0,12.444562937976913,0,0,16.537415053089642
663,0.8237597713449079,24712.793140347236,13.726052245177364,15.0,12.205055537239328,0,0,16.537415053089642
664,0.8244079821883664,24732.239465650993,13.623398262894995,15.0,11.967476163494883,0,0,16.537415053089642
665,0.8250805267577662,24752.415802732987,13.521607766677203,15.0,11.731895216639469,0,0,16.537415053089642
666,0.8257772033041038,24773.316099123113,13.420710919244815,15.0,11.498382504391852,0,0,16.537415053089642
667,0.8264978029275502,24794.934087826503,13.32073761851128,15.0,11.267007221608331,0,0,16.537415053089642
668,0.8272421096393523,24817.26328918057,13.221717488723199,15.0,11.037837929778657,0,0,16.537415053089642
669,0.8280099004258357,24840.29701277507,13.12367987168204,15.0,10.810942536709856,0,0,16.537415053089642
670,0.8288009453144871,24864.028359434615,13.026653818049585,15.0,10.586388276403747,0,0,16.537415053089642
671,0.8296150074421015,24888.450223263044,12.930668078739501,15.0,10.364241689133909,0,0,16.537415053089642
672,0.8304518431249686,24913.555293749057,12.835751096397896,15.0,10.14456860172847,0,0,16.537415053089642
673,0.8313112019310824,24939.336057932473,12.741930996975094,15.0,9.927434108064134,0,0,16.537415053089642
674,0.8321928267543499,24965.784802630496,12.64923558139139,15.0,9.712902549777567,0,0,16.537415053089642
675,0.8330964538907758,24992.893616723275,12.557692317298931,15.0,9.501037497199444,0,0,16.537415053089642
676,0.8340218131166053,25020.65439349816,12.46732833094254,15.0,9.291901730517257,0,0,16.537415053089642
677,0.8349686277683963,25049.058833051888,12.378170399121577,15.0,9.085557221172177,0,0,16.537415053089642
678,0.8359366148250005,25078.098444750016,12.290244941255436,15.0,8.88206511349562,0,0,16.537415053089642
679,0.8369254849914297,25107.764549742893,12.203578011554889,15.0,8.681485706590856,0,0,16.537415053089642
680,0.8379349427845795,25138.048283537384,12.118195291301593,15.0,8.48387843646492,0,0,16.537415053089642
681,0.8389646866207868,25168.940598623605,12.0341220812383,15.0,8.289301858416732,0,0,16.537415053089642
682,0.8400144089051969,25200.432267155906,11.951383294071576,15.0,8.097813629685636,0,0,16.537415053089642
683,0.8410837961229091,25232.513883687272,11.87000344708973,15.0,7.909470492366489,0,0,16.537415053089642
684,0.842172528931879,25265.175867956368,11.790006654897736,15.0,7.724328256595645,0,0,16.537415053089642
685,0.8432802822575458,25298.408467726375,11.71141662227159,15.0,7.542441784013258,0,0,16.537415053089642
686,0.8444067253891592,25332.201761674776,11.634256637134065,15.0,7.363864971506565,0,0,16.537415053089642
687,0.845551522077776,25366.54566233328,11.55854956365402,15.0,7.188650735239152,0,0,16.537415053089642
688,0.846714330635898,25401.429919076938,11.484317835471213,15.0,7.0168509949706435,0,0,16.537415053089642
689,0.847894804038721,25436.84412116163,11.411583449048745,15.0,6.848516658671803,0,0,16.537415053089642
690,0.8490925900269667,25472.777700809,11.34036795715507,15.0,6.683697607439461,0,0,16.537415053089642
691,0.8503073312112635,25509.219936337904,11.270692462477387,15.0,6.522442680715571,0,0,16.537415053089642
692,0.8515386651780498,25546.159955341493,11.20257761136848,15.0,6.364799661815083,0,0,16.537415053089642
693,0.852786224596964,25583.586737908918,11.136043587728771,15.0,6.210815263766701,0,0,16.537415053089642
694,0.854049637329693,25621.48911989079,11.0711101070254,15.0,6.060535115470851,0,0,16.537415053089642
695,0.8553285265402447,25659.855796207343,11.007796410450068,15.0,5.91400374817877,0,0,16.537415053089642
696,0.8566225108066129,25698.675324198386,10.946121259217495,15.0,5.771264582296991,0,0,16.537415053089642
697,0.8579312042338001,25737.936127014003,10.886102929006046,15.0,5.632359914520913,0,0,16.537415053089642
698,0.8592542165681674,25777.62649704502,10.827759204542271,15.0,5.497330905301441,0,0,16.537415053089642
699,0.8605911533130742,25817.734599392228,10.771107374330882,15.0,5.366217566648137,0,0,16.537415053089642
700,0.8619416158457773,25858.24847537332,10.716164225531827,15.0,5.23905875027293,0,0,16.537415053089642
701,0.8633052015355499,25899.1560460665,10.662946038985858,15.0,5.115892136077413,0,0,16.537415053089642
702,0.8646815038629909,25940.44511588973,10.611468584390188,15.0,4.99675422098751,0,0,16.537415053089642
703,0.8660701125404849,25982.10337621455,10.561747115625598,15.0,4.881680308138696,0,0,16.537415053089642
704,0.8674706136337795,26024.118409013387,10.513796366236356,15.0,4.770704496414832,0,0,16.537415053089642
705,0.8688825896846427,26066.477690539283,10.467630545064367,15.0,4.663859670343988,0,0,16.537415053089642
706,0.8703056198345651,26109.168595036954,10.423263332038779,15.0,4.561177490354018,0,0,16.537415053089642
707,0.8717392799494691,26152.178398484073,10.380707874122344,15.0,4.4626883833909385,0,0,16.537415053089642
708,0.8731831427453891,26195.494282361673,10.339976781415661,15.0,4.368421533902696,0,0,16.537415053089642
709,0.8746367779150847,26239.10333745254,10.301082123420542,15.0,4.278404875191233,0,0,16.537415053089642
710,0.8760997522555505,26282.992567666515,10.264035425463579,15.0,4.1926650811352655,0,0,16.537415053089642
711,0.8775716297963831,26327.148893891495,10.228847665280897,15.0,4.111227558286174,0,0,16.537415053089642
712,0.879051971928969,26371.55915786907,10.195529269765261,15.0,4.03411643833955,0,0,16.537415053089642
713,0.880540337536453,26416.21012609359,10.164090111876327,15.0,3.9613545709844145,0,0,16.537415053089642
714,0.8820362831244514,26461.08849373354,10.134539507715091,15.0,3.892963517132416,0,0,16.537415053089642
715,0.8835393629524685,26506.180888574054,10.106886213763326,15.0,3.8289635425287973,0,0,16.537415053089642
716,0.8850491291659797,26551.47387497939,10.08113842428883,15.0,3.769373611747268,0,0,16.537415053089642
717,0.8865651319291397,26596.95395787419,10.057303768917306,15.0,3.7142113825703724,0,0,16.537415053089642
718,0.8880869195580791,26642.60758674237,10.03538931037154,15.0,3.663493200757123,0,0,16.537415053089642
719,0.8896140386547478,26688.421159642432,10.015401542378548,15.0,3.6172340951993642,0,0,16.537415053089642
720,0.891146034241267,26734.38102723801,9.997346387745363,15.0,3.575447773468443,0,0,16.537415053089642
721,0.8926824498947485,26780.473496842456,9.981229196603959,15.0,3.5381466177533,0,0,16.537415053089642
722,0.894222827882543,26826.684836476292,9.967054744825912,15.0,3.5053416811913998,0,0,16.537415053089642
723,0.8957667092978759,26873.001278936277,9.954827232607192,15.0,3.4770426845934392,0,0,16.537415053089642
724,0.8973136341958313,26919.40902587494,9.944550283223563,15.0,3.4532580135628477,0,0,16.537415053089642
725,0.8988631417296439,26965.894251889316,9.936226941956917,15.0,3.433994716010969,0,0,16.537415053089642
726,0.9004147702872578,27012.443108617736,9.929859675192906,15.0,3.4192585000686,0,0,16.537415053089642
727,0.9019680576281118,27059.041728843356,9.925450369690095,15.0,3.4090537323945647,0,0,16.537415053089642
728,0.9035225410201115,27105.676230603345,9.923000332020857,15.0,3.4033834368817573,0,0,16.537415053089642
729,0.9050777573767463,27152.33272130239,9.922510288184235,15.0,3.4022492937611135,0,0,16.537415053089642
730,0.9066332433943131,27198.997301829393,9.923980383390791,15.0,3.4056516391037173,0,0,16.537415053089642
731,0.9081885356892019,27245.656070676057,9.927410182019587,15.0,3.4135894647212153,0,0,16.537415053089642
732,0.9097431709352071,27292.295128056212,9.93279866774727,15.0,3.4260604184645636,0,0,16.537415053089642
733,0.9112966860008209,27338.900580024627,9.940144243849227,15.0,3.443060804921027,0,0,16.537415053089642
734,0.912848618086469,27385.45854259407,9.949444733672728,15.0,3.4645855865091915,0,0,16.537415053089642
735,0.9143985048616483,27431.95514584945,9.960697381281916,15.0,3.4906283849717417,0,0,16.537415053089642
736,0.9159458846019255,27478.376538057764,9.97389885227445,15.0,3.52118148326543,0,0,16.537415053089642
737,0.9174902963257555,27524.708889772664,9.989045234769568,15.0,3.5562358278478534,0,0,16.537415053089642
738,0.9190312799310807,27570.93839793242,10.006132040567252,15.0,3.595781031360171,0,0,16.537415053089642
739,0.9205683763316691,27617.05128995007,10.025154206478177,15.0,3.6398053757051323,0,0,16.537415053089642
740,0.9221011275931512,27663.033827794538,10.046106095824051,15.0,3.6882958155193775,0,0,16.537415053089642
741,0.9236290770687162,27708.872312061485,10.068981500107885,15.0,3.7412379820390815,0,0,16.537415053089642
742,0.9251517695344258,27754.553086032774,10.093773640853696,15.0,3.798616187357725,0,0,16.537415053089642
743,0.9266687513241074,27800.06253972322,10.120475171615126,15.0,3.860413429074749,0,0,16.537415053089642
744,0.9281795704637849,27845.387113913544,10.14907818015234,15.0,3.9266113953337287,0,0,16.537415053089642
745,0.9296837768056082,27890.513304168246,10.17957419077661,15.0,3.9971904702485994,0,0,16.537415053089642
746,0.9311809221612423,27935.42766483727,10.21195416686182,15.0,4.072129739716242,0,0,16.537415053089642
747,0.9326705604346746,27980.116813040237,10.246208513522253,15.0,4.151406997613799,0,0,16.537415053089642
748,0.9341522477544028,28024.567432632084,10.282327080455715,15.0,4.234998752378798,0,0,16.537415053089642
749,0.9356255426049641,28068.766278148923,10.32029916495132,15.0,4.322880233970253,0,0,16.537415053089642
750,0.9370900059577653,28112.700178732957,10.360113515060933,15.0,4.415025401208524,0,0,16.537415053089642
751,0.9385452014011764,28156.35604203529,10.401758332933358,15.0,4.51140694949193,0,0,16.537415053089642
752,0.9399906952698494,28199.72085809548,10.44522127831027,15.0,4.611996318887577,0,0,16.537415053089642
753,0.9414260567732217,28242.78170319665,10.49048947218296,15.0,4.7167637025944575,0,0,16.537415053089642
754,0.9428508581231698,28285.525743695096,10.537549500608627,15.0,4.825678055775725,0,0,16.537415053089642
755,0.9442646746607712,28327.940239823136,10.58638741868519,15.0,4.938707104757928,0,0,16.537415053089642
756,0.9456670849821405,28370.012549464212,10.63698875468352,15.0,5.055817356594502,0,0,16.537415053089642
757,0.9470576710633001,28411.730131899003,10.689338514335692,15.0,5.176974108990372,0,0,16.537415053089642
758,0.9484360183840503,28453.08055152151,10.743421185278141,15.0,5.3021414605850765,0,0,16.537415053089642
759,0.9498017160508003,28494.05148152401,10.799220741648242,15.0,5.431282321590944,0,0,16.537415053089642
760,0.9511543569183244,28534.63070754973,10.856720648833196,15.0,5.5643584247837925,0,0,16.537415053089642
761,0.9524935377104085,28574.806131312253,10.915903868369561,15.0,5.701330336842231,0,0,16.537415053089642
762,0.9538188591393492,28614.565774180475,10.976752862992111,15.0,5.842157470032632,0,0,16.537415053089642
763,0.9551299260242717,28653.89778072815,11.039249601830498,15.0,5.986798094236105,0,0,16.537415053089642
764,0.9564263474082304,28692.79042224691,11.103375565752222,15.0,6.135209349314115,0,0,16.537415053089642
765,0.9577077366740573,28731.232100221718,11.169111752850231,15.0,6.287347257808819,0,0,16.537415053089642
766,0.9589737116589255,28769.211349767767,11.236438684073565,15.0,6.443166737974494,0,0,16.537415053089642
767,0.9602238947675927,28806.71684302778,11.30533640899948,15.0,6.6026216171363235,0,0,16.537415053089642
768,0.9614579130842896,28843.73739252869,11.375784511745142,15.0,6.765664645372293,0,0,16.537415053089642
769,0.962675398483224,28880.26195449672,11.447762117017323,15.0,6.9322475095143945,0,0,16.537415053089642
770,0.9638759877376641,28916.279632129925,11.521247896298165,15.0,7.102320847464798,0,0,16.537415053089642
771,0.9650593226275704,28951.77967882711,11.596220074165315,15.0,7.275834262823002,0,0,16.537415053089642
772,0.9662250500457437,28986.75150137231,11.672656434744441,15.0,7.452736339819312,0,0,16.537415053089642
773,0.9673728221024588,29021.184663073764,11.750534328292282,15.0,7.632974658550468,0,0,16.537415053089642
774,0.9685022962285519,29055.068886856556,11.82983067790822,15.0,7.816495810512739,0,0,16.537415053089642
775,0.9696131352769306,29088.394058307917,11.910521986372514,15.0,8.003245414428099,0,0,16.537415053089642
776,0.9707050076224782,29121.15022867435,11.992584343109016,15.0,8.193168132358544,0,0,16.537415053089642
777,0.9717775872603218,29153.327617809653,12.075993431270355,15.0,8.386207686103845,0,0,16.537415053089642
778,0.9728305539024336,29184.916617073006,12.160724534943606,15.0,8.582306873878109,0,0,16.537415053089642
779,0.9738635930725399,29215.907792176196,12.2467525464741,15.0,8.781407587259832,0,0,16.537415053089642
780,0.9748763961993072,29246.291885979215,12.334051973905396,15.0,8.983450828410719,0,0,16.537415053089642
781,0.9758686607077783,29276.05982123335,12.42259694853305,15.0,9.18837672755792,0,0,16.537415053089642
782,0.9768400901090319,29305.20270327096,12.512361232570132,15.0,9.39612456073488,0,0,16.537415053089642
783,0.9777903940880386,29333.71182264116,12.603318226922008,15.0,9.606632767775057,0,0,16.537415053089642
784,0.9787192885896874,29361.57865769062,12.695440979068252,15.0,9.819838970553594,0,0,16.537415053089642
785,0.9796264959029575,29388.794877088723,12.78870219104921,15.0,10.035679991471191,0,0,16.537415053089642
786,0.9805117447432101,29415.352342296304,12.883074227555039,15.0,10.254091872175145,0,0,16.537415053089642
787,0.9813747703325761,29441.243109977284,12.97852912411463,15.0,10.47500989251154,0,0,16.537415053089642
788,0.982215314478415,29466.45943435245,13.075038595382003,15.0,10.698368589703046,0,0,16.537415053089642
789,0.9830331256498235,29490.993769494704,13.17257404351799,15.0,10.92410177774724,0,0,16.537415053089642
790,0.9838279590521687,29514.83877156506,13.271106566664338,15.0,11.152142567028827,0,0,16.537415053089642
791,0.984599576699627,29537.98730098881,13.370606967507946,15.0,11.382423384140445,0,0,16.537415053089642
792,0.985347747485704,29560.432424571118,13.47104576193261,15.0,11.61487599190602,0,0,16.537415053089642
793,0.9860722472517159,29582.167417551478,13.572393187755909,15.0,11.849431509601184,0,0,16.537415053089642
794,0.9867728588532138,29603.185765596412,13.674619213548311,15.0,12.086020433363894,0,0,16.537415053089642
795,0.9874493722243267,29623.4811667298,13.777693547532195,15.0,12.324572656790128,0,0,16.537415053089642
796,0.98810158444001,29643.047533200297,13.881585646557822,15.0,12.56501749170759,0,0,16.537415053089642
797,0.9887292997761753,29661.87899328526,13.986264725154097,15.0,12.807283689122515,0,0,16.537415053089642
798,0.9893323297676888,29679.969893030666,14.091699764650883,15.0,13.051299460332096,0,0,16.537415053089642
799,0.989910493264217,29697.31479792651,14.197859522370482,15.0,13.296992498196992,0,0,16.537415053089642
800,0.9904636164839052,29713.908494517156,14.304712540885578,15.0,13.54428999856761,0,0,16.537415053089642
801,0.9909915330648735,29729.745991946205,14.412227157340705,15.0,13.793118681857477,0,0,16.537415053089642
802,0.9914940841145127,29744.82252343538,14.520371512834666,15.0,14.043404814757597,0,0,16.537415053089642
803,0.9919711182565683,29759.13354769705,14.629113561860958,15.0,14.295074232085122,0,0,16.537415053089642
804,0.992422491675996,29772.674750279883,14.73842108180362,15.0,14.548052358760252,0,0,16.537415053089642
805,0.9928480681615778,29785.442044847332,14.848261682485456,15.0,14.802264231904369,0,0,16.537415053089642
806,0.9932477191462832,29797.431574388494,14.958602815765905,15.0,15.057634523053059,0,0,16.537415053089642
807,0.9936213237453678,29808.639712361033,15.069411785185832,15.0,15.314087560477745,0,0,16.537415053089642
808,0.9939687687921931,29819.063063765792,15.180655755656144,15.0,15.571547351608725,0,0,16.537415053089642
809,0.9942899488717605,29828.698466152815,15.292301763187561,15.0,15.829937605553477,0,0,16.537415053089642
810,0.9945847663519481,29837.542990558446,15.40431672465851,15.0,16.089181755703187,0,0,20.537415053089642
811,0.994728027882877,29841.84083648631,19.269773334555587,15.0,16.34920298242124,0,0,20.537415053089642
812,0.9948438467429633,29845.3154022889,19.40967460474218,15.0,16.60992423580645,0,0,20.537415053089642
813,0.9949321466435026,29847.964399305078,19.549910048762264,15.0,16.871268258524633,0,0,20.537415053089642
814,0.9949928594502515,29849.785783507545,19.690438111827216,15.0,17.133157608701538,0,0,20.537415053089642
815,0.9950259252036183,29850.77775610855,19.83121715243913,15.0,17.395514682870704,0,0,20.537415053089642
816,0.9950312921364297,29850.93876409289,19.972205454730016,15.0,17.658261738968953,0,0,20.537415053089642
817,0.9950089166892708,29850.267500678125,20.113361240823107,15.0,17.92132091937296,0,0,20.537415053089642
818,0.9949587635233926,29848.76290570178,20.2546426832126,15.0,18.18461427397032,0,0,20.537415053089642
819,0.9948808055311836,29846.42416593551,20.396007917158016,15.0,18.448063783257723,0,0,20.537415053089642
820,0.9947750238442025,29843.250715326074,20.537415053089653,15.0,18.711591381459915,0,0,20.537415053089642
821,0.994641407838769,29839.24223516307,20.678822189021247,15.0,18.975118979662028,0,0,20.537415053089642
822,0.9944799551391124,29834.398654173372,20.82018742296666,15.0,19.238568488949433,0,0,20.537415053089642
823,0.994290671618075,29828.720148542252,20.961468865356156,15.0,19.501861843546784,0,0,20.537415053089642
824,0.9940735713953724,29822.207141861174,21.102624651449275,15.0,19.764921023950848,0,0,20.537415053089642
825,0.9938286768334089,29814.86030500227,21.243612953740147,15.0,20.027668080049068,0,0,20.537415053089642
826,0.9935560185306518,29806.680555919553,21.384391994352043,15.0,20.29002515421821,0,0,20.537415053089642
827,0.9932556353125636,29797.669059376905,21.524920057417027,15.0,20.55191450439517,0,0,20.537415053089642
828,0.9929275742200975,29787.827226602923,21.665155501437095,15.0,20.813258527113327,0,0,20.537415053089642
829,0.9925718904957587,29777.15671487276,21.80505677162369,15.0,21.073979780498533,0,0,20.537415053089642
830,0.9921886475672338,29765.659427017014,21.94458241221113,15.0,21.334001007216592,0,0,20.537415053089642
831,0.991777917028597,29753.33751085791,22.08369107874092,15.0,21.593245157366322,0,0,20.537415053089642
832,0.9913397786190941,29740.193358572822,22.222341550312926,15.0,21.85163541131105,0,0,20.537415053089642
833,0.9908743201995147,29726.22960598544,22.360492741800112,15.0,22.10909520244203,0,0,20.537415053089642
834,0.9903816377261571,29711.449131784713,22.498103716022893,15.0,22.365548239866712,0,0,20.537415053089642
835,0.9898618352223942,29695.855056671826,22.635133695879734,15.0,22.620918531015434,0,0,20.537415053089642
836,0.989315024747849,29679.45074243547,22.771542076430222,15.0,22.87513040415952,0,0,20.537415053089642
837,0.9887413263651894,29662.239790955682,22.907288436927296,15.0,23.128108530834655,0,0,20.537415053089642
838,0.9881408681045508,29644.226043136525,23.042332552794683,15.0,23.379777948162207,0,0,20.537415053089642
839,0.9875137859255978,29625.413577767933,23.176634407546356,15.0,23.6300640810623,0,0,20.537415053089642
840,0.9868602236772366,29605.806710317098,23.31015420464428,15.0,23.878892764352166,0,0,20.537415053089642
841,0.9861803330549896,29585.40999164969,23.44285237929099,15.0,24.126190264722787,0,0,20.537415053089642
842,0.9854742735560444,29564.228206681335,23.57468961015348,15.0,24.371883302587705,0,0,20.537415053089642
843,0.9847422124319919,29542.266372959755,23.705626831014953,15.0,24.615899073797266,0,0,20.537415053089642
844,0.9839843246392649,29519.529739177946,23.83562524235101,15.0,24.858165271212187,0,0,20.537415053089642
845,0.9832007927872963,29496.02378361889,23.96464632282679,15.0,25.098610106129648,0,0,20.537415053089642
846,0.982391807084407,29471.75421253221,24.092651840711646,15.0,25.33716232955586,0,0,20.537415053089642
847,0.9815575652814431,29446.726958443294,24.219603865208022,15.0,25.573751253318598,0,0,20.537415053089642
848,0.9806982726131783,29420.94817839535,24.34546477769123,15.0,25.808306771013758,0,0,20.537415053089642
849,0.9798141417374984,29394.42425212495,24.470197282856606,15.0,26.040759378779356,0,0,20.537415053089642
850,0.9789053926723859,29367.161780171577,24.593764419770892,15.0,26.271040195890926,0,0,20.537415053089642
851,0.9779722527307244,29339.16758192173,24.71612957282465,15.0,26.499080985172515,0,0,20.537415053089642
852,0.9770149564529405,29310.448693588212,24.837256482582156,15.0,26.724814173216735,0,0,20.537415053089642
853,0.9760337455375044,29281.012366125135,24.95710925652594,15.0,26.948172870408264,0,0,20.537415053089642
854,0.97502886876931,29250.866063079302,25.07565237969242,15.0,27.169090890744606,0,0,20.537415053089642
855,0.9740005819459536,29220.01745837861,25.192850725195846,15.0,27.387502771448567,0,0,20.537415053089642
856,0.9729491478019364,29188.47443405809,25.308669564637096,15.0,27.603343792366164,0,0,20.537415053089642
857,0.9718748359308099,29156.245077924297,25.423074578394495,15.0,27.81654999514472,0,0,20.537415053089642
858,0.9707779227052904,29123.33768115871,25.536031865793337,15.0,28.02705820218488,0,0,20.537415053089642
859,0.9696586911953627,29089.760735860884,25.647507955151603,15.0,28.234806035361835,0,0,20.537415053089642
860,0.9685174310844018,29055.522932532054,25.75746981369818,15.0,28.439731934509076,0,0,20.537415053089642
861,0.9673544385833317,29020.63315749995,25.865884857361145,15.0,28.641775175659944,0,0,20.537415053089642
862,0.9661700163428529,28985.10049028559,25.972720960423317,15.0,28.84087588904167,0,0,20.537415053089642
863,0.9649644733637606,28948.934200912816,26.077946465041624,15.0,29.036975076815917,0,0,20.537415053089642
864,0.96373812490538,28912.1437471614,26.18153019062814,15.0,29.230014630561257,0,0,20.537415053089642
865,0.9624912923921494,28874.73877176448,26.283441443089405,15.0,29.41993734849168,0,0,20.537415053089642
866,0.9612243033183743,28836.729099551227,26.3836500239219,15.0,29.606686952407042,0,0,20.537415053089642
867,0.9599374911511841,28798.124734535522,26.482126239160458,15.0,29.79020810436931,0,0,20.537415053089642
868,0.9586311952317189,28758.935856951568,26.578840908177213,15.0,29.97044642310047,0,0,20.537415053089642
869,0.9573057606745747,28719.172820237243,26.673765372328454,15.0,30.147348500096776,0,0,20.537415053089642
870,0.9559615382655393,28678.84614796618,26.766871503446815,15.0,30.320861915454984,0,0,20.537415053089642
871,0.9545988843576462,28637.966530729384,26.858131712176267,15.0,30.490935253405404,0,0,20.537415053089642
872,0.9532181607655796,28596.54482296739,26.94751895614738,15.0,30.65751811754749,0,0,20.537415053089642
873,0.9518197346584618,28554.592039753854,27.035006747990643,15.0,30.820561145783458,0,0,20.537415053089642
874,0.9504039784510515,28512.119353531547,27.120569163185195,15.0,30.980016024945286,0,0,20.537415053089642
875,0.948971269693391,28469.138090801727,27.204180847740837,15.0,31.135835505110983,0,0,20.537415053089642
876,0.9475219909589282,28425.659728767845,27.28581702571092,15.0,31.287973413605663,0,0,20.537415053089642
877,0.9460565297311534,28381.695891934603,27.365453506534074,15.0,31.43638466868368,0,0,20.537415053089642
878,0.9445752782887787,28337.258348663363,27.443066692202333,15.0,31.58102529288715,0,0,20.537415053089642
879,0.9430786335894978,28292.359007684936,27.518633584253763,15.0,31.721852426077554,0,0,20.537415053089642
880,0.9415669971523583,28247.009914570746,27.59213179058737,15.0,31.85882433813599,0,0,20.537415053089642
881,0.9400407749387831,28201.223248163493,27.663539532098397,15.0,31.991900441328838,0,0,20.537415053089642
882,0.9385003772322761,28155.01131696828,27.732835649131932,15.0,32.121041302334724,0,0,20.537415053089642
883,0.936946218516845,28108.38655550535,27.799999607752966,15.0,32.2462086539294,0,0,20.537415053089642
884,0.935378717354182,28061.361520625458,27.86501150583104,15.0,32.36736540632528,0,0,20.537415053089642
885,0.933798296259634,28013.948887789018,27.92785207893768,15.0,32.484475658161855,0,0,20.537415053089642
886,0.9322053815770027,27966.16144731008,27.988502706054877,15.0,32.59750470714407,0,0,20.537415053089642
887,0.9306004033522097,27918.01210056629,28.04694541509285,15.0,32.70641906032532,0,0,20.537415053089642
888,0.9289837952058643,27869.513856175927,28.103162888215625,15.0,32.811186444032195,0,0,20.537415053089642
889,0.9273559942047724,27820.679826143172,28.15713846697264,15.0,32.91177581342785,0,0,20.537415053089642
890,0.9257174407324247,27771.52322197274,28.208856157235026,15.0,33.00815736171125,0,0,20.537415053089642
891,0.924068578358501,27722.05735075503,28.25830063393499,15.0,33.10030252894953,0,0,20.537415053089642
892,0.9224098537074311,27672.295611222933,28.305457245606995,15.0,33.18818401054098,0,0,20.537415053089642
893,0.9207417163260504,27622.251489781513,28.350312018729277,15.0,33.27177576530599,0,0,20.537415053089642
894,0.9190646185503896,27571.938556511686,28.39285166186451,15.0,33.35105302320354,0,0,20.537415053089642
895,0.917379015371637,27521.370461149112,28.433063569598353,15.0,33.42599229267118,0,0,20.537415053089642
896,0.9156853643013163,27470.56092903949,28.470935826274705,15.0,33.49657136758605,0,0,20.537415053089642
897,0.9139841252357145,27419.523757071434,28.50645720952657,15.0,33.56276933384504,0,0,20.537415053089642
898,0.9122757603196054,27368.272809588165,28.53961719360146,15.0,33.62456657556206,0,0,20.537415053089642
899,0.9105607338093067,27316.8220142792,28.570405952480453,15.0,33.681944780880706,0,0,20.537415053089642
900,0.9088395119351095,27265.185358053284,28.598814362789806,15.0,33.73488694740041,0,0,20.537415053089642
901,0.9071125627631252,27213.376882893757,28.624834006504454,15.0,33.78337738721466,0,0,20.537415053089642
902,0.9053803560565872,27161.410681697616,28.64845717344241,15.0,33.82740173155962,0,0,20.537415053089642
903,0.9036433631366498,27109.300894099495,28.669676863549476,15.0,33.86694693507194,0,0,20.537415053089642
904,0.9019020567427257,27057.06170228177,28.688486788973524,15.0,33.90200127965436,0,0,20.537415053089642
905,0.9001569108924028,27004.707326772084,28.704881375927695,15.0,33.93255437794805,0,0,20.537415053089642
906,0.8984084007409832,26952.252022229495,28.718855766342045,15.0,33.9585971764106,0,0,20.537415053089642
907,0.8966570024406837,26899.71007322051,28.730405819303105,15.0,33.98012195799876,0,0,20.537415053089642
908,0.8949031929995419,26847.09578998626,28.73952811228092,15.0,33.99712234445522,0,0,20.537415053089642
909,0.8931474501400688,26794.423504202063,28.746219942143192,15.0,34.009593298198574,0,0,20.537415053089642
910,0.8913902521576885,26741.707564730656,28.75047932595632,15.0,34.01753112381607,0,0,20.537415053089642
911,0.88963207777901,26688.9623333703,28.752305001572953,15.0,34.02093346915868,0,0,20.537415053089642
912,0.887873406019969,26636.20218059907,28.751696428006007,15.0,34.01979932603803,0,0,20.537415053089642
913,0.8861147160438864,26583.44148131659,28.74865378558896,15.0,34.014129030525226,0,0,20.537415053089642
914,0.8843564870194803,26530.69461058441,28.743177975922432,15.0,34.003924262851186,0,0,20.537415053089642
915,0.88259919797888,26477.9759393664,28.735270621606997,15.0,33.98918804690882,0,0,20.537415053089642
916,0.8808433276756762,26425.299830270287,28.724934065762397,15.0,33.96992474935695,0,0,20.537415053089642
917,0.8790893544430579,26372.680633291737,28.712171371333213,15.0,33.94614007832635,0,0,20.537415053089642
918,0.8773377560520708,26320.13268156212,28.696986320181235,15.0,33.9178410817284,0,0,20.537415053089642
919,0.8755890095700436,26267.670287101308,28.679383411964853,15.0,33.885036145166495,0,0,20.537415053089642
920,0.8738435912192234,26215.307736576702,28.65936786280567,15.0,33.84773498945135,0,0,20.537415053089642
921,0.8721019762356597,26163.05928706979,28.636945603742866,15.0,33.80594866772043,0,0,20.537415053089642
922,0.8703646387283822,26110.939161851467,28.612123278975716,15.0,33.75968956216267,0,0,20.537415053089642
923,0.8686320515389123,26058.96154616737,28.584908243894763,15.0,33.70897138034942,0,0,20.537415053089642
924,0.8669046861011497,26007.140583034492,28.555308562902248,15.0,33.65380915117253,0,0,20.537415053089642
925,0.8651830123016763,25955.490369050287,28.52333300702246,15.0,33.594219220391,0,0,20.537415053089642
926,0.8634674983405185,25904.024950215557,28.48899105130269,15.0,33.53021924578737,0,0,20.537415053089642
927,0.8617586105924101,25852.758317772303,28.4522928720056,15.0,33.461828191935375,0,0,20.537415053089642
928,0.8600568134685946,25801.70440405784,28.4132493435937,15.0,33.389066324580256,0,0,20.537415053089642
929,0.858362569279211,25750.87707837633,28.371872035507106,15.0,33.311955204633634,0,0,20.537415053089642
930,0.8566763380963,25700.290142889,28.32817320873518,15.0,33.23051768178452,0,0,20.537415053089642
931,0.8549985776174762,25649.957328524288,28.282165812183408,15.0,33.14477788772856,0,0,20.537415053089642
932,0.8533297430303018,25599.892290909054,28.233863478836323,15.0,33.05476122901711,0,0,20.537415053089642
933,0.8516702868774042,25550.108606322126,28.183280521717705,15.0,32.96049437952885,0,0,20.537415053089642
934,0.8500206589223788,25500.619767671364,28.13043192964945,15.0,32.86200527256577,0,0,20.537415053089642
935,0.8483813060165134,25451.439180495403,28.07533336280995,15.0,32.759323092575805,0,0,20.537415053089642
936,0.8467526719663775,25402.580158991324,28.01800114809368,15.0,32.65247826650497,0,0,20.537415053089642
937,0.8451351974023118,25354.055922069354,27.958452274273178,15.0,32.54150245478109,0,0,20.537415053089642
938,0.8435293196478607,25305.879589435823,27.89670438696495,15.0,32.426428541932275,0,0,20.537415053089642
939,0.8419354725901838,25258.064177705513,27.83277578340062,15.0,32.30729062684239,0,0,20.537415053089642
940,0.8403540865514851,25210.622596544556,27.766685407005117,15.0,32.18412401264686,0,0,20.537415053089642
941,0.8387855881615005,25163.567644845014,27.698452841783315,15.0,32.056965196271655,0,0,20.537415053089642
942,0.8372304002310764,25116.912006932293,27.628098306516872,15.0,31.925851857618355,0,0,20.537415053089642
943,0.8356889416268838,25070.668248806513,27.555642648772963,15.0,31.790822848398882,0,0,20.537415053089642
944,0.8341616271472974,25024.84881441892,27.481107338726694,15.0,31.65191818062281,0,0,20.537415053089642
945,0.8326488673994829,24979.466021984485,27.40451446279904,15.0,31.50917901474103,0,0,20.537415053089642
946,0.8311510686777245,24934.532060331734,27.325886717112144,15.0,31.362647647448945,0,0,20.537415053089642
947,0.8296686328430318,24890.058985290954,27.24524740076398,15.0,31.212367499153103,0,0,20.537415053089642
948,0.8282019572040593,24846.05871612178,27.162620408924322,15.0,31.05838310110471,0,0,20.537415053089642
949,0.8267514343993754,24802.543031981262,27.078030225754087,15.0,30.900740082204234,0,0,20.537415053089642
950,0.825317452281115,24759.523568433448,26.99150191715016,15.0,30.739485155480338,0,0,20.537415053089642
951,0.8239003938000505,24717.011814001515,26.90306112331781,15.0,30.574666104247996,0,0,20.537415053089642
952,0.8225006368921157,24675.019106763473,26.81273405117295,15.0,30.40633176794916,0,0,20.537415053089642
953,0.8211185543664148,24633.556630992443,26.72054746657648,15.0,30.234532027680647,0,0,20.537415053089642
954,0.8197545137947511,24592.63541384253,26.62652868640298,15.0,30.059317791413235,0,0,20.537415053089642
955,0.8184088774027071,24552.266322081214,26.530705570446077,15.0,29.880740978906545,0,0,20.537415053089642
956,0.8170820019623105,24512.460058869314,26.433106513163093,15.0,29.698854506324157,0,0,20.537415053089642
957,0.8157742386863134,24473.227160589402,26.333760435261045,15.0,29.513712270553313,0,0,20.537415053089642
958,0.8144859331241214,24434.577993723644,26.23269677512688,15.0,29.325369133234165,0,0,20.537415053089642
959,0.8132174250593999,24396.522751781995,26.12994548010422,15.0,29.133880904503062,0,0,20.537415053089642
960,0.8119690484093876,24359.071452281627,26.025536997619348,15.0,28.93930432645488,0,0,20.537415053089642
961,0.8107411311259516,24322.23393377855,25.919502266158947,15.0,28.741697056328967,0,0,20.537415053089642
962,0.8095339950984066,24286.0198529522,25.811872706102356,15.0,28.54111764942418,0,0,20.537415053089642
963,0.8083479560581328,24250.438681743984,25.702680210411035,15.0,28.337625541747606,0,0,20.537415053089642
964,0.8071833234850175,24215.499704550526,25.591957135178085,15.0,28.13128103240257,0,0,20.537415053089642
965,0.8060404005157503,24181.21201547251,25.479736290040247,15.0,27.92214526572038,0,0,20.537415053089642
966,0.8049194838539963,24147.58451561989,25.366050928455845,15.0,27.71028021314221,0,0,20.537415053089642
967,0.8038208636824768,24114.625910474304,25.250934737851104,15.0,27.495748654855646,0,0,20.537415053089642
968,0.8027448235769818,24082.344707309454,25.13442182963769,15.0,27.278614161191356,0,0,20.537415053089642
969,0.8016916404223406,24050.74921267022,25.016546729104842,15.0,27.058941073785917,0,0,20.537415053089642
970,0.8006615843303745,24019.847529911236,24.89734436518879,15.0,26.836794486516034,0,0,20.537415053089642
971,0.7996549185598572,23989.647556795713,24.7768500601226,15.0,26.61224022620992,0,0,20.537415053089642
972,0.7986718994385049,23960.156983155146,24.655099518969333,15.0,26.385344833141147,0,0,20.537415053089642
973,0.7977127762870218,23931.383288610654,24.532128819041926,15.0,26.156175541311498,0,0,20.537415053089642
974,0.7967777913452204,23903.33374035661,24.407974399212645,15.0,25.92480025852793,0,0,20.537415053089642
975,0.7958671797002406,23876.01539100722,24.282673049115623,15.0,25.691287546280332,0,0,20.537415053089642
976,0.7949811692168886,23849.435076506656,24.156261898245088,15.0,25.45570659942492,0,0,20.537415053089642
977,0.7941199804701151,23823.599414103453,24.02877840495321,15.0,25.218127225680476,0,0,20.537415053089642
978,0.793283826679655,23798.51480038965,23.900260345350397,15.0,24.978619824942868,0,0,20.537415053089642
979,0.7924729136468451,23774.187409405353,23.77074580211134,15.0,24.737255368423902,0,0,20.537415053089642
980,0.791687439693641,23750.62319080923,23.64027315319036,15.0,24.49410537762112,0,0,20.537415053089642
981,0.7909275956038503,23727.82786811551,23.508881060449138,15.0,24.249241903124382,0,0,20.537415053089642
982,0.7901935645665984,23705.806936997953,23.376608458200458,15.0,24.002737503265813,0,0,20.537415053089642
983,0.7894855221220466,23684.565663661397,23.24349454167104,15.0,23.754665222619064,0,0,20.537415053089642
984,0.7888036361093748,23664.109083281244,23.109578755387172,15.0,23.505098570354733,0,0,20.537415053089642
985,0.7881480666170483,23644.441998511447,22.97490078148646,15.0,23.25411149845795,0,0,20.537415053089642
986,0.7875189659353788,23625.568978061365,22.83950052795919,15.0,23.00177837981491,0,0,20.537415053089642
987,0.7869164785113987,23607.49435534196,22.703418116822643,15.0,22.748173986174443,0,0,20.537415053089642
988,0.7863407409060574,23590.222227181723,22.566693872232122,15.0,22.49337346599158,0,0,20.537415053089642
989,0.7857918817537559,23573.756452612677,22.429368308532077,15.0,22.23745232215956,0,0,20.537415053089642
990,0.7852700217242294,23558.100651726883,22.291482118250748,15.0,21.980486389636496,0,0,20.537415053089642
991,0.7847752734867907,23543.25820460372,22.153076160042147,15.0,21.722551812973975,0,0,20.537415053089642
992,0.7843077416769427,23529.232250308283,22.01419144657872,15.0,21.463725023753728,0,0,20.537415053089642
993,0.7838675228653743,23516.02568596123,21.874869132398473,15.0,21.204082717939382,0,0,20.537415053089642
994,0.783454705529343,23503.64116588029,21.735150501709896,15.0,20.943701833149674,0,0,20.537415053089642
995,0.7830693700264578,23492.081100793734,21.595076956158653,15.0,20.68265952586023,0,0,20.537415053089642
996,0.7827115885708675,23481.347657126025,21.4546900025593,15.0,20.421033148540452,0,0,20.537415053089642
997,0.7823814252118623,23471.442756355867,21.314031240596023,15.0,20.158900226732335,0,0,20.537415053089642
998,0.7820789358148937,23462.36807444681,21.17314235049563,15.0,19.89633843607788,0,0,20.537415053089642
999,0.7818041680450215,23454.125041350646,21.03206508067687,15.0,19.633425579302152,0,0,20.537415053089642
1000,0.781557161352789,23446.71484058367,20.89084123537956,15.0,19.370239563158872,0,0,20.537415053089642
1001,0.781337946962533,23440.13840887599,20.74951266227686,15.0,19.106858375344537,0,0,20.537415053089642
1002,0.7811465478631315,23434.396435893945,20.608121240075118,15.0,18.843360061389355,0,0,20.537415053089642
1003,0.7809829788011915,23429.489364035744,20.466708866104177,15.0,18.579822701530453,0,0,20.537415053089642
1004,0.780847246276679,23425.41738830037,20.325317443902435,15.0,18.31632438757527,0,0,20.537415053089642
1005,0.7807393485409937,23422.18045622981,20.183988870799748,15.0,18.05294319976096,0,0,20.537415053089642
1006,0.7806592755974863,23419.778267924587,20.042765025502426,15.0,17.78975718361766,0,0,20.537415053089642
1007,0.7806070092044209,23418.210276132628,19.901687755683664,15.0,17.526844326841932,0,0,20.537415053089642
1008,0.7805825228803813,23417.47568641144,19.760798865583276,15.0,17.264282536187476,0,0,20.537415053089642
1009,0.7805857819121166,23417.573457363498,19.620140103619995,15.0,17.002149614379356,0,0,20.537415053089642
1010,0.7806167433648284,23418.502300944852,19.479753150020642,15.0,16.740523237059573,0,0,20.537415053089642
1011,0.7806753560948932,23420.260682846798,19.339679604469396,15.0,16.47948092977014,0,0,20.537415053089642
1012,0.7807615607650173,23422.84682295052,19.199960973780822,15.0,16.21910004498043,0,0,20.537415053089642
1013,0.7808752898618194,23426.258695854583,19.060638659600574,15.0,15.959457739166083,0,0,20.537415053089642
1014,0.7810164677158369,23430.494031475107,18.921753946137144,15.0,15.700630949945833,0,0,20.537415053089642
1015,0.7811850105239478,23435.550315718436,18.783347987928543,15.0,15.442696373283315,0,0,20.537415053089642
1016,0.7813808263742036,23441.42479122611,18.64546179764722,15.0,15.185730440760253,0,0,20.537415053089642
1017,0.7816038152730649,23448.114458191947,18.508136233947173,15.0,14.929809296928227,0,0,20.537415053089642
1018,0.7818538691750316,23455.61607525095,18.371411989356652,15.0,14.675008776745369,0,0,20.537415053089642
1019,0.782130872014659,23463.926160439773,18.235329578220103,15.0,14.4214043831049,0,0,20.537415053089642
1020,0.7824346997409507,23473.04099222852,18.099929324692834,15.0,14.16907126446186,0,0,20.537415053089642
1021,0.7827652203541172,23482.956610623518,17.96525135079211,15.0,13.91808419256505,0,0,20.537415053089642
1022,0.7831222939446908,23493.668818340724,17.83133556450824,15.0,13.668517540300718,0,0,20.537415053089642
1023,0.7835057727349832,23505.173182049497,17.69822164797882,15.0,13.42044525965397,0,0,20.537415053089642
1024,0.783915501122876,23517.46503368628,17.565949045730168,15.0,13.17394085979545,0,0,20.537415053089642
1025,0.7843513157279282,23530.539471837845,17.434556952988938,15.0,12.929077385298683,0,0,20.537415053089642
1026,0.7848130454397897,23544.391363193692,17.304084304067953,15.0,12.685927394495904,0,0,20.537415053089642
1027,0.7853005114689051,23559.015344067153,17.174569760828895,15.0,12.44456293797694,0,0,20.537415053089642
1028,0.7858135273994925,23574.405821984776,17.046051701226084,15.0,12.205055537239332,0,0,20.537415053089642
1029,0.7863518992447831,23590.556977343495,16.918568207934193,15.0,11.967476163494862,0,0,20.537415053089642
1030,0.7869154255045033,23607.4627651351,16.79215705706366,15.0,11.731895216639451,0,0,20.537415053089642
1031,0.7875038972245835,23625.116916737505,16.666855706966636,15.0,11.498382504391856,0,0,20.537415053089642
1032,0.7881170980590756,23643.512941772267,16.54270128713738,15.0,11.267007221608331,0,0,20.537415053089642
1033,0.7887548043342616,23662.64413002785,16.419730587209962,15.0,11.03783792977866,0,0,20.537415053089642
1034,0.7894167851149325,23682.503553447976,16.29798004605669,15.0,10.810942536709883,0,0,20.537415053089642
1035,0.7901028022728194,23703.08406818458,16.177485740990505,15.0,10.586388276403774,0,0,20.537415053089642
1036,0.7908126105571557,23724.378316714672,16.05828337707445,15.0,10.36424168913389,0,0,20.537415053089642
1037,0.7915459576673514,23746.37873002054,15.940408276541602,15.0,10.144568601728448,0,0,20.537415053089642
1038,0.7923025843277535,23769.077529832604,15.823895368328177,15.0,9.927434108064137,0,0,20.537415053089642
1039,0.7930822243644765,23792.466730934295,15.708779177723434,15.0,9.712902549777573,0,0,20.537415053089642
1040,0.7938846047842746,23816.538143528236,15.595093816139059,15.0,9.501037497199446,0,0,20.537415053089642
1041,0.7947094458554353,23841.28337566306,15.48287297100122,15.0,9.291901730517257,0,0,20.537415053089642
1042,0.7955564611906714,23866.69383572014,15.372149895768255,15.0,9.0855572211722,0,0,20.537415053089642
1043,0.7964253578319814,23892.760734959444,15.262957400076933,15.0,8.88206511349562,0,0,20.537415053089642
1044,0.7973158363374618,23919.475090123855,15.155327840020345,15.0,8.681485706590838,0,0,20.537415053089642
1045,0.7982275908700361,23946.827726101084,15.04929310855994,15.0,8.483878436464924,0,0,20.537415053089642
1046,0.7991603092880822,23974.809278642468,14.944884626075073,15.0,8.289301858416735,0,0,20.537415053089642
1047,0.8001136732379261,24003.410197137786,14.842133331052423,15.0,8.097813629685657,0,0,20.537415053089642
1048,0.8010873582481775,24032.620747445322,14.741069670918257,15.0,7.909470492366512,0,0,20.537415053089642
1049,0.8020810338258767,24062.431014776303,14.64172359301621,15.0,7.724328256595667,0,0,20.537415053089642
1050,0.8030943635544282,24092.830906632847,14.544124535733221,15.0,7.542441784013279,0,0,20.537415053089642
1051,0.804127005193287,24123.81015579861,14.448301419776314,15.0,7.363864971506567,0,0,20.537415053089642
1052,0.805178610779372,24155.358323381162,14.354282639602808,15.0,7.188650735239156,0,0,20.537415053089642
1053,0.8062488267301762,24187.464801905284,14.262096055006346,15.0,7.016850994970646,0,0,20.537415053089642
1054,0.8073372939485387,24220.11881845616,14.17176898286147,15.0,6.8485166586717865,0,0,20.537415053089642
1055,0.8084436479290553,24253.30943787166,14.083328189029121,15.0,6.6836976074394485,0,0,20.537415053089642
1056,0.8095675188660871,24287.025565982614,13.996799880425211,15.0,6.522442680715589,0,0,20.537415053089642
1057,0.8107085317633439,24321.255952900316,13.91220969725498,15.0,6.364799661815102,0,0,20.537415053089642
1058,0.8118663065450017,24355.989196350052,13.829582705415307,15.0,6.210815263766703,0,0,20.537415053089642
1059,0.8130404581683294,24391.21374504988,13.748943389067145,15.0,6.060535115470854,0,0,20.537415053089642
1060,0.8142305967377834,24426.917902133504,13.67031564338025,15.0,5.9140037481787715,0,0,20.537415053089642
1061,0.8154363276205437,24463.089828616314,13.593722767452583,15.0,5.771264582296964,0,0,20.537415053089642
1062,0.816657251563451,24499.717546903532,13.519187457406316,15.0,5.632359914520903,0,0,20.537415053089642
1063,0.8178929648113143,24536.78894433943,13.446731799662407,15.0,5.497330905301428,0,0,20.537415053089642
1064,0.8191430592265525,24574.291776796574,13.376377264395966,15.0,5.366217566648139,0,0,20.537415053089642
1065,0.820407122410134,24612.21367230402,13.308144699174171,15.0,5.239058750272932,0,0,20.537415053089642
1066,0.8216847378237803,24650.542134713407,13.242054322778667,15.0,5.115892136077415,0,0,20.537415053089642
1067,0.8229754849133938,24689.264547401814,13.178125719214341,15.0,4.996754220987523,0,0,20.537415053089642
1068,0.8242789392336785,24728.368177010354,13.116377831906112,15.0,4.881680308138709,0,0,20.537415053089642
1069,0.8255946725739114,24767.840177217342,13.056828958085607,15.0,4.770704496414824,0,0,20.537415053089642
1070,0.8269222530848311,24807.667592544934,12.999496743369333,15.0,4.663859670343978,0,0,20.537415053089642
1071,0.8282612454066038,24847.837362198115,12.94439817652983,15.0,4.56117749035402,0,0,20.537415053089642
1072,0.82961121079783,24888.3363239349,12.891549584461576,15.0,4.4626883833909385,0,0,20.537415053089642
1073,0.8309717072655524,24929.15121796657,12.84096662734297,15.0,4.368421533902698,0,0,20.537415053089642
1074,0.8323422896962288,24970.268690886864,12.792664293995873,15.0,4.278404875191244,0,0,20.537415053089642
1075,0.8337225099876286,25011.67529962886,12.746656897444108,15.0,4.192665081135276,0,0,20.537415053089642
1076,0.835111917181615,25053.35751544845,12.70295807067218,15.0,4.111227558286169,0,0,20.537415053089642
1077,0.8365100575977735,25095.301727933205,12.661580762585583,15.0,4.034116438339542,0,0,20.537415053089642
1078,0.8379164749678475,25137.494249035426,12.62253723417369,15.0,3.961354570984417,0,0,20.537415053089642
1079,0.8393307105709406,25179.921317128217,12.58583905487659,15.0,3.892963517132416,0,0,20.537415053089642
1080,0.8407523033694446,25222.56910108334,12.55149709915683,15.0,3.8289635425287973,0,0,24.537415053089642
1081,0.8420995107083566,25262.9853212507,14.957904662265252,15.0,3.7693736117472705,0,0,24.537415053089642
1082,0.843453338931959,25303.600167958768,14.922539955651743,15.0,3.7142113825703786,0,0,24.537415053089642
1083,0.8448133053931096,25344.399161793288,14.890024344035595,15.0,3.6634932007571166,0,0,24.537415053089642
1084,0.8461789256257745,25385.367768773234,14.86036746249429,15.0,3.6172340951993642,0,0,24.537415053089642
1085,0.8475497134885851,25426.491404657554,14.833578099001874,15.0,3.575447773468443,0,0,24.537415053089642
1086,0.8489251813088927,25467.75543926678,14.809664191824904,15.0,3.5381466177533,0,0,24.537415053089642
1087,0.8503048400272757,25509.14520081827,14.788632827170183,15.0,3.5053416811913976,0,0,24.537415053089642
1088,0.8516881993424592,25550.645980273777,14.77049023708496,15.0,3.477042684593441,0,0,24.537415053089642
1089,0.8530747678566019,25592.243035698055,14.755241797610218,15.0,3.4532580135628503,0,0,24.537415053089642
1090,0.8544640532209068,25633.921596627202,14.742892027187663,15.0,3.433994716010971,0,0,24.537415053089642
1091,0.8558555622815164,25675.666868445493,14.7334445853208,15.0,3.4192585000686,0,0,24.537415053089642
1092,0.8572488012256438,25717.464036769314,14.726902271490552,15.0,3.4090537323945647,0,0,24.537415053089642
1093,0.8586432757278999,25759.298271836997,14.723267024325695,15.0,3.4033834368817573,0,0,24.537415053089642
1094,0.8600384910967732,25801.154732903196,14.722539921028426,15.0,3.4022492937611135,0,0,24.537415053089642
1095,0.8614339524212178,25843.018572636534,14.724721177055141,15.0,3.4056516391037173,0,0,24.537415053089642
1096,0.8628291647173055,25884.874941519167,14.7298101460526,15.0,3.4135894647212153,0,0,24.537415053089642
1097,0.8642236330749006,25926.70899224702,14.737805320049464,15.0,3.4260604184645613,0,0,24.537415053089642
1098,0.8656168628043126,25968.50588412938,14.748704329903129,15.0,3.4430608049210254,0,0,24.537415053089642
1099,0.8670083595828831,26010.250787486493,14.762503946001754,15.0,3.4645855865091915,0,0,24.537415053089642
1100,0.8683976296014645,26051.928888043934,14.779200079221265,15.0,3.490628384971737,0,0,24.537415053089642
1101,0.8697841797107462,26093.525391322386,14.798787782137065,15.0,3.52118148326543,0,0,24.537415053089642
1102,0.8711675175673854,26135.025527021564,14.821261250490043,15.0,3.5562358278478556,0,0,24.537415053089642
1103,0.8725471517798994,26176.414553396982,14.846613824906497,15.0,3.5957810313601755,0,0,24.537415053089642
1104,0.8739225920542747,26217.67776162824,14.874837992871482,15.0,3.6398053757051323,0,0,24.537415053089642
1105,0.8752933493392526,26258.80048017758,14.9059253909549,15.0,3.6882958155193775,0,0,24.537415053089642
1106,0.8766589359712449,26299.768079137346,14.939866807289782,15.0,3.7412379820390815,0,0,24.537415053089642
1107,0.8780188658188396,26340.565974565186,14.97665218430195,15.0,3.798616187357722,0,0,24.537415053089642
1108,0.879372654426852,26381.17963280556,15.016270621690298,15.0,3.8604134290747405,0,0,24.537415053089642
1109,0.8807198191598793,26421.594574796378,15.058710379656809,15.0,3.926611395333735,0,0,24.537415053089642
1110,0.8820598793453156,26461.79638035947,15.103958882385248,15.0,3.997190470248608,0,0,24.537415053089642
1111,0.8833923564157862,26501.770692473587,15.152002721767726,15.0,4.072129739716249,0,0,24.537415053089642
1112,0.8847167740509566,26541.5032215287,15.20282766137776,15.0,4.151406997613799,0,0,24.537415053089642
1113,0.8860326583186772,26580.979749560316,15.256418640688858,15.0,4.234998752378798,0,0,24.537415053089642
1114,0.887339537815419,26620.18613446257,15.312759779537252,15.0,4.322880233970251,0,0,24.537415053089642
1115,0.8886369438059613,26659.108314178837,15.371834382827569,15.0,4.415025401208524,0,0,24.537415053089642
1116,0.8899244103622875,26697.732310868625,15.433624945479927,15.0,4.511406949491928,0,0,24.537415053089642
1117,0.8912014745016502,26736.044235049507,15.498113157617043,15.0,4.611996318887585,0,0,24.537415053089642
1118,0.8924676763237623,26774.03028971287,15.565279909989897,15.0,4.716763702594468,0,0,24.537415053089642
1119,0.8937225591470761,26811.676774412284,15.635105299640186,15.0,4.825678055775713,0,0,24.537415053089642
1120,0.8949656696441071,26848.97008932321,15.707568635798001,15.0,4.938707104757913,0,0,24.537415053089642
1121,0.8961965579757653,26885.896739272957,15.782648446012956,15.0,5.055817356594488,0,0,24.537415053089642
1122,0.8974147779246522,26922.443337739565,15.860322482516924,15.0,5.17697410899037,0,0,24.537415053089642
1123,0.8986198870272845,26958.596610818535,15.940567728816548,15.0,5.302141460585048,0,0,24.537415053089642
1124,0.8998114467052055,26994.343401156166,16.02336040651353,15.0,5.431282321590942,0,0,24.537415053089642
1125,0.9009890223949457,27029.670671848373,16.108675982350626,15.0,5.564358424783789,0,0,24.537415053089642
1126,0.9021521836767927,27064.565510303783,16.196489175481467,15.0,5.7013303368422275,0,0,24.537415053089642
1127,0.9033005044023346,27099.015132070035,16.286773964961785,15.0,5.842157470032644,0,0,24.537415053089642
1128,0.9044335628207362,27133.006884622086,16.37950359745992,15.0,5.986798094236117,0,0,24.537415053089642
1129,0.9055509417037138,27166.528251111413,16.474650595184485,15.0,6.135209349314098,0,0,24.537415053089642
1130,0.9066522284691682,27199.566854075045,16.572186764026654,15.0,6.287347257808786,0,0,24.537415053089642
1131,0.9077370153034418,27232.110459103253,16.672083201914596,15.0,6.443166737974492,0,0,24.537415053089642
1132,0.9088048992821629,27264.146978464887,16.77431030737779,15.0,6.602621617136322,0,0,24.537415053089642
1133,0.9098554824896407,27295.66447468922,16.87883778831866,15.0,6.765664645372288,0,0,24.537415053089642
1134,0.9108883721367761,27326.65116410328,16.985634670988713,15.0,6.932247509514374,0,0,24.537415053089642
1135,0.9119031806774539,27357.095420323618,17.094669309166775,15.0,7.102320847464813,0,0,24.537415053089642
1136,0.9128995259233811,27386.985777701433,17.205909393536345,15.0,7.275834262823016,0,0,24.537415053089642
1137,0.9138770311573373,27416.31093472012,17.319321961259696,15.0,7.452736339819328,0,0,24.537415053089642
1138,0.914835325244804,27445.059757344123,17.43487340574536,15.0,7.632974658550468,0,0,24.537415053089642
1139,0.9157740427439406,27473.221282318216,17.552529486606534,15.0,7.816495810512736,0,0,24.537415053089642
1140,0.9166928240138715,27500.784720416144,17.67225533980724,15.0,8.003245414428097,0,0,24.537415053089642
1141,0.9175913153212564,27527.73945963769,17.794015487993267,15.0,8.193168132358524,0,0,24.537415053089642
1142,0.9184691689451087,27554.07506835326,17.917773851004938,15.0,8.386207686103862,0,0,24.537415053089642
1143,0.919326043279833,27579.78129839499,18.043493756568324,15.0,8.582306873878128,0,0,24.537415053089642
1144,0.9201616029364498,27604.848088093495,18.17113795116217,15.0,8.781407587259851,0,0,24.537415053089642
1145,0.9209755188419788,27629.265565259364,18.300668611056825,15.0,8.983450828410719,0,0,24.537415053089642
1146,0.9217674683369503,27653.02405010851,18.432047353522268,15.0,9.18837672755792,0,0,24.537415053089642
1147,0.9225371352710162,27676.114058130486,18.565235248201724,15.0,9.396124560734876,0,0,24.537415053089642
1148,0.9232842100966321,27698.52630289896,18.70019282864756,15.0,9.606632767775055,0,0,24.537415053089642
1149,0.9240083899607825,27720.251698823475,18.836880104016096,15.0,9.819838970553612,0,0,24.537415053089642
1150,0.9247093787947236,27741.281363841706,18.97525657091764,15.0,10.035679991471213,0,0,24.537415053089642
1151,0.9253868874017142,27761.606622051426,19.115281225418663,15.0,10.254091872175167,0,0,24.537415053089642
1152,0.9260406335427109,27781.219006281328,19.256912575192057,15.0,10.475009892511512,0,0,24.537415053089642
1153,0.9266703420200022,27800.110260600068,19.40010865181223,15.0,10.698368589703021,0,0,24.537415053089642
1154,0.9272757447587548,27818.272342762644,19.54482702319125,15.0,10.924101777747238,0,0,24.537415053089642
1155,0.9278565808864503,27835.69742659351,19.691024806152402,15.0,11.152142567028822,0,0,24.537415053089642
1156,0.9284125968101876,27852.377904305627,19.838658679137392,15.0,11.382423384140395,0,0,24.537415053089642
1157,0.9289435462918274,27868.306388754823,19.987684895043486,15.0,11.614875991906018,0,0,24.537415053089642
1158,0.9294491905209584,27883.475715628752,20.138059294186593,15.0,11.84943150960118,0,0,24.537415053089642
1159,0.9299292981856616,27897.87894556985,20.289737317386937,15.0,12.086020433363915,0,0,24.537415053089642
1160,0.9303836455410534,27911.5093662316,20.442674019172795,15.0,12.324572656790151,0,0,24.537415053089642
1161,0.9308120164755851,27924.360494267552,20.59682408109869,15.0,12.565017491707561,0,0,24.537415053089642
1162,0.9312142025750831,27936.426077252494,20.752141825174533,15.0,12.807283689122485,0,0,24.537415053089642
1163,0.931590003184505,27947.70009553515,20.908581227400695,15.0,13.051299460332043,0,0,24.537415053089642
1164,0.9319392254673986,27958.17676402196,21.066095931406092,15.0,13.296992498196989,0,0,24.537415053089642
1165,0.9322616844630435,27967.850533891306,21.22463926218441,15.0,13.544289998567605,0,0,24.537415053089642
1166,0.9325572031412589,27976.716094237767,21.384164239925134,15.0,13.793118681857472,0,0,24.537415053089642
1167,0.9328256124548614,27984.768373645842,21.544623593934524,15.0,14.043404814757565,0,0,24.537415053089642
1168,0.9330667513897576,27992.002541692727,21.705969776643023,15.0,14.295074232085142,0,0,24.537415053089642
1169,0.9332804670126557,27998.41401037967,21.868154977694495,15.0,14.548052358760275,0,0,24.537415053089642
1170,0.9334666145163831,28003.998435491492,22.031131138113658,15.0,14.802264231904365,0,0,24.537415053089642
1171,0.9336250572627959,28008.751717883875,22.19484996454686,15.0,15.057634523053055,0,0,24.537415053089642
1172,0.9337556668232675,28012.670004698026,22.3592629435725,15.0,15.314087560477741,0,0,24.537415053089642
1173,0.9338583230167455,28015.749690502365,22.524321356076555,15.0,15.571547351608721,0,0,24.537415053089642
1174,0.9339329139453629,28017.987418360888,22.68997629168916,15.0,15.829937605553447,0,0,24.537415053089642
1175,0.9339793360275968,28019.3800808279,22.856178663277795,15.0,16.08918175570321,0,0,24.537415053089642
1176,0.9339974940289608,28019.924820868826,23.02287922149275,15.0,16.349202982421264,0,0,24.537415053089642
1177,0.9339873010902267,28019.6190327068,23.19002856936097,15.0,16.609924235806467,0,0,24.537415053089642
1178,0.9339486787531605,28018.460362594815,23.357577176923296,15.0,16.87126825852463,0,0,24.537415053089642
1179,0.9338815569837733,28016.4467095132,23.52547539591132,15.0,17.133157608701538,0,0,24.537415053089642
1180,0.9337858741930728,28013.576225792185,23.69367347445921,15.0,17.395514682870704,0,0,24.537415053089642
1181,0.9336615772553137,28009.847317659413,23.862121571846284,15.0,17.658261738968925,0,0,24.537415053089642
1182,0.9335086215237401,28005.258645712205,24.03076977326591,15.0,17.921320919372985,0,0,24.537415053089642
1183,0.9333269708438151,27999.809125314452,24.19956810461622,15.0,18.18461427397034,0,0,24.537415053089642
1184,0.9331165975639344,27993.497926918033,24.368466547308692,15.0,18.448063783257744,0,0,24.537415053089642
1185,0.9328774825436199,27986.324476308597,24.537415053089635,15.0,18.711591381459883,0,0,24.537415053089642
1186,0.9326096151591914,27978.288454775742,24.706363558870578,15.0,18.975118979662028,0,0,24.537415053089642
1187,0.932312993306915,27969.38979920745,24.87526200156305,15.0,19.238568488949426,0,0,24.537415053089642
1188,0.9319876234036256,27959.62870210877,25.044060332913357,15.0,19.501861843546784,0,0,24.537415053089642
1189,0.9316335203848268,27949.005611544806,25.212708534332986,15.0,19.76492102395084,0,0,24.537415053089642
1190,0.9312507077002641,27937.521231007922,25.38115663172006,15.0,20.027668080049068,0,0,24.537415053089642
1191,0.9308392173069763,27925.17651920929,25.549354710267952,15.0,20.290025154218227,0,0,24.537415053089642
1192,0.9303990896598268,27911.972689794802,25.717252929255977,15.0,20.551914504395143,0,0,24.537415053089642
1193,0.9299303736995147,27897.91121098544,25.884801536818305,15.0,20.81325852711329,0,0,24.537415053089642
1194,0.9294331268380738,27882.993805142214,26.05195088468652,15.0,21.073979780498505,0,0,24.537415053089642
1195,0.9289074149418595,27867.222448255783,26.218651442901475,15.0,21.334001007216557,0,0,24.537415053089642
1196,0.928353312312031,27850.59936936093,26.38485381449007,15.0,21.59324515736627,0,0,24.537415053089642
1197,0.9277709016625351,27833.127049876053,26.550508750102715,15.0,21.851635411311044,0,0,24.537415053089642
1198,0.9271602740955955,27814.808222867865,26.715567162606774,15.0,22.109095202442028,0,0,24.537415053089642
1199,0.9265215290747175,27795.645872241526,26.87998014163241,15.0,22.365548239866712,0,0,24.537415053089642
1200,0.925854774395215,27775.64323185645,27.04369896806565,15.0,22.62091853101546,0,0,24.537415053089642
1201,0.9251601261522681,27754.80378456804,27.206675128484807,15.0,22.87513040415955,0,0,24.537415053089642
1202,0.9244377087065215,27733.131261195645,27.36886032953628,15.0,23.128108530834677,0,0,24.537415053089642
1203,0.9236876546472346,27710.62963941704,27.530206512244714,15.0,23.37977794816215,0,0,24.537415053089642
1204,0.9229101047529913,27687.30314258974,27.690665866254136,15.0,23.630064081062294,0,0,24.537415053089642
1205,0.9221052079499851,27663.156238499552,27.85019084399486,15.0,23.878892764352166,0,0,24.537415053089642
1206,0.9212731212678887,27638.19363803666,28.008734174773174,15.0,24.126190264722783,0,0,24.537415053089642
1207,0.9204140097933227,27612.42029379968,28.166248878778543,15.0,24.371883302587676,0,0,24.537415053089642
1208,0.9195280466209371,27585.841398628112,28.322688281004737,15.0,24.615899073797284,0,0,24.537415053089642
1209,0.9186154128021191,27558.462384063572,28.47800602508058,15.0,24.858165271212208,0,0,24.537415053089642
1210,0.9176762972913445,27530.288918740334,28.632156087006507,15.0,25.09861010612967,0,0,24.537415053089642
1211,0.9167108968901858,27501.326906705573,28.785092788792333,15.0,25.337162329555856,0,0,24.537415053089642
1212,0.9157194161889958,27471.582485669875,28.93677081199268,15.0,25.57375125331859,0,0,24.537415053089642
1213,0.9147020675062829,27441.062025188487,29.087145211135784,15.0,25.808306771013754,0,0,24.537415053089642
1214,0.9136590708257969,27409.772124773906,29.23617142704185,15.0,26.040759378779327,0,0,24.537415053089642
1215,0.9125906537313425,27377.719611940276,29.38380530002687,15.0,26.271040195890947,0,0,24.537415053089642
1216,0.9114970513393423,27344.91154018027,29.530003082988024,15.0,26.49908098517254,0,0,24.537415053089642
1217,0.9103785062291656,27311.355186874967,29.67472145436705,15.0,26.724814173216753,0,0,24.537415053089642
1218,0.9092352683712476,27277.05805113743,29.81791753098722,15.0,26.94817287040826,0,0,24.537415053089642
1219,0.9080675950530176,27242.027851590527,29.959548880760607,15.0,27.169090890744606,0,0,24.537415053089642
1220,0.9068757508026589,27206.272524079766,30.099573535261634,15.0,27.38750277144856,0,0,24.537415053089642
1221,0.905660007310724,27169.80021932172,30.237950002163178,15.0,27.60334379236616,0,0,24.537415053089642
1222,0.9044206433496264,27132.61930048879,30.37463727753171,15.0,27.81654999514472,0,0,24.537415053089642
1223,0.9031579446910339,27094.73834073102,30.509594857977554,15.0,28.027058202184897,0,0,24.537415053089642
1224,0.9018722040211896,27056.166120635688,30.642782752657006,15.0,28.234806035361856,0,0,24.537415053089642
1225,0.9005637208541811,27016.911625625435,30.77416149512245,15.0,28.439731934509055,0,0,24.537415053089642
1226,0.8992328014431891,26976.984043295673,30.9036921550171,15.0,28.641775175659916,0,0,24.537415053089642
1227,0.8978797586897375,26936.392760692124,31.031336349610953,15.0,28.840875889041648,0,0,24.537415053089642
1228,0.896504912050974,26895.14736152922,31.157056255174336,15.0,29.036975076815907,0,0,24.537415053089642
1229,0.8951085874450082,26853.257623350248,31.280814618185982,15.0,29.230014630561215,0,0,24.537415053089642
1230,0.8936911171543349,26810.733514630047,31.40257476637204,15.0,29.41993734849168,0,0,24.537415053089642
1231,0.8922528397273713,26767.58519182114,31.52230061957274,15.0,29.606686952407042,0,0,24.537415053089642
1232,0.8907940998781387,26723.822996344163,31.639956700433917,15.0,29.79020810436931,0,0,24.537415053089642
1233,0.8893152483841155,26679.457451523464,31.755508144919602,15.0,29.970446423100483,0,0,24.537415053089642
1234,0.887816641982294,26634.499259468823,31.868920712642954,15.0,30.147348500096797,0,0,24.537415053089642
1235,0.8862986432634731,26588.95929790419,31.980160797012502,15.0,30.320861915454962,0,0,24.537415053089642
1236,0.8847616205648128,26542.848616944382,32.08919543519054,15.0,30.490935253405368,0,0,24.537415053089642
1237,0.8832059478606892,26496.178435820675,32.195992317860615,15.0,30.65751811754749,0,0,24.537415053089642
1238,0.8816320046518775,26448.960139556326,32.30051979880149,15.0,30.820561145783458,0,0,24.537415053089642
1239,0.880040175853098,26401.20527559294,32.402746904264674,15.0,30.980016024945286,0,0,24.537415053089642
1240,0.878430851678957,26352.92555036871,32.5026433421526,15.0,31.13583550511096,0,0,24.537415053089642
1241,0.8768044275283182,26304.132825849545,32.60017951099479,15.0,31.287973413605677,0,0,24.537415053089642
1242,0.8751613038671373,26254.83911601412,32.695326508719376,15.0,31.436384668683687,0,0,24.537415053089642
1243,0.8735018861097954,26205.056583293863,32.78805614121751,15.0,31.581025292887162,0,0,24.537415053089642
1244,0.8718265844989663,26154.79753496899,32.87834093069781,15.0,31.721852426077547,0,0,24.537415053089642
1245,0.8701358139840519,26104.07441952156,32.96615412382865,15.0,31.85882433813599,0,0,24.537415053089642
1246,0.8684299940982246,26052.89982294674,33.051469699665745,15.0,31.991900441328838,0,0,24.537415053089642
1247,0.86670954883411,26001.2864650233,33.13426237736272,15.0,32.1210413023347,0,0,24.537415053089642
1248,0.8649749065181487,25949.24719554446,33.21450762366236,15.0,32.246208653929415,0,0,24.537415053089642
1249,0.8632264996836745,25896.794990510236,33.29218166016632,15.0,32.3673654063253,0,0,24.537415053089642
1250,0.8614647649427452,25843.942948282354,33.36726147038128,15.0,32.48447565816186,0,0,24.537415053089642
1251,0.8596901428567645,25790.704285702934,33.43972480653909,15.0,32.59750470714407,0,0,24.537415053089642
1252,0.8579030778059349,25737.092334178047,33.50955019618939,15.0,32.70641906032532,0,0,24.537415053089642
1253,0.8561040178575778,25683.120535727336,33.576716948562236,15.0,32.811186444032195,0,0,24.537415053089642
1254,0.8542934146333618,25628.802439000854,33.64120516069935,15.0,32.91177581342785,0,0,24.537415053089642
1255,0.8524717231754769,25574.151695264307,33.70299572335171,15.0,33.008157361711255,0,0,24.537415053089642
1256,0.8506394018117963,25519.18205435389,33.762070326642025,15.0,33.100302528949534,0,0,24.537415053089642
1257,0.8487969120200636,25463.90736060191,33.81841146549042,15.0,33.18818401054098,0,0,24.537415053089642
1258,0.8469447182911471,25408.341548734414,33.872002444801524,15.0,33.27177576530598,0,0,24.537415053089642
1259,0.8450832879914013,25352.49863974204,33.922827384411555,15.0,33.351053023203534,0,0,24.537415053089642
1260,0.8432130912241758,25296.392736725273,33.970871223794035,15.0,33.42599229267118,0,0,24.537415053089642
1261,0.8413346006905135,25240.038020715405,34.01611972652247,15.0,33.49657136758605,0,0,24.537415053089642
1262,0.8394482915490795,25183.448746472386,34.05855948448897,15.0,33.56276933384503,0,0,24.537415053089642
1263,0.8375546412753614,25126.639238260843,34.09817792187734,15.0,33.62456657556206,0,0,24.537415053089642
1264,0.8356541295201824,25069.62388560547,34.134963298889495,15.0,33.6819447808807,0,0,24.537415053089642
1265,0.8337472379675707,25012.41713902712,34.16890471522438,15.0,33.73488694740041,0,0,24.537415053089642
1266,0.8318344501920263,24955.033505760788,34.19999211330781,15.0,33.78337738721467,0,0,24.537415053089642
1267,0.8299162515152273,24897.487545456817,34.228216281272786,15.0,33.827401731559604,0,0,24.537415053089642
1268,0.8279931288622185,24839.793865866555,34.25356885568924,15.0,33.86694693507194,0,0,24.537415053089642
1269,0.8260655706171255,24781.967118513763,34.276042324042216,15.0,33.90200127965435,0,0,24.537415053089642
1270,0.8241340664784349,24724.021994353046,34.295630026958015,15.0,33.93255437794805,0,0,24.537415053089642
1271,0.8221991073138873,24665.97321941662,34.312326160177534,15.0,33.9585971764106,0,0,24.537415053089642
1272,0.8202611850150221,24607.83555045066,34.32612577627616,15.0,33.98012195799876,0,0,24.537415053089642
1273,0.8183207923514186,24549.62377054256,34.33702478612982,15.0,33.99712234445522,0,0,24.537415053089642
1274,0.8163784228246793,24491.35268474038,34.345019960126685,15.0,34.009593298198574,0,0,24.537415053089642
1275,0.8144345705221936,24433.037115665808,34.35010892912415,15.0,34.01753112381607,0,0,24.537415053089642
1276,0.812489729970729,24374.69189912187,34.352290185150856,15.0,34.02093346915868,0,0,24.537415053089642
1277,0.8105443959898931,24316.331879696794,34.35156308185359,15.0,34.01979932603803,0,0,24.537415053089642
1278,0.808599063545507,24257.971906365212,34.34792783468873,15.0,34.014129030525226,0,0,24.537415053089642
1279,0.8066542276029366,24199.626828088098,34.34138552085848,15.0,34.003924262851186,0,0,24.537415053089642
1280,0.8047103829804233,24141.3114894127,34.33193807899163,15.0,33.98918804690882,0,0,24.537415053089642
1281,0.8027680242024594,24083.04072607378,34.31958830856907,15.0,33.96992474935695,0,0,24.537415053089642
1282,0.8008276453532491,24024.829360597472,34.30433986909432,15.0,33.946140078326344,0,0,24.537415053089642
1283,0.798889739930301,23966.69219790903,34.2861972790091,15.0,33.9178410817284,0,0,24.537415053089642
1284,0.7969548006981942,23908.644020945827,34.26516591435438,15.0,33.885036145166495,0,0,24.537415053089642
1285,0.7950233195425617,23850.69958627685,34.241252007177415,15.0,33.847734989451354,0,0,24.537415053089642
1286,0.7930957873243332,23792.873619729995,34.214462643684996,15.0,33.80594866772043,0,0,24.537415053089642
1287,0.7911726937342834,23735.180812028502,34.18480576214369,15.0,33.75968956216268,0,0,24.537415053089642
1288,0.7892545271479258,23677.635814437774,34.15229015052755,15.0,33.70897138034942,0,0,24.537415053089642
1289,0.7873417744807961,23620.253234423883,34.116925443914035,15.0,33.653809151172524,0,0,24.537415053089642
1290,0.785434921044169,23563.04763132507,34.07872212162896,15.0,33.594219220391,0,0,24.537415053089642
1291,0.78353445040125,23506.033512037502,34.0376915041412,15.0,33.53021924578738,0,0,24.537415053089642
1292,0.7816408442238849,23449.225326716547,33.99384574970824,15.0,33.461828191935375,0,0,24.537415053089642
1293,0.7797545821498302,23392.637464494906,33.94719785077338,15.0,33.389066324580256,0,0,24.537415053089642
1294,0.7778761416406261,23336.284249218785,33.897761630115816,15.0,33.311955204633634,0,0,24.537415053089642
1295,0.7760059978401145,23280.179935203436,33.845551736754665,15.0,33.23051768178454,0,0,24.537415053089642
1296,0.7741446234336433,23224.3387030093,33.79058364160809,15.0,33.14477788772856,0,0,24.537415053089642
1297,0.7722924885079998,23168.774655239995,33.732873632909005,15.0,33.0547612290171,0,0,24.537415053089642
1298,0.7704500604121136,23113.501812363407,33.672438811378484,15.0,32.96049437952887,0,0,24.537415053089642
1299,0.7686178036185711,23058.534108557134,33.60929708515841,15.0,32.86200527256578,0,0,24.537415053089642
1300,0.7667961795859827,23003.88538757948,33.54346716450499,15.0,32.75932309257582,0,0,24.537415053089642
1301,0.7649856466222418,22949.569398667252,33.474968556244434,15.0,32.65247826650497,0,0,24.537415053089642
1302,0.7631866597487187,22895.599792461562,33.403821557992686,15.0,32.54150245478111,0,0,24.537415053089642
1303,0.7613996705654285,22841.990116962854,33.3300472521408,15.0,32.426428541932275,0,0,24.537415053089642
1304,0.7596251271172113,22788.753813516338,33.25366749960781,15.0,32.30729062684239,0,0,24.537415053089642
1305,0.7578634737609674,22735.904212829024,33.174704933362776,15.0,32.18412401264687,0,0,24.537415053089642
1306,0.7561151510339849,22683.454531019546,33.09318295171824,15.0,32.05696519627167,0,0,24.537415053089642
1307,0.7543805955233982,22631.417865701947,33.00912571139673,15.0,31.925851857618348,0,0,24.537415053089642
1308,0.7526602397368188,22579.807192104567,32.92255812037268,15.0,31.790822848398875,0,0,24.537415053089642
1309,0.7509545119741737,22528.635359225213,32.83350583049161,15.0,31.651918180622836,0,0,24.537415053089642
1310,0.7492638362007902,22477.915086023706,32.74199522986886,15.0,31.50917901474103,0,0,24.537415053089642
1311,0.7475886319217666,22427.658957653,32.6480534350704,15.0,31.36264764744895,0,0,24.537415053089642
1312,0.7459293140576636,22377.879421729907,32.55170828307745,15.0,31.212367499153103,0,0,24.537415053089642
1313,0.744286292821554,22328.58878464662,32.45298832303784,15.0,31.05838310110473,0,0,24.537415053089642
1314,0.7426599735974684,22279.79920792405,32.35192280780627,15.0,30.900740082204216,0,0,24.537415053089642
1315,0.7410507568202703,22231.52270460811,32.248541685276095,15.0,30.73948515548032,0,0,24.537415053089642
1316,0.7394590378569995,22183.771135709987,32.14287558950507,15.0,30.57466610424798,0,0,24.537415053089642
1317,0.7378852068897159,22136.55620669148,32.03495583163782,15.0,30.406331767949162,0,0,24.537415053089642
1318,0.7363296487998799,22089.8894639964,31.924814390627702,15.0,30.23453202768065,0,0,24.537415053089642
1319,0.7347927430543042,22043.782291629126,31.812483903760736,15.0,30.059317791413243,0,0,24.537415053089642
1320,0.733274863592709,21998.24590778127,31.697997656984473,15.0,29.880740978906566,0,0,24.537415053089642
1321,0.7317763787169164,21953.29136150749,31.58138957504462,15.0,29.69885450632414,0,0,24.537415053089642
1322,0.7302976509817135,21908.929529451405,31.46269421143252,15.0,29.513712270553295,0,0,24.537415053089642
1323,0.7288390370874209,21865.17111262263,31.341946738146035,15.0,29.325369133234148,0,0,24.537415053089642
1324,0.7274008877741938,21822.026633225814,31.219182935267447,15.0,29.133880904503073,0,0,24.537415053089642
1325,0.7259835477180901,21779.506431542704,31.094439180361007,15.0,28.939304326454884,0,0,24.537415053089642
1326,0.7245873554289364,21737.620662868092,30.96775243769349,15.0,28.741697056328974,0,0,24.537415053089642
1327,0.7232126431500189,21696.379294500566,30.839160247280866,15.0,28.54111764942418,0,0,24.537415053089642
1328,0.7218597367596332,21655.792102788997,30.708700713764372,15.0,28.337625541747613,0,0,24.537415053089642
1329,0.7205289556745199,21615.8686702356,30.5764124951194,15.0,28.131281032402548,0,0,24.537415053089642
1330,0.7192206127552141,21576.618382656423,30.44233479120011,15.0,27.92214526572036,0,0,24.537415053089642
1331,0.7179350142133378,21538.050426400136,30.306507332123818,15.0,27.710280213142237,0,0,24.537415053089642
1332,0.7166724595208634,21500.173785625902,30.16897036649804,15.0,27.495748654855674,0,0,24.537415053089642
1333,0.7154332413213732,21462.997239641198,30.029764649493977,15.0,27.27861416119136,0,0,24.537415053089642
1334,0.7142176453433432,21426.529360300297,29.888931430769887,15.0,27.058941073785924,0,0,24.537415053089642
1335,0.7130259503154751,21390.778509464253,29.746512442247912,15.0,26.83679448651608,0,0,24.537415053089642
1336,0.7118584278841035,21355.752836523105,29.602549885747973,15.0,26.612240226209927,0,0,24.537415053089642
1337,0.7107153425327009,21321.460275981026,29.45708642048258,15.0,26.385344833141154,0,0,24.537415053089642
1338,0.7095969515035052,21287.908545105158,29.31016515041582,15.0,26.156175541311477,0,0,24.537415053089642
1339,0.7085035047212945,21255.105141638836,29.161829611490816,15.0,25.92480025852791,0,0,24.537415053089642
1340,0.7074352447193276,21223.057341579828,29.012123758729178,15.0,25.69128754628036,0,0,24.537415053089642
1341,0.7063924065674768,21191.772197024304,28.861091953205904,15.0,25.45570659942495,0,0,24.537415053089642
1342,0.7053752178025717,21161.25653407715,28.70877894890453,15.0,25.218127225680533,0,0,24.537415053089642
1343,0.7043838983609747,21131.516950829242,28.555229879455393,15.0,24.978619824942868,0,0,24.537415053089642
1344,0.7034186605134098,21102.559815402295,28.40049024476169,15.0,24.73725536842391,0,0,24.537415053089642
1345,0.7024797088020616,21074.391264061847,28.244605897516706,15.0,24.494105377621125,0,0,24.537415053089642
1346,0.7015672399799653,21047.017199398957,28.087623029616783,15.0,24.249241903124414,0,0,24.537415053089642
1347,0.7006814429527043,21020.44328858113,27.92958815847362,15.0,24.00273750326579,0,0,24.537415053089642
1348,0.6998224987224339,20994.674961673016,27.770548113230276,15.0,23.754665222619046,0,0,24.537415053089642
1349,0.6989905803342455,20969.717410027366,27.61055002088448,15.0,23.50509857035471,0,0,24.537415053089642
1350,0.698185852824891,20945.57558474673,27.44964129232405,15.0,23.254111498457952,0,0,28.537415053089642
1351,0.6972601942045337,20917.80582613601,31.736238688596682,15.0,23.001778379814915,0,0,28.537415053089642
1352,0.6963629157946626,20890.887473839877,31.54714769355227,15.0,22.748173986174447,0,0,28.537415053089642
1353,0.69549416249007,20864.8248747021,31.357164849771138,15.0,22.49337346599161,0,0,28.537415053089642
1354,0.6946540707329438,20839.622121988315,31.16634645327002,15.0,22.237452322159534,0,0,28.537415053089642
1355,0.6938427684724372,20815.283054173116,30.974749047658083,15.0,21.98048638963647,0,0,28.537415053089642
1356,0.6930603751267538,20791.811253802614,30.78242940738158,15.0,21.722551812973954,0,0,28.537415053089642
1357,0.6923070015477618,20769.210046432854,30.58944452090052,15.0,21.46372502375373,0,0,28.537415053089642
1358,0.6915827499881465,20747.482499644397,30.39585157380173,15.0,21.204082717939386,0,0,28.537415053089642
1359,0.6908877140711104,20726.631422133312,30.201707931853505,15.0,20.943701833149674,0,0,28.537415053089642
1360,0.6902219787626301,20706.659362878905,30.00707112400692,15.0,20.682659525860238,0,0,28.537415053089642
1361,0.6895856203462802,20687.568610388407,29.81199882534871,15.0,20.42103314854043,0,0,28.537415053089642
1362,0.6889787064006277,20669.361192018834,29.616548840011042,15.0,20.15890022673231,0,0,28.537415053089642
1363,0.6884012957792077,20652.03887337623,29.4207790840427,15.0,19.896338436077855,0,0,28.537415053089642
1364,0.6878534385930831,20635.603157792495,29.224747568247427,15.0,19.633425579302184,0,0,28.537415053089642
1365,0.6873351761959968,20620.055285879906,29.028512380994062,15.0,19.370239563158876,0,0,28.537415053089642
1366,0.6868465411721167,20605.396235163502,28.832131671003697,15.0,19.106858375344544,0,0,28.537415053089642
1367,0.6863875573263805,20591.626719791413,28.635663630118934,15.0,18.843360061389358,0,0,28.537415053089642
1368,0.6859582396774417,20578.74719032325,28.439166476060414,15.0,18.57982270153051,0,0,28.537415053089642
1369,0.6855585944532201,20566.757833596603,28.24269843517561,15.0,18.31632438757528,0,0,28.537415053089642
1370,0.6851886190890552,20555.658572671655,28.04631772518524,15.0,18.05294319976094,0,0,28.537415053089642
1371,0.6848483022284667,20545.449066854002,27.850082537931875,15.0,17.789757183617635,0,0,28.537415053089642
1372,0.6845376237265197,20536.12871179559,27.654051022136603,15.0,17.52684432684196,0,0,28.537415053089642
1373,0.6842565546557939,20527.696639673817,27.45828126616826,15.0,17.26428253618751,0,0,28.537415053089642
1374,0.6840050573149555,20520.151719448666,27.262831280830596,15.0,17.00214961437939,0,0,28.537415053089642
1375,0.6837830852399289,20513.492557197867,27.06775898217242,15.0,16.74052323705963,0,0,28.537415053089642
1376,0.6835905832176652,20507.717496529956,26.873122174325797,15.0,16.47948092977014,0,0,28.537415053089642
1377,0.6834274873025028,20502.824619075083,26.678978532377574,15.0,16.21910004498043,0,0,28.537415053089642
1378,0.6832937248351156,20498.81174505347,26.48538558527878,15.0,15.959457739166087,0,0,28.537415053089642
1379,0.6831892144640445,20495.676433921333,26.292400698797724,15.0,15.700630949945861,0,0,28.537415053089642
1380,0.6831138661698022,20493.415985094067,26.10008105852118,15.0,15.442696373283292,0,0,28.537415053089642
1381,0.6830675812915494,20492.02743874648,25.908483652909243,15.0,15.185730440760228,0,0,28.537415053089642
1382,0.6830502525563287,20491.50757668986,25.717665256408207,15.0,14.929809296928259,0,0,28.537415053089642
1383,0.6830617641108531,20491.85292332559,25.527682412627033,15.0,14.675008776745372,0,0,28.537415053089642
1384,0.6831019915558351,20493.05974667505,25.338591417582617,15.0,14.4214043831049,0,0,28.537415053089642
1385,0.6831708019828493,20495.12405948548,25.15044830301767,15.0,14.169071264461863,0,0,28.537415053089642
1386,0.6832680540137157,20498.04162041147,24.963308819797497,15.0,13.918084192565104,0,0,28.537415053089642
1387,0.6833935978423932,20501.807935271794,24.77722842138974,15.0,13.668517540300723,0,0,28.537415053089642
1388,0.6835472752793705,20506.418258381116,24.592262247432473,15.0,13.420445259653976,0,0,28.537415053089642
1389,0.6837289197985411,20511.867593956234,24.40846510739489,15.0,13.173940859795403,0,0,28.537415053089642
1390,0.6839383565865483,20518.15069759645,24.225891464336254,15.0,12.929077385298688,0,0,28.537415053089642
1391,0.6841754025945865,20525.262077837597,24.044595418767265,15.0,12.685927394495906,0,0,28.537415053089642
1392,0.6844398665926421,20533.195997779265,23.864630692618913,15.0,12.444562937976944,0,0,28.537415053089642
1393,0.6847315492261596,20541.94647678479,23.68605061332352,15.0,12.205055537239335,0,0,28.537415053089642
1394,0.6850502430751144,20551.50729225343,23.508908098012643,15.0,11.967476163494915,0,0,28.537415053089642
1395,0.6853957327154755,20561.871981464265,23.333255637836594,15.0,11.731895216639455,0,0,28.537415053089642
1396,0.6857677947830407,20573.033843491223,23.15914528241027,15.0,11.498382504391857,0,0,28.537415053089642
1397,0.6861661980396244,20584.985941188734,22.986628624389574,15.0,11.267007221608338,0,0,28.537415053089642
1398,0.6865907034415781,20597.721103247342,22.81575678418348,15.0,11.037837929778664,0,0,28.537415053089642
1399,0.687041064210624,20611.23192631872,22.646580394805966,15.0,10.810942536709884,0,0,28.537415053089642
1400,0.6875170259069814,20625.51077720944,22.479149586872325,15.0,10.586388276403778,0,0,28.537415053089642
1401,0.6880183265047622,20640.549795142866,22.313513973744364,15.0,10.364241689133895,0,0,28.537415053089642
1402,0.6885446964696149,20656.340894088447,22.149722636829072,15.0,10.144568601728494,0,0,28.537415053089642
1403,0.6890958588385935,20672.875765157805,21.987824111034342,15.0,9.92743410806414,0,0,28.537415053089642
1404,0.6896715293022277,20690.145879066833,21.82786637038752,15.0,9.712902549777574,0,0,28.537415053089642
1405,0.6902714162887698,20708.142488663092,21.669896813819314,15.0,9.50103749719945,0,0,28.537415053089642
1406,0.6908952210505933,20726.8566315178,21.513962251118578,15.0,9.29190173051726,0,0,28.537415053089642
1407,0.6915426377527195,20746.279132581585,21.360108889061564,15.0,9.085557221172161,0,0,28.537415053089642
1408,0.6922133535634416,20766.400606903248,21.208382317719966,15.0,8.882065113495667,0,0,28.537415053089642
1409,0.6929070487470242,20787.211462410727,21.058827496951274,15.0,8.681485706590841,0,0,28.537415053089642
1410,0.693623396758448,20808.70190275344,20.911488743076667,15.0,8.48387843646497,0,0,28.537415053089642
1411,0.6943620643401718,20830.861930205152,20.766409715748622,15.0,8.289301858416739,0,0,28.537415053089642
1412,0.6951227116208837,20853.68134862651,20.623633405014072,15.0,8.09781362968562,0,0,28.537415053089642
1413,0.6959049922162129,20877.14976648639,20.483202118575296,15.0,7.909470492366514,0,0,28.537415053089642
1414,0.696708553331371,20901.25659994113,20.345157469253135,15.0,7.724328256595669,0,0,28.537415053089642
1415,0.6975330358656917,20925.991075970753,20.20954036265644,15.0,7.542441784013244,0,0,28.537415053089642
1416,0.698378074519041,20951.34223557123,20.076390985060833,15.0,7.363864971506606,0,0,28.537415053089642
1417,0.6992432979000629,20977.298937001888,19.945748791500385,15.0,7.188650735239159,0,0,28.537415053089642
1418,0.7001283286362313,21003.84985908694,19.817652494076587,15.0,7.016850994970612,0,0,28.537415053089642
1419,0.701032783485673,21030.98350457019,19.692140050486966,15.0,6.848516658671823,0,0,28.537415053089642
1420,0.7019562734507313,21058.68820352194,19.569248652777237,15.0,6.6836976074394485,0,0,28.537415053089642
1421,0.7028984038932332,21086.952116796998,19.449014716320846,15.0,6.52244268071559,0,0,28.537415053089642
1422,0.7038587746514309,21115.763239542925,19.33147386902794,15.0,6.364799661815072,0,0,28.537415053089642
1423,0.7048369801585764,21145.10940475729,19.216660940788376,15.0,6.210815263766703,0,0,28.537415053089642
1424,0.7058326095631012,21174.978286893038,19.10460995315066,15.0,6.060535115470884,0,0,28.537415053089642
1425,0.70684524685036,21205.3574055108,18.99535410924062,15.0,5.914003748178775,0,0,28.537415053089642
1426,0.7078744709659046,21236.23412897714,18.88892578392278,15.0,5.771264582296964,0,0,28.537415053089642
1427,0.7089198559402519,21267.595678207555,18.785356514206892,15.0,5.632359914520935,0,0,28.537415053089642
1428,0.709980971015107,21299.429130453213,18.68467698990269,15.0,5.49733090530143,0,0,28.537415053089642
1429,0.7110573807710076,21331.721423130228,18.58691704452614,15.0,5.366217566648139,0,0,28.537415053089642
1430,0.7121486452563464,21364.45935769039,18.49210564645886,15.0,5.239058750272934,0,0,28.537415053089642
1431,0.7132543201177397,21397.62960353219,18.400270890364293,15.0,5.115892136077415,0,0,28.537415053089642
1432,0.7143739567316982,21431.218701950947,18.311439988862634,15.0,4.996754220987525,0,0,28.537415053089642
1433,0.7155071023375642,21465.213070126927,18.225639264467127,15.0,4.88168030813871,0,0,28.537415053089642
1434,0.7166533001716738,21499.599005150216,18.14289414178411,15.0,4.770704496414824,0,0,28.537415053089642
1435,0.7178120896027066,21534.362688081197,18.063229139979292,15.0,4.663859670344005,0,0,28.537415053089642
1436,0.7189830062681799,21569.490188045398,17.986667865511933,15.0,4.56117749035402,0,0,28.537415053089642
1437,0.7201655822120501,21604.9674663615,17.913233005140043,15.0,4.46268838339094,0,0,28.537415053089642
1438,0.7213593460233773,21640.78038070132,17.84294631919759,15.0,4.368421533902698,0,0,28.537415053089642
1439,0.7225638229760153,21676.91468928046,17.77582863514653,15.0,4.278404875191246,0,0,28.537415053089642
1440,0.7237785351692831,21713.356055078493,17.71189984140515,15.0,4.192665081135259,0,0,28.537415053089642
1441,0.7250030016695767,21750.0900500873,17.651178881454765,15.0,4.111227558286185,0,0,28.537415053089642
1442,0.7262367386528805,21787.102159586415,17.593683748226237,15.0,4.034116438339543,0,0,28.537415053089642
1443,0.7274792595481347,21824.37778644404,17.539431478768424,15.0,3.9613545709844313,0,0,28.537415053089642
1444,0.728730075181417,21861.90225544251,17.488438149199588,15.0,3.892963517132416,0,0,28.537415053089642
1445,0.7299886939208948,21899.660817626846,17.440718869943822,15.0,3.828963542528785,0,0,28.537415053089642
1446,0.7312546218225072,21937.63865467522,17.396287781253463,15.0,3.7693736117472705,0,0,28.537415053089642
1447,0.7325273627763306,21975.820883289918,17.35515804901896,15.0,3.7142113825703786,0,0,28.537415053089642
1448,0.7338064186535868,22014.192559607603,17.317341860867625,15.0,3.6634932007571184,0,0,28.537415053089642
1449,0.7350912894542497,22052.738683627493,17.282850422552173,15.0,3.6172340951993744,0,0,28.537415053089642
1450,0.7363814734552062,22091.444203656185,17.25169395463013,15.0,3.5754477734684453,0,0,28.537415053089642
1451,0.7376764673589267,22130.2940207678,17.223881689435373,15.0,3.538146617753294,0,0,28.537415053089642
1452,0.738975766442604,22169.27299327812,17.199421868342323,15.0,3.5053416811914038,0,0,28.537415053089642
1453,0.7402788647077129,22208.365941231386,17.17832173932384,15.0,3.477042684593437,0,0,28.537415053089642
1454,0.741585255029949,22247.55765089847,17.16058755480355,15.0,3.4532580135628503,0,0,28.537415053089642
1455,0.7428944293095001,22286.832879285004,17.14622456980303,15.0,3.433994716010967,0,0,28.537415053089642
1456,0.7442058786216077,22326.17635864823,17.135237040384744,15.0,3.4192585000686,0,0,28.537415053089642
1457,0.7455190933673717,22365.57280102115,17.12762822239078,15.0,3.4090537323945673,0,0,28.537415053089642
1458,0.746833563424756,22405.00690274268,17.123400370478116,15.0,3.4033834368817573,0,0,28.537415053089642
1459,0.7481487782997487,22444.46334899246,17.12255473745052,15.0,3.4022492937611135,0,0,28.537415053089642
1460,0.7494642272776322,22483.926818328964,17.125091573887318,15.0,3.4056516391037173,0,0,28.537415053089642
1461,0.7507793995743193,22523.38198722958,17.131010128069107,15.0,3.4135894647212153,0,0,28.537415053089642
1462,0.7520937844877094,22562.81353463128,17.140308646200562,15.0,3.4260604184645658,0,0,28.537415053089642
1463,0.7534068715490204,22602.206146470613,17.152984372930078,15.0,3.4430608049210254,0,0,28.537415053089642
1464,0.7547181506740521,22641.544520221563,17.169033552166265,15.0,3.4645855865091915,0,0,28.537415053089642
1465,0.7560271123143345,22680.813369430034,17.188451428190945,15.0,3.490628384971737,0,0,28.537415053089642
1466,0.7573332476081185,22719.997428243554,17.21123224706837,15.0,3.521181483265427,0,0,28.537415053089642
1467,0.7586360485311624,22759.081455934873,17.237369258350277,15.0,3.5562358278478556,0,0,28.537415053089642
1468,0.7599350080472707,22798.05024141812,17.266854717076107,15.0,3.595781031360165,0,0,28.537415053089642
1469,0.7612296202585395,22836.888607756184,17.299679886068134,15.0,3.6398053757051323,0,0,28.537415053089642
1470,0.7625193805552651,22875.581416657955,17.335835038520326,15.0,3.6882958155193775,0,0,28.537415053089642
1471,0.763803785765471,22914.113572964132,17.37530946088073,15.0,3.7412379820390815,0,0,28.537415053089642
1472,0.7650823343040083,22952.47002912025,17.418091456026076,15.0,3.798616187357722,0,0,28.537415053089642
1473,0.7663545263211862,22990.635789635584,17.464168346727895,15.0,3.860413429074753,0,0,28.537415053089642
1474,0.7676198638508883,23028.59591552665,17.513526479409027,15.0,3.92661139533372,0,0,28.537415053089642
1475,0.7688778509581312,23066.335528743937,17.566151228189565,15.0,3.997190470248605,0,0,28.537415053089642
1476,0.77012799388602,23103.839816580603,17.622026999220665,15.0,4.072129739716232,0,0,28.537415053089642
1477,0.7713698012020597,23141.09403606179,17.681137235305513,15.0,4.151406997613799,0,0,28.537415053089642
1478,0.7726027839437762,23178.083518313288,17.743464420805427,15.0,4.234998752378798,0,0,28.537415053089642
1479,0.7738264557636082,23214.793672908247,17.808990086830217,15.0,4.322880233970249,0,0,28.537415053089642
1480,0.775040333073021,23251.20999219063,17.877694816710886,15.0,4.415025401208522,0,0,28.537415053089642
1481,0.7762439351858048,23287.318055574146,17.94955825175321,15.0,4.511406949491928,0,0,28.537415053089642
1482,0.7774367844605125,23323.103533815374,18.024559097270412,15.0,4.611996318887565,0,0,28.537415053089642
1483,0.7786184064419945,23358.552193259835,18.10267512889336,15.0,4.7167637025944655,0,0,28.537415053089642
1484,0.7797883300019911,23393.649900059732,18.183883199155982,15.0,4.825678055775734,0,0,28.537415053089642
1485,0.7809460874787368,23428.382624362104,18.268159244354408,15.0,4.938707104757912,0,0,28.537415053089642
1486,0.7820912148155396,23462.736444466187,18.35547829167769,15.0,5.0558173565945115,0,0,28.537415053089642
1487,0.7832232516982902,23496.697550948706,18.445814466607537,15.0,5.176974108990367,0,0,28.537415053089642
1488,0.7843417416918635,23530.252250755908,18.539141000585758,15.0,5.302141460585046,0,0,28.537415053089642
1489,0.7854462323753703,23563.38697126111,18.635430238946174,15.0,5.43128232159094,0,0,28.537415053089642
1490,0.7865362754762185,23596.088264286554,18.73465364910932,15.0,5.5643584247837605,0,0,28.537415053089642
1491,0.787611427002947,23628.34281008841,18.83678182903742,15.0,5.701330336842225,0,0,28.537415053089642
1492,0.7886712473767892,23660.137421303676,18.941784515946622,15.0,5.842157470032641,0,0,28.537415053089642
1493,0.7897153015619304,23691.45904685791,19.049630595274607,15.0,5.986798094236087,0,0,28.537415053089642
1494,0.7907431591944175,23722.294775832524,19.16028810990064,15.0,6.1352093493141275,0,0,28.537415053089642
1495,0.7917543947096856,23752.631841290568,19.273724269614892,15.0,6.287347257808815,0,0,28.537415053089642
1496,0.7927485874686618,23782.457624059854,19.389905460835113,15.0,6.44316673797449,0,0,28.537415053089642
1497,0.79372532188241,23811.7596564723,19.508797256566943,15.0,6.602621617136317,0,0,28.537415053089642
1498,0.7946841875352781,23840.525626058345,19.63036442660539,15.0,6.7656646453722535,0,0,28.537415053089642
1499,0.795624779306514,23868.74337919542,19.754570947974408,15.0,6.932247509514372,0,0,28.537415053089642
1500,0.7965466974903107,23896.40092470932,19.88138001560107,15.0,7.102320847464811,0,0,28.537415053089642
1501,0.7974495479142484,23923.48643742745,20.01075405322183,15.0,7.275834262822979,0,0,28.537415053089642
1502,0.798332942056096,23949.98826168288,20.142654724517318,15.0,7.4527363398193245,0,0,28.537415053089642
1503,0.7991964971589385,23975.894914768156,20.277042944471894,15.0,7.632974658550465,0,0,28.537415053089642
1504,0.8000398363445967,24001.195090337904,20.413878890955694,15.0,7.816495810512734,0,0,28.537415053089642
1505,0.8008625887253038,24025.877661759114,20.553122016524597,15.0,8.003245414428093,0,0,28.537415053089642
1506,0.8016643895136074,24049.93168540822,20.694731060435423,15.0,8.193168132358558,0,0,28.537415053089642
1507,0.8024448801304641,24073.34640391392,20.838664060872194,15.0,8.38620768610382,0,0,28.537415053089642
1508,0.8032037083114946,24096.111249344838,20.984878367380677,15.0,8.582306873878125,0,0,28.537415053089642
1509,0.8039405282113666,24118.215846340998,21.133330653506228,15.0,8.781407587259888,0,0,28.537415053089642
1510,0.8046550005062764,24139.65001518829,21.28397692963254,15.0,8.983450828410716,0,0,28.537415053089642
1511,0.805346792494498,24160.40377483494,21.436772556016876,15.0,9.188376727557916,0,0,28.537415053089642
1512,0.80601557819497,24180.4673458491,21.591672256017514,15.0,9.396124560734874,0,0,28.537415053089642
1513,0.8066610384438904,24199.83115331671,21.74863012951033,15.0,9.60663276777505,0,0,28.537415053089642
1514,0.8072828609892917,24218.48582967875,21.907599666490018,15.0,9.819838970553608,0,0,28.537415053089642
1515,0.8078807405835683,24236.42221750705,22.068533760851818,15.0,10.035679991471163,0,0,28.537415053089642
1516,0.8084543790739279,24253.63137221784,22.23138472435047,15.0,10.254091872175163,0,0,28.537415053089642
1517,0.8090034854907401,24270.1045647222,22.39610430073081,15.0,10.475009892511554,0,0,28.537415053089642
1518,0.8095277761337575,24285.833284012726,22.562643680027342,15.0,10.698368589703016,0,0,28.537415053089642
1519,0.8100269746561822,24300.809239685466,22.73095351302791,15.0,10.924101777747278,0,0,28.537415053089642
1520,0.8105008121465529,24315.024364396588,22.90098392589647,15.0,11.152142567028866,0,0,28.537415053089642
1521,0.8109490272084298,24328.47081625289,23.072684534952124,15.0,11.38242338414039,0,0,28.537415053089642
1522,0.8113713660378511,24341.140981135533,23.246004461598922,15.0,11.614875991906015,0,0,28.537415053089642
1523,0.8117675824985416,24353.02747495625,23.420892347401896,15.0,11.84943150960113,0,0,28.537415053089642
1524,0.8121374381948475,24364.123145845424,23.597296369306243,15.0,12.086020433363911,0,0,28.537415053089642
1525,0.8124807025423784,24374.421076271352,23.77516425499309,15.0,12.324572656790147,0,0,28.537415053089642
1526,0.8127971528363345,24383.914585090035,23.954443298369128,15.0,12.565017491707561,0,0,28.537415053089642
1527,0.8130865743174989,24392.597229524967,24.135080375184792,15.0,12.807283689122531,0,0,28.537415053089642
1528,0.813348760235875,24400.46280707625,24.317021958775648,15.0,13.051299460332093,0,0,28.537415053089642
1529,0.8135835119119513,24407.50535735854,24.500214135923894,15.0,13.296992498196982,0,0,28.537415053089642
1530,0.8137906387955746,24413.719163867238,24.684602622833825,15.0,13.544289998567603,0,0,28.537415053089642
1531,0.8139699585224136,24419.098755672407,24.870132781217386,15.0,13.793118681857523,0,0,28.537415053089642
1532,0.8141212969679977,24423.63890903993,25.056749634484454,15.0,14.043404814757563,0,0,28.537415053089642
1533,0.8142444882993143,24427.334648979428,25.24439788403405,15.0,14.295074232085142,0,0,28.537415053089642
1534,0.8143393750239475,24430.181250718426,25.433021925639885,15.0,14.54805235876022,0,0,28.537415053089642
1535,0.8144058080367477,24432.17424110243,25.622565865927754,15.0,14.802264231904362,0,0,28.537415053089642
1536,0.8144436466640141,24433.309399920425,25.81297353893734,15.0,15.057634523053052,0,0,28.537415053089642
1537,0.8144527587051794,24433.582761155383,26.00418852276583,15.0,15.314087560477738,0,0,28.537415053089642
1538,0.8144330204719837,24432.990614159513,26.19615415628676,15.0,15.571547351608718,0,0,28.537415053089642
1539,0.8143843168251261,24431.529504753784,26.388813555940004,15.0,15.829937605553496,0,0,28.537415053089642
1540,0.8143065412083829,24429.196236251486,26.58210963258739,15.0,16.08918175570315,0,0,28.537415053089642
1541,0.8141995956801825,24425.987870405475,26.7759851084299,15.0,16.34920298242126,0,0,28.537415053089642
1542,0.8140633909426277,24421.90172827883,26.97038253397974,15.0,16.609924235806467,0,0,28.537415053089642
1543,0.8138978463679561,24416.935391038685,27.16524430508433,15.0,16.871268258524623,0,0,28.537415053089642
1544,0.8137028900224329,24411.086700672986,27.36051267999542,15.0,17.13315760870153,0,0,28.537415053089642
1545,0.813478458687665,24404.35376062995,27.55612979647929,15.0,17.3955146828707,0,0,28.537415053089642
1546,0.8132244978793354,24396.73493638006,27.752037688962567,15.0,17.65826173896892,0,0,28.537415053089642
1547,0.812940961863347,24388.22885590041,27.9481783057087,15.0,17.92132091937298,0,0,28.537415053089642
1548,0.8126278136693751,24378.834410081254,28.144493526019783,15.0,18.184614273970283,0,0,28.537415053089642
1549,0.8122850251018228,24368.550753054682,28.340925177459354,15.0,18.448063783257737,0,0,28.537415053089642
1550,0.8119125767481749,24357.377302445246,28.537415053089674,15.0,18.71159138145994,0,0,28.537415053089642
1551,0.8115104579847514,24345.313739542544,28.73390492871991,15.0,18.97511897966202,0,0,28.537415053089642
1552,0.8110786669798551,24332.360009395652,28.930336580159437,15.0,19.238568488949422,0,0,28.537415053089642
1553,0.8106172106943139,24318.516320829418,29.126651800470597,15.0,19.501861843546834,0,0,28.537415053089642
1554,0.810126104879419,24303.78314638257,29.322792417216654,15.0,19.764921023950784,0,0,28.537415053089642
1555,0.8096053740722569,24288.161222167706,29.51870030969997,15.0,20.02766808004906,0,0,28.537415053089642
1556,0.8090550515884386,24271.651547653157,29.714317426183804,15.0,20.29002515421817,0,0,28.537415053089642
1557,0.8084751795122276,24254.25538536683,29.909585801094934,15.0,20.551914504395135,0,0,28.537415053089642
1558,0.8078658086840695,24235.974260522085,30.10444757219956,15.0,20.813258527113348,0,0,28.537415053089642
1559,0.8072269986855265,24216.809960565795,30.298844997749363,15.0,21.073979780498505,0,0,28.537415053089642
1560,0.8065588178216224,24196.76453464867,30.492720473591874,15.0,21.334001007216607,0,0,28.537415053089642
1561,0.8058613431006023,24175.84029301807,30.686016550239298,15.0,21.59324515736632,0,0,28.537415053089642
1562,0.8051346602111135,24154.039806333403,30.878675949892457,15.0,21.851635411310994,0,0,28.537415053089642
1563,0.8043788634968135,24131.365904904407,31.070641583413433,15.0,22.109095202442024,0,0,28.537415053089642
1564,0.8035940559284153,24107.82167785246,31.261856567241963,15.0,22.36554823986676,0,0,28.537415053089642
1565,0.8027803490731733,24083.4104721952,31.45226424025151,15.0,22.620918531015402,0,0,28.537415053089642
1566,0.8019378630618245,24058.135891854734,31.64180818053938,15.0,22.875130404159542,0,0,28.537415053089642
1567,0.8010667265529909,24032.001796589728,31.830432222145216,15.0,23.128108530834623,0,0,28.537415053089642
1568,0.8001670766950557,24005.01230085167,32.01808047169481,15.0,23.3797779481622,0,0,28.537415053089642
1569,0.7992390590855221,23977.171772565664,32.20469732496191,15.0,23.630064081062294,0,0,28.537415053089642
1570,0.798282827727871,23948.48483183613,32.390227483345434,15.0,23.87889276435216,0,0,28.537415053089642
1571,0.7972985449859251,23918.956349577755,32.574615970255365,15.0,24.12619026472278,0,0,28.537415053089642
1572,0.7962863815357384,23888.59144607215,32.75780814740365,15.0,24.371883302587726,0,0,28.537415053089642
1573,0.7952465163150197,23857.39548945059,32.93974973099447,15.0,24.61589907379723,0,0,28.537415053089642
1574,0.7941791364701108,23825.374094103325,33.12038680781014,15.0,24.8581652712122,0,0,28.537415053089642
1575,0.7930844373005302,23792.53311901591,33.29966585118621,15.0,25.098610106129666,0,0,28.537415053089642
1576,0.7919626222011024,23758.87866603307,33.47753373687302,15.0,25.337162329555852,0,0,28.537415053089642
1577,0.7908139026016862,23724.417078050585,33.65393775877733,15.0,25.573751253318587,0,0,28.537415053089642
1578,0.789638497904525,23689.15493713575,33.82882564458034,15.0,25.808306771013747,0,0,28.537415053089642
1579,0.7884366354192328,23653.099062576985,34.0021455712271,15.0,26.040759378779327,0,0,28.537415053089642
1580,0.7872085502954366,23616.256508863098,34.17384618028283,15.0,26.271040195890947,0,0,28.537415053089642
1581,0.7859544854530977,23578.63456359293,34.34387659315135,15.0,26.499080985172483,0,0,28.537415053089642
1582,0.784674691510528,23540.24074531584,34.51218642615192,15.0,26.72481417321675,0,0,28.537415053089642
1583,0.783369426710128,23501.08280130384,34.67872580544852,15.0,26.9481728704083,0,0,28.537415053089642
1584,0.7820389568418623,23461.16870525587,34.8434453818288,15.0,27.169090890744602,0,0,28.537415053089642
1585,0.7806835551645015,23420.506654935045,35.006296345327414,15.0,27.38750277144856,0,0,28.537415053089642
1586,0.7793035023246492,23379.105069739475,35.16723043968929,15.0,27.603343792366196,0,0,28.537415053089642
1587,0.7778990862735803,23336.97258820741,35.3261999766689,15.0,27.816549995144673,0,0,28.537415053089642
1588,0.7764706021819152,23294.118065457456,35.483157850161746,15.0,28.027058202184897,0,0,28.537415053089642
1589,0.7750183523521539,23250.550570564617,35.63805755016236,15.0,28.234806035361807,0,0,28.537415053089642
1590,0.7735426461290981,23206.27938387294,35.79085317654673,15.0,28.439731934509055,0,0,28.537415053089642
1591,0.7720437998081842,23161.313994245524,35.9414994526731,15.0,28.641775175659962,0,0,28.537415053089642
1592,0.7705221365417596,23115.66409625279,36.08995173879859,15.0,28.84087588904164,0,0,28.537415053089642
1593,0.7689779862433251,23069.339587299753,36.23616604530704,15.0,29.036975076815907,0,0,28.537415053089642
1594,0.767411685489774,23022.35056469322,36.38009904574387,15.0,29.230014630561246,0,0,28.537415053089642
1595,0.765823577421658,22974.707322649738,36.52170808965464,15.0,29.41993734849164,0,0,28.537415053089642
1596,0.764214011641506,22926.42034924518,36.66095121522358,15.0,29.60668695240704,0,0,28.537415053089642
1597,0.762583344110231,22877.50032330693,36.797787161707404,15.0,29.79020810436934,0,0,28.537415053089642
1598,0.7609319370416496,22827.95811124949,36.932175381661956,15.0,29.97044642310044,0,0,28.537415053089642
1599,0.7592601587951512,22777.804763854536,37.06407605295745,15.0,30.147348500096797,0,0,28.537415053089642
1600,0.7575683837665447,22727.05151299634,37.1934500905782,15.0,30.320861915454955,0,0,28.537415053089642
1601,0.7558569922771171,22675.709768313514,37.32025915820486,15.0,30.4909352534054,0,0,28.537415053089642
1602,0.7541263704609364,22623.791113828094,37.44446567957385,15.0,30.657518117547486,0,0,28.537415053089642
1603,0.7523769101504313,22571.30730451294,37.5660328496123,15.0,30.820561145783422,0,0,28.537415053089642
1604,0.7506090087602825,22518.270262808473,37.684924645344154,15.0,30.98001602494528,0,0,28.537415053089642
1605,0.748823069169661,22464.69207508983,37.8011058365644,15.0,31.13583550511099,0,0,28.537415053089642
1606,0.7470194996028461,22410.584988085382,37.91454199627863,15.0,31.28797341360565,0,0,28.537415053089642
1607,0.745198713508259,22355.96140524777,38.02519951090466,15.0,31.436384668683687,0,0,28.537415053089642
1608,0.74336112943595,22300.8338830785,38.13304559023267,15.0,31.581025292887162,0,0,28.537415053089642
1609,0.7415071709135728,22245.215127407184,38.23804827714186,15.0,31.721852426077547,0,0,28.537415053089642
1610,0.7396372663208838,22189.117989626513,38.34017645706993,15.0,31.858824338135985,0,0,28.537415053089642
1611,0.7377518487628041,22132.555462884124,38.4393998672331,15.0,31.991900441328838,0,0,28.537415053089642
1612,0.7358513559410816,22075.54067823245,38.53568910559349,15.0,32.1210413023347,0,0,28.537415053089642
1613,0.73393623002459,22018.0869007377,38.62901563957173,15.0,32.24620865392941,0,0,28.537415053089642
1614,0.7320069175183047,21960.20752554914,38.71935181450158,15.0,32.36736540632527,0,0,28.537415053089642
1615,0.7300638691309937,21901.916073929813,38.80667086182486,15.0,32.48447565816186,0,0,28.537415053089642
1616,0.7281075396416636,21843.22618924991,38.890946907023306,15.0,32.59750470714407,0,0,28.537415053089642
1617,0.7261383877647976,21784.151632943926,38.97215497728591,15.0,32.70641906032531,0,0,28.537415053089642
1618,0.7241568760144289,21724.706280432867,39.05027100890885,15.0,32.811186444032195,0,0,28.537415053089642
1619,0.7221634705670886,21664.90411701266,39.12527185442608,15.0,32.91177581342787,0,0,28.537415053089642
1620,0.7201586411236666,21604.759233709996,39.19713528946838,15.0,33.008157361711234,0,0,32.537415053089646
1621,0.717959401780472,21538.78205341416,44.769609712056095,15.0,33.100302528949534,0,0,32.537415053089646
1622,0.7157493817074139,21472.481451222415,44.84431990525726,15.0,33.188184010540965,0,0,32.537415053089646
1623,0.713529075283426,21405.87225850278,44.91538329694601,15.0,33.27177576530598,0,0,32.537415053089646
1624,0.7112989799355104,21338.96939806531,44.98277882950566,15.0,33.35105302320355,0,0,32.537415053089646
1625,0.7090595959913383,21271.78787974015,45.0464865321854,15.0,33.42599229267118,0,0,32.537415053089646
1626,0.7068114265309928,21204.342795929784,45.106487527018004,15.0,33.49657136758605,0,0,32.537415053089646
1627,0.7045549772378947,21136.649317136842,45.162764034413804,15.0,33.56276933384504,0,0,32.537415053089646
1628,0.7022907562489581,21068.722687468744,45.215299378429066,15.0,33.62456657556205,0,0,32.537415053089646
1629,0.7000192740040185,21000.578220120555,45.2640779917076,15.0,33.6819447808807,0,0,32.537415053089646
1630,0.6977410430945779,20932.231292837336,45.30908542009354,15.0,33.73488694740042,0,0,32.537415053089646
1631,0.6954565781119133,20863.6973433574,45.35030832691449,15.0,33.78337738721466,0,0,32.537415053089646
1632,0.6931663954945922,20794.991864837768,45.38773449693355,15.0,33.82740173155962,0,0,32.537415053089646
1633,0.6908710133754408,20726.130401263224,45.42135283996877,15.0,33.86694693507193,0,0,32.537415053089646
1634,0.6885709514280098,20657.128542840295,45.4511533941796,15.0,33.90200127965436,0,0,32.537415053089646
1635,0.6862667307125839,20588.00192137752,45.47712732901866,15.0,33.93255437794805,0,0,32.537415053089646
1636,0.6839588735217809,20518.766205653425,45.4992669478485,15.0,33.95859717641059,0,0,32.537415053089646
1637,0.681647903225784,20449.43709677352,45.517565690222256,15.0,33.98012195799876,0,0,32.537415053089646
1638,0.6793343441172573,20380.03032351772,45.53201813382763,15.0,33.99712234445523,0,0,32.537415053089646
1639,0.6770187212559857,20310.561637679573,45.54261999609367,15.0,34.00959329819857,0,0,32.537415053089646
1640,0.6747015603132888,20241.046809398664,45.549368135459794,15.0,34.01753112381607,0,0,32.537415053089646
1641,0.6723833874162524,20171.501622487573,45.55226055230666,15.0,34.02093346915868,0,0,32.537415053089646
1642,0.6700647289918268,20101.941869754803,45.55129638954875,15.0,34.01979932603803,0,0,32.537415053089646
1643,0.667746111610834,20032.38334832502,45.54647593288828,15.0,34.014129030525226,0,0,32.537415053089646
1644,0.6654280618319344,19962.84185495803,45.53780061073059,15.0,34.003924262851186,0,0,32.537415053089646
1645,0.6631111060455954,19893.333181367863,45.52527299376088,15.0,33.98918804690882,0,0,32.537415053089646
1646,0.6607957703181111,19823.873109543332,45.50889679418241,15.0,33.96992474935695,0,0,32.537415053089646
1647,0.6584825802357166,19754.4774070715,45.488676864616565,15.0,33.94614007832635,0,0,32.537415053089646
1648,0.6561720607488467,19685.1618224654,45.46461919666483,15.0,33.9178410817284,0,0,32.537415053089646
1649,0.6538647360165807,19615.94208049742,45.43673091913343,15.0,33.885036145166495,0,0,32.537415053089646
1650,0.6515611292513234,19546.833877539702,45.405020295920906,15.0,33.847734989451354,0,0,32.537415053089646
1651,0.6492617625637654,19477.852876912963,45.369496723569256,15.0,33.80594866772043,0,0,32.537415053089646
1652,0.6469671568081712,19409.014704245135,45.33017072847963,15.0,33.75968956216267,0,0,32.537415053089646
1653,0.644677831428038,19340.334942841142,45.28705396379313,15.0,33.708971380349425,0,0,32.537415053089646
1654,0.6423943043021743,19271.829129065227,45.240159205937616,15.0,33.65380915117253,0,0,32.537415053089646
1655,0.64011709159124,19203.5127477372,45.18950035084197,15.0,33.59421922039101,0,0,32.537415053089646
1656,0.6378467075847986,19135.401227543956,45.135092409818206,15.0,33.53021924578738,0,0,32.537415053089646
1657,0.6355836645489198,19067.509936467595,45.07695150511351,15.0,33.461828191935375,0,0,32.537415053089646
1658,0.6333284725743865,18999.854177231595,45.015094865132724,15.0,33.389066324580256,0,0,32.537415053089646
1659,0.6310816394255419,18932.449182766257,44.94954081933325,15.0,33.311955204633634,0,0,32.537415053089646
1660,0.628843670389829,18865.31011169487,44.880308792793606,15.0,33.23051768178453,0,0,32.537415053089646
1661,0.6266150681280628,18798.452043841884,44.807419300457454,15.0,33.14477788772857,0,0,32.537415053089646
1662,0.6243963325254811,18731.889975764432,44.73089394105439,15.0,33.0547612290171,0,0,32.537415053089646
1663,0.6221879605436174,18665.63881630852,44.6507553907,15.0,32.960494379528846,0,0,32.537415053089646
1664,0.6199904460730411,18599.713382191232,44.567027396176314,15.0,32.86200527256578,0,0,32.537415053089646
1665,0.6178042797870062,18534.128393610186,44.47973476789504,15.0,32.7593230925758,0,0,32.537415053089646
1666,0.6156299489960553,18468.898469881657,44.388903372545926,15.0,32.65247826650498,0,0,32.537415053089646
1667,0.6134679375036176,18404.038125108527,44.29456012543168,15.0,32.54150245478111,0,0,32.537415053089646
1668,0.611318725462649,18339.56176387947,44.19673298249251,15.0,32.426428541932275,0,0,32.537415053089646
1669,0.6091827892333513,18275.48367700054,44.09545093202221,15.0,32.307290626842416,0,0,32.537415053089646
1670,0.607060601242017,18211.81803726051,43.990743986078094,15.0,32.184124012646876,0,0,32.537415053089646
1671,0.6049526298410388,18148.578895231163,43.88264317158805,15.0,32.05696519627163,0,0,32.537415053089646
1672,0.6028593391701268,18085.780175103802,43.77118052115647,15.0,31.925851857618376,0,0,32.537415053089646
1673,0.6007811890187741,18023.435670563224,43.65638906357213,15.0,31.790822848398875,0,0,32.537415053089646
1674,0.5987186346900112,17961.559040700336,43.53830281402139,15.0,31.65191818062281,0,0,32.537415053089646
1675,0.5966721268654896,17900.16380596469,43.416956764008496,15.0,31.509179014741036,0,0,32.537415053089646
1676,0.5946421114719356,17839.263344158066,43.29238687098692,15.0,31.362647647448952,0,0,32.537415053089646
1677,0.5926290295490115,17778.870886470348,43.164630047704414,15.0,31.21236749915313,0,0,32.537415053089646
1678,0.5906333171186278,17718.999513558832,43.03372415126488,15.0,31.058383101104738,0,0,32.537415053089646
1679,0.5886554050557387,17659.66215167216,42.89970797191064,15.0,30.900740082204216,0,0,32.537415053089646
1680,0.5866957189606656,17600.87156881997,42.76262122152801,15.0,30.739485155480367,0,0,32.537415053089646
1681,0.5847546790329824,17542.640370989473,42.622504521879605,15.0,30.57466610424799,0,0,32.537415053089646
1682,0.5828326999470012,17484.980998410036,42.47939939256756,15.0,30.406331767949162,0,0,32.537415053089646
1683,0.5809301907288951,17427.905721866853,42.33334823873013,15.0,30.23453202768065,0,0,32.537415053089646
1684,0.5790475546354955,17371.426639064866,42.184394338476245,15.0,30.059317791413243,0,0,32.537415053089646
1685,0.5771851890347978,17315.555671043934,42.03258183006121,15.0,29.88074097890653,0,0,32.537415053089646
1686,0.575343485288213,17260.30455864639,41.87795569880774,15.0,29.698854506324174,0,0,32.537415053089646
1687,0.5735228286345987,17205.68485903796,41.72056176377549,15.0,29.5137122705533,0,0,32.537415053089646
1688,0.5717235980761048,17151.707942283145,41.5604466641844,15.0,29.32536913323419,0,0,32.537415053089646
1689,0.5699461662658668,17098.384987976006,41.3976578455939,15.0,29.133880904503073,0,0,32.537415053089646
1690,0.5681908993975805,17045.726981927415,41.23224354584432,15.0,28.939304326454884,0,0,32.537415053089646
1691,0.566458157096991,16993.74471290973,41.064252780762565,15.0,28.741697056328974,0,0,32.537415053089646
1692,0.5647482923153282,16942.448769459847,40.89373532963788,15.0,28.541117649424187,0,0,32.537415053089646
1693,0.5630616512247191,16891.84953674157,40.72074172047105,15.0,28.337625541747613,0,0,32.537415053089646
1694,0.5613985731156097,16841.95719346829,40.545323215002085,15.0,28.13128103240259,0,0,32.537415053089646
1695,0.5597593902962265,16792.781708886792,40.36753179351987,15.0,27.922145265720367,0,0,32.537415053089646
1696,0.5581444279941056,16744.332839823168,40.1874201394597,15.0,27.710280213142198,0,0,32.537415053089646
1697,0.5565540042597213,16696.62012779164,40.00504162379188,15.0,27.495748654855674,0,0,32.537415053089646
1698,0.5549884298722407,16649.652896167223,39.82045028920651,15.0,27.27861416119132,0,0,32.537415053089646
1699,0.5534480082474331,16603.440247422994,39.63370083409998,15.0,27.058941073785924,0,0,32.537415053089646
1700,0.5519330353477611,16557.991060432832,39.44484859636611,15.0,26.83679448651609,0,0,32.537415053089646
1701,0.550443799594681,16513.313987840433,39.253949536998704,15.0,26.61224022620993,0,0,32.537415053089646
1702,0.5489805817831775,16469.417453495327,39.0610602235091,15.0,26.3853448331412,0,0,32.537415053089646
1703,0.5475436549985571,16426.30964995671,38.866237813163636,15.0,26.156175541311477,0,0,32.537415053089646
1704,0.5461332845355278,16383.998536065832,38.669540036047174,15.0,25.92480025852791,0,0,32.537415053089646
1705,0.5447497278195865,16342.491834587596,38.47102517795625,15.0,25.69128754628036,0,0,32.537415053089646
1706,0.5433932343307383,16301.797029922149,38.27075206312745,15.0,25.455706599424907,0,0,32.537415053089646
1707,0.5420640455295697,16261.92136588709,38.06878003680708,15.0,25.218127225680483,0,0,32.537415053089646
1708,0.540762394785699,16222.87184357097,37.86516894766539,15.0,24.978619824942875,0,0,32.537415053089646
1709,0.5394885073086241,16184.655219258722,37.65997913006238,15.0,24.73725536842391,0,0,32.537415053089646
1710,0.5382426000809875,16147.278002429624,37.45327138616944,15.0,24.49410537762118,0,0,32.537415053089646
1711,0.53702488179428,16110.746453828398,37.24510696795204,15.0,24.249241903124414,0,0,32.537415053089646
1712,0.5358355527870007,16075.066583610022,37.03554755901996,15.0,24.002737503265795,0,0,32.537415053089646
1713,0.5346748049852929,16040.244149558786,36.82465525634882,15.0,23.754665222619096,0,0,32.537415053089646
1714,0.5335428218460714,16006.284655382142,36.61249255187913,15.0,23.50509857035471,0,0,32.537415053089646
1715,0.532439778302661,15973.193349079831,36.39912231399922,15.0,23.25411149845796,0,0,32.537415053089646
1716,0.5313658407129597,15940.975221388791,36.184607768915434,15.0,23.00177837981492,0,0,32.537415053089646
1717,0.5303211668101431,15909.635004304293,35.96901248191709,15.0,22.748173986174447,0,0,32.537415053089646
1718,0.5293059056559248,15879.177169677745,35.75240033854059,15.0,22.49337346599156,0,0,32.537415053089646
1719,0.5283201975963865,15849.605927891595,35.534835525639046,15.0,22.237452322159594,0,0,32.537415053089646
1720,0.5273641742203897,15820.925226611691,35.31638251236176,15.0,21.980486389636475,0,0,32.537415053089646
1721,0.5264379583205838,15793.138749617516,35.09710603105135,15.0,21.72255181297401,0,0,32.537415053089646
1722,0.5255416638570198,15766.249915710596,34.87707105806143,15.0,21.46372502375373,0,0,32.537415053089646
1723,0.5246753959233813,15740.261877701438,34.65634279450336,15.0,21.204082717939393,0,0,32.537415053089646
1724,0.5238392507158427,15715.177521475282,34.43498664692531,15.0,20.94370183314968,0,0,32.537415053089646
1725,0.5230333155045651,15690.999465136954,34.21306820793106,15.0,20.682659525860238,0,0,32.537415053089646
1726,0.5222576686078354,15667.730058235064,33.99065323674342,15.0,20.42103314854043,0,0,32.537415053089646
1727,0.5215123793688594,15645.371381065781,33.76780763971861,15.0,20.158900226732367,0,0,32.537415053089646
1728,0.5207975081352134,15623.925244056403,33.54459745081624,15.0,19.896338436077862,0,0,32.537415053089646
1729,0.5201131062409627,15603.393187228883,33.321088812032656,15.0,19.633425579302134,0,0,32.537415053089646
1730,0.5194592159914495,15583.776479743487,33.09734795380132,15.0,19.370239563158883,0,0,32.537415053089646
1731,0.5188358706507572,15565.076119522715,32.87344117536711,15.0,19.106858375344547,0,0,32.537415053089646
1732,0.5182430944318535,15547.292832955603,32.64943482514084,15.0,18.84336006138936,0,0,32.537415053089646
1733,0.5176809024894156,15530.427074682466,32.42539528103852,15.0,18.579822701530517,0,0,32.537415053089646
1734,0.5171493009153394,15514.479027460182,32.2013889308122,15.0,18.31632438757528,0,0,32.537415053089646
1735,0.5166482867369347,15499.448602108043,31.97748215237804,15.0,18.052943199760996,0,0,32.537415053089646
1736,0.5161778479178059,15485.335437534175,31.753741294146614,15.0,17.78975718361764,0,0,32.537415053089646
1737,0.515737963361418,15472.13890084254,31.530232655363022,15.0,17.52684432684191,0,0,32.537415053089646
1738,0.5153286029173492,15459.858087520473,31.307022466460747,15.0,17.26428253618751,0,0,32.537415053089646
1739,0.5149497273902238,15448.491821706715,31.084176869435844,15.0,17.002149614379334,0,0,32.537415053089646
1740,0.5146012885513281,15438.038656539844,30.861761898248258,15.0,16.74052323705958,0,0,32.537415053089646
1741,0.5142832291529001,15428.496874587005,30.63984345925405,15.0,16.479480929770197,0,0,32.537415053089646
1742,0.5139954829450945,15419.864488352832,30.418487311675953,15.0,16.219100044980433,0,0,32.537415053089646
1743,0.5137379746956127,15412.13924086838,30.19775904811793,15.0,15.95945773916614,0,0,32.537415053089646
1744,0.5135106202119971,15405.318606359913,29.97772407512801,15.0,15.700630949945866,0,0,32.537415053089646
1745,0.5133133263665783,15399.39979099735,29.758447593817507,15.0,15.442696373283296,0,0,32.537415053089646
1746,0.513145991124071,15394.37973372213,29.53999458054031,15.0,15.185730440760285,0,0,32.537415053089646
1747,0.5130085035718093,15390.255107154278,29.322429767638674,15.0,14.929809296928209,0,0,32.537415053089646
1748,0.5129007439526125,15387.022318578376,29.105817624262222,15.0,14.675008776745376,0,0,32.537415053089646
1749,0.5128225837002719,15384.677511008156,28.890222337263875,15.0,14.421404383104905,0,0,32.537415053089646
1750,0.5127738854776474,15383.21656432942,28.675707792180088,15.0,14.169071264461866,0,0,32.537415053089646
1751,0.5127545032173635,15382.635096520906,28.46233755430014,15.0,13.918084192565054,0,0,32.537415053089646
1752,0.5127642821650931,15382.92846495279,28.250174849830543,15.0,13.668517540300778,0,0,32.537415053089646
1753,0.5128030589254128,15384.091767762384,28.039282547159303,15.0,13.420445259653981,0,0,32.537415053089646
1754,0.5128706615102223,15386.11984530667,27.829723138227262,15.0,13.173940859795405,0,0,32.537415053089646
1755,0.5129669093897071,15389.007281691214,27.621558720009915,15.0,12.92907738529869,0,0,32.537415053089646
1756,0.5130916135458337,15392.74840637501,27.414850976116924,15.0,12.685927394495911,0,0,32.537415053089646
1757,0.5132445765283596,15397.337295850788,27.209661158513924,15.0,12.444562937976947,0,0,32.537415053089646
1758,0.5134255925133422,15402.767775400267,27.00605006937224,15.0,12.205055537239339,0,0,32.537415053089646
1759,0.513634447364129,15409.03342092387,26.804078043051817,15.0,11.967476163494869,0,0,32.537415053089646
1760,0.5138709186948105,15416.127560844316,26.603804928223102,15.0,11.731895216639504,0,0,32.537415053089646
1761,0.5141347759361184,15424.043278083553,26.405290070132097,15.0,11.498382504391863,0,0,32.537415053089646
1762,0.514425780403748,15432.77341211244,26.208592293015634,15.0,11.267007221608292,0,0,32.537415053089646
1763,0.5147436853690854,15442.310561072562,26.013769882670246,15.0,11.037837929778666,0,0,32.537415053089646
1764,0.5150882361323189,15452.647083969567,25.82088056918061,15.0,10.810942536709888,0,0,32.537415053089646
1765,0.5154591700979116,15463.77510293735,25.6299815098132,15.0,10.586388276403733,0,0,32.537415053089646
1766,0.5158562168524147,15475.68650557244,25.441129272079365,15.0,10.36424168913394,0,0,32.537415053089646
1767,0.516279098244596,15488.372947337877,25.254379816972758,15.0,10.144568601728455,0,0,32.537415053089646
1768,0.5167275284678627,15501.825854035884,25.069788482387462,15.0,9.927434108064187,0,0,32.537415053089646
1769,0.5172012141449526,15516.036424348576,24.88740996671957,15.0,9.712902549777578,0,0,32.537415053089646
1770,0.5176998544148665,15530.995632445996,24.707298312659404,15.0,9.501037497199409,0,0,32.537415053089646
1771,0.5182231410220216,15546.694230660647,24.529506891177256,15.0,9.291901730517266,0,0,32.537415053089646
1772,0.5187707584075929,15563.122752227786,24.354088385708227,15.0,9.085557221172161,0,0,32.537415053089646
1773,0.5193423838030209,15580.271514090628,24.18109477654143,15.0,8.88206511349563,0,0,32.537415053089646
1774,0.5199376873256547,15598.130619769641,24.010577325416772,15.0,8.681485706590884,0,0,32.537415053089646
1775,0.5205563320765032,15616.689962295095,23.842586560334986,15.0,8.48387843646493,0,0,32.537415053089646
1776,0.5211979742400655,15635.939227201967,23.677172260585372,15.0,8.289301858416701,0,0,32.537415053089646
1777,0.5218622631862114,15655.867895586342,23.51438344199494,15.0,8.097813629685662,0,0,32.537415053089646
1778,0.5225488415740799,15676.465247222395,23.35426834240378,15.0,7.909470492366478,0,0,32.537415053089646
1779,0.5232573454579673,15697.72036373902,23.196874407371606,15.0,7.724328256595671,0,0,32.537415053089646
1780,0.5239874043951726,15719.622131855178,23.042248276118066,15.0,7.542441784013246,0,0,32.537415053089646
1781,0.5247386415557671,15742.159246673013,22.890435767703053,15.0,7.363864971506571,0,0,32.537415053089646
1782,0.5255106738342574,15765.320215027721,22.741481867449203,15.0,7.188650735239197,0,0,32.537415053089646
1783,0.526303111963108,15789.093358893238,22.595430713611748,15.0,7.0168509949706515,0,0,32.537415053089646
1784,0.5271155606280894,15813.46681884268,22.452325584299675,15.0,6.848516658671793,0,0,32.537415053089646
1785,0.5279476185854184,15838.428557562553,22.31220888465132,15.0,6.683697607439486,0,0,32.537415053089646
1786,0.5287988787806556,15863.966363419668,22.17512213426864,15.0,6.52244268071556,0,0,32.537415053089646
1787,0.5296689284693236,15890.067854079707,22.041105954914432,15.0,6.364799661815075,0,0,32.537415053089646
1788,0.5305573493392128,15916.720480176386,21.910200058474913,15.0,6.210815263766707,0,0,32.537415053089646
1789,0.5314637176343363,15943.911529030089,21.782443235192385,15.0,6.060535115470856,0,0,32.537415053089646
1790,0.5323876042804975,15971.628128414923,21.657873342170802,15.0,5.914003748178775,0,0,32.537415053089646
1791,0.5333285750124342,15999.857250373028,21.536527292157906,15.0,5.771264582296997,0,0,32.537415053089646
1792,0.5342861905025015,16028.585715075045,21.418441042607146,15.0,5.632359914520905,0,0,32.537415053089646
1793,0.5352600064908527,16057.800194725582,21.30364958502286,15.0,5.49733090530146,0,0,32.537415053089646
1794,0.5362495739170843,16087.48721751253,21.192186934591227,15.0,5.366217566648141,0,0,32.537415053089646
1795,0.5372544390533017,16117.633171599051,21.0840861201012,15.0,5.239058750272936,0,0,32.537415053089646
1796,0.5382741436385685,16148.224309157056,20.97937917415711,15.0,5.1158921360774166,0,0,32.537415053089646
1797,0.5393082250146997,16179.246750440989,20.878097123686786,15.0,4.996754220987528,0,0,32.537415053089646
1798,0.5403562162633562,16210.686487900686,20.78026998074761,15.0,4.88168030813869,0,0,32.537415053089646
1799,0.5414176463444043,16242.529390332127,20.685926733633387,15.0,4.770704496414849,0,0,32.537415053089646
1800,0.5424920402354935,16274.761207064805,20.595095338284242,15.0,4.663859670343983,0,0,32.537415053089646
1801,0.5435789190728171,16307.367572184514,20.507802710003002,15.0,4.5611774903540425,0,0,32.537415053089646
1802,0.5446778002930093,16340.334008790278,20.424074715479282,15.0,4.46268838339094,0,0,32.537415053089646
1803,0.5457881977761389,16373.645933284166,20.343936165124887,15.0,4.368421533902678,0,0,32.537415053089646
1804,0.5469096219897578,16407.288659692735,20.26741080572186,15.0,4.278404875191246,0,0,32.537415053089646
1805,0.5480415801339596,16441.247404018788,20.19452131338569,15.0,4.192665081135276,0,0,32.537415053089646
1806,0.5491835762874068,16475.507288622204,20.12528928684604,15.0,4.111227558286171,0,0,32.537415053089646
1807,0.5503351115542833,16510.053346628498,20.059735241046575,15.0,4.03411643833956,0,0,32.537415053089646
1808,0.5514956842121277,16544.87052636383,19.997878601065775,15.0,3.961354570984419,0,0,32.537415053089646
1809,0.5526647898605045,16579.943695815135,19.93973769636107,15.0,3.8929635171324057,0,0,32.537415053089646
1810,0.5538419215704692,16615.257647114075,19.885329755337338,15.0,3.8289635425288013,0,0,32.537415053089646
1811,0.5550265700347818,16650.797101043456,19.83467090024167,15.0,3.76937361174726,0,0,32.537415053089646
1812,0.5562182237188262,16686.546711564788,19.78777614238618,15.0,3.7142113825703786,0,0,32.537415053089646
1813,0.557416369012188,16722.491070365642,19.74465937769965,15.0,3.6634932007571184,0,0,32.537415053089646
1814,0.5586204903808492,16758.614711425475,19.705333382610036,15.0,3.617234095199366,0,0,32.537415053089646
1815,0.5598300705199513,16794.90211559854,19.669809810258393,15.0,3.5754477734684533,0,0,32.537415053089646
1816,0.5610445905070848,16831.337715212543,19.63809918704585,15.0,3.538146617753302,0,0,32.537415053089646
1817,0.5622635299560563,16867.90589868169,19.610210909514457,15.0,3.5053416811913976,0,0,32.537415053089646
1818,0.5634863671710907,16904.59101513272,19.586153241562727,15.0,3.477042684593441,0,0,32.537415053089646
1819,0.5647125793014203,16941.37737904261,19.565933311996872,15.0,3.453258013562846,0,0,32.537415053089646
1820,0.5659416424962176,16978.249274886526,19.549557112418405,15.0,3.433994716010967,0,0,32.537415053089646
1821,0.5671730320598231,17015.19096179469,19.537029495448692,15.0,3.419258500068602,0,0,32.537415053089646
1822,0.5684062226072236,17052.18667821671,19.528354173291007,15.0,3.4090537323945647,0,0,32.537415053089646
1823,0.5696406882197362,17089.220646592086,19.52353371663053,15.0,3.4033834368817573,0,0,32.537415053089646
1824,0.5708759026008481,17126.277078025443,19.522569553872618,15.0,3.4022492937611135,0,0,32.537415053089646
1825,0.5721113392321706,17163.340176965117,19.52546197071949,15.0,3.4056516391037173,0,0,32.537415053089646
1826,0.5733464715294573,17200.394145883718,19.532210110085614,15.0,3.413589464721213,0,0,32.537415053089646
1827,0.5745807729986423,17237.42318995927,19.54281197235166,15.0,3.4260604184645658,0,0,32.537415053089646
1828,0.5758137173918526,17274.411521755577,19.55726441595703,15.0,3.4430608049210254,0,0,32.537415053089646
1829,0.5770447788633455,17311.343365900364,19.57556315833078,15.0,3.4645855865091915,0,0,32.537415053089646
1830,0.5782734321253288,17348.202963759864,19.59770277716062,15.0,3.490628384971737,0,0,32.537415053089646
1831,0.5794991526036151,17384.974578108453,19.623676711999686,15.0,3.521181483265434,0,0,32.537415053089646
1832,0.5807214165930636,17421.64249779191,19.653477266210505,15.0,3.556235827847847,0,0,32.537415053089646
1833,0.5819397014127662,17458.191042382987,19.687095609245738,15.0,3.5957810313601732,0,0,32.537415053089646
1834,0.5831534855609284,17494.604566827853,19.72452177926478,15.0,3.639805375705122,0,0,32.537415053089646
1835,0.5843622488694019,17530.867466082058,19.76574468608575,15.0,3.688295815519375,0,0,32.537415053089646
1836,0.5855654726578213,17566.96417973464,19.810752114471686,15.0,3.741237982039092,0,0,32.537415053089646
1837,0.586762639887301,17602.879196619033,19.859530727750197,15.0,3.7986161873577204,0,0,32.537415053089646
1838,0.5879532353136444,17638.59705940933,19.912066071765473,15.0,3.8604134290747405,0,0,32.537415053089646
1839,0.5891367456400215,17674.102369200646,19.968342579161273,15.0,3.926611395333735,0,0,32.537415053089646
1840,0.590312659669071,17709.37979007213,20.028343573993872,15.0,3.997190470248589,0,0,32.537415053089646
1841,0.5914804684543781,17744.414053631343,20.09205127667363,15.0,4.072129739716249,0,0,32.537415053089646
1842,0.5926396654512867,17779.1899635386,20.15944680923328,15.0,4.1514069976138135,0,0,32.537415053089646
1843,0.5937897466669995,17813.692400009983,20.230510200921994,15.0,4.234998752378797,0,0,32.537415053089646
1844,0.5949302108099216,17847.906324297648,20.305220394123197,15.0,4.322880233970267,0,0,32.537415053089646
1845,0.5960605594382049,17881.816783146147,20.383555250594203,15.0,4.415025401208521,0,0,32.537415053089646
1846,0.5971802971074464,17915.40891322339,20.465491558026482,15.0,4.511406949491906,0,0,32.537415053089646
1847,0.5982889315174988,17948.667945524965,20.551005036923808,15.0,4.611996318887583,0,0,32.537415053089646
1848,0.5993859736583508,17981.579209750522,20.640070347796808,15.0,4.716763702594443,0,0,32.537415053089646
1849,0.6004709379550301,18014.128138650904,20.732661098671745,15.0,4.825678055775711,0,0,32.537415053089646
1850,0.6015433424114905,18046.300272344717,20.82874985291084,15.0,4.938707104757934,0,0,32.537415053089646
1851,0.6026027087534378,18078.081262603133,20.928308137342395,15.0,5.055817356594487,0,0,32.537415053089646
1852,0.6036485625700521,18109.456877101562,21.031306450698175,15.0,5.176974108990392,0,0,32.537415053089646
1853,0.6046804334545665,18140.413003636993,21.137714272354984,15.0,5.302141460585073,0,0,32.537415053089646
1854,0.6056978551436587,18170.93565430976,21.247500071378816,15.0,5.431282321590938,0,0,32.537415053089646
1855,0.6067003656556149,18201.01096966845,21.36063131586805,15.0,5.564358424783787,0,0,32.537415053089646
1856,0.6076875074272249,18230.625222816747,21.477074482593352,15.0,5.701330336842194,0,0,32.537415053089646
1857,0.6086588274493677,18259.764823481033,21.59679506693143,15.0,5.842157470032612,0,0,32.537415053089646
1858,0.6096138774012485,18288.416322037454,21.719757593089334,15.0,5.986798094236115,0,0,32.537415053089646
1859,0.610552213783245,18316.56641349735,21.845925624616754,15.0,6.135209349314095,0,0,32.537415053089646
1860,0.6114733980483268,18344.201941449803,21.975261775203116,15.0,6.287347257808812,0,0,32.537415053089646
1861,0.6123769967320056,18371.30990196017,22.10772771975563,15.0,6.443166737974488,0,0,32.537415053089646
1862,0.613262581580781,18397.877447423427,22.243284205756098,15.0,6.6026216171363155,0,0,32.537415053089646
1863,0.6141297296790396,18423.891890371186,22.38189106489217,15.0,6.765664645372285,0,0,32.537415053089646
1864,0.6149780235743759,18449.340707231277,22.52350722496013,15.0,6.932247509514404,0,0,32.537415053089646
1865,0.6158070514012914,18474.21154203874,22.66809072203534,15.0,7.102320847464772,0,0,32.537415053089646
1866,0.6166164070032396,18498.49221009719,22.815598712907367,15.0,7.275834262823013,0,0,32.537415053089646
1867,0.6174056900529786,18522.17070158936,22.965987487774903,15.0,7.452736339819285,0,0,32.537415053089646
1868,0.618174506171197,18545.23518513591,23.119212483198435,15.0,7.632974658550461,0,0,32.537415053089646
1869,0.618922467043377,18567.674011301307,23.27522829530485,15.0,7.8164958105127305,0,0,32.537415053089646
1870,0.61964919053486,18589.4757160458,23.433988693241957,15.0,8.003245414428093,0,0,32.537415053089646
1871,0.6203543008040822,18610.629024122463,23.595446632877525,15.0,8.193168132358517,0,0,32.537415053089646
1872,0.6210374284139433,18631.1228524183,23.759554270739514,15.0,8.386207686103855,0,0,32.537415053089646
1873,0.6216982104412802,18650.946313238404,23.926262978192995,15.0,8.58230687387808,0,0,32.537415053089646
1874,0.6223362905844072,18670.088717532217,24.095523355850226,15.0,8.781407587259846,0,0,32.537415053089646
1875,0.6229513192686978,18688.539578060936,24.267285248208285,15.0,8.983450828410755,0,0,32.537415053089646
1876,0.6235429537501698,18706.288612505094,24.44149775851149,15.0,9.188376727557912,0,0,32.537415053089646
1877,0.624110858217048,18723.32574651144,24.618109263833347,15.0,9.396124560734913,0,0,32.537415053089646
1878,0.6246547038892729,18739.641116678187,24.797067430373108,15.0,9.60663276777505,0,0,32.537415053089646
1879,0.625174169115925,18755.22507347775,24.978319228963894,15.0,9.819838970553562,0,0,32.537415053089646
1880,0.6256689394705373,18770.068184116117,25.16181095078606,15.0,10.035679991471204,0,0,32.537415053089646
1881,0.6261387078442658,18784.161235327974,25.347488223282234,15.0,10.254091872175115,0,0,32.537415053089646
1882,0.6265831745368933,18797.4952361068,25.53529602626949,15.0,10.475009892511505,0,0,32.537415053089646
1883,0.6270020473456369,18810.061420369108,25.725178708242495,15.0,10.698368589703058,0,0,32.537415053089646
1884,0.6273950416517338,18821.85124955201,25.917080002864505,15.0,10.924101777747229,0,0,32.537415053089646
1885,0.6277618805047797,18832.85641514339,26.110943045640504,15.0,11.152142567028864,0,0,32.537415053089646
1886,0.628102294704796,18843.06884114388,26.306710390766895,15.0,11.382423384140434,0,0,32.537415053089646
1887,0.6284160228819988,18852.480686459963,26.504324028154358,15.0,11.614875991906011,0,0,32.537415053089646
1888,0.6287028115742488,18861.084347227465,26.703725400617273,15.0,11.849431509601175,0,0,32.537415053089646
1889,0.6289624153021574,18868.87245906472,26.90485542122551,15.0,12.08602043336386,0,0,32.537415053089646
1890,0.6291945966418276,18875.837899254828,27.10765449081334,15.0,12.324572656790096,0,0,36.537415053089646
1891,0.6292872056546324,18878.61616963897,30.66968173291005,15.0,12.565017491707607,0,0,36.537415053089646
1892,0.6293510978991295,18880.532936973883,30.900957475205203,15.0,12.807283689122478,0,0,36.537415053089646
1893,0.6293860544354138,18881.581633062415,31.133903421525496,15.0,13.051299460332089,0,0,36.537415053089646
1894,0.6293918648978557,18881.75594693567,31.3684505449595,15.0,13.296992498196978,0,0,36.537415053089646
1895,0.6293683275574358,18881.049826723072,31.60452934413266,15.0,13.544289998567601,0,0,36.537415053089646
1896,0.629315249381522,18879.457481445657,31.842069863801775,15.0,13.793118681857464,0,0,36.537415053089646
1897,0.6292324460910694,18876.97338273208,32.08100171558437,15.0,14.043404814757611,0,0,36.537415053089646
1898,0.6291197422152265,18873.592266456795,32.32125409881605,15.0,14.295074232085085,0,0,36.537415053089646
1899,0.62897697114333,18869.3091342999,32.562755821530786,15.0,14.54805235876027,0,0,36.537415053089646
1900,0.6288039751742759,18864.119255228277,32.8054353215559,15.0,14.802264231904303,0,0,36.537415053089646
1901,0.6286006055632496,18858.018166897487,33.04922068771829,15.0,15.057634523053046,0,0,36.537415053089646
1902,0.628366722565802,18851.001676974058,33.29403968115249,15.0,15.314087560477734,0,0,36.537415053089646
1903,0.6281021954792589,18843.065864377768,33.53981975670717,15.0,15.571547351608714,0,0,36.537415053089646
1904,0.6278069026814513,18834.20708044354,33.78648808444157,15.0,15.82993760555344,0,0,36.537415053089646
1905,0.6274807316667541,18824.421950002623,34.033971571206706,15.0,16.0891817557032,0,0,36.537415053089646
1906,0.6271235790794246,18813.707372382738,34.28219688230415,15.0,16.3492029824212,0,0,36.537415053089646
1907,0.6267353507442285,18802.060522326854,34.53109046321729,15.0,16.609924235806464,0,0,36.537415053089646
1908,0.6263159616943462,18789.478850830386,34.78057856140644,15.0,16.871268258524676,0,0,36.537415053089646
1909,0.6258653361965506,18775.960085896517,35.03058724816362,15.0,17.13315760870153,0,0,36.537415053089646
1910,0.6253834077736481,18761.50223320944,35.28104244051946,15.0,17.395514682870697,0,0,36.537415053089646
1911,0.6248701192241773,18746.10357672532,35.53186992319513,15.0,17.658261738968918,0,0,36.537415053089646
1912,0.6243254226393594,18729.76267918078,35.78299537059424,15.0,17.921320919372924,0,0,36.537415053089646
1913,0.6237492794172942,18712.478382518824,36.034344368827036,15.0,18.184614273970332,0,0,36.537415053089646
1914,0.6231416602743983,18694.24980823195,36.28584243776062,15.0,18.44806378325768,0,0,36.537415053089646
1915,0.6225025452540838,18675.076357622514,36.53741505308963,15.0,18.711591381459876,0,0,36.537415053089646
1916,0.6218319237326705,18654.957711980114,36.78898766841862,15.0,18.97511897966207,0,0,36.537415053089646
1917,0.6211297944225344,18633.89383267603,37.04048573735221,15.0,19.23856848894942,0,0,36.537415053089646
1918,0.6203961653724893,18611.88496117468,37.291834735585006,15.0,19.501861843546834,0,0,36.537415053089646
1919,0.6196310539654022,18588.931618962066,37.54296018298412,15.0,19.764921023950834,0,0,36.537415053089646
1920,0.6188344869130413,18565.03460739124,37.79378766565974,15.0,20.027668080049004,0,0,36.537415053089646
1921,0.6180065002481621,18540.19500744486,38.04424285801563,15.0,20.290025154218227,0,0,36.537415053089646
1922,0.6171471393138286,18514.414179414856,38.294251544772806,15.0,20.55191450439508,0,0,36.537415053089646
1923,0.6162564587499784,18487.69376249935,38.54373964296196,15.0,20.81325852711329,0,0,36.537415053089646
1924,0.6153345224772312,18460.035674316936,38.79263322387511,15.0,21.073979780498554,0,0,36.537415053089646
1925,0.6143814036779478,18431.442110338434,39.04085853497255,15.0,21.33400100721655,0,0,36.537415053089646
1926,0.6133971847745444,18401.915543236333,39.288342021737684,15.0,21.593245157366315,0,0,36.537415053089646
1927,0.6123819574050695,18371.458722152085,39.535010349472074,15.0,21.851635411311044,0,0,36.537415053089646
1928,0.6113358223960492,18340.074671881477,39.78079042502676,15.0,22.10909520244202,0,0,36.537415053089646
1929,0.6102588897326103,18307.76669197831,40.02560941846096,15.0,22.365548239866705,0,0,36.537415053089646
1930,0.6091512785258894,18274.53835577668,40.26939478462335,15.0,22.620918531015448,0,0,36.537415053089646
1931,0.608013116977737,18240.39350933211,40.51207428464846,15.0,22.875130404159485,0,0,36.537415053089646
1932,0.6068445423427294,18205.336270281885,40.75357600736319,15.0,23.128108530834666,0,0,36.537415053089646
1933,0.6056457008874975,18169.371026624925,40.99382839059488,15.0,23.379777948162143,0,0,36.537415053089646
1934,0.6044167478473835,18132.502435421506,41.23276024237748,15.0,23.630064081062287,0,0,36.537415053089646
1935,0.6031578473804423,18094.73542141327,41.47030076204659,15.0,23.878892764352155,0,0,36.537415053089646
1936,0.6018691725187976,18056.07517556393,41.70637956121975,15.0,24.126190264722773,0,0,36.537415053089646
1937,0.6005509051173691,18016.527153521074,41.94092668465376,15.0,24.37188330258767,0,0,36.537415053089646
1938,0.5992032357999845,17976.097073999535,42.173872630974046,15.0,24.615899073797273,0,0,36.537415053089646
1939,0.5978263639028936,17934.790917086808,42.4051483732692,15.0,24.85816527121215,0,0,36.537415053089646
1940,0.596420497415701,17892.61492247103,42.634685379545616,15.0,25.098610106129662,0,0,36.537415053089646
1941,0.5949858529197343,17849.57558759203,42.862415633034445,15.0,25.3371623295559,0,0,36.537415053089646
1942,0.5935226555238658,17805.679665715976,43.08827165234664,15.0,25.573751253318584,0,0,36.537415053089646
1943,0.5920311387978084,17760.934163934253,43.31218651146946,15.0,25.808306771013747,0,0,36.537415053089646
1944,0.5905115447029039,17715.346341087115,43.53409385959762,15.0,26.040759378779327,0,0,36.537415053089646
1945,0.588964123520424,17668.92370561272,43.75392794079471,15.0,26.271040195890897,0,0,36.537415053089646
1946,0.5873891337774074,17621.674013322223,43.971623613478116,15.0,26.499080985172526,0,0,36.537415053089646
1947,0.5857868421700523,17573.605265101567,44.187116369721636,15.0,26.7248141732167,0,0,36.537415053089646
1948,0.5841575234846882,17524.725704540644,44.40034235437105,15.0,26.948172870408257,0,0,36.537415053089646
1949,0.5825014605163513,17475.04381549054,44.611238383965215,15.0,27.16909089074465,0,0,36.537415053089646
1950,0.5808189439849861,17424.568319549584,44.81974196545898,15.0,27.387502771448553,0,0,36.537415053089646
1951,0.5791102724492987,17373.30817347896,45.02579131474145,15.0,27.603343792366196,0,0,36.537415053089646
1952,0.5773757522182873,17321.272566548618,45.22932537494342,15.0,27.816549995144754,0,0,36.537415053089646
1953,0.5756156972604765,17268.470917814295,45.43028383453016,15.0,28.02705820218489,0,0,36.537415053089646
1954,0.5738304291108816,17214.912873326448,45.628607145173206,15.0,28.234806035361892,0,0,36.537415053089646
1955,0.5720202767757308,17160.60830327192,45.82423653939529,15.0,28.439731934509055,0,0,36.537415053089646
1956,0.5701855766349732,17105.567299049195,46.01711404798505,15.0,28.64177517565996,0,0,36.537415053089646
1957,0.5683266723426027,17049.800170278082,46.20718251717388,15.0,28.84087588904164,0,0,36.537415053089646
1958,0.566443914724826,16993.31744174478,46.39438562557242,15.0,29.036975076815867,0,0,36.537415053089646
1959,0.5645376616761044,16936.129850283134,46.57866790085957,15.0,29.230014630561207,0,0,36.537415053089646
1960,0.5626082780531029,16878.248341593087,46.75997473621994,15.0,29.419937348491672,0,0,36.537415053089646
1961,0.5606561355665743,16819.68406699723,46.938252406525216,15.0,29.606686952406996,0,0,36.537415053089646
1962,0.5586816126712143,16760.44838013643,47.11344808425429,15.0,29.790208104369302,0,0,36.537415053089646
1963,0.5566850944535168,16700.552833605503,47.285509855146735,15.0,29.97044642310048,0,0,36.537415053089646
1964,0.5546669725176641,16640.00917552992,47.45438673358638,15.0,30.147348500096754,0,0,36.537415053089646
1965,0.5526276448694866,16578.829346084596,47.62002867770962,15.0,30.32086191545499,0,0,36.537415053089646
1966,0.5505675157985247,16517.025473955742,47.78238660423343,15.0,30.49093525340536,0,0,36.537415053089646
1967,0.5484869957582299,16454.609872746896,47.941412403000335,15.0,30.657518117547482,0,0,36.537415053089646
1968,0.5463865012443372,16391.595037330117,48.09705895123404,15.0,30.82056114578349,0,0,36.537415053089646
1969,0.5442664546714497,16327.993640143492,48.24928012750312,15.0,30.98001602494528,0,0,36.537415053089646
1970,0.5421272842478675,16263.818527436024,48.398030825387956,15.0,31.13583550511099,0,0,36.537415053089646
1971,0.5399694238487003,16199.082715461007,48.543266966846346,15.0,31.287973413605645,0,0,36.537415053089646
1972,0.5377933128873008,16133.799386619023,48.68494551527525,15.0,31.436384668683687,0,0,36.537415053089646
1973,0.5355993961850576,16067.981885551726,48.82302448826297,15.0,31.581025292887126,0,0,36.537415053089646
1974,0.533388123839584,16001.64371518752,48.95746297002994,15.0,31.721852426077547,0,0,36.537415053089646
1975,0.5311599510913455,15934.798532740366,49.08822112355247,15.0,31.85882433813596,0,0,36.537415053089646
1976,0.5289153381887615,15867.460145662842,49.2152602023678,15.0,31.991900441328838,0,0,36.537415053089646
1977,0.5266547502518236,15799.642507554709,49.338542562055046,15.0,32.121041302334675,0,0,36.537415053089646
1978,0.5243786571342713,15731.359714028142,49.45803167139048,15.0,32.246208653929386,0,0,36.537415053089646
1979,0.5220875332843637,15662.625998530912,49.57369212317215,15.0,32.367365406325284,0,0,36.537415053089646
1980,0.51978185760429,15593.4557281287,49.68548964471202,15.0,32.48447565816184,0,0,36.537415053089646
1981,0.517462113308261,15523.863399247828,49.79339110799174,15.0,32.59750470714407,0,0,36.537415053089646
1982,0.5151287877793217,15453.863633379651,49.897364539479,15.0,32.70641906032533,0,0,36.537415053089646
1983,0.5127823724249301,15383.4711727479,49.99737912960208,15.0,32.811186444032195,0,0,36.537415053089646
1984,0.5104233625313412,15312.700875940238,50.09340524187951,15.0,32.911775813427866,0,0,36.537415053089646
1985,0.5080522571168447,15241.56771350534,50.18541442170177,15.0,33.00815736171128,0,0,36.537415053089646
1986,0.5056695587838933,15170.0867635168,50.273379404763126,15.0,33.10030252894953,0,0,36.537415053089646
1987,0.5032757735701723,15098.273207105167,50.35727412514072,15.0,33.188184010541,0,0,36.537415053089646
1988,0.5008714107986486,15026.142323959457,50.43707372301826,15.0,33.27177576530598,0,0,36.537415053089646
1989,0.498456982926648,14953.709487799439,50.512754552052684,15.0,33.35105302320351,0,0,36.537415053089646
1990,0.4960330053940028,14880.990161820084,50.58429418638107,15.0,33.425992292671175,0,0,36.537415053089646
1991,0.4935999964703157,14807.999894109471,50.651671427265754,15.0,33.49657136758603,0,0,36.537415053089646
1992,0.4911584771013856,14734.754313041569,50.7148663093762,15.0,33.56276933384503,0,0,36.537415053089646
1993,0.48870897075484,14661.269122645199,50.77386010670496,15.0,33.624566575562056,0,0,36.537415053089646
1994,0.48625200326502,14587.5600979506,50.82863533811664,15.0,33.68194478088069,0,0,36.537415053089646
1995,0.48378810267716477,14513.643080314943,50.8791757725281,15.0,33.73488694740041,0,0,36.537415053089646
1996,0.4813177990909401,14439.533972728203,50.92546643371785,15.0,33.78337738721467,0,0,36.537415053089646
1997,0.47884162450335804,14365.248735100742,50.967493604763916,15.0,33.827401731559604,0,0,36.537415053089646
1998,0.47636011265113537,14290.803379534062,51.005244832108545,15.0,33.86694693507194,0,0,36.537415053089646
1999,0.47387379885253544,14216.213965576064,51.03870892924828,15.0,33.90200127965435,0,0,36.537415053089646
2000,0.47138321984874193,14141.496595462258,51.06787598004898,15.0,33.93255437794805,0,0,36.537415053089646
2001,0.4688889136448109,14066.667409344327,51.09273734168399,15.0,33.9585971764106,0,0,36.537415053089646
2002,0.46639141935024825,13991.742580507447,51.113285647195305,15.0,33.98012195799876,0,0,36.537415053089646
2003,0.4638912770192599,13916.738310577797,51.12951480767653,15.0,33.99712234445523,0,0,36.537415053089646
2004,0.4613890274907222,13841.670824721667,51.14142001407717,15.0,34.00959329819857,0,0,36.537415053089646
2005,0.45888521222791956,13766.556366837587,51.14899773862762,15.0,34.01753112381607,0,0,36.537415053089646
2006,0.45638037315809726,13691.411194742917,51.15224573588457,15.0,34.02093346915868,0,0,36.537415053089646
2007,0.4538750525118766,13616.251575356298,51.15116304339633,15.0,34.01979932603803,0,0,36.537415053089646
2008,0.45136979266258054,13541.093779877416,51.145749981988054,15.0,34.014129030525226,0,0,36.537415053089646
2009,0.4488651359655164,13465.954078965493,51.136008155666644,15.0,34.003924262851186,0,0,36.537415053089646
2010,0.4463616245972647,13390.84873791794,51.12194045114551,15.0,33.98918804690883,0,0,36.537415053089646
2011,0.44385980039502004,13315.794011850601,51.10355103698909,15.0,33.96992474935695,0,0,36.537415053089646
2012,0.4413602046960336,13240.806140881008,51.08084536237767,15.0,33.94614007832635,0,0,36.537415053089646
2013,0.4388633781772027,13165.901345316082,51.05383015549269,15.0,33.9178410817284,0,0,36.537415053089646
2014,0.4363698606948571,13091.095820845714,51.02251342152296,15.0,33.885036145166495,0,0,36.537415053089646
2015,0.4338801911247874,13016.40573374362,50.98690444029265,15.0,33.84773498945135,0,0,36.537415053089646
2016,0.4313949072025647,12941.84721607694,50.94701376351138,15.0,33.80594866772043,0,0,36.537415053089646
2017,0.42891454536419815,12867.436360925945,50.9028532116476,15.0,33.75968956216267,0,0,36.537415053089646
2018,0.42643964058717737,12793.189217615321,50.85443587042589,15.0,33.70897138034941,0,0,36.537415053089646
2019,0.4239707262319466,12719.121786958398,50.80177608694941,15.0,33.65380915117253,0,0,36.537415053089646
2020,0.42150833388385894,12645.250016515769,50.74488946544844,15.0,33.59421922039098,0,0,36.537415053089646
2021,0.4190529931956561,12571.589795869682,50.68379286265671,15.0,33.530219245787386,0,0,36.537415053089646
2022,0.41660523173052066,12498.15695191562,50.61850438281617,15.0,33.461828191935396,0,0,36.537415053089646
2023,0.414165574805748,12424.96724417244,50.54904337231241,15.0,33.389066324580256,0,0,36.537415053089646
2024,0.41173454533708304,12352.036360112492,50.475430413941986,15.0,33.31195520463365,0,0,36.537415053089646
2025,0.4093126636837695,12279.379910513086,50.39768732081309,15.0,33.23051768178454,0,0,36.537415053089646
2026,0.4069004474943559,12207.013424830677,50.31583712988211,15.0,33.14477788772856,0,0,36.537415053089646
2027,0.4044984115533051,12134.952346599153,50.2299040951271,15.0,33.054761229017124,0,0,36.537415053089646
2028,0.40210706762845283,12063.212028853584,50.139913680360785,15.0,32.96049437952887,0,0,36.537415053089646
2029,0.39888764369856355,11966.629310956907,50.04589255168524,15.0,32.86200527256577,1,0,36.537415053089646
2030,0.3956566408165082,11869.699224495245,50.50346683305713,15.0,32.759323092575826,2,0,36.537415053089646
2031,0.39237921543791415,11771.376463137425,52.01085598684152,15.0,32.65247826650496,3,0,36.537415053089646
2032,0.3890551081434081,11671.653244302242,53.530502270756145,15.0,32.54150245478107,4,0,36.537415053089646
2033,0.38568407072658467,11570.52212179754,55.062033977540224,15.0,32.42642854193228,5,0,36.537415053089646
2034,0.3822658665554721,11467.975996664163,56.60506724053187,15.0,32.30729062684236,6,0,36.537415053089646
2035,0.37880027093035906,11364.008127910773,58.159206153677864,15.0,32.184124012646876,7,0,36.537415053089646
2036,0.37528707143738615,11258.612143121585,59.72404290984147,15.0,32.05696519627164,8,0,36.537415053089646
2037,0.3717260682972931,11151.782048918792,61.29915795774512,15.0,31.92585185761838,9,0,36.537415053089646
2038,0.3681170747087036,11043.512241261107,62.884120177856374,15.0,31.790822848398875,10,0,36.537415053089646
2039,0.36445991718531906,10933.797515559572,64.47848707750109,15.0,31.651918180622843,11,0,36.537415053089646
2040,0.3607544358863844,10822.633076591532,66.08180500545545,15.0,31.509179014741036,12,0,36.537415053089646
2041,0.35700048493978104,10710.01454819343,67.69360938624271,15.0,31.362647647448988,13,0,36.537415053089646
2042,0.35319793275709704,10595.93798271291,69.31342497432331,15.0,31.21236749915311,14,0,36.537415053089646
2043,0.349346662340017,10480.39987020051,70.94076612833908,15.0,31.058383101104702,15,0,36.537415053089646
2044,0.3454465715773715,10363.397147321146,72.5751371055331,15.0,30.900740082204255,16,0,36.537415053089646
2045,0.3414975735321824,10244.927205965472,74.21603237643366,15.0,30.739485155480327,17,0,36.537415053089646
2046,0.33749959671803836,10124.987901541152,75.86293695985303,15.0,30.574666104248024,18,0,36.537415053089646
2047,0.3334999788217237,10004.999364651712,77.51532677821129,15.0,28.984528040282527,19,0,36.537415053089646
2048,0.32954880008206844,9886.464002462053,79.15013931367837,15.0,25.90985306214219,20,0,36.537415053089646
2049,0.3256454888632968,9769.364665898904,80.74332922323764,15.0,22.894238806307,21,0,36.537415053089646
2050,0.3217894802549173,9653.684407647519,82.29510942442751,15.0,19.93726656635934,22,0,36.537415053089646
2051,0.31798021598820425,9539.406479646128,83.80570451198776,15.0,17.03850837978247,23,0,36.537415053089646
2052,0.31421714435372233,9426.51433061167,85.27535059242737,15.0,14.197527163326171,24,0,36.537415053089646
2053,0.310499720119882,9314.99160359646,86.70429511547333,15.0,11.413876851866704,25,0,36.537415053089646
2054,0.306827404452515,9204.82213357545,88.0927967025122,15.0,8.687102540645313,26,0,36.537415053089646
2055,0.3031996648354576,9095.98994506373,89.4411249721331,15.0,6.016740630772304,27,0,36.537415053089646
2056,0.29961597499213116,8988.479249763936,90.74956036288022,15.0,3.4023189778845335,28,0,36.537415053089646
2057,0.29607581480810763,8882.274444243229,92.01839395332595,15.0,0.8433570438412801,29,0,36.537415053089646
2058,0.2925786702546503,8777.360107639508,91.58729333091874,15.0,0.0,30,0,36.537415053089646
2059,0.289124033313218,8673.72099939654,90.3283212916741,15.0,0.0,31,0,36.537415053089646
2060,0.28571140190092237,8571.34205702767,89.0846519927585,15.0,0.0,32,0,36.537415053089646
2061,0.2823402797969263,8470.208393907787,87.85610468433205,15.0,0.0,33,0,36.537415053089646
2062,0.279010176569775,8370.30529709325,86.64250072689345,15.0,0.0,34,0,36.537415053089646
2063,0.27572060750564764,8271.61822516943,85.443663565119,15.0,0.0,35,0,36.537415053089646
2064,0.2724710935375193,8174.13280612558,84.25941870203316,15.0,0.0,36,0,36.537415053089646
2065,0.26926116117522364,8077.834835256709,83.08959367350697,15.0,0.0,37,0,36.537415053089646
2066,0.26609034243640567,7982.71027309217,81.93401802308051,15.0,0.0,38,0,36.537415053089646
2067,0.2629581747783547,7888.745243350641,80.79252327710604,15.0,0.0,39,0,36.537415053089646
2068,0.25986420103070756,7795.926030921227,79.6649429202077,15.0,0.0,40,0,36.537415053089646
2069,0.2568079693290119,7704.239079870357,78.55111237105473,15.0,0.0,41,0,36.537415053089646
2070,0.25378903304914047,7613.670991474213,77.45086895844429,15.0,0.0,42,0,36.537415053089646
2071,0.25080695074254594,7524.208522276378,76.36405189769056,15.0,0.0,43,0,36.537415053089646
2072,0.24786128607234775,7435.838582170432,75.29050226731654,15.0,0.0,44,0,36.537415053089646
2073,0.24495160775024039,7348.548232507212,74.23006298604517,15.0,0.0,45,0,36.537415053089646
2074,0.24207748947421456,7262.324684226437,73.18257879008654,15.0,0.0,46,0,36.537415053089646
2075,0.23923850986708178,7177.155296012454,72.14789621071725,15.0,0.0,47,0,36.537415053089646
2076,0.23643425241579322,7093.027572473797,71.12586355214944,15.0,0.0,48,0,36.537415053089646
2077,0.23366430541154354,7009.929162346306,70.11633086968554,15.0,0.0,49,0,36.537415053089646
2078,0.23092826189065124,6927.847856719537,69.11914994815567,15.0,0.0,50,0,36.537415053089646
2079,0.22822571957620605,6846.771587286182,68.13417428063445,15.0,0.0,51,0,36.537415053089646
2080,0.22555628082047519,6766.688424614255,67.16125904743419,15.0,0.0,52,0,36.537415053089646
2081,0.22291955254805895,6687.586576441769,66.20026109537106,15.0,0.0,53,0,36.537415053089646
2082,0.22031514619978823,6609.454385993647,65.25103891730124,15.0,0.0,54,0,36.537415053089646
2083,0.21774267767735406,6532.280330320622,64.31345263192377,15.0,0.0,55,0,36.537415053089646
2084,0.21520176728866186,6456.053018659856,63.38736396384746,15.0,0.0,56,0,36.537415053089646
2085,0.21269203969390144,6380.761190817043,62.47263622391827,15.0,0.0,57,0,36.537415053089646
2086,0.21021312385232438,6306.393715569731,61.56913428980452,15.0,0.0,58,0,36.537415053089646
2087,0.20776465296972133,6232.939589091639,60.67672458683678,15.0,0.0,59,0,36.537415053089646
2088,0.20534626444659015,6160.387933397705,59.795275069099674,15.0,0.0,60,0,36.537415053089646
2089,0.2029575998269876,6088.727994809628,58.924655200772456,15.0,0.0,61,0,36.537415053089646
2090,0.2005983047480562,6017.9491424416865,58.06473593771554,15.0,0.0,62,0,36.537415053089646
2091,0.19826802889021852,5948.040866706556,57.21538970930023,15.0,0.0,63,0,36.537415053089646
2092,0.19596642592803118,5878.992777840936,56.37649040047867,15.0,0.0,64,0,36.537415053089646
2093,0.19369315348169067,5810.79460445072,55.547913334091234,15.0,0.0,65,0,36.537415053089646
2094,0.1914478730691834,5743.436192075502,54.72953525340864,15.0,0.0,66,0,36.537415053089646
2095,0.18923025005907249,5676.907501772174,53.921234304906015,15.0,0.0,67,0,36.537415053089646
2096,0.1870399536239135,5611.1986087174055,53.12289002126609,15.0,0.0,68,0,36.537415053089646
2097,0.18487665669429226,5546.2997008287675,52.33438330460886,15.0,0.0,69,0,36.537415053089646
2098,0.18274003591347648,5482.201077404295,51.55559640994521,15.0,0.0,70,0,36.537415053089646
2099,0.18062977159267493,5418.893147780248,50.78641292885153,15.0,0.0,71,0,36.537415053089646
2100,0.17854554766689618,5356.366430006885,50.026717773362975,15.0,0.0,72,0,36.537415053089646
2101,0.1764870516513999,5294.611549541997,49.276397160082624,15.0,0.0,73,0,36.537415053089646
2102,0.17445397459873405,5233.6192379620215,48.535338594503976,15.0,0.0,74,0,36.537415053089646
2103,0.17244601105635018,5173.380331690506,47.803430855544256,15.0,0.0,75,0,36.537415053089646
2104,0.17046285902479075,5113.885770743723,47.08056398028607,15.0,0.0,76,0,36.537415053089646
2105,0.16850421991644068,5055.12659749322,46.36662924892468,15.0,0.0,77,0,36.537415053089646
2106,0.16656979851483705,4997.0939554451115,45.66151916991865,15.0,0.0,78,0,36.537415053089646
2107,0.16465930293452982,4939.779088035894,44.96512746534134,15.0,0.0,79,0,36.537415053089646
2108,0.16277244458148685,4883.173337444606,44.27734905643074,15.0,0.0,80,0,36.537415053089646
2109,0.1609089381140367,4827.268143421101,43.59808004933527,15.0,0.0,81,0,36.537415053089646
2110,0.15906850140434248,4772.055042130274,42.92721772105321,15.0,0.0,82,0,36.537415053089646
2111,0.1572508555004005,4717.5256650120145,42.264660505563285,15.0,0.0,83,0,36.537415053089646
2112,0.15545572458855686,4663.671737656706,41.61030798014418,15.0,0.0,84,0,36.537415053089646
2113,0.153682835956536,4610.485078696081,40.964060851880475,15.0,0.0,85,0,36.537415053089646
2114,0.1519319199569745,4557.957598709235,40.32582094435297,15.0,0.0,86,0,36.537415053089646
2115,0.150202709971454,4506.08129914362,39.69549118451082,15.0,0.0,87,0,36.537415053089646
2116,0.14849494237502714,4454.848271250814,39.07297558972343,15.0,0.0,88,0,36.537415053089646
2117,0.14680835650123017,4404.250695036905,38.45817925500977,15.0,0.0,89,0,36.537415053089646
2118,0.14514269460757612,4354.280838227283,37.851008340442874,15.0,0.0,90,0,36.537415053089646
2119,0.14349770184152236,4304.931055245671,37.2513700587274,15.0,0.0,91,0,36.537415053089646
2120,0.14187312620690717,4256.193786207215,36.65917266294805,15.0,0.0,92,0,36.537415053089646
2121,0.1402687185308483,4208.061555925449,36.074325434486596,15.0,0.0,93,0,36.537415053089646
2122,0.1386842324310986,4160.5269729329575,35.49673867110539,15.0,0.0,94,0,36.537415053089646
2123,0.1371194242838522,4113.5827285155665,34.92632367519549,15.0,0.0,95,0,36.537415053089646
2124,0.13557405319199625,4067.2215957598874,34.3629927421868,15.0,0.0,96,0,36.537415053089646
2125,0.13404788095380113,4021.436428614034,33.806659149118644,15.0,0.0,97,0,36.537415053089646
2126,0.13254067203204511,3976.2201609613535,33.25723714336841,15.0,0.0,98,0,36.537415053089646
2127,0.13105219352356642,3931.5658057069927,32.71464193153624,15.0,0.0,99,0,36.537415053089646
2128,0.1295822151292379,3887.466453877137,32.17878966848392,15.0,0.0,100,0,36.537415053089646
2129,0.12813050912435855,3843.9152737307563,31.649597446525643,15.0,0.0,101,0,36.537415053089646
2130,0.12669685032945624,3800.905509883687,31.12698328476908,15.0,0.0,102,0,36.537415053089646
2131,0.12528101608149658,3758.4304824448977,30.610866118604243,15.0,0.0,103,0,36.537415053089646
2132,0.1238827862054922,3716.483586164766,30.10116578933877,15.0,0.0,104,0,36.537415053089646
2133,0.12250194298650707,3675.058289595212,29.597803033977193,15.0,0.0,105,0,36.537415053089646
2134,0.12113827114205097,3634.1481342615293,29.100699475142548,15.0,0.0,106,0,36.537415053089646
2135,0.1197915577948585,3593.746733845755,28.60977761113836,15.0,0.0,107,0,36.537415053089646
2136,0.11846159244604744,3553.8477733814234,28.124960806149062,15.0,0.0,108,0,36.537415053089646
2137,0.11714816694865157,3514.4450084595474,27.646173280577077,15.0,0.0,109,0,36.537415053089646
2138,0.11585107548152257,3475.532264445677,27.17334010151457,15.0,0.0,110,0,36.537415053089646
2139,0.11457011452359599,3437.1034357078797,26.706387173348126,15.0,0.0,111,0,36.537415053089646
2140,0.11330508282851659,3399.1524848554977,26.245241228494557,15.0,0.0,112,0,36.537415053089646
2141,0.11205578139961753,3361.6734419885256,25.78982981826597,15.0,0.0,113,0,36.537415053089646
2142,0.11082201346524886,3324.660403957466,25.340081303862306,15.0,0.0,114,0,36.537415053089646
2143,0.10960358445445058,3288.1075336335175,24.89592484748959,15.0,0.0,115,0,36.537415053089646
2144,0.10840030197296482,3252.009059188945,24.45729040360221,15.0,0.0,116,0,36.537415053089646
2145,0.10721197577958307,3216.359273387492,24.024108710267335,15.0,0.0,117,0,36.537415053089646
2146,0.10603841776282316,3181.1525328846947,23.596311280649907,15.0,0.0,118,0,36.537415053089646
2147,0.10487944191793161,3146.3832575379483,23.17383039461634,15.0,0.0,119,0,36.537415053089646
2148,0.10373486432420659,3112.0459297261978,22.75659909045538,15.0,0.0,120,0,36.537415053089646
2149,0.1026045031226368,3078.135093679104,22.344551156714374,15.0,0.0,121,0,36.537415053089646
2150,0.10148817849385178,3044.645354815553,21.937621124149253,15.0,0.0,122,0,36.537415053089646
2151,0.10038571263637905,3011.5713790913715,21.53574425778664,15.0,0.0,123,0,36.537415053089646
2152,0.09929692974520378,2978.9078923561133,21.13885654909646,15.0,0.0,124,0,36.537415053089646
2153,0.09822165599062618,2946.6496797187856,20.74689470827336,15.0,0.0,125,0,36.537415053089646
2154,0.0971597194974126,2914.791584922378,20.35979615662543,15.0,0.0,126,0,36.537415053089646
2155,0.09611095032423563,2883.3285097270686,19.97749901906854,15.0,0.0,127,0,36.537415053089646
2156,0.09507518044339905,2852.2554133019717,19.599942116724826,15.0,0.0,128,0,36.537415053089646
2157,0.09405224372084352,2821.5673116253056,19.22706495962366,15.0,0.0,129,0,36.537415053089646
2158,0.09304197589642817,2791.259276892845,18.858807739503668,15.0,0.0,130,0,36.537415053089646
2159,0.09204421456448467,2761.32643693454,18.495111322714138,15.0,0.0,131,0,36.537415053089646
2160,0.09105879915463902,2731.7639746391706,18.135917243214486,15.0,0.0,132,0,40.537415053089646
2161,0.09008557091289708,2702.5671273869125,17.78116769567005,15.0,0.0,133,0,40.537415053089646
2162,0.08912437288299001,2673.7311864897,17.43080552864295,15.0,0.0,134,0,40.537415053089646
2163,0.08817504988797509,2645.2514966392528,17.084774237876402,15.0,0.0,135,0,40.537415053089646
2164,0.08723744851208855,2617.1234553626564,16.743017959671032,15.0,0.0,136,0,40.537415053089646
2165,0.08631141708284566,2589.3425124853698,16.405481464351876,15.0,0.0,137,0,40.537415053089646
2166,0.08539680565338496,2561.904169601549,16.07211014982444,15.0,0.0,138,0,40.537415053089646
2167,0.08449346598505207,2534.803979551562,15.742850035218588,15.0,0.0,139,0,40.537415053089646
2168,0.08360125153021963,2508.037545906589,15.417647754618745,15.0,0.0,140,0,40.537415053089646
2169,0.08272001741533946,2481.600522460184,15.09645055087907,15.0,0.0,141,0,40.537415053089646
2170,0.08184962042422302,2455.4886127266905,14.77920626952221,15.0,0.0,142,0,40.537415053089646
2171,0.08098991898154659,2429.6975694463977,14.465863352720286,15.0,0.0,143,0,40.537415053089646
2172,0.08014077313657748,2404.2231940973247,14.156370833356771,15.0,0.0,144,0,40.537415053089646
2173,0.07930204454711753,2379.061336413526,13.850678329167899,15.0,0.0,145,0,40.537415053089646
2174,0.0784735964636601,2354.2078939098033,13.548736036962314,15.0,0.0,146,0,40.537415053089646
2175,0.07765529371375754,2329.658811412726,13.25049472691764,15.0,0.0,147,0,40.537415053089646
2176,0.07684700268659472,2305.410080597842,12.955905736952715,15.0,0.0,148,0,40.537415053089646
2177,0.07604859131776606,2281.457739532982,12.664920967174105,15.0,0.0,149,0,40.537415053089646
2178,0.07525992907425173,2257.797872227552,12.377492874395784,15.0,0.0,150,0,40.537415053089646
2179,0.0744808869395901,2234.426608187703,12.093574466730626,15.0,0.0,151,0,40.537415053089646
2180,0.07371133739924302,2211.3401219772904,11.813119298252438,15.0,0.0,152,0,40.537415053089646
2181,0.0729511544261501,2188.534632784503,11.536081463727484,15.0,0.0,153,0,40.537415053089646
2182,0.07220021346646939,2166.0064039940817,11.262415593414037,15.0,0.0,154,0,40.537415053089646
2183,0.0714583914255004,2143.751742765012,10.992076847928981,15.0,0.0,155,0,40.537415053089646
2184,0.0707255666537868,2121.766999613604,10.725020913180142,15.0,0.0,156,0,40.537415053089646
2185,0.0700016189333953,2100.0485680018587,10.461203995363253,15.0,0.0,157,0,40.537415053089646
2186,0.06928642946436735,2078.5928839310204,10.200582816022305,15.0,0.0,158,0,40.537415053089646
2187,0.06857988085134112,2057.3964255402334,9.943114607172244,15.0,0.0,159,0,40.537415053089646
2188,0.06788185709033984,2036.455712710195,9.6887571064828,15.0,0.0,160,0,40.537415053089646
2189,0.06719224355572408,2015.7673066717223,9.43746855252234,15.0,0.0,161,0,40.537415053089646
2190,0.06651092698730454,1995.3278096191364,9.189207680060669,15.0,0.0,162,0,40.537415053089646
2191,0.06583779547761257,1975.1338643283768,8.943933715429637,15.0,0.0,163,0,40.537415053089646
2192,0.06517273845932516,1955.1821537797548,8.701606371940521,15.0,0.0,164,0,40.537415053089646
2193,0.0645156466928419,1935.469400785257,8.462185845357059,15.0,0.0,165,0,40.537415053089646
2194,0.0638664122540105,1915.9923676203152,8.225632809423086,15.0,0.0,166,0,40.537415053089646
2195,0.06322492852199844,1896.7478556599533,7.991908411443784,15.0,0.0,167,0,40.537415053089646
2196,0.06259109016730756,1877.7327050192266,7.7609742679194405,15.0,0.0,168,0,40.537415053089646
2197,0.06196479313992906,1858.9437941978717,7.532792460230721,15.0,0.0,169,0,40.537415053089646
2198,0.06134593465763605,1840.3780397290814,7.307325530374462,15.0,0.0,170,0,40.537415053089646
2199,0.06073441319441081,1822.0323958323243,7.084536476748976,15.0,0.0,171,0,40.537415053089646
2200,0.06013012846900422,1803.9038540701267,6.864388749987892,15.0,0.0,172,0,40.537415053089646
2201,0.05953298143362466,1785.98944300874,6.64684624884152,15.0,0.0,173,0,40.537415053089646
2202,0.05894287426275367,1768.28622788261,6.4318733161048804,15.0,0.0,174,0,40.537415053089646
2203,0.058359710342085855,1750.7913102625757,6.219434734591321,15.0,0.0,175,0,40.537415053089646
2204,0.05778339425759051,1733.5018277277154,6.009495723150909,15.0,0.0,176,0,40.537415053089646
2205,0.057213831784692304,1716.4149535407691,5.802021932732585,15.0,0.0,177,0,40.537415053089646
2206,0.05665092987756866,1699.5278963270598,5.5969794424892285,15.0,0.0,178,0,40.537415053089646
2207,0.05609459665856134,1682.8378997568402,5.394334755924717,15.0,0.0,179,0,40.537415053089646
2208,0.055544741407699744,1666.3422422309923,5.194054797082082,15.0,0.0,180,0,40.537415053089646
2209,0.05500127455233361,1650.0382365700084,4.996106906771907,15.0,0.0,181,0,40.537415053089646
2210,0.05446410765687278,1633.9232297061835,4.8004588388401,15.0,0.0,182,0,40.537415053089646
2211,0.05393315341263158,1617.9946023789473,4.607078756474202,15.0,0.0,183,0,40.537415053089646
2212,0.05340832562777564,1602.2497688332692,4.415935228547369,15.0,0.0,184,0,40.537415053089646
2213,0.052889539217368914,1586.6861765210674,4.226997225999231,15.0,0.0,185,0,40.537415053089646
2214,0.052376710193518534,1571.301305805556,4.040234118252808,15.0,0.0,186,0,40.537415053089646
2215,0.051869755655615454,1556.0926696684637,3.8556156696666726,15.0,0.0,187,0,40.537415053089646
2216,0.05136859378066866,1541.0578134200598,3.673112036021564,15.0,0.0,188,0,40.537415053089646
2217,0.050873143813730835,1526.194314411925,3.4926937610407194,15.0,0.0,189,0,40.537415053089646
2218,0.05038332605841335,1511.4997817524004,3.314331772943099,15.0,0.0,190,0,40.537415053089646
2219,0.04989906186748862,1496.9718560246586,3.1379973810288035,15.0,0.0,191,0,40.537415053089646
