tick,basin_frac,basin_level_ml,dc_total_draw_ml,community_received_ml,farm_total_received_ml,community_complaints,active_cap,total_dc_capacity_ml
0,0.801678767742951,24050.36303228853,5.921829141815512,15.0,3.7093511191523594,0,0,9.868192258379272
1,0.8033573642737357,24100.72092821207,5.923875768338934,15.0,3.71799680152334,0,0,9.868192258379272
2,0.8050353391214364,24151.060173643094,5.927091180963677,15.0,3.731579854379847,0,0,9.868192258379272
3,0.8067122419993539,24201.367259980616,5.931474426893585,15.0,3.7500962527701693,0,0,9.868192258379272
4,0.808387622938436,24251.62868815308,5.9370242072782915,15.0,3.773540509885846,0,0,9.868192258379272
5,0.8100610324206142,24301.830972618427,5.943738877598094,15.0,3.801905678687529,0,0,9.868192258379272
6,0.8117320215120055,24351.960645360166,5.951616448151265,15.0,3.835183353963531,0,0,9.868192258379272
7,0.8134001419959406,24402.004259878217,5.960654584643634,15.0,3.873363674820478,0,0,9.868192258379272
8,0.8150649465057805,24451.948395173415,5.9708506088802995,15.0,3.9164353276052966,0,0,9.868192258379272
9,0.8167259886574811,24501.779659724434,5.982201499559236,15.0,3.9643855492577083,0,0,9.868192258379272
10,0.8183828231818663,24551.484695455987,5.994703893166557,15.0,4.017200131092187,0,0,9.868192258379272
11,0.82003500605657,24601.0501816971,6.008354084973218,15.0,4.074863423008298,0,0,9.868192258379272
12,0.8216820946376113,24650.46283912834,6.0231480301327895,15.0,4.137358338128179,0,0,9.868192258379272
13,0.8233236477905579,24699.709433716736,6.0390813448800404,15.0,4.204666357859723,0,0,9.868192258379272
14,0.8249592260212444,24748.77678063733,6.056149307829944,15.0,4.276767537384059,0,0,9.868192258379272
15,0.8265883916060037,24797.651748180113,6.074346861376719,15.0,4.353640511565622,0,0,9.868192258379272
16,0.8282107087213746,24846.32126164124,6.0936686131925155,15.0,4.435262501283111,0,0,9.868192258379272
17,0.8298257435732446,24894.772307197338,6.114108837825275,15.0,4.521609320179422,0,0,9.868192258379272
18,0.8314330645253932,24942.9919357618,6.1356614783952965,15.0,4.612655381828603,0,0,9.868192258379272
19,0.833032242227395,24990.96726682185,6.158320148390042,15.0,4.70837370731765,0,0,9.868192258379272
20,0.8346228497418452,25038.685492255358,6.182078133556574,15.0,4.808735933240948,0,0,9.868192258379272
21,0.8362044626708708,25086.133880126123,6.20692839389115,15.0,4.913712320104963,0,0,9.868192258379272
22,0.8377766592818882,25133.299778456643,6.232863565725317,15.0,5.023271761140695,0,0,9.868192258379272
23,0.839339020632572,25180.17061897716,6.25987596390794,15.0,5.137381791521277,0,0,9.868192258379272
24,0.8408911306949975,25226.733920849925,6.287957584082456,15.0,5.256008597982005,0,0,9.868192258379272
25,0.842432576478917,25272.97729436751,6.317100105058761,15.0,5.379117028839957,0,0,9.868192258379272
26,0.8439629481541392,25318.888444624175,6.347294891278937,15.0,5.506670604410166,0,0,9.868192258379272
27,0.84548183917197,25364.4551751591,6.378532995376175,15.0,5.638631527815361,0,0,9.868192258379272
28,0.846988846385682,25409.66539157046,6.410805160826057,15.0,5.774960696185992,0,0,9.868192258379272
29,0.8484835701699753,25454.50710509926,6.444101824689467,15.0,5.915617712247238,0,0,9.868192258379272
30,0.8499656145393953,25498.96843618186,6.478413120446305,15.0,6.060560896289617,0,0,9.868192258379272
31,0.8514345872656719,25543.037617970156,6.513728880919137,15.0,6.209747298519568,0,0,9.868192258379272
32,0.8528900999939444,25586.70299981833,6.550038641285957,15.0,6.3631327117864025,0,0,9.868192258379272
33,0.8543317683578404,25629.953050735214,6.5873316421811445,15.0,6.520671684681842,0,0,9.868192258379272
34,0.8557592120933716,25672.77636280115,6.625596832883683,15.0,6.68231753500825,0,0,9.868192258379272
35,0.8571720551516137,25715.16165454841,6.664822874591735,15.0,6.848022363611564,0,0,9.868192258379272
36,0.8585699258101382,25757.097774304148,6.7049981437825785,15.0,7.017737068574876,0,0,9.868192258379272
37,0.8599524567831625,25798.573703494872,6.746110735656895,15.0,7.191411359768357,0,0,9.868192258379272
38,0.8613192853303826,25839.57855991148,6.788148467666435,15.0,7.368993773751329,0,0,9.868192258379272
39,0.8626700533644632,25880.101600933896,6.83109888312395,15.0,7.550431689021982,0,0,9.868192258379272
40,0.8640044075571452,25920.13222671436,6.874949254894397,15.0,7.735671341610276,0,0,9.868192258379272
41,0.8653219994439454,25959.65998331836,6.919686589166252,15.0,7.924657841009351,0,0,9.868192258379272
42,0.8666224855274127,25998.67456582238,6.965297629301858,15.0,8.117335186440767,0,0,9.868192258379272
43,0.8679055273789155,26037.165821367464,7.011768859765657,15.0,8.313646283448758,0,0,9.868192258379272
44,0.8691707917389244,26075.123752167732,7.059086510129132,15.0,8.51353296081854,0,0,9.868192258379272
45,0.8704179506157643,26112.53851847293,7.1072365591512785,15.0,8.716935987813697,0,0,9.868192258379272
46,0.8716466813828057,26149.40044148417,7.156204738933413,15.0,8.923795091727545,0,0,9.868192258379272
47,0.8728566668740652,26185.700006221956,7.205976539147042,15.0,9.134048975743191,0,0,9.868192258379272
48,0.87404759547819,26221.4278643457,7.256537211333601,15.0,9.347635337097168,0,0,9.868192258379272
49,0.8752191612307937,26256.57483692381,7.307871773274733,15.0,9.564490885541025,0,0,9.868192258379272
50,0.8763710639051207,26291.13191715362,7.359965013431841,15.0,9.784551362095634,0,0,9.868192258379272
51,0.87750300910101,26325.0902730303,7.412801495453605,15.0,10.007751558092501,0,0,9.868192258379272
52,0.8786147083321322,26358.441249963966,7.466365562750097,15.0,10.234025334496497,0,0,9.868192258379272
53,0.8797058791114741,26391.176373344224,7.520641343132168,15.0,10.463305641504279,0,0,9.868192258379272
54,0.880776245035046,26423.287351051382,7.575612753514727,15.0,10.695524538412617,0,0,9.868192258379272
55,0.8818255358637858,26454.766075913572,7.631263504682495,15.0,10.930613213750654,0,0,9.868192258379272
56,0.8828534876036366,26485.604628109097,7.6875771061168585,15.0,11.168502005670263,0,0,9.868192258379272
57,0.8838598425837744,26515.795277513233,7.744536870882367,15.0,11.409120422588332,0,0,9.868192258379272
58,0.8848443495329614,26545.33048598884,7.802125920571429,15.0,11.652397164074962,0,0,9.868192258379272
59,0.8858067636540023,26574.20290962007,7.860327190305746,15.0,11.89826014198131,0,0,9.868192258379272
60,0.8867468466962841,26602.405400888525,7.91912343379301,15.0,12.146636501800863,0,0,9.868192258379272
61,0.8876643670263743,26629.931010791228,7.97849722843735,15.0,12.3974526442578,0,0,9.868192258379272
62,0.8885590996966585,26656.772990899753,8.038430980502019,15.0,12.650634247116065,0,0,9.868192258379272
63,0.8894308265119982,26682.924795359948,8.098906930322809,15.0,12.906106287202618,0,0,9.868192258379272
64,0.8902793360943863,26708.380082831587,8.159907157570604,15.0,13.163793062638447,0,0,9.868192258379272
65,0.8911044239455822,26733.132718367466,8.221413586561582,15.0,13.42361821527065,0,0,9.868192258379272
66,0.8919058925077105,26757.176775231314,8.283407991613414,15.0,13.685504753299021,0,0,9.868192258379272
67,0.8926835512218005,26780.506536654015,8.345872002445935,15.0,13.949375074090362,0,0,9.868192258379272
68,0.8934372165842535,26803.116497527604,8.40878710962465,15.0,14.21515098717384,0,0,9.868192258379272
69,0.8941667122012186,26825.00136603656,8.472134670045483,15.0,14.48275373741049,0,0,9.868192258379272
70,0.8948718688408623,26846.15606522587,8.53589591245913,15.0,14.752104028330082,0,0,9.868192258379272
71,0.8955525244835152,26866.575734505455,8.600051943033385,15.0,15.023122045628355,0,0,9.868192258379272
72,0.8962085243696818,26886.255731090452,8.664583750951785,15.0,15.295727480817739,0,0,9.868192258379272
73,0.8968397210458998,26905.191631376994,8.729472214046934,15.0,15.56983955502448,0,0,9.868192258379272
74,0.8974459744084333,26923.379232253,8.79469810446681,15.0,15.845377042925167,0,0,9.868192258379272
75,0.8980271517447883,26940.81455234365,8.860242094372396,15.0,16.12225829681555,0,0,9.868192258379272
76,0.8985831277730387,26957.49383319116,8.926084761664917,15.0,16.40040127080451,0,0,9.868192258379272
77,0.8991137846789499,26973.413540368496,8.992206595741063,15.0,16.679723545126045,0,0,9.868192258379272
78,0.8996190121508895,26988.570364526684,9.058588003274368,15.0,16.960142350562,0,0,9.868192258379272
79,0.9000987074125153,27002.96122237546,9.12520931402115,15.0,17.24157459296839,0,0,9.868192258379272
80,0.9005527752532302,27016.583257596907,9.192050786649231,15.0,17.523936877897988,0,0,9.868192258379272
81,0.9009811280563949,27029.433841691847,9.259092614587713,15.0,17.80714553531189,0,0,9.868192258379272
82,0.9013836858252906,27041.51057475872,9.3263149318961,15.0,18.091116644372757,0,0,9.868192258379272
83,0.901760376206824,27052.81128620472,9.39369781915099,15.0,18.375766058312387,0,0,9.868192258379272
84,0.9021111345129668,27063.334035389,9.461221309348655,15.0,18.66100942936618,0,0,9.868192258379272
85,0.9024359037399243,27073.07711219773,9.52886539382167,15.0,18.946762233767245,0,0,9.868192258379272
86,0.902734634585027,27082.03903755081,9.596610028167927,15.0,19.232939796792586,0,0,9.868192258379272
87,0.9030072854613399,27090.218563840197,9.664435138190221,15.0,19.519457317854055,0,0,9.868192258379272
88,0.9032538225099853,27097.61467529956,9.732320625844665,15.0,19.80622989562661,0,0,9.868192258379272
89,0.9034742196101768,27104.226588305304,9.80024637519618,15.0,20.093172553206408,0,0,9.868192258379272
90,0.9036684583869583,27110.05375160875,9.868192258379272,15.0,20.38020026329126,0,0,9.868192258379272
91,0.9038365282166497,27115.09584649949,9.936138141562365,15.0,20.66722797337612,0,0,9.868192258379272
92,0.9039784262299946,27119.35278689984,10.004063890913878,15.0,20.954170630955915,0,0,9.868192258379272
93,0.9040941573130109,27122.824719390326,10.071949378568322,15.0,21.240943208728467,0,0,9.868192258379272
94,0.9041837341055422,27125.512023166266,10.139774488590614,15.0,21.527460729789944,0,0,9.868192258379272
95,0.9042471769975133,27127.4153099254,10.207519122936871,15.0,21.813638292815277,0,0,9.868192258379272
96,0.9042845141228876,27128.535423686626,10.275163207409886,15.0,22.099391097216344,0,0,9.868192258379272
97,0.9042957813513304,27128.873440539912,10.34268669760755,15.0,22.384634468270136,0,0,9.868192258379272
98,0.9042810222775802,27128.430668327408,10.410069584862445,15.0,22.66928388220977,0,0,9.868192258379272
99,0.9042402882085309,27127.208646255927,10.47729190217083,15.0,22.953254991270637,0,0,9.868192258379272
100,0.9041736381480273,27125.209144440818,10.544333730109312,15.0,23.236463648684534,0,0,9.868192258379272
101,0.9040811387793823,27122.43416338147,10.611175202737394,15.0,23.51882593361414,0,0,9.868192258379272
102,0.9039628644456167,27118.8859333685,10.677796513484175,15.0,23.800258176020527,0,0,9.868192258379272
103,0.9038188971274295,27114.566913822884,10.744177921017481,15.0,24.080676981456477,0,0,9.868192258379272
104,0.9036493264189058,27109.479792567174,10.810299755093626,15.0,24.359999255778014,0,0,9.868192258379272
105,0.9034542495009676,27103.62748502903,10.876142422386149,15.0,24.638142229766977,0,0,9.868192258379272
106,0.9032337711125771,27097.013133377313,10.941686412291732,15.0,24.915023483657357,0,0,9.868192258379272
107,0.9029880035197005,27089.640105591017,11.006912302711608,15.0,25.190560971558043,0,0,9.868192258379272
108,0.9027170664820415,27081.511994461245,11.07180076580676,15.0,25.464673045764783,0,0,9.868192258379272
109,0.9024210872175529,27072.632616526585,11.13633257372516,15.0,25.73727848095417,0,0,9.868192258379272
110,0.9021002003647398,27063.006010942194,11.200488604299412,15.0,26.00829649825244,0,0,9.868192258379272
111,0.9017545479427638,27052.636438282912,11.264249846713062,15.0,26.27764678917203,0,0,9.868192258379272
112,0.9013842793093586,27041.528379280757,11.327597407133894,15.0,26.545249539408687,0,0,9.868192258379272
113,0.9009895511165729,27029.686533497184,11.39051251431261,15.0,26.81102545249216,0,0,9.868192258379272
114,0.9005705272643503,27017.11581793051,11.452976525145129,15.0,27.0748957732835,0,0,9.868192258379272
115,0.9001273788519633,27003.8213655589,11.514970930196961,15.0,27.33678231131187,0,0,9.868192258379272
116,0.8996602841273119,26989.808523819356,11.576477359187939,15.0,27.596607463944075,0,0,9.868192258379272
117,0.8991694284341051,26975.082853023152,11.637477586435734,15.0,27.854294239379904,0,0,9.868192258379272
118,0.8986550041569397,26959.65012470819,11.697953536256524,15.0,28.10976627946646,0,0,9.868192258379272
119,0.8981172106642928,26943.516319928785,11.757887288321193,15.0,28.362947882324725,0,0,9.868192258379272
120,0.8975562542494442,26926.687627483327,11.817261082965533,15.0,28.61376402478166,0,0,9.868192258379272
121,0.8969723480693476,26909.170442080427,11.876057326452797,15.0,28.86214038460121,0,0,9.868192258379272
122,0.8963657120814672,26890.971362444016,11.934258596187115,15.0,29.10800336250756,0,0,9.868192258379272
123,0.8957365729786,26872.097189358,11.991847645876176,15.0,29.351280103994192,0,0,9.868192258379272
124,0.8950851641217016,26852.55492365105,12.048807410641684,15.0,29.591898520912263,0,0,9.868192258379272
125,0.8944117254707364,26832.351764122093,12.105121012076049,15.0,29.829787312831872,0,0,9.868192258379272
126,0.8937165035135721,26811.495105407164,12.160771763243817,15.0,30.06487598816991,0,0,9.868192258379272
127,0.8929997511929402,26789.992535788206,12.215743173626375,15.0,30.297094885078245,0,0,9.868192258379272
128,0.8922617278314835,26767.851834944504,12.270018954008446,15.0,30.52637519208603,0,0,9.868192258379272
129,0.8915026990549132,26745.080971647396,12.323583021304938,15.0,30.75264896849002,0,0,9.868192258379272
130,0.8907229367132986,26721.68810139896,12.376419503326703,15.0,30.97584916448689,0,0,9.868192258379272
131,0.8899227188005117,26697.68156401535,12.428512743483811,15.0,31.195909641041496,0,0,9.868192258379272
132,0.8891023293718515,26673.069881155545,12.479847305424942,15.0,31.412765189485356,0,0,9.868192258379272
133,0.8882620584598727,26647.86175379618,12.530407977611501,15.0,31.62635155083933,0,0,9.868192258379272
134,0.8874022019884424,26622.066059653273,12.58017977782513,15.0,31.83660543485498,0,0,9.868192258379272
135,0.886523061685052,26595.69185055156,12.629147957607266,15.0,32.04346453876883,0,0,9.868192258379272
136,0.8856249449914081,26568.748349742244,12.67729800662941,15.0,32.24686756576398,0,0,9.868192258379272
137,0.8847081649723314,26541.24494916994,12.724615656992887,15.0,32.44675424313377,0,0,9.868192258379272
138,0.8837730402229889,26513.191206689666,12.771086887456686,15.0,32.64306534014176,0,0,9.868192258379272
139,0.8828198947744867,26484.5968432346,12.81669792759229,15.0,32.83574268557318,0,0,9.868192258379272
140,0.8818490579978534,26455.4717399356,12.861435261864147,15.0,33.02472918497225,0,0,9.868192258379272
141,0.8808608645064397,26425.825935193192,12.905285633634593,15.0,33.20996883756054,0,0,9.868192258379272
142,0.8798556540567657,26395.66962170297,12.94823604909211,15.0,33.3914067528312,0,0,9.868192258379272
143,0.878833771447843,26365.01314343529,12.990273781101648,15.0,33.56898916681417,0,0,9.868192258379272
144,0.8777955664190045,26333.866992570132,13.031386372975966,15.0,33.742663458007655,0,0,9.868192258379272
145,0.8767413935462676,26302.24180638803,13.071561642166808,15.0,33.91237816297096,0,0,9.868192258379272
146,0.8756716121372671,26270.148364118013,13.110787683874861,15.0,34.07808299157427,0,0,9.868192258379272
147,0.8745865861247837,26237.59758374351,13.149052874577398,15.0,34.239728841900686,0,0,9.868192258379272
148,0.873486683958903,26204.600518767093,13.186345875472586,15.0,34.39726781479612,0,0,9.868192258379272
149,0.8723722784978364,26171.168354935093,13.222655635839407,15.0,34.550653228062956,0,0,9.868192258379272
150,0.871243746897434,26137.31240692302,13.257971396312238,15.0,34.699839630292914,0,0,9.868192258379272
151,0.8701014704994263,26103.04411498279,13.292282692069074,15.0,34.84478281433529,0,0,9.868192258379272
152,0.8689458347184238,26068.375041552714,13.325579355932486,15.0,34.98543983039653,0,0,9.868192258379272
153,0.8677772289277105,26033.316867831316,13.357851521382369,15.0,35.121768998767166,0,0,9.868192258379272
154,0.8665960463438643,25997.88139031593,13.389089625479604,15.0,35.253729922172354,0,0,9.868192258379272
155,0.8654026839102383,25962.08051730715,13.419284411699783,15.0,35.38128349774257,0,0,9.868192258379272
156,0.864197542179338,25925.926265380138,13.448426932676087,15.0,35.504391928600526,0,0,9.868192258379272
157,0.8629810251941284,25889.430755823854,13.476508552850603,15.0,35.62301873506125,0,0,9.868192258379272
158,0.8617535403683088,25852.606211049264,13.503520951033225,15.0,35.737128765441824,0,0,9.868192258379272
159,0.8605154983655855,25815.464950967566,13.529456122867394,15.0,35.846688206477566,0,0,9.868192258379272
160,0.8592673129779845,25778.019389339537,13.554306383201968,15.0,35.951664593341576,0,0,9.868192258379272
161,0.8580094010032359,25740.282030097074,13.578064368368501,15.0,36.052026819264874,0,0,9.868192258379272
162,0.856742182121267,25702.26546363801,13.600723038363247,15.0,36.14774514475393,0,0,9.868192258379272
163,0.8554660787698429,25663.98236309529,13.622275678933269,15.0,36.23879120640309,0,0,9.868192258379272
164,0.8541815160193889,25625.445480581664,13.642715903566028,15.0,36.32513802529941,0,0,9.868192258379272
165,0.852888921447032,25586.66764341096,13.662037655381825,15.0,36.4067600150169,0,0,9.868192258379272
166,0.8515887250099025,25547.661750297073,13.680235208928599,15.0,36.48363298919846,0,0,9.868192258379272
167,0.8502813589177263,25508.44076753179,13.697303171878502,15.0,36.55573416872281,0,0,9.868192258379272
168,0.8489672575047534,25469.017725142603,13.713236486625755,15.0,36.62304218845435,0,0,9.868192258379272
169,0.8476468571010547,25429.40571303164,13.728030431785326,15.0,36.68553710357423,0,0,9.868192258379272
170,0.8463205959032277,25389.617877096833,13.741680623591986,15.0,36.743200395490334,0,0,9.868192258379272
171,0.84498891384455,25349.6674153365,13.754183017199308,15.0,36.796014977324816,0,0,9.868192258379272
172,0.8436522524646168,25309.567573938504,13.765533907878243,15.0,36.84396519897723,0,0,9.868192258379272
173,0.8423110547785042,25269.331643355126,13.775729932114912,15.0,36.88703685176205,0,0,9.868192258379272
174,0.8409657651454936,25228.972954364806,13.784768068607278,15.0,36.92521717261899,0,0,9.868192258379272
175,0.839616829137398,25188.50487412194,13.792645639160448,15.0,36.958494847895,0,0,9.868192258379272
176,0.838264693406531,25147.940802195928,13.799360309480251,15.0,36.98686001669668,0,0,9.868192258379272
177,0.8369098055533523,25107.294166600568,13.804910089864958,15.0,37.01030427381235,0,0,9.868192258379272
178,0.8355526139938352,25066.578419815054,13.809293335794868,15.0,37.02882067220267,0,0,9.868192258379272
179,0.8341935678265907,25025.807034797723,13.81250874841961,15.0,37.04240372505919,0,0,9.868192258379272
180,0.8328331166997907,24984.993500993718,13.814555374943032,15.0,37.05104940743017,0,0,9.868192258379272
181,0.8314717106779258,24944.151320337773,13.815432608905525,15.0,37.05475515741335,0,0,9.868192258379272
182,0.8301098001084437,24903.29400325331,13.815140190363733,15.0,37.05351987691503,0,0,9.868192258379272
183,0.8287478354883001,24862.435064649002,13.81367820596758,15.0,37.04734393197549,0,0,9.868192258379272
184,0.8273862673304667,24821.588019914,13.811047088934599,15.0,37.036229152660496,0,0,9.868192258379272
185,0.8260255460304354,24780.766380913064,13.807247618921547,15.0,37.02017883251904,0,0,9.868192258379272
186,0.8246661217327557,24739.98365198267,13.802280921793388,15.0,36.99919772760737,0,0,9.868192258379272
187,0.823308444197647,24699.25332592941,13.79614846928967,15.0,36.973292055079696,0,0,9.868192258379272
188,0.8219529626677257,24658.58888003177,13.788852078588425,15.0,36.942469491345854,0,0,9.868192258379272
189,0.8206001257348842,24618.003772046526,13.780393911767682,15.0,36.906739169796694,0,0,9.868192258379272
190,0.8192503812073639,24577.511436220917,13.770776475164816,15.0,36.86611167809761,0,0,9.868192258379272
191,0.8179041759770594,24537.125279311782,13.760002618633846,15.0,36.82059905505122,0,0,9.868192258379272
192,0.8165619558870955,24496.858676612865,13.748075534700988,15.0,36.77021478702996,0,0,9.868192258379272
193,0.8152241655997139,24456.724967991417,13.734998757618618,15.0,36.71497380397983,0,0,9.868192258379272
194,0.81389124846451,24416.7374539353,13.720776162318003,15.0,36.654892474996316,0,0,9.868192258379272
195,0.8125636463870591,24376.909391611774,13.705411963261081,15.0,36.58998860347384,0,0,9.868192258379272
196,0.8112417996979704,24337.253990939113,13.688910713191618,15.0,36.52028142183029,0,0,9.868192258379272
197,0.809926147022407,24297.784410672208,13.671277301786137,15.0,36.44579158580799,0,0,9.868192258379272
198,0.8086171251501121,24258.51375450336,13.652516954204998,15.0,36.36654116835296,0,0,9.868192258379272
199,0.807315168905979,24219.45506717937,13.63263522954407,15.0,36.282553653074274,0,0,9.868192258379272
200,0.8060207110212029,24180.621330636088,13.611638019187449,15.0,36.1938539272853,0,0,9.868192258379272
201,0.8047341820050533,24142.0254601516,13.589531545061728,15.0,36.10046827462908,0,0,9.868192258379272
202,0.8034560100173045,24103.680300519136,13.566322357792282,15.0,36.00242436728993,0,0,9.868192258379272
203,0.8021866207413634,24065.5986222409,13.542017334762196,15.0,35.89975125779357,0,0,9.868192258379272
204,0.8009264372581294,24027.79311774388,13.516623678074339,15.0,35.79247937039819,0,0,9.868192258379272
205,0.799675879920627,23990.27639761881,13.490148912417228,15.0,35.68064049207914,0,0,9.868192258379272
206,0.7984353662294462,23953.060986883385,13.462600882835297,15.0,35.56426776310977,0,0,9.868192258379272
207,0.7972053107090273,23916.15932127082,13.433987752404251,15.0,35.44339566724118,0,0,9.868192258379272
208,0.7959861247848298,23879.583743544892,13.404317999812154,15.0,35.318060021484015,0,0,9.868192258379272
209,0.7947782166614162,23843.346499842486,13.373600416847026,15.0,35.18829796549508,0,0,9.868192258379272
210,0.7935819912014939,23807.459736044817,13.341844105791642,15.0,35.054147950572066,0,0,9.868192258379272
211,0.7923978498059447,23771.935494178342,13.309058476726323,15.0,34.91564972825957,0,0,9.868192258379272
212,0.7912261902948816,23736.785708846448,13.27525324474053,15.0,34.772844338569925,0,0,9.868192258379272
213,0.7900674067897654,23702.022203692963,13.240438427054082,15.0,34.625774097822074,0,0,9.868192258379272
214,0.7889218895966189,23667.65668789857,13.204624340048824,15.0,34.47448258610238,0,0,9.868192258379272
215,0.7877900250903703,23633.70075271111,13.167821596211661,15.0,34.31901463435092,0,0,9.868192258379272
216,0.7866721956003618,23600.165868010856,13.13004110098987,15.0,34.15941631107706,0,0,9.868192258379272
217,0.7855687792970576,23567.063378911727,13.091294049559547,15.0,33.9957349087084,0,0,9.868192258379272
218,0.7844801500799833,23534.4045023995,13.051591923508262,15.0,33.82801892957701,0,0,9.868192258379272
219,0.783406677466932,23502.20032400796,13.010946487432811,15.0,33.65631807154709,0,0,9.868192258379272
220,0.7823487264844678,23470.461794534036,12.969369785453098,15.0,33.4806832132885,0,0,9.868192258379272
221,0.7813066575597608,23439.199726792824,12.926874137643223,15.0,33.30116639920025,0,0,9.868192258379272
222,0.7802808264137845,23408.424792413534,12.883472136380758,15.0,33.11782082398864,0,0,9.868192258379272
223,0.7792715839559081,23378.147518677244,12.839176642615374,15.0,32.930700816904526,0,0,9.868192258379272
224,0.7782792761799148,23348.378285397444,12.794000782057845,15.0,32.7398618256444,0,0,9.868192258379272
225,0.7773042440614757,23319.12732184427,12.747957941290629,15.0,32.54536039992,0,0,9.868192258379272
226,0.7763468234571118,23290.404703713353,12.701061763801135,15.0,32.347254174701455,0,0,9.868192258379272
227,0.7754073450046726,23262.22035014018,12.653326145938852,15.0,32.145601853138785,0,0,9.868192258379272
228,0.7744861340253606,23234.584020760816,12.604765232797574,15.0,31.940463189166884,0,0,9.868192258379272
229,0.7735835104273316,23207.50531281995,12.555393414023893,15.0,31.731898969799133,0,0,9.868192258379272
230,0.7726997886108997,23180.993658326992,12.505225319553244,15.0,31.519970997114925,0,0,9.868192258379272
231,0.7718352773753726,23155.05832126118,12.454275815274736,15.0,31.304742069946343,0,0,9.868192258379272
232,0.7709902798275486,23129.70839482646,12.402559998626066,15.0,31.086275965269525,0,0,9.868192258379272
233,0.7701650932918993,23104.952798756978,12.350093194119822,15.0,30.864637419306174,0,0,9.868192258379272
234,0.7693600092224653,23080.80027667396,12.29689094880251,15.0,30.63989210834081,0,0,9.868192258379272
235,0.7685753131164932,23057.259393494794,12.242969027647616,15.0,30.412106629259473,0,0,9.868192258379272
236,0.7678112844298357,23034.33853289507,12.188343408884108,15.0,30.181348479815632,0,0,9.868192258379272
237,0.7670681964941435,23012.045894824303,12.13303027926174,15.0,29.947686038629122,0,0,9.868192258379272
238,0.7663463164358701,22990.389493076105,12.07704602925458,15.0,29.711188544924134,0,0,9.868192258379272
239,0.7656459050971182,22969.377152913545,12.02040724820414,15.0,29.471926078012075,0,0,9.868192258379272
240,0.7649672169583446,22949.016508750337,11.963130719403612,15.0,29.22996953652561,0,0,9.868192258379272
241,0.7643105000629538,22929.31500188861,11.905233415124606,15.0,28.985390617409813,0,0,9.868192258379272
242,0.7636759959437963,22910.27987831389,11.846732491587908,15.0,28.738261794676873,0,0,9.868192258379272
243,0.763063939551598,22891.91818654794,11.787645283879716,15.0,28.48865629793044,0,0,9.868192258379272
244,0.7624745591853387,22874.23677556016,11.727989300814876,15.0,28.23664809066613,0,0,9.868192258379272
245,0.7619080764246019,22857.242292738058,11.667782219748657,15.0,27.98231184835454,0,0,9.868192258379272
246,0.761364706063917,22840.94118191751,11.607041881338553,15.0,27.725722936313296,0,0,9.868192258379272
247,0.7608446560491103,22825.33968147331,11.545786284257716,15.0,27.466957387374666,0,0,9.868192258379272
248,0.7603481274156861,22810.443822470585,11.484033579861567,15.0,27.206091879355426,0,0,9.868192258379272
249,0.7598753142292559,22796.259426877677,11.421802066809153,15.0,26.94320371233554,0,0,9.868192258379272
250,0.7594264035280325,22782.792105840974,11.359110185640853,15.0,26.678370785752485,0,0,9.868192258379272
251,0.7590015752674064,22770.047258022194,11.295976513314061,15.0,26.411671575317982,0,0,9.868192258379272
252,0.7586010022666214,22758.030067998643,11.232419757698427,15.0,26.143185109763905,0,0,9.868192258379272
253,0.758224850157564,22746.74550472692,11.1684587520323,15.0,25.87299094742442,0,0,9.868192258379272
254,0.7578732773356835,22736.198320070507,11.104112449342061,15.0,25.601169152661097,0,0,9.868192258379272
255,0.7575464349130564,22726.39304739169,11.039399916825891,15.0,25.32780027213812,0,0,9.868192258379272
256,0.7572444666736076,22717.334000208226,10.97434033020379,15.0,25.052965310954548,0,0,9.868192258379272
257,0.7569675090305048,22709.025270915143,10.908952968035381,15.0,24.77674570864084,0,0,9.868192258379272
258,0.7567156909857364,22701.470729572095,10.843257206007246,15.0,24.499223315026452,0,0,9.868192258379272
259,0.7564891340918855,22694.674022756564,10.777272511191502,15.0,24.22048036598604,0,0,9.868192258379272
260,0.7562879524161104,22688.63857248331,10.711018436277291,15.0,23.940599459071166,0,0,9.868192258379272
261,0.756112252506345,22683.36757519035,10.644514613776892,15.0,23.659663529034873,0,0,9.868192258379272
262,0.7559621333597261,22678.864000791782,10.577780750208179,15.0,23.377755823256322,0,0,9.868192258379272
263,0.7558376863932579,22675.130591797737,10.510836620255164,15.0,23.09495987707281,0,0,9.868192258379272
264,0.755738995416724,22672.16986250172,10.443702060908322,15.0,22.81135948902643,0,0,9.868192258379272
265,0.7556661366078521,22669.984098235564,10.376396965586473,15.0,22.527038696032744,0,0,9.868192258379272
266,0.7556191784897411,22668.575354692235,10.308941278241923,15.0,22.242081748478874,0,0,9.868192258379272
267,0.7555981819105565,22667.945457316695,10.24135498745064,15.0,21.956573085258228,0,0,9.868192258379272
268,0.7556032000254991,22668.096000764974,10.173658120489225,15.0,21.670597308749542,0,0,9.868192258379272
269,0.7556342782810548,22669.028348431642,10.105870737400377,15.0,21.38423915974723,0,0,9.868192258379272
270,0.755691454401527,22670.743632045807,10.03801292504867,15.0,21.09758349235097,0,0,13.86819225837927
271,0.7556400480610466,22669.201441831396,14.011414295531814,15.0,20.810715248821545,0,0,13.86819225837927
272,0.7556157097687659,22668.471293062976,13.915937653427115,15.0,20.52371943441063,0,0,13.86819225837927
273,0.7556184541605635,22668.553624816905,13.820446863331433,15.0,20.236681092171914,0,0,13.86819225837927
274,0.755648287847134,22669.44863541402,13.724970221226734,15.0,19.94968527776099,0,0,13.86819225837927
275,0.7557052094120296,22671.156282360887,13.629536018902623,15.0,19.662817034231555,0,0,13.86819225837927
276,0.7557892094120792,22673.676282362376,13.534172535572898,15.0,19.376161366835298,0,0,13.86819225837927
277,0.7559002703801871,22677.008111405616,13.438908029495774,15.0,19.08980321783298,0,0,13.86819225837927
278,0.7560383668305091,22681.15100491527,13.343770729600383,15.0,18.803827441324295,0,0,13.86819225837927
279,0.7562034652660035,22686.103957980104,13.248788827121912,15.0,18.518318778103662,0,0,13.86819225837927
280,0.756395524188358,22691.86572565074,13.153990467247944,15.0,18.23336183054979,0,0,13.86819225837927
281,0.7566144941102864,22698.43482330859,13.059403740778425,15.0,17.949041037556107,0,0,13.86819225837927
282,0.7568603175701921,22705.809527105765,12.965056675801756,15.0,17.66544064950972,0,0,13.86819225837927
283,0.7571329291491959,22713.98787447588,12.870977229389467,15.0,17.3826447033262,0,0,13.86819225837927
284,0.7574322554905208,22722.967664715627,12.77719327931193,15.0,17.100736997547656,0,0,13.86819225837927
285,0.7577582153212292,22732.746459636877,12.683732615777577,15.0,16.819801067511364,0,0,13.86819225837927
286,0.7581107194763055,22743.321584289166,12.590622933198063,15.0,16.539920160596488,0,0,13.86819225837927
287,0.7584896709250781,22754.690127752343,12.497891821981803,15.0,16.261177211556074,0,0,13.86819225837927
288,0.7588949647999715,22766.848943999146,12.405566760358349,15.0,15.983654817941682,0,0,13.86819225837927
289,0.759326488427581,22779.79465282743,12.313675106236005,15.0,15.707435215627974,0,0,13.86819225837927
290,0.7597841213620599,22793.523640861797,12.222244089095069,15.0,15.432600254444418,0,0,13.86819225837927
291,0.7602677354208103,22808.03206262431,12.131300801919163,15.0,15.159231373921429,0,0,13.86819225837927
292,0.7607771947224665,22823.315841673997,12.040872193166994,15.0,14.887409579158108,0,0,13.86819225837927
293,0.7613123557271599,22839.3706718148,11.950985058786944,15.0,14.617215416818624,0,0,13.86819225837927
294,0.7618730672790522,22856.192018371567,11.861666034276853,15.0,14.34872895126455,0,0,13.86819225837927
295,0.7624591706511264,22873.775119533795,11.772941586791347,15.0,14.082029740830045,0,0,13.86819225837927
296,0.763070499592222,22892.114987766658,11.684838007299046,15.0,13.81719681424699,0,0,13.86819225837927
297,0.7637068803762969,22911.206411288906,11.597381402791983,15.0,13.554308647227106,0,0,13.86819225837927
298,0.764368131853908,22931.04395561724,11.510597688549542,15.0,13.293443139207861,0,0,13.86819225837927
299,0.7650540655058886,22951.62196517666,11.424512580459197,15.0,13.03467759026923,0,0,13.86819225837927
300,0.7657644854992115,22972.934564976345,11.33915158739635,15.0,12.77808867822798,0,0,13.86819225837927
301,0.7664991887450174,22994.975662350524,11.254540003665483,15.0,12.523752435916393,0,0,13.86819225837927
302,0.7672579649587958,23017.738948763876,11.170702901504924,15.0,12.271744228652086,0,0,13.86819225837927
303,0.768040596722696,23041.21790168088,11.087665123657395,15.0,12.022138731905656,0,0,13.86819225837927
304,0.768846859549953,23065.40578649859,11.005451276008573,15.0,11.77500990917272,0,0,13.86819225837927
305,0.7696765219514079,23090.295658542236,10.924085720295839,15.0,11.53043099005692,0,0,13.86819225837927
306,0.7705293455041026,23115.880365123077,10.843592566889363,15.0,11.288474448570451,0,0,13.86819225837927
307,0.7714050849219304,23142.15254765791,10.763995667647682,15.0,11.049211981658395,0,0,13.86819225837927
308,0.7723034881283188,23169.104643849565,10.685318608849883,15.0,10.812714487953407,0,0,13.86819225837927
309,0.7732242963309262,23196.728889927785,10.607584704206477,15.0,10.57905204676689,0,0,13.86819225837927
310,0.7741672440983263,23225.01732294979,10.53081698795105,15.0,10.348293897323048,0,0,13.86819225837927
311,0.7751320594386626,23253.961783159877,10.455038208014708,15.0,10.120508418241712,0,0,13.86819225837927
312,0.7761184638802445,23283.553916407334,10.380270819285386,15.0,9.895763107276348,0,0,13.86819225837927
313,0.7771261725540649,23313.785176621946,10.306536976953977,15.0,9.674124561313,0,0,13.86819225837927
314,0.7781548942782128,23344.646828346384,10.233858529949272,15.0,9.455658456636186,0,0,13.86819225837927
315,0.779204331644157,23376.12994932471,10.162257014463645,15.0,9.240429529467605,0,0,13.86819225837927
316,0.7802741811048743,23408.22543314623,10.091753647571425,15.0,9.028501556783397,0,0,13.86819225837927
317,0.7813641330647977,23440.92399194393,10.02236932094181,15.0,8.819937337415647,0,0,13.86819225837927
318,0.7824738719715554,23474.21615914666,9.95412459464821,15.0,8.614798673443747,0,0,13.86819225837927
319,0.7836030764094765,23508.092292284295,9.887039691075874,15.0,8.413146351881078,0,0,13.86819225837927
320,0.7847514191948333,23542.542575844996,9.821134488929534,15.0,8.21504012666253,0,0,13.86819225837927
321,0.785918567472792,23577.55702418376,9.756428517342947,15.0,8.020538700938129,0,0,13.86819225837927
322,0.7871041828160463,23613.12548448139,9.692940950091957,15.0,7.829699709677998,0,0,13.86819225837927
323,0.7883079213250993,23649.23763975298,9.630690599912915,15.0,7.642579702593882,0,0,13.86819225837927
324,0.7895294337301695,23685.883011905084,9.569695912928058,15.0,7.459234127382278,0,0,13.86819225837927
325,0.7907683654946859,23723.050964840575,9.509974963179502,15.0,7.279717313294023,0,0,13.86819225837927
326,0.7920243569203455,23760.730707610364,9.45154544727355,15.0,7.10408245503544,0,0,13.86819225837927
327,0.7932970432536998,23798.911297610994,9.394424679136769,15.0,6.932381597005521,0,0,13.86819225837927
328,0.7945860547942385,23837.581643827154,9.338629584885533,15.0,6.764665617874128,0,0,13.86819225837927
329,0.7958910170039402,23876.730510118206,9.28417669781042,15.0,6.600984215505467,0,0,13.86819225837927
330,0.7972115506182561,23916.34651854768,9.231082153477065,15.0,6.441385892231613,0,0,13.86819225837927
331,0.7985472717584938,23956.418152754813,9.17936168494482,15.0,6.285917940480141,0,0,13.86819225837927
332,0.7998977920455698,23996.933761367094,9.129030618104737,15.0,6.134626428760457,0,0,13.86819225837927
333,0.8012627187150935,24037.881561452803,9.080103867138154,15.0,5.987556188012601,0,0,13.86819225837927
334,0.8026416547337524,24079.24964201257,9.032595930097306,15.0,5.844750798322952,0,0,13.86819225837927
335,0.8040341989169616,24121.02596750885,8.986520884609243,15.0,5.706252576010463,0,0,13.86819225837927
336,0.8054399460477433,24163.1983814323,8.941892383704328,15.0,5.57210256108745,0,0,13.86819225837927
337,0.8068584869968013,24205.754609904037,8.898723651770535,15.0,5.442340505098516,0,0,13.86819225837927
338,0.8082894088437549,24248.682265312647,8.8570274806348,15.0,5.317004859341356,0,0,13.86819225837927
339,0.8097322949994963,24291.96884998489,8.8168162257725,15.0,5.196132763472763,0,0,13.86819225837927
340,0.8111867253296348,24335.601759889043,8.778101802646288,15.0,5.079760034503389,0,0,13.86819225837927
341,0.8126522762789916,24379.56828836975,8.740895683175253,15.0,4.967921156184338,0,0,13.86819225837927
342,0.8141285209971086,24423.855629913258,8.70520889233558,15.0,4.860649268788958,0,0,13.86819225837927
343,0.8156150294647329,24468.450883941987,8.67105200489357,15.0,4.757976159292586,0,0,13.86819225837927
344,0.8171113686212413,24513.34105863724,8.638435142272144,15.0,4.659932251953445,0,0,13.86819225837927
345,0.8186171024929656,24558.513074788967,8.607367969551618,15.0,4.566546599297226,0,0,13.86819225837927
346,0.8201317923223801,24603.953769671403,8.577859692605763,15.0,4.477846873508252,0,0,13.86819225837927
347,0.821654996698116,24649.64990094348,8.549919055373872,15.0,4.393859358229562,0,0,13.86819225837927
348,0.8231862716857606,24695.588150572818,8.523554337269768,15.0,4.314608940774541,0,0,13.86819225837927
349,0.8247251709594046,24741.755128782137,8.498773350728422,15.0,4.240119104752232,0,0,13.86819225837927
350,0.8262712459338982,24788.137378016945,8.475583438890965,15.0,4.1704119231086825,0,0,13.86819225837927
351,0.8278240458977768,24834.721376933303,8.453991473428752,15.0,4.105508051586212,0,0,13.86819225837927
352,0.8293831181468161,24881.493544404482,8.434003852507143,15.0,4.045426722602691,0,0,13.86819225837927
353,0.8309480081181784,24928.440243545352,8.415626498889583,15.0,3.990185739552566,0,0,13.86819225837927
354,0.8325182595251093,24975.54778575328,8.398864858182568,15.0,3.939801471531309,0,0,13.86819225837927
355,0.8340934144921454,25022.802434764362,8.383723897221985,15.0,3.8942888484849156,0,0,13.86819225837927
356,0.8356730136907926,25070.19041072378,8.370208102601334,15.0,3.8536613567858358,0,0,13.86819225837927
357,0.837256596475635,25117.69789426905,8.358321479342255,15.0,3.8179310352366738,0,0,13.86819225837927
358,0.8388437010208343,25165.311030625027,8.348067549707755,15.0,3.7871084715028354,0,0,13.86819225837927
359,0.8404338644569781,25213.015933709343,8.339449352158486,15.0,3.761202798975148,0,0,13.86819225837927
360,0.8420266230082392,25260.798690247175,8.33246944045237,15.0,3.7402216940634787,0,0,13.86819225837927
361,0.8436215121298014,25308.645363894044,8.32712988288789,15.0,3.724171373922024,0,0,13.86819225837927
362,0.845218066645515,25356.54199936545,8.32343226169119,15.0,3.7130565946070324,0,0,13.86819225837927
363,0.8468158208857375,25404.474626572126,8.321377672547229,15.0,3.706880649667492,0,0,13.86819225837927
364,0.8484143088253224,25452.429264759674,8.320966724275115,15.0,3.7056453691691775,0,0,13.86819225837927
365,0.8500130642217123,25500.39192665137,8.322199538647686,15.0,3.7093511191523594,0,0,13.86819225837927
366,0.8516116207530966,25548.348622592897,8.32507575035544,15.0,3.71799680152334,0,0,13.86819225837927
367,0.8532095121565924,25596.28536469777,8.329594507114773,15.0,3.731579854379847,0,0,13.86819225837927
368,0.8548062723664088,25644.188170992264,8.335754469920536,15.0,3.7500962527701693,0,0,13.86819225837927
369,0.856401435651952,25692.04306955856,8.343553813442805,15.0,3.773540509885844,0,0,13.86819225837927
370,0.8579945367558313,25739.836102674937,8.352990226567771,15.0,3.801905678687529,0,0,13.86819225837927
371,0.8595851110317249,25787.553330951745,8.364060913082573,15.0,3.835183353963531,0,0,13.86819225837927
372,0.8611726945820646,25835.180837461936,8.37676259250387,15.0,3.873363674820478,0,0,13.86819225837927
373,0.8627568243954988,25882.704731864964,8.391091501049921,15.0,3.9164353276052966,0,0,13.86819225837927
374,0.8643370384840929,25930.111154522787,8.407043392755888,15.0,3.964385549257706,0,0,13.86819225837927
375,0.8659128760202258,25977.386280606774,8.42461354073198,15.0,4.017200131092187,0,0,13.86819225837927
376,0.8674838774731433,26024.516324194297,8.443796738564167,15.0,4.074863423008298,0,0,13.86819225837927
377,0.8690495847451272,26071.487542353814,8.464587301856914,15.0,4.137358338128177,0,0,13.86819225837927
378,0.8706095413072391,26118.286239217174,8.486979069917629,15.0,4.204666357859723,0,0,13.86819225837927
379,0.8721632923346005,26164.898770038017,8.510965407582175,15.0,4.276767537384057,0,0,13.86819225837927
380,0.8737103848411665,26211.311545234996,8.536539207181036,15.0,4.353640511565622,0,0,13.86819225837927
381,0.8752503678139556,26257.51103441867,8.563692890645466,15.0,4.435262501283108,0,0,13.86819225837927
382,0.8767827923466948,26303.483770400842,8.592418411753027,15.0,4.5216093201794205,0,0,13.86819225837927
383,0.8783072117728394,26349.216353185184,8.622707258511868,15.0,4.612655381828598,0,0,13.86819225837927
384,0.8798231817979315,26394.695453937944,8.654550455683012,15.0,4.7083737073176515,0,0,13.86819225837927
385,0.8813302606312522,26439.907818937565,8.687938567439893,15.0,4.808735933240948,0,0,13.86819225837927
386,0.8828280091167351,26484.840273502054,8.722861700164435,15.0,4.913712320104966,0,0,13.86819225837927
387,0.8843159908630974,26529.47972589292,8.759309505378702,15.0,5.023271761140695,0,0,13.86819225837927
388,0.8857937723731512,26573.813171194535,8.797271182811407,15.0,5.137381791521277,0,0,13.86819225837927
389,0.8872609231722595,26617.827695167784,8.836735483598238,15.0,5.2560085979819995,0,0,13.86819225837927
390,0.8887170159358937,26661.510478076812,8.87769071361517,15.0,5.379117028839955,0,0,13.86819225837927
391,0.8901616266162604,26704.848798487812,8.920124736943658,15.0,5.506670604410161,0,0,13.86819225837927
392,0.8915943345679549,26747.830037038646,8.964024979466792,15.0,5.638631527815361,0,0,13.86819225837927
393,0.8930147226726078,26790.441680178235,9.009378432595266,15.0,5.774960696185983,0,0,13.86819225837927
394,0.8944223774624868,26832.6713238746,9.05617165712211,15.0,5.915617712247235,0,0,13.86819225837927
395,0.8958168892430148,26874.506677290447,9.104390787205018,15.0,6.060560896289617,0,0,13.86819225837927
396,0.8971978522141728,26915.935566425185,9.154021534475092,15.0,6.20974729851957,0,0,13.86819225837927
397,0.8985648645907458,26956.945937722376,9.205049192270792,15.0,6.3631327117864,0,0,13.86819225837927
398,0.8999175287213814,26997.525861641443,9.257458639995852,15.0,6.520671684681842,0,0,13.86819225837927
399,0.901255451206422,27037.66353619266,9.311234347599818,15.0,6.682317535008243,0,0,13.86819225837927
400,0.9025782430144779,27077.347290434336,9.366360380179957,15.0,6.848022363611564,0,0,13.86819225837927
401,0.9038855195977052,27116.565587931156,9.422820402703094,15.0,7.0177370685748715,0,0,13.86819225837927
402,0.9051769010057563,27155.30703017269,9.480597684846051,15.0,7.191411359768352,0,0,13.86819225837927
403,0.906452011998367,27193.56035995101,9.53967510595319,15.0,7.368993773751317,0,0,13.86819225837927
404,0.9077104821565481,27231.314464696443,9.600035160109648,15.0,7.550431689021979,0,0,13.86819225837927
405,0.9089519459923491,27268.55837977047,9.661659961328697,15.0,7.735671341610276,0,0,13.86819225837927
406,0.9101760430571595,27305.281291714786,9.724531248851765,15.0,7.924657841009353,0,0,13.86819225837927
407,0.9113824180485184,27341.47254145555,9.78863039255948,15.0,8.117335186440762,0,0,13.86819225837927
408,0.9125707209153969,27377.121627461907,9.853938398492197,15.0,8.313646283448758,0,0,13.86819225837927
409,0.9137406069619276,27412.218208857827,9.92043591447829,15.0,8.513532960818534,0,0,13.86819225837927
410,0.9148917369495436,27446.752108486307,9.988103235868643,15.0,8.716935987813697,0,0,13.86819225837927
411,0.9160237771975034,27480.713315925103,10.056920311375542,15.0,8.923795091727534,0,0,13.86819225837927
412,0.9171363996817674,27514.091990453024,10.12686674901433,15.0,9.13404897574319,0,0,13.86819225837927
413,0.9182292821321986,27546.878463965957,10.197921822145954,15.0,9.347635337097156,0,0,13.86819225837927
414,0.9193021081280575,27579.063243841723,10.27006447561876,15.0,9.564490885541018,0,0,13.86819225837927
415,0.9203545671917652,27610.637015752956,10.343273332007556,15.0,9.784551362095632,0,0,13.86819225837927
416,0.9213863548809048,27641.590646427143,10.417526697948214,15.0,10.007751558092494,0,0,13.86819225837927
417,0.9223971728784331,27671.915186352995,10.492802570565892,15.0,10.234025334496492,0,0,13.86819225837927
418,0.9233867290810797,27701.60187243239,10.569078643994944,15.0,10.46330564150427,0,0,13.86819225837927
419,0.9243547376859025,27730.642130577075,10.646332315988642,15.0,10.695524538412608,0,0,13.86819225837927
420,0.9253009192749777,27759.02757824933,10.724540694616703,15.0,10.93061321375064,0,0,13.86819225837927
421,0.9262250008981975,27786.750026945923,10.803680605048665,15.0,11.16850200567025,0,0,13.86819225837927
422,0.9271267161541507,27813.80148462452,10.88372859642109,15.0,11.40912042258834,0,0,13.86819225837927
423,0.9280058052690637,27840.174158071914,10.964660948786548,15.0,11.652397164074962,0,0,13.86819225837927
424,0.9288620151737769,27865.860455213307,11.04645368014238,15.0,11.898260141981314,0,0,13.86819225837927
425,0.9296950995787339,27890.852987362017,11.129082553537046,15.0,12.14663650180086,0,0,13.86819225837927
426,0.9305048190469636,27915.144571408906,11.212523084252089,15.0,12.397452644257806,0,0,13.86819225837927
427,0.9312909410650293,27938.728231950878,11.296750547057457,15.0,12.650634247116061,0,0,13.86819225837927
428,0.9320532401119285,27961.597203357855,11.38173998353815,15.0,12.906106287202618,0,0,13.86819225837927
429,0.9327914977259191,27983.74493177757,11.467466209489912,15.0,13.16379306263844,0,0,13.86819225837927
430,0.9335055025692542,28005.16507707763,11.553903822381875,15.0,13.423618215270647,0,0,13.86819225837927
431,0.9341950504908069,28025.851514724207,11.641027208883854,15.0,13.685504753299007,0,0,13.86819225837927
432,0.9348599445865633,28045.798337596898,11.72881055245616,15.0,13.949375074090355,0,0,13.86819225837927
433,0.9354999952579705,28064.999857739112,11.817227840999571,15.0,14.215150987173839,0,0,13.86819225837927
434,0.9361150202681183,28083.45060804355,11.906252874563286,15.0,14.482753737410482,0,0,13.86819225837927
435,0.9367048447957405,28101.145343872213,11.995859273108548,15.0,14.752104028330077,0,0,13.86819225837927
436,0.9372693014870168,28118.079044610506,12.086020484325596,15.0,15.023122045628345,0,0,13.86819225837927
437,0.937808230505165,28134.246915154952,12.17670979150172,15.0,15.295727480817732,0,0,13.86819225837927
438,0.9383214795778034,28149.6443873341,12.267900321437955,15.0,15.569839555024464,0,0,13.86819225837927
439,0.9388089040420721,28164.26712126216,12.359565052412243,15.0,15.84537704292517,0,0,13.86819225837927
440,0.9392703668874999,28178.111006624997,12.451676822186489,15.0,16.12225829681553,0,0,13.86819225837927
441,0.9397057387966039,28191.172163898118,12.544208336055398,15.0,16.400401270804515,0,0,13.86819225837927
442,0.9401148981832087,28203.44694549626,12.63713217493439,15.0,16.679723545126024,0,0,13.86819225837927
443,0.9404977312284746,28214.93193685424,12.730420803484577,15.0,16.960142350561995,0,0,13.86819225837927
444,0.9408541319146254,28225.623957438762,12.824046578271961,15.0,17.241574592968398,0,0,13.86819225837927
445,0.9411840020563633,28235.5200616909,12.917981755958866,15.0,17.52393687789798,0,0,13.86819225837927
446,0.9414872513299634,28244.6175398989,13.012198501524866,15.0,17.80714553531189,0,0,13.86819225837927
447,0.9417637973000385,28252.913919001152,13.106668896514872,15.0,18.091116644372754,0,0,13.86819225837927
448,0.9420135654439663,28260.40696331899,13.201364947312026,15.0,18.375766058312387,0,0,13.86819225837927
449,0.942236489173973,28267.09467521919,13.296258593432757,15.0,18.66100942936617,0,0,13.86819225837927
450,0.9424325098568632,28272.975295705895,13.391321715841755,15.0,18.946762233767245,0,0,13.86819225837927
451,0.9426015768313952,28278.047304941858,13.486526145284211,15.0,19.23293979679257,0,0,13.86819225837927
452,0.9427436474232933,28282.3094226988,13.581843670633013,15.0,19.519457317854048,0,0,13.86819225837927
453,0.942858686957892,28285.76060873676,13.677246047248271,15.0,19.80622989562661,0,0,13.86819225837927
454,0.9429466687704118,28288.400063112353,13.77270500534684,15.0,20.093172553206394,0,0,13.86819225837927
455,0.94300757421386,28290.2272264158,13.868192258379274,15.0,20.38020026329127,0,0,13.86819225837927
456,0.9430413926645563,28291.24177993669,13.963679511411698,15.0,20.667227973376107,0,0,13.86819225837927
457,0.9430481215252814,28291.44364575844,14.059138469510275,15.0,20.954170630955915,0,0,13.86819225837927
458,0.9430277662260457,28290.83298678137,14.154540846125522,15.0,21.240943208728456,0,0,13.86819225837927
459,0.9429803402224809,28289.410206674427,14.249858371474328,15.0,21.527460729789947,0,0,13.86819225837927
460,0.9429058649918527,28287.17594975558,14.345062800916786,15.0,21.813638292815273,0,0,13.86819225837927
461,0.9428043700266964,28284.131100800892,14.440125923325784,15.0,22.099391097216344,0,0,13.86819225837927
462,0.942675892826078,28280.27678478234,14.535019569446515,15.0,22.38463446827013,0,0,13.86819225837927
463,0.9425204788844819,28275.614366534457,14.629715620243667,15.0,22.66928388220977,0,0,13.86819225837927
464,0.9423381816783304,28270.14545034991,14.724186015233679,15.0,22.95325499127064,0,0,13.86819225837927
465,0.942129062650137,28263.87187950411,14.818402760799675,15.0,23.236463648684534,0,0,13.86819225837927
466,0.9418931911903005,28256.795735709013,14.912337938486584,15.0,23.51882593361414,0,0,13.86819225837927
467,0.9416306446165418,28248.919338496253,15.005963713273962,15.0,23.80025817602052,0,0,13.86819225837927
468,0.9413415081509945,28240.245244529833,15.099252341824144,15.0,24.080676981456477,0,0,13.86819225837927
469,0.9410258748949504,28230.776246848513,15.192176180703143,15.0,24.359999255778,0,0,13.86819225837927
470,0.9406838458012726,28220.51537403818,15.284707694572049,15.0,24.63814222976697,0,0,13.86819225837927
471,0.9403155296444803,28209.46588933441,15.376819464346294,15.0,24.915023483657343,0,0,13.86819225837927
472,0.9399210429885169,28197.631289655506,15.46848419532058,15.0,25.190560971558043,0,0,13.86819225837927
473,0.9395005101522095,28185.015304566285,15.559674725256816,15.0,25.464673045764766,0,0,13.86819225837927
474,0.9390540631724306,28171.621895172917,15.650364032432938,15.0,25.73727848095416,0,0,13.86819225837927
475,0.9385818417649726,28157.455252949178,15.740525243649996,15.0,26.008296498252452,0,0,13.86819225837927
476,0.9380839932831471,28142.519798494413,15.830131642195255,15.0,26.27764678917203,0,0,13.86819225837927
477,0.9375606726741211,28126.820180223633,15.919156675758973,15.0,26.545249539408687,0,0,13.86819225837927
478,0.9370120424330024,28110.36127299007,16.00757396430238,15.0,26.81102545249216,0,0,13.86819225837927
479,0.9364382725546888,28093.148176640665,16.095357307874686,15.0,27.074895773283508,0,0,13.86819225837927
480,0.9358395404834958,28075.186214504876,16.182480694376668,15.0,27.336782311311865,0,0,13.86819225837927
481,0.935216031060575,28056.480931817252,16.268918307268628,15.0,27.596607463944082,0,0,13.86819225837927
482,0.934567936469142,28037.03809407426,16.354644533220387,15.0,27.854294239379897,0,0,13.86819225837927
483,0.9338954561775284,28016.863685325854,16.43963396970108,15.0,28.10976627946646,0,0,13.86819225837927
484,0.9331987968800755,27995.963906402263,16.523861432506454,15.0,28.362947882324708,0,0,13.86819225837927
485,0.9324781724358849,27974.34517307655,16.607301963221495,15.0,28.61376402478166,0,0,13.86819225837927
486,0.9317338038054495,27952.014114163485,16.689930836616167,15.0,28.86214038460121,0,0,13.86819225837927
487,0.9309659189851763,27928.97756955529,16.771723567971993,15.0,29.108003362507556,0,0,13.86819225837927
488,0.930174752939827,27905.24258819481,16.852655920337455,15.0,29.351280103994185,0,0,13.86819225837927
489,0.9293605475328931,27880.81642598679,16.932703911709872,15.0,29.591898520912252,0,0,13.86819225837927
490,0.9285235514549257,27855.70654364777,17.011843822141834,15.0,29.82978731283187,0,0,13.86819225837927
491,0.927664020149844,27829.920604495317,17.090052200769893,15.0,30.064875988169895,0,0,13.86819225837927
492,0.9267822157392407,27803.46647217722,17.1673058727636,15.0,30.297094885078252,0,0,13.86819225837927
493,0.9258784069447111,27776.352208341334,17.243581946192645,15.0,30.526375192086014,0,0,13.86819225837927
494,0.924952869008224,27748.58607024672,17.318857818810326,15.0,30.752648968490025,0,0,13.86819225837927
495,0.924005883610562,27720.17650831686,17.39311118475098,15.0,30.975849164486874,0,0,13.86819225837927
496,0.9230377387878532,27691.132163635597,17.46632004113978,15.0,31.195909641041496,0,0,13.86819225837927
497,0.92204872884622,27661.461865386602,17.538462694612587,15.0,31.41276518948536,0,0,13.86819225837927
498,0.9210391542745701,27631.174628237102,17.609517767744215,15.0,31.62635155083933,0,0,13.86819225837927
499,0.9200093216555546,27600.279649666638,17.679464205382995,15.0,31.836605434854985,0,0,13.86819225837927
500,0.9189595435747214,27568.786307241644,17.7482812808899,15.0,32.043464538768816,0,0,13.86819225837927
501,0.9178901385278893,27536.704155836676,17.81594860228025,15.0,32.24686756576399,0,0,13.86819225837927
502,0.91680143082677,27504.0429248031,17.882446118266344,15.0,32.44675424313376,0,0,13.86819225837927
503,0.9156937505028693,27470.81251508608,17.94775412419906,15.0,32.64306534014176,0,0,13.86819225837927
504,0.91456743320969,27437.0229962907,18.011853267906776,15.0,32.835742685573166,0,0,13.86819225837927
505,0.9134228201232713,27402.684603698137,18.074724555429842,15.0,33.024729184972244,0,0,13.86819225837927
506,0.9122602578410904,27367.807735232713,18.136349356648893,15.0,33.20996883756054,0,0,13.86819225837927
507,0.9110800982793593,27332.40294838078,18.196709410805347,15.0,33.39140675283119,0,0,13.86819225837927
508,0.9098826985687429,27296.48095706229,18.25578683191249,15.0,33.56898916681418,0,0,13.86819225837927
509,0.9086684209485351,27260.05262845605,18.313564114055445,15.0,33.74266345800764,0,0,13.86819225837927
510,0.9074376326593179,27223.128979779536,18.370024136578586,15.0,33.91237816297097,0,0,13.86819225837927
511,0.9061907058341413,27185.72117502424,18.42515016915872,15.0,34.07808299157426,0,0,13.86819225837927
512,0.9049280173882517,27147.84052164755,18.47892587676269,15.0,34.239728841900686,0,0,13.86819225837927
513,0.9036499489074039,27109.498467222118,18.53133532448775,15.0,34.39726781479611,0,0,13.86819225837927
514,0.9023568865347892,27070.706596043674,18.582362982283453,15.0,34.55065322806296,0,0,13.86819225837927
515,0.901049220856612,27031.47662569836,18.63199372955352,15.0,34.69983963029291,0,0,13.86819225837927
516,0.899727346786352,26991.820403590562,18.68021285963643,15.0,34.84478281433529,0,0,13.86819225837927
517,0.8983916634477419,26951.749903432257,18.727006084163275,15.0,34.98543983039654,0,0,13.86819225837927
518,0.8970425740564983,26911.27722169495,18.77235953729175,15.0,35.12176899876716,0,0,13.86819225837927
519,0.8956804858008409,26870.414574025228,18.81625977981488,15.0,35.253729922172354,0,0,13.86819225837927
520,0.8943058097208334,26829.174291625,18.85869380314337,15.0,35.38128349774257,0,0,13.86819225837927
521,0.8929189605865835,26787.568817597505,18.899649033160305,15.0,35.504391928600526,0,0,13.86819225837927
522,0.8915203567753375,26745.610703260125,18.939113333947137,15.0,35.62301873506125,0,0,13.86819225837927
523,0.8901104201475063,26703.312604425188,18.97707501137984,15.0,35.737128765441824,0,0,13.86819225837927
524,0.8886895759216588,26660.687277649762,19.013522816594104,15.0,35.84668820647755,0,0,13.86819225837927
525,0.8872582525485206,26617.74757645562,19.048445949318648,15.0,35.951664593341576,0,0,13.86819225837927
526,0.885816881584015,26574.50644752045,19.081834061075533,15.0,36.052026819264874,0,0,13.86819225837927
527,0.8843658975613834,26530.9769268415,19.11367725824667,15.0,36.14774514475392,0,0,13.86819225837927
528,0.8829057378624234,26487.172135872705,19.143966105005518,15.0,36.23879120640311,0,0,13.86819225837927
529,0.8814368425878845,26443.105277636532,19.17269162611307,15.0,36.32513802529941,0,0,13.86819225837927
530,0.8799596544270545,26398.789632811633,19.199845309577505,15.0,36.4067600150169,0,0,13.86819225837927
531,0.8784746185265832,26354.238555797496,19.225419109176364,15.0,36.48363298919846,0,0,13.86819225837927
532,0.876982182358575,26309.465470757248,19.249405446840914,15.0,36.55573416872281,0,0,13.86819225837927
533,0.8754827955879928,26264.483867639785,19.27179721490163,15.0,36.62304218845435,0,0,13.86819225837927
534,0.8739769099394138,26219.307298182415,19.292587778194378,15.0,36.68553710357423,0,0,13.86819225837927
535,0.8724649790631724,26173.949371895174,19.31177097602656,15.0,36.743200395490334,0,0,13.86819225837927
536,0.8709474584009346,26128.423752028037,19.329341124002653,15.0,36.796014977324816,0,0,13.86819225837927
537,0.8694248050507404,26082.744151522213,19.34529301570862,15.0,36.84396519897723,0,0,13.86819225837927
538,0.8678974776315564,26036.924328946694,19.359621924254675,15.0,36.88703685176205,0,0,13.86819225837927
539,0.8663659361473769,25990.978084421306,19.37232360367597,15.0,36.92521717261899,0,0,13.86819225837927
540,0.8648306418509136,25944.91925552741,19.38339429019077,15.0,36.958494847895,0,0,17.86819225837927
541,0.8631056080937908,25893.168242813725,24.986301097151227,15.0,36.98686001669668,0,0,17.86819225837927
542,0.8613776722434806,25841.33016730442,24.996350003811056,15.0,37.01030427381235,0,0,17.86819225837927
543,0.8596473142390403,25789.419427171208,25.004286683492673,15.0,37.02882067220267,0,0,17.86819225837927
544,0.8579150147372636,25737.450442117908,25.010108784386595,15.0,37.04240372505919,0,0,17.86819225837927
545,0.8561812549702522,25685.437649107567,25.01381458127868,15.0,37.05104940743017,0,0,17.86819225837927
546,0.8544465166028155,25633.395498084465,25.01540297606133,15.0,37.05475515741335,0,0,17.86819225837927
547,0.8527112815897435,25581.338447692306,25.014873498058897,15.0,37.05351987691503,0,0,17.86819225837927
548,0.8509760320329932,25529.280960989796,25.012226304167125,15.0,37.04734393197549,0,0,17.86819225837927
549,0.8492412500388308,25477.237501164924,25.007462178806705,15.0,37.036229152660496,0,0,17.86819225837927
550,0.8475074175749739,25425.222527249218,25.000582533690803,15.0,37.02017883251904,0,0,17.86819225837927
551,0.8457750163277737,25373.25048983321,24.991589407406735,15.0,36.99919772760737,0,0,17.86819225837927
552,0.844044527559481,25321.33582678443,24.980485464811903,15.0,36.973292055079696,0,0,17.86819225837927
553,0.8423164319656378,25269.492958969135,24.967273996244153,15.0,36.942469491345854,0,0,17.86819225837927
554,0.840591209532637,25217.73628597911,24.951958916546737,15.0,36.906739169796694,0,0,17.86819225837927
555,0.8388693393954919,25166.080181864756,24.934544763908306,15.0,36.86611167809761,0,0,17.86819225837927
556,0.837151299695858,25114.53899087574,24.9150366985181,15.0,36.82059905505122,0,0,17.86819225837927
557,0.8354375674403496,25063.127023210487,24.893440501036935,15.0,36.770214787029964,0,0,17.86819225837927
558,0.8337286183591923,25011.85855077577,24.869762570884184,15.0,36.71497380397983,0,0,17.86819225837927
559,0.8320249267652543,24960.74780295763,24.84400992434158,15.0,36.654892474996316,0,0,17.86819225837927
560,0.8303269654134964,24909.80896240489,24.816190192474078,15.0,36.58998860347384,0,0,17.86819225837927
561,0.8286352053608851,24859.056160826553,24.786311618868623,15.0,36.52028142183029,0,0,17.86819225837927
562,0.8269501158268081,24808.50347480424,24.75438305719142,15.0,36.44579158580799,0,0,17.86819225837927
563,0.8252721640540345,24758.164921621035,24.720413968564344,15.0,36.36654116835296,0,0,17.86819225837927
564,0.8236018151702609,24708.054455107827,24.68441441876149,15.0,36.282553653074274,0,0,17.86819225837927
565,0.8219395320502836,24658.18596150851,24.6463950752264,15.0,36.1938539272853,0,0,17.86819225837927
566,0.8202857751788389,24608.57325536517,24.606367203911073,15.0,36.10046827462909,0,0,17.86819225837927
567,0.8186410025141521,24559.230075424563,24.564342665937666,15.0,36.00242436728993,0,0,17.86819225837927
568,0.8170056693522335,24510.170080567004,24.52033391408373,15.0,35.89975125779357,0,0,17.86819225837927
569,0.8153802281919654,24461.406845758964,24.47435398909224,15.0,35.79247937039819,0,0,17.86819225837927
570,0.8137651286010167,24412.9538580305,24.426416515807293,15.0,35.68064049207915,0,0,17.86819225837927
571,0.8121608170826259,24364.824512478775,24.376535699136788,15.0,35.56426776310977,0,0,17.86819225837927
572,0.8105677369432925,24317.032108298776,24.324726319843236,15.0,35.44339566724117,0,0,17.86819225837927
573,0.8089863281614164,24269.589844842492,24.271003730163866,15.0,35.31806002148402,0,0,17.86819225837927
574,0.8074170272569223,24222.51081770767,24.215383849261404,15.0,35.18829796549508,0,0,17.86819225837927
575,0.8058602671619095,24175.808014857284,24.157883158506955,15.0,35.054147950572066,0,0,17.86819225837927
576,0.8043164770923648,24129.49431277094,24.098518696596148,15.0,34.91564972825957,0,0,17.86819225837927
577,0.8027860824209762,24083.582472629285,24.037308054500247,15.0,34.772844338569925,0,0,17.86819225837927
578,0.8012695045510867,24038.0851365326,23.97426937025353,15.0,34.625774097822074,0,0,17.86819225837927
579,0.7997671607918226,23993.01482375468,23.909421323578627,15.0,34.47448258610238,0,0,17.86819225837927
580,0.798279464234436,23948.38392703308,23.842783130351297,15.0,34.319014634350914,0,0,17.86819225837927
581,0.796806823629897,23904.20470889691,23.77437453690638,15.0,34.15941631107706,0,0,17.86819225837927
582,0.7953496432677718,23860.489298033153,23.70421581418648,15.0,33.995734908708414,0,0,17.86819225837927
583,0.7939083228564232,23817.249685692695,23.632327751735282,15.0,33.828018929577,0,0,17.86819225837927
584,0.7924832574045685,23774.497722137054,23.55873165153718,15.0,33.65631807154709,0,0,17.86819225837927
585,0.7910748371042292,23732.245113126875,23.483449321704988,15.0,33.48068321328851,0,0,17.86819225837927
586,0.7896834472151096,23690.503416453288,23.40650307001776,15.0,33.30116639920026,0,0,17.86819225837927
587,0.7883094679504357,23649.28403851307,23.327915697310495,15.0,33.11782082398864,0,0,17.86819225837927
588,0.7869532743642892,23608.598230928677,23.2477104907178,15.0,32.93070081690453,0,0,17.86819225837927
589,0.7856152362404721,23568.457087214163,23.165911216773356,15.0,32.73986182564441,0,0,17.86819225837927
590,0.7842957179829304,23528.87153948791,23.082542114367396,15.0,32.545360399920014,0,0,17.86819225837927
591,0.7829950785077745,23489.852355233234,22.997627887564214,15.0,32.347254174701455,0,0,17.86819225837927
592,0.7817136711369238,23451.410134107715,22.911193698281817,15.0,32.14560185313877,0,0,17.86819225837927
593,0.7804518434934105,23413.555304802314,22.8232651588359,15.0,31.940463189166877,0,0,17.86819225837927
594,0.7792099373983706,23376.29812195112,22.733868324350347,15.0,31.731898969799133,0,0,17.86819225837927
595,0.7779882887697559,23339.648663092677,22.643029685036556,15.0,31.519970997114932,0,0,17.86819225837927
596,0.7767872275227932,23303.616825683795,22.550776158343805,15.0,31.304742069946336,0,0,17.86819225837927
597,0.775607077472224,23268.21232416672,22.45713508098307,15.0,31.086275965269525,0,0,17.86819225837927
598,0.7744481562363511,23233.444687090534,22.362134200826496,15.0,30.864637419306185,0,0,17.86819225837927
599,0.7733107751429211,23199.323254287632,22.265801668685164,15.0,30.639892108340824,0,0,17.86819225837927
600,0.7721952391368716,23165.85717410615,22.16816602996737,15.0,30.412106629259473,0,0,17.86819225837927
601,0.7711018466899696,23133.05540069909,22.069256216220023,15.0,30.181348479815632,0,0,17.86819225837927
602,0.7700308897123676,23100.926691371027,21.969101536555588,15.0,29.947686038629136,0,0,17.86819225837927
603,0.7689826534661038,23069.479603983116,21.867731668967142,15.0,29.711188544924134,0,0,17.86819225837927
604,0.7679574164805743,23038.722494417227,21.765176651534226,15.0,29.471926078012082,0,0,17.86819225837927
605,0.7669554504699966,23008.6635140999,21.6614668735218,15.0,29.229969536525616,0,0,17.86819225837927
606,0.7659770202528974,22979.310607586922,21.556633066375344,15.0,28.985390617409827,0,0,17.86819225837927
607,0.7650223836736391,22950.671510209173,21.450706294614392,15.0,28.738261794676866,0,0,17.86819225837927
608,0.7640917915260158,22922.753745780476,21.343717946627528,15.0,28.488656297930447,0,0,17.86819225837927
609,0.7631854874789379,22895.564624368137,21.235699725371237,15.0,28.236648090666122,0,0,17.86819225837927
610,0.7623037080042269,22869.111240126807,21.126683638975738,15.0,27.982311848354563,0,0,17.86819225837927
611,0.7614466823065448,22843.400469196342,21.016701991260142,15.0,27.725722936313296,0,0,17.86819225837927
612,0.7606146322554747,22818.43896766424,20.90578737216029,15.0,27.466957387374677,0,0,17.86819225837927
613,0.7598077723197768,22794.233169593303,20.793972648071556,15.0,27.20609187935542,0,0,17.86819225837927
614,0.7590263095038365,22770.789285115097,20.681290952109848,15.0,26.943203712335546,0,0,17.86819225837927
615,0.7582704432863248,22748.113298589742,20.567775674293546,15.0,26.6783707857525,0,0,17.86819225837927
616,0.7575403655610875,22726.210966832627,20.453460451649313,15.0,26.411671575317968,0,0,17.86819225837927
617,0.7568362605802843,22705.08781740853,20.338379158244773,15.0,26.143185109763902,0,0,17.86819225837927
618,0.7561583048997896,22684.74914699369,20.2225658951508,15.0,25.872990947424427,0,0,17.86819225837927
619,0.7555066673268761,22665.20001980628,20.10605498033671,15.0,25.601169152661107,0,0,17.86819225837927
620,0.754881508870193,22646.44526610579,19.988880938501058,15.0,25.327800272138106,0,0,17.86819225837927
621,0.7542829826920563,22628.489480761687,19.87107849084129,15.0,25.052965310954555,0,0,17.86819225837927
622,0.7537112340630625,22611.337021891875,19.75268254476501,15.0,24.77674570864086,0,0,17.86819225837927
623,0.7531664003190429,22594.992009571288,19.63372818354625,15.0,24.499223315026477,0,0,17.86819225837927
624,0.7526486108203673,22579.45832461102,19.514250655929466,15.0,24.22048036598604,0,0,17.86819225837927
625,0.752157986913612,22564.73960740836,19.39428536568463,15.0,23.940599459071144,0,0,17.86819225837927
626,0.7516946418956021,22550.83925686806,19.273867861116344,15.0,23.65966352903489,0,0,17.86819225837927
627,0.7512586809798389,22537.76042939517,19.153033824529977,15.0,23.377755823256322,0,0,17.86819225837927
628,0.7508502012653241,22525.506037959723,19.031819061658418,15.0,23.094959877072817,0,0,17.86819225837927
629,0.7504692917077854,22514.078751233563,18.910259491051917,15.0,22.811359489026408,0,0,17.86819225837927
630,0.7501160330933185,22503.480992799556,18.78839113343473,15.0,22.527038696032733,0,0,17.86819225837927
631,0.749790498014448,22493.714940433438,18.666250101031345,15.0,22.242081748478867,0,0,17.86819225837927
632,0.7494927508486161,22484.782525458482,18.543872586865685,15.0,21.95657308525825,0,0,17.86819225837927
633,0.7492228477391071,22476.685432173213,18.421294854036304,15.0,21.670597308749535,0,0,17.86819225837927
634,0.7489808365784103,22469.42509735231,18.298553224970917,15.0,21.384239159747235,0,0,17.86819225837927
635,0.7487667569940286,22463.00270982086,18.175684070663173,15.0,21.097583492350985,0,0,17.86819225837927
636,0.7485806403367362,22457.419210102085,18.05272379989522,15.0,20.810715248821538,0,0,17.86819225837927
637,0.7484225096712881,22452.675290138643,17.929708848449017,15.0,20.523719434410623,0,0,17.86819225837927
638,0.7482923797695865,22448.771393087594,17.806675668309534,15.0,20.236681092171914,0,0,17.86819225837927
639,0.7481902571063024,22445.707713189073,17.68366071686333,15.0,19.949685277761006,0,0,17.86819225837927
640,0.7481161398569581,22443.484195708745,17.560700446095375,15.0,19.66281703423155,0,0,17.86819225837927
641,0.7480700178984673,22442.100536954018,17.43783129178763,15.0,19.376161366835298,0,0,17.86819225837927
642,0.7480518728121343,22441.556184364028,17.31508966272224,15.0,19.089803217833,0,0,17.86819225837927
643,0.7480616778891132,22441.850336673393,17.192511929892873,15.0,18.803827441324316,0,0,17.86819225837927
644,0.7480993981383206,22442.98194414962,17.070134415727203,15.0,18.51831877810367,0,0,17.86819225837927
645,0.7481649902968059,22444.94970890418,16.947993383323805,15.0,18.23336183054977,0,0,17.86819225837927
646,0.7482584028425701,22447.7520852771,16.82612502570662,15.0,17.9490410375561,0,0,17.86819225837927
647,0.7483795760098324,22451.387280294974,16.704565455100127,15.0,17.66544064950972,0,0,17.86819225837927
648,0.7485284418067416,22455.853254202248,16.58335069222857,15.0,17.382644703326214,0,0,17.86819225837927
649,0.7487049240355222,22461.147721065667,16.462516655642204,15.0,17.10073699754765,0,0,17.86819225837927
650,0.748908938315054,22467.268149451622,16.342099151073903,15.0,16.81980106751136,0,0,17.86819225837927
651,0.7491403921058759,22474.211763176278,16.222133860829086,15.0,16.539920160596495,0,0,17.86819225837927
652,0.7493991847376075,22481.975542128224,16.10265633321231,15.0,16.261177211556088,0,0,17.86819225837927
653,0.7496852074387799,22490.556223163396,15.983701971993536,15.0,15.983654817941678,0,0,17.86819225837927
654,0.7499983433690667,22499.950301072,15.865306025917262,15.0,15.707435215627978,0,0,17.86819225837927
655,0.7503384676539068,22510.154029617202,15.74750357825749,15.0,15.432600254444429,0,0,17.86819225837927
656,0.750705447421507,22521.16342264521,15.630329536421836,15.0,15.159231373921427,0,0,17.86819225837927
657,0.7510991418422154,22532.97425526646,15.513818621607747,15.0,14.88740957915811,0,0,17.86819225837927
658,0.7515194021702513,22545.582065107537,15.398005358513775,15.0,14.617215416818633,0,0,17.86819225837927
659,0.7519660717877824,22558.98215363347,15.282924065109235,15.0,14.348728951264569,0,0,17.86819225837927
660,0.7524389862513342,22573.169587540026,15.168608842465002,15.0,14.082029740830038,0,0,17.86819225837927
661,0.752937973340518,22588.13920021554,15.0550935646487,15.0,13.817196814246994,0,0,17.86819225837927
662,0.753462853109063,22603.88559327189,14.942411868686982,15.0,13.554308647227092,0,0,17.86819225837927
663,0.7540134379381391,22620.403138144175,14.830597144598263,15.0,13.293443139207884,0,0,17.86819225837927
664,0.7545895325919518,22637.685977758556,14.71968252549841,15.0,13.034677590269236,0,0,17.86819225837927
665,0.7551909342755951,22655.728028267855,14.609700877782823,15.0,12.778088678227995,0,0,17.86819225837927
666,0.7558174326951437,22674.52298085431,14.500684791387298,15.0,12.52375243591639,0,0,17.86819225837927
667,0.756468810119968,22694.06430359904,14.392666570131022,15.0,12.27174422865209,0,0,17.86819225837927
668,0.757144841447252,22714.34524341756,14.285678222144158,15.0,12.022138731905667,0,0,17.86819225837927
669,0.7578452942686965,22735.358828060896,14.179751450383206,15.0,11.77500990917271,0,0,17.86819225837927
670,0.7585699289393867,22757.0978681816,14.074917643236747,15.0,11.53043099005692,0,0,17.86819225837927
671,0.7593184986488036,22779.55495946411,13.971207865224322,15.0,11.288474448570454,0,0,17.86819225837927
672,0.7600907494939599,22802.722484818798,13.868652847791406,15.0,11.049211981658406,0,0,17.86819225837927
673,0.7608864205546365,22826.592616639096,13.76728298020296,15.0,10.812714487953397,0,0,17.86819225837927
674,0.7617052439706994,22851.157319120983,13.667128300538524,15.0,10.5790520467669,0,0,17.86819225837927
675,0.7625469450214716,22876.408350644146,13.56821848679118,15.0,10.348293897323064,0,0,17.86819225837927
676,0.7634112422071391,22902.337266214174,13.470582848073391,15.0,10.120508418241734,0,0,17.86819225837927
677,0.7642978473321662,22928.935419964986,13.374250315932052,15.0,9.895763107276354,0,0,17.86819225837927
678,0.7652064655906925,22956.193967720774,13.27924943577547,15.0,9.674124561312986,0,0,17.86819225837927
679,0.7661367956538915,22984.103869616745,13.185608358414743,15.0,9.455658456636199,0,0,17.86819225837927
680,0.7670885297592605,23012.655892777813,13.093354831721992,15.0,9.240429529467598,0,0,17.86819225837927
681,0.7680613538018166,23041.840614054498,13.002516192408201,15.0,9.028501556783397,0,0,17.86819225837927
682,0.7690549474271738,23071.648422815215,12.913119357922637,15.0,8.819937337415636,0,0,17.86819225837927
683,0.7700689841264706,23102.069523794118,12.82519081847672,15.0,8.614798673443739,0,0,17.86819225837927
684,0.771103131333121,23133.093939993632,12.738756629194333,15.0,8.413146351881075,0,0,17.86819225837927
685,0.7721570505213624,23164.711515640873,12.65384240239116,15.0,8.215040126662544,0,0,17.86819225837927
686,0.7732303973065664,23196.91191919699,12.570473299985192,15.0,8.020538700938127,0,0,17.86819225837927
687,0.774322821547289,23229.68464641867,12.488674026040746,15.0,7.829699709678,0,0,17.86819225837927
688,0.7754339674490244,23263.01902347073,12.408468819448053,15.0,7.6425797025938955,0,0,17.86819225837927
689,0.776563473669634,23296.90421008902,12.329881446740789,15.0,7.459234127382274,0,0,17.86819225837927
690,0.7777109734264213,23331.329202792636,12.252935195053558,15.0,7.279717313294025,0,0,17.86819225837927
691,0.7788760946048159,23366.282838144478,12.177652865221367,15.0,7.104082455035442,0,0,17.86819225837927
692,0.7800584598686406,23401.75379605922,12.104056765023262,15.0,6.9323815970055325,0,0,17.86819225837927
693,0.7812576867719232,23437.730603157695,12.032168702572065,15.0,6.7646656178741225,0,0,17.86819225837927
694,0.7824733878722235,23474.201636166705,11.962009979852168,15.0,6.600984215505472,0,0,17.86819225837927
695,0.7837051708454417,23511.15512536325,11.893601386407246,15.0,6.441385892231615,0,0,17.86819225837927
696,0.7849526386020717,23548.579158062148,11.826963193179925,15.0,6.285917940480159,0,0,17.86819225837927
697,0.7862153894048676,23586.461682146026,11.762115146505016,15.0,6.134626428760457,0,0,17.86819225837927
698,0.7874930169878872,23624.790509636616,11.699076462258299,15.0,5.98755618801261,0,0,17.86819225837927
699,0.7887851106768772,23663.553320306317,11.63786582016239,15.0,5.84475079832295,0,0,17.86819225837927
700,0.790091255510965,23702.73766532895,11.578501358251588,15.0,5.706252576010466,0,0,17.86819225837927
701,0.7914110323656203,23742.330970968607,11.52100066749714,15.0,5.572102561087452,0,0,17.86819225837927
702,0.7927440180768508,23782.320542305522,11.465380786594679,15.0,5.442340505098511,0,0,17.86819225837927
703,0.794089785566595,23822.693566997852,11.411658196915301,15.0,5.317004859341353,0,0,17.86819225837927
704,0.7954479039692748,23863.437119078244,11.359848817621755,15.0,5.1961327634727645,0,0,17.86819225837927
705,0.7968179387594698,23904.538162784094,11.309968000951258,15.0,5.079760034503389,0,0,17.86819225837927
706,0.798199451880677,23945.98355642031,11.262030527666305,15.0,4.967921156184338,0,0,17.86819225837927
707,0.7995920018751159,23987.76005625348,11.216050602674812,15.0,4.86064926878896,0,0,17.86819225837927
708,0.8009951440145427,24029.854320436283,11.172041850820882,15.0,4.757976159292593,0,0,17.86819225837927
709,0.802408430432032,24072.25291296096,11.130017312847468,15.0,4.659932251953441,0,0,17.86819225837927
710,0.8038314102546903,24114.942307640707,11.089989441532145,15.0,4.5665465992972285,0,0,17.86819225837927
711,0.8052636297372583,24157.90889211775,11.05197009799705,15.0,4.477846873508254,0,0,17.86819225837927
712,0.8067046323965669,24201.138971897006,11.015970548194199,15.0,4.393859358229569,0,0,17.86819225837927
713,0.8081539591468014,24244.618774404044,10.982001459567131,15.0,4.314608940774535,0,0,17.86819225837927
714,0.8096111484355399,24288.3344530662,10.95007289788992,15.0,4.2401191047522335,0,0,17.86819225837927
715,0.8110757363805206,24332.272091415616,10.92019432428447,15.0,4.170411923108684,0,0,17.86819225837927
716,0.8125472569070995,24376.417707212986,10.892374592416964,15.0,4.105508051586214,0,0,17.86819225837927
717,0.8140252418863599,24420.757256590798,10.866621945874359,15.0,4.045426722602693,0,0,17.86819225837927
718,0.8155092212738277,24465.276638214833,10.842944015721613,15.0,3.9901857395525706,0,0,17.86819225837927
719,0.8169987232487568,24509.961697462702,10.821347818240438,15.0,3.9398014715313066,0,0,17.86819225837927
720,0.8184932743539386,24554.79823061816,10.801839752850242,15.0,3.8942888484849156,0,0,17.86819225837927
721,0.8199923996359988,24599.771989079964,10.784425600211806,15.0,3.8536613567858358,0,0,17.86819225837927
722,0.8214956227861354,24644.868683584064,10.769110520514392,15.0,3.8179310352366738,0,0,17.86819225837927
723,0.82300246628126,24690.073988437798,10.75589905194664,15.0,3.787108471502833,0,0,17.86819225837927
724,0.8245124515254973,24735.37354576492,10.744795109351813,15.0,3.761202798975148,0,0,17.86819225837927
725,0.8260250989920045,24780.752969760135,10.735801983067743,15.0,3.740221694063481,0,0,17.86819225837927
726,0.8275399283650647,24826.197850951943,10.728922337951836,15.0,3.7241713739220224,0,0,17.86819225837927
727,0.829056458682415,24871.693760472448,10.72415821259142,15.0,3.7130565946070324,0,0,17.86819225837927
728,0.8305742084777656,24917.22625433297,10.721511018699648,15.0,3.706880649667492,0,0,17.86819225837927
729,0.8320926959234698,24962.780877704095,10.72098154069721,15.0,3.7056453691691775,0,0,17.86819225837927
730,0.8336114389732987,25008.34316919896,10.72256993547986,15.0,3.7093511191523594,0,0,17.86819225837927
731,0.8351299555052824,25053.89866515847,10.726275732371946,15.0,3.71799680152334,0,0,17.86819225837927
732,0.836647763464573,25099.43290393719,10.732097833265868,15.0,3.7315798543798446,0,0,17.86819225837927
733,0.8381643810062887,25144.93143018866,10.740034512947487,15.0,3.7500962527701693,0,0,17.86819225837927
734,0.839679326638293,25190.37979914879,10.750083419607318,15.0,3.773540509885844,0,0,17.86819225837927
735,0.8411921193638733,25235.7635809162,10.762241575537448,15.0,3.801905678687531,0,0,17.86819225837927
736,0.8427022788242692,25281.068364728075,10.77650537801388,15.0,3.8351833539635294,0,0,17.86819225837927
737,0.8442093254410136,25326.279763230406,10.792870600364102,15.0,3.873363674820476,0,0,17.86819225837927
738,0.8457127805580421,25371.383416741264,10.811332393219542,15.0,3.9164353276052943,0,0,17.86819225837927
739,0.8472121665835297,25416.36499750589,10.83188528595254,15.0,3.9643855492577083,0,0,17.86819225837927
740,0.8487070071314103,25461.21021394231,10.854523188297406,15.0,4.017200131092184,0,0,17.86819225837927
741,0.8501968271625415,25505.904814876245,10.879239392155114,15.0,4.074863423008294,0,0,17.86819225837927
742,0.8516811531254679,25550.434593764036,10.906026573581041,15.0,4.137358338128172,0,0,17.86819225837927
743,0.8531595130967453,25594.78539290236,10.934876794955217,15.0,4.204666357859721,0,0,17.86819225837927
744,0.8546314369207817,25638.94310762345,10.965781507334405,15.0,4.276767537384055,0,0,17.86819225837927
745,0.8560964563491542,25682.893690474626,10.998731552985355,15.0,4.353640511565616,0,0,17.86819225837927
746,0.8575541051793616,25726.623155380847,11.033717168098413,15.0,4.435262501283102,0,0,17.86819225837927
747,0.8590039193929697,25770.11758178909,11.07072798568078,15.0,4.521609320179419,0,0,17.86819225837927
748,0.8604454372931105,25813.363118793317,11.10975303862844,15.0,4.612655381828596,0,0,17.86819225837927
749,0.8618781996412928,25856.345989238784,11.150780762975973,15.0,4.708373707317641,0,0,17.86819225837927
750,0.8633017497934842,25899.052493804524,11.193799001323207,15.0,4.808735933240935,0,0,17.86819225837927
751,0.8647156338354246,25941.46901506274,11.238795006437723,15.0,4.91371232010497,0,0,17.86819225837927
752,0.8661194007171317,25983.58202151395,11.285755445032084,15.0,5.023271761140686,0,0,17.86819225837927
753,0.8675126023865555,26025.378071596664,11.334666401714864,15.0,5.1373817915212605,0,0,17.86819225837927
754,0.8688947939223466,26066.843817670397,11.385513383114024,15.0,5.256008597982012,0,0,17.86819225837927
755,0.8702655336656956,26107.966009970867,11.438281322171582,15.0,5.37911702883996,0,0,17.86819225837927
756,0.8716243833512067,26148.731500536203,11.49295458260838,15.0,5.506670604410166,0,0,17.86819225837927
757,0.8729709082367649,26189.127247102948,11.549516963557403,15.0,5.638631527815344,0,0,17.86819225837927
758,0.874304677232359,26229.14031697077,11.607951704364481,15.0,5.774960696185994,0,0,17.86819225837927
759,0.8756252630278235,26268.757890834706,11.668241489554758,15.0,5.915617712247238,0,0,17.86819225837927
760,0.8769322422194598,26307.967266583793,11.730368453963731,15.0,6.060560896289614,0,0,17.86819225837927
761,0.8782251954354993,26346.755863064976,11.794314188031045,15.0,6.209747298519561,0,0,17.86819225837927
762,0.8795037074603728,26385.111223811182,11.86005974325563,15.0,6.363132711786406,0,0,17.86819225837927
763,0.8807673673577479,26423.021020732434,11.927585637810559,15.0,6.52067168468184,0,0,17.86819225837927
764,0.8820157685922979,26460.473057768937,11.996871862315952,15.0,6.6823175350082415,0,0,17.86819225837927
765,0.8832485091501675,26497.455274505024,12.067897885768183,15.0,6.848022363611571,0,0,17.86819225837927
766,0.8844651916580974,26533.955749742923,12.140642661623612,15.0,7.017737068574876,0,0,17.86819225837927
767,0.8856654235011756,26569.96270503527,12.215084634035208,15.0,7.191411359768352,0,0,17.86819225837927
768,0.8868488169391767,26605.4645081753,12.291201744239947,15.0,7.368993773751317,0,0,17.86819225837927
769,0.8880149892214583,26640.449676643748,12.368971437095349,15.0,7.550431689021986,0,0,17.86819225837927
770,0.8891635627003781,26674.906881011342,12.448370667762996,15.0,7.7356713416102725,0,0,17.86819225837927
771,0.8902941649431991,26708.824948295973,12.529375908537272,15.0,7.92465784100934,0,0,17.86819225837927
772,0.8914064288424492,26742.19286527348,12.611963155817095,15.0,8.117335186440751,0,0,17.86819225837927
773,0.8924999927247036,26774.99978174111,12.696107937218736,15.0,8.313646283448755,0,0,17.86819225837927
774,0.893574500457756,26807.23501373268,12.781785318827449,15.0,8.513532960818532,0,0,17.86819225837927
775,0.8946296015561481,26838.888046684442,12.868969912586003,15.0,8.716935987813685,0,0,17.86819225837927
776,0.8956649512850265,26869.948538550798,12.957635883817678,15.0,8.923795091727541,0,0,17.86819225837927
777,0.896680210762295,26900.40632286885,13.047756958881612,15.0,9.134048975743186,0,0,17.86819225837927
778,0.8976750470590324,26930.251411770972,13.139306432958303,15.0,9.347635337097152,0,0,17.86819225837927
779,0.8986491332981463,26959.47399894439,13.232257177962781,15.0,9.564490885541002,0,0,17.86819225837927
780,0.8996021487512349,26988.064462537048,13.326581650583268,15.0,9.784551362095629,0,0,17.86819225837927
781,0.9005337789336246,27016.01336800874,13.422251900442824,15.0,10.007751558092487,0,0,17.86819225837927
782,0.9014437156975592,27043.311470926776,13.519239578381686,15.0,10.234025334496476,0,0,17.86819225837927
783,0.9023316573235103,27069.94971970531,13.617515944857715,15.0,10.463305641504252,0,0,17.86819225837927
784,0.9031973086095839,27095.91925828752,13.71705187846256,15.0,10.695524538412608,0,0,17.86819225837927
785,0.9040403809589946,27121.21142876984,13.81781788455091,15.0,10.930613213750636,0,0,17.86819225837927
786,0.9048605924655834,27145.8177739675,13.919784103980463,15.0,11.168502005670234,0,0,17.86819225837927
787,0.905657667997352,27169.73003992056,14.022920321959816,15.0,11.40912042258835,0,0,17.86819225837927
788,0.9064313392779912,27192.940178339737,14.127195977001673,15.0,11.652397164074973,0,0,17.86819225837927
789,0.9071813449663764,27215.44034899129,14.232580169979002,15.0,11.898260141981286,0,0,17.86819225837927
790,0.9079074307340086,27237.222922020257,14.33904167328107,15.0,12.146636501800831,0,0,17.86819225837927
791,0.9086093493403776,27258.280480211328,14.446548940066831,15.0,12.397452644257815,0,0,17.86819225837927
792,0.9092868607062249,27278.605821186746,14.555070113612901,15.0,12.65063424711607,0,0,17.86819225837927
793,0.9099397319846836,27298.19195954051,14.664573036753492,15.0,12.906106287202615,0,0,17.86819225837927
794,0.9105677376302769,27317.032128908308,14.775025261409208,15.0,13.163793062638408,0,0,17.86819225837927
795,0.9111706594657516,27335.119783972546,14.886394058202171,15.0,13.423618215270658,0,0,17.86819225837927
796,0.9117482867467285,27352.448602401855,14.9986464261543,15.0,13.68550475329902,0,0,17.86819225837927
797,0.9123004162241511,27369.012486724536,15.111749102466387,15.0,13.949375074090353,0,0,17.86819225837927
798,0.9128268522045125,27384.805566135376,15.225668572374499,15.0,14.215150987173848,0,0,17.86819225837927
799,0.9133274066078432,27399.822198235295,15.340371079081095,15.0,14.482753737410492,0,0,17.86819225837927
800,0.9138018990234436,27414.056970703306,15.455822633757965,15.0,14.752104028330074,0,0,17.86819225837927
801,0.9142501567633435,27427.504702900307,15.57198902561781,15.0,15.02312204562834,0,0,17.86819225837927
802,0.9146720149134736,27440.160447404207,15.68883583205166,15.0,15.295727480817742,0,0,17.86819225837927
803,0.9150673163825322,27452.019491475967,15.806328428828984,15.0,15.569839555024476,0,0,17.86819225837927
804,0.915435911948536,27463.07735845608,15.924432000357669,15.0,15.845377042925152,0,0,17.86819225837927
805,0.9157776603030369,27473.329809091105,16.0431115500006,15.0,16.122258296815556,0,0,17.86819225837927
806,0.9160924280929945,27482.772842789836,16.16233191044588,15.0,16.400401270804508,0,0,17.86819225837927
807,0.9163800899602927,27491.402698808783,16.282057754127727,15.0,16.679723545126034,0,0,17.86819225837927
808,0.916640528578885,27499.21585736655,16.402253603694778,15.0,16.96014235056198,0,0,17.86819225837927
809,0.9168736346895608,27506.209040686826,16.52288384252277,15.0,17.24157459296839,0,0,17.86819225837927
810,0.9170793071323218,27512.379213969652,16.6439127252685,15.0,17.52393687789798,0,0,21.86819225837927
811,0.9171323493467927,27513.97048040378,20.518410275399155,15.0,17.80714553531187,0,0,21.86819225837927
812,0.9171568717192264,27514.706151576793,20.667376825752413,15.0,18.091116644372732,0,0,21.86819225837927
813,0.9171527953879437,27514.58386163831,20.816699203634094,15.0,18.375766058312383,0,0,21.86819225837927
814,0.917120049965678,27513.60149897034,20.96633316160096,15.0,18.661009429366167,0,0,21.86819225837927
815,0.9170585735604335,27511.757206813007,21.116234359881915,15.0,18.946762233767224,0,0,21.86819225837927
816,0.9169683127938246,27509.049383814738,21.26635837951679,15.0,19.23293979679258,0,0,21.86819225837927
817,0.9168492228168931,27505.476684506793,21.416660735518597,15.0,19.519457317854044,0,0,21.86819225837927
818,0.9167012673233984,27501.03801970195,21.567096890055474,15.0,19.806229895626593,0,0,21.86819225837927
819,0.9165244185605748,27495.732556817242,21.71762226564816,15.0,20.093172553206376,0,0,21.86819225837927
820,0.9163186573373563,27489.559720120687,21.86819225837928,15.0,20.380200263291286,0,0,21.86819225837927
821,0.9160839730300626,27482.51919090188,22.01876225111036,15.0,20.6672279733761,0,0,21.86819225837927
822,0.915820363585548,27474.61090756644,22.169287626703046,15.0,20.954170630955886,0,0,21.86819225837927
823,0.9155278355218085,27465.835065654253,22.319723781239922,15.0,21.24094320872843,0,0,21.86819225837927
824,0.9152064039260513,27456.192117781542,22.47002613724176,15.0,21.527460729789958,0,0,21.86819225837927
825,0.9148560924502245,27445.682773506735,22.62015015687662,15.0,21.813638292815284,0,0,21.86819225837927
826,0.9144769333040071,27434.307999120214,22.77005135515756,15.0,22.099391097216312,0,0,21.86819225837927
827,0.9140689672452662,27422.069017357986,22.919685313124454,15.0,22.384634468270157,0,0,21.86819225837927
828,0.913632243567978,27408.96730703934,23.069007691006117,15.0,22.669283882209776,0,0,21.86819225837927
829,0.9131668200876223,27395.00460262867,23.21797424135938,15.0,22.953254991270637,0,0,21.86819225837927
830,0.9126727631240497,27380.18289372149,23.366540822180397,15.0,23.23646364868453,0,0,21.86819225837927
831,0.9121501474818299,27364.504424454895,23.51466340998497,15.0,23.518825933614146,0,0,21.86819225837927
832,0.9115990564280853,27347.97169284256,23.662298112853552,15.0,23.800258176020527,0,0,21.86819225837927
833,0.9110195816678175,27330.587450034523,23.809401183437473,15.0,24.080676981456474,0,0,21.86819225837927
834,0.9104118233167329,27312.354699501986,23.95592903192218,15.0,24.359999255777996,0,0,21.86819225837927
835,0.909775889871576,27293.27669614728,24.10183823894385,15.0,24.63814222976698,0,0,21.86819225837927
836,0.9091118981779801,27273.356945339405,24.247085568455436,15.0,24.915023483657354,0,0,21.86819225837927
837,0.9084199733958428,27252.599201875284,24.391627980538527,15.0,25.190560971558035,0,0,21.86819225837927
838,0.9077002489622388,27231.007468867163,24.53542264415695,15.0,25.464673045764798,0,0,21.86819225837927
839,0.9069528665518793,27208.58599655638,24.678426949848507,15.0,25.73727848095417,0,0,21.86819225837927
840,0.9061779760351313,27185.339281053937,24.82059852235115,15.0,26.008296498252435,0,0,21.86819225837927
841,0.9053757354336069,27161.272063008208,24.961895233159634,15.0,26.277646789172017,0,0,21.86819225837927
842,0.9045463108733393,27136.389326200177,25.102275213009126,15.0,26.545249539408687,0,0,21.86819225837927
843,0.9036898765355545,27110.696296066635,25.241696864281923,15.0,26.811025452492157,0,0,21.86819225837927
844,0.9028066146050591,27084.198438151772,25.380118873333792,15.0,27.074895773283487,0,0,21.86819225837927
845,0.9018967152162541,27056.901456487623,25.51750022273607,15.0,27.33678231131185,0,0,21.86819225837927
846,0.9009603763967945,27028.811291903836,25.65380020343001,15.0,27.596607463944075,0,0,21.86819225837927
847,0.8999978040089093,26999.934120267277,25.788978426789697,15.0,27.854294239379897,0,0,21.86819225837927
848,0.8990092116883993,26970.27635065198,25.9229948365902,15.0,28.10976627946644,0,0,21.86819225837927
849,0.897994820781334,26939.844623440018,26.05580972087698,15.0,28.362947882324725,0,0,21.86819225837927
850,0.8969548602784597,26908.64580835379,26.18738372373342,15.0,28.613764024781656,0,0,21.86819225837927
851,0.8958895667473467,26876.6870024204,26.317677856942893,15.0,28.862140384601197,0,0,21.86819225837927
852,0.8947991842622878,26843.97552786863,26.44665351154174,15.0,29.10800336250754,0,0,21.86819225837927
853,0.8936839643319744,26810.51892995923,26.57427246926001,15.0,29.351280103994185,0,0,21.86819225837927
854,0.8925441658249692,26776.324974749077,26.70049691384625,15.0,29.59189852091225,0,0,21.86819225837927
855,0.8913800548929974,26741.401646789924,26.8252894422734,15.0,29.829787312831854,0,0,21.86819225837927
856,0.8901919048920804,26705.757146762415,26.948613075822045,15.0,30.06487598816988,0,0,21.86819225837927
857,0.8889799963015349,26669.399889046046,27.070431271038046,15.0,30.29709488507826,0,0,21.86819225837927
858,0.8877446166408598,26632.338499225792,27.19070793056104,15.0,30.526375192086014,0,0,21.86819225837927
859,0.8864860603845389,26594.58181153617,27.309407413821088,15.0,30.75264896849,0,0,21.86819225837927
860,0.885204628874782,26556.138866243462,27.426494547599564,15.0,30.975849164486903,0,0,21.86819225837927
861,0.8839006302322295,26517.018906966885,27.541934636451725,15.0,31.19590964104151,0,0,21.86819225837927
862,0.8825743792646505,26477.231377939515,27.655693472987878,15.0,31.412765189485356,0,0,21.86819225837927
863,0.8812261973736585,26436.785921209754,27.767737348009625,15.0,31.62635155083931,0,0,21.86819225837927
864,0.8798564124594725,26395.692373784175,27.878033060498737,15.0,31.836605434854995,0,0,21.86819225837927
865,0.8784653588237538,26353.960764712614,27.98654792745517,15.0,32.04346453876883,0,0,21.86819225837927
866,0.8770533770705449,26311.601312116345,28.093249793581926,15.0,32.24686756576398,0,0,21.86819225837927
867,0.8756208140053406,26268.62442016022,28.198107040813262,15.0,32.44675424313375,0,0,21.86819225837927
868,0.874168022532324,26225.040675969718,28.301088597683815,15.0,32.64306534014176,0,0,21.86819225837927
869,0.8726953615497903,26180.86084649371,28.402163948535758,15.0,32.83574268557318,0,0,21.86819225837927
870,0.8712031958438005,26136.095875314015,28.50130314256124,15.0,33.024729184972244,0,0,21.86819225837927
871,0.8696918959800853,26090.75687940256,28.5984768026775,15.0,33.20996883756055,0,0,21.86819225837927
872,0.86816183819424,26044.855145827198,28.693656134231833,15.0,33.3914067528312,0,0,21.86819225837927
873,0.8666134042802363,25998.402128407088,28.786812933534172,15.0,33.56898916681416,0,0,21.86819225837927
874,0.8650469814772898,25951.40944431869,28.877919596214404,15.0,33.74266345800764,0,0,21.86819225837927
875,0.8634629623551117,25903.88887065335,28.96694912540214,15.0,33.91237816297097,0,0,21.86819225837927
876,0.8618617446975828,25855.852340927486,29.053875139726447,15.0,34.07808299157427,0,0,21.86819225837927
877,0.860243731384881,25807.311941546428,29.13867188113327,15.0,34.23972884190067,0,0,21.86819225837927
878,0.8586093302740988,25758.279908222965,29.221314222518075,15.0,34.39726781479611,0,0,21.86819225837927
879,0.8569589540783878,25708.768622351636,29.30177767517154,15.0,34.550653228062956,0,0,21.86819225837927
880,0.8552930202446614,25658.79060733984,29.380038396036092,15.0,34.69983963029291,0,0,21.86819225837927
881,0.8536119508298969,25608.358524896907,29.456073194771136,15.0,34.844782814335275,0,0,21.86819225837927
882,0.8519161723760713,25557.48517128214,29.52985954062485,15.0,34.98543983039654,0,0,21.86819225837927
883,0.8502061157837671,25506.183473513014,29.601375569110512,15.0,35.12176899876716,0,0,21.86819225837927
884,0.8484822161844875,25454.466485534624,29.670600088485436,15.0,35.253729922172354,0,0,21.86819225837927
885,0.8467449128117169,25402.34738435151,29.737512586030544,15.0,35.38128349774256,0,0,21.86819225837927
886,0.8449946488707681,25349.839466123045,29.80209323412874,15.0,35.50439192860051,0,0,21.86819225837927
887,0.843231871407449,25296.956142223473,29.864322896140205,15.0,35.62301873506125,0,0,21.86819225837927
888,0.8414570311755947,25243.71093526784,29.92418313207307,15.0,35.73712876544182,0,0,21.86819225837927
889,0.8396705825034987,25190.117475104962,29.981656204047532,15.0,35.84668820647755,0,0,21.86819225837927
890,0.8378729831592862,25136.189494778584,30.03672508155201,15.0,35.951664593341576,0,0,21.86819225837927
891,0.8360646942152667,25081.940826458,30.089373446489596,15.0,36.052026819264874,0,0,21.86819225837927
892,0.8342461799113096,25027.385397339287,30.139585698013526,15.0,36.14774514475391,0,0,21.86819225837927
893,0.8324179075172783,24972.53722551835,30.18734695715001,15.0,36.23879120640311,0,0,21.86819225837927
894,0.8305803471945694,24917.410415837083,30.232643071207175,15.0,36.32513802529942,0,0,21.86819225837927
895,0.8287339718567931,24862.019155703794,30.275460617968864,15.0,36.4067600150169,0,0,21.86819225837927
896,0.8268792570296387,24806.377710889163,30.3157869096719,15.0,36.483632989198455,0,0,21.86819225837927
897,0.8250166807099664,24750.50042129899,30.353609996765737,15.0,36.55573416872281,0,0,21.86819225837927
898,0.8231467232241659,24694.401696724977,30.388918671453375,15.0,36.62304218845435,0,0,21.86819225837927
899,0.8212698670858263,24638.096012574788,30.42170247101248,15.0,36.68553710357423,0,0,21.86819225837927
900,0.8193865968527558,24581.597905582676,30.451951680895707,15.0,36.743200395490334,0,0,21.86819225837927
901,0.8174973989833977,24524.92196950193,30.47965733760935,15.0,36.796014977324816,0,0,21.86819225837927
902,0.8156027616926815,24468.082850780447,30.504811231369377,15.0,36.84396519897723,0,0,21.86819225837927
903,0.813703174807355,24411.09524422065,30.5274059085342,15.0,36.88703685176205,0,0,21.86819225837927
904,0.8117991296208373,24353.97388862512,30.547434673813353,15.0,36.92521717261899,0,0,21.86819225837927
905,0.8098911187476389,24296.733562429166,30.56489159225142,15.0,36.958494847895,0,0,21.86819225837927
906,0.8079796359773882,24239.389079321645,30.57977149098671,15.0,36.98686001669668,0,0,21.86819225837927
907,0.8060651761285121,24181.955283855365,30.59206996078411,15.0,37.01030427381235,0,0,21.86819225837927
908,0.8041482349016101,24124.447047048303,30.601783357341578,15.0,37.02882067220267,0,0,21.86819225837927
909,0.8022293087325674,24066.87926197702,30.608908802370088,15.0,37.04240372505919,0,0,21.86819225837927
910,0.8003088946454503,24009.26683936351,30.613444184446507,15.0,37.05104940743017,0,0,21.86819225837927
911,0.7983874901052277,23951.62470315683,30.615388159639238,15.0,37.05475515741335,0,0,21.86819225837927
912,0.7964655928703608,23893.967786110825,30.614740151906474,15.0,37.05351987691503,0,0,21.86819225837927
913,0.7945437008453072,23836.311025359217,30.611500353266898,15.0,37.04734393197549,0,0,21.86819225837927
914,0.7926223119329803,23778.66935798941,30.60566972374276,15.0,37.036229152660496,0,0,21.86819225837927
915,0.7907019238872105,23721.057716616317,30.59724999107543,15.0,37.02017883251904,0,0,21.86819225837927
916,0.7887830341652501,23663.491024957504,30.586243650213405,15.0,36.99919772760737,0,0,21.86819225837927
917,0.7868661397803653,23605.98419341096,30.57265396257302,15.0,36.973292055079696,0,0,21.86819225837927
918,0.7849517371545612,23548.552114636837,30.556484955072015,15.0,36.942469491345854,0,0,21.86819225837927
919,0.7830403219714808,23491.209659144424,30.537741418936264,15.0,36.906739169796694,0,0,21.86819225837927
920,0.7811323890295233,23433.971670885698,30.51642890828005,15.0,36.86611167809761,0,0,21.86819225837927
921,0.7792284320952246,23376.852962856738,30.492553738460234,15.0,36.82059905505122,0,0,21.86819225837927
922,0.777328943756944,23319.868312708317,30.4661229842049,15.0,36.77021478702996,0,0,21.86819225837927
923,0.7754344152788989,23263.032458366968,30.43714447751697,15.0,36.71497380397983,0,0,21.86819225837927
924,0.7735453364555939,23206.360093667816,30.40562680535337,15.0,36.654892474996316,0,0,21.86819225837927
925,0.7716621954666822,23149.86586400047,30.371579307080577,15.0,36.58998860347385,0,0,21.86819225837927
926,0.7697854787323097,23093.564361969293,30.335012071707123,15.0,36.52028142183029,0,0,21.86819225837927
927,0.767915670768976,23037.47012306928,30.295935934894057,15.0,36.44579158580799,0,0,21.86819225837927
928,0.7660532540459633,22981.597621378896,30.25436247574402,15.0,36.36654116835297,0,0,21.86819225837927
929,0.7641987088423693,22925.96126527108,30.210304013370212,15.0,36.28255365307429,0,0,21.86819225837927
930,0.7623525131047914,22870.57539314374,30.163773603245872,15.0,36.193853927285296,0,0,21.86819225837927
931,0.7605151423056992,22815.454269170976,30.114785033335743,15.0,36.10046827462908,0,0,21.86819225837927
932,0.7586870693025431,22760.612079076294,30.06335282001036,15.0,36.00242436728994,0,0,21.86819225837927
933,0.7568687641976358,22706.062925929076,30.009492203744493,15.0,35.89975125779357,0,0,21.86819225837927
934,0.755060694198851,22651.82082596553,29.953219144601185,15.0,35.79247937039818,0,0,21.86819225837927
935,0.7532633234811792,22597.899704435375,29.89455031750232,15.0,35.68064049207914,0,0,21.86819225837927
936,0.7514771130491833,22544.313391475498,29.833503107287545,15.0,35.56426776310978,0,0,21.86819225837927
937,0.7497025206003927,22491.07561801178,29.77009560356273,15.0,35.44339566724117,0,0,21.86819225837927
938,0.7479400003896773,22438.200011690322,29.704346595339715,15.0,35.318060021484,0,0,21.86819225837927
939,0.746190003094643,22385.70009283929,29.636275565468594,15.0,35.18829796549508,0,0,21.86819225837927
940,0.744452975682085,22333.58927046255,29.565902684864614,15.0,35.054147950572066,0,0,21.86819225837927
941,0.7427293612755423,22281.880838266272,29.493248806531064,15.0,34.91564972825957,0,0,21.86819225837927
942,0.7410195990239913,22230.58797071974,29.418335459380103,15.0,34.772844338569925,0,0,21.86819225837927
943,0.7393241239717151,22179.723719151454,29.341184841853252,15.0,34.625774097822074,0,0,21.86819225837927
944,0.7376433669293923,22129.301007881768,29.26181981534352,15.0,34.474482586102376,0,0,21.86819225837927
945,0.7359777543464366,22079.3326303931,29.18026389742112,15.0,34.31901463435092,0,0,21.86819225837927
946,0.7343277081846322,22029.831245538968,29.096541254864636,15.0,34.15941631107706,0,0,21.86819225837927
947,0.7326936457930966,21980.809373792898,29.010676696499946,15.0,33.995734908708414,0,0,21.86819225837927
948,0.7310759797846109,21932.279393538327,28.9226956658488,15.0,33.828018929577,0,0,21.86819225837927
949,0.7294751179133544,21884.253537400633,28.832624233589364,15.0,33.65631807154709,0,0,21.86819225837927
950,0.7278914629540777,21836.74388862233,28.74048908983093,15.0,33.48068321328851,0,0,21.86819225837927
951,0.726325412582752,21789.76237748256,28.646317536205025,15.0,33.30116639920026,0,0,21.86819225837927
952,0.7247773592587291,21743.320777761874,28.550137477775365,15.0,33.11782082398864,0,0,21.86819225837927
953,0.7232476901084477,21697.43070325343,28.451977414769015,15.0,32.93070081690453,0,0,21.86819225837927
954,0.7217367868107186,21652.103604321557,28.35186643413111,15.0,32.73986182564441,0,0,21.86819225837927
955,0.7202450254836256,21607.350764508767,28.249834200905767,15.0,32.54536039992,0,0,21.86819225837927
956,0.7187727765730736,21563.18329719221,28.145910949445756,15.0,32.34725417470146,0,0,21.86819225837927
957,0.7173204047430172,21519.612142290516,28.040127474453314,15.0,32.1456018531388,0,0,21.86819225837927
958,0.7158882687674033,21476.648063022098,27.932515121855076,15.0,31.9404631891669,0,0,21.86819225837927
959,0.7144767214238581,21434.30164271574,27.823105779513575,15.0,31.731898969799133,0,0,21.86819225837927
960,0.7130861093891518,21392.583281674557,27.71193186777821,15.0,31.51997099711494,0,0,21.86819225837927
961,0.7117167731364714,21351.50319409414,27.599026329878352,15.0,31.304742069946354,0,0,21.86819225837927
962,0.7103690468345296,21311.071405035887,27.48442262216158,15.0,31.08627596526955,0,0,21.86819225837927
963,0.7090432582485449,21271.297747456345,27.36815470417982,15.0,30.864637419306163,0,0,21.86819225837927
964,0.7077397286431166,21232.1918592935,27.250257028626493,15.0,30.639892108340828,0,0,21.86819225837927
965,0.7064587726870286,21193.76318061086,27.13076453112726,15.0,30.412106629259497,0,0,21.86819225837927
966,0.7052006983600044,21156.02095080013,27.00971261988797,15.0,30.18134847981561,0,0,21.86819225837927
967,0.7039658068614474,21118.97420584342,26.887137165202496,15.0,29.947686038629115,0,0,21.86819225837927
968,0.7027543925211885,21082.631775635655,26.76307448882344,15.0,29.711188544924163,0,0,21.86819225837927
969,0.7015667427122699,21047.0022813681,26.63756135319928,15.0,29.47192607801211,0,0,21.86819225837927
970,0.7004031377657904,21012.094132973714,26.510634950580886,15.0,29.22996953652559,0,0,21.86819225837927
971,0.699263850887837,20977.91552663511,26.382332892000694,15.0,28.985390617409802,0,0,21.86819225837927
972,0.6981491480785283,20944.47444235585,26.25269319612763,15.0,28.738261794676873,0,0,21.86819225837927
973,0.6970592880531926,20911.778641595778,26.121754278001447,15.0,28.488656297930472,0,0,21.86819225837927
974,0.6959945221657053,20879.83566497116,25.98955493764942,15.0,28.236648090666126,0,0,21.86819225837927
975,0.6949550943340073,20848.65283002022,25.856134348589258,15.0,27.98231184835454,0,0,21.86819225837927
976,0.6939412409678264,20818.237229034792,25.72153204622093,15.0,27.7257229363133,0,0,21.86819225837927
977,0.6929531908986246,20788.595726958738,25.58578791611157,15.0,27.466957387374656,0,0,21.86819225837927
978,0.6919911653117898,20759.734959353696,25.448942182176552,15.0,27.206091879355426,0,0,21.86819225837927
979,0.6910553776810946,20731.66133043284,25.311035394760196,15.0,26.943203712335546,0,0,21.86819225837927
980,0.6901460337054387,20704.38101116316,25.172108418619896,15.0,26.6783707857525,0,0,21.86819225837927
981,0.689263331247896,20677.89993743688,25.032202420816944,15.0,26.411671575317968,0,0,21.86819225837927
982,0.6884074602770837,20652.22380831251,24.891358858517947,15.0,26.143185109763905,0,0,21.86819225837927
983,0.6875786028108702,20627.358084326108,24.74961946671005,15.0,25.872990947424427,0,0,21.86819225837927
984,0.68677693286244,20603.3079858732,24.607026245834035,15.0,25.601169152661107,0,0,21.86819225837927
985,0.6860026163887291,20580.078491661872,24.463621449338643,15.0,25.32780027213811,0,0,21.86819225837927
986,0.6852558112412482,20557.674337237448,24.319447571160033,15.0,25.052965310954562,0,0,21.86819225837927
987,0.684536667119309,20536.10001357927,24.17454733312983,15.0,24.77674570864086,0,0,21.86819225837927
988,0.6838453255256638,20515.359765769914,24.02896367231574,15.0,24.499223315026452,0,0,21.86819225837927
989,0.683181919724576,20495.45759173728,23.882739728298446,15.0,24.22048036598605,0,0,21.86819225837927
990,0.6825465747023305,20476.397241069913,23.73591883038832,15.0,23.94059945907118,0,0,21.86819225837927
991,0.6819394071301982,20458.182213905944,23.58854448478607,15.0,23.659663529034894,0,0,21.86819225837927
992,0.6813605253298631,20440.815759895893,23.44066036169088,15.0,23.37775582325633,0,0,21.86819225837927
993,0.6808100292413248,20424.300877239744,23.29231028236005,15.0,23.09495987707282,0,0,21.86819225837927
994,0.6802880103932837,20408.64031179851,23.14353820612373,15.0,22.811359489026444,0,0,21.86819225837927
995,0.6797945518760193,20393.83655628058,22.994388217358875,15.0,22.52703869603276,0,0,21.86819225837927
996,0.679329728316769,20379.89184950307,22.84490451242606,15.0,22.242081748478874,0,0,21.86819225837927
997,0.6788936058576136,20366.80817572841,22.69513138657321,15.0,21.956573085258253,0,0,21.86819225837927
998,0.6784862421358788,20354.587264076366,22.545113220809867,15.0,21.67059730874957,0,0,21.86819225837927
999,0.6781076862670559,20343.230588011676,22.39489446875617,15.0,21.38423915974721,0,0,21.86819225837927
1000,0.6777579788302472,20332.73936490742,22.244519643470426,15.0,21.097583492350985,0,0,21.86819225837927
1001,0.6774371518561427,20323.114555684282,22.09403330425865,15.0,20.810715248821566,0,0,21.86819225837927
1002,0.6771452288175274,20314.35686452582,21.943480043470935,15.0,20.523719434410655,0,0,21.86819225837927
1003,0.6768822246223265,20306.466738669795,21.79290447328762,15.0,20.23668109217189,0,0,21.86819225837927
1004,0.676648145609188,20299.44436827564,21.642351212499904,15.0,19.949685277760977,0,0,21.86819225837927
1005,0.676442989545604,20293.28968636812,21.491864873288144,15.0,19.662817034231587,0,0,21.86819225837927
1006,0.6762667456285726,20288.00236885718,21.341490048002385,15.0,19.376161366835333,0,0,21.86819225837927
1007,0.6761193944877988,20283.581834633962,21.191271295948688,15.0,19.089803217832973,0,0,21.86819225837927
1008,0.6760009081914344,20280.027245743033,21.041253130185346,15.0,18.803827441324295,0,0,21.86819225837927
1009,0.6759112502543552,20277.337507630655,20.891480004332493,15.0,18.518318778103676,0,0,21.86819225837927
1010,0.6758503756489714,20275.51126946914,20.741996299399677,15.0,18.233361830549775,0,0,21.86819225837927
1011,0.6758182308185712,20274.546924557137,20.592846310634823,15.0,17.949041037556103,0,0,21.86819225837927
1012,0.6758147536931903,20274.44261079571,20.444074234398503,15.0,17.665440649509723,0,0,21.86819225837927
1013,0.6758398737080049,20275.19621124015,20.295724155067674,15.0,17.382644703326218,0,0,21.86819225837927
1014,0.6758935118242412,20276.805354727236,20.147840031972482,15.0,17.100736997547653,0,0,21.86819225837927
1015,0.6759755805525964,20279.26741657789,20.00046568637023,15.0,16.819801067511367,0,0,21.86819225837927
1016,0.676085983979164,20282.579519374918,19.85364478846011,15.0,16.539920160596502,0,0,21.86819225837927
1017,0.6762246177938545,20286.738533815635,19.707420844442815,15.0,16.26117721155609,0,0,21.86819225837927
1018,0.6763913693213057,20291.74107963917,19.561837183628725,15.0,15.983654817941682,0,0,21.86819225837927
1019,0.6765861175542698,20297.583526628092,19.41693694559852,15.0,15.707435215627983,0,0,21.86819225837927
1020,0.6768087331894711,20304.261995684134,19.27276306741991,15.0,15.432600254444433,0,0,21.86819225837927
1021,0.6770590786659213,20311.77235997764,19.129358270924502,15.0,15.159231373921404,0,0,21.86819225837927
1022,0.6773370082056815,20320.110246170447,18.986765050048486,15.0,14.887409579158085,0,0,21.86819225837927
1023,0.6776423678570598,20329.271035711794,18.84502565824059,15.0,14.61721541681861,0,0,21.86819225837927
1024,0.6779749955402299,20339.249866206897,18.704182095941622,15.0,14.3487289512646,0,0,21.86819225837927
1025,0.6783347210952594,20350.04163285778,18.56427609813866,15.0,14.082029740830045,0,0,21.86819225837927
1026,0.6787213663325316,20361.640989975946,18.425349121998355,15.0,13.817196814247,0,0,21.86819225837927
1027,0.6791347450855467,20374.0423525664,18.287442334582003,15.0,13.554308647227119,0,0,21.86819225837927
1028,0.6795746632660878,20387.239897982636,18.150596600646985,15.0,13.293443139207888,0,0,21.86819225837927
1029,0.6800409189217326,20401.22756765198,18.014852470537605,15.0,13.034677590269215,0,0,21.86819225837927
1030,0.6805333022956963,20415.99906887089,17.88025016816928,15.0,12.778088678227974,0,0,21.86819225837927
1031,0.6810515958889874,20431.547876669625,17.746829579109118,15.0,12.523752435916393,0,0,21.86819225837927
1032,0.6815955745248575,20447.867235745725,17.61463023875712,15.0,12.271744228652093,0,0,21.86819225837927
1033,0.6821650054155253,20464.950162465757,17.48369132063092,15.0,12.02213873190567,0,0,21.86819225837927
1034,0.6827596482311573,20482.78944693472,17.354051624757854,15.0,11.775009909172738,0,0,21.86819225837927
1035,0.6833792551710827,20501.37765513248,17.22574956617767,15.0,11.53043099005695,0,0,21.86819225837927
1036,0.6840235710372217,20520.70713111665,17.09882316355927,15.0,11.288474448570433,0,0,21.86819225837927
1037,0.6846923333097066,20540.7699992912,16.973310027935113,15.0,11.049211981658384,0,0,21.86819225837927
1038,0.6853852722246715,20561.558166740146,16.849247351556045,15.0,10.8127144879534,0,0,21.86819225837927
1039,0.6861021108541899,20583.0633256257,16.72667189687057,15.0,10.579052046766904,0,0,21.86819225837927
1040,0.6868425651883342,20605.276955650024,16.605619985631307,15.0,10.348293897323066,0,0,21.86819225837927
1041,0.6876063442193332,20628.190326579996,16.48612748813207,15.0,10.120508418241734,0,0,21.86819225837927
1042,0.6883931500278053,20651.79450083416,16.36822981257873,15.0,9.89576310727638,0,0,21.86819225837927
1043,0.6892026778710375,20676.080336131126,16.251961894596967,15.0,9.674124561312988,0,0,21.86819225837927
1044,0.6900346162732878,20701.038488198632,16.137358186880196,15.0,9.45565845663618,0,0,21.86819225837927
1045,0.6908886471180813,20726.65941354244,16.02445264898034,15.0,9.240429529467605,0,0,21.86819225837927
1046,0.6917644457424762,20752.933372274285,15.913278737244976,15.0,9.0285015567834,0,0,21.86819225837927
1047,0.6926616810332674,20779.850430998024,15.803869394903487,15.0,8.81993733741566,0,0,21.86819225837927
1048,0.6935800155251032,20807.400465753097,15.696257042305248,15.0,8.614798673443763,0,0,21.86819225837927
1049,0.6945191055004831,20835.573165014495,15.590473567312806,15.0,8.4131463518811,0,0,21.86819225837927
1050,0.695478601091609,20864.35803274827,15.486550315852789,15.0,8.215040126662565,0,0,21.86819225837927
1051,0.6964581463840582,20893.74439152175,15.38451808262744,15.0,8.020538700938129,0,0,21.86819225837927
1052,0.6974573795222493,20923.72138566748,15.284407101989533,15.0,7.829699709678001,0,0,21.86819225837927
1053,0.6984759328166666,20954.2779845,15.186247038983186,15.0,7.642579702593897,0,0,21.86819225837927
1054,0.699513432852816,20985.40298558448,15.090066980553512,15.0,7.459234127382256,0,0,21.86819225837927
1055,0.7005695006018741,21017.085018056223,14.995895426927609,15.0,7.279717313294013,0,0,21.86819225837927
1056,0.7016437515330038,21049.312545990117,14.903760283169191,15.0,7.104082455035462,0,0,21.86819225837927
1057,0.702735795727299,21082.07387181897,14.813688850909763,15.0,6.932381597005552,0,0,21.86819225837927
1058,0.7038452379933253,21115.35713979976,14.725707820258602,15.0,6.764665617874125,0,0,21.86819225837927
1059,0.7049716779842242,21149.15033952673,14.639843261893912,15.0,6.600984215505473,0,0,21.86819225837927
1060,0.7061147103163448,21183.441309490343,14.55612061933743,15.0,6.441385892231618,0,0,21.86819225837927
1061,0.7072739246893669,21218.217740681008,14.47456470141501,15.0,6.285917940480129,0,0,21.86819225837927
1062,0.7084489060078829,21253.467180236486,14.395199674905285,15.0,6.134626428760447,0,0,21.86819225837927
1063,0.7096392345043986,21289.177035131957,14.318049057378435,15.0,5.987556188012596,0,0,21.86819225837927
1064,0.7108444858637198,21325.334575911595,14.243135710227474,15.0,5.844750798322952,0,0,21.86819225837927
1065,0.7120642313486861,21361.926940460584,14.170481831893934,15.0,5.706252576010468,0,0,21.86819225837927
1066,0.7132980379272149,21398.941137816448,14.10010895128995,15.0,5.572102561087455,0,0,21.86819225837927
1067,0.714545468400618,21436.36405201854,14.032037921418832,15.0,5.4423405050985245,0,0,21.86819225837927
1068,0.715806081533153,21474.18244599459,13.966288913195816,15.0,5.317004859341365,0,0,21.86819225837927
1069,0.717079432182771,21512.38296548313,13.902881409471004,15.0,5.196132763472756,0,0,21.86819225837927
1070,0.7183650714330226,21550.952142990678,13.841834199256224,15.0,5.07976003450338,0,0,21.86819225837927
1071,0.7196625467260801,21589.876401782403,13.783165372157356,15.0,4.96792115618434,0,0,21.86819225837927
1072,0.7209714019968411,21629.142059905233,13.726892313014044,15.0,4.86064926878896,0,0,21.86819225837927
1073,0.7222911778080703,21668.73533424211,13.673031696748193,15.0,4.757976159292594,0,0,21.86819225837927
1074,0.7236214114865404,21708.64234459621,13.621599483422798,15.0,4.659932251953451,0,0,21.86819225837927
1075,0.7249616372601324,21748.849117803973,13.572610913512676,15.0,4.56654659929724,0,0,21.86819225837927
1076,0.7263113863958541,21789.341591875625,13.526080503388332,15.0,4.477846873508248,0,0,21.86819225837927
1077,0.7276701873387355,21830.105620162063,13.48202204101452,15.0,4.393859358229559,0,0,21.86819225837927
1078,0.7290375658515602,21871.126975546806,13.440448581864493,15.0,4.314608940774538,0,0,21.86819225837927
1079,0.7304130451553934,21912.391354661802,13.401372445051418,15.0,4.2401191047522335,0,0,21.86819225837927
1080,0.7317961460708607,21953.884382125823,13.364805209677971,15.0,4.170411923108684,0,0,25.86819225837927
1081,0.7331051077228405,21993.153231685217,15.769140830393386,15.0,4.105508051586217,0,0,25.86819225837927
1082,0.7344209181625431,22032.627544876294,15.731858132608796,15.0,4.0454267226027,0,0,25.86819225837927
1083,0.7357430763822222,22072.292291466667,15.697579049385666,15.0,3.9901857395525644,0,0,25.86819225837927
1084,0.7370710794931473,22112.13238479442,15.66631373835618,15.0,3.9398014715313066,0,0,25.86819225837927
1085,0.7384044228746206,22152.13268623862,15.638071464106751,15.0,3.8942888484849156,0,0,25.86819225837927
1086,0.7397426003235068,22192.278009705205,15.612860595432752,15.0,3.8536613567858358,0,0,25.86819225837927
1087,0.741085104204232,22232.55312612696,15.590688602858663,15.0,3.8179310352366715,0,0,25.86819225837927
1088,0.7424314255992073,22272.94276797622,15.571562056424408,15.0,3.7871084715028354,0,0,25.86819225837927
1089,0.7437810544596318,22313.431633788954,15.555486623738469,15.0,3.76120279897515,0,0,25.86819225837927
1090,0.7451334797566312,22354.00439269894,15.542467068298489,15.0,3.740221694063483,0,0,25.86819225837927
1091,0.7464881896326873,22394.645688980618,15.532507248079728,15.0,3.7241713739220224,0,0,25.86819225837927
1092,0.7478446715533108,22435.340146599323,15.525610114391876,15.0,3.7130565946070324,0,0,25.86819225837927
1093,0.7492024124589179,22476.07237376754,15.521777711004486,15.0,3.706880649667492,0,0,25.86819225837927
1094,0.7505608989168607,22516.82696750582,15.521011173541401,15.0,3.7056453691691775,0,0,25.86819225837927
1095,0.7519196172735675,22557.588518207023,15.52331072914421,15.0,3.7093511191523594,0,0,25.86819225837927
1096,0.7532780538067501,22598.3416142025,15.52867569640496,15.0,3.71799680152334,0,0,25.86819225837927
1097,0.7546356948776306,22639.07084632892,15.537104485568062,15.0,3.7315798543798424,0,0,25.86819225837927
1098,0.7559920270831444,22679.760812494333,15.548594599001387,15.0,3.750096252770167,0,0,25.86819225837927
1099,0.7573465374080712,22720.39612224214,15.563142631936344,15.0,3.773540509885844,0,0,25.86819225837927
1100,0.7586987133770536,22760.961401311608,15.580744273476801,15.0,3.8019056786875267,0,0,25.86819225837927
1101,0.760048043206454,22801.44129619362,15.601394307876497,15.0,3.8351833539635294,0,0,25.86819225837927
1102,0.7613940159560076,22841.82047868023,15.625086616084577,15.0,3.873363674820478,0,0,25.86819225837927
1103,0.7627361216802251,22882.083650406752,15.651814177558789,15.0,3.9164353276052983,0,0,25.86819225837927
1104,0.7640738515794995,22922.215547384985,15.681569072345845,15.0,3.9643855492577083,0,0,25.86819225837927
1105,0.7654066981508758,22962.200944526274,15.714342483428256,15.0,4.017200131092184,0,0,25.86819225837927
1106,0.7667341553384341,23002.024660153023,15.750124699337011,15.0,4.074863423008294,0,0,25.86819225837927
1107,0.7680557186832456,23041.67156049737,15.788905117029294,15.0,4.13735833812817,0,0,25.86819225837927
1108,0.7693708854728538,23081.126564185615,15.830672245030389,15.0,4.204666357859711,0,0,25.86819225837927
1109,0.7706791548902401,23120.3746467072,15.875413706838874,15.0,4.27676753738406,0,0,25.86819225837927
1110,0.7719800281622256,23159.400844866766,15.923116244593995,15.0,4.353640511565624,0,0,25.86819225837927
1111,0.7732730087072694,23198.190261218082,15.97376572300432,15.0,4.435262501283108,0,0,25.86819225837927
1112,0.7745576022826157,23236.72806847847,16.027347133536285,15.0,4.521609320179419,0,0,25.86819225837927
1113,0.7758333171307488,23274.999513922463,16.08384459886158,15.0,4.612655381828596,0,0,25.86819225837927
1114,0.7770996641251114,23312.989923753343,16.143241377561903,15.0,4.708373707317637,0,0,25.86819225837927
1115,0.7783561569150439,23350.684707451317,16.205519869089844,15.0,4.808735933240935,0,0,25.86819225837927
1116,0.7796023120698996,23388.069362096987,16.270661618984292,15.0,4.913712320104969,0,0,25.86819225837927
1117,0.7808376492222964,23425.12947666889,16.338647324338858,15.0,5.023271761140695,0,0,25.86819225837927
1118,0.7820616912104599,23461.850736313798,16.409456839521802,15.0,5.137381791521273,0,0,25.86819225837927
1119,0.7832739642196166,23498.2189265885,16.48306918214558,15.0,5.256008597981998,0,0,25.86819225837927
1120,0.7844739979223954,23534.21993767186,16.559462539284393,15.0,5.379117028839944,0,0,25.86819225837927
1121,0.7856613256181956,23569.839768545866,16.63861427393782,15.0,5.50667060441015,0,0,25.86819225837927
1122,0.7868354843714809,23605.064531144428,16.720500931738634,15.0,5.638631527815342,0,0,25.86819225837927
1123,0.787996015148957,23639.880454468712,16.805098247902887,15.0,5.774960696185965,0,0,25.86819225837927
1124,0.7891424629555926,23674.27388866778,16.892381154420043,15.0,5.915617712247236,0,0,25.86819225837927
1125,0.7902743769694449,23708.23130908335,16.98232378748116,15.0,6.06056089628961,0,0,25.86819225837927
1126,0.7913913106752474,23741.73932025742,17.07489949514295,15.0,6.209747298519558,0,0,25.86819225837927
1127,0.7924928219967219,23774.784659901656,17.170080845225307,15.0,6.36313271178642,0,0,25.86819225837927
1128,0.7935784734275759,23807.35420282728,17.26783963343998,15.0,6.520671684681854,0,0,25.86819225837927
1129,0.794647832161145,23839.43496483435,17.368146891748214,15.0,6.682317535008224,0,0,25.86819225837927
1130,0.7957004702186419,23871.014106559258,17.470972896944605,15.0,6.848022363611535,0,0,25.86819225837927
1131,0.7967359645759772,23902.078937279315,17.576287179464646,15.0,7.017737068574874,0,0,25.86819225837927
1132,0.7977538972891095,23932.616918673284,17.684058532413516,15.0,7.191411359768351,0,0,25.86819225837927
1133,0.7987538556178914,23962.615668536742,17.794255020813463,15.0,7.368993773751313,0,0,25.86819225837927
1134,0.799735432148374,23992.06296445122,17.906843991066737,15.0,7.550431689021963,0,0,25.86819225837927
1135,0.8006982249135315,24020.946747405946,18.021792080631606,15.0,7.73567134161029,0,0,25.86819225837927
1136,0.8016418375123735,24049.255125371204,18.1390652279083,15.0,7.924657841009355,0,0,25.86819225837927
1137,0.8025658792274065,24076.976376822196,18.25862868233235,15.0,8.117335186440767,0,0,25.86819225837927
1138,0.8034699651404125,24104.098954212375,18.380447014671816,15.0,8.313646283448755,0,0,25.86819225837927
1139,0.8043537162465082,24130.611487395247,18.504484127525764,15.0,8.513532960818527,0,0,25.86819225837927
1140,0.8052167595664524,24156.502786993573,18.630703266020728,15.0,8.716935987813681,0,0,25.86819225837927
1141,0.8060587282571681,24181.761847715043,18.759067028701928,15.0,8.92379509172752,0,0,25.86819225837927
1142,0.8068792617204453,24206.37785161336,18.889537378616197,15.0,9.134048975743204,0,0,25.86819225837927
1143,0.8076780057097952,24230.340171293858,19.022075654583023,15.0,9.347635337097174,0,0,25.86819225837927
1144,0.8084546124354196,24253.63837306259,19.15664258265085,15.0,9.564490885541021,0,0,25.86819225837927
1145,0.8092087406672699,24276.262220018096,19.2931982877347,15.0,9.784551362095629,0,0,25.86819225837927
1146,0.8099400558361599,24298.201675084798,19.431702305432044,15.0,10.007751558092487,0,0,25.86819225837927
1147,0.8106482301329068,24319.446903987202,19.572113594013274,15.0,10.234025334496472,0,0,25.86819225837927
1148,0.8113329426054671,24339.98827816401,19.714390546583264,15.0,10.463305641504252,0,0,25.86819225837927
1149,0.8119938792540424,24359.81637762127,19.858491003410407,15.0,10.695524538412624,0,0,25.86819225837927
1150,0.8126307331241241,24378.921993723725,20.00437226441934,15.0,10.930613213750657,0,0,25.86819225837927
1151,0.8132432043974507,24397.296131923522,20.15199110184409,15.0,11.168502005670257,0,0,25.86819225837927
1152,0.8138310004808501,24414.930014425503,20.301303773037244,15.0,11.40912042258832,0,0,25.86819225837927
1153,0.8143938360929417,24431.81508278825,20.452266033431897,15.0,11.652397164074944,0,0,25.86819225837927
1154,0.814931433348671,24447.94300046013,20.604833149652258,15.0,11.898260141981284,0,0,25.86819225837927
1155,0.8154435218416536,24463.30565524961,20.758959912769132,15.0,12.146636501800826,0,0,25.86819225837927
1156,0.8159298387243017,24477.89516172905,20.914600651696276,15.0,12.397452644257758,0,0,25.86819225837927
1157,0.8163901287857119,24491.703863571358,21.071709246723778,15.0,12.650634247116066,0,0,25.86819225837927
1158,0.8168241445272897,24504.72433581869,21.23023914318418,15.0,12.906106287202611,0,0,25.86819225837927
1159,0.8172316462360883,24516.94938708265,21.390143365247834,15.0,13.16379306263843,0,0,25.86819225837927
1160,0.8176124020558417,24528.37206167525,21.55137452984277,15.0,13.42361821527068,0,0,25.86819225837927
1161,0.8179661880556673,24538.98564167002,21.713884860695167,15.0,13.685504753298988,0,0,25.86819225837927
1162,0.8182927882964227,24548.78364889268,21.877626202486823,15.0,13.949375074090323,0,0,25.86819225837927
1163,0.8185919948946924,24557.75984684077,22.042550035124307,15.0,14.21515098717379,0,0,25.86819225837927
1164,0.8188636080843885,24565.908242531656,22.2086074881167,15.0,14.482753737410489,0,0,25.86819225837927
1165,0.8191074362759456,24573.22308827837,22.375749355056797,15.0,14.752104028330068,0,0,25.86819225837927
1166,0.8193232961130928,24579.698883392786,22.543926108202243,15.0,15.023122045628336,0,0,25.86819225837927
1167,0.8195110125271862,24585.330375815585,22.71308791315152,15.0,15.29572748081771,0,0,25.86819225837927
1168,0.8196704187890854,24590.112563672563,22.88318464361105,15.0,15.569839555024497,0,0,25.86819225837927
1169,0.8198013565585596,24594.040696756787,23.05416589624854,15.0,15.845377042925177,0,0,25.86819225837927
1170,0.8199036759312059,24597.11027793618,23.225981005628796,15.0,16.122258296815552,0,0,25.86819225837927
1171,0.819977235482871,24599.31706448613,23.398579059226833,15.0,16.400401270804508,0,0,25.86819225837927
1172,0.8200219023115565,24600.657069346693,23.571908912514395,15.0,16.67972354512603,0,0,25.86819225837927
1173,0.8200375520768014,24601.12656230404,23.74591920411519,15.0,16.960142350561974,0,0,25.86819225837927
1174,0.8200240690365271,24600.722071095814,23.920558371024367,15.0,17.241574592968355,0,0,25.86819225837927
1175,0.819981346081334,24599.44038244002,24.095774663887784,15.0,17.523936877898002,0,0,25.86819225837927
1176,0.8199092847662405,24597.278542987213,24.27151616233632,15.0,17.807145535311896,0,0,25.86819225837927
1177,0.8198077953398536,24594.233860195607,24.447730790371203,15.0,18.091116644372757,0,0,25.86819225837927
1178,0.8196767967709654,24590.303903128963,24.62436633179513,15.0,18.37576605831238,0,0,25.86819225837927
1179,0.8195162167725636,24585.486503176908,24.801370445685063,15.0,18.66100942936616,0,0,25.86819225837927
1180,0.8193259918232518,24579.779754697556,24.978690681901995,15.0,18.94676223376722,0,0,25.86819225837927
1181,0.8191060671860724,24573.18201558217,25.156274496633056,15.0,19.23293979679255,0,0,25.86819225837927
1182,0.8188563969247261,24565.691907741784,25.334069267961404,15.0,19.51945731785407,0,0,25.86819225837927
1183,0.8185769439171845,24557.308317515533,25.512022311459095,15.0,19.80622989562662,0,0,25.86819225837927
1184,0.8182676798666891,24548.030396000675,25.690080895798836,15.0,20.0931725532064,0,0,25.86819225837927
1185,0.8179285853101373,24537.85755930412,25.868192258379263,15.0,20.380200263291247,0,0,25.86819225837927
1186,0.8175596496238489,24526.789488715465,26.046303620959694,15.0,20.667227973376097,0,0,25.86819225837927
1187,0.8171608710267142,24514.826130801426,26.224362205299435,15.0,20.95417063095588,0,0,25.86819225837927
1188,0.8167322565807227,24501.96769742168,26.402315248797123,15.0,21.24094320872843,0,0,25.86819225837927
1189,0.8162738221888696,24488.214665666088,26.58011002012547,15.0,21.52746072978995,0,0,25.86819225837927
1190,0.8157855925904434,24473.567777713302,26.757693834856532,15.0,21.813638292815284,0,0,25.86819225837927
1191,0.8152676013536955,24458.028040610865,26.935014071073468,15.0,22.099391097216333,0,0,25.86819225837927
1192,0.8147198908658932,24441.596725976797,27.1120181849634,15.0,22.38463446827013,0,0,25.86819225837927
1193,0.814142512320759,24424.27536962277,27.288653726387324,15.0,22.66928388220974,0,0,25.86819225837927
1194,0.8135355257033012,24406.065771099038,27.464868354422208,15.0,22.953254991270605,0,0,25.86819225837927
1195,0.8128989997720389,24386.96999316117,27.640609852870746,15.0,23.236463648684495,0,0,25.86819225837927
1196,0.8122330120386274,24366.990361158823,27.81582614573412,15.0,23.51882593361409,0,0,25.86819225837927
1197,0.8115376487448899,24346.129462346697,27.990465312643337,15.0,23.800258176020524,0,0,25.86819225837927
1198,0.8108130048372619,24324.390145117857,28.164475604244135,15.0,24.08067698145647,0,0,25.86819225837927
1199,0.810059183938657,24301.77551815971,28.337805457531694,15.0,24.359999255777996,0,0,25.86819225837927
1200,0.8092762983177607,24278.28894953282,28.510403511129766,15.0,24.63814222976701,0,0,25.86819225837927
1201,0.808464468855763,24253.93406567289,28.68221862051002,15.0,24.91502348365738,0,0,25.86819225837927
1202,0.8076238250105386,24228.714750316158,28.853199873147513,15.0,25.190560971558057,0,0,25.86819225837927
1203,0.8067545047782863,24202.635143348587,29.02329660360698,15.0,25.464673045764734,0,0,25.86819225837927
1204,0.8058566546526366,24175.699639579096,29.19245840855629,15.0,25.737278480954167,0,0,25.86819225837927
1205,0.8049304295812434,24147.912887437302,29.36063516170173,15.0,26.008296498252435,0,0,25.86819225837927
1206,0.8039759929198697,24119.27978759609,29.52777702864182,15.0,26.277646789172014,0,0,25.86819225837927
1207,0.8029935163839811,24089.805491519433,29.693834481634184,15.0,26.54524953940866,0,0,25.86819225837927
1208,0.8019831799978634,24059.495399935902,29.858758314271704,15.0,26.81102545249218,0,0,25.86819225837927
1209,0.8009451720412769,24028.35516123831,30.022499656063363,15.0,27.074895773283515,0,0,25.86819225837927
1210,0.799879688993666,23996.39066980998,30.185009986915787,15.0,27.33678231131188,0,0,25.86819225837927
1211,0.7987869354759372,23963.608064278116,30.346241151510693,15.0,27.596607463944068,0,0,25.86819225837927
1212,0.7976671241898257,23930.01372569477,30.506145373574356,15.0,27.85429423937989,0,0,25.86819225837927
1213,0.7965204758548677,23895.614275646032,30.664675270034753,15.0,28.109766279466438,0,0,25.86819225837927
1214,0.7953472191429961,23860.416574289884,30.821783865062223,15.0,28.36294788232469,0,0,25.86819225837927
1215,0.79414759061078,23824.4277183234,30.977424603989398,15.0,28.61376402478168,0,0,25.86819225837927
1216,0.7929218346293282,23787.655038879846,31.13155136710627,15.0,28.862140384601222,0,0,25.86819225837927
1217,0.7916702033118764,23750.106099356293,31.28411848332664,15.0,29.10800336250756,0,0,25.86819225837927
1218,0.790392956439081,23711.78869317243,31.43508074372129,15.0,29.351280103994185,0,0,25.86819225837927
1219,0.7890903613820403,23672.71084146121,31.584393414914437,15.0,29.59189852091225,0,0,25.86819225837927
1220,0.7877626930230663,23632.88079069199,31.73201225233919,15.0,29.829787312831847,0,0,25.86819225837927
1221,0.7864102336742319,23592.307010226956,31.877893513348127,15.0,30.064875988169877,0,0,25.86819225837927
1222,0.785033272993715,23550.99818981145,32.02199397017526,15.0,30.297094885078256,0,0,25.86819225837927
1223,0.7836321078999671,23508.96323699901,32.16427092274526,15.0,30.526375192086036,0,0,25.86819225837927
1224,0.7822070424837293,23466.21127451188,32.304682211326494,15.0,30.75264896849002,0,0,25.86819225837927
1225,0.7807583879179248,23422.751637537745,32.44318622902383,15.0,30.975849164486874,0,0,25.86819225837927
1226,0.7792864623654504,23378.593870963512,32.57974193410768,15.0,31.19590964104148,0,0,25.86819225837927
1227,0.7777915908848986,23333.747726546957,32.714308862175514,15.0,31.412765189485334,0,0,25.86819225837927
1228,0.7762741053342354,23288.22316002706,32.84684713814234,15.0,31.626351550839296,0,0,25.86819225837927
1229,0.774734344272464,23242.03032817392,32.97731748805658,15.0,31.836605434854953,0,0,25.86819225837927
1230,0.7731726528593026,23195.17958577908,33.10568125073781,15.0,32.04346453876883,0,0,25.86819225837927
1231,0.7715893827529053,23147.68148258716,33.23190038923276,15.0,32.24686756576398,0,0,25.86819225837927
1232,0.7699848920056588,23099.546760169764,33.35593750208672,15.0,32.44675424313375,0,0,25.86819225837927
1233,0.7683595449580839,23050.786348742517,33.477755834426205,15.0,32.64306534014178,0,0,25.86819225837927
1234,0.766713712130873,23001.411363926192,33.59731928885025,15.0,32.835742685573194,0,0,25.86819225837927
1235,0.7650477701150977,22951.43310345293,33.71459243612693,15.0,33.024729184972216,0,0,25.86819225837927
1236,0.7633621014606156,22900.863043818466,33.82954052569177,15.0,33.20996883756051,0,0,25.86819225837927
1237,0.761657094562713,22849.71283688139,33.94212949594507,15.0,33.3914067528312,0,0,25.86819225837927
1238,0.7599331435470156,22797.994306410466,34.05232598434502,15.0,33.56898916681416,0,0,25.86819225837927
1239,0.7581906481526995,22745.719444580987,34.160097337293884,15.0,33.74266345800764,0,0,25.86819225837927
1240,0.7564300136140412,22692.900408421236,34.26541161981391,15.0,33.91237816297094,0,0,25.86819225837927
1241,0.7546516505403361,22639.549516210085,34.368237625010316,15.0,34.07808299157429,0,0,25.86819225837927
1242,0.7528559747942281,22585.679243826842,34.46854488331857,15.0,34.239728841900686,0,0,25.86819225837927
1243,0.7510434073684789,22531.302221054364,34.56630367153325,15.0,34.39726781479612,0,0,25.86819225837927
1244,0.7492143742612197,22476.43122783659,34.66148502161558,15.0,34.550653228062956,0,0,25.86819225837927
1245,0.7473693063497184,22421.079190491553,34.75406072927738,15.0,34.69983963029291,0,0,25.86819225837927
1246,0.7455086392627017,22365.259177881053,34.84400336233848,15.0,34.844782814335275,0,0,25.86819225837927
1247,0.7436328132512686,22308.984397538057,34.93128626885563,15.0,34.985439830396516,0,0,25.86819225837927
1248,0.741742273058434,22252.26819175302,35.0158835850199,15.0,35.121768998767166,0,0,25.86819225837927
1249,0.7398374677873432,22195.124033620294,35.097770242820715,15.0,35.25372992217237,0,0,25.86819225837927
1250,0.7379188507681913,22137.565523045738,35.176921977474144,15.0,35.38128349774257,0,0,25.86819225837927
1251,0.735986879423893,22079.60638271679,35.25331533461295,15.0,35.50439192860051,0,0,25.86819225837927
1252,0.7340420151345374,22021.26045403612,35.32692767723674,15.0,35.623018735061244,0,0,25.86819225837927
1253,0.7320847231006714,21962.541693020143,35.39773719241968,15.0,35.73712876544182,0,0,25.86819225837927
1254,0.7301154722054513,21903.464166163536,35.46572289777424,15.0,35.846688206477545,0,0,25.86819225837927
1255,0.7281347348757015,21844.042046271043,35.53086464766869,15.0,35.95166459334158,0,0,25.86819225837927
1256,0.7261429869419251,21784.289608257754,35.593143139196634,15.0,36.05202681926488,0,0,25.86819225837927
1257,0.7241407074973052,21724.221224919154,35.65253991789695,15.0,36.14774514475392,0,0,25.86819225837927
1258,0.7221283787557381,21663.851362672143,35.70903738322225,15.0,36.23879120640309,0,0,25.86819225837927
1259,0.7201064859089443,21603.19457726833,35.762618793754214,15.0,36.3251380252994,0,0,25.86819225837927
1260,0.7180755169826948,21542.265509480843,35.81326827216454,15.0,36.4067600150169,0,0,25.86819225837927
1261,0.7160359626921987,21481.078880765963,35.860970809919664,15.0,36.483632989198455,0,0,25.86819225837927
1262,0.7139883162966942,21419.649488900828,35.905712271728135,15.0,36.55573416872279,0,0,25.86819225837927
1263,0.7119330734532847,21357.99220359854,35.94747939972925,15.0,36.62304218845435,0,0,25.86819225837927
1264,0.7098707320700647,21296.12196210194,35.98625981742153,15.0,36.68553710357422,0,0,25.86819225837927
1265,0.7078017921585799,21234.053764757395,36.02204203333028,15.0,36.743200395490334,0,0,25.86819225837927
1266,0.7057267556856617,21171.80267056985,36.054815444412704,15.0,36.79601497732483,0,0,25.86819225837927
1267,0.7036461264246846,21109.383792740537,36.08457033919975,15.0,36.84396519897722,0,0,25.86819225837927
1268,0.7015604098062866,21046.8122941886,36.11129790067396,15.0,36.88703685176205,0,0,25.86819225837927
1269,0.6994701127686,20984.103383058,36.134990208882044,15.0,36.925217172618986,0,0,25.86819225837927
1270,0.6973757436070338,20921.272308211013,36.15564024328174,15.0,36.958494847895,0,0,25.86819225837927
1271,0.6952778118236553,20858.33435470966,36.1732418848222,15.0,36.98686001669668,0,0,25.86819225837927
1272,0.6931768279762136,20795.304839286408,36.18778991775716,15.0,37.01030427381235,0,0,25.86819225837927
1273,0.6910733035268499,20732.1991058055,36.199280031190476,15.0,37.02882067220267,0,0,25.86819225837927
1274,0.6889677506905411,20669.03252071623,36.20770882035358,15.0,37.04240372505919,0,0,25.86819225837927
1275,0.6868606822833185,20605.820468499554,36.213073787614334,15.0,37.05104940743017,0,0,25.86819225837927
1276,0.68475261157031,20542.5783471093,36.21537334321714,15.0,37.05475515741335,0,0,25.86819225837927
1277,0.6826440521136482,20479.321563409445,36.21460680575406,15.0,37.05351987691503,0,0,25.86819225837927
1278,0.6805355176202912,20416.065528608735,36.21077440236667,15.0,37.04734393197549,0,0,25.86819225837927
1279,0.6784275217897996,20352.825653693988,36.203877268678816,15.0,37.036229152660496,0,0,25.86819225837927
1280,0.6763205781621171,20289.617344863513,36.193917448460056,15.0,37.02017883251904,0,0,25.86819225837927
1281,0.6742151999653965,20226.455998961894,36.180897893020074,15.0,36.99919772760737,0,0,25.86819225837927
1282,0.6721118999639196,20163.35699891759,36.164822460334136,15.0,36.97329205507968,0,0,25.86819225837927
1283,0.6700111903061545,20100.335709184637,36.14569591389988,15.0,36.942469491345854,0,0,25.86819225837927
1284,0.6679135823729945,20037.407471189836,36.12352392132579,15.0,36.906739169796694,0,0,25.86819225837927
1285,0.6658195866262246,19974.58759878674,36.0983130526518,15.0,36.86611167809761,0,0,25.86819225837927
1286,0.6637297124572612,19911.891373717837,36.07007077840236,15.0,36.82059905505122,0,0,25.86819225837927
1287,0.6616444680362082,19849.334041086247,36.038805467372875,15.0,36.770214787029964,0,0,25.86819225837927
1288,0.6595643601612755,19786.930804838266,36.004526384149756,15.0,36.71497380397983,0,0,25.86819225837927
1289,0.6574898941086034,19724.696823258102,35.96724368636516,15.0,36.654892474996316,0,0,25.86819225837927
1290,0.6554215734825384,19662.64720447615,35.92696842168708,15.0,36.58998860347384,0,0,25.86819225837927
1291,0.6533599000664044,19600.797001992134,35.88371252454563,15.0,36.520281421830305,0,0,25.86819225837927
1292,0.6513053736738139,19539.161210214417,35.83748881259669,15.0,36.44579158580799,0,0,25.86819225837927
1293,0.6492584920005617,19477.75476001685,35.7883109829237,15.0,36.36654116835297,0,0,25.86819225837927
1294,0.6472197504771475,19416.592514314427,35.736193607978926,15.0,36.28255365307429,0,0,25.86819225837927
1295,0.6451896421219689,19355.689263659067,35.68115213126536,15.0,36.19385392728531,0,0,25.86819225837927
1296,0.6431686573952293,19295.05972185688,35.62320286276042,15.0,36.10046827462908,0,0,25.86819225837927
1297,0.6411572840536043,19234.718521608127,35.562362974083044,15.0,36.00242436728994,0,0,25.86819225837927
1298,0.6391560070057083,19174.68021017125,35.49865049340527,15.0,35.899751257793575,0,0,25.86819225837927
1299,0.6371653081684064,19114.959245052192,35.43208430011015,15.0,35.7924793703982,0,0,25.86819225837927
1300,0.6351856663240114,19055.56998972034,35.362684119197354,15.0,35.68064049207915,0,0,25.86819225837927
1301,0.6332175569784105,18996.526709352314,35.290470515438294,15.0,35.56426776310978,0,0,25.86819225837927
1302,0.6312614522201625,18937.843566604875,35.215464887282245,15.0,35.44339566724119,0,0,25.86819225837927
1303,0.629317820580608,18879.53461741824,35.137689460515574,15.0,35.318060021484,0,0,25.86819225837927
1304,0.6273871268950335,18821.613806851004,35.05716728167579,15.0,35.18829796549508,0,0,25.86819225837927
1305,0.6254698321649301,18764.094964947904,34.97392221122227,15.0,35.054147950572066,0,0,25.86819225837927
1306,0.6235663934213898,18706.991802641693,34.88797891646599,15.0,34.91564972825959,0,0,25.86819225837927
1307,0.6216772635896759,18650.317907690278,34.799362864259955,15.0,34.77284433856991,0,0,25.86819225837927
1308,0.6198028913550132,18594.086740650397,34.70810031345297,15.0,34.62577409782206,0,0,25.86819225837927
1309,0.6179437210296315,18538.311630888944,34.614218307108445,15.0,34.47448258610241,0,0,25.86819225837927
1310,0.6161001924211068,18483.005772633205,34.51774466449094,15.0,34.31901463435092,0,0,25.86819225837927
1311,0.6142727407020372,18428.182221061117,34.418707972822894,15.0,34.15941631107707,0,0,25.86819225837927
1312,0.6124617962810912,18373.853888432735,34.317137578813416,15.0,33.995734908708414,0,0,25.86819225837927
1313,0.6106677846754685,18320.033540264052,34.21306357996232,15.0,33.82801892957702,0,0,25.86819225837927
1314,0.6088911263848102,18266.733791544306,34.10651681564155,15.0,33.656318071547076,0,0,25.86819225837927
1315,0.6071322367665959,18213.967102997878,33.997528857956866,15.0,33.480683213288486,0,0,25.86819225837927
1316,0.6053915259130639,18161.745777391916,33.88613200239228,15.0,33.30116639920024,0,0,25.86819225837927
1317,0.6036693985296923,18110.081955890768,33.772359258240236,15.0,33.117820823988644,0,0,25.86819225837927
1318,0.6019662538152757,18058.98761445827,33.65624433882024,15.0,32.93070081690454,0,0,25.86819225837927
1319,0.6002824853436347,18008.47456030904,33.53782165148886,15.0,32.73986182564441,0,0,25.86819225837927
1320,0.5986184809469904,17958.554428409712,33.41712628744416,15.0,32.545360399920014,0,0,25.86819225837927
1321,0.5969746226010423,17909.23867803127,33.294194011327285,15.0,32.34725417470144,0,0,25.86819225837927
1322,0.5953512863117802,17860.538589353408,33.16906125062479,15.0,32.14560185313878,0,0,25.86819225837927
1323,0.5937488420040656,17812.465260121968,33.04176508487423,15.0,31.940463189166884,0,0,25.86819225837927
1324,0.5921676534120149,17765.02960236045,32.912343234676804,15.0,31.731898969799143,0,0,25.86819225837927
1325,0.5906080779712174,17718.242339136523,32.78083405051987,15.0,31.51997099711494,0,0,25.86819225837927
1326,0.589070466712819,17672.114001384572,32.6472765014129,15.0,31.304742069946364,0,0,25.86819225837927
1327,0.5875551641595047,17626.65492478514,32.51171016334009,15.0,31.08627596526955,0,0,25.86819225837927
1328,0.5860625082234082,17581.875246702246,32.374175207533156,15.0,30.864637419306167,0,0,25.86819225837927
1329,0.5845928301059821,17537.78490317946,32.23471238856781,15.0,30.63989210834081,0,0,25.86819225837927
1330,0.5831464541998552,17494.393625995657,32.09336303228712,15.0,30.412106629259476,0,0,25.86819225837927
1331,0.5817236979927088,17451.710939781264,31.95016902355594,15.0,30.181348479815643,0,0,25.86819225837927
1332,0.5803248719731969,17409.746159195907,31.805172793849437,15.0,29.947686038629143,0,0,25.86819225837927
1333,0.5789502795389427,17368.508386168283,31.658417308679727,15.0,29.711188544924163,0,0,25.86819225837927
1334,0.5776002169066353,17328.00650719906,31.509946054864322,15.0,29.47192607801211,0,0,25.86819225837927
1335,0.5762749730242539,17288.249190727616,31.359803027640012,15.0,29.229969536525644,0,0,25.86819225837927
1336,0.5749748294854463,17249.244884563388,31.208032717626065,15.0,28.985390617409806,0,0,25.86819225837927
1337,0.5737000604460871,17211.001813382612,31.05468009764088,15.0,28.738261794676873,0,0,25.86819225837927
1338,0.5724509325430389,17173.527976291167,30.899790609375337,15.0,28.488656297930454,0,0,25.86819225837927
1339,0.5712277048151424,17136.83114445427,30.743410149927588,15.0,28.2366480906661,0,0,25.86819225837927
1340,0.5700306286264573,17100.918858793717,30.585585058202817,15.0,27.982311848354573,0,0,25.86819225837927
1341,0.5688599475917776,17065.79842775333,30.42636210118175,15.0,27.725722936313332,0,0,25.86819225837927
1342,0.567715897504444,17031.47692513332,30.265788460062893,15.0,27.466957387374713,0,0,25.86819225837927
1343,0.5665987062664725,16997.961187994173,30.103911716281544,15.0,27.206091879355426,0,0,25.86819225837927
1344,0.5655085938210223,16965.257814630666,29.940779837410545,15.0,26.943203712335553,0,0,25.86819225837927
1345,0.564445772087222,16933.37316261666,29.77644116294624,15.0,26.678370785752502,0,0,25.86819225837927
1346,0.5634104448973736,16902.313346921208,29.610944389984592,15.0,26.411671575318003,0,0,25.86819225837927
1347,0.5624028079365522,16872.084238096566,29.44433855879111,15.0,26.143185109763884,0,0,25.86819225837927
1348,0.5614230486846202,16842.69146053861,29.276673038269287,15.0,25.87299094742441,0,0,25.86819225837927
1349,0.5604713463606735,16814.140390820205,29.10799751133134,15.0,25.601169152661086,0,0,25.86819225837927
1350,0.5595478718699347,16786.43615609804,28.938361960176234,15.0,25.327800272138113,0,0,29.86819225837927
1351,0.558504508783766,16755.13526351298,33.21618573179753,15.0,25.052965310954566,0,0,29.86819225837927
1352,0.5574905736759357,16724.71721027807,33.01827690985945,15.0,24.776745708640867,0,0,29.86819225837927
1353,0.5565062163830392,16695.186491491175,32.819434649854756,15.0,24.499223315026487,0,0,29.86819225837927
1354,0.5555515779771266,16666.547339313798,32.619717873036386,15.0,24.22048036598602,0,0,29.86819225837927
1355,0.554626790723901,16638.803721717028,32.41918575979565,15.0,23.94059945907115,0,0,29.86819225837927
1356,0.5537319780435239,16611.95934130572,32.21789773212551,15.0,23.659663529034866,0,0,29.86819225837927
1357,0.5528672544740448,16586.017634221345,32.01591343601268,15.0,23.377755823256333,0,0,29.86819225837927
1358,0.5520327256374599,16560.981769123795,31.813292723763308,15.0,23.094959877072828,0,0,29.86819225837927
1359,0.5512284882084139,16536.854646252417,31.61009563626734,15.0,22.81135948902645,0,0,29.86819225837927
1360,0.5504546298855546,16513.638896566637,31.40638238520714,15.0,22.52703869603277,0,0,29.86819225837927
1361,0.5497112293655446,16491.336880966337,31.20221333521547,15.0,22.24208174847885,0,0,29.86819225837927
1362,0.548998356319742,16469.95068959226,30.99764898598823,15.0,21.956573085258224,0,0,29.86819225837927
1363,0.5483160713735556,16449.48214120667,30.792749954356935,15.0,21.670597308749546,0,0,29.86819225837927
1364,0.5476644260884803,16429.93278265441,30.58757695632673,15.0,21.384239159747246,0,0,29.86819225837927
1365,0.5470434629468179,16411.303888404538,30.382190789084927,15.0,21.097583492350992,0,0,29.86819225837927
1366,0.5464532153390891,16393.596460172674,30.17665231298549,15.0,20.81071524882157,0,0,29.86819225837927
1367,0.5458937075541389,16376.811226624166,29.971022433514747,15.0,20.52371943441066,0,0,29.86819225837927
1368,0.5453649547719394,16360.94864315818,29.76536208324386,15.0,20.23668109217195,0,0,29.86819225837927
1369,0.5448669630590917,16346.00889177275,29.55973220377308,15.0,19.949685277760985,0,0,29.86819225837927
1370,0.5443997293670282,16331.991881010845,29.354193727673632,15.0,19.66281703423156,0,0,29.86819225837927
1371,0.5439632415329158,16318.897245987473,29.148807560431834,15.0,19.376161366835305,0,0,29.86819225837927
1372,0.5435574782832603,16306.724348497808,28.943634562401627,15.0,19.08980321783301,0,0,29.86819225837927
1373,0.5431824092402099,16295.472277206296,28.73873553077033,15.0,18.803827441324326,0,0,29.86819225837927
1374,0.5428379949305568,16285.139847916706,28.534171181543098,15.0,18.518318778103705,0,0,29.86819225837927
1375,0.5425241867974347,16275.725603923041,28.33000213155146,15.0,18.23336183054984,0,0,29.86819225837927
1376,0.542240927214706,16267.22781644118,28.126288880491224,15.0,17.949041037556103,0,0,29.86819225837927
1377,0.5419881495040386,16259.644485121158,27.923091792995255,15.0,17.665440649509726,0,0,29.86819225837927
1378,0.541765777954664,16252.973338639918,27.72047108074588,15.0,17.38264470332622,0,0,29.86819225837927
1379,0.5415737278458115,16247.211835374344,27.518486784633062,15.0,17.100736997547685,0,0,29.86819225837927
1380,0.5414119054718136,16242.357164154408,27.317198756962867,15.0,16.819801067511342,0,0,29.86819225837927
1381,0.5412802081698723,16238.40624509617,27.116666643722134,15.0,16.539920160596473,0,0,29.86819225837927
1382,0.5411785243504809,16235.355730514426,26.91694986690385,15.0,16.261177211556124,0,0,29.86819225837927
1383,0.5411067335304897,16233.20200591469,26.718107606899107,15.0,15.983654817941687,0,0,29.86819225837927
1384,0.5410647063688084,16231.941191064252,26.520198784961032,15.0,15.707435215627985,0,0,29.86819225837927
1385,0.5410523047047323,16231.569141141968,26.323282045744744,15.0,15.432600254444438,0,0,29.86819225837927
1386,0.5410693815988823,16232.08144796647,26.127415739929894,15.0,15.159231373921465,0,0,29.86819225837927
1387,0.5411157813767467,16233.473441302398,25.932657906929986,15.0,14.887409579158088,0,0,29.86819225837927
1388,0.5411913396748097,16235.740190244293,25.739066257694244,15.0,14.617215416818615,0,0,29.86819225837927
1389,0.5412958834892576,16238.87650467773,25.546698157606343,15.0,14.348728951264548,0,0,29.86819225837927
1390,0.5414292312272422,16242.876936817267,25.35561060948598,15.0,14.082029740830048,0,0,29.86819225837927
1391,0.5415911927606911,16247.735782820733,25.165860236697668,15.0,13.817196814247001,0,0,29.86819225837927
1392,0.5417815694826467,16253.447084479401,24.977503266372022,15.0,13.554308647227124,0,0,29.86819225837927
1393,0.542000154366118,16260.00463098354,24.790595512744417,15.0,13.293443139207893,0,0,29.86819225837927
1394,0.5422467320254268,16267.401960762805,24.60519236061606,15.0,13.034677590269272,0,0,29.86819225837927
1395,0.5425210787800314,16275.632363400942,24.42134874894221,15.0,12.778088678227977,0,0,29.86819225837927
1396,0.5428229627208079,16284.688881624235,24.23911915455276,15.0,12.523752435916396,0,0,29.86819225837927
1397,0.5431521437787695,16294.564313363086,24.058557576009314,15.0,12.271744228652096,0,0,29.86819225837927
1398,0.5435083737962049,16305.251213886148,23.87971751760444,15.0,12.022138731905674,0,0,29.86819225837927
1399,0.5438913966002121,16316.741898006363,23.702651973507134,15.0,11.775009909172741,0,0,29.86819225837927
1400,0.5443009480786082,16329.028442358247,23.527413412059488,15.0,11.530430990056953,0,0,29.86819225837927
1401,0.5447367562581916,16342.10268774575,23.354053760229185,15.0,11.288474448570437,0,0,29.86819225837927
1402,0.5451985413853335,16355.956241560007,23.18262438822258,15.0,11.049211981658432,0,0,29.86819225837927
1403,0.545686016008875,16370.58048026625,23.013176094262207,15.0,10.812714487953404,0,0,29.86819225837927
1404,0.5461988850653047,16385.96655195914,22.845759089534656,15.0,10.579052046766906,0,0,29.86819225837927
1405,0.5467368459661928,16402.105378985783,22.68042298331156,15.0,10.348293897323071,0,0,29.86819225837927
1406,0.5472995886878546,16418.987660635637,22.51721676824943,15.0,10.120508418241739,0,0,29.86819225837927
1407,0.547886795863217,16436.603875896508,22.356188805872037,15.0,9.895763107276338,0,0,29.86819225837927
1408,0.5484981428758611,16454.944286275833,22.19738681224,15.0,9.674124561313038,0,0,29.86819225837927
1409,0.5491332979562136,16473.998938686407,22.04085784381113,15.0,9.455658456636183,0,0,29.86819225837927
1410,0.5497919222798566,16493.757668395698,21.886648283497067,15.0,9.24042952946765,0,0,29.86819225837927
1411,0.550473670067929,16514.210102037872,21.734803826918526,15.0,9.028501556783404,0,0,29.86819225837927
1412,0.5511781886895882,16535.345660687646,21.58536946886513,15.0,8.81993733741562,0,0,29.86819225837927
1413,0.5519051187665021,16557.153562995063,21.438389489962287,15.0,8.614798673443765,0,0,29.86819225837927
1414,0.5526540942793408,16579.622828380223,21.293907443549735,15.0,8.413146351881103,0,0,29.86819225837927
1415,0.5534247426762359,16602.742280287075,21.15196614277601,15.0,8.215040126662526,0,0,29.86819225837927
1416,0.5542166849831756,16626.500549495267,21.012607647911963,15.0,8.020538700938172,0,0,29.86819225837927
1417,0.5550295359163033,16650.8860774891,20.87587325388711,15.0,7.829699709678007,0,0,29.86819225837927
1418,0.5558629039960851,16675.88711988255,20.741803478053427,15.0,7.642579702593862,0,0,29.86819225837927
1419,0.5567163916633133,16701.4917498994,20.610438048179013,15.0,7.459234127382295,0,0,29.86819225837927
1420,0.5575895953969131,16727.687861907394,20.481815890675723,15.0,7.279717313294013,0,0,29.86819225837927
1421,0.5584821058335131,16754.463175005392,20.355975119064826,15.0,7.104082455035464,0,0,29.86819225837927
1422,0.5593935078887492,16781.805236662476,20.23295302268272,15.0,6.932381597005518,0,0,29.86819225837927
1423,0.560323380880263,16809.70142640789,20.112786055631673,15.0,6.764665617874125,0,0,29.86819225837927
1424,0.5612712986523593,16838.138959570777,19.99550982597743,15.0,6.600984215505507,0,0,29.86819225837927
1425,0.5622368297022844,16867.10489106853,19.881159085197798,15.0,6.441385892231622,0,0,29.86819225837927
1426,0.5632195373080908,16896.586119242726,19.769767717885205,15.0,6.285917940480129,0,0,29.86819225837927
1427,0.5642189796580467,16926.569389741402,19.661368731705863,15.0,6.13462642876048,0,0,29.86819225837927
1428,0.5652347099815543,16957.04129944663,19.555994247618717,15.0,5.987556188012598,0,0,29.86819225837927
1429,0.566266276681538,16987.988300446137,19.453675490357647,15.0,5.844750798322952,0,0,29.86819225837927
1430,0.5673132234682614,17019.396704047842,19.35444277917862,15.0,5.7062525760104705,0,0,29.86819225837927
1431,0.5683750894945373,17051.25268483612,19.258325518875576,15.0,5.572102561087455,0,0,29.86819225837927
1432,0.5694514094922855,17083.542284768562,19.165352191067125,15.0,5.442340505098526,0,0,29.86819225837927
1433,0.5705417139104016,17116.25141731205,19.075550345756827,15.0,5.317004859341367,0,0,29.86819225837927
1434,0.5716455290538965,17149.365871616897,18.98894659316951,15.0,5.196132763472756,0,0,29.86819225837927
1435,0.572762377224261,17182.871316727833,18.905566595866183,15.0,5.079760034503407,0,0,29.86819225837927
1436,0.5738917768610191,17216.753305830574,18.82543506113946,15.0,4.96792115618434,0,0,29.86819225837927
1437,0.5750332426844242,17250.997280532727,18.748575733692515,15.0,4.860649268788963,0,0,29.86819225837927
1438,0.5761862858392583,17285.58857517775,18.67501138860281,15.0,4.757976159292594,0,0,29.86819225837927
1439,0.5773504140396901,17320.512421190702,18.604763824573457,15.0,4.659932251953453,0,0,29.86819225837927
1440,0.5785251317151502,17355.753951454506,18.537853857473714,15.0,4.566546599297222,0,0,29.86819225837927
1441,0.5797099401571791,17391.298204715375,18.47430131417092,15.0,4.477846873508266,0,0,29.86819225837927
1442,0.5809043376672056,17427.13013001617,18.414125026655174,15.0,4.393859358229562,0,0,29.86819225837927
1443,0.5821078197052104,17463.234591156313,18.35734282645923,15.0,4.314608940774554,0,0,29.86819225837927
1444,0.5833198790392329,17499.596371176987,18.303971539374412,15.0,4.2401191047522335,0,0,29.86819225837927
1445,0.584540005895674,17536.20017687022,18.254026980464964,15.0,4.17041192310867,0,0,29.86819225837927
1446,0.5857676881103541,17573.030643310623,18.2075239493816,15.0,4.105508051586217,0,0,29.86819225837927
1447,0.5870024112802777,17610.072338408332,18.16447622597601,15.0,4.0454267226027,0,0,29.86819225837927
1448,0.5882436589160625,17647.309767481875,18.124896566217696,15.0,3.990185739552566,0,0,29.86819225837927
1449,0.5894909125949856,17684.72737784957,18.08879669841406,15.0,3.939801471531318,0,0,29.86819225837927
1450,0.5907436521146048,17722.309563438143,18.056187319735006,15.0,3.8942888484849174,0,0,29.86819225837927
1451,0.5920013556469039,17760.040669407117,18.02707809304322,15.0,3.853661356785829,0,0,29.86819225837927
1452,0.5932634998929234,17797.9049967877,18.001477644030803,15.0,3.817931035236678,0,0,29.86819225837927
1453,0.594529560237824,17835.88680713472,17.97939355866329,15.0,3.7871084715028305,0,0,29.86819225837927
1454,0.595799010906342,17873.97032719026,17.960832380931798,15.0,3.76120279897515,0,0,29.86819225837927
1455,0.5970713251185877,17912.139753557633,17.94579961091386,15.0,3.7402216940634787,0,0,29.86819225837927
1456,0.5983459752461416,17950.379257384247,17.934299703143672,15.0,3.7241713739220224,0,0,29.86819225837927
1457,0.5996224329684018,17988.672989052055,17.926336065292105,15.0,3.7130565946070346,0,0,29.86819225837927
1458,0.6009001694291373,18027.00508287412,17.921911057156905,15.0,3.706880649667492,0,0,29.86819225837927
1459,0.6021786553931993,18065.359661795977,17.921025989963496,15.0,3.7056453691691775,0,0,29.86819225837927
1460,0.6034573614033448,18103.720842100345,17.923681125976387,15.0,3.7093511191523594,0,0,29.86819225837927
1461,0.6047357579371269,18142.072738113806,17.929875678421467,15.0,3.71799680152334,0,0,29.86819225837927
1462,0.6060133155638024,18180.399466914074,17.939607811719164,15.0,3.731579854379847,0,0,29.86819225837927
1463,0.6072895051012153,18218.68515303646,17.952874642028338,15.0,3.750096252770167,0,0,29.86819225837927
1464,0.6085637977726033,18256.913933178097,17.969672238100856,15.0,3.773540509885844,0,0,29.86819225837927
1465,0.6098356653632865,18295.069960898596,17.98999562244648,15.0,3.8019056786875267,0,0,29.86819225837927
1466,0.6111045803771893,18333.137411315678,18.0138387728078,15.0,3.8351833539635267,0,0,29.86819225837927
1467,0.6123700161931476,18371.100485794428,18.04119462394481,15.0,3.873363674820478,0,0,29.86819225837927
1468,0.6136314472209593,18408.94341662878,18.0720550697284,15.0,3.9164353276052877,0,0,29.86819225837927
1469,0.6148883490571272,18446.650471713816,18.106410965542498,15.0,3.9643855492577083,0,0,29.86819225837927
1470,0.6161401986402513,18484.20595920754,18.14425213099368,15.0,4.017200131092184,0,0,29.86819225837927
1471,0.6173864744060232,18521.594232180698,18.18556735292796,15.0,4.074863423008294,0,0,29.86819225837927
1472,0.6186266564417773,18558.799693253317,18.230344388753423,15.0,4.13735833812817,0,0,29.86819225837927
1473,0.6198602266405508,18595.806799216527,18.278569970067988,15.0,4.204666357859725,0,0,29.86819225837927
1474,0.6210866688546121,18632.600065638362,18.330229806591092,15.0,4.276767537384045,0,0,29.86819225837927
1475,0.6223054690484041,18669.164071452124,18.38530859039831,15.0,4.353640511565622,0,0,29.86819225837927
1476,0.6235161154508663,18705.483463525987,18.443790000457255,15.0,4.43526250128309,0,0,29.86819225837927
1477,0.6247180987070816,18741.54296121245,18.50565670746404,15.0,4.521609320179419,0,0,29.86819225837927
1478,0.6259109120292109,18777.327360876327,18.570890378978152,15.0,4.612655381828596,0,0,29.86819225837927
1479,0.6270940513466638,18812.821540399917,18.63947168485487,15.0,4.7083737073176355,0,0,29.86819225837927
1480,0.6282670154554669,18848.010463664006,18.71138030297316,15.0,4.808735933240932,0,0,29.86819225837927
1481,0.6294293061667801,18882.879185003403,18.786594925257575,15.0,4.913712320104969,0,0,29.86819225837927
1482,0.6305804284545218,18917.412853635655,18.865093263992225,15.0,5.0232717611406725,0,0,29.86819225837927
1483,0.6317198906020552,18951.596718061657,18.946852058425264,15.0,5.137381791521269,0,0,29.86819225837927
1484,0.6328472043478948,18985.416130436843,19.03184708166138,15.0,5.256008597982021,0,0,29.86819225837927
1485,0.6339618850303882,19018.856550911645,19.120053147840803,15.0,5.379117028839941,0,0,29.86819225837927
1486,0.6350634517313329,19051.903551939988,19.211444119602554,15.0,5.506670604410174,0,0,29.86819225837927
1487,0.636151427418482,19084.54282255446,19.30599291582925,15.0,5.638631527815338,0,0,29.86819225837927
1488,0.6372253390868992,19116.760172606973,19.403671519672095,15.0,5.774960696185962,0,0,29.86819225837927
1489,0.6382847178991203,19148.54153697361,19.50445098685269,15.0,5.915617712247235,0,0,29.86819225837927
1490,0.6393290993240808,19179.872979722422,19.608301454239854,15.0,6.060560896289579,0,0,29.86819225837927
1491,0.6403580232747647,19210.74069824294,19.7151921486989,15.0,6.209747298519555,0,0,29.86819225837927
1492,0.6413710342445398,19241.131027336192,19.82509139621014,15.0,6.363132711786415,0,0,29.86819225837927
1493,0.6423676814421333,19271.030443264,19.937966631254668,15.0,6.520671684681821,0,0,29.86819225837927
1494,0.6433475189252119,19300.425567756356,20.053784406464374,15.0,6.682317535008254,0,0,29.86819225837927
1495,0.6443101057325226,19329.303171975676,20.172510402532843,15.0,6.848022363611566,0,0,29.86819225837927
1496,0.6452550060145604,19357.650180436813,20.294109438385163,15.0,7.0177370685748715,0,0,29.86819225837927
1497,0.6461817891627197,19385.45367488159,20.41854548160267,15.0,7.191411359768345,0,0,29.86819225837927
1498,0.6470900299368921,19412.700898106763,20.545781659100193,15.0,7.368993773751274,0,0,29.86819225837927
1499,0.6479793085914751,19439.379257744255,20.675780268052435,15.0,7.550431689021961,0,0,29.86819225837927
1500,0.6488492109997515,19465.476329992543,20.8085027870659,15.0,7.735671341610288,0,0,29.86819225837927
1501,0.6496993287766039,19490.979863298115,20.943909887593783,15.0,7.924657841009315,0,0,29.86819225837927
1502,0.6505292593995282,19515.877781985848,21.081961445589975,15.0,8.117335186440766,0,0,29.86819225837927
1503,0.6513386063279101,19540.1581898373,21.22261655339835,15.0,8.313646283448751,0,0,29.86819225837927
1504,0.6521269791205274,19563.809373615823,21.365833531874923,15.0,8.513532960818525,0,0,29.86819225837927
1505,0.6528939935512478,19586.819806537434,21.511569942738085,15.0,8.716935987813677,0,0,29.86819225837927
1506,0.653639271722882,19609.17815168646,21.659782601144087,15.0,8.923795091727557,0,0,29.86819225837927
1507,0.6543624421791638,19630.873265374914,21.81042758848345,15.0,9.134048975743159,0,0,29.86819225837927
1508,0.6550631400148199,19651.894200444596,21.963460265395376,15.0,9.347635337097168,0,0,29.86819225837927
1509,0.6557410069836995,19672.230209510984,22.11883528499491,15.0,9.564490885541062,0,0,29.86819225837927
1510,0.6563956916049305,19691.870748147914,22.276506606310413,15.0,9.784551362095623,0,0,29.86819225837927
1511,0.6570268492670707,19710.80547801212,22.43642750792665,15.0,10.007751558092483,0,0,29.86819225837927
1512,0.6576341423302237,19729.02426990671,22.598550601829068,15.0,10.23402533449647,0,0,29.86819225837927
1513,0.6582172402260884,19746.517206782653,22.762827847446037,15.0,10.463305641504249,0,0,29.86819225837927
1514,0.6587758195559146,19763.27458667744,22.929210565884325,15.0,10.695524538412624,0,0,29.86819225837927
1515,0.6593095641863319,19779.286925589957,23.09764945435352,15.0,10.930613213750604,0,0,29.86819225837927
1516,0.6598181653430274,19794.544960290823,23.268094600775896,15.0,11.168502005670252,0,0,29.86819225837927
1517,0.6603013217022422,19809.039651067265,23.440495498575995,15.0,11.40912042258837,0,0,29.86819225837927
1518,0.6607587394800598,19822.762184401796,23.614801061647007,15.0,11.65239716407494,0,0,29.86819225837927
1519,0.6611901325194613,19835.70397558384,23.790959639488925,15.0,11.89826014198133,0,0,29.86819225837927
1520,0.6615952223751191,19847.856671253576,23.9689190325132,15.0,12.146636501800872,0,0,29.86819225837927
1521,0.6619737383959068,19859.212151877204,24.148626507511008,15.0,12.397452644257754,0,0,29.86819225837927
1522,0.6623254178050985,19869.762534152953,24.330028813279213,15.0,12.650634247116063,0,0,29.86819225837927
1523,0.6626500057782357,19879.50017334707,24.513072196399477,15.0,12.906106287202558,0,0,29.86819225837927
1524,0.662947255518637,19888.41766555911,24.697702417167143,15.0,13.163793062638426,0,0,29.86819225837927
1525,0.6632169283305296,19896.507849915888,24.88386476566307,15.0,13.423618215270675,0,0,29.86819225837927
1526,0.6634587936897794,19903.763810693385,25.071504077965603,15.0,13.685504753298986,0,0,29.86819225837927
1527,0.6636726293122012,19910.178879366034,25.260564752497086,15.0,13.949375074090373,0,0,29.86819225837927
1528,0.663858221219425,19915.74663658275,25.450990766499263,15.0,14.215150987173843,0,0,29.86819225837927
1529,0.6640153638023039,19920.460914069117,25.642725692634503,15.0,14.482753737410484,0,0,29.86819225837927
1530,0.6641438598818394,19924.315796455183,25.83571271570621,15.0,14.752104028330066,0,0,29.86819225837927
1531,0.6642435207676103,19927.305623028307,26.029894649494494,15.0,15.023122045628387,0,0,29.86819225837927
1532,0.6643141663136852,19929.424989410556,26.22521395370145,15.0,15.295727480817707,0,0,29.86819225837927
1533,0.6643556249720048,19930.668749160144,26.421612751002076,15.0,15.569839555024496,0,0,29.86819225837927
1534,0.6643677338432141,19931.032015296423,26.61903284419393,15.0,15.845377042925117,0,0,29.86819225837927
1535,0.6643503387249334,19930.510161748003,26.817415733442896,15.0,16.12225829681555,0,0,29.86819225837927
1536,0.664303294157452,19929.098824723562,27.01670263361731,15.0,16.4004012708045,0,0,29.86819225837927
1537,0.6642264634668309,19926.793904004928,27.216834491707726,15.0,16.679723545126024,0,0,29.86819225837927
1538,0.6641197188054022,19923.591564162067,27.417752004325394,15.0,16.960142350561974,0,0,29.86819225837927
1539,0.6639829411896528,19919.488235689587,27.61939563527521,15.0,17.241574592968412,0,0,29.86819225837927
1540,0.6638160205354828,19914.480616064484,27.82170563319738,15.0,17.523936877897942,0,0,29.86819225837927
1541,0.6636188556908246,19908.565670724736,28.024622049273468,15.0,17.80714553531189,0,0,29.86819225837927
1542,0.6633913544656171,19901.740633968515,28.228084754989975,15.0,18.091116644372754,0,0,29.86819225837927
1543,0.6631334336591237,19894.00300977371,28.432033459956163,15.0,18.375766058312372,0,0,29.86819225837927
1544,0.6628450190845857,19885.350572537573,28.63640772976916,15.0,18.66100942936616,0,0,29.86819225837927
1545,0.6625260455912066,19875.7813677362,28.841147003922075,15.0,18.946762233767217,0,0,29.86819225837927
1546,0.6621764570834566,19865.2937125037,29.04619061374934,15.0,19.232939796792543,0,0,29.86819225837927
1547,0.6617962065376958,19853.886196130872,29.251477800404196,15.0,19.519457317854066,0,0,29.86819225837927
1548,0.6613852560161072,19841.557680483216,29.45694773286266,15.0,19.806229895626558,0,0,29.86819225837927
1549,0.6609435766779401,19828.307300338205,29.662539525949494,15.0,20.093172553206397,0,0,29.86819225837927
1550,0.660471148788055,19814.13446364165,29.868192258379306,15.0,20.380200263291307,0,0,29.86819225837927
1551,0.6599679617227715,19799.038851683144,30.07384499080902,15.0,20.667227973376093,0,0,29.86819225837927
1552,0.659434013973017,19783.02041919051,30.279436783895818,15.0,20.954170630955876,0,0,29.86819225837927
1553,0.6588693131447737,19766.07939434321,30.484906716354367,15.0,21.24094320872849,0,0,29.86819225837927
1554,0.6582738759568245,19748.216278704735,30.69019390300914,15.0,21.527460729789887,0,0,29.86819225837927
1555,0.6576477282357989,19729.431847073967,30.89523751283644,15.0,21.813638292815277,0,0,29.86819225837927
1556,0.6569909049085205,19709.727147255617,31.099976786989316,15.0,22.09939109721627,0,0,29.86819225837927
1557,0.6563034499916568,19689.103499749704,31.304351056802357,15.0,22.38463446827012,0,0,29.86819225837927
1558,0.6555854165786765,19667.562497360297,31.508299761768587,15.0,22.669283882209797,0,0,29.86819225837927
1559,0.6548368668241167,19645.1060047235,31.711762467485052,15.0,22.953254991270605,0,0,29.86819225837927
1560,0.6540578719251646,19621.736157754938,31.914678883561145,15.0,23.23646364868455,0,0,29.86819225837927
1561,0.6532485121005615,19597.455363016845,32.11698888148335,15.0,23.51882593361414,0,0,29.86819225837927
1562,0.6524088765668309,19572.266297004928,32.31863251243308,15.0,23.800258176020463,0,0,29.86819225837927
1563,0.6515390635118427,19546.17190535528,32.51955002505079,15.0,24.080676981456467,0,0,29.86819225837927
1564,0.6506391800657174,19519.175401971523,32.719681883141256,15.0,24.35999925577805,0,0,29.86819225837927
1565,0.6497093422690815,19491.280268072445,32.91896878331562,15.0,24.63814222976695,0,0,29.86819225837927
1566,0.648749675038682,19462.49025116046,33.11735167256459,15.0,24.91502348365738,0,0,29.86819225837927
1567,0.6477603121303707,19432.80936391112,33.31477176575645,15.0,25.190560971558,0,0,29.86819225837927
1568,0.6467413960994699,19402.241882984097,33.51117056305708,15.0,25.464673045764783,0,0,29.86819225837927
1569,0.64569307825853,19370.792347755898,33.70648986726407,15.0,25.73727848095416,0,0,29.86819225837927
1570,0.6446155186324919,19338.465558974756,33.900671801052304,15.0,26.008296498252427,0,0,29.86819225837927
1571,0.6435088859112689,19305.266577338065,34.09365882412401,15.0,26.27764678917201,0,0,29.86819225837927
1572,0.6423733573997594,19271.200721992784,34.285393750259296,15.0,26.545249539408708,0,0,29.86819225837927
1573,0.6412091189653087,19236.273568959263,34.47581976426144,15.0,26.81102545249212,0,0,29.86819225837927
1574,0.6400163649826313,19200.49094947894,34.66488043879292,15.0,27.074895773283508,0,0,29.86819225837927
1575,0.6387952982762143,19163.85894828643,34.85251975109549,15.0,27.33678231131187,0,0,29.86819225837927
1576,0.6375461300602161,19126.383901806483,35.038682099591384,15.0,27.596607463944068,0,0,29.86819225837927
1577,0.6362690798758786,19088.072396276355,35.223312320359,15.0,27.854294239379886,0,0,29.86819225837927
1578,0.6349643755264723,19048.93126579417,35.40635570347931,15.0,28.109766279466434,0,0,29.86819225837927
1579,0.6336322530097945,19008.967590293836,35.58775800924748,15.0,28.36294788232469,0,0,29.86819225837927
1580,0.6322729564482366,18968.188693447097,35.767465484245356,15.0,28.613764024781673,0,0,29.86819225837927
1581,0.6308867380164459,18926.602140493378,35.945424877269595,15.0,28.862140384601165,0,0,29.86819225837927
1582,0.6294738578666014,18884.21573599804,36.12158345511151,15.0,29.108003362507556,0,0,29.86819225837927
1583,0.628034584051324,18841.037521539718,36.2958890181826,15.0,29.351280103994227,0,0,29.86819225837927
1584,0.6265691924442476,18797.075773327426,36.46828991598262,15.0,29.591898520912245,0,0,29.86819225837927
1585,0.6250779666582713,18752.33899974814,36.63873506240497,15.0,29.829787312831844,0,0,29.86819225837927
1586,0.6235611979615193,18706.83593884558,36.80717395087424,15.0,30.064875988169923,0,0,29.86819225837927
1587,0.6220191851910312,18660.575555730935,36.97355666931245,15.0,30.297094885078206,0,0,29.86819225837927
1588,0.6204522346642104,18613.56703992631,37.13783391492946,15.0,30.526375192086036,0,0,29.86819225837927
1589,0.6188606600880558,18565.819802641676,37.29995700883184,15.0,30.752648968489968,0,0,29.86819225837927
1590,0.617244782466204,18517.34347398612,37.459877910448114,15.0,30.975849164486874,0,0,29.86819225837927
1591,0.6156049300038077,18468.14790011423,37.61754923176368,15.0,31.195909641041524,0,0,29.86819225837927
1592,0.6139414380102828,18418.243140308485,37.77292425136315,15.0,31.41276518948533,0,0,29.86819225837927
1593,0.6122546487999486,18367.639463998457,37.92595692827504,15.0,31.626351550839296,0,0,29.86819225837927
1594,0.610544911590592,18316.34734771776,38.07660191561447,15.0,31.836605434854985,0,0,29.86819225837927
1595,0.6088125823999879,18264.377471999636,38.22481457402041,15.0,32.04346453876878,0,0,29.86819225837927
1596,0.6070580239404022,18211.740718212066,38.37055098488361,15.0,32.24686756576398,0,0,29.86819225837927
1597,0.6052816055111132,18158.448165333397,38.51376796336021,15.0,32.44675424313379,0,0,29.86819225837927
1598,0.6034837028889802,18104.51108666941,38.65442307116855,15.0,32.64306534014173,0,0,29.86819225837927
1599,0.6016646982170923,18049.940946512772,38.792474629164744,15.0,32.835742685573194,0,0,29.86819225837927
1600,0.5998249798915315,17994.749396745945,38.92788172969263,15.0,33.024729184972216,0,0,29.86819225837927
1601,0.5979649424462822,17938.948273388465,39.0606042487061,15.0,33.209968837560545,0,0,29.86819225837927
1602,0.5960849864363226,17882.549593089676,39.19060285765831,15.0,33.391406752831195,0,0,29.86819225837927
1603,0.5941855183189315,17825.565549567946,39.317839035155835,15.0,33.56898916681412,0,0,29.86819225837927
1604,0.5922669503332463,17768.008509997388,39.44227507837337,15.0,33.74266345800763,0,0,29.86819225837927
1605,0.5903297003781075,17709.891011343225,39.563874114225705,15.0,33.912378162970974,0,0,29.86819225837927
1606,0.5883741918882264,17651.225756646792,39.68260011029415,15.0,34.07808299157425,0,0,29.86819225837927
1607,0.5864008537087121,17592.025611261364,39.798417885503866,15.0,34.239728841900686,0,0,29.86819225837927
1608,0.5844101199679957,17532.30359903987,39.91129312054841,15.0,34.39726781479612,0,0,29.86819225837927
1609,0.5824024299491884,17472.072898475653,40.02119236805963,15.0,34.550653228062956,0,0,29.86819225837927
1610,0.5803782279599126,17411.346838797377,40.128083062518655,15.0,34.6998396302929,0,0,29.86819225837927
1611,0.5783379632006437,17350.13889601931,40.23193352990584,15.0,34.844782814335275,0,0,29.86819225837927
1612,0.5762820896316028,17288.462688948082,40.33271299708642,15.0,34.985439830396516,0,0,29.86819225837927
1613,0.5742110658382379,17226.331975147135,40.43039160092928,15.0,35.121768998767166,0,0,29.86819225837927
1614,0.5721253548953359,17163.760646860075,40.52494039715597,15.0,35.25372992217234,0,0,29.86819225837927
1615,0.5700254242298025,17100.762726894074,40.61633136891773,15.0,35.38128349774257,0,0,29.86819225837927
1616,0.5679117454821547,17037.35236446464,40.704537435097166,15.0,35.50439192860051,0,0,29.86819225837927
1617,0.5657847943667624,16973.543831002873,40.78953245833327,15.0,35.62301873506124,0,0,29.86819225837927
1618,0.563645050530885,16909.351515926548,40.87129125276629,15.0,35.73712876544182,0,0,29.86819225837927
1619,0.5614929974125404,16844.789922376214,40.94978959150097,15.0,35.846688206477566,0,0,29.86819225837927
1620,0.5593291220972534,16779.873662917602,41.02500421378536,15.0,35.951664593341555,0,0,33.868192258379274
1621,0.5569704561839633,16709.1136855189,46.600682524610704,15.0,36.05202681926488,0,0,33.868192258379274
1622,0.5546006464580179,16638.019393740535,46.6784483576638,15.0,36.1477451447539,0,0,33.868192258379274
1623,0.5522202050213793,16566.60615064138,46.75241823536675,15.0,36.23879120640309,0,0,33.868192258379274
1624,0.5498296471264158,16494.889413792473,46.82257023884833,15.0,36.32513802529942,0,0,33.868192258379274
1625,0.5474294910232199,16422.884730696598,46.88888358055591,15.0,36.406760015016886,0,0,33.868192258379274
1626,0.5450202578060408,16350.607734181223,46.9513386104152,15.0,36.483632989198455,0,0,33.868192258379274
1627,0.5426024712588722,16278.074137766165,47.00991682165298,15.0,36.55573416872281,0,0,33.868192258379274
1628,0.5401766577002443,16205.299731007326,47.06460085628098,15.0,36.623042188454335,0,0,33.868192258379274
1629,0.5377433458272637,16132.300374817909,47.11537451023963,15.0,36.68553710357422,0,0,33.868192258379274
1630,0.5353030665589497,16059.091996768491,47.162222738199446,15.0,36.74320039549035,0,0,33.868192258379274
1631,0.5328563528789113,15985.690586367338,47.20513165801939,15.0,36.796014977324816,0,0,33.868192258379274
1632,0.5304037396774121,15912.112190322363,47.24408855486052,15.0,36.84396519897723,0,0,33.868192258379274
1633,0.5279457635928716,15838.372907786148,47.2790818849535,15.0,36.88703685176203,0,0,33.868192258379274
1634,0.5254829628528471,15764.488885585415,47.31010127901943,15.0,36.92521717261899,0,0,33.868192258379274
1635,0.5230158771145457,15690.47631343637,47.33713754534239,15.0,36.958494847895,0,0,33.868192258379274
1636,0.5205450473049115,15616.351419147344,47.36018267249317,15.0,36.98686001669667,0,0,33.868192258379274
1637,0.5180710154603381,15542.130463810143,47.379229831703256,15.0,37.01030427381235,0,0,33.868192258379274
1638,0.5155943245660511,15467.829736981534,47.394273378888286,15.0,37.028820672202684,0,0,33.868192258379274
1639,0.51311551839521,15393.4655518563,47.40530885632057,15.0,37.04240372505918,0,0,33.868192258379274
1640,0.5106351413477761,15319.054240433285,47.41233299394999,15.0,37.05104940743017,0,0,33.868192258379274
1641,0.5081537382891957,15244.612148675871,47.41534371037295,15.0,37.05475515741335,0,0,33.868192258379274
1642,0.5056718543889441,15170.155631668324,47.41434011344922,15.0,37.05351987691503,0,0,33.868192258379274
1643,0.5031900349589804,15095.701048769413,47.40932250056621,15.0,37.04734393197549,0,0,33.868192258379274
1644,0.5007088252921599,15021.264758764797,47.40029235855093,15.0,37.036229152660496,0,0,33.868192258379274
1645,0.4982287705006517,14946.86311501955,47.387252363229315,15.0,37.02017883251904,0,0,33.868192258379274
1646,0.49575041535441056,14872.512460632317,47.37020637863342,15.0,36.99919772760737,0,0,33.868192258379274
1647,0.4932743041197497,14798.229123592491,47.34915945585638,15.0,36.973292055079696,0,0,33.868192258379274
1648,0.49080098039806286,14724.029411941885,47.324117831555604,15.0,36.942469491345854,0,0,33.868192258379274
1649,0.4883309869647435,14649.929608942304,47.29508892610485,15.0,36.906739169796694,0,0,33.868192258379274
1650,0.48586486560834874,14575.945968250462,47.26208134139529,15.0,36.86611167809761,0,0,33.868192258379274
1651,0.4834031569700558,14502.094709101675,47.22510485828662,15.0,36.82059905505122,0,0,33.868192258379274
1652,0.48094640038345843,14428.392011503753,47.18417043370882,15.0,36.77021478702996,0,0,33.868192258379274
1653,0.4784951337147503,14354.854011442509,47.139290197415335,15.0,36.714973803979845,0,0,33.868192258379274
1654,0.47604989320334407,14281.496796100322,47.09047744838874,15.0,36.654892474996316,0,0,33.868192258379274
1655,0.4736112133029719,14208.336399089158,47.03774665090009,15.0,36.589988603473856,0,0,33.868192258379274
1656,0.4711796265233154,14135.388795699462,46.981113430222635,15.0,36.520281421830305,0,0,33.868192258379274
1657,0.46875566327221135,14062.669898166341,46.920594568001974,15.0,36.44579158580799,0,0,33.868192258379274
1658,0.4663398516984806,13990.195550954417,46.85620799728305,15.0,36.36654116835297,0,0,33.868192258379274
1659,0.4639327175354258,13917.981526062775,46.78797279719636,15.0,36.28255365307429,0,0,33.868192258379274
1660,0.46153478394504593,13846.043518351378,46.71590918730429,15.0,36.1938539272853,0,0,33.868192258379274
1661,0.4591465713630114,13774.397140890342,46.64003852160979,15.0,36.100468274629094,0,0,33.868192258379274
1662,0.4567685973444482,13703.057920333446,46.56038328222843,15.0,36.00242436728994,0,0,33.868192258379274
1663,0.4544013764105749,13632.041292317246,46.476967072726794,15.0,35.899751257793554,0,0,33.868192258379274
1664,0.4520454198962391,13561.362596887173,46.389814611128045,15.0,35.7924793703982,0,0,33.868192258379274
1665,0.44970123579839777,13491.037073951933,46.298951722587404,15.0,35.680640492079135,0,0,33.868192258379274
1666,0.44736932862558676,13421.079858767604,46.20440533173979,15.0,35.56426776310978,0,0,33.868192258379274
1667,0.4450501992484242,13351.505977452725,46.10620345472124,15.0,35.44339566724119,0,0,33.868192258379274
1668,0.44274434475119134,13282.33034253574,46.00437519086728,15.0,35.318060021484015,0,0,33.868192258379274
1669,0.4404522582845363,13213.56774853609,45.89895071409019,15.0,35.18829796549511,0,0,33.868192258379274
1670,0.4381744289193425,13145.232867580275,45.7899612639376,15.0,35.05414795057207,0,0,33.868192258379274
1671,0.43591134150180627,13077.340245054189,45.6774391363358,15.0,34.91564972825955,0,0,33.868192258379274
1672,0.4336634765097672,13009.904295293016,45.5614176740197,15.0,34.77284433856994,0,0,33.868192258379274
1673,0.4314313099103312,12942.939297309935,45.44193125665242,15.0,34.62577409782206,0,0,33.868192258379274
1674,0.4292153130188318,12876.459390564954,45.31901529063823,15.0,34.474482586102376,0,0,33.868192258379274
1675,0.4270159523591693,12810.478570775078,45.19270619863058,15.0,34.31901463435092,0,0,33.868192258379274
1676,0.42483368952556916,12745.010685767074,45.06304140873941,15.0,34.15941631107707,0,0,33.868192258379274
1677,0.42266898104580214,12680.069431374064,44.930059343440384,15.0,33.99573490870845,0,0,33.868192258379274
1678,0.4205222782459051,12615.668347377154,44.79379940818935,15.0,33.82801892957703,0,0,33.868192258379274
1679,0.4183940271164433,12551.8208134933,44.65430197974592,15.0,33.656318071547076,0,0,33.868192258379274
1680,0.4162846681803539,12488.540045410618,44.51160839420878,15.0,33.480683213288536,0,0,33.868192258379274
1681,0.4141946363624095,12425.839090872285,44.36576093476682,15.0,33.30116639920025,0,0,33.868192258379274
1682,0.4121243608603402,12363.730825810206,44.21680281916998,15.0,33.117820823988644,0,0,33.868192258379274
1683,0.41007426501765365,12302.22795052961,44.064778186922666,15.0,32.93070081690454,0,0,33.868192258379274
1684,0.40804476619818875,12241.342985945663,43.90973208620438,15.0,32.73986182564441,0,0,33.868192258379274
1685,0.40603627566244194,12181.088269873258,43.7517104605209,15.0,32.545360399919986,0,0,33.868192258379274
1686,0.40404919844570175,12121.475953371053,43.590760135090406,15.0,32.34725417470148,0,0,33.868192258379274
1687,0.4020839332380282,12062.517997140847,43.42692880296776,15.0,32.145601853138785,0,0,33.868192258379274
1688,0.39913042379642993,11973.912713892898,43.2602650109126,15.0,31.940463189166927,1,0,33.868192258379274
1689,0.396177523949991,11885.325718499731,43.46552564551587,15.0,31.731898969799143,2,0,33.868192258379274
1690,0.3931957410501119,11795.872231503357,44.559193090444865,15.0,31.51997099711494,3,0,33.868192258379274
1691,0.3901852166456146,11705.556499368438,45.65217410594285,15.0,31.304742069946364,4,0,33.868192258379274
1692,0.3871461031651685,11614.383094955056,46.74407392457199,15.0,31.086275965269557,5,0,33.868192258379274
1693,0.3840785639181447,11522.35691754434,47.83449671860684,15.0,30.864637419306167,6,0,33.868192258379274
1694,0.3809827730832939,11429.483192498818,48.92304598588956,15.0,30.639892108340852,7,0,33.868192258379274
1695,0.3778589156849975,11335.767470549925,50.00932494352046,15.0,30.41210662925948,8,0,33.868192258379274
1696,0.37470718755685367,11241.21562670561,51.09293692894727,15.0,30.181348479815597,9,0,33.868192258379274
1697,0.3715277952923782,11145.833858771346,52.173485807991796,15.0,29.947686038629147,10,0,33.868192258379274
1698,0.36832095618261296,11049.628685478388,53.250576389331414,15.0,29.711188544924113,11,0,33.868192258379274
1699,0.36508689814045414,10952.606944213625,54.32381484493419,15.0,29.47192607801211,12,0,33.868192258379274
1700,0.3618258596115272,10854.775788345816,55.39280913591957,15.0,29.22996953652565,13,0,33.868192258379274
1701,0.35853808947145466,10756.14268414364,56.457169443304934,15.0,28.985390617409813,14,0,33.868192258379274
1702,0.3552238469093822,10656.715407281466,57.516508603073056,15.0,28.73826179467693,15,0,33.868192258379274
1703,0.351883401297645,10556.50203892935,58.57044254498006,15.0,28.488656297930454,16,0,33.868192258379274
1704,0.34851703204747864,10455.51096142436,59.61859073450945,15.0,28.2366480906661,17,0,33.868192258379274
1705,0.3451250284506983,10353.750853520949,60.66057661735689,15.0,27.982311848354573,18,0,33.868192258379274
1706,0.341707689507289,10251.23068521867,61.696028065819746,15.0,27.725722936313282,19,0,33.868192258379274
1707,0.3382653237388738,10147.959712166214,62.72457782645367,15.0,27.466957387374663,20,0,33.868192258379274
1708,0.3347982489880447,10043.947469641342,63.74586396834075,15.0,27.206091879355426,21,0,33.868192258379274
1709,0.33130679220356685,9939.203766107006,64.75953033131083,15.0,26.943203712335553,22,0,33.868192258379274
1710,0.32779128921148487,9833.738676344547,65.76522697344295,15.0,26.678370785752563,23,0,33.868192258379274
1711,0.32425208447218506,9727.562534165552,66.76261061716912,15.0,26.411671575318003,24,0,33.868192258379274
1712,0.32068953082348955,9620.685924704687,67.75134509329736,15.0,26.143185109763884,25,0,33.868192258379274
1713,0.31710398920987953,9513.119676296386,68.73110178226342,15.0,25.872990947424466,26,0,33.868192258379274
1714,0.3134958283979694,9404.874851939083,69.701560051921,15.0,25.601169152661093,27,0,33.868192258379274
1715,0.30986542467837574,9295.962740351273,70.66240769118005,15.0,25.32780027213812,28,0,33.868192258379274
1716,0.30621698667966474,9186.509600389942,71.61334133879771,15.0,24.938211545417573,29,0,33.868192258379274
1717,0.3026130111218147,9078.39033365444,72.55263477422235,15.0,22.68548043045695,30,0,33.868192258379274
1718,0.2990529682203162,8971.589046609486,73.45691680757952,15.0,20.483767196273774,31,0,33.868192258379274
1719,0.29553633434510845,8866.090030353254,74.32670396531904,15.0,18.332364593994797,32,0,33.868192258379274
1720,0.29206259194567064,8761.87775837012,75.16251851117941,15.0,16.23056185305964,33,0,33.868192258379274
1721,0.2886312294770723,8658.93688431217,75.9648882109613,15.0,14.177644889480135,34,0,33.868192258379274
1722,0.28524174132697233,8557.25223980917,76.73434609759663,15.0,12.172896514149414,35,0,33.868192258379274
1723,0.28189362774355414,8456.808832306624,77.47143023660314,15.0,10.215596641106899,36,0,33.868192258379274
1724,0.278586394764388,8357.59184293164,78.17668349200319,15.0,8.305022495676297,37,0,33.868192258379274
1725,0.27531955414620785,8259.586624386235,78.85065329279048,15.0,6.4404488223892145,38,0,33.868192258379274
1726,0.2720926232955923,8162.77869886777,79.4938914000243,15.0,4.621148092610525,39,0,33.868192258379274
1727,0.2689051252005405,8067.153756016215,80.10695367463063,15.0,2.846390711782604,40,0,33.868192258379274
1728,0.26575658836292987,7972.697650887896,80.69039984598422,15.0,1.115445226210369,41,0,33.868192258379274
1729,0.26264654673184773,7879.396401955431,80.67237181065477,15.0,0.0,42,0,33.868192258379274
1730,0.2595745396377848,7787.236189133545,79.55275682346516,15.0,0.0,43,0,33.868192258379274
1731,0.2565401117276813,7696.20335183044,78.44683426960256,15.0,0.0,44,0,33.868192258379274
1732,0.2535428129008149,7606.284387024446,77.35444022196528,15.0,0.0,45,0,33.868192258379274
1733,0.2505821982455208,7517.465947365625,76.27541264429334,15.0,0.0,46,0,33.868192258379274
1734,0.24765782797673475,7429.734839302042,75.20959136838749,15.0,0.0,47,0,33.868192258379274
1735,0.24476926737434723,7343.078021230417,74.1568180716245,15.0,0.0,48,0,33.868192258379274
1736,0.24191608672236156,7257.482601670847,73.11693625476501,15.0,0.0,49,0,33.868192258379274
1737,0.23909786124884416,7172.935837465325,72.08979122005016,15.0,0.0,50,0,33.868192258379274
1738,0.23631417106665897,7089.425131999769,71.0752300495839,15.0,0.0,51,0,33.868192258379274
1739,0.23356460111497582,7006.938033449274,70.07310158399724,15.0,0.0,52,0,33.868192258379274
1740,0.2308487411015435,6925.462233046304,69.08325640139131,15.0,0.0,53,0,33.868192258379274
1741,0.22816618544571862,6844.985563371559,68.10554679655566,15.0,0.0,54,0,33.868192258379274
1742,0.2255165332222408,6765.495996667224,67.1398267604587,15.0,0.0,55,0,33.868192258379274
1743,0.2228993881057453,6686.981643172359,66.18595196000669,15.0,0.0,56,0,33.868192258379274
1744,0.22031435831600404,6609.430749480121,65.24377971806831,15.0,0.0,57,0,33.868192258379274
1745,0.2177610565638862,6532.831696916586,64.31316899376147,15.0,0.0,58,0,33.868192258379274
1746,0.2152390999980297,6457.172999940891,63.39398036299903,15.0,0.0,59,0,33.868192258379274
1747,0.2127481101522145,6382.4433045664355,62.48607599929069,15.0,0.0,60,0,33.868192258379274
1748,0.2102877128934298,6308.631386802894,61.58931965479722,15.0,0.0,61,0,33.868192258379274
1749,0.20785753837062554,6235.726151118766,60.703576641634726,15.0,0.0,62,0,33.868192258379274
1750,0.2054572209641412,6163.716628924236,59.82871381342519,15.0,0.0,63,0,33.868192258379274
1751,0.2030863992358021,6092.591977074063,58.96459954709083,15.0,0.0,64,0,33.868192258379274
1752,0.20074471587967585,6022.341476390276,58.11110372488874,15.0,0.0,65,0,33.868192258379274
1753,0.19843181767348045,5952.9545302044135,57.268097716683315,15.0,0.0,66,0,33.868192258379274
1754,0.19614735543063586,5884.420662919076,56.43545436245296,15.0,0.0,67,0,33.868192258379274
1755,0.1938909839529513,5816.729518588539,55.613047955028904,15.0,0.0,68,0,33.868192258379274
1756,0.1916623619839399,5749.870859518197,54.80075422306248,15.0,0.0,69,0,33.868192258379274
1757,0.18946115216275305,5683.834564882592,53.99845031421836,15.0,0.0,70,0,33.868192258379274
1758,0.18728702097872682,5618.610629361805,53.2060147785911,15.0,0.0,71,0,33.868192258379274
1759,0.18513963872653233,5554.18916179597,52.42332755234166,15.0,0.0,72,0,33.868192258379274
1760,0.18301867946192282,5490.560383857684,51.65026994155164,15.0,0.0,73,0,33.868192258379274
1761,0.18092382095806936,5427.714628742081,50.88672460629222,15.0,0.0,74,0,33.868192258379274
1762,0.17885474466247836,5365.642339874351,50.13257554490497,15.0,0.0,75,0,33.868192258379274
1763,0.1768111356544829,5304.334069634487,49.38770807849221,15.0,0.0,76,0,33.868192258379274
1764,0.17479268260330058,5243.780478099017,48.652008835613834,15.0,0.0,77,0,33.868192258379274
1765,0.17279907772665096,5183.972331799529,47.925365737188216,15.0,0.0,78,0,33.868192258379274
1766,0.17083001674992496,5124.900502497749,47.20766798159434,15.0,0.0,79,0,33.868192258379274
1767,0.16888519886589942,5066.555965976982,46.49880602997298,15.0,0.0,80,0,33.868192258379274
1768,0.16696432669498937,5008.929800849681,45.79867159172379,15.0,0.0,81,0,33.868192258379274
1769,0.16506710624603146,4952.013187380944,45.10715761019617,15.0,0.0,82,0,33.868192258379274
1770,0.16319324687759124,4895.797406327737,44.42415824857133,15.0,0.0,83,0,33.868192258379274
1771,0.16134246125978738,4840.273837793621,43.74956887593284,15.0,0.0,84,0,33.868192258379274
1772,0.15951446533662664,4785.433960098799,43.083286053523466,15.0,0.0,85,0,33.868192258379274
1773,0.1577089782888419,4731.269348665257,42.425207521185584,15.0,0.0,86,0,33.868192258379274
1774,0.1559257224972275,4677.771674916825,41.775232183983086,15.0,0.0,87,0,33.868192258379274
1775,0.15416442350646453,4624.932705193936,41.13326009900191,15.0,0.0,88,0,33.868192258379274
1776,0.15242480998943012,4572.744299682903,40.49919246232723,15.0,0.0,89,0,33.868192258379274
1777,0.1507066137119837,4521.198411359512,39.87293159619483,15.0,0.0,90,0,33.868192258379274
1778,0.14900956949822464,4470.287084946739,39.254380936314135,15.0,0.0,91,0,33.868192258379274
1779,0.1473334151962136,4420.002455886408,38.64344501936087,15.0,0.0,92,0,33.868192258379274
1780,0.14567789164415287,4370.336749324586,38.040029470636895,15.0,0.0,93,0,33.868192258379274
1781,0.14404274263701808,4321.282279110543,37.44404099189503,15.0,0.0,94,0,33.868192258379274
1782,0.1424277148936362,4272.831446809086,36.85538734932651,15.0,0.0,95,0,33.868192258379274
1783,0.14083255802420275,4224.976740726082,36.27397736170903,15.0,0.0,96,0,33.868192258379274
1784,0.139257024498233,4177.71073494699,35.69972088871299,15.0,0.0,97,0,33.868192258379274
1785,0.13770086961294078,4131.026088388224,35.132528819363884,15.0,0.0,98,0,33.868192258379274
1786,0.136163851462039,4084.9155438611697,34.572313060658686,15.0,0.0,99,0,33.868192258379274
1787,0.1346457309049558,4039.371927148674,34.01898652633404,15.0,0.0,100,0,33.868192258379274
1788,0.1331462715364612,3994.388146093836,33.47246312578409,15.0,0.0,101,0,33.868192258379274
1789,0.1316652396566976,3949.957189700928,32.93265775312603,15.0,0.0,102,0,33.868192258379274
1790,0.1302024042416092,3906.072127248276,32.39948627641114,15.0,0.0,103,0,33.868192258379274
1791,0.12875753691376415,3862.7261074129246,31.87286552697931,15.0,0.0,104,0,33.868192258379274
1792,0.12733041191356423,3819.912357406927,31.35271328895509,15.0,0.0,105,0,33.868192258379274
1793,0.12592080607083622,3777.624182125087,30.838948288883124,15.0,0.0,106,0,33.868192258379274
1794,0.12452849877679983,3735.854963303995,30.331490185501053,15.0,0.0,107,0,33.868192258379274
1795,0.12315327195640641,3694.598158692192,29.830259559647942,15.0,0.0,108,0,33.868192258379274
1796,0.12179491004104324,3653.8473012312975,29.335177904306306,15.0,0.0,109,0,33.868192258379274
1797,0.12045319994159842,3613.5959982479526,28.846167614775574,15.0,0.0,110,0,33.868192258379274
1798,0.1191279310218802,3573.837930656406,28.36315197897543,15.0,0.0,111,0,33.868192258379274
1799,0.1178188950723868,3534.566852171604,27.886055167876876,15.0,0.0,112,0,33.868192258379274
1800,0.11652588628442033,3495.77658853261,27.414802226059244,15.0,0.0,113,0,33.868192258379274
1801,0.11524870122454073,3457.461036736222,26.949319062391314,15.0,0.0,114,0,33.868192258379274
1802,0.11398713880935396,3419.6141642806188,26.48953244083467,15.0,0.0,115,0,33.868192258379274
1803,0.11274100028062992,3382.2300084188973,26.035369971367423,15.0,0.0,116,0,33.868192258379274
1804,0.11151008918074483,3345.3026754223447,25.586760101026766,15.0,0.0,117,0,33.868192258379274
1805,0.1102942113284435,3308.826339853305,25.143632105068136,15.0,0.0,118,0,33.868192258379274
1806,0.10909317479491643,3272.7952438474927,24.70591607823966,15.0,0.0,119,0,33.868192258379274
1807,0.1079067898801869,3237.203696405607,24.273542926169913,15.0,0.0,120,0,33.868192258379274
1808,0.10673486908980362,3202.0460726941087,23.84644435686728,15.0,0.0,121,0,33.868192258379274
1809,0.10557722711183397,3167.316813355019,23.424552872329308,15.0,0.0,122,0,33.868192258379274
1810,0.10443368079415331,3133.0104238245995,23.00780176026023,15.0,0.0,123,0,33.868192258379274
1811,0.10330404912202577,3099.121473660773,22.596125085895196,15.0,0.0,124,0,33.868192258379274
1812,0.10218815319597194,3065.6445958791583,22.189457683929277,15.0,0.0,125,0,33.868192258379274
1813,0.10108581620991913,3032.574486297574,21.7877351505499,15.0,0.0,126,0,33.868192258379274
1814,0.0999968634296295,2999.905902888885,21.390893835570886,15.0,0.0,127,0,33.868192258379274
1815,0.09892112217140193,2967.633665142058,20.99887083466662,15.0,0.0,128,0,33.868192258379274
1816,0.0978584217810431,2935.7526534312933,20.611603981704697,15.0,0.0,129,0,33.868192258379274
1817,0.09680859361310368,2904.2578083931103,20.22903184117552,15.0,0.0,130,0,33.868192258379274
1818,0.09577147101037509,2873.1441303112524,19.85109370071732,15.0,0.0,131,0,33.868192258379274
1819,0.094746889283643,2842.40667850929,19.477729563735032,15.0,0.0,132,0,33.868192258379274
1820,0.0937346856916932,2812.040570750796,19.108880142111484,15.0,0.0,133,0,33.868192258379274
1821,0.09273469942156568,2782.0409826469704,18.744486849009554,15.0,0.0,134,0,33.868192258379274
1822,0.09174677156905307,2752.4031470715922,18.384491791763644,15.0,0.0,135,0,33.868192258379274
1823,0.09077074511943926,2723.1223535831778,18.028837764859105,15.0,0.0,136,0,33.868192258379274
1824,0.0898064649284743,2694.193947854229,17.67746824299813,15.0,0.0,137,0,33.868192258379274
1825,0.08885377770358177,2665.613331107453,17.33032737425075,15.0,0.0,138,0,33.868192258379274
1826,0.08791253198529446,2637.375959558834,16.98735997328944,15.0,0.0,139,0,33.868192258379274
1827,0.08698257812891488,2609.4773438674465,16.64851151470601,15.0,0.0,140,0,33.868192258379274
1828,0.08606376828639654,2581.9130485918963,16.31372812640936,15.0,0.0,141,0,33.868192258379274
1829,0.08515595638844249,2554.6786916532747,15.982956583102755,15.0,0.0,142,0,33.868192258379274
1830,0.08425899812681725,2527.7699438045174,15.656144299839298,15.0,0.0,143,0,33.868192258379274
1831,0.08337275093686854,2501.182528106056,15.333239325654208,15.0,0.0,144,0,33.868192258379274
1832,0.0824970739802553,2474.912219407659,15.014190337272675,15.0,0.0,145,0,33.868192258379274
1833,0.08163182812787838,2448.9548438363513,14.698946632891905,15.0,0.0,146,0,33.868192258379274
1834,0.08077687594301024,2423.306278290307,14.387458126036215,15.0,0.0,147,0,33.868192258379274
1835,0.07993208166462046,2397.9624499386136,14.079675339483687,15.0,0.0,148,0,33.868192258379274
1836,0.0790973111908935,2372.919335726805,13.775549399263365,15.0,0.0,149,0,33.868192258379274
1837,0.07827243206293527,2348.172961888058,13.47503202872166,15.0,0.0,150,0,33.868192258379274
1838,0.07745731344866529,2323.7194034599584,13.178075542656698,15.0,0.0,151,0,33.868192258379274
1839,0.07665182612689099,2299.5547838067296,12.884632841519501,15.0,0.0,152,0,33.868192258379274
1840,0.07585584247156119,2275.6752741468354,12.594657405680756,15.0,0.0,153,0,33.868192258379274
1841,0.07506923643619512,2252.0770930858534,12.308103289762023,15.0,0.0,154,0,33.868192258379274
1842,0.07429188353848427,2228.7565061545283,12.024925117030243,15.0,0.0,155,0,33.868192258379274
1843,0.0735236608450636,2205.709825351908,11.74507807385434,15.0,0.0,156,0,33.868192258379274
1844,0.0727644469564491,2182.9334086934728,11.468517904222896,15.0,0.0,157,0,33.868192258379274
1845,0.07201412199213889,2160.4236597641666,11.195200904321675,15.0,0.0,158,0,33.868192258379274
1846,0.07127256757587448,2138.1770272762346,10.92508391717,15.0,0.0,159,0,33.868192258379274
1847,0.07053966682105964,2116.190004631789,10.658124327314816,15.0,0.0,160,0,33.868192258379274
1848,0.06981530431633351,2094.459129490005,10.394280055581472,15.0,0.0,161,0,33.868192258379274
1849,0.06909936611129554,2072.9809833388663,10.133509553880064,15.0,0.0,162,0,33.868192258379274
1850,0.06839173970237913,2051.752191071374,9.875771800066396,15.0,0.0,163,0,33.868192258379274
1851,0.06769231401887117,2030.7694205661353,9.621026292856488,15.0,0.0,164,0,33.868192258379274
1852,0.06700097940907492,2010.0293822722476,9.369233046793624,15.0,0.0,165,0,33.868192258379274
1853,0.0663176276266133,1989.5288287983992,9.120352587266972,15.0,0.0,166,0,33.868192258379274
1854,0.06564215181687018,1969.2645545061052,8.874345945580792,15.0,0.0,167,0,33.868192258379274
1855,0.06497444650356662,1949.2333951069988,8.631174654073263,15.0,0.0,168,0,33.868192258379274
1856,0.06431440757547005,1929.4322272641016,8.390800741283986,15.0,0.0,169,0,33.868192258379274
1857,0.06366193227323316,1909.8579681969948,8.15318672716922,15.0,0.0,170,0,33.868192258379274
1858,0.0630169191763606,1890.507575290818,7.918295618363938,15.0,0.0,171,0,33.868192258379274
1859,0.06237926819030065,1871.3780457090195,7.686090903489816,15.0,0.0,172,0,33.868192258379274
1860,0.061748880533659484,1852.4664160097846,7.456536548508236,15.0,0.0,173,0,33.868192258379274
1861,0.061125658725535735,1833.769761766072,7.229596992117414,15.0,0.0,174,0,33.868192258379274
1862,0.06050950657297289,1815.2851971891866,7.005237141192866,15.0,0.0,175,0,33.868192258379274
1863,0.05990032915852725,1797.0098747558175,6.7834223662702415,15.0,0.0,176,0,33.868192258379274
1864,0.059298032827949196,1778.940984838476,6.56411849706981,15.0,0.0,177,0,33.868192258379274
1865,0.058702525177975425,1761.0757553392627,6.347291818061713,15.0,0.0,178,0,33.868192258379274
1866,0.05811371504423002,1743.4114513269005,6.132909064071153,15.0,0.0,179,0,33.868192258379274
1867,0.057531512489232196,1725.945374676966,5.920937415922808,15.0,0.0,180,0,33.868192258379274
1868,0.05695582879050858,1708.6748637152575,5.711344496123591,15.0,0.0,181,0,33.868192258379274
1869,0.05638657642880784,1691.5972928642352,5.50409836458309,15.0,0.0,182,0,33.868192258379274
1870,0.055823669076415755,1674.7100722924727,5.299167514370822,15.0,0.0,183,0,33.868192258379274
1871,0.0552670215855686,1658.010647567058,5.096520867509671,15.0,0.0,184,0,33.868192258379274
1872,0.05471654997696291,1641.4964993088872,4.896127770804696,15.0,0.0,185,0,33.868192258379274
1873,0.05417217142835964,1625.1651428507892,4.697957991706648,15.0,0.0,186,0,33.868192258379274
1874,0.05363380426328086,1609.0141278984258,4.50198171420947,15.0,0.0,187,0,33.868192258379274
1875,0.053101367939797056,1593.0410381939116,4.308169534781111,15.0,0.0,188,0,33.868192258379274
1876,0.0525747830394032,1577.243491182096,4.116492458326938,15.0,0.0,189,0,33.868192258379274
1877,0.052053971255981886,1561.6191376794566,3.9269218941851527,15.0,0.0,190,0,33.868192258379274
1878,0.051538855384851597,1546.165661545548,3.7394296521534796,15.0,0.0,191,0,33.868192258379274
1879,0.05102935931189852,1530.8807793569556,3.5539879385465767,15.0,0.0,192,0,33.868192258379274
1880,0.05052540800279011,1515.7622400837033,3.370569352283468,15.0,0.0,193,0,33.868192258379274
1881,0.050026927492268815,1500.8078247680644,3.18914688100444,15.0,0.0,194,0,33.868192258379274
1882,0.04953384487352427,1486.015346205728,3.009693897216774,15.0,0.0,195,0,33.868192258379274
